Autor;nDCG@10;nDCG@20;Precision@5;Precision@10;Precision@20;Recall@5;Recall@10;Recall@20;MAP@10;Coverage@10;Diversity@10;MAP@20;Coverage@20;Diversity@20;Match_Valido@10;Match_Valido@20;Modelo
ID_9350794843721516;0.1053;0.1151;0.2000;0.2000;0.1500;0.0333;0.0667;0.1000;0.0278;0.3279;0.5935;3;4;0.0361;0.3934;0.6131;Qwen3.5-4B
ID_8752453650114092;0.3250;0.3689;0.4000;0.3000;0.3000;0.1000;0.1500;0.3000;0.1083;0.2195;0.6378;3;6;0.1534;0.2509;0.6266;Qwen3.5-4B
ID_3935055744673018;0.6589;0.4648;1.0000;0.7000;0.4000;0.1190;0.1667;0.1905;0.1554;0.1748;0.6522;7;8;0.1727;0.1979;0.6587;Qwen3.5-4B
ID_1345781867765758;0.3459;0.3068;0.4000;0.3000;0.2000;0.1053;0.1579;0.2105;0.0912;0.8085;0.6863;4;6;0.1018;0.8149;0.6838;Qwen3.5-4B
ID_7710344461864924;0.5784;0.5668;0.6000;0.5000;0.5500;0.0600;0.1000;0.2200;0.0833;0.1907;0.5742;6;12;0.1501;0.3157;0.6508;Qwen3.5-4B
ID_1840336983035010;0.3572;0.2819;0.2000;0.4000;0.2500;0.0385;0.1538;0.1923;0.0832;0.3306;0.7129;4;7;0.0933;0.3952;0.7141;Qwen3.5-4B
ID_3051627641386529;0.4972;0.5551;0.4000;0.3000;0.3000;0.1667;0.2500;0.5000;0.1917;0.4012;0.6585;4;7;0.2845;0.4924;0.6943;Qwen3.5-4B
ID_0218004426204544;0.2675;0.2408;0.4000;0.3000;0.2500;0.0556;0.0833;0.1389;0.0556;0.1818;0.6713;3;5;0.0702;0.3047;0.7094;Qwen3.5-4B
ID_2774467864626548;0.2543;0.2282;0.2000;0.1000;0.1000;0.0476;0.0476;0.0952;0.0476;0.3404;0.6352;4;6;0.0549;0.4080;0.7417;Qwen3.5-4B
ID_0807993828734491;0.4974;0.3868;0.6000;0.4000;0.3000;0.0938;0.1250;0.1875;0.1076;0.5158;0.6870;4;6;0.1257;0.5361;0.6982;Qwen3.5-4B
ID_9335253053250984;0.6530;0.4926;0.6000;0.6000;0.4000;0.1071;0.2143;0.2857;0.1573;0.5905;0.6207;6;8;0.1931;0.6490;0.6690;Qwen3.5-4B
ID_0232075212409214;0.2201;0.1941;0.2000;0.1000;0.1000;0.0476;0.0476;0.0952;0.0476;0.1114;0.6966;1;2;0.0549;0.1378;0.7156;Qwen3.5-4B
ID_5393628668007180;0.2873;0.2283;0.4000;0.3000;0.2000;0.1000;0.1500;0.2000;0.0631;0.3165;0.7039;4;5;0.0798;0.3772;0.6660;Qwen3.5-4B
ID_4290808161139329;0.0000;0.0279;0.0000;0.0000;0.0500;0.0000;0.0000;0.0476;0.0000;0.0340;0.6563;0;3;0.0040;0.0892;0.6914;Qwen3.5-4B
ID_3296934538404596;0.3149;0.2911;0.4000;0.2000;0.1500;0.0952;0.0952;0.1429;0.0714;0.4083;0.6212;2;3;0.0810;0.4317;0.6742;Qwen3.5-4B
ID_6231675319360093;0.1208;0.1208;0.0000;0.1000;0.0500;0.0000;0.2000;0.2000;0.0333;0.5423;0.6237;1;1;0.0333;0.5423;0.6371;Qwen3.5-4B
ID_6284168579617066;0.5174;0.3702;0.6000;0.4000;0.2500;0.1304;0.1739;0.2174;0.1370;0.2937;0.7361;4;5;0.1525;0.3738;0.6931;Qwen3.5-4B
ID_9848311210578810;0.4558;0.4232;0.6000;0.5000;0.4500;0.0652;0.1087;0.1957;0.0581;0.2774;0.7263;5;9;0.1100;0.3100;0.7186;Qwen3.5-4B
ID_5768000922241088;0.6542;0.6061;0.4000;0.4000;0.3500;0.1176;0.2353;0.4118;0.1632;0.3154;0.7102;7;11;0.2451;0.3391;0.7404;Qwen3.5-4B
ID_2647529909397336;0.0528;0.0490;0.2000;0.1000;0.0500;0.0385;0.0385;0.0385;0.0096;0.1884;0.7285;2;3;0.0096;0.2371;0.7270;Qwen3.5-4B
ID_1779931169656381;0.0636;0.0411;0.0000;0.1000;0.0500;0.0000;0.0303;0.0303;0.0030;0.1552;0.7067;1;1;0.0030;0.2179;0.6598;Qwen3.5-4B
ID_1036046601275319;0.1420;0.1010;0.4000;0.2000;0.1000;0.0667;0.0667;0.0667;0.0278;0.2032;0.7095;2;3;0.0278;0.2789;0.6851;Qwen3.5-4B
ID_3929176117729138;0.1009;0.1112;0.2000;0.1000;0.1000;0.0714;0.0714;0.1429;0.0143;0.1914;0.6502;1;2;0.0245;0.2015;0.7188;Qwen3.5-4B
ID_2123038879875164;0.6152;0.4366;1.0000;0.7000;0.4000;0.1316;0.1842;0.2105;0.1675;0.4057;0.6355;7;8;0.1867;0.4645;0.7125;Qwen3.5-4B
ID_3964840204818021;0.3616;0.3387;0.6000;0.4000;0.3500;0.0714;0.0952;0.1667;0.0813;0.6083;0.7119;4;7;0.1084;0.6242;0.7197;Qwen3.5-4B
ID_9867636928092492;0.3768;0.2807;0.6000;0.4000;0.2000;0.1071;0.1429;0.1429;0.1310;0.5197;0.7481;4;5;0.1310;0.5342;0.7896;Qwen3.5-4B
ID_0144465590218939;0.2929;0.4141;0.4000;0.2000;0.3500;0.1000;0.1000;0.3500;0.0750;0.2727;0.7038;3;8;0.1526;0.2909;0.7569;Qwen3.5-4B
ID_0932900035896817;0.4480;0.2946;0.4000;0.4000;0.2000;0.0952;0.1905;0.1905;0.1109;0.1864;0.5963;4;4;0.1109;0.2388;0.6885;Qwen3.5-4B
ID_0041995572099705;0.0365;0.1210;0.2000;0.1000;0.1500;0.0333;0.0333;0.1000;0.0067;0.0582;0.7704;1;4;0.0199;0.2495;0.7457;Qwen3.5-4B
ID_0061106995455595;0.2370;0.1816;0.2000;0.2000;0.1000;0.0385;0.0769;0.0769;0.0302;0.1171;0.6230;4;4;0.0302;0.1456;0.6624;Qwen3.5-4B
ID_0128404227626176;0.1682;0.2820;0.2000;0.2000;0.4000;0.0175;0.0351;0.1404;0.0094;0.3684;0.5560;2;8;0.0445;0.4474;0.6203;Qwen3.5-4B
ID_0161925591909696;0.4124;0.3082;0.6000;0.4000;0.2500;0.0938;0.1250;0.1562;0.0760;0.5084;0.6387;4;5;0.0872;0.5253;0.6356;Qwen3.5-4B
ID_0174325304693036;0.2109;0.2033;0.6000;0.4000;0.3000;0.0625;0.0833;0.1250;0.0483;0.1745;0.6834;4;6;0.0655;0.2618;0.7252;Qwen3.5-4B
ID_0189095897739979;0.4517;0.5396;0.4000;0.5000;0.6000;0.0588;0.1471;0.3529;0.0773;0.1310;0.5977;5;12;0.1956;0.1825;0.5919;Qwen3.5-4B
ID_0229339143607870;0.5638;0.4516;0.8000;0.4000;0.3500;0.1143;0.1143;0.2000;0.1143;0.3025;0.6430;4;7;0.1516;0.3613;0.6589;Qwen3.5-4B
ID_0278717765065500;0.2929;0.2262;0.4000;0.3000;0.1500;0.0909;0.1364;0.1364;0.0928;0.1781;0.6944;3;3;0.0928;0.2137;0.7173;Qwen3.5-4B
ID_0482551013400931;0.4422;0.3006;0.6000;0.5000;0.3000;0.0588;0.0980;0.1176;0.0600;0.5007;0.5734;5;6;0.0678;0.5339;0.6485;Qwen3.5-4B
ID_0486569206159968;0.7456;0.4982;1.0000;0.7000;0.4000;0.1389;0.1944;0.2222;0.1792;0.7552;0.5503;7;8;0.1994;0.7967;0.6105;Qwen3.5-4B
ID_0509655225224036;0.1682;0.2208;0.2000;0.2000;0.2500;0.0455;0.0909;0.2273;0.0244;0.1044;0.7194;2;5;0.0639;0.2143;0.7916;Qwen3.5-4B
ID_0516941410000104;0.3389;0.3100;0.6000;0.5000;0.3000;0.1875;0.3125;0.3750;0.1644;0.4200;0.4470;5;8;0.1841;0.4800;0.5647;Qwen3.5-4B
ID_0530966378411625;0.0732;0.0576;0.2000;0.2000;0.1000;0.0400;0.0800;0.0800;0.0160;0.2593;0.7814;3;3;0.0160;0.3210;0.7408;Qwen3.5-4B
ID_0535860239259102;0.3410;0.3354;0.6000;0.4000;0.3000;0.1304;0.1739;0.2609;0.1413;0.3832;0.6826;5;7;0.1699;0.4299;0.6590;Qwen3.5-4B
ID_0578253829444920;0.2557;0.2182;0.6000;0.5000;0.3000;0.1200;0.2000;0.2400;0.1579;0.2291;0.7329;5;6;0.1699;0.2655;0.7127;Qwen3.5-4B
ID_0676101131499422;0.6064;0.5323;0.8000;0.4000;0.2000;0.2353;0.2353;0.2353;0.2088;0.7590;0.5996;6;11;0.2088;0.7818;0.5772;Qwen3.5-4B
ID_0766735065718186;0.5720;0.3974;0.6000;0.5000;0.3500;0.0682;0.1136;0.1591;0.0975;0.6221;0.6930;5;7;0.1131;0.6584;0.6530;Qwen3.5-4B
ID_0848413770343284;0.7084;0.4619;0.8000;0.6000;0.3000;0.1739;0.2609;0.2609;0.2391;0.1535;0.7036;6;7;0.2391;0.1909;0.7557;Qwen3.5-4B
ID_0973550817356564;0.2010;0.2737;0.6000;0.3000;0.3000;0.0811;0.0811;0.1622;0.0811;0.4970;0.7128;3;6;0.1074;0.5347;0.7230;Qwen3.5-4B
ID_0976385386657517;0.2196;0.1865;0.4000;0.3000;0.2000;0.0714;0.1071;0.1429;0.0595;0.5621;0.6089;3;5;0.0679;0.6036;0.6095;Qwen3.5-4B
ID_1041565102315246;0.5068;0.3644;0.8000;0.5000;0.3000;0.1481;0.1852;0.2222;0.1716;0.5939;0.6109;5;6;0.1887;0.7182;0.6203;Qwen3.5-4B
ID_1077091269921532;0.4995;0.4985;1.0000;0.7000;0.4500;0.1724;0.2414;0.3103;0.2224;0.3571;0.6682;7;9;0.2682;0.4015;0.6832;Qwen3.5-4B
ID_1264299192805866;0.2332;0.2022;0.4000;0.2000;0.1500;0.0690;0.0690;0.1034;0.0690;0.1249;0.7896;2;3;0.0764;0.1766;0.7272;Qwen3.5-4B
ID_1305553577433058;0.4438;0.3741;0.6000;0.5000;0.4000;0.0577;0.0962;0.1538;0.0700;0.2541;0.5992;5;8;0.0994;0.2637;0.6433;Qwen3.5-4B
ID_1325667605623244;0.6804;0.5990;1.0000;0.6000;0.5500;0.1111;0.1333;0.2444;0.1302;0.3357;0.5790;6;11;0.2001;0.4301;0.6760;Qwen3.5-4B
ID_1351748125964309;0.3194;0.2670;0.6000;0.3000;0.2000;0.1200;0.1200;0.1600;0.0707;0.2336;0.5999;3;4;0.0852;0.3131;0.6058;Qwen3.5-4B
ID_1409367562944345;0.4270;0.3295;0.6000;0.5000;0.2500;0.2000;0.3333;0.3333;0.1670;0.2757;0.5176;5;5;0.1670;0.2851;0.6588;Qwen3.5-4B
ID_1443260585180322;0.6995;0.5172;0.8000;0.6000;0.4000;0.0952;0.1429;0.1905;0.1260;0.4527;0.7331;6;8;0.1448;0.4653;0.6725;Qwen3.5-4B
ID_1569228929685657;0.7758;0.6277;0.8000;0.7000;0.5500;0.1600;0.2800;0.4400;0.2446;0.2627;0.6168;8;13;0.3448;0.3490;0.7085;Qwen3.5-4B
ID_1572504650930605;0.5447;0.4701;0.4000;0.5000;0.3500;0.1053;0.2632;0.3684;0.1805;0.0987;0.6408;6;8;0.2220;0.1590;0.6640;Qwen3.5-4B
ID_1588571859201066;0.6332;0.4785;0.8000;0.5000;0.3500;0.0909;0.1136;0.1591;0.1051;0.6055;0.6015;5;7;0.1237;0.6170;0.6999;Qwen3.5-4B
ID_1608166528142462;0.5225;0.5382;0.6000;0.4000;0.3000;0.2143;0.2857;0.4286;0.2333;0.3193;0.6598;4;6;0.2874;0.3900;0.7049;Qwen3.5-4B
ID_1608252203113404;0.5606;0.4433;0.6000;0.5000;0.4500;0.0625;0.1042;0.1875;0.0723;0.4737;0.6517;5;9;0.1139;0.5011;0.6637;Qwen3.5-4B
ID_1608392890165390;0.4214;0.4327;0.6000;0.3000;0.2000;0.2143;0.2143;0.2857;0.2143;0.4641;0.8101;3;4;0.2363;0.6732;0.6926;Qwen3.5-4B
ID_1682621160901140;0.4153;0.2836;0.6000;0.3000;0.2000;0.0682;0.0682;0.0909;0.0515;0.1875;0.6863;3;4;0.0580;0.2975;0.7369;Qwen3.5-4B
ID_1684574356606924;0.5948;0.4737;1.0000;0.5000;0.3000;0.3125;0.3125;0.3750;0.3125;0.1205;0.6439;5;6;0.3466;0.1408;0.7283;Qwen3.5-4B
ID_1727283700680766;0.3124;0.3474;0.6000;0.4000;0.3000;0.1765;0.2353;0.3529;0.2000;0.2692;0.6155;5;9;0.2463;0.3013;0.6295;Qwen3.5-4B
ID_1827829018668226;0.4646;0.4518;0.4000;0.5000;0.4500;0.0667;0.1667;0.3000;0.1121;0.4964;0.5976;5;9;0.1689;0.5182;0.6644;Qwen3.5-4B
ID_1878688743763378;0.4153;0.3715;0.6000;0.3000;0.3000;0.1111;0.1111;0.2222;0.0840;0.2277;0.6258;3;6;0.1172;0.4257;0.6025;Qwen3.5-4B
ID_1885766127325722;0.2793;0.2328;0.2000;0.1000;0.0500;0.0476;0.0476;0.0476;0.0476;0.1053;0.6937;2;4;0.0476;0.4019;0.6546;Qwen3.5-4B
ID_1973878827354750;0.2585;0.2035;0.4000;0.4000;0.2000;0.0571;0.1143;0.1143;0.0495;0.3504;0.6284;4;4;0.0495;0.4072;0.6338;Qwen3.5-4B
ID_1988378870316115;0.1019;0.1472;0.2000;0.1000;0.1500;0.0476;0.0476;0.1429;0.0476;0.2258;0.8029;1;3;0.0629;0.4194;0.7964;Qwen3.5-4B
ID_2129963760543898;0.4000;0.3698;0.6000;0.3000;0.3000;0.1200;0.1200;0.2400;0.0840;0.6677;0.7056;3;6;0.1211;0.6923;0.7529;Qwen3.5-4B
ID_2145668168587564;0.2431;0.3332;0.4000;0.3000;0.4000;0.0690;0.1034;0.2759;0.0586;0.2152;0.6828;3;8;0.1266;0.6203;0.6738;Qwen3.5-4B
ID_2209576799096027;0.5385;0.4779;0.4000;0.4000;0.2000;0.1538;0.3077;0.3077;0.2103;0.6884;0.5770;9;10;0.2103;0.6918;0.7323;Qwen3.5-4B
ID_2220699289355930;0.2788;0.2154;0.6000;0.4000;0.2000;0.1250;0.1667;0.1667;0.1083;0.3973;0.6932;6;6;0.1083;0.4375;0.6767;Qwen3.5-4B
ID_2275032719586397;0.3668;0.2840;0.4000;0.4000;0.2500;0.0741;0.1481;0.1852;0.0677;0.7766;0.6747;4;6;0.0801;0.8191;0.7156;Qwen3.5-4B
ID_2324159515825927;0.5326;0.4089;0.6000;0.4000;0.3000;0.0750;0.1000;0.1500;0.0850;0.3348;0.7014;4;6;0.0991;0.3596;0.7072;Qwen3.5-4B
ID_2482060270236527;0.2799;0.2312;0.6000;0.3000;0.1500;0.1500;0.1500;0.1500;0.1300;0.2518;0.7317;3;4;0.1300;0.2950;0.7218;Qwen3.5-4B
ID_2554853704952225;0.3149;0.2701;0.4000;0.2000;0.2000;0.0455;0.0455;0.0909;0.0341;0.1711;0.7462;2;4;0.0429;0.2000;0.7444;Qwen3.5-4B
ID_2627414712422817;0.1737;0.1677;0.2000;0.2000;0.1500;0.0357;0.0714;0.1071;0.0190;0.1710;0.6917;2;7;0.0280;0.1917;0.7739;Qwen3.5-4B
ID_2636111337875377;0.8007;0.5611;1.0000;0.7000;0.4000;0.2000;0.2800;0.3200;0.2800;0.3488;0.6481;7;9;0.3091;0.3594;0.6787;Qwen3.5-4B
ID_2653769170795641;0.0784;0.0961;0.0000;0.1000;0.1000;0.0000;0.0385;0.0769;0.0064;0.1902;0.8021;1;2;0.0103;0.2500;0.7635;Qwen3.5-4B
ID_2791913950833163;0.4455;0.3789;0.6000;0.5000;0.3000;0.1579;0.2632;0.3158;0.1836;0.2444;0.7077;7;8;0.2079;0.2990;0.6706;Qwen3.5-4B
ID_2850235880560929;0.5389;0.4309;0.8000;0.4000;0.3000;0.1538;0.1538;0.2308;0.1365;0.4458;0.6113;4;6;0.1638;0.6205;0.6911;Qwen3.5-4B
ID_2851798514812201;0.4284;0.2872;0.4000;0.3000;0.1500;0.0870;0.1304;0.1304;0.1033;0.4346;0.6384;3;3;0.1033;0.4487;0.7125;Qwen3.5-4B
ID_3085057149388157;0.6372;0.4849;0.8000;0.5000;0.3500;0.0909;0.1136;0.1591;0.1071;0.4676;0.6389;5;7;0.1290;0.4761;0.6589;Qwen3.5-4B
ID_3091742095568302;0.3432;0.3344;0.4000;0.3000;0.3500;0.0625;0.0938;0.2188;0.0719;0.0793;0.6869;3;7;0.1161;0.1034;0.7036;Qwen3.5-4B
ID_3125269649173653;0.5854;0.4162;0.8000;0.6000;0.3500;0.1429;0.2143;0.2500;0.1880;0.5590;0.7415;6;7;0.2088;0.6205;0.7104;Qwen3.5-4B
ID_3150074537946167;0.6051;0.6209;0.4000;0.4000;0.3000;0.2500;0.5000;0.7500;0.3244;0.5341;0.6623;7;10;0.4129;0.7727;0.6666;Qwen3.5-4B
ID_3150103492877008;0.2016;0.2258;0.2000;0.3000;0.2500;0.0435;0.1304;0.2174;0.0399;0.0952;0.4938;3;5;0.0650;0.2109;0.6491;Qwen3.5-4B
ID_3222014752923501;0.3708;0.3078;0.6000;0.3000;0.2000;0.1364;0.1364;0.1818;0.1098;0.2583;0.7396;3;4;0.1194;0.3690;0.7219;Qwen3.5-4B
ID_3325984959083987;0.7490;0.6379;0.8000;0.6000;0.3000;0.2667;0.4000;0.4000;0.3367;0.7944;0.1867;7;7;0.3367;0.7944;0.1867;Qwen3.5-4B
ID_3340828165410597;0.0000;0.0364;0.0000;0.0000;0.0500;0.0000;0.0000;0.0417;0.0000;0.5479;0.5068;0;1;0.0030;0.5612;0.5937;Qwen3.5-4B
ID_3347815035685882;0.2217;0.2117;0.2000;0.2000;0.1500;0.0556;0.1111;0.1667;0.0437;0.4859;0.5621;3;5;0.0575;0.5181;0.5896;Qwen3.5-4B
ID_3387018530825694;0.2044;0.2249;0.4000;0.2000;0.2000;0.1053;0.1053;0.2105;0.0877;0.3763;0.6353;2;4;0.1171;0.4278;0.6272;Qwen3.5-4B
ID_3427260889880733;0.7036;0.6114;0.8000;0.6000;0.3000;0.3077;0.4615;0.4615;0.3966;0.3913;0.3065;7;8;0.3966;0.4293;0.6222;Qwen3.5-4B
ID_3445472713137548;0.3611;0.3402;0.4000;0.2000;0.1000;0.2000;0.2000;0.2000;0.2000;0.1376;0.5275;3;3;0.2000;0.1685;0.6067;Qwen3.5-4B
ID_3729715298008025;0.2908;0.2259;0.2000;0.3000;0.2000;0.0345;0.1034;0.1379;0.0573;0.3535;0.6825;4;6;0.0649;0.3688;0.7461;Qwen3.5-4B
ID_3738807633557034;0.3474;0.3688;0.6000;0.5000;0.4000;0.1429;0.2381;0.3810;0.1476;0.6636;0.5786;7;11;0.2041;0.8037;0.6093;Qwen3.5-4B
ID_3837157956819433;0.6727;0.5101;0.6000;0.7000;0.4500;0.1154;0.2692;0.3462;0.1793;0.6336;0.5646;7;9;0.2320;0.6456;0.5475;Qwen3.5-4B
ID_3870300970951275;0.5082;0.4179;0.4000;0.4000;0.3500;0.0606;0.1212;0.2121;0.0727;0.4386;0.5159;8;11;0.1125;0.5789;0.5190;Qwen3.5-4B
ID_3919711591553904;0.5793;0.3739;0.8000;0.5000;0.2500;0.0952;0.1190;0.1190;0.1151;0.4719;0.6136;5;5;0.1151;0.4731;0.6623;Qwen3.5-4B
ID_3971396576832634;0.3437;0.3192;0.6000;0.3000;0.2500;0.1200;0.1200;0.2000;0.0767;0.5749;0.5957;3;7;0.0973;0.6908;0.6052;Qwen3.5-4B
ID_3977660018939385;0.1331;0.1676;0.0000;0.2000;0.2500;0.0000;0.0625;0.1562;0.0102;0.1056;0.6884;2;5;0.0312;0.2687;0.7026;Qwen3.5-4B
ID_4061301060228632;0.2122;0.1886;0.2000;0.2000;0.2000;0.0400;0.0800;0.1600;0.0314;0.4255;0.6063;2;4;0.0469;0.4574;0.6492;Qwen3.5-4B
ID_4139866243228811;0.2369;0.2236;0.2000;0.3000;0.2500;0.0303;0.0909;0.1515;0.0291;0.3814;0.7031;3;5;0.0468;0.4423;0.6713;Qwen3.5-4B
ID_4149038575526706;0.1432;0.1742;0.6000;0.3000;0.3000;0.0833;0.0833;0.1667;0.0491;0.2612;0.6617;3;6;0.0802;0.3060;0.6845;Qwen3.5-4B
ID_4186411197580812;0.6639;0.4980;0.6000;0.7000;0.4500;0.0811;0.1892;0.2432;0.1553;0.5538;0.5561;7;9;0.1841;0.6201;0.5770;Qwen3.5-4B
ID_4296348942225215;0.5509;0.6499;0.2000;0.1000;0.1000;0.5000;0.5000;1.0000;0.5000;0.3973;0.8051;3;4;0.5500;0.4521;0.7720;Qwen3.5-4B
ID_4482652690766445;0.6201;0.5496;0.8000;0.6000;0.5000;0.0769;0.1154;0.1923;0.1018;0.2736;0.7318;6;10;0.1514;0.3849;0.7325;Qwen3.5-4B
ID_4585253466628293;0.0951;0.0961;0.0000;0.2000;0.1500;0.0000;0.0645;0.0968;0.0111;0.1766;0.8179;2;3;0.0171;0.2592;0.8061;Qwen3.5-4B
ID_4621534549550979;0.3527;0.3687;0.4000;0.4000;0.4000;0.0541;0.1081;0.2162;0.0495;0.3963;0.6562;4;8;0.0943;0.4165;0.7104;Qwen3.5-4B
ID_4639530865431823;0.8512;0.5905;0.8000;0.8000;0.4500;0.1212;0.2424;0.2727;0.2259;0.4909;0.7977;8;10;0.2454;0.5939;0.8036;Qwen3.5-4B
ID_4656875806985353;0.0000;0.0742;0.0000;0.0000;0.1500;0.0000;0.0000;0.0789;0.0000;0.0690;0.7917;0;4;0.0095;0.4138;0.8186;Qwen3.5-4B
ID_4702999283260777;0.4855;0.3840;0.4000;0.5000;0.3500;0.0488;0.1220;0.1707;0.0749;0.2550;0.6670;5;7;0.0956;0.3756;0.6916;Qwen3.5-4B
ID_4703015447173949;0.4809;0.4540;1.0000;0.6000;0.4000;0.1923;0.2308;0.3077;0.2179;0.3196;0.5778;6;8;0.2577;0.4338;0.5760;Qwen3.5-4B
ID_4720283421615359;0.5345;0.4091;0.8000;0.5000;0.4000;0.0870;0.1087;0.1739;0.1051;0.1902;0.7270;5;8;0.1345;0.2487;0.7347;Qwen3.5-4B
ID_4739118307577897;0.5837;0.4328;0.8000;0.7000;0.4500;0.1000;0.1750;0.2250;0.1240;0.5200;0.5897;7;10;0.1501;0.5333;0.6091;Qwen3.5-4B
ID_4751064542106755;0.4874;0.3945;0.8000;0.6000;0.3000;0.2500;0.3750;0.3750;0.2754;0.2533;0.8417;6;6;0.2754;0.3333;0.7698;Qwen3.5-4B
ID_4765080870408661;0.4762;0.4285;0.6000;0.4000;0.4000;0.0811;0.1081;0.2162;0.0808;0.0818;0.7849;5;9;0.1273;0.1132;0.7557;Qwen3.5-4B
ID_4824419385318370;0.4467;0.3363;0.8000;0.4000;0.3000;0.1212;0.1212;0.1818;0.1212;0.2119;0.7394;4;6;0.1402;0.2292;0.6928;Qwen3.5-4B
ID_4940933921005830;0.5654;0.5121;0.4000;0.5000;0.4500;0.0541;0.1351;0.2432;0.0927;0.6684;0.5569;5;9;0.1516;0.7613;0.5892;Qwen3.5-4B
ID_5012323059073352;0.5654;0.5147;0.4000;0.5000;0.4500;0.0625;0.1562;0.2812;0.1071;0.6044;0.5488;5;9;0.1790;0.6154;0.6120;Qwen3.5-4B
ID_5349740107277233;0.4467;0.4299;0.6000;0.4000;0.3000;0.1111;0.1481;0.2222;0.1276;0.2500;0.7426;5;7;0.1575;0.3421;0.7428;Qwen3.5-4B
ID_5379515759830546;0.0931;0.0909;0.2000;0.2000;0.1500;0.0417;0.0833;0.1250;0.0347;0.1613;0.6928;2;3;0.0451;0.2621;0.7187;Qwen3.5-4B
ID_5465930712415985;0.1538;0.2423;0.4000;0.2000;0.3000;0.0571;0.0571;0.1714;0.0571;0.4876;0.5690;2;6;0.0940;0.5041;0.5753;Qwen3.5-4B
ID_5486280310533660;0.6108;0.5025;0.6000;0.6000;0.5000;0.0789;0.1579;0.2632;0.1350;0.3918;0.6277;6;10;0.2022;0.4269;0.6581;Qwen3.5-4B
ID_5605590098640584;0.2835;0.2085;0.6000;0.4000;0.2500;0.1000;0.1333;0.1667;0.0829;0.5877;0.5884;4;6;0.0968;0.6588;0.6033;Qwen3.5-4B
ID_5719239270509869;0.2494;0.3085;0.4000;0.3000;0.3500;0.0357;0.0536;0.1250;0.0183;0.4075;0.6579;3;7;0.0471;0.4473;0.6558;Qwen3.5-4B
ID_5759795720652106;0.2392;0.3488;0.6000;0.5000;0.5000;0.1034;0.1724;0.3448;0.1194;0.4068;0.6750;5;10;0.2081;0.5028;0.6714;Qwen3.5-4B
ID_5822763057370791;0.0000;0.2111;0.0000;0.0000;0.2500;0.0000;0.0000;0.2000;0.0000;0.0330;0.7796;0;5;0.0395;0.5549;0.8204;Qwen3.5-4B
ID_5871402136758674;0.0372;0.0715;0.0000;0.1000;0.1500;0.0000;0.0435;0.1304;0.0062;0.4000;0.7968;1;3;0.0193;0.6727;0.7574;Qwen3.5-4B
ID_5877415967509579;0.0000;0.1245;0.0000;0.0000;0.1000;0.0000;0.0000;0.1667;0.0000;0.0292;0.7543;0;2;0.0204;0.4015;0.7378;Qwen3.5-4B
ID_5942068988379022;0.2407;0.2117;0.6000;0.3000;0.2000;0.1000;0.1000;0.1333;0.0589;0.2589;0.6410;4;5;0.0659;0.3063;0.6896;Qwen3.5-4B
ID_6009627088282581;0.1018;0.1523;0.0000;0.2000;0.2000;0.0000;0.0690;0.1379;0.0126;0.4295;0.6300;2;4;0.0335;0.6090;0.6166;Qwen3.5-4B
ID_6072065135325168;0.3291;0.3210;0.2000;0.3000;0.3000;0.0303;0.0909;0.1818;0.0480;0.1250;0.5749;4;7;0.0795;0.1429;0.6360;Qwen3.5-4B
ID_6170215694392885;0.6480;0.4803;1.0000;0.6000;0.4500;0.1515;0.1818;0.2727;0.1818;0.0992;0.7278;6;9;0.2221;0.1410;0.7694;Qwen3.5-4B
ID_6249814039461102;0.3223;0.3284;0.4000;0.3000;0.3000;0.0800;0.1200;0.2400;0.0638;0.4265;0.7475;3;6;0.1122;0.5331;0.7225;Qwen3.5-4B
ID_6266684004174408;0.2759;0.1781;0.4000;0.4000;0.2000;0.0588;0.1176;0.1176;0.0432;0.6822;0.6612;4;4;0.0432;0.6822;0.6617;Qwen3.5-4B
ID_6286838179330044;0.4690;0.4388;0.6000;0.3000;0.2500;0.1111;0.1111;0.1852;0.1111;0.2562;0.5415;3;5;0.1291;0.2893;0.6352;Qwen3.5-4B
ID_6328263723211152;0.5541;0.4953;0.8000;0.4000;0.4000;0.1081;0.1081;0.2162;0.1027;0.5961;0.6381;4;8;0.1443;0.6805;0.6597;Qwen3.5-4B
ID_6378129193246016;0.2876;0.3277;0.4000;0.3000;0.3500;0.0465;0.0698;0.1628;0.0279;0.2079;0.4002;3;7;0.0609;0.2198;0.3905;Qwen3.5-4B
ID_6425044612146340;0.1535;0.1440;0.2000;0.2000;0.1500;0.0312;0.0625;0.0938;0.0382;0.6256;0.6655;2;3;0.0467;0.6621;0.6495;Qwen3.5-4B
ID_6509414402989975;0.2141;0.1852;0.0000;0.3000;0.1500;0.0000;0.2000;0.2000;0.0500;0.3821;0.6863;3;4;0.0500;0.4715;0.7299;Qwen3.5-4B
ID_6564076531735310;0.4664;0.3190;0.8000;0.5000;0.2500;0.1053;0.1316;0.1316;0.1199;0.6037;0.7170;5;5;0.1199;0.6220;0.7200;Qwen3.5-4B
ID_6631439861070680;0.3874;0.3584;0.4000;0.6000;0.4500;0.0588;0.1765;0.2647;0.0846;0.5226;0.6643;6;9;0.1336;0.5327;0.7278;Qwen3.5-4B
ID_6785547194105600;0.3427;0.2808;0.6000;0.4000;0.2500;0.1364;0.1818;0.2273;0.1174;0.7273;0.5112;4;5;0.1326;0.7416;0.6076;Qwen3.5-4B
ID_6806722604010480;0.7846;0.5419;1.0000;0.7000;0.4000;0.0943;0.1321;0.1509;0.1232;0.7093;0.7207;7;8;0.1332;0.7295;0.7039;Qwen3.5-4B
ID_6912702802413733;0.5798;0.4354;0.6000;0.5000;0.3000;0.1429;0.2381;0.2857;0.1741;0.3259;0.7182;5;7;0.1909;0.3393;0.7565;Qwen3.5-4B
ID_6928187292584643;0.0000;0.0470;0.0000;0.0000;0.0500;0.0000;0.0000;0.0588;0.0000;0.0530;0.7681;0;2;0.0029;0.1060;0.7236;Qwen3.5-4B
ID_7027792126979693;0.6977;0.5487;0.8000;0.6000;0.3500;0.1905;0.2857;0.3333;0.2467;0.3649;0.7140;6;7;0.2745;0.3839;0.7165;Qwen3.5-4B
ID_7233450359051249;0.3421;0.2945;0.2000;0.4000;0.3000;0.0222;0.0889;0.1333;0.0338;0.4674;0.5672;4;6;0.0517;0.5217;0.6069;Qwen3.5-4B
ID_7282243679498643;0.5063;0.5063;0.4000;0.2000;0.1000;0.5000;0.5000;0.5000;0.2917;0.3899;0.6430;2;2;0.2917;0.3899;0.6254;Qwen3.5-4B
ID_7385883792624886;0.4858;0.4393;0.6000;0.5000;0.4500;0.1000;0.1667;0.3000;0.1049;0.8163;0.4524;5;9;0.1742;0.8571;0.4635;Qwen3.5-4B
ID_7436135069574190;0.6332;0.4826;0.8000;0.5000;0.3500;0.0930;0.1163;0.1628;0.1076;0.2941;0.6891;5;7;0.1300;0.3638;0.7023;Qwen3.5-4B
ID_7527179767450432;0.0561;0.1813;0.0000;0.1000;0.2500;0.0000;0.0417;0.2083;0.0046;0.2460;0.6728;3;7;0.0441;0.4320;0.7668;Qwen3.5-4B
ID_7551488096449640;0.5159;0.3578;0.8000;0.6000;0.3000;0.1600;0.2400;0.2400;0.1603;0.2013;0.6568;6;7;0.1603;0.2148;0.7305;Qwen3.5-4B
ID_7581282834093314;0.2420;0.3663;0.4000;0.2000;0.4000;0.0952;0.0952;0.3810;0.0952;0.0924;0.6896;2;8;0.1924;0.1739;0.7189;Qwen3.5-4B
ID_7645565922415708;0.2557;0.2506;0.4000;0.2000;0.1500;0.0909;0.0909;0.1364;0.0758;0.1799;0.6804;2;3;0.0848;0.4048;0.7272;Qwen3.5-4B
ID_7669967284860729;0.2337;0.1881;0.4000;0.2000;0.1500;0.0667;0.0667;0.1000;0.0333;0.6389;0.5639;2;3;0.0410;0.7500;0.6557;Qwen3.5-4B
ID_7884742100487918;0.2974;0.3040;0.4000;0.3000;0.2000;0.1429;0.2143;0.2857;0.0949;0.3555;0.6711;3;4;0.1099;0.4194;0.6959;Qwen3.5-4B
ID_7900399551528003;0.5360;0.4180;0.6000;0.4000;0.3000;0.1000;0.1333;0.2000;0.1089;0.2423;0.6970;5;7;0.1342;0.2908;0.7384;Qwen3.5-4B
ID_8049184468038869;0.9306;0.7109;1.0000;0.9000;0.6000;0.1042;0.1875;0.2500;0.1831;0.2716;0.5306;9;13;0.2266;0.3051;0.7111;Qwen3.5-4B
ID_8220266376719566;0.7382;0.5979;0.8000;0.7000;0.5500;0.0952;0.1667;0.2619;0.1319;0.6264;0.5525;7;11;0.1888;0.6549;0.5940;Qwen3.5-4B
ID_8237569228020224;0.0705;0.0583;0.2000;0.1000;0.0500;0.0625;0.0625;0.0625;0.0312;0.2000;0.7632;1;1;0.0312;0.2143;0.7639;Qwen3.5-4B
ID_8241999499678979;0.6471;0.5708;0.8000;0.5000;0.5000;0.1143;0.1429;0.2857;0.1347;0.3478;0.6736;6;11;0.2040;0.3934;0.6494;Qwen3.5-4B
ID_8243102075060800;0.7020;0.5057;0.8000;0.6000;0.4000;0.0816;0.1224;0.1633;0.1099;0.7524;0.6176;6;8;0.1308;0.7962;0.6471;Qwen3.5-4B
ID_8302605179522059;0.7024;0.5562;1.0000;0.7000;0.4000;0.1923;0.2692;0.3077;0.2552;0.3311;0.4387;8;9;0.2808;0.3735;0.6497;Qwen3.5-4B
ID_8351785832221386;0.6410;0.4888;0.8000;0.5000;0.3000;0.1905;0.2381;0.2857;0.2150;0.6194;0.5845;6;8;0.2308;0.6483;0.5627;Qwen3.5-4B
ID_8391182235603982;0.6703;0.5079;0.8000;0.7000;0.5000;0.1000;0.1750;0.2500;0.1561;0.5855;0.5456;7;10;0.2010;0.6064;0.6734;Qwen3.5-4B
ID_8392547704796029;0.4966;0.5279;0.4000;0.4000;0.2500;0.2000;0.4000;0.5000;0.2873;0.3165;0.7096;4;5;0.3230;0.3463;0.7005;Qwen3.5-4B
ID_8462865850328344;0.4374;0.4718;0.4000;0.3000;0.4500;0.0541;0.0811;0.2432;0.0676;0.2901;0.7030;3;10;0.1294;0.3248;0.7164;Qwen3.5-4B
ID_8463458737785676;0.3202;0.3652;0.4000;0.3000;0.4000;0.0500;0.0750;0.2000;0.0425;0.2438;0.7056;3;8;0.0918;0.3352;0.6671;Qwen3.5-4B
ID_8492376468047417;0.4825;0.3576;0.6000;0.3000;0.1500;0.1429;0.1429;0.1429;0.1429;0.4092;0.6920;4;5;0.1429;0.4290;0.7565;Qwen3.5-4B
ID_8496716957724133;0.1098;0.1536;0.0000;0.2000;0.2500;0.0000;0.0556;0.1389;0.0126;0.4498;0.4422;2;5;0.0313;0.4775;0.5606;Qwen3.5-4B
ID_8546635518344761;0.4136;0.3170;0.8000;0.5000;0.2500;0.1818;0.2273;0.2273;0.2102;0.2737;0.6963;5;5;0.2102;0.2947;0.7198;Qwen3.5-4B
ID_8563794592947521;0.3590;0.3326;0.4000;0.2000;0.2000;0.0645;0.0645;0.1290;0.0645;0.4484;0.5825;2;4;0.0825;0.4788;0.6589;Qwen3.5-4B
ID_8655277884027052;0.0221;0.1455;0.0000;0.0000;0.1500;0.0000;0.0000;0.2727;0.0000;0.0975;0.8162;1;4;0.0293;0.2092;0.7742;Qwen3.5-4B
ID_8721994758453503;0.1688;0.1377;0.4000;0.2000;0.1000;0.0741;0.0741;0.0741;0.0556;0.6468;0.5502;2;3;0.0556;0.6627;0.5234;Qwen3.5-4B
ID_8736721273068415;0.6595;0.5128;0.6000;0.6000;0.4500;0.0714;0.1429;0.2143;0.1091;0.4252;0.6776;6;9;0.1503;0.6184;0.6949;Qwen3.5-4B
ID_8754335906813622;0.6754;0.5394;0.6000;0.6000;0.4500;0.0938;0.1875;0.2812;0.1499;0.2752;0.6047;6;10;0.1893;0.2936;0.7353;Qwen3.5-4B
ID_8814823545159504;0.4912;0.4250;0.6000;0.4000;0.3500;0.0789;0.1053;0.1842;0.0753;0.3475;0.6197;4;7;0.1076;0.4225;0.6335;Qwen3.5-4B
ID_8817420732602033;0.5573;0.4959;0.6000;0.5000;0.4500;0.0612;0.1020;0.1837;0.0701;0.5217;0.7925;5;9;0.1055;0.6000;0.7807;Qwen3.5-4B
ID_8867390850809735;0.4085;0.3010;0.4000;0.3000;0.2000;0.0714;0.1071;0.1429;0.0774;0.5415;0.7330;3;4;0.0884;0.5463;0.7196;Qwen3.5-4B
ID_8903183021436431;0.2157;0.3346;0.4000;0.2000;0.2500;0.1429;0.1429;0.3571;0.0595;0.2035;0.6099;3;7;0.1249;0.4244;0.6863;Qwen3.5-4B
ID_9194357390613404;0.1930;0.2710;0.0000;0.3000;0.3500;0.0000;0.1500;0.3500;0.0324;0.2500;0.8131;3;7;0.1067;0.5000;0.8095;Qwen3.5-4B
ID_9274887847308980;0.1328;0.2878;0.0000;0.2000;0.2500;0.0000;0.1429;0.3571;0.0248;0.1000;0.6720;3;6;0.0936;0.2250;0.6679;Qwen3.5-4B
ID_9342074717900720;0.0563;0.0466;0.2000;0.1000;0.0500;0.0244;0.0244;0.0244;0.0049;0.1780;0.7328;2;4;0.0049;0.2373;0.7497;Qwen3.5-4B
ID_9356303217059472;0.3630;0.2815;0.6000;0.6000;0.3500;0.1034;0.2069;0.2414;0.1252;0.3448;0.7116;6;7;0.1394;0.4347;0.7177;Qwen3.5-4B
ID_9395715443254344;0.3911;0.4172;0.6000;0.5000;0.4500;0.0833;0.1389;0.2500;0.0769;0.1833;0.6102;5;10;0.1291;0.2311;0.6495;Qwen3.5-4B
ID_9513562131313692;0.1120;0.1176;0.2000;0.1000;0.1000;0.0500;0.0500;0.1000;0.0100;0.8095;0.5700;3;5;0.0171;0.8571;0.5485;Qwen3.5-4B
ID_9518540102256518;0.1712;0.1386;0.2000;0.2000;0.1000;0.0435;0.0870;0.0870;0.0254;0.2880;0.6642;3;3;0.0254;0.3080;0.6914;Qwen3.5-4B
ID_9527193250756102;0.5638;0.4853;0.8000;0.4000;0.3000;0.2500;0.2500;0.3750;0.2500;0.7125;0.5374;4;6;0.2852;0.7750;0.5132;Qwen3.5-4B
ID_9703848266137282;0.1415;0.1787;0.4000;0.2000;0.2500;0.0606;0.0606;0.1515;0.0505;0.2032;0.6745;2;5;0.0763;0.2104;0.6719;Qwen3.5-4B
ID_0202840339575079;0.2516;0.2255;0.2000;0.3000;0.1500;0.0769;0.2308;0.2308;0.1282;0.4158;0.6545;3;3;0.1282;0.5842;0.6041;Qwen3.5-4B
ID_0321740024191482;0.3618;0.3550;0.6000;0.5000;0.3500;0.0968;0.1613;0.2258;0.1179;0.3009;0.7338;5;7;0.1434;0.3343;0.7552;Qwen3.5-4B
ID_0565062540207457;0.2048;0.2328;0.4000;0.2000;0.2000;0.0833;0.0833;0.1667;0.0347;0.2692;0.6094;2;5;0.0518;0.3051;0.7010;Qwen3.5-4B
ID_2050094723109880;0.5515;0.5003;0.8000;0.5000;0.4500;0.1176;0.1471;0.2647;0.1281;0.3053;0.6069;6;10;0.1888;0.3811;0.6222;Qwen3.5-4B
ID_2158196443144675;0.5352;0.4190;0.8000;0.6000;0.4000;0.0952;0.1429;0.1905;0.1262;0.6941;0.4866;6;8;0.1526;0.7608;0.5429;Qwen3.5-4B
ID_2160668047976488;0.1450;0.1582;0.2000;0.3000;0.2000;0.0435;0.1304;0.1739;0.0399;0.4089;0.6211;3;4;0.0557;0.5547;0.6209;Qwen3.5-4B
ID_3192797452693362;0.3307;0.2431;0.4000;0.4000;0.2500;0.0625;0.1250;0.1562;0.0476;0.4598;0.5262;5;6;0.0596;0.5575;0.5907;Qwen3.5-4B
ID_4629575839285869;0.2240;0.2786;0.4000;0.2000;0.3000;0.0455;0.0455;0.1364;0.0205;0.3273;0.7095;2;6;0.0429;0.6545;0.6730;Qwen3.5-4B
ID_4747666293431338;0.2999;0.2358;0.4000;0.4000;0.2500;0.0870;0.1739;0.2174;0.0723;0.1746;0.6070;4;5;0.0858;0.2837;0.6566;Qwen3.5-4B
ID_6120952417164903;0.9149;0.7266;0.8000;0.9000;0.6500;0.0702;0.1579;0.2281;0.1466;0.5196;0.6494;9;13;0.1936;0.5968;0.6087;Qwen3.5-4B
ID_6372649810646310;0.2992;0.2598;0.6000;0.3000;0.2000;0.0769;0.0769;0.1026;0.0620;0.2424;0.6735;3;4;0.0674;0.3434;0.6752;Qwen3.5-4B
ID_6723353746838236;0.2967;0.3050;0.4000;0.3000;0.3000;0.0909;0.1364;0.2727;0.1080;0.2840;0.5163;3;7;0.1521;0.3859;0.6219;Qwen3.5-4B
ID_7440413221171078;0.5077;0.4141;0.6000;0.4000;0.3500;0.0625;0.0833;0.1458;0.0625;0.6533;0.7130;4;7;0.0869;0.7437;0.6724;Qwen3.5-4B
ID_7796654028353519;0.1447;0.1974;0.4000;0.2000;0.2000;0.0541;0.0541;0.1081;0.0243;0.2032;0.6785;2;4;0.0378;0.2481;0.7154;Qwen3.5-4B
ID_8187863977340227;0.2122;0.1875;0.2000;0.2000;0.2000;0.0256;0.0513;0.1026;0.0201;0.4338;0.6697;2;4;0.0326;0.5662;0.6810;Qwen3.5-4B
ID_8664169441117482;0.3003;0.1938;0.2000;0.4000;0.2000;0.0385;0.1538;0.1538;0.0571;0.2674;0.6691;4;4;0.0571;0.3605;0.6784;Qwen3.5-4B
ID_3532765293459410;0.3648;0.3496;0.4000;0.5000;0.4000;0.0500;0.1250;0.2000;0.0597;0.4833;0.5473;5;8;0.0979;0.5361;0.6713;Qwen3.5-4B
ID_0715975668333522;0.4268;0.5115;0.6000;0.4000;0.4000;0.1111;0.1481;0.2963;0.1167;0.3474;0.6518;4;8;0.1826;0.4225;0.6664;Qwen3.5-4B
ID_2435447165044085;0.5836;0.5222;0.6000;0.5000;0.5000;0.0625;0.1042;0.2083;0.0770;0.2225;0.6219;5;10;0.1406;0.2775;0.6486;Qwen3.5-4B
ID_4916914753471904;0.5420;0.5469;0.6000;0.4000;0.3000;0.2143;0.2857;0.4286;0.2551;0.3457;0.6666;5;8;0.3051;0.4601;0.6937;Qwen3.5-4B
ID_3537062520522134;0.8093;0.6295;0.8000;0.8000;0.5500;0.1026;0.2051;0.2821;0.1911;0.2464;0.6017;8;11;0.2430;0.3152;0.6560;Qwen3.5-4B
ID_3402075097829969;0.1510;0.1024;0.2000;0.1000;0.0500;0.0333;0.0333;0.0333;0.0167;0.4688;0.6758;2;3;0.0167;0.5104;0.7051;Qwen3.5-4B
ID_3774796917452801;0.4376;0.3688;0.4000;0.2000;0.1500;0.0800;0.0800;0.1200;0.0800;0.3299;0.6656;3;5;0.0860;0.4124;0.6924;Qwen3.5-4B
ID_7057449448661416;0.3659;0.4718;0.4000;0.3000;0.2500;0.2000;0.3000;0.5000;0.1500;0.7593;0.6081;4;6;0.2146;0.8086;0.6280;Qwen3.5-4B
ID_5527724436785061;0.3913;0.3205;0.4000;0.4000;0.2000;0.0952;0.1905;0.1905;0.1463;0.5027;0.5789;8;10;0.1463;0.5160;0.6617;Qwen3.5-4B
ID_7506578377321090;0.0786;0.2345;0.2000;0.2000;0.3500;0.0385;0.0769;0.2692;0.0238;0.3024;0.6048;2;7;0.0835;0.3970;0.6483;Qwen3.5-4B
ID_2346700109498656;0.4230;0.3220;0.4000;0.4000;0.3000;0.0400;0.0800;0.1200;0.0500;0.1810;0.7062;4;6;0.0633;0.3116;0.6831;Qwen3.5-4B
ID_3172179226768630;0.2596;0.2901;0.6000;0.4000;0.4000;0.0750;0.1000;0.2000;0.0715;0.4368;0.6268;5;9;0.1160;0.4598;0.6321;Qwen3.5-4B
ID_6041333024387123;0.7114;0.6064;0.6000;0.8000;0.7000;0.0811;0.2162;0.3784;0.1570;0.4034;0.5730;8;14;0.2714;0.4830;0.5913;Qwen3.5-4B
ID_9002048584203951;0.1697;0.4152;0.4000;0.3000;0.4000;0.1538;0.2308;0.6154;0.1000;0.7432;0.5313;3;8;0.2517;0.8919;0.5864;Qwen3.5-4B
ID_0934428004504955;0.0000;0.0652;0.0000;0.0000;0.1000;0.0000;0.0000;0.0488;0.0000;0.1331;0.5351;0;2;0.0037;0.3118;0.6326;Qwen3.5-4B
ID_2662364620923506;0.6016;0.4798;0.8000;0.6000;0.3000;0.2353;0.3529;0.3529;0.2931;0.6596;0.5515;6;6;0.2931;0.8298;0.5836;Qwen3.5-4B
ID_7645303175022454;0.5326;0.4681;0.6000;0.4000;0.4000;0.0833;0.1111;0.2222;0.0944;0.7677;0.5907;4;8;0.1441;0.7992;0.6137;Qwen3.5-4B
ID_4185521570721716;0.2863;0.1848;0.2000;0.2000;0.1000;0.0400;0.0800;0.0800;0.0489;0.3432;0.4015;2;2;0.0489;0.3432;0.2785;Qwen3.5-4B
ID_0469666950995989;0.9603;0.7469;1.0000;1.0000;0.7000;0.1163;0.2326;0.3256;0.2326;0.5865;0.5250;10;14;0.3210;0.6541;0.4053;Qwen3.5-4B
ID_2929963416385218;0.5861;0.3985;0.6000;0.5000;0.3000;0.0811;0.1351;0.1622;0.1018;0.2979;0.6093;5;7;0.1134;0.3032;0.6694;Qwen3.5-4B
ID_6446047463034654;0.3350;0.3822;0.4000;0.3000;0.3000;0.0588;0.0882;0.1765;0.0559;0.1504;0.6948;3;7;0.0841;0.3532;0.7229;Qwen3.5-4B
ID_3555567955507382;0.6047;0.4677;0.6000;0.5000;0.3500;0.0938;0.1562;0.2188;0.1267;0.3204;0.6295;5;8;0.1552;0.3633;0.6313;Qwen3.5-4B
ID_0925726638062356;0.1754;0.2124;0.4000;0.2000;0.3000;0.0465;0.0465;0.1395;0.0209;0.3971;0.6275;2;6;0.0463;0.4233;0.6385;Qwen3.5-4B
ID_8293766070107110;0.4671;0.3552;0.4000;0.4000;0.3000;0.0476;0.0952;0.1429;0.0714;0.1932;0.6009;4;6;0.0923;0.2407;0.6080;Qwen3.5-4B
ID_2538869394815421;0.4684;0.4766;0.6000;0.4000;0.3000;0.2000;0.2667;0.4000;0.1844;0.3597;0.6903;4;6;0.2397;0.3741;0.7264;Qwen3.5-4B
ID_7426592963217111;0.5793;0.5274;0.8000;0.5000;0.4000;0.1481;0.1852;0.2963;0.1790;0.1918;0.6946;5;8;0.2253;0.2158;0.6893;Qwen3.5-4B
ID_2957078821185186;0.3724;0.2403;0.2000;0.3000;0.1500;0.0417;0.1250;0.1250;0.0692;0.3894;0.7350;4;4;0.0692;0.4115;0.7367;Qwen3.5-4B
ID_5183458350445779;0.4085;0.3386;0.4000;0.3000;0.3000;0.0690;0.1034;0.2069;0.0747;0.1619;0.6982;3;6;0.1022;0.1818;0.7370;Qwen3.5-4B
ID_7216933992248038;0.7273;0.4694;1.0000;0.6000;0.3000;0.1250;0.1500;0.1500;0.1500;0.3176;0.6926;6;6;0.1500;0.3176;0.6926;Qwen3.5-4B
ID_7495729402863374;0.1071;0.1160;0.0000;0.2000;0.1500;0.0000;0.0500;0.0750;0.0092;0.1366;0.6589;3;6;0.0149;0.2951;0.7183;Qwen3.5-4B
ID_9157872297410868;0.4569;0.3827;0.6000;0.3000;0.2000;0.1250;0.1250;0.1667;0.1007;0.2221;0.6322;5;7;0.1146;0.2414;0.6837;Qwen3.5-4B
ID_8807333466702951;0.4061;0.4109;0.6000;0.3000;0.3000;0.1071;0.1071;0.2143;0.1071;0.4732;0.5302;3;6;0.1397;0.5369;0.6195;Qwen3.5-4B
ID_9836776931160228;0.5045;0.4831;0.6000;0.6000;0.4000;0.1667;0.3333;0.4444;0.2272;0.2906;0.5947;6;8;0.2749;0.4274;0.6733;Qwen3.5-4B
ID_7082447037374118;0.3751;0.3841;0.6000;0.4000;0.3500;0.0833;0.1111;0.1944;0.0691;0.6286;0.5756;4;7;0.1056;0.6743;0.5808;Qwen3.5-4B
ID_9140990601961322;0.5693;0.4228;0.6000;0.5000;0.3500;0.1000;0.1667;0.2333;0.1154;0.1096;0.7137;6;8;0.1531;0.1918;0.7015;Qwen3.5-4B
ID_4068903193779093;0.4558;0.3978;0.2000;0.4000;0.2500;0.0625;0.2500;0.3125;0.1288;0.1525;0.7221;6;7;0.1572;0.2034;0.6931;Qwen3.5-4B
ID_8528934713225115;0.5263;0.4628;0.8000;0.6000;0.5000;0.1053;0.1579;0.2632;0.1393;0.4064;0.6993;6;10;0.2011;0.5403;0.6914;Qwen3.5-4B
ID_1686212165863890;0.5612;0.4800;0.8000;0.6000;0.4500;0.1250;0.1875;0.2812;0.1682;0.2662;0.6238;7;11;0.2222;0.3262;0.6477;Qwen3.5-4B
ID_2391615767440759;0.7008;0.5650;0.8000;0.6000;0.4500;0.2000;0.3000;0.4500;0.2657;0.3796;0.6414;6;9;0.3534;0.6296;0.6964;Qwen3.5-4B
ID_6201224121456969;0.3236;0.2601;0.6000;0.4000;0.3000;0.0667;0.0889;0.1333;0.0467;0.5025;0.6662;4;6;0.0629;0.5714;0.6492;Qwen3.5-4B
ID_0251394799200508;0.5737;0.4778;0.8000;0.5000;0.4000;0.1429;0.1786;0.2857;0.1327;0.2231;0.7309;5;8;0.1837;0.3719;0.7257;Qwen3.5-4B
ID_0373061112091020;0.0000;0.0000;0.0000;0.0000;0.0000;0.0000;0.0000;0.0000;0.0000;0.0068;0.6509;0;0;0.0000;0.1229;0.7011;Qwen3.5-4B
ID_8479803539567479;0.4097;0.3446;0.8000;0.5000;0.3000;0.1739;0.2174;0.2609;0.1981;0.3218;0.6835;7;9;0.2155;0.3678;0.7234;Qwen3.5-4B
ID_7729955482153416;0.0000;0.0000;0.0000;0.0000;0.0000;0.0000;0.0000;0.0000;0.0000;0.0000;0.4542;0;0;0.0000;0.0000;0.4542;Qwen3.5-4B
ID_5305326747268396;0.2612;0.2418;0.4000;0.3000;0.2500;0.0571;0.0857;0.1429;0.0343;0.6014;0.6383;4;6;0.0498;0.6289;0.6576;Qwen3.5-4B
ID_0845421586641237;0.3188;0.2358;0.6000;0.3000;0.2500;0.1200;0.1200;0.2000;0.0640;0.1905;0.5850;3;5;0.0868;0.2214;0.6869;Qwen3.5-4B
ID_1324132789176127;0.7059;0.5317;0.8000;0.6000;0.4000;0.1053;0.1579;0.2105;0.1445;0.2791;0.7272;6;9;0.1710;0.2907;0.7185;Qwen3.5-4B
ID_3790201696145434;0.6039;0.5881;0.8000;0.6000;0.5500;0.1538;0.2308;0.4231;0.2016;0.2302;0.7479;6;11;0.3197;0.2830;0.7070;Qwen3.5-4B
ID_4299344810509965;0.3694;0.3910;0.6000;0.5000;0.4500;0.0968;0.1613;0.2903;0.1004;0.1263;0.7533;5;9;0.1585;0.1477;0.7115;Qwen3.5-4B
ID_4897726772361601;0.4540;0.5351;0.4000;0.4000;0.5000;0.0625;0.1250;0.3125;0.0884;0.4810;0.6556;4;11;0.1781;0.5163;0.6507;Qwen3.5-4B
ID_5840732667923853;0.5300;0.4951;0.4000;0.3000;0.1500;0.2500;0.3750;0.3750;0.2969;0.4401;0.6579;7;8;0.2969;0.4959;0.7042;Qwen3.5-4B
ID_6216261423282706;0.6706;0.5783;0.8000;0.6000;0.5000;0.0930;0.1395;0.2326;0.1279;0.5520;0.6391;6;10;0.1837;0.6006;0.6956;Qwen3.5-4B
ID_7181616799746888;0.3118;0.2821;0.8000;0.4000;0.3000;0.1538;0.1538;0.2308;0.1045;0.4134;0.7387;4;6;0.1383;0.4928;0.7230;Qwen3.5-4B
ID_7572366766177648;0.3862;0.3366;0.4000;0.3000;0.3000;0.0444;0.0667;0.1333;0.0511;0.2816;0.6615;3;6;0.0733;0.3950;0.6650;Qwen3.5-4B
ID_8006865596138564;0.2201;0.2583;0.2000;0.1000;0.2000;0.0385;0.0385;0.1538;0.0385;0.2289;0.5997;1;4;0.0596;0.4536;0.5704;Qwen3.5-4B
ID_8318944131166018;0.6717;0.5014;0.8000;0.8000;0.4500;0.1739;0.3478;0.3913;0.2644;0.5059;0.7279;8;9;0.3000;0.5325;0.7400;Qwen3.5-4B
ID_8730904907286096;0.1815;0.2115;0.0000;0.3000;0.3000;0.0000;0.1200;0.2400;0.0331;0.1502;0.6889;3;6;0.0682;0.2930;0.6828;Qwen3.5-4B
ID_8892459126928726;0.6434;0.4152;0.6000;0.6000;0.3000;0.0500;0.1000;0.1000;0.0709;0.1594;0.6059;6;6;0.0709;0.1977;0.6306;Qwen3.5-4B
ID_8971623116160175;0.8701;0.6719;1.0000;0.8000;0.5500;0.0980;0.1569;0.2157;0.1569;0.5093;0.7496;8;11;0.2000;0.5787;0.6949;Qwen3.5-4B
ID_8336765967978370;0.5672;0.4184;0.4000;0.5000;0.3500;0.0645;0.1613;0.2258;0.1111;0.2301;0.5384;5;7;0.1421;0.3628;0.5705;Qwen3.5-4B
ID_5680428710939826;0.5510;0.4988;0.6000;0.5000;0.4500;0.0938;0.1562;0.2812;0.1142;0.5739;0.5111;6;12;0.1822;0.6087;0.5618;Qwen3.5-4B
ID_4692364565124711;0.5520;0.4475;0.6000;0.4000;0.3500;0.0938;0.1250;0.2188;0.1094;0.4697;0.6193;5;8;0.1524;0.5152;0.6871;Qwen3.5-4B
ID_1717412318563908;0.2858;0.2664;0.6000;0.4000;0.3000;0.0882;0.1176;0.1765;0.0552;0.3927;0.6228;5;7;0.0727;0.4350;0.5917;Qwen3.5-4B
ID_7254844415865063;0.4119;0.2658;0.6000;0.5000;0.2500;0.0938;0.1562;0.1562;0.1108;0.2924;0.4845;5;5;0.1108;0.3393;0.5933;Qwen3.5-4B
ID_7797886762703247;0.3964;0.3991;0.6000;0.3000;0.3000;0.1111;0.1111;0.2222;0.0840;0.2331;0.7015;6;12;0.1165;0.2638;0.6965;Qwen3.5-4B
ID_2835093153489923;0.2847;0.2992;0.2000;0.4000;0.3000;0.0455;0.1818;0.2727;0.0674;0.4463;0.6357;6;9;0.1076;0.5155;0.6478;Qwen3.5-4B
ID_0426611082211389;0.3301;0.2131;0.4000;0.2000;0.1000;0.0606;0.0606;0.0606;0.0505;0.0051;0.6768;2;2;0.0505;0.0081;0.6805;Qwen3.5-4B
ID_9071551767043294;0.7169;0.6954;0.8000;0.7000;0.7000;0.0976;0.1707;0.3415;0.1484;0.1881;0.6864;7;14;0.2774;0.3069;0.7074;Qwen3.5-4B
ID_3412816427200150;0.5989;0.4892;0.6000;0.5000;0.4000;0.0652;0.1087;0.1739;0.0857;0.1647;0.7019;5;8;0.1127;0.2555;0.6915;Qwen3.5-4B
ID_1510655084439926;0.2728;0.2559;0.4000;0.2000;0.1500;0.1000;0.1000;0.1500;0.0417;0.3121;0.3677;2;6;0.0505;0.3503;0.5726;Qwen3.5-4B
ID_2918420759847932;0.0960;0.0872;0.4000;0.2000;0.1000;0.0952;0.0952;0.0952;0.0429;0.5040;0.6581;2;5;0.0429;0.5952;0.5855;Qwen3.5-4B
ID_2941335797138677;0.0406;0.0922;0.2000;0.1000;0.1000;0.0769;0.0769;0.1538;0.0192;0.1377;0.5796;1;3;0.0295;0.1941;0.6401;Qwen3.5-4B
ID_3107924103069456;0.3815;0.2858;0.6000;0.5000;0.3000;0.0667;0.1111;0.1333;0.0615;0.1586;0.7058;5;6;0.0736;0.2699;0.7058;Qwen3.5-4B
ID_3828820650816481;0.3590;0.2905;0.4000;0.2000;0.2000;0.0800;0.0800;0.1600;0.0800;0.0374;0.3749;2;4;0.0994;0.0654;0.5899;Qwen3.5-4B
ID_5598322661148873;0.2899;0.2023;0.4000;0.3000;0.2000;0.0625;0.0938;0.1250;0.0482;0.0739;0.6908;4;5;0.0565;0.1122;0.6310;Qwen3.5-4B
ID_6491144323495041;0.8072;0.5583;1.0000;0.8000;0.4500;0.1471;0.2353;0.2647;0.2353;0.2143;0.6147;8;9;0.2557;0.2429;0.6938;Qwen3.5-4B
ID_7233767393471644;0.0000;0.0325;0.0000;0.0000;0.0500;0.0000;0.0000;0.0909;0.0000;0.0000;0.7107;0;1;0.0076;0.0432;0.7291;Qwen3.5-4B
ID_0589484713269268;0.3301;0.2131;0.4000;0.2000;0.1000;0.0667;0.0667;0.0667;0.0556;0.4723;0.6135;2;2;0.0556;0.4818;0.6253;Qwen3.5-4B
ID_2689400605282903;0.1117;0.2062;0.2000;0.1000;0.1500;0.0625;0.0625;0.1875;0.0625;0.1676;0.6480;1;3;0.0831;0.2692;0.6642;Qwen3.5-4B
ID_2815105916715425;0.5760;0.4445;0.8000;0.4000;0.3000;0.0930;0.0930;0.1395;0.0930;0.3806;0.6846;5;7;0.1113;0.5911;0.7096;Qwen3.5-4B
ID_8059432725797514;0.0593;0.0859;0.0000;0.0000;0.0500;0.0000;0.0000;0.0625;0.0000;0.0748;0.7397;3;5;0.0033;0.1028;0.7547;Qwen3.5-4B
ID_6593457386037361;0.5331;0.4335;0.6000;0.5000;0.3000;0.1500;0.2500;0.3000;0.1550;0.2751;0.7499;5;7;0.1764;0.3423;0.7207;Qwen3.5-4B
ID_2153506219894492;0.0851;0.1518;0.2000;0.1000;0.2000;0.0370;0.0370;0.1481;0.0074;0.1308;0.7395;1;4;0.0298;0.1822;0.7414;Qwen3.5-4B
ID_8472079174657098;0.0000;0.0000;0.0000;0.0000;0.0000;0.0000;0.0000;0.0000;0.0000;0.1544;0.7694;0;0;0.0000;0.1913;0.7620;Qwen3.5-4B
ID_1623651835700843;0.6570;0.4574;0.8000;0.8000;0.4500;0.0800;0.1600;0.1800;0.1252;0.3317;0.6248;8;9;0.1352;0.3964;0.6493;Qwen3.5-4B
ID_5373038582397407;0.4334;0.4286;0.6000;0.4000;0.3500;0.1304;0.1739;0.3043;0.1478;0.2765;0.5718;4;7;0.2039;0.3073;0.5911;Qwen3.5-4B
ID_7275057980870698;0.0443;0.1416;0.0000;0.0000;0.1000;0.0000;0.0000;0.1053;0.0000;0.2007;0.4909;2;6;0.0100;0.4401;0.6205;Qwen3.5-4B
ID_8218059267505950;0.3426;0.3552;0.4000;0.6000;0.4500;0.0500;0.1500;0.2250;0.0813;0.3359;0.4228;6;10;0.1161;0.4131;0.6089;Qwen3.5-4B
ID_2018317447324228;0.1267;0.2466;0.0000;0.2000;0.3000;0.0000;0.1000;0.3000;0.0194;0.0699;0.6670;3;8;0.0771;0.1049;0.7346;Qwen3.5-4B
ID_0138378882454566;0.4820;0.4773;0.4000;0.3000;0.2500;0.1667;0.2500;0.4167;0.1806;0.7273;0.5674;5;7;0.2275;0.7403;0.6549;Qwen3.5-4B
ID_0247863649039393;0.1389;0.1380;0.2000;0.1000;0.1000;0.0370;0.0370;0.0741;0.0185;0.4252;0.6374;1;2;0.0222;0.5276;0.6130;Qwen3.5-4B
ID_1511271976880714;0.3508;0.3516;0.4000;0.2000;0.2000;0.0556;0.0556;0.1111;0.0463;0.3417;0.7645;4;6;0.0600;0.3500;0.7421;Qwen3.5-4B
ID_2170299963939072;0.3715;0.3134;0.2000;0.3000;0.2000;0.0500;0.1500;0.2000;0.0761;0.4860;0.6619;3;4;0.0915;0.5196;0.6745;Qwen3.5-4B
ID_3496070172209437;0.4976;0.4399;0.6000;0.5000;0.4000;0.0968;0.1613;0.2581;0.1123;0.3093;0.6635;5;10;0.1587;0.3605;0.6987;Qwen3.5-4B
ID_4038930548278283;0.4946;0.3704;0.4000;0.4000;0.3000;0.0500;0.1000;0.1500;0.0705;0.2785;0.5759;4;6;0.0876;0.3312;0.4736;Qwen3.5-4B
ID_4844986337654168;0.4784;0.4067;0.8000;0.6000;0.5000;0.1143;0.1714;0.2857;0.1337;0.4306;0.6348;6;10;0.1936;0.4742;0.6820;Qwen3.5-4B
ID_7024780289532391;0.1415;0.1757;0.2000;0.1000;0.1500;0.0476;0.0476;0.1429;0.0159;0.1053;0.6871;2;4;0.0316;0.1377;0.6921;Qwen3.5-4B
ID_7109489698613515;0.4537;0.5013;0.6000;0.3000;0.4500;0.0882;0.0882;0.2647;0.0809;0.1053;0.6037;3;9;0.1499;0.2555;0.6446;Qwen3.5-4B
ID_7151870174700608;0.6512;0.5332;0.8000;0.6000;0.3500;0.2000;0.3000;0.3500;0.2792;0.2041;0.7718;7;9;0.3025;0.2460;0.7351;Qwen3.5-4B
ID_7864739127485412;0.1354;0.1175;0.2000;0.1000;0.0500;0.0833;0.0833;0.0833;0.0833;0.1700;0.7076;1;1;0.0833;0.1800;0.7522;Qwen3.5-4B
ID_7998391975397420;0.2296;0.2833;0.2000;0.1000;0.2500;0.0227;0.0227;0.1136;0.0227;0.2640;0.5837;2;6;0.0406;0.4407;0.6400;Qwen3.5-4B
ID_8415872554112911;0.4485;0.4308;0.8000;0.5000;0.4500;0.0833;0.1042;0.1875;0.0982;0.5526;0.6961;5;9;0.1386;0.6513;0.6626;Qwen3.5-4B
ID_9978219072711522;0.3558;0.3132;0.2000;0.3000;0.2500;0.0333;0.1000;0.1667;0.0528;0.2457;0.6482;3;6;0.0694;0.4504;0.7133;Qwen3.5-4B
ID_4010781324120944;0.5059;0.3326;0.4000;0.4000;0.2000;0.0769;0.1538;0.1538;0.1088;0.0564;0.7555;5;5;0.1088;0.0644;0.7574;Qwen3.5-4B
ID_1029892667445223;0.0891;0.0697;0.2000;0.1000;0.0500;0.0333;0.0333;0.0333;0.0167;0.5801;0.7088;2;2;0.0167;0.6393;0.6880;Qwen3.5-4B
ID_1906784092048967;0.6395;0.4564;0.8000;0.6000;0.3000;0.1739;0.2609;0.2609;0.2242;0.2992;0.6810;6;6;0.2242;0.3161;0.6913;Qwen3.5-4B
ID_1468516584214940;0.3659;0.4225;0.4000;0.3000;0.2500;0.2222;0.3333;0.5556;0.1852;0.1086;0.7406;3;5;0.2377;0.1774;0.6659;Qwen3.5-4B
ID_0890857354198687;0.1100;0.2067;0.2000;0.1000;0.3000;0.0323;0.0323;0.1935;0.0108;0.3175;0.6619;1;6;0.0532;0.3333;0.6418;Qwen3.5-4B
ID_4928616387172275;0.4915;0.3536;0.6000;0.5000;0.3000;0.0857;0.1429;0.1714;0.0917;0.3019;0.6241;5;6;0.1039;0.3208;0.6199;Qwen3.5-4B
ID_1008924786363328;0.2489;0.2343;0.4000;0.3000;0.2500;0.0488;0.0732;0.1220;0.0335;0.3883;0.6140;3;5;0.0496;0.4660;0.5967;Qwen3.5-4B
ID_1049734269570870;0.6170;0.5329;0.8000;0.4000;0.2500;0.2222;0.2222;0.2778;0.2222;0.8120;0.5500;5;8;0.2421;0.8271;0.6331;Qwen3.5-4B
ID_1055919327809289;0.1329;0.1183;0.2000;0.2000;0.1500;0.0455;0.0909;0.1364;0.0357;0.7449;0.5441;2;3;0.0425;0.7653;0.6153;Qwen3.5-4B
ID_1065092574463217;0.1817;0.2045;0.2000;0.3000;0.2500;0.0400;0.1200;0.2000;0.0398;0.5270;0.5183;4;6;0.0685;0.5946;0.6047;Qwen3.5-4B
ID_2011798051420211;0.5381;0.5830;0.6000;0.6000;0.6500;0.0638;0.1277;0.2766;0.0863;0.6942;0.4982;7;14;0.1894;0.7438;0.5332;Qwen3.5-4B
ID_4842733764531027;0.0377;0.0452;0.0000;0.1000;0.1000;0.0000;0.0417;0.0833;0.0042;0.3232;0.6509;2;3;0.0101;0.3535;0.7002;Qwen3.5-4B
ID_5379986303796142;0.3505;0.4105;0.4000;0.4000;0.3500;0.1333;0.2667;0.4667;0.1324;0.5177;0.6915;4;7;0.2088;0.5831;0.7060;Qwen3.5-4B
ID_5527372479338852;0.2770;0.2478;0.4000;0.3000;0.2000;0.0833;0.1250;0.1667;0.1012;0.2971;0.6378;5;7;0.1116;0.3389;0.6483;Qwen3.5-4B
ID_5554472337681978;0.2182;0.3144;0.2000;0.3000;0.3500;0.0526;0.1579;0.3684;0.0395;0.2692;0.6747;3;7;0.1244;0.3846;0.6697;Qwen3.5-4B
ID_6055327284413923;0.4261;0.3589;0.8000;0.4000;0.3500;0.1143;0.1143;0.2000;0.1086;0.8199;0.5945;4;7;0.1422;0.9068;0.5693;Qwen3.5-4B
ID_7605544176812022;0.4969;0.5022;0.4000;0.3000;0.2500;0.1176;0.1765;0.2941;0.1471;0.4058;0.6499;5;10;0.1786;0.5797;0.6146;Qwen3.5-4B
ID_7606805059403041;0.2537;0.2295;0.2000;0.4000;0.3000;0.0233;0.0930;0.1395;0.0335;0.4655;0.6791;5;7;0.0470;0.5259;0.7266;Qwen3.5-4B
ID_8391627429679768;0.6489;0.5589;1.0000;0.5000;0.4500;0.1429;0.1429;0.2571;0.1429;0.5931;0.5870;5;9;0.1966;0.7414;0.6062;Qwen3.5-4B
ID_8948444880792780;0.3590;0.2854;0.4000;0.2000;0.2000;0.0606;0.0606;0.1212;0.0606;0.1326;0.6546;2;4;0.0753;0.2546;0.7229;Qwen3.5-4B
ID_3979449149442968;0.4085;0.3656;0.4000;0.3000;0.2000;0.1333;0.2000;0.2667;0.1444;0.4430;0.6483;3;4;0.1687;0.4810;0.6864;Qwen3.5-4B
ID_6046165866539973;0.0606;0.0777;0.0000;0.1000;0.1000;0.0000;0.0625;0.1250;0.0104;0.1088;0.6510;1;2;0.0167;0.2176;0.6503;Qwen3.5-4B
ID_9450460842293932;0.6046;0.4598;0.4000;0.6000;0.4000;0.0625;0.1875;0.2500;0.1238;0.3938;0.6726;8;10;0.1532;0.5478;0.6959;Qwen3.5-4B
ID_0422319714962244;0.5798;0.4449;0.6000;0.5000;0.3500;0.0938;0.1562;0.2188;0.1142;0.5924;0.6584;5;7;0.1408;0.6244;0.6935;Qwen3.5-4B
ID_3718352314610417;0.5225;0.3372;0.6000;0.4000;0.2000;0.0732;0.0976;0.0976;0.0797;0.3684;0.6930;4;4;0.0797;0.4416;0.6981;Qwen3.5-4B
ID_4357242053529029;0.5596;0.4581;0.6000;0.4000;0.3000;0.1304;0.1739;0.2609;0.1594;0.5352;0.5490;5;11;0.1993;0.6575;0.6388;Qwen3.5-4B
ID_8647270006257055;0.6372;0.5240;0.8000;0.5000;0.4000;0.1481;0.1852;0.2963;0.1746;0.1661;0.6302;5;9;0.2287;0.1986;0.6507;Qwen3.5-4B
ID_7420544439193388;0.1891;0.2238;0.2000;0.3000;0.3500;0.0345;0.1034;0.2414;0.0249;0.3219;0.4929;4;9;0.0827;0.4188;0.6550;Qwen3.5-4B
ID_7119886675051877;0.0432;0.0817;0.0000;0.0000;0.0500;0.0000;0.0000;0.0833;0.0000;0.2491;0.7409;3;6;0.0056;0.3701;0.7228;Qwen3.5-4B
ID_6996216192141104;0.3742;0.2970;0.4000;0.4000;0.2500;0.0909;0.1818;0.2273;0.1245;0.3562;0.5580;4;5;0.1387;0.4829;0.6809;Qwen3.5-4B
ID_6327043382765149;0.0897;0.1250;0.0000;0.0000;0.0500;0.0000;0.0000;0.1667;0.0000;0.1176;0.6238;1;2;0.0093;0.1807;0.6660;Qwen3.5-4B
ID_3516498227896709;0.5182;0.3728;0.4000;0.6000;0.3500;0.0625;0.1875;0.2188;0.1165;0.2389;0.6080;6;7;0.1347;0.2556;0.6620;Qwen3.5-4B
ID_0223997495223283;0.5036;0.4394;0.4000;0.4000;0.3500;0.0526;0.1053;0.1842;0.0775;0.4725;0.6893;4;7;0.1158;0.5432;0.6666;Qwen3.5-4B
ID_0291695624884565;0.4627;0.3711;0.4000;0.4000;0.3000;0.0408;0.0816;0.1224;0.0510;0.2336;0.6452;4;6;0.0667;0.2778;0.6412;Qwen3.5-4B
ID_6198328194771800;0.5367;0.4240;0.4000;0.4000;0.2000;0.0952;0.1905;0.1905;0.1395;0.7500;0.6449;5;5;0.1395;0.8155;0.7060;Qwen3.5-4B
ID_1612969183171944;0.2377;0.3873;0.2000;0.1000;0.3000;0.0588;0.0588;0.3529;0.0588;0.2642;0.5233;1;7;0.1286;0.2868;0.6353;Qwen3.5-4B
ID_1132672107627968;0.6618;0.4635;0.8000;0.6000;0.3500;0.1290;0.1935;0.2258;0.1583;0.4118;0.6720;6;7;0.1744;0.4790;0.7571;Qwen3.5-4B
ID_2887736963561252;0.0893;0.1609;0.2000;0.2000;0.2500;0.0303;0.0606;0.1515;0.0227;0.2185;0.6460;2;5;0.0443;0.4790;0.7042;Qwen3.5-4B
ID_8590492866942091;0.0851;0.1236;0.2000;0.1000;0.1500;0.0400;0.0400;0.1200;0.0080;0.1075;0.7855;1;3;0.0197;0.3241;0.7517;Qwen3.5-4B
ID_4936589226816960;0.2497;0.2497;0.2000;0.2000;0.1000;0.1250;0.2500;0.2500;0.1042;0.4775;0.5782;2;2;0.1042;0.5140;0.6314;Qwen3.5-4B
ID_0433763336350310;0.5599;0.5073;0.6000;0.5000;0.4500;0.1034;0.1724;0.3103;0.1203;0.2640;0.6927;5;9;0.1939;0.3070;0.6917;Qwen3.5-4B
ID_2325513222088331;0.0607;0.1208;0.2000;0.1000;0.2000;0.0476;0.0476;0.1905;0.0159;0.2013;0.6434;2;5;0.0441;0.3188;0.6996;Qwen3.5-4B
ID_5571899755175457;0.3221;0.2203;0.4000;0.3000;0.1500;0.0769;0.1154;0.1154;0.0511;0.7069;0.6124;5;5;0.0511;0.7414;0.6092;Qwen3.5-4B
ID_6870958743124961;0.3590;0.2317;0.4000;0.2000;0.1000;0.0513;0.0513;0.0513;0.0513;0.2076;0.8374;2;2;0.0513;0.2076;0.8374;Qwen3.5-4B
ID_4719266902582313;0.4616;0.4230;0.4000;0.3000;0.2000;0.1053;0.1579;0.2105;0.1278;0.2060;0.6682;5;6;0.1419;0.2103;0.6652;Qwen3.5-4B
ID_3256932358053453;0.5177;0.4666;0.8000;0.4000;0.2000;0.3333;0.3333;0.3333;0.3333;0.4574;0.6788;6;8;0.3333;0.4688;0.6991;Qwen3.5-4B
ID_8488895049659124;0.5183;0.4053;0.6000;0.4000;0.2000;0.1500;0.2000;0.2000;0.1786;0.2439;0.6974;4;4;0.1786;0.3598;0.6904;Qwen3.5-4B
ID_7967486980814458;0.3430;0.4180;0.2000;0.3000;0.4500;0.0208;0.0625;0.1875;0.0346;0.5436;0.7460;4;10;0.0912;0.5638;0.7557;Qwen3.5-4B
ID_1422895308009825;0.5854;0.3831;0.6000;0.6000;0.3000;0.0698;0.1395;0.1395;0.1193;0.3504;0.7177;6;7;0.1193;0.3521;0.7450;Qwen3.5-4B
ID_5349557509612483;0.5582;0.4853;0.6000;0.5000;0.3500;0.1071;0.1786;0.2500;0.1365;0.0501;0.7010;5;7;0.1722;0.1153;0.7039;Qwen3.5-4B
ID_2935371042756080;0.3531;0.3016;0.6000;0.4000;0.3000;0.0750;0.1000;0.1500;0.0667;0.4608;0.6249;4;6;0.0869;0.5358;0.6306;Qwen3.5-4B
ID_9973065319516772;0.1993;0.1621;0.0000;0.3000;0.2000;0.0000;0.1000;0.1333;0.0216;0.4308;0.6464;3;4;0.0290;0.6231;0.6606;Qwen3.5-4B
ID_1694260923221276;0.4580;0.2956;0.4000;0.5000;0.2500;0.0606;0.1515;0.1515;0.0803;0.2349;0.7134;5;5;0.0803;0.2851;0.7088;Qwen3.5-4B
ID_5366157471959981;0.1987;0.2017;0.4000;0.4000;0.3500;0.0625;0.1250;0.2188;0.0594;0.4500;0.6338;4;7;0.0905;0.5333;0.6819;Qwen3.5-4B
ID_8886217002903392;0.3628;0.3016;0.6000;0.4000;0.3000;0.0968;0.1290;0.1935;0.0909;0.5067;0.6070;4;6;0.1111;0.5134;0.6491;Qwen3.5-4B
ID_9273702863744424;0.1370;0.1581;0.0000;0.2000;0.2000;0.0000;0.0526;0.1053;0.0090;0.1901;0.7148;2;4;0.0204;0.2281;0.6819;Qwen3.5-4B
ID_0345959348124698;0.3904;0.3073;0.4000;0.3000;0.1500;0.0909;0.1364;0.1364;0.1104;0.5315;0.4393;3;3;0.1104;0.6334;0.5391;Qwen3.5-4B
ID_7363908432737523;0.1521;0.1371;0.2000;0.2000;0.1000;0.0769;0.1538;0.1538;0.0449;0.4624;0.3713;2;2;0.0449;0.4827;0.4367;Qwen3.5-4B
ID_4408599021040004;0.4783;0.5047;0.4000;0.4000;0.4500;0.0800;0.1600;0.3600;0.1229;0.3289;0.6405;5;10;0.2112;0.5123;0.6677;Qwen3.5-4B
ID_0639583185408398;0.3679;0.2747;0.4000;0.4000;0.2500;0.0606;0.1212;0.1515;0.0756;0.4062;0.5286;4;5;0.0873;0.4492;0.6405;Qwen3.5-4B
ID_5420932551635217;0.4819;0.3856;0.8000;0.6000;0.4000;0.1212;0.1818;0.2424;0.1487;0.4706;0.5295;6;8;0.1746;0.5098;0.6372;Qwen3.5-4B
ID_5547874183666459;0.7591;0.5992;0.8000;0.7000;0.4000;0.1818;0.3182;0.3636;0.2633;0.3341;0.6008;8;9;0.2847;0.3808;0.6682;Qwen3.5-4B
ID_2014918752636286;0.3882;0.2861;0.6000;0.4000;0.2500;0.1250;0.1667;0.2083;0.0875;0.2123;0.7006;4;5;0.1014;0.3146;0.6955;Qwen3.5-4B
ID_4568109140874315;0.5232;0.3731;0.6000;0.4000;0.2500;0.0638;0.0851;0.1064;0.0691;0.2805;0.6216;4;5;0.0762;0.3255;0.6466;Qwen3.5-4B
ID_8298199857246323;0.5178;0.5001;0.6000;0.5000;0.4000;0.1500;0.2500;0.4000;0.2111;0.2721;0.5679;5;8;0.2844;0.3061;0.6322;Qwen3.5-4B
ID_0970789513843822;0.5638;0.4162;0.8000;0.4000;0.3000;0.1111;0.1111;0.1667;0.1111;0.4674;0.6751;4;6;0.1337;0.6303;0.6997;Qwen3.5-4B
ID_3059638279617376;0.2856;0.3146;0.4000;0.3000;0.2500;0.1053;0.1579;0.2632;0.0789;0.4369;0.7097;3;6;0.1140;0.6214;0.6771;Qwen3.5-4B
ID_5317385915649516;0.2797;0.2726;0.4000;0.3000;0.3000;0.0385;0.0577;0.1154;0.0218;0.3094;0.5794;4;7;0.0429;0.4415;0.6369;Qwen3.5-4B
ID_6410871756552953;0.1278;0.1373;0.0000;0.2000;0.1500;0.0000;0.1250;0.1875;0.0228;0.3669;0.6166;4;6;0.0345;0.4160;0.6412;Qwen3.5-4B
ID_7943088143954973;0.2253;0.2253;0.4000;0.2000;0.1500;0.1667;0.1667;0.2500;0.0542;0.4232;0.5969;4;5;0.0750;0.5726;0.5939;Qwen3.5-4B
ID_9032973705204320;0.1478;0.1573;0.0000;0.2000;0.2000;0.0000;0.0870;0.1739;0.0181;0.2769;0.5955;2;5;0.0387;0.3091;0.6896;Qwen3.5-4B
ID_5588269274851789;0.2620;0.2692;0.2000;0.3000;0.2500;0.0370;0.1111;0.1852;0.0358;0.5422;0.6941;4;7;0.0566;0.7390;0.6878;Qwen3.5-4B
ID_9217526978424330;0.0721;0.1548;0.0000;0.1000;0.1500;0.0000;0.0588;0.1765;0.0074;0.0764;0.5329;1;4;0.0227;0.1879;0.5429;Qwen3.5-4B
ID_3794477872946546;0.3824;0.3237;0.6000;0.4000;0.3000;0.1154;0.1538;0.2308;0.0769;0.4544;0.6376;4;6;0.1122;0.5775;0.6465;Qwen3.5-4B
ID_2768799008412205;0.4479;0.4225;0.4000;0.4000;0.4000;0.0606;0.1212;0.2424;0.0689;0.2727;0.5093;4;8;0.1118;0.3896;0.6031;Qwen3.5-4B
ID_8219997657167540;0.7084;0.6318;0.8000;0.6000;0.5500;0.1143;0.1714;0.3143;0.1571;0.8085;0.5933;6;11;0.2368;0.8723;0.5834;Qwen3.5-4B
ID_7836545332605210;0.4738;0.4210;0.6000;0.4000;0.3000;0.1250;0.1667;0.2500;0.1361;0.6398;0.6295;4;6;0.1646;0.7511;0.6671;Qwen3.5-4B
ID_8835491732653277;0.5181;0.4709;0.4000;0.3000;0.1500;0.1538;0.2308;0.2308;0.1923;0.2252;0.7141;3;3;0.1923;0.2583;0.7702;Qwen3.5-4B
ID_6207084434110255;0.1688;0.2987;0.2000;0.2000;0.3000;0.0400;0.0800;0.2400;0.0213;0.1055;0.7142;3;8;0.0689;0.1881;0.6925;Qwen3.5-4B
ID_8209219651894646;0.0750;0.1268;0.0000;0.1000;0.1000;0.0000;0.1000;0.2000;0.0125;0.4571;0.7050;1;2;0.0225;0.5619;0.6578;Qwen3.5-4B
ID_3641356939660511;0.1726;0.1347;0.0000;0.3000;0.1500;0.0000;0.1200;0.1200;0.0259;0.5166;0.6709;4;5;0.0259;0.5497;0.6694;Qwen3.5-4B
ID_3355141192938134;0.3786;0.3794;0.4000;0.3000;0.2500;0.0952;0.1429;0.2381;0.0871;0.8568;0.7169;3;5;0.1203;0.8646;0.6912;Qwen3.5-4B
ID_9264997837722900;0.4845;0.3490;0.6000;0.4000;0.2500;0.0698;0.0930;0.1163;0.0853;0.8745;0.6663;4;5;0.0936;0.8818;0.6353;Qwen3.5-4B
ID_5618495903090773;0.4061;0.4821;0.6000;0.3000;0.4500;0.0732;0.0732;0.2195;0.0732;0.4043;0.6711;3;9;0.1402;0.4783;0.6944;Qwen3.5-4B
ID_0916805360400109;0.4366;0.4113;0.6000;0.5000;0.3500;0.1875;0.3125;0.4375;0.1982;0.3648;0.5618;6;9;0.2523;0.4144;0.6759;Qwen3.5-4B
ID_9497366266156796;0.2566;0.1656;0.4000;0.2000;0.1000;0.0741;0.0741;0.0741;0.0519;0.1011;0.7474;2;2;0.0519;0.1266;0.7739;Qwen3.5-4B
ID_6999749984515755;0.5004;0.4466;0.6000;0.4000;0.3000;0.0682;0.0909;0.1364;0.0812;0.3234;0.6000;4;6;0.0984;0.3327;0.6804;Qwen3.5-4B
ID_2554509868510718;0.6714;0.4717;0.8000;0.7000;0.4000;0.0930;0.1628;0.1860;0.1232;0.4351;0.6448;7;8;0.1387;0.4452;0.7271;Qwen3.5-4B
ID_2377601975207604;0.3453;0.2469;0.2000;0.4000;0.2500;0.0385;0.1538;0.1923;0.0600;0.2935;0.7099;4;5;0.0720;0.5326;0.6856;Qwen3.5-4B
ID_7331062615542814;0.4249;0.4454;0.6000;0.3000;0.3000;0.1111;0.1111;0.2222;0.0895;0.4004;0.7471;3;6;0.1299;0.4419;0.7216;Qwen3.5-4B
ID_0384816069731675;0.4556;0.3405;0.8000;0.5000;0.3500;0.1250;0.1562;0.2188;0.1344;0.3173;0.7429;5;7;0.1552;0.3269;0.7015;Qwen3.5-4B
ID_7860759306517929;0.3232;0.2274;0.2000;0.3000;0.2000;0.0256;0.0769;0.1026;0.0426;0.4212;0.6242;3;4;0.0486;0.4459;0.6636;Qwen3.5-4B
ID_5268607684223281;0.3070;0.3993;0.4000;0.3000;0.5000;0.0556;0.0833;0.2778;0.0397;0.2019;0.6998;3;10;0.1223;0.3290;0.7124;Qwen3.5-4B
ID_9523087479617594;0.4360;0.4666;0.4000;0.3000;0.2000;0.2222;0.3333;0.4444;0.2032;0.5380;0.6753;3;4;0.2328;0.6519;0.6653;Qwen3.5-4B
ID_4568229398778798;0.4494;0.5046;0.6000;0.5000;0.5500;0.0882;0.1471;0.3235;0.0907;0.3610;0.6020;5;11;0.1902;0.4878;0.5709;Qwen3.5-4B
ID_2370717228259133;0.1258;0.3180;0.2000;0.2000;0.4000;0.0455;0.0909;0.3636;0.0328;0.2137;0.5765;2;8;0.1273;0.2822;0.5893;Qwen3.5-4B
ID_5500701970351238;0.5959;0.5202;0.6000;0.5000;0.2500;0.2500;0.4167;0.4167;0.3317;0.3455;0.7026;5;7;0.3317;0.5236;0.7166;Qwen3.5-4B
ID_0293321489114247;0.0175;0.0397;0.0000;0.0000;0.0500;0.0000;0.0000;0.0588;0.0000;0.3835;0.6921;1;2;0.0037;0.4812;0.6608;Qwen3.5-4B
ID_4996734160632011;0.4085;0.3533;0.4000;0.3000;0.2500;0.0870;0.1304;0.2174;0.0942;0.4813;0.6815;3;5;0.1179;0.5147;0.6987;Qwen3.5-4B
ID_4394162331037750;0.4749;0.4320;0.4000;0.4000;0.3000;0.1053;0.2105;0.3158;0.1278;0.7154;0.6605;4;7;0.1624;0.8577;0.6718;Qwen3.5-4B
ID_3658669547742426;0.5302;0.4169;0.6000;0.5000;0.3500;0.0769;0.1282;0.1795;0.1076;0.2302;0.6079;5;7;0.1332;0.2799;0.7047;Qwen3.5-4B
ID_9002682113889454;0.2050;0.3091;0.6000;0.4000;0.4500;0.0811;0.1081;0.2432;0.0748;0.1405;0.7316;4;9;0.1333;0.2837;0.6879;Qwen3.5-4B
ID_1324552190537148;0.0628;0.1252;0.0000;0.0000;0.1000;0.0000;0.0000;0.1053;0.0000;0.0448;0.5903;2;4;0.0090;0.1194;0.6639;Qwen3.5-4B
ID_6188875235262429;0.2753;0.3135;0.2000;0.1000;0.1500;0.0667;0.0667;0.2000;0.0667;0.5312;0.6938;1;3;0.0912;0.6287;0.6575;Qwen3.5-4B
ID_2745679186354681;0.7097;0.5695;0.6000;0.7000;0.5000;0.0652;0.1522;0.2174;0.1141;0.2398;0.7252;7;10;0.1584;0.3528;0.6858;Qwen3.5-4B
ID_0762445046640965;0.3179;0.3519;0.2000;0.3000;0.3500;0.0244;0.0732;0.1707;0.0386;0.2549;0.6264;3;7;0.0766;0.4104;0.6380;Qwen3.5-4B
ID_5873636553295704;0.2489;0.1916;0.4000;0.2000;0.1500;0.0741;0.0741;0.1111;0.0432;0.2310;0.5967;2;3;0.0525;0.2888;0.5572;Qwen3.5-4B
ID_6465314260773099;0.3428;0.2394;0.6000;0.5000;0.2500;0.0968;0.1613;0.1613;0.1120;0.1856;0.6536;5;5;0.1120;0.2178;0.6942;Qwen3.5-4B
ID_8892860312621183;0.3597;0.3069;0.2000;0.3000;0.2500;0.0294;0.0882;0.1471;0.0476;0.3333;0.6715;3;5;0.0679;0.3694;0.6668;Qwen3.5-4B
ID_4626372929936792;0.2082;0.2631;0.2000;0.3000;0.2000;0.1000;0.3000;0.4000;0.1667;0.2714;0.6455;3;5;0.1877;0.7000;0.7095;Qwen3.5-4B
ID_9325751411452030;0.3984;0.3643;0.4000;0.5000;0.4000;0.0426;0.1064;0.1702;0.0448;0.4678;0.6328;5;8;0.0746;0.5491;0.6563;Qwen3.5-4B
ID_4470985193764980;0.4269;0.3169;0.6000;0.4000;0.2500;0.0667;0.0889;0.1111;0.0705;0.5957;0.6450;4;5;0.0779;0.6340;0.6729;Qwen3.5-4B
ID_6377288674588197;0.0943;0.1575;0.2000;0.1000;0.3000;0.0172;0.0172;0.1034;0.0172;0.2500;0.3657;1;6;0.0379;0.4551;0.4993;Qwen3.5-4B
ID_7615891473051775;0.1642;0.2408;0.2000;0.2000;0.3000;0.0256;0.0513;0.1538;0.0128;0.1791;0.6312;2;6;0.0384;0.3184;0.6757;Qwen3.5-4B
ID_8238856071147246;0.2749;0.2749;0.2000;0.1000;0.0500;0.1429;0.1429;0.1429;0.1429;0.1081;0.5756;1;1;0.1429;0.2027;0.6396;Qwen3.5-4B
ID_9404945858555096;0.3161;0.2871;0.4000;0.4000;0.2000;0.1538;0.3077;0.3077;0.1462;0.4454;0.6666;4;5;0.1462;0.4958;0.6842;Qwen3.5-4B
ID_1670622312616696;0.3024;0.2441;0.2000;0.3000;0.1500;0.0526;0.1579;0.1579;0.0852;0.2348;0.6121;3;3;0.0852;0.2565;0.7048;Qwen3.5-4B
ID_4581537476491370;0.0000;0.0149;0.0000;0.0000;0.0500;0.0000;0.0000;0.0417;0.0000;0.0605;0.3769;0;1;0.0026;0.1315;0.4749;Qwen3.5-4B
ID_8231471391500358;0.6550;0.4370;0.8000;0.7000;0.4000;0.0889;0.1556;0.1778;0.1393;0.2920;0.6399;7;8;0.1492;0.3136;0.6504;Qwen3.5-4B
ID_8582867831317500;0.5767;0.4095;0.6000;0.5000;0.3000;0.0732;0.1220;0.1463;0.0926;0.2656;0.7575;5;6;0.1039;0.2902;0.7313;Qwen3.5-4B
ID_2762761928704612;0.4016;0.3800;0.6000;0.5000;0.4500;0.0577;0.0962;0.1731;0.0514;0.2984;0.5837;5;9;0.0884;0.3933;0.7126;Qwen3.5-4B
ID_3794241680729178;0.5004;0.3653;0.8000;0.4000;0.2000;0.1600;0.1600;0.1600;0.1420;0.1290;0.6810;5;5;0.1420;0.1521;0.7071;Qwen3.5-4B
ID_5472512244993546;0.5424;0.5332;0.6000;0.4000;0.4500;0.0882;0.1176;0.2647;0.1050;0.0403;0.7157;4;11;0.1738;0.1210;0.7441;Qwen3.5-4B
ID_1325247019367288;0.0948;0.1035;0.2000;0.1000;0.1000;0.0476;0.0476;0.0952;0.0119;0.2498;0.5929;1;3;0.0198;0.4023;0.6850;Qwen3.5-4B
ID_0447165000513961;0.3094;0.3247;0.4000;0.3000;0.3500;0.0690;0.1034;0.2414;0.0819;0.4800;0.6550;3;7;0.1338;0.4800;0.6825;Qwen3.5-4B
ID_5168806776816009;0.4284;0.3290;0.4000;0.3000;0.2500;0.0465;0.0698;0.1163;0.0552;0.3244;0.6301;3;5;0.0701;0.4450;0.6169;Qwen3.5-4B
ID_1930698807457777;0.4992;0.5079;0.4000;0.3000;0.2500;0.1667;0.2500;0.4167;0.1479;0.1538;0.5332;6;10;0.2035;0.2308;0.6483;Qwen3.5-4B
ID_9479420856670926;0.4543;0.4389;0.2000;0.1000;0.1000;0.1111;0.1111;0.2222;0.1111;0.1408;0.4986;3;4;0.1250;0.1672;0.6868;Qwen3.5-4B
ID_3386857761295187;0.3608;0.3506;0.4000;0.4000;0.2500;0.1111;0.2222;0.2778;0.1333;0.5125;0.6284;4;6;0.1519;0.5625;0.6481;Qwen3.5-4B
ID_5582765254731004;0.0000;0.0000;0.0000;0.0000;0.0000;0.0000;0.0000;0.0000;0.0000;0.0304;0.7238;0;0;0.0000;0.0304;0.7238;Qwen3.5-4B
ID_9529870514669368;0.4266;0.4170;0.6000;0.4000;0.3500;0.1667;0.2222;0.3889;0.1259;0.3962;0.7067;6;10;0.1902;0.5077;0.6886;Qwen3.5-4B
ID_3319303431365448;0.3052;0.3018;0.4000;0.2000;0.2500;0.0541;0.0541;0.1351;0.0378;0.4214;0.3378;2;5;0.0579;0.5214;0.4438;Qwen3.5-4B
ID_7552747227876113;0.3759;0.3021;0.4000;0.4000;0.2000;0.0800;0.1600;0.1600;0.0870;0.5171;0.6717;4;4;0.0870;0.5570;0.7212;Qwen3.5-4B
ID_9430398566741698;0.2489;0.1977;0.4000;0.2000;0.1500;0.0667;0.0667;0.1000;0.0389;0.2588;0.6222;2;3;0.0444;0.3251;0.6945;Qwen3.5-4B
ID_6682919653508224;0.5541;0.4328;0.8000;0.4000;0.3000;0.1667;0.1667;0.2500;0.1583;0.7034;0.6256;4;6;0.1939;0.7310;0.6284;Qwen3.5-4B
ID_8886634592087842;0.3401;0.2975;0.4000;0.2000;0.2000;0.0769;0.0769;0.1538;0.0641;0.3832;0.6903;3;5;0.0874;0.4102;0.7452;Qwen3.5-4B
ID_2364470149264554;0.0352;0.1094;0.0000;0.1000;0.1500;0.0000;0.0357;0.1071;0.0045;0.5343;0.5468;1;4;0.0158;0.6193;0.5714;Qwen3.5-4B
ID_4762940910820774;0.4540;0.3860;0.6000;0.6000;0.4000;0.1000;0.2000;0.2667;0.1427;0.7577;0.7187;6;8;0.1761;0.8247;0.6957;Qwen3.5-4B
ID_1050709055776428;0.4614;0.3696;0.8000;0.4000;0.3000;0.1250;0.1250;0.1875;0.1005;0.3611;0.6601;4;7;0.1191;0.4024;0.6998;Qwen3.5-4B
ID_6472062816736936;0.6732;0.5065;1.0000;0.6000;0.4000;0.1020;0.1224;0.1633;0.1224;0.8297;0.6082;6;8;0.1436;0.8345;0.6230;Qwen3.5-4B
ID_6418711808050575;0.3681;0.3540;0.4000;0.5000;0.3000;0.0833;0.2083;0.2500;0.1429;0.3453;0.7405;5;8;0.1576;0.5108;0.7182;Qwen3.5-4B
ID_7541486051032916;0.3204;0.3153;0.4000;0.3000;0.2500;0.0741;0.1111;0.1852;0.0852;0.7053;0.6188;4;7;0.1084;0.7796;0.6616;Qwen3.5-4B
ID_4602221579308599;0.2048;0.1656;0.4000;0.2000;0.1500;0.0690;0.0690;0.1034;0.0287;0.0442;0.7326;2;3;0.0345;0.0718;0.7253;Qwen3.5-4B
ID_5936682335701497;0.4937;0.4253;0.6000;0.4000;0.2500;0.1579;0.2105;0.2632;0.1544;0.2159;0.6799;4;5;0.1719;0.2727;0.7422;Qwen3.5-4B
ID_7279612728721005;0.3601;0.3805;0.2000;0.4000;0.3000;0.0526;0.2105;0.3158;0.0927;0.6283;0.5494;4;6;0.1231;0.7699;0.6870;Qwen3.5-4B
ID_0204571709680830;0.2461;0.1961;0.2000;0.3000;0.2000;0.0303;0.0909;0.1212;0.0534;0.3546;0.7309;3;4;0.0627;0.4956;0.7178;Qwen3.5-4B
ID_8423282472108016;0.5424;0.3864;0.6000;0.4000;0.2500;0.0882;0.1176;0.1471;0.1050;0.2632;0.7187;4;5;0.1155;0.2878;0.7127;Qwen3.5-4B
ID_7698857382467031;0.2455;0.2110;0.2000;0.2000;0.1000;0.0769;0.1538;0.1538;0.0604;0.0889;0.7078;5;6;0.0604;0.0978;0.6650;Qwen3.5-4B
ID_8819255631696337;0.4354;0.4037;0.6000;0.3000;0.2500;0.1429;0.1429;0.2381;0.1151;0.2000;0.6312;4;6;0.1437;0.2966;0.7005;Qwen3.5-4B
ID_7999725101052805;0.4566;0.3652;0.8000;0.6000;0.3000;0.1600;0.2400;0.2400;0.2153;0.5221;0.4018;7;8;0.2153;0.5310;0.6216;Qwen3.5-4B
ID_7754712826522774;0.2527;0.4036;0.2000;0.3000;0.3500;0.0667;0.2000;0.4667;0.0724;0.3649;0.6624;3;8;0.1756;0.4613;0.6622;Qwen3.5-4B
ID_7316338454902623;0.0157;0.0663;0.0000;0.0000;0.0500;0.0000;0.0000;0.0625;0.0000;0.0607;0.5339;1;3;0.0045;0.1883;0.6636;Qwen3.5-4B
ID_2543067198319684;0.3378;0.3479;0.4000;0.4000;0.3500;0.0909;0.1818;0.3182;0.1017;0.3890;0.5471;4;7;0.1614;0.4589;0.6107;Qwen3.5-4B
ID_7532334620264577;0.3006;0.3392;0.6000;0.4000;0.4000;0.1071;0.1429;0.2857;0.0655;0.2651;0.7098;5;9;0.1219;0.3196;0.6812;Qwen3.5-4B
ID_2248201275641475;0.2001;0.3131;0.2000;0.3000;0.3500;0.0303;0.0909;0.2121;0.0352;0.1137;0.6663;3;7;0.0834;0.2510;0.7001;Qwen3.5-4B
ID_6601047915062407;0.6638;0.5114;0.6000;0.8000;0.4500;0.1429;0.3810;0.4286;0.2845;0.3427;0.6593;8;9;0.3098;0.3427;0.7079;Qwen3.5-4B
ID_6310868104861653;0.6278;0.5622;0.8000;0.7000;0.5000;0.1111;0.1944;0.2778;0.1711;0.2119;0.6660;7;10;0.2320;0.3086;0.7025;Qwen3.5-4B
ID_6555511233950866;0.2194;0.2099;0.4000;0.2000;0.1500;0.1250;0.1250;0.1875;0.0563;0.2588;0.5246;2;4;0.0656;0.3647;0.5882;Qwen3.5-4B
ID_1357061371579771;0.3994;0.2835;0.2000;0.4000;0.2500;0.0312;0.1250;0.1562;0.0707;0.0844;0.6883;4;5;0.0811;0.1323;0.6710;Qwen3.5-4B
ID_8800482045346370;0.5718;0.5363;0.6000;0.5000;0.3000;0.1667;0.2778;0.3333;0.2212;0.2364;0.6783;5;8;0.2489;0.2727;0.7076;Qwen3.5-4B
ID_2694197910478313;0.0000;0.0000;0.0000;0.0000;0.0000;0.0000;0.0000;0.0000;0.0000;0.0000;0.7229;0;0;0.0000;0.0000;0.7229;Qwen3.5-4B
ID_5428410587250830;0.3590;0.3443;0.4000;0.2000;0.2500;0.1000;0.1000;0.2500;0.1000;0.1119;0.6075;2;5;0.1383;0.1493;0.7339;Qwen3.5-4B
ID_5839835671483987;0.2475;0.1948;0.4000;0.3000;0.1500;0.1000;0.1500;0.1500;0.0631;0.4290;0.6869;4;4;0.0631;0.4708;0.6882;Qwen3.5-4B
ID_5911570002355863;0.0000;0.0875;0.0000;0.0000;0.1500;0.0000;0.0000;0.0698;0.0000;0.2865;0.6907;0;4;0.0081;0.4062;0.6375;Qwen3.5-4B
ID_6535298436643783;0.2607;0.2275;0.2000;0.1000;0.1000;0.0385;0.0385;0.0769;0.0385;0.1192;0.7429;1;2;0.0449;0.2808;0.7190;Qwen3.5-4B
ID_0228970585981305;0.2681;0.2437;0.2000;0.3000;0.2000;0.0500;0.1500;0.2000;0.0542;0.4620;0.4405;4;6;0.0685;0.5924;0.5668;Qwen3.5-4B
ID_6786625245467484;0.4056;0.4292;0.6000;0.5000;0.3500;0.1429;0.2381;0.3333;0.1687;0.4963;0.7035;5;8;0.2182;0.5551;0.6708;Qwen3.5-4B
ID_0577007377836185;0.1396;0.1618;0.0000;0.2000;0.2500;0.0000;0.0526;0.1316;0.0096;0.1915;0.6793;2;5;0.0350;0.4681;0.7408;Qwen3.5-4B
ID_0668341723493631;0.2744;0.2589;0.6000;0.6000;0.5000;0.0536;0.1071;0.1786;0.0785;0.4909;0.6237;6;10;0.1205;0.5455;0.6980;Qwen3.5-4B
ID_2280062846829854;0.4124;0.3972;0.6000;0.4000;0.4000;0.1034;0.1379;0.2759;0.0839;0.4940;0.6733;4;9;0.1472;0.5271;0.6783;Qwen3.5-4B
ID_0382135664206404;0.2212;0.2109;0.0000;0.3000;0.3000;0.0000;0.1034;0.2069;0.0285;0.2822;0.8297;3;7;0.0662;0.4604;0.7926;Qwen3.5-4B
ID_1635197498453054;0.1299;0.2489;0.0000;0.2000;0.3000;0.0000;0.0625;0.1875;0.0097;0.1209;0.8079;2;6;0.0418;0.3516;0.8109;Qwen3.5-4B
ID_2691497637313274;0.4472;0.4325;0.6000;0.5000;0.4500;0.0612;0.1020;0.1837;0.0825;0.2149;0.7206;6;10;0.1245;0.2975;0.7120;Qwen3.5-4B
ID_3192535148881095;0.6347;0.6326;0.8000;0.7000;0.6000;0.1739;0.3043;0.5217;0.2605;0.6897;0.5840;7;12;0.4016;0.8079;0.6495;Qwen3.5-4B
ID_6233411996499255;0.3864;0.2704;0.4000;0.4000;0.2500;0.0476;0.0952;0.1190;0.0701;0.7397;0.7850;4;5;0.0793;0.7882;0.7357;Qwen3.5-4B
ID_8921922898103482;0.3785;0.3920;0.4000;0.3000;0.3000;0.0645;0.0968;0.1935;0.0581;0.2081;0.6174;3;6;0.0864;0.2699;0.6296;Qwen3.5-4B
ID_8302650734477213;0.5200;0.3356;0.6000;0.4000;0.2000;0.1154;0.1538;0.1538;0.1229;0.5992;0.6611;4;4;0.1229;0.5992;0.7225;Qwen3.5-4B
ID_3306508070151070;0.2279;0.2249;0.2000;0.3000;0.2000;0.0400;0.1200;0.1600;0.0344;0.3223;0.6285;3;4;0.0467;0.6484;0.6684;Qwen3.5-4B
ID_8901320181295016;0.3590;0.2925;0.4000;0.2000;0.1500;0.0769;0.0769;0.1154;0.0769;0.3642;0.6740;2;3;0.0830;0.5549;0.6793;Qwen3.5-4B
ID_9787209999258590;0.4223;0.3956;0.8000;0.5000;0.3000;0.2105;0.2632;0.3158;0.2263;0.4717;0.7257;5;7;0.2461;0.5971;0.7544;Qwen3.5-4B
ID_6806598641626508;0.5155;0.5458;0.6000;0.5000;0.5000;0.1111;0.1852;0.3704;0.1286;0.4460;0.5488;6;11;0.2279;0.5369;0.6255;Qwen3.5-4B
ID_7690248628577122;0.2935;0.2632;0.2000;0.2000;0.2000;0.0303;0.0606;0.1212;0.0390;0.2714;0.6063;2;5;0.0518;0.3197;0.6752;Qwen3.5-4B
ID_4361220072322558;0.2246;0.1675;0.6000;0.4000;0.2000;0.0938;0.1250;0.1250;0.0587;0.2494;0.6549;5;7;0.0587;0.3632;0.6452;Qwen3.5-4B
ID_7106998317216646;0.2796;0.2090;0.4000;0.2000;0.1000;0.0870;0.0870;0.0870;0.0870;0.0521;0.7527;2;2;0.0870;0.0521;0.7672;Qwen3.5-4B
ID_4175509016219914;0.3973;0.3548;0.4000;0.4000;0.3000;0.0625;0.1250;0.1875;0.0667;0.2838;0.6010;4;8;0.0926;0.4467;0.6443;Qwen3.5-4B
ID_4210289862552350;0.3529;0.2976;0.8000;0.5000;0.3500;0.1333;0.1667;0.2333;0.1091;0.2585;0.6089;5;8;0.1439;0.3155;0.6515;Qwen3.5-4B
ID_6167112361623319;0.6222;0.5352;1.0000;0.7000;0.5000;0.1515;0.2121;0.3030;0.2011;0.4947;0.6433;8;11;0.2675;0.5579;0.6876;Qwen3.5-4B
ID_0863139085649116;0.3473;0.3225;0.2000;0.1000;0.0500;0.0909;0.0909;0.0909;0.0909;0.4977;0.5674;1;3;0.0909;0.6065;0.5849;Qwen3.5-4B
ID_0412902005436369;0.3836;0.3607;0.4000;0.3000;0.3000;0.0714;0.1071;0.2143;0.0679;0.4083;0.4889;3;6;0.0993;0.4833;0.6077;Qwen3.5-4B
ID_0564459901385144;0.3522;0.3625;0.6000;0.4000;0.4500;0.1111;0.1481;0.3333;0.0957;0.5574;0.5451;5;11;0.1821;0.6656;0.6051;Qwen3.5-4B
ID_3888832724995864;0.6957;0.5089;0.8000;0.6000;0.4000;0.1429;0.2143;0.2857;0.2032;0.6230;0.5913;8;10;0.2409;0.6543;0.6088;Qwen3.5-4B
ID_6408169127073219;0.5003;0.4383;0.8000;0.4000;0.3000;0.1600;0.1600;0.2400;0.1520;0.4089;0.6579;5;8;0.1823;0.5222;0.6819;Qwen3.5-4B
ID_2097340857065853;0.4074;0.3134;0.6000;0.4000;0.3000;0.1111;0.1481;0.2222;0.0866;0.6649;0.5625;4;6;0.1115;0.6703;0.4706;Qwen3.5-4B
ID_2559066882962466;0.2744;0.2538;0.4000;0.2000;0.1000;0.2857;0.2857;0.2857;0.1190;0.2068;0.4107;3;3;0.1190;0.2092;0.3045;Qwen3.5-4B
ID_3720190068644174;0.1280;0.1332;0.2000;0.2000;0.1500;0.0357;0.0714;0.1071;0.0190;0.2970;0.5578;5;7;0.0280;0.4803;0.6021;Qwen3.5-4B
ID_1870389730408675;0.4852;0.4391;0.6000;0.4000;0.4000;0.0909;0.1212;0.2424;0.1006;0.0730;0.6440;4;8;0.1567;0.1778;0.6407;Qwen3.5-4B
ID_2888737036015916;0.5602;0.5192;0.4000;0.5000;0.3000;0.1250;0.3125;0.3750;0.2024;0.3263;0.7278;6;7;0.2258;0.3729;0.7392;Qwen3.5-4B
ID_5633763429024541;0.6607;0.5224;0.8000;0.7000;0.5000;0.1026;0.1795;0.2564;0.1631;0.3106;0.5584;7;11;0.2163;0.4876;0.6256;Qwen3.5-4B
ID_8047078292358267;0.3463;0.2982;0.6000;0.5000;0.3500;0.0577;0.0962;0.1346;0.0564;0.1622;0.5296;5;7;0.0756;0.3468;0.6113;Qwen3.5-4B
ID_2934031372127516;0.4374;0.3794;0.4000;0.3000;0.2500;0.0769;0.1154;0.1923;0.0962;0.2947;0.5941;3;5;0.1165;0.3158;0.6566;Qwen3.5-4B
ID_0961955935523938;0.6204;0.5211;0.8000;0.5000;0.4500;0.1081;0.1351;0.2432;0.1177;0.3491;0.6286;5;9;0.1703;0.4440;0.6341;Qwen3.5-4B
ID_1747170505344631;0.5716;0.5462;0.8000;0.6000;0.5500;0.0690;0.1034;0.1897;0.0721;0.3815;0.6923;6;11;0.1222;0.4277;0.7238;Qwen3.5-4B
ID_4961539278604455;0.6649;0.4606;1.0000;0.9000;0.5500;0.1042;0.1875;0.2292;0.1854;0.5467;0.6038;9;11;0.2178;0.6333;0.6131;Qwen3.5-4B
ID_0162059400153020;0.5564;0.4651;0.4000;0.5000;0.4000;0.0426;0.1064;0.1702;0.0686;0.3947;0.5605;6;9;0.0975;0.4940;0.6754;Qwen3.5-4B
ID_3613722593784448;0.3590;0.3629;0.4000;0.2000;0.1500;0.1538;0.1538;0.2308;0.1538;0.1077;0.7506;2;3;0.1660;0.1489;0.7574;Qwen3.5-4B
ID_0094007714707651;0.7357;0.5639;0.8000;0.7000;0.5000;0.1053;0.1842;0.2632;0.1675;0.6579;0.6501;7;10;0.2197;0.7061;0.6537;Qwen3.5-4B
ID_6501120313475077;0.5336;0.5284;0.8000;0.5000;0.4000;0.2105;0.2632;0.4211;0.1806;0.4325;0.6871;6;10;0.2447;0.5175;0.6621;Qwen3.5-4B
ID_5373491670322208;0.3996;0.3104;0.4000;0.3000;0.2500;0.0526;0.0789;0.1316;0.0537;0.5455;0.6365;3;6;0.0668;0.5947;0.6544;Qwen3.5-4B
ID_4041211770858318;0.3196;0.2568;0.2000;0.2000;0.1000;0.0400;0.0800;0.0800;0.0533;0.2694;0.5714;3;3;0.0533;0.3860;0.7222;Qwen3.5-4B
ID_8696858608013659;0.3963;0.3802;0.6000;0.5000;0.4000;0.0968;0.1613;0.2581;0.1013;0.2668;0.5681;5;8;0.1486;0.3441;0.6373;Qwen3.5-4B
ID_2137955582623291;0.4767;0.3077;0.6000;0.5000;0.2500;0.0750;0.1250;0.1250;0.0729;0.5901;0.5529;5;5;0.0729;0.6025;0.6504;Qwen3.5-4B
ID_2538824540800669;0.4627;0.4955;0.8000;0.4000;0.4000;0.2105;0.2105;0.4211;0.2000;0.4216;0.5310;4;9;0.3046;0.4608;0.4760;Qwen3.5-4B
ID_7686768230673663;0.3620;0.3021;0.6000;0.3000;0.2000;0.0769;0.0769;0.1026;0.0620;0.2225;0.7170;3;4;0.0677;0.2615;0.7351;Qwen3.5-4B
ID_8884890472193474;0.6725;0.7242;0.8000;0.6000;0.4000;0.3333;0.5000;0.6667;0.4187;0.4857;0.4962;7;11;0.5150;0.5714;0.5412;Qwen3.5-4B
ID_0996374647319169;0.4054;0.4006;0.6000;0.4000;0.3000;0.2308;0.3077;0.4615;0.2440;0.4060;0.6402;7;9;0.3065;0.4423;0.6906;Qwen3.5-4B
ID_4393307698703691;0.6356;0.5613;0.8000;0.5000;0.3500;0.2105;0.2632;0.3684;0.2132;0.4400;0.4934;5;8;0.2589;0.5467;0.5162;Qwen3.5-4B
ID_4735276653354808;0.3591;0.3152;0.4000;0.5000;0.3000;0.1111;0.2778;0.3333;0.1265;0.5024;0.5927;5;6;0.1568;0.5360;0.6329;Qwen3.5-4B
ID_8858800699425352;0.2628;0.3960;0.2000;0.2000;0.3500;0.0345;0.0690;0.2414;0.0460;0.4973;0.5441;3;8;0.1032;0.6362;0.6400;Qwen3.5-4B
ID_8393091904397047;0.6274;0.5325;0.8000;0.5000;0.4000;0.2000;0.2500;0.4000;0.2250;0.8404;0.6261;5;8;0.3006;0.8617;0.6500;Qwen3.5-4B
ID_0654750186618555;0.4303;0.3183;0.8000;0.4000;0.2500;0.1429;0.1429;0.1786;0.1429;0.6009;0.6274;4;5;0.1540;0.6180;0.6319;Qwen3.5-4B
ID_7821202163306775;0.5291;0.4158;0.4000;0.5000;0.2500;0.1053;0.2632;0.2632;0.1747;0.2430;0.6021;6;7;0.1747;0.2523;0.6475;Qwen3.5-4B
ID_1966638146185479;0.3897;0.3398;0.6000;0.3000;0.2500;0.1034;0.1034;0.1724;0.1034;0.5423;0.6631;3;5;0.1282;0.5423;0.6762;Qwen3.5-4B
ID_9670001528699130;0.2431;0.2023;0.4000;0.2000;0.1500;0.0714;0.0714;0.1071;0.0357;0.4310;0.6296;3;5;0.0411;0.4379;0.6864;Qwen3.5-4B
ID_6751513272539561;0.0663;0.0811;0.0000;0.1000;0.1000;0.0000;0.0370;0.0741;0.0041;0.5649;0.6762;1;2;0.0103;0.6590;0.7137;Qwen3.5-4B
ID_2529689139869418;0.5398;0.3807;0.8000;0.5000;0.3000;0.0909;0.1136;0.1364;0.0920;0.2746;0.7304;5;6;0.0989;0.3098;0.7529;Qwen3.5-4B
ID_3413970389346369;0.2161;0.2226;0.4000;0.3000;0.2500;0.1176;0.1765;0.2941;0.0750;0.4586;0.6523;4;6;0.1091;0.6051;0.6302;Qwen3.5-4B
ID_4655532473617635;0.4315;0.3496;0.2000;0.4000;0.3000;0.0400;0.1600;0.2400;0.0843;0.1899;0.6647;4;6;0.1136;0.2016;0.6790;Qwen3.5-4B
ID_8401671962644482;0.0535;0.0491;0.0000;0.1000;0.1000;0.0000;0.0303;0.0606;0.0030;0.2478;0.7634;3;4;0.0066;0.2810;0.7642;Qwen3.5-4B
ID_0398100561592326;0.8221;0.5817;1.0000;0.8000;0.5000;0.0980;0.1569;0.1961;0.1547;0.5714;0.5959;8;10;0.1804;0.5994;0.6526;Qwen3.5-4B
ID_8333591932027056;0.2618;0.2700;0.2000;0.3000;0.3000;0.0312;0.0938;0.1875;0.0342;0.3665;0.7175;3;6;0.0606;0.7019;0.6886;Qwen3.5-4B
ID_2194175558834284;0.4446;0.3501;0.6000;0.5000;0.3500;0.1034;0.1724;0.2414;0.1073;0.2281;0.6724;5;7;0.1353;0.2807;0.7149;Qwen3.5-4B
ID_3769826743537934;0.3273;0.2544;0.4000;0.3000;0.2000;0.0571;0.0857;0.1143;0.0476;0.3167;0.5787;3;6;0.0540;0.4389;0.7081;Qwen3.5-4B
ID_3989136572460030;0.3268;0.3156;0.4000;0.3000;0.2000;0.1053;0.1579;0.2105;0.1278;0.4258;0.6625;4;7;0.1419;0.4417;0.6694;Qwen3.5-4B
ID_0883514984489904;0.1840;0.1580;0.0000;0.3000;0.1500;0.0000;0.2000;0.2000;0.0462;0.4070;0.5140;3;4;0.0462;0.5000;0.6434;Qwen3.5-4B
ID_5783141369706484;0.4693;0.5116;1.0000;0.6000;0.4500;0.1613;0.1935;0.2903;0.1828;0.5000;0.7125;6;9;0.2292;0.5292;0.6728;Qwen3.5-4B
ID_4724455372300363;0.0000;0.0000;0.0000;0.0000;0.0000;0.0000;0.0000;0.0000;0.0000;0.0085;0.7836;0;0;0.0000;0.0496;0.7423;Qwen3.5-4B
ID_4351583784137968;0.5229;0.4548;0.6000;0.5000;0.3500;0.1154;0.1923;0.2692;0.1171;0.3167;0.7222;5;7;0.1555;0.3785;0.6639;Qwen3.5-4B
ID_3595605534544460;0.3136;0.2354;0.2000;0.3000;0.2500;0.0244;0.0732;0.1220;0.0371;0.3158;0.5633;3;5;0.0554;0.4316;0.6025;Qwen3.5-4B
ID_7445996639798624;0.6706;0.4699;0.8000;0.6000;0.4000;0.1053;0.1579;0.2105;0.1447;0.5161;0.6506;6;8;0.1661;0.5723;0.6486;Qwen3.5-4B
ID_8897713171950671;0.4035;0.2977;0.6000;0.4000;0.2500;0.0909;0.1212;0.1515;0.0687;0.2371;0.6080;4;5;0.0803;0.2538;0.6564;Qwen3.5-4B
ID_3350273914280971;0.1032;0.2239;0.2000;0.1000;0.1500;0.1429;0.1429;0.4286;0.0714;0.1515;0.6640;1;4;0.1160;0.2273;0.6734;Qwen3.5-4B
ID_5994153651109853;0.2173;0.1925;0.2000;0.2000;0.1500;0.0556;0.1111;0.1667;0.0463;0.1978;0.7218;2;3;0.0551;0.2308;0.7374;Qwen3.5-4B
ID_4643189791834470;0.5885;0.4656;0.8000;0.5000;0.4000;0.0909;0.1136;0.1818;0.0920;0.2360;0.6089;5;8;0.1238;0.3371;0.6499;Qwen3.5-4B
ID_0574180390413250;0.6828;0.6221;0.8000;0.7000;0.6000;0.0769;0.1346;0.2308;0.1190;0.1044;0.6555;7;12;0.1861;0.1165;0.6781;Qwen3.5-4B
ID_9242177701163550;0.0636;0.0846;0.0000;0.1000;0.1000;0.0000;0.0526;0.1053;0.0053;0.4400;0.6500;1;2;0.0148;0.4800;0.6743;Qwen3.5-4B
ID_3429432950576137;0.2595;0.3052;0.2000;0.2000;0.3000;0.0233;0.0465;0.1395;0.0279;0.0880;0.6122;3;7;0.0530;0.1880;0.6883;Qwen3.5-4B
ID_7523068114278574;0.3597;0.2411;0.2000;0.3000;0.1500;0.0323;0.0968;0.0968;0.0522;0.4160;0.7131;3;3;0.0522;0.4293;0.7266;Qwen3.5-4B
ID_0588546982625730;0.7753;0.5359;0.8000;0.7000;0.4000;0.0952;0.1667;0.1905;0.1516;0.3953;0.6409;7;8;0.1643;0.4160;0.6781;Qwen3.5-4B
ID_2030746662248842;0.2879;0.4392;0.4000;0.2000;0.5000;0.0556;0.0556;0.2778;0.0463;0.5322;0.3225;4;12;0.1358;0.5887;0.5665;Qwen3.5-4B
ID_2248844091470333;0.6653;0.4730;0.6000;0.6000;0.3500;0.0938;0.1875;0.2188;0.1478;0.4204;0.5759;6;7;0.1677;0.4425;0.6728;Qwen3.5-4B
ID_3752951275341381;0.4177;0.3211;0.4000;0.4000;0.2500;0.0541;0.1081;0.1351;0.0764;0.3239;0.7203;4;5;0.0887;0.3709;0.7017;Qwen3.5-4B
ID_9859511150127352;0.6332;0.4823;0.8000;0.5000;0.3500;0.1290;0.1613;0.2258;0.1492;0.7245;0.6644;5;7;0.1801;0.7629;0.6587;Qwen3.5-4B
ID_0967035318418472;0.3679;0.2374;0.2000;0.3000;0.1500;0.0227;0.0682;0.0682;0.0388;0.3086;0.6739;3;3;0.0388;0.3101;0.7007;Qwen3.5-4B
ID_4767998352165705;0.7152;0.5655;1.0000;0.6000;0.4500;0.1111;0.1333;0.2000;0.1259;0.2202;0.6798;6;9;0.1587;0.2661;0.6905;Qwen3.5-4B
ID_8045962313218352;0.2115;0.2214;0.6000;0.3000;0.2000;0.1500;0.1500;0.2000;0.0800;0.5000;0.6869;4;5;0.0982;0.6042;0.7014;Qwen3.5-4B
ID_0164449213607380;0.3138;0.3404;0.6000;0.5000;0.4000;0.1364;0.2273;0.3636;0.1131;0.5101;0.6808;6;10;0.1766;0.5369;0.7326;Qwen3.5-4B
ID_2680905746363331;0.5634;0.5365;0.4000;0.3000;0.2000;0.5000;0.7500;1.0000;0.5104;0.2892;0.6731;3;4;0.5660;0.4096;0.7000;Qwen3.5-4B
ID_7305428791149745;0.2489;0.1702;0.4000;0.2000;0.1000;0.1000;0.1000;0.1000;0.0583;0.3487;0.7142;2;2;0.0583;0.4211;0.7221;Qwen3.5-4B
ID_7464190101117707;0.4318;0.3431;0.6000;0.5000;0.2500;0.1667;0.2778;0.2778;0.1590;0.4150;0.6736;5;5;0.1590;0.4800;0.6963;Qwen3.5-4B
ID_4713778521629486;0.3335;0.2813;0.4000;0.3000;0.1500;0.1538;0.2308;0.2308;0.0821;0.0820;0.7960;4;5;0.0821;0.1557;0.7810;Qwen3.5-4B
ID_6841118121493906;0.1884;0.1589;0.2000;0.2000;0.1500;0.0312;0.0625;0.0938;0.0208;0.0981;0.6624;2;3;0.0280;0.1259;0.6711;Qwen3.5-4B
ID_7881527576747420;0.5979;0.4957;0.8000;0.7000;0.5000;0.1212;0.2121;0.3030;0.1667;0.2386;0.5082;8;12;0.2210;0.2741;0.5941;Qwen3.5-4B
ID_8080838290715777;0.7223;0.5002;1.0000;0.6000;0.3500;0.1282;0.1538;0.1795;0.1502;0.5670;0.7200;6;7;0.1607;0.6518;0.6847;Qwen3.5-4B
ID_4678263012118887;0.0000;0.0000;0.0000;0.0000;0.0000;0.0000;0.0000;0.0000;0.0000;0.2667;0.6897;0;0;0.0000;0.4000;0.7039;Qwen3.5-4B
ID_1528177121436914;0.4323;0.4457;0.4000;0.3000;0.3500;0.0690;0.1034;0.2414;0.0837;0.3057;0.7235;3;7;0.1355;0.3624;0.7369;Qwen3.5-4B
ID_8455588138553589;0.2979;0.3306;0.2000;0.4000;0.4000;0.0435;0.1739;0.3478;0.0698;0.5628;0.7377;4;8;0.1535;0.6080;0.6861;Qwen3.5-4B
ID_8280035478871760;0.0000;0.0334;0.0000;0.0000;0.0500;0.0000;0.0000;0.0270;0.0000;0.0348;0.7910;0;1;0.0015;0.0411;0.8082;Qwen3.5-4B
ID_8655706520516310;0.6902;0.5515;0.8000;0.7000;0.5000;0.1081;0.1892;0.2703;0.1536;0.2658;0.6054;7;10;0.2012;0.2658;0.6346;Qwen3.5-4B
ID_9362702262041806;0.6304;0.4432;0.6000;0.6000;0.3500;0.0909;0.1818;0.2121;0.1411;0.4773;0.5397;6;7;0.1562;0.5581;0.6598;Qwen3.5-4B
ID_4341858493092611;0.2240;0.3077;0.4000;0.2000;0.3500;0.0800;0.0800;0.2800;0.0360;0.3506;0.7393;2;7;0.0976;0.4805;0.7294;Qwen3.5-4B
ID_0353944603330456;0.4552;0.4293;0.8000;0.5000;0.5500;0.0690;0.0862;0.1897;0.0833;0.6254;0.5665;5;11;0.1423;0.9565;0.6321;Qwen3.5-4B
ID_1263334983122560;0.1108;0.0849;0.2000;0.2000;0.1000;0.0476;0.0952;0.0952;0.0254;0.5244;0.6179;2;2;0.0254;0.5610;0.5764;Qwen3.5-4B
ID_6319604227674654;0.7538;0.5593;0.6000;0.7000;0.4500;0.0909;0.2121;0.2727;0.1767;0.5497;0.7062;7;9;0.2135;0.5629;0.6848;Qwen3.5-4B
ID_6815299644750648;0.4298;0.3798;0.2000;0.1000;0.0500;0.2000;0.2000;0.2000;0.2000;0.6384;0.7008;4;4;0.2000;0.6545;0.7117;Qwen3.5-4B
ID_7276765928582051;0.5232;0.3433;0.6000;0.4000;0.2000;0.1000;0.1333;0.1333;0.1083;0.6709;0.7071;4;5;0.1083;0.7109;0.7194;Qwen3.5-4B
ID_0654596992211296;0.4132;0.4469;0.4000;0.5000;0.5000;0.0690;0.1724;0.3448;0.0814;0.2598;0.7350;5;11;0.1674;0.3520;0.7169;Qwen3.5-4B
ID_0852938701434556;0.5393;0.4699;0.6000;0.3000;0.1500;0.2308;0.2308;0.2308;0.2000;0.3815;0.7107;4;5;0.2000;0.4000;0.7021;Qwen3.5-4B
ID_9482625774233084;0.6571;0.6294;0.6000;0.3000;0.2000;0.3750;0.3750;0.5000;0.3250;0.6081;0.7171;5;7;0.3513;0.6486;0.7396;Qwen3.5-4B
ID_0055080134892269;0.0734;0.2217;0.0000;0.1000;0.2500;0.0000;0.0556;0.2778;0.0079;0.1641;0.6264;1;5;0.0602;0.2652;0.6305;Qwen3.5-4B
ID_4006510528939253;0.6746;0.5928;0.8000;0.6000;0.4000;0.1667;0.2500;0.3333;0.2242;0.1172;0.6352;7;11;0.2742;0.2109;0.6734;Qwen3.5-4B
ID_8922470135347131;0.5798;0.4689;0.8000;0.6000;0.3500;0.1739;0.2609;0.3043;0.1743;0.5943;0.6438;9;11;0.1946;0.6338;0.6464;Qwen3.5-4B
ID_4280649883963631;0.6275;0.4050;0.8000;0.5000;0.2500;0.1429;0.1786;0.1786;0.1612;0.1250;0.6521;5;5;0.1612;0.1382;0.6606;Qwen3.5-4B
ID_7315358137176715;0.5082;0.4000;0.6000;0.5000;0.4500;0.0625;0.1042;0.1875;0.0707;0.7660;0.5133;5;10;0.1097;0.8085;0.6006;Qwen3.5-4B
ID_0473342349140026;0.4997;0.4133;0.8000;0.5000;0.3000;0.1481;0.1852;0.2222;0.1500;0.3706;0.6193;5;6;0.1685;0.5127;0.6689;Qwen3.5-4B
ID_5557224649687028;0.3993;0.2676;0.4000;0.3000;0.1500;0.0870;0.1304;0.1304;0.0795;0.2885;0.7416;5;7;0.0795;0.3654;0.7316;Qwen3.5-4B
ID_4643608666899616;0.4697;0.3536;0.6000;0.5000;0.3500;0.0698;0.1163;0.1628;0.0656;0.3898;0.7150;5;7;0.0842;0.4606;0.7395;Qwen3.5-4B
ID_6499108085922209;0.0379;0.0427;0.2000;0.1000;0.0500;0.0500;0.0500;0.0500;0.0100;0.0442;0.7605;1;3;0.0100;0.1195;0.8020;Qwen3.5-4B
ID_6212006974231025;0.6543;0.4563;0.8000;0.6000;0.3500;0.1026;0.1538;0.1795;0.1410;0.1383;0.5684;6;7;0.1516;0.2234;0.6502;Qwen3.5-4B
ID_8079423496391852;0.4634;0.3889;0.6000;0.5000;0.4000;0.0698;0.1163;0.1860;0.0656;0.2984;0.7064;5;8;0.1032;0.4895;0.6939;Qwen3.5-4B
ID_2725348719800518;0.1389;0.1356;0.2000;0.1000;0.1000;0.0370;0.0370;0.0741;0.0185;0.1003;0.7041;1;2;0.0247;0.3139;0.7113;Qwen3.5-4B
ID_0720020819590155;0.5449;0.4829;0.4000;0.6000;0.5500;0.0571;0.1714;0.3143;0.1036;0.6216;0.5819;6;11;0.1797;0.6396;0.6053;Qwen3.5-4B
ID_4755946475264985;0.2475;0.2689;0.4000;0.2000;0.2500;0.0625;0.0625;0.1562;0.0260;0.4621;0.6767;4;7;0.0526;0.5552;0.7080;Qwen3.5-4B
ID_9361477493709726;0.0406;0.0329;0.2000;0.1000;0.0500;0.0323;0.0323;0.0323;0.0081;0.1031;0.6842;1;1;0.0081;0.1390;0.7424;Qwen3.5-4B
ID_5424781102486268;0.1635;0.1787;0.2000;0.2000;0.2000;0.0294;0.0588;0.1176;0.0157;0.0765;0.7470;2;4;0.0304;0.2862;0.7377;Qwen3.5-4B
ID_5760422122697584;0.1675;0.2806;0.4000;0.4000;0.4500;0.0513;0.1026;0.2308;0.0530;0.1008;0.6505;4;9;0.1164;0.2168;0.5946;Qwen3.5-4B
ID_2034064321016097;0.1490;0.2225;0.2000;0.2000;0.2000;0.0667;0.1333;0.2667;0.0556;0.3384;0.6227;2;4;0.0814;0.3686;0.6427;Qwen3.5-4B
ID_8486464868891415;0.6151;0.4682;0.6000;0.7000;0.4000;0.1250;0.2917;0.3333;0.2124;0.3750;0.7003;7;8;0.2427;0.4000;0.7150;Qwen3.5-4B
ID_3668865753002430;0.3572;0.3240;0.4000;0.4000;0.2000;0.2500;0.5000;0.5000;0.2431;0.4421;0.6233;6;7;0.2431;0.5305;0.6721;Qwen3.5-4B
ID_0277415539607307;0.2883;0.3226;0.2000;0.3000;0.3500;0.0303;0.0909;0.2121;0.0481;0.3582;0.5751;4;8;0.0869;0.4492;0.5862;Qwen3.5-4B
ID_7259294879683133;0.3288;0.2850;0.4000;0.4000;0.3000;0.0444;0.0889;0.1333;0.0466;0.4929;0.6796;4;6;0.0640;0.5464;0.7237;Qwen3.5-4B
ID_7272998564858059;0.2605;0.3728;0.4000;0.3000;0.4000;0.0690;0.1034;0.2759;0.0793;0.0455;0.6668;3;8;0.1479;0.0455;0.7139;Qwen3.5-4B
ID_7090419604571199;0.1962;0.2284;0.0000;0.2000;0.1500;0.0000;0.1538;0.2308;0.0302;0.4716;0.6257;4;6;0.0418;0.5599;0.6764;Qwen3.5-4B
ID_6066310198344526;0.0792;0.0717;0.0000;0.1000;0.0500;0.0000;0.0556;0.0556;0.0079;0.2661;0.6168;1;2;0.0079;0.2839;0.6466;Qwen3.5-4B
ID_3971663510252293;0.2201;0.1827;0.2000;0.1000;0.1000;0.0556;0.0556;0.1111;0.0556;0.2238;0.6290;1;2;0.0617;0.2812;0.6175;Qwen3.5-4B
ID_1050516524103988;0.6129;0.5041;0.8000;0.6000;0.3500;0.1818;0.2727;0.3182;0.2325;0.7122;0.5721;6;7;0.2614;0.7463;0.7063;Qwen3.5-4B
ID_0585283327853481;0.4632;0.3925;0.4000;0.4000;0.3000;0.0625;0.1250;0.1875;0.0763;0.0923;0.6648;4;6;0.0959;0.1077;0.6930;Qwen3.5-4B
ID_1409610093547012;0.5083;0.3997;0.6000;0.5000;0.3000;0.1304;0.2174;0.2609;0.1420;0.5068;0.7054;7;8;0.1657;0.5068;0.6768;Qwen3.5-4B
ID_3033400086575581;0.2916;0.2815;0.2000;0.2000;0.1500;0.0357;0.0714;0.1071;0.0437;0.3627;0.7283;3;5;0.0490;0.3908;0.7291;Qwen3.5-4B
ID_2714004273523549;0.4690;0.4475;0.6000;0.3000;0.3500;0.0612;0.0612;0.1429;0.0612;0.1799;0.7376;3;7;0.0920;0.2768;0.7462;Qwen3.5-4B
ID_3274735424220270;0.6744;0.4769;1.0000;0.6000;0.3000;0.1667;0.2000;0.2000;0.1867;0.3060;0.7473;7;8;0.1867;0.3155;0.7550;Qwen3.5-4B
ID_5832250655889116;0.2167;0.2939;0.2000;0.4000;0.4000;0.0333;0.1333;0.2667;0.0485;0.1695;0.6294;4;8;0.1106;0.2886;0.6564;Qwen3.5-4B
ID_0280121582234738;0.2727;0.3523;0.0000;0.4000;0.4500;0.0000;0.1143;0.2571;0.0322;0.4233;0.6475;4;9;0.0954;0.5637;0.6579;Qwen3.5-4B
ID_7248774319455970;0.1741;0.1430;0.2000;0.1000;0.0500;0.2000;0.2000;0.2000;0.0400;0.2473;0.7118;3;3;0.0400;0.2721;0.7179;Qwen3.5-4B
ID_1241656328850074;0.1330;0.4006;0.2000;0.1000;0.2000;0.2000;0.2000;0.8000;0.0500;0.1327;0.5865;3;7;0.1979;0.3776;0.6837;Qwen3.5-4B
ID_7441669258580942;0.4566;0.3641;0.6000;0.5000;0.3500;0.1071;0.1786;0.2500;0.1409;0.3581;0.6964;5;9;0.1780;0.4224;0.6674;Qwen3.5-4B
ID_0477045906733254;0.2820;0.2310;0.4000;0.5000;0.3000;0.0588;0.1471;0.1765;0.1008;0.3748;0.6349;5;9;0.1169;0.5448;0.6537;Qwen3.5-4B
ID_7740917144757410;0.7917;0.5843;1.0000;0.7000;0.4500;0.1190;0.1667;0.2143;0.1603;0.6709;0.5969;7;10;0.1837;0.7034;0.5979;Qwen3.5-4B
ID_5898801580033554;0.4332;0.3323;0.6000;0.4000;0.3000;0.0750;0.1000;0.1500;0.0854;0.3646;0.6911;4;6;0.1042;0.4260;0.7203;Qwen3.5-4B
ID_0034894070455412;0.6308;0.4071;0.8000;0.6000;0.3000;0.1026;0.1538;0.1538;0.1322;0.5075;0.6071;6;6;0.1322;0.5526;0.6550;Qwen3.5-4B
ID_5846645200230520;0.3590;0.3368;0.4000;0.2000;0.2500;0.0513;0.0513;0.1282;0.0513;0.5677;0.6433;2;5;0.0707;0.5974;0.6486;Qwen3.5-4B
ID_0599337060580753;0.5747;0.4980;0.6000;0.5000;0.4500;0.0732;0.1220;0.2195;0.1016;0.4649;0.6348;5;9;0.1530;0.5568;0.7015;Qwen3.5-4B
ID_8860487726074063;0.2927;0.3061;0.4000;0.3000;0.3000;0.0606;0.0909;0.1818;0.0404;0.5566;0.6396;4;8;0.0744;0.6132;0.6677;Qwen3.5-4B
ID_4894706050600687;0.4758;0.4859;0.6000;0.4000;0.3000;0.1765;0.2353;0.3529;0.1814;0.3675;0.5707;4;6;0.2163;0.3846;0.6618;Qwen3.5-4B
ID_4273689617987878;0.3218;0.3300;0.4000;0.3000;0.3000;0.0741;0.1111;0.2222;0.0519;0.4614;0.6291;5;8;0.0856;0.5889;0.6255;Qwen3.5-4B
ID_4016576596215504;0.0000;0.0348;0.0000;0.0000;0.0500;0.0000;0.0000;0.0263;0.0000;0.0415;0.6333;0;1;0.0016;0.2839;0.6438;Qwen3.5-4B
ID_1450381701086387;0.2685;0.1875;0.4000;0.3000;0.1500;0.0606;0.0909;0.0909;0.0343;0.6304;0.6517;3;3;0.0343;0.6957;0.6751;Qwen3.5-4B
ID_3569531507114017;0.0851;0.0549;0.2000;0.1000;0.0500;0.0294;0.0294;0.0294;0.0059;0.5412;0.7029;1;1;0.0059;0.5722;0.6891;Qwen3.5-4B
ID_7707689065994575;0.2083;0.2002;0.2000;0.2000;0.2000;0.0500;0.1000;0.2000;0.0375;0.2709;0.5019;2;5;0.0580;0.3596;0.5481;Qwen3.5-4B
ID_7069264281185562;0.3785;0.4248;0.4000;0.3000;0.4000;0.0556;0.0833;0.2222;0.0500;0.1454;0.7041;3;8;0.1058;0.3296;0.6985;Qwen3.5-4B
ID_8413008847105670;0.4545;0.2933;0.4000;0.4000;0.2000;0.0588;0.1176;0.1176;0.0698;0.1512;0.6508;4;4;0.0698;0.1744;0.6906;Qwen3.5-4B
ID_4326514220673393;0.2513;0.2367;0.2000;0.3000;0.2500;0.0263;0.0789;0.1316;0.0288;0.3128;0.6587;4;7;0.0437;0.3615;0.7029;Qwen3.5-4B
ID_6703037457253125;0.0000;0.0000;0.0000;0.0000;0.0000;0.0000;0.0000;0.0000;0.0000;0.0853;0.7088;0;0;0.0000;0.1434;0.6757;Qwen3.5-4B
ID_2538126257160174;0.0000;0.0384;0.0000;0.0000;0.0500;0.0000;0.0000;0.0270;0.0000;0.0215;0.6723;0;1;0.0023;0.1344;0.6797;Qwen3.5-4B
ID_2444779633081185;0.4735;0.5393;0.4000;0.4000;0.4000;0.1250;0.2500;0.5000;0.1622;0.5994;0.5840;6;10;0.2648;0.6685;0.5992;Qwen3.5-4B
ID_2685286492991791;0.6835;0.5572;0.8000;0.6000;0.4500;0.1481;0.2222;0.3333;0.1870;0.4182;0.5477;6;11;0.2392;0.5818;0.5754;Qwen3.5-4B
ID_0408002839687344;0.5553;0.5029;0.6000;0.4000;0.3500;0.1250;0.1667;0.2917;0.1331;0.5556;0.7378;5;8;0.1848;0.6275;0.6920;Qwen3.5-4B
ID_3259216014182020;0.1370;0.2851;0.0000;0.2000;0.3000;0.0000;0.1000;0.3000;0.0171;0.6080;0.6610;2;6;0.0881;0.7102;0.5926;Qwen3.5-4B
ID_5187181156228197;0.8537;0.5873;1.0000;0.9000;0.5000;0.1724;0.3103;0.3448;0.3103;0.5840;0.6403;9;10;0.3350;0.6125;0.7034;Qwen3.5-4B
ID_6282229671610460;0.3024;0.2608;0.4000;0.3000;0.3500;0.0625;0.0938;0.2188;0.0437;0.4693;0.5900;3;7;0.0881;0.5264;0.5847;Qwen3.5-4B
ID_1805029396938951;0.5185;0.4436;0.6000;0.5000;0.4000;0.0833;0.1389;0.2222;0.1147;0.7740;0.6107;6;10;0.1511;0.8192;0.5852;Qwen3.5-4B
ID_4090655224279803;0.5217;0.3722;0.6000;0.7000;0.4000;0.0938;0.2188;0.2500;0.1768;0.3721;0.5548;7;8;0.1935;0.4452;0.6113;Qwen3.5-4B
ID_2375722997534058;0.4073;0.4255;0.6000;0.4000;0.4500;0.0833;0.1111;0.2500;0.0644;0.2094;0.6820;4;9;0.1203;0.3802;0.7499;Qwen3.5-4B
ID_1525717947689076;0.4258;0.2748;0.6000;0.4000;0.2000;0.1154;0.1538;0.1538;0.1000;0.2209;0.6504;5;5;0.1000;0.3721;0.6630;Qwen3.5-4B
ID_6899498686139516;0.3786;0.3416;0.2000;0.1000;0.1000;0.0714;0.0714;0.1429;0.0714;0.0857;0.7078;2;3;0.0844;0.1107;0.7232;Qwen3.5-4B
ID_5882662534904226;0.6316;0.5779;0.4000;0.6000;0.5000;0.0541;0.1622;0.2703;0.1104;0.2750;0.7129;6;10;0.1793;0.3034;0.7013;Qwen3.5-4B
ID_2427045424896409;0.3705;0.3214;0.6000;0.5000;0.4000;0.0638;0.1064;0.1702;0.0621;0.3918;0.7309;6;9;0.0891;0.5263;0.7327;Qwen3.5-4B
ID_7430030311775522;0.5988;0.5098;0.4000;0.6000;0.4500;0.0667;0.2000;0.3000;0.1385;0.5041;0.6346;6;10;0.1955;0.5620;0.6072;Qwen3.5-4B
ID_8783964270386788;0.5446;0.5952;0.6000;0.3000;0.2000;0.3000;0.3000;0.4000;0.3000;0.5711;0.6004;4;5;0.3200;0.6637;0.6920;Qwen3.5-4B
ID_0422858064703713;0.2758;0.2109;0.2000;0.3000;0.2000;0.0286;0.0857;0.1143;0.0310;0.3299;0.5410;3;4;0.0370;0.3744;0.6486;Qwen3.5-4B
ID_1234565160573730;0.4588;0.4047;0.4000;0.3000;0.1500;0.1667;0.2500;0.2500;0.1944;0.5852;0.6801;3;3;0.1944;0.6136;0.6982;Qwen3.5-4B
ID_4804205224697296;0.6118;0.5407;0.4000;0.6000;0.5000;0.0476;0.1429;0.2381;0.0927;0.4971;0.6702;6;10;0.1499;0.6695;0.7114;Qwen3.5-4B
ID_3996404760945509;0.3427;0.3160;0.6000;0.4000;0.3500;0.0968;0.1290;0.2258;0.0833;0.5046;0.6859;4;7;0.1234;0.5963;0.7080;Qwen3.5-4B
ID_0904596179326111;0.1384;0.3092;0.2000;0.2000;0.4000;0.0189;0.0377;0.1509;0.0105;0.1754;0.5772;2;8;0.0539;0.3158;0.6694;Qwen3.5-4B
ID_2302429651674634;0.3718;0.3446;0.4000;0.5000;0.3000;0.0952;0.2381;0.2857;0.1029;0.4157;0.6313;7;8;0.1220;0.4581;0.6674;Qwen3.5-4B
ID_0089739298242263;0.0000;0.0415;0.0000;0.0000;0.0500;0.0000;0.0000;0.0500;0.0000;0.2097;0.6703;0;1;0.0029;0.2903;0.6553;Qwen3.5-4B
ID_8340344332209795;0.7372;0.4758;1.0000;0.6000;0.3000;0.1471;0.1765;0.1765;0.1765;0.8156;0.6155;7;7;0.1765;0.8324;0.6361;Qwen3.5-4B
ID_4234180673609380;0.2223;0.2777;0.4000;0.3000;0.2500;0.1333;0.2000;0.3333;0.0841;0.2174;0.7184;5;8;0.1148;0.2826;0.7056;Qwen3.5-4B
ID_8472308116821427;0.6656;0.5784;0.6000;0.7000;0.4000;0.1875;0.4375;0.5000;0.3477;0.4151;0.6167;7;8;0.3931;0.5094;0.6698;Qwen3.5-4B
ID_4994942901309005;0.1490;0.1577;0.2000;0.2000;0.2000;0.0286;0.0571;0.1143;0.0238;0.0971;0.7063;2;4;0.0355;0.1174;0.6948;Qwen3.5-4B
ID_9082260061201946;0.2362;0.1895;0.4000;0.3000;0.2000;0.0476;0.0714;0.0952;0.0429;0.2128;0.6791;4;6;0.0476;0.3092;0.7200;Qwen3.5-4B
ID_0442161398765567;0.7078;0.5847;0.6000;0.5000;0.3000;0.1304;0.2174;0.2609;0.1727;0.4202;0.5732;8;10;0.1944;0.4370;0.6649;Qwen3.5-4B
ID_7168284647925847;0.4863;0.3901;0.6000;0.5000;0.3500;0.0968;0.1613;0.2258;0.1290;0.2663;0.6328;5;9;0.1511;0.3216;0.6397;Qwen3.5-4B
ID_0774104601063155;0.4937;0.4256;0.6000;0.6000;0.3500;0.1304;0.2609;0.3043;0.1488;0.2868;0.6472;6;10;0.1648;0.3382;0.6932;Qwen3.5-4B
ID_6972046707805449;0.3382;0.2182;0.2000;0.4000;0.2000;0.0323;0.1290;0.1290;0.0478;0.2082;0.4846;4;4;0.0478;0.2116;0.4579;Qwen3.5-4B
ID_4109929118508186;0.5034;0.4293;0.6000;0.3000;0.1500;0.2143;0.2143;0.2143;0.1726;0.2955;0.6947;3;3;0.1726;0.3106;0.7204;Qwen3.5-4B
ID_2828124381670231;0.0663;0.1299;0.0000;0.1000;0.1500;0.0000;0.0556;0.1667;0.0062;0.2812;0.6002;1;3;0.0261;0.4603;0.7156;Qwen3.5-4B
ID_0516263904806475;0.3623;0.2711;0.4000;0.5000;0.3000;0.0476;0.1190;0.1429;0.0528;0.4455;0.6495;5;6;0.0638;0.4773;0.6693;Qwen3.5-4B
ID_0932673194762377;0.4526;0.3070;0.6000;0.6000;0.3500;0.0600;0.1200;0.1400;0.0762;0.3194;0.6132;6;7;0.0849;0.3528;0.6283;Qwen3.5-4B
ID_8852973471847843;0.3065;0.3015;0.2000;0.3000;0.3000;0.0588;0.1765;0.3529;0.0683;0.3939;0.6885;5;8;0.1331;0.4394;0.7022;Qwen3.5-4B
ID_3981568451860330;0.6060;0.4359;0.6000;0.5000;0.3000;0.0638;0.1064;0.1277;0.0866;0.3776;0.5904;5;7;0.0982;0.4323;0.6962;Qwen3.5-4B
ID_8671745801940831;0.1680;0.1600;0.2000;0.2000;0.1500;0.0385;0.0769;0.1154;0.0187;0.2626;0.6640;3;5;0.0248;0.3333;0.6287;Qwen3.5-4B
ID_1836274062343953;0.0112;0.0445;0.0000;0.0000;0.0500;0.0000;0.0000;0.0370;0.0000;0.9615;0.6225;1;2;0.0028;0.9615;0.6529;Qwen3.5-4B
ID_7320090199496500;0.1231;0.1944;0.2000;0.2000;0.2500;0.0526;0.1053;0.2632;0.0368;0.3763;0.5985;2;5;0.0767;0.4158;0.6307;Qwen3.5-4B
ID_5262142272147984;0.4570;0.3265;0.4000;0.4000;0.3000;0.0500;0.1000;0.1500;0.0618;0.2217;0.6242;4;6;0.0820;0.3399;0.6158;Qwen3.5-4B
ID_1734032782594771;0.5043;0.4187;0.6000;0.5000;0.3500;0.1071;0.1786;0.2500;0.1319;0.4686;0.5973;5;8;0.1577;0.5356;0.6372;Qwen3.5-4B
ID_2531761427648020;0.2201;0.1732;0.2000;0.1000;0.0500;0.0476;0.0476;0.0476;0.0476;0.4069;0.7814;1;1;0.0476;0.4461;0.7444;Qwen3.5-4B
ID_4608001746330875;0.4546;0.4679;0.4000;0.3000;0.2500;0.1818;0.2727;0.4545;0.1614;0.4235;0.6929;4;7;0.2183;0.5412;0.7261;Qwen3.5-4B
ID_7818012155694188;0.0847;0.0847;0.0000;0.0000;0.0000;0.0000;0.0000;0.0000;0.0000;0.1897;0.7097;1;1;0.0000;0.1897;0.7310;Qwen3.5-4B
ID_0822799877686090;0.3531;0.3055;0.6000;0.3000;0.2000;0.1667;0.1667;0.2222;0.0981;0.4337;0.6066;5;6;0.1184;0.4626;0.6492;Qwen3.5-4B
ID_6248532093883975;0.3782;0.2868;0.4000;0.3000;0.2000;0.0909;0.1364;0.1818;0.0909;0.5855;0.6362;5;7;0.1000;0.6135;0.6646;Qwen3.5-4B
ID_1248448556190472;0.0751;0.0889;0.2000;0.1000;0.1000;0.0667;0.0667;0.1333;0.0167;0.4587;0.6762;2;3;0.0269;0.5157;0.7099;Qwen3.5-4B
ID_3874886795138290;0.2614;0.2780;0.4000;0.3000;0.3000;0.0571;0.0857;0.1714;0.0305;0.3571;0.6199;3;6;0.0604;0.4405;0.6351;Qwen3.5-4B
ID_4120322936662925;0.0800;0.1292;0.4000;0.2000;0.2000;0.0741;0.0741;0.1481;0.0241;0.3084;0.6337;2;4;0.0394;0.3551;0.5965;Qwen3.5-4B
ID_0004405929946327;0.2528;0.1890;0.2000;0.3000;0.1500;0.0303;0.0909;0.0909;0.0503;0.4218;0.5988;4;4;0.0503;0.4527;0.6364;Qwen3.5-4B
ID_3120810650181134;0.6988;0.5107;0.8000;0.7000;0.4000;0.1026;0.1795;0.2051;0.1516;0.4333;0.6459;7;9;0.1652;0.4541;0.6467;Qwen3.5-4B
ID_4415912100389601;0.4176;0.3243;0.6000;0.4000;0.2000;0.1111;0.1481;0.1481;0.0942;0.2792;0.7169;4;6;0.0942;0.3000;0.7291;Qwen3.5-4B
ID_2947188782090542;0.2557;0.1997;0.2000;0.1000;0.1000;0.0263;0.0263;0.0526;0.0263;0.3038;0.6088;3;4;0.0296;0.4051;0.6679;Qwen3.5-4B
ID_5949636124796250;0.6272;0.4954;0.6000;0.5000;0.4000;0.0732;0.1220;0.1951;0.1030;0.4934;0.5592;6;10;0.1350;0.5465;0.5606;Qwen3.5-4B
ID_7249500407405478;0.5251;0.5907;0.8000;0.5000;0.5500;0.1176;0.1471;0.3235;0.1422;0.4464;0.5587;5;12;0.2400;0.4821;0.6044;Qwen3.5-4B
ID_9542837933586912;0.2500;0.2453;0.2000;0.4000;0.2500;0.0714;0.2857;0.3571;0.1060;0.7037;0.6017;5;7;0.1315;0.7778;0.6421;Qwen3.5-4B
ID_5667657258894864;0.0186;0.1166;0.0000;0.0000;0.2000;0.0000;0.0000;0.1143;0.0000;0.1190;0.6137;2;7;0.0168;0.4167;0.6375;Qwen3.5-4B
ID_3603011798628583;0.2240;0.2441;0.4000;0.2000;0.2500;0.1111;0.1111;0.2778;0.0500;0.2206;0.5724;2;5;0.0867;0.2811;0.5779;Qwen3.5-4B
ID_2471578430392531;0.2865;0.3195;0.2000;0.1000;0.1000;0.1250;0.1250;0.2500;0.0625;0.3050;0.4680;5;8;0.0764;0.3546;0.5517;Qwen3.5-4B
ID_6155202940087696;0.3104;0.4244;0.6000;0.5000;0.5000;0.0750;0.1250;0.2500;0.0678;0.5102;0.5712;5;10;0.1393;0.5306;0.6004;Qwen3.5-4B
ID_5065411466998527;0.6177;0.5781;0.6000;0.7000;0.6000;0.1200;0.2800;0.4800;0.2232;0.3375;0.6104;7;12;0.3603;0.4250;0.6614;Qwen3.5-4B
ID_0581412073128121;0.5225;0.3649;0.6000;0.4000;0.2000;0.0789;0.1053;0.1053;0.0860;0.2257;0.6128;4;4;0.0860;0.2427;0.6756;Qwen3.5-4B
ID_4550717883781091;0.3966;0.3815;0.4000;0.5000;0.4000;0.0714;0.1786;0.2857;0.0828;0.3653;0.2620;5;8;0.1394;0.4491;0.5042;Qwen3.5-4B
ID_5175443246146343;0.4323;0.3850;0.4000;0.3000;0.3000;0.0667;0.1000;0.2000;0.0810;0.4909;0.6035;3;6;0.1131;0.6000;0.6669;Qwen3.5-4B
ID_4735402469304632;0.2216;0.2304;0.4000;0.3000;0.2000;0.0800;0.1200;0.1600;0.0460;0.5319;0.7214;3;5;0.0567;0.6383;0.7304;Qwen3.5-4B
ID_4073088744952858;0.3485;0.2883;0.4000;0.3000;0.1500;0.1333;0.2000;0.2000;0.1333;0.0986;0.7104;3;3;0.1333;0.1197;0.7218;Qwen3.5-4B
ID_8904044191613796;0.1732;0.1481;0.2000;0.2000;0.1500;0.0278;0.0556;0.0833;0.0162;0.1564;0.7129;2;3;0.0222;0.1788;0.7227;Qwen3.5-4B
ID_6738987664840341;0.1799;0.1642;0.4000;0.2000;0.2000;0.0556;0.0556;0.1111;0.0181;0.3776;0.6871;2;4;0.0291;0.5245;0.7074;Qwen3.5-4B
ID_5945879465310813;0.4325;0.3881;0.8000;0.6000;0.3500;0.2000;0.3000;0.3500;0.2612;0.4633;0.5836;7;11;0.2931;0.5097;0.6110;Qwen3.5-4B
ID_1508105634503621;0.1874;0.2328;0.4000;0.3000;0.3000;0.0392;0.0588;0.1176;0.0490;0.0891;0.6296;3;6;0.0715;0.1221;0.6451;Qwen3.5-4B
ID_1218389465274602;0.0852;0.0920;0.2000;0.1000;0.0500;0.0833;0.0833;0.0833;0.0208;0.4819;0.6989;3;5;0.0208;0.4819;0.6941;Qwen3.5-4B
ID_5170293352882261;0.1800;0.2221;0.4000;0.3000;0.3000;0.0870;0.1304;0.2609;0.0694;0.3556;0.7080;3;6;0.1035;0.5105;0.7224;Qwen3.5-4B
ID_8306415631811067;0.6622;0.5322;0.6000;0.7000;0.5000;0.0789;0.1842;0.2632;0.1489;0.3609;0.5649;7;10;0.1935;0.4404;0.5693;Qwen3.5-4B
ID_7285303481051362;0.4912;0.4002;0.6000;0.4000;0.2500;0.1071;0.1429;0.1786;0.1022;0.1925;0.7424;4;6;0.1141;0.2050;0.7257;Qwen3.5-4B
ID_2864595160355410;0.5814;0.5122;0.8000;0.5000;0.3500;0.2105;0.2632;0.3684;0.2263;0.3625;0.6235;5;7;0.2752;0.3625;0.6687;Qwen3.5-4B
ID_4993204839198672;0.3571;0.2987;0.4000;0.4000;0.3500;0.0455;0.0909;0.1591;0.0381;0.3969;0.6463;4;8;0.0635;0.4280;0.7029;Qwen3.5-4B
ID_1183078302328411;0.0929;0.1152;0.0000;0.1000;0.1000;0.0000;0.0833;0.1667;0.0139;0.3960;0.7441;1;3;0.0258;0.4080;0.7330;Qwen3.5-4B
ID_2644217574349073;0.4483;0.3749;0.6000;0.6000;0.4500;0.0698;0.1395;0.2093;0.0995;0.7348;0.6412;7;10;0.1359;0.8030;0.6163;Qwen3.5-4B
ID_1872968283445344;0.2632;0.2792;0.4000;0.3000;0.2500;0.1429;0.2143;0.3571;0.0833;0.5882;0.7114;3;5;0.1241;0.7353;0.6814;Qwen3.5-4B
ID_7569445393485879;0.4530;0.3303;0.6000;0.5000;0.3500;0.0667;0.1111;0.1556;0.0742;0.6127;0.5947;5;8;0.0983;0.6901;0.6255;Qwen3.5-4B
ID_1361522424662664;0.7983;0.6066;0.8000;0.9000;0.6000;0.1081;0.2432;0.3243;0.2046;0.3556;0.6858;9;13;0.2684;0.4437;0.7274;Qwen3.5-4B
ID_3589012014320121;0.3301;0.3329;0.4000;0.4000;0.2500;0.1250;0.2500;0.3125;0.1920;0.4186;0.7072;4;5;0.2204;0.4302;0.6922;Qwen3.5-4B
ID_0821562324429813;0.2684;0.2891;0.2000;0.4000;0.3500;0.0417;0.1667;0.2917;0.0665;0.3206;0.7174;4;8;0.1218;0.6107;0.7122;Qwen3.5-4B
ID_5377746284077362;0.4351;0.2861;0.4000;0.4000;0.2000;0.0833;0.1667;0.1667;0.0889;0.4387;0.6133;4;4;0.0889;0.4684;0.6604;Qwen3.5-4B
ID_2562652838103607;0.2284;0.2956;0.2000;0.1000;0.2000;0.0312;0.0312;0.1250;0.0312;0.1281;0.6512;1;5;0.0475;0.4039;0.6945;Qwen3.5-4B
ID_2951269593210008;0.5688;0.4811;0.6000;0.4000;0.2000;0.2143;0.2857;0.2857;0.2083;0.6506;0.5902;4;4;0.2083;0.7349;0.6648;Qwen3.5-4B
ID_0990344839864230;0.2799;0.2943;0.4000;0.3000;0.2000;0.1429;0.2143;0.2857;0.0901;0.3118;0.6899;3;4;0.1092;0.3602;0.7186;Qwen3.5-4B
ID_8509299951934973;0.6471;0.6321;0.8000;0.6000;0.6000;0.1026;0.1538;0.3077;0.1162;0.5368;0.7022;6;12;0.2133;0.8603;0.7080;Qwen3.5-4B
ID_1829406809818626;0.7184;0.5104;1.0000;0.6000;0.4500;0.1250;0.1500;0.2250;0.1437;0.5485;0.6440;6;9;0.1863;0.6178;0.7119;Qwen3.5-4B
ID_1896514405880465;0.1480;0.2395;0.2000;0.1000;0.2000;0.0625;0.0625;0.2500;0.0312;0.2500;0.7498;2;5;0.0690;0.4167;0.6893;Qwen3.5-4B
ID_4692980070480625;0.5026;0.4546;0.6000;0.4000;0.3500;0.0833;0.1111;0.1944;0.1019;0.3053;0.6373;4;7;0.1367;0.4189;0.6898;Qwen3.5-4B
ID_5990729462575602;0.3774;0.5081;0.4000;0.4000;0.5500;0.1000;0.2000;0.5500;0.1172;0.2778;0.6479;4;11;0.3003;0.3426;0.6258;Qwen3.5-4B
ID_4999509031047259;0.6275;0.4384;0.8000;0.5000;0.3000;0.1176;0.1471;0.1765;0.1328;0.6141;0.6965;5;6;0.1426;0.6624;0.6702;Qwen3.5-4B
ID_8031266925341697;0.0356;0.1422;0.0000;0.0000;0.2000;0.0000;0.0000;0.1739;0.0000;0.2247;0.5986;2;6;0.0270;0.7715;0.6671;Qwen3.5-4B
ID_3730620853566536;0.6533;0.5950;0.8000;0.6000;0.4000;0.1538;0.2308;0.3077;0.2071;0.3125;0.7819;6;8;0.2515;0.5000;0.7677;Qwen3.5-4B
ID_0472856771871140;0.0000;0.0000;0.0000;0.0000;0.0000;0.0000;0.0000;0.0000;0.0000;0.1467;0.0000;0;0;0.0000;0.1467;0.0000;Qwen3.5-4B
ID_8278472628252508;0.3590;0.2360;0.4000;0.2000;0.1000;0.0833;0.0833;0.0833;0.0833;0.3184;0.6735;2;2;0.0833;0.3318;0.6773;Qwen3.5-4B
ID_2323085679807602;0.6809;0.5796;0.8000;0.6000;0.5000;0.1143;0.1714;0.2857;0.1424;0.7255;0.5736;6;10;0.2036;0.7843;0.5895;Qwen3.5-4B
ID_6775629541151867;0.5033;0.4948;0.6000;0.4000;0.2000;0.3000;0.4000;0.4000;0.3083;0.9400;0.5617;4;4;0.3083;0.9600;0.6142;Qwen3.5-4B
ID_6474240798904132;0.2344;0.1712;0.2000;0.3000;0.2000;0.0270;0.0811;0.1081;0.0235;0.4879;0.6731;3;5;0.0298;0.5749;0.6761;Qwen3.5-4B
ID_6142558410927273;0.3311;0.2841;0.2000;0.2000;0.1500;0.0625;0.1250;0.1875;0.0333;0.3880;0.6453;5;6;0.0467;0.4000;0.7314;Qwen3.5-4B
ID_5916017746341882;0.5017;0.3593;0.4000;0.4000;0.2500;0.0588;0.1176;0.1471;0.0861;0.3286;0.7128;4;5;0.0959;0.3629;0.6854;Qwen3.5-4B
ID_8970751075617926;0.4003;0.2985;0.6000;0.4000;0.2000;0.1667;0.2222;0.2222;0.1228;0.1906;0.6000;4;4;0.1228;0.1906;0.6269;Qwen3.5-4B
ID_0370020634398898;0.4025;0.3649;0.6000;0.5000;0.3500;0.1364;0.2273;0.3182;0.1390;0.6100;0.6372;5;7;0.1767;0.6750;0.7032;Qwen3.5-4B
ID_5456839333813472;0.5854;0.4748;0.6000;0.6000;0.4000;0.1111;0.2222;0.2963;0.1900;0.2203;0.7460;6;9;0.2311;0.2881;0.7695;Qwen3.5-4B
ID_3787147041050694;0.0508;0.0499;0.2000;0.1000;0.0500;0.0625;0.0625;0.0625;0.0156;0.1235;0.6578;1;2;0.0156;0.1529;0.6557;Qwen3.5-4B
ID_1051299337471169;0.2792;0.2426;0.2000;0.2000;0.1500;0.0500;0.1000;0.1500;0.0600;0.5035;0.6042;2;3;0.0715;0.5780;0.6387;Qwen3.5-4B
ID_8355947667910941;0.4624;0.4362;0.8000;0.5000;0.4500;0.1143;0.1429;0.2571;0.1014;0.7381;0.6082;5;9;0.1531;0.7619;0.6937;Qwen3.5-4B
ID_0524125552949586;0.3339;0.3016;0.4000;0.4000;0.3000;0.0667;0.1333;0.2000;0.0722;0.3881;0.5517;4;6;0.0986;0.6643;0.6412;Qwen3.5-4B
ID_5415710300902388;0.5828;0.3917;0.6000;0.6000;0.3500;0.0698;0.1395;0.1628;0.1081;0.4298;0.5246;6;7;0.1197;0.4386;0.5931;Qwen3.5-4B
ID_1339618330655263;0.1719;0.1959;0.4000;0.3000;0.3500;0.0444;0.0667;0.1556;0.0267;0.7593;0.6589;3;7;0.0646;0.7778;0.6597;Qwen3.5-4B
ID_1162362624079364;0.6402;0.5018;0.6000;0.6000;0.3000;0.1667;0.3333;0.3333;0.2702;0.2857;0.6856;6;6;0.2702;0.3214;0.7206;Qwen3.5-4B
ID_3457219624656691;0.7020;0.5567;0.8000;0.6000;0.4500;0.0976;0.1463;0.2195;0.1313;0.2143;0.7285;6;9;0.1669;0.2516;0.7353;Qwen3.5-4B
ID_9089204821424223;0.3620;0.3025;0.6000;0.3000;0.2500;0.0732;0.0732;0.1220;0.0589;0.1288;0.7516;3;5;0.0722;0.2045;0.7614;Qwen3.5-4B
ID_4933620329566048;0.2554;0.2646;0.2000;0.3000;0.2000;0.0833;0.2500;0.3333;0.0852;0.1498;0.6400;5;7;0.1155;0.3101;0.6469;Qwen3.5-4B
ID_7529510499149375;0.3429;0.2683;0.4000;0.5000;0.4000;0.0392;0.0980;0.1569;0.0386;0.1812;0.6816;5;8;0.0681;0.2781;0.6944;Qwen3.5-4B
ID_6089287551555329;0.3766;0.2791;0.6000;0.5000;0.3000;0.0625;0.1042;0.1250;0.0829;0.1762;0.6380;5;6;0.0907;0.2238;0.7011;Qwen3.5-4B
ID_6731029375224939;0.5447;0.3844;0.6000;0.5000;0.3000;0.0714;0.1190;0.1429;0.0791;0.3668;0.6739;5;6;0.0866;0.4195;0.6709;Qwen3.5-4B
ID_2086707959173246;0.3759;0.3678;0.6000;0.6000;0.4500;0.1071;0.2143;0.3214;0.1384;0.3147;0.6480;6;9;0.1956;0.4406;0.7128;Qwen3.5-4B
ID_9469987954896496;0.6178;0.6348;0.8000;0.5000;0.6000;0.1026;0.1282;0.3077;0.1103;0.4736;0.7174;5;12;0.2243;0.6635;0.6990;Qwen3.5-4B
ID_7728389320504879;0.2332;0.1533;0.4000;0.2000;0.1000;0.0741;0.0741;0.0741;0.0741;0.4715;0.7046;2;2;0.0741;0.4715;0.7046;Qwen3.5-4B
ID_8855936483074666;0.4696;0.3457;0.6000;0.5000;0.2500;0.1154;0.1923;0.1923;0.1614;0.5093;0.6684;5;7;0.1614;0.5590;0.6884;Qwen3.5-4B
ID_7927416076958362;0.4523;0.3606;0.4000;0.4000;0.3000;0.0952;0.1905;0.2857;0.1321;0.6452;0.6156;4;6;0.1647;0.6989;0.6361;Qwen3.5-4B
ID_3713459809920718;0.0000;0.0000;0.0000;0.0000;0.0000;0.0000;0.0000;0.0000;0.0000;0.0588;0.6642;0;0;0.0000;0.0882;0.6877;Qwen3.5-4B
ID_8705409187799501;0.2567;0.2567;0.2000;0.1000;0.0500;0.2500;0.2500;0.2500;0.2500;0.5714;0.6447;1;1;0.2500;0.6190;0.6617;Qwen3.5-4B
ID_2726230162746149;0.5029;0.4511;0.8000;0.5000;0.4000;0.1600;0.2000;0.3200;0.1287;0.1642;0.7292;6;9;0.1815;0.1961;0.7160;Qwen3.5-4B
ID_4150524692179865;0.1837;0.1657;0.2000;0.2000;0.1000;0.0909;0.1818;0.1818;0.0657;0.3265;0.7866;3;3;0.0657;0.3844;0.7614;Qwen3.5-4B
ID_3897283209013869;0.3233;0.3286;0.4000;0.3000;0.2500;0.0833;0.1250;0.2083;0.1042;0.2421;0.6732;3;6;0.1244;0.2906;0.6716;Qwen3.5-4B
ID_6460447408144781;0.4166;0.4164;0.6000;0.3000;0.3500;0.0750;0.0750;0.1750;0.0750;0.3486;0.6139;4;9;0.1111;0.5143;0.7027;Qwen3.5-4B
ID_6446612054631446;0.2743;0.2817;0.6000;0.3000;0.3000;0.1000;0.1000;0.2000;0.0700;0.2500;0.6895;3;6;0.1012;0.4342;0.7161;Qwen3.5-4B
ID_2289579163604428;0.2697;0.2500;0.2000;0.4000;0.3000;0.0303;0.1212;0.1818;0.0399;0.4487;0.5477;4;6;0.0667;0.4601;0.6141;Qwen3.5-4B
ID_2339346345530509;0.1744;0.1454;0.2000;0.2000;0.1500;0.0294;0.0588;0.0882;0.0132;0.3312;0.6135;3;4;0.0179;0.3750;0.6856;Qwen3.5-4B
ID_6171517695707255;0.1235;0.2107;0.2000;0.2000;0.2000;0.1000;0.2000;0.4000;0.0556;0.2184;0.6866;3;5;0.0970;0.4368;0.6900;Qwen3.5-4B
ID_6455990478032543;0.5305;0.4495;0.4000;0.6000;0.4000;0.1111;0.3333;0.4444;0.1885;0.3354;0.6154;6;9;0.2581;0.4639;0.6031;Qwen3.5-4B
ID_9763437636509266;0.2588;0.1928;0.4000;0.2000;0.1000;0.1250;0.1250;0.1250;0.0729;0.1390;0.7068;3;3;0.0729;0.2193;0.6914;Qwen3.5-4B
ID_0007332204631197;0.3188;0.2057;0.6000;0.3000;0.1500;0.1000;0.1000;0.1000;0.0533;0.6890;0.5767;3;3;0.0533;0.7129;0.6137;Qwen3.5-4B
ID_1124100372440117;0.3239;0.3662;0.4000;0.5000;0.3500;0.0800;0.2000;0.2800;0.1371;0.1565;0.5359;5;8;0.1823;0.1739;0.6402;Qwen3.5-4B
ID_6217509029802638;0.5352;0.5315;0.8000;0.6000;0.4000;0.2105;0.3158;0.4211;0.2201;0.6023;0.7095;8;10;0.2785;0.6477;0.7102;Qwen3.5-4B
ID_7471111924336519;0.2035;0.2656;0.4000;0.2000;0.1500;0.2857;0.2857;0.4286;0.0929;0.1837;0.6838;3;4;0.1214;0.2449;0.6635;Qwen3.5-4B
ID_8602960801642916;0.4171;0.3556;0.6000;0.4000;0.2500;0.1875;0.2500;0.3125;0.1555;0.5560;0.6935;4;5;0.1795;0.5809;0.6958;Qwen3.5-4B
ID_6492048904483467;0.7284;0.6082;0.8000;0.8000;0.5000;0.1290;0.2581;0.3226;0.2345;0.4163;0.6989;8;11;0.2756;0.5167;0.7259;Qwen3.5-4B
ID_7454736736043931;0.3367;0.2557;0.4000;0.3000;0.2000;0.0513;0.0769;0.1026;0.0469;0.3713;0.5938;3;4;0.0554;0.4081;0.6785;Qwen3.5-4B
ID_4031565135568125;0.4249;0.3709;0.6000;0.3000;0.1500;0.2143;0.2143;0.2143;0.1726;0.7602;0.5155;3;3;0.1726;0.8367;0.5247;Qwen3.5-4B
ID_6505039023842313;0.5684;0.5066;0.6000;0.5000;0.2500;0.2500;0.4167;0.4167;0.3310;0.4632;0.6420;6;6;0.3310;0.5105;0.6170;Qwen3.5-4B
ID_1387531666012807;0.1389;0.2066;0.2000;0.1000;0.2000;0.0345;0.0345;0.1379;0.0172;0.0394;0.6663;1;5;0.0401;0.3071;0.7197;Qwen3.5-4B
ID_0544144585124313;0.3574;0.3187;0.4000;0.3000;0.3000;0.0444;0.0667;0.1333;0.0437;0.6408;0.6560;3;6;0.0657;0.7143;0.7053;Qwen3.5-4B
ID_3302216368941503;0.6397;0.4701;0.8000;0.7000;0.4500;0.0909;0.1591;0.2045;0.1268;0.2232;0.6141;7;10;0.1535;0.2642;0.6651;Qwen3.5-4B
ID_3767979348338740;0.1331;0.1402;0.0000;0.2000;0.2000;0.0000;0.0426;0.0851;0.0069;0.4049;0.6013;2;4;0.0193;0.4563;0.6481;Qwen3.5-4B
ID_3165995344927892;0.4480;0.3889;0.8000;0.5000;0.4000;0.1538;0.1923;0.3077;0.1320;0.5118;0.5977;5;8;0.1935;0.5353;0.6740;Qwen3.5-4B
ID_8352745170435172;0.4144;0.3871;0.6000;0.5000;0.4500;0.0667;0.1111;0.2000;0.0648;0.4358;0.8001;6;10;0.1077;0.5027;0.8101;Qwen3.5-4B
ID_3792275882221002;0.1205;0.1668;0.2000;0.1000;0.1500;0.0476;0.0476;0.1429;0.0159;0.0761;0.5612;2;4;0.0325;0.2500;0.6129;Qwen3.5-4B
ID_0308213196926774;0.7350;0.5098;0.8000;0.7000;0.4000;0.0930;0.1628;0.1860;0.1452;0.1264;0.7009;7;8;0.1576;0.1571;0.7174;Qwen3.5-4B
ID_4407403389440011;0.3245;0.3051;0.4000;0.2000;0.1000;0.1538;0.1538;0.1538;0.1538;0.5581;0.6633;4;7;0.1538;0.7558;0.6457;Qwen3.5-4B
ID_6478091924064864;0.2816;0.2213;0.4000;0.4000;0.2500;0.0465;0.0930;0.1163;0.0397;0.3277;0.7052;4;5;0.0503;0.3574;0.7338;Qwen3.5-4B
ID_7866377101423210;0.3590;0.3045;0.4000;0.2000;0.2000;0.0588;0.0588;0.1176;0.0588;0.2970;0.7036;2;4;0.0735;0.4653;0.6744;Qwen3.5-4B
ID_4933326132948063;0.0132;0.0621;0.0000;0.0000;0.1000;0.0000;0.0000;0.1250;0.0000;0.2605;0.6963;1;3;0.0128;0.3529;0.6523;Qwen3.5-4B
ID_0471595469074043;0.5662;0.4423;0.6000;0.5000;0.3500;0.1034;0.1724;0.2414;0.1437;0.8480;0.5845;5;7;0.1811;0.8627;0.6541;Qwen3.5-4B
ID_6696857617864852;0.1140;0.1628;0.2000;0.2000;0.2000;0.0400;0.0800;0.1600;0.0214;0.1887;0.6066;2;4;0.0446;0.2950;0.6476;Qwen3.5-4B
ID_9364148865735922;0.3725;0.3153;0.4000;0.2000;0.2000;0.0667;0.0667;0.1333;0.0667;0.5671;0.6666;3;6;0.0808;0.6466;0.6419;Qwen3.5-4B
ID_0653707912025034;0.6301;0.5698;0.6000;0.6000;0.4000;0.1765;0.3529;0.4706;0.2871;0.4421;0.6799;6;8;0.3522;0.4737;0.6892;Qwen3.5-4B
ID_2364016372924935;0.5541;0.3900;0.8000;0.4000;0.2500;0.1081;0.1081;0.1351;0.1027;0.4138;0.6974;4;5;0.1095;0.4384;0.7409;Qwen3.5-4B
ID_2523040704958733;0.7430;0.5818;1.0000;0.7000;0.4500;0.2174;0.3043;0.3913;0.2851;0.2538;0.6215;8;11;0.3286;0.3063;0.6719;Qwen3.5-4B
ID_5860088594236271;0.2687;0.2771;0.2000;0.3000;0.3000;0.0233;0.0698;0.1395;0.0238;0.2775;0.7103;3;6;0.0447;0.3526;0.7147;Qwen3.5-4B
ID_4768528057390837;0.5165;0.4021;0.6000;0.5000;0.3500;0.0750;0.1250;0.1750;0.0949;0.3740;0.7627;6;8;0.1146;0.3858;0.7674;Qwen3.5-4B
ID_1571839544168040;0.3376;0.3591;0.6000;0.4000;0.3500;0.1429;0.1905;0.3333;0.1468;0.5357;0.5908;4;7;0.2004;0.6429;0.6066;Qwen3.5-4B
ID_6225394638610694;0.4252;0.3782;0.4000;0.3000;0.2500;0.0870;0.1304;0.2174;0.1014;0.5600;0.6074;3;5;0.1318;0.6667;0.6233;Qwen3.5-4B
ID_6532338737692493;0.3689;0.2943;0.4000;0.3000;0.2000;0.1000;0.1500;0.2000;0.0850;0.1887;0.7589;3;4;0.1032;0.2185;0.7812;Qwen3.5-4B
ID_5265254209364825;0.4671;0.4840;0.4000;0.4000;0.4500;0.0606;0.1212;0.2727;0.0756;0.1040;0.7734;4;9;0.1500;0.3295;0.7362;Qwen3.5-4B
ID_6374279398246756;0.4061;0.3772;0.4000;0.4000;0.3500;0.0588;0.1176;0.2059;0.0685;0.2340;0.6579;4;8;0.1082;0.3404;0.7282;Qwen3.5-4B
ID_6801014238742352;0.4323;0.3904;0.4000;0.3000;0.3000;0.0714;0.1071;0.2143;0.0867;0.1452;0.7772;3;6;0.1184;0.1774;0.7793;Qwen3.5-4B
ID_9385929088657818;0.1389;0.0931;0.2000;0.1000;0.0500;0.0476;0.0476;0.0476;0.0238;0.4167;0.7040;1;1;0.0238;0.4722;0.7331;Qwen3.5-4B
ID_2509301929350826;0.2418;0.2235;0.4000;0.3000;0.2500;0.0690;0.1034;0.1724;0.0517;0.3707;0.6502;4;7;0.0758;0.3813;0.7181;Qwen3.5-4B
ID_7966465975599953;0.6208;0.4669;0.6000;0.5000;0.3500;0.0968;0.1613;0.2258;0.1413;0.3265;0.6929;5;7;0.1640;0.3324;0.7101;Qwen3.5-4B
ID_9157226124301186;0.2743;0.2102;0.4000;0.3000;0.1500;0.1000;0.1500;0.1500;0.0604;0.5930;0.6977;3;3;0.0604;0.6082;0.7045;Qwen3.5-4B
ID_9171504422944800;0.4130;0.4071;0.4000;0.2000;0.1500;0.1818;0.1818;0.2727;0.1515;0.7650;0.5416;2;3;0.1742;0.7926;0.6354;Qwen3.5-4B
ID_9092018794878372;0.0000;0.1310;0.0000;0.0000;0.0500;0.0000;0.0000;0.5000;0.0000;0.4639;0.6645;0;1;0.0278;0.5258;0.6904;Qwen3.5-4B
ID_5162043375426666;0.0694;0.2242;0.0000;0.1000;0.3000;0.0000;0.0217;0.1304;0.0027;0.5211;0.6517;1;6;0.0312;0.5493;0.6476;Qwen3.5-4B
ID_1980789059908737;0.5239;0.5702;0.4000;0.5000;0.6000;0.0377;0.0943;0.2264;0.0563;0.7134;0.6403;5;12;0.1387;0.8217;0.6840;Qwen3.5-4B
ID_7708469164258322;0.5801;0.4632;0.8000;0.6000;0.3500;0.1290;0.1935;0.2258;0.1771;0.2780;0.6947;6;7;0.1932;0.4170;0.7413;Qwen3.5-4B
ID_4095512091254454;0.2229;0.3142;0.4000;0.2000;0.3000;0.1176;0.1176;0.3529;0.0490;0.9045;0.5253;3;7;0.1095;0.9146;0.5254;Qwen3.5-4B
ID_7359896733836304;0.5174;0.4890;0.6000;0.4000;0.3500;0.1429;0.1905;0.3333;0.1500;0.5730;0.5963;4;8;0.2004;0.5943;0.5843;Qwen3.5-4B
ID_3553837998751021;0.3183;0.2710;0.4000;0.3000;0.3000;0.0417;0.0625;0.1250;0.0321;0.1767;0.6379;3;6;0.0528;0.3989;0.6923;Qwen3.5-4B
ID_0037573905724394;0.6079;0.4338;0.8000;0.6000;0.3000;0.1333;0.2000;0.2000;0.1897;0.3846;0.6456;6;6;0.1897;0.5047;0.6752;Qwen3.5-4B
ID_3452982259415951;0.2181;0.1968;0.2000;0.1000;0.0500;0.2000;0.2000;0.2000;0.0667;0.4030;0.5697;4;4;0.0667;0.4925;0.6658;Qwen3.5-4B
ID_1262866723506084;0.3687;0.3379;0.4000;0.5000;0.4000;0.0667;0.1667;0.2667;0.0796;0.3529;0.6070;7;10;0.1257;0.4485;0.6399;Qwen3.5-4B
ID_2555147881487724;0.6898;0.4452;0.8000;0.6000;0.3000;0.1176;0.1765;0.1765;0.1498;0.6578;0.6143;6;6;0.1498;0.7021;0.6685;Qwen3.5-4B
ID_4679830870331445;0.5496;0.4072;0.8000;0.5000;0.3000;0.1481;0.1852;0.2222;0.1716;0.5372;0.6131;6;7;0.1887;0.5661;0.6215;Qwen3.5-4B
ID_7853140708995178;0.5236;0.4842;0.4000;0.3000;0.1500;0.2857;0.4286;0.4286;0.3393;0.3070;0.6123;3;4;0.3393;0.3947;0.6447;Qwen3.5-4B
ID_1976344298387988;0.2083;0.2142;0.2000;0.2000;0.1500;0.0435;0.0870;0.1304;0.0326;0.0350;0.6262;2;3;0.0419;0.0769;0.6416;Qwen3.5-4B
ID_1668340601837069;0.4108;0.3896;0.4000;0.4000;0.4500;0.0714;0.1429;0.3214;0.0762;0.1734;0.6336;5;10;0.1551;0.2258;0.6725;Qwen3.5-4B
ID_0419443097971251;0.0000;0.0000;0.0000;0.0000;0.0000;0.0000;0.0000;0.0000;0.0000;0.3979;0.6213;0;0;0.0000;0.5131;0.6153;Qwen3.5-4B
ID_0128689067297674;0.6458;0.5580;0.8000;0.6000;0.5000;0.0833;0.1250;0.2083;0.1092;0.2544;0.6699;6;10;0.1546;0.3180;0.6635;Qwen3.5-4B
ID_4259402010746015;0.3531;0.2415;0.2000;0.3000;0.1500;0.0476;0.1429;0.1429;0.0738;0.3986;0.6131;3;3;0.0738;0.4730;0.6188;Qwen3.5-4B
ID_9279262545449206;0.2131;0.2033;0.2000;0.3000;0.2500;0.0278;0.0833;0.1389;0.0289;0.4655;0.6952;3;5;0.0421;0.5948;0.7205;Qwen3.5-4B
ID_2876196606157039;0.6584;0.5765;0.8000;0.5000;0.3000;0.2353;0.2941;0.3529;0.2843;0.3636;0.6460;6;8;0.3164;0.4150;0.7168;Qwen3.5-4B
ID_6638697951841821;0.3437;0.2908;0.6000;0.3000;0.2500;0.1304;0.1304;0.2174;0.0833;0.2449;0.6233;3;5;0.1070;0.3282;0.6551;Qwen3.5-4B
ID_0574758575822571;0.2083;0.1393;0.4000;0.3000;0.1500;0.0606;0.0909;0.0909;0.0298;0.4009;0.6885;3;4;0.0298;0.5236;0.7142;Qwen3.5-4B
ID_5330038705900274;0.4572;0.3925;0.4000;0.3000;0.1500;0.1429;0.2143;0.2143;0.1643;0.6224;0.5391;3;3;0.1643;0.6531;0.6731;Qwen3.5-4B
ID_8547934593183920;0.2825;0.3875;0.4000;0.4000;0.4000;0.0741;0.1481;0.2963;0.0889;0.7574;0.5934;4;8;0.1542;0.8935;0.6648;Qwen3.5-4B
ID_1364246301366731;0.0000;0.0423;0.0000;0.0000;0.0500;0.0000;0.0000;0.0588;0.0000;0.3259;0.5623;0;1;0.0029;0.3900;0.5815;Qwen3.5-4B
ID_1128395832959780;0.5915;0.4293;0.6000;0.6000;0.3500;0.0882;0.1765;0.2059;0.1243;0.2646;0.5873;6;7;0.1430;0.5155;0.5830;Qwen3.5-4B
ID_5118629875846648;0.3843;0.2480;0.4000;0.3000;0.1500;0.0741;0.1111;0.1111;0.0694;0.3996;0.7003;3;3;0.0694;0.4076;0.7045;Qwen3.5-4B
ID_0484982277336205;0.5085;0.3665;0.4000;0.5000;0.3000;0.0476;0.1190;0.1429;0.0660;0.5993;0.5776;5;6;0.0779;0.6643;0.6481;Qwen3.5-4B
ID_2602949498335989;0.2593;0.2070;0.2000;0.2000;0.2000;0.0312;0.0625;0.1250;0.0391;0.2895;0.6987;3;5;0.0502;0.3326;0.6855;Qwen3.5-4B
ID_5923720330718235;0.5389;0.4308;0.8000;0.4000;0.3000;0.1481;0.1481;0.2222;0.1315;0.3982;0.6844;4;6;0.1586;0.4336;0.6507;Qwen3.5-4B
ID_2861424806494103;0.5669;0.4055;0.6000;0.5000;0.3000;0.0882;0.1471;0.1765;0.1054;0.6784;0.6651;5;6;0.1214;0.7485;0.7043;Qwen3.5-4B
ID_4671203889895341;0.4584;0.3827;0.6000;0.5000;0.3500;0.1304;0.2174;0.3043;0.1089;0.6275;0.5645;6;8;0.1428;0.6797;0.6821;Qwen3.5-4B
ID_4043924606392112;0.0000;0.0819;0.0000;0.0000;0.1500;0.0000;0.0000;0.1111;0.0000;0.0990;0.6739;0;3;0.0115;0.3276;0.6754;Qwen3.5-4B
ID_9170893104155674;0.4435;0.3748;0.4000;0.4000;0.3000;0.0741;0.1481;0.2222;0.0967;0.3789;0.7769;5;10;0.1259;0.5737;0.7659;Qwen3.5-4B
ID_3991335284097878;0.3558;0.3942;0.2000;0.3000;0.2500;0.0714;0.2143;0.3571;0.1131;0.5660;0.6634;3;5;0.1569;0.5660;0.6587;Qwen3.5-4B
ID_1802668440782138;0.7066;0.5653;0.8000;0.6000;0.4000;0.1905;0.2857;0.3810;0.2602;0.6014;0.5007;6;8;0.2989;0.7838;0.5612;Qwen3.5-4B
ID_0211323355347168;0.2187;0.1512;0.2000;0.2000;0.1000;0.0333;0.0667;0.0667;0.0241;0.2675;0.7452;3;5;0.0241;0.3202;0.7477;Qwen3.5-4B
ID_5635972225700254;0.5665;0.5047;0.6000;0.5000;0.4500;0.1200;0.2000;0.3600;0.1529;0.5047;0.6072;6;10;0.2483;0.5888;0.6302;Qwen3.5-4B
ID_1616204547689304;0.0852;0.0623;0.0000;0.1000;0.0500;0.0000;0.0526;0.0526;0.0066;0.5726;0.7183;2;3;0.0066;0.6274;0.7150;Qwen3.5-4B
ID_0560039556461253;0.5290;0.4628;0.8000;0.5000;0.4500;0.0800;0.1000;0.1800;0.0835;0.4610;0.5330;5;9;0.1211;0.5174;0.5865;Qwen3.5-4B
ID_3455204481678421;0.4790;0.3382;0.6000;0.4000;0.2500;0.0789;0.1053;0.1316;0.0899;0.1836;0.6943;6;7;0.1009;0.2269;0.7189;Qwen3.5-4B
ID_8938461112152405;0.4323;0.2957;0.4000;0.3000;0.1500;0.0800;0.1200;0.1200;0.0971;0.4914;0.5695;3;3;0.0971;0.5000;0.6239;Qwen3.5-4B
ID_5552833362200954;0.3811;0.2878;0.4000;0.3000;0.2000;0.0800;0.1200;0.1600;0.0733;0.2640;0.6715;3;4;0.0822;0.3315;0.6627;Qwen3.5-4B
ID_0914668307033301;0.5613;0.4925;0.6000;0.4000;0.2000;0.2143;0.2857;0.2857;0.2460;0.7484;0.6909;4;4;0.2460;0.7568;0.7284;Qwen3.5-4B
ID_1990435630619505;0.3750;0.3493;0.2000;0.2000;0.1500;0.0500;0.1000;0.1500;0.0667;0.4643;0.6677;8;9;0.0792;0.5833;0.6158;Qwen3.5-4B
ID_4962820320879891;0.3277;0.2955;0.2000;0.5000;0.4000;0.0222;0.1111;0.1778;0.0423;0.4528;0.6551;5;8;0.0696;0.5132;0.6675;Qwen3.5-4B
ID_0084300900034108;0.3149;0.4125;0.4000;0.2000;0.3000;0.1053;0.1053;0.3158;0.0789;0.1776;0.7382;2;6;0.1423;0.2710;0.7411;Qwen3.5-4B
ID_1888879974374014;0.8358;0.6112;0.8000;0.8000;0.5000;0.1176;0.2353;0.2941;0.2079;0.3016;0.7537;8;10;0.2463;0.3264;0.7497;Qwen3.5-4B
ID_3061734732654188;0.5338;0.5201;0.8000;0.6000;0.4500;0.1667;0.2500;0.3750;0.2017;0.4565;0.6887;6;9;0.2789;0.5870;0.7032;Qwen3.5-4B
ID_3594651355252245;0.2119;0.1862;0.2000;0.2000;0.1500;0.0476;0.0952;0.1429;0.0333;0.1156;0.6341;3;5;0.0429;0.1578;0.7226;Qwen3.5-4B
ID_8739431159426389;0.3976;0.2895;0.4000;0.4000;0.2500;0.0571;0.1143;0.1429;0.0698;0.1713;0.6163;5;6;0.0773;0.1955;0.6436;Qwen3.5-4B
ID_7050638697696950;0.2719;0.1788;0.2000;0.3000;0.1500;0.0476;0.1429;0.1429;0.0500;0.4494;0.6679;3;3;0.0500;0.4620;0.7007;Qwen3.5-4B
ID_3781815204303241;0.3345;0.2501;0.4000;0.5000;0.2500;0.0741;0.1852;0.1852;0.0749;0.5108;0.6544;5;5;0.0749;0.5620;0.6937;Qwen3.5-4B
ID_3394181280355442;0.3547;0.3077;0.6000;0.4000;0.2000;0.2143;0.2857;0.2857;0.2372;0.2425;0.6835;5;6;0.2372;0.2814;0.7374;Qwen3.5-4B
ID_7927685281122435;0.4527;0.3609;0.6000;0.5000;0.2500;0.1111;0.1852;0.1852;0.1441;0.4922;0.5971;5;5;0.1441;0.6172;0.6545;Qwen3.5-4B
ID_3900177177421722;0.5855;0.4551;0.8000;0.4000;0.2000;0.2000;0.2000;0.2000;0.2000;0.8667;0.3708;6;9;0.2000;0.8792;0.3674;Qwen3.5-4B
ID_0915732258069388;0.8142;0.6378;0.8000;0.7000;0.3500;0.2105;0.3684;0.3684;0.3201;0.4025;0.6232;7;7;0.3201;0.4576;0.6448;Qwen3.5-4B
ID_6341248082936350;0.4632;0.4060;0.4000;0.4000;0.3500;0.0488;0.0976;0.1707;0.0596;0.4706;0.5952;4;7;0.0887;0.5882;0.6154;Qwen3.5-4B
ID_8634866589762862;0.5186;0.4552;0.6000;0.4000;0.3500;0.1579;0.2105;0.3684;0.1681;0.3480;0.8081;5;8;0.2178;0.3673;0.7754;Qwen3.5-4B
ID_8992951405803858;0.4284;0.3756;0.4000;0.3000;0.2500;0.1000;0.1500;0.2500;0.1187;0.1836;0.7048;3;5;0.1578;0.2184;0.7531;Qwen3.5-4B
ID_8555278845050226;0.2919;0.2359;0.4000;0.4000;0.3000;0.0526;0.1053;0.1579;0.0397;0.2283;0.7565;4;6;0.0553;0.3386;0.7263;Qwen3.5-4B
ID_6420054948441113;0.1959;0.2098;0.2000;0.3000;0.3000;0.0238;0.0714;0.1429;0.0250;0.5854;0.6767;3;6;0.0478;0.6976;0.6404;Qwen3.5-4B
ID_3784957422020764;0.5919;0.4380;0.6000;0.5000;0.3500;0.0882;0.1471;0.2059;0.1145;0.4342;0.5882;5;7;0.1351;0.4911;0.5759;Qwen3.5-4B
ID_2747150211073176;0.5248;0.3911;0.8000;0.6000;0.4000;0.1111;0.1667;0.2222;0.1171;0.4581;0.8013;6;8;0.1480;0.4813;0.7964;Qwen3.5-4B
ID_6646435354431954;0.3106;0.2968;0.4000;0.2000;0.1000;0.1818;0.1818;0.1818;0.1818;0.2353;0.6493;2;2;0.1818;0.2680;0.6981;Qwen3.5-4B
ID_2121686219033754;0.1751;0.2012;0.0000;0.3000;0.3000;0.0000;0.0882;0.1765;0.0211;0.1236;0.7008;3;6;0.0498;0.2135;0.7140;Qwen3.5-4B
ID_0517841867884236;0.4847;0.4584;0.6000;0.4000;0.4000;0.0625;0.0833;0.1667;0.0576;0.8246;0.5868;4;8;0.0954;0.8586;0.6152;Qwen3.5-4B
ID_6562497517787376;0.5329;0.3595;0.8000;0.5000;0.3000;0.1111;0.1389;0.1667;0.1185;0.4151;0.6442;5;6;0.1304;0.4277;0.7265;Qwen3.5-4B
ID_2253678905578777;0.3847;0.4317;0.4000;0.2000;0.4000;0.0526;0.0526;0.2105;0.0526;0.7153;0.5768;4;10;0.1079;0.7569;0.6232;Qwen3.5-4B
ID_8884263402852992;0.5833;0.6371;0.8000;0.5000;0.3500;0.4444;0.5556;0.7778;0.4778;0.8308;0.6224;5;7;0.5663;0.8923;0.6561;Qwen3.5-4B
ID_3669511350633933;0.3645;0.4193;0.6000;0.5000;0.5000;0.1071;0.1786;0.3571;0.1008;0.0909;0.7254;5;10;0.1966;0.1818;0.7438;Qwen3.5-4B
ID_1046967561370777;0.1710;0.1632;0.2000;0.1000;0.0500;0.0909;0.0909;0.0909;0.0227;0.6351;0.6279;1;1;0.0227;0.6486;0.6399;Qwen3.5-4B
ID_0095550072802463;0.2339;0.2201;0.2000;0.3000;0.2000;0.0625;0.1875;0.2500;0.1012;0.3441;0.6890;3;4;0.1179;0.3763;0.7112;Qwen3.5-4B
ID_2658762200370578;0.2562;0.3221;0.4000;0.2000;0.2000;0.1250;0.1250;0.2500;0.0521;0.0751;0.4364;2;4;0.0802;0.2312;0.4875;Qwen3.5-4B
ID_0700137809969252;0.1946;0.2598;0.2000;0.2000;0.2000;0.0476;0.0952;0.1905;0.0374;0.1494;0.7287;3;6;0.0588;0.3050;0.7033;Qwen3.5-4B
ID_2713375538068664;0.0501;0.0587;0.2000;0.1000;0.0500;0.0769;0.0769;0.0769;0.0154;0.3087;0.6929;2;4;0.0154;0.3348;0.6587;Qwen3.5-4B
ID_3867942762661182;0.4448;0.2870;0.4000;0.6000;0.3000;0.0588;0.1765;0.1765;0.0911;0.4286;0.6814;6;6;0.0911;0.4821;0.7069;Qwen3.5-4B
ID_4548734294382889;0.2547;0.1644;0.2000;0.3000;0.1500;0.0250;0.0750;0.0750;0.0250;0.1910;0.7330;3;3;0.0250;0.2312;0.7338;Qwen3.5-4B
ID_7930540518087267;0.1334;0.1819;0.2000;0.2000;0.2000;0.0435;0.0870;0.1739;0.0304;0.4071;0.5985;3;5;0.0568;0.4898;0.6486;Qwen3.5-4B
ID_3852736184581900;0.5757;0.3875;0.8000;0.6000;0.3500;0.1429;0.2143;0.2500;0.1795;0.5062;0.6770;6;7;0.1987;0.5926;0.7010;Qwen3.5-4B
ID_7591029585871788;0.4683;0.4504;0.6000;0.6000;0.4000;0.2000;0.4000;0.5333;0.2642;0.6148;0.4685;6;9;0.3511;0.6296;0.5683;Qwen3.5-4B
ID_4028993334703256;0.3954;0.4648;0.6000;0.3000;0.5000;0.0732;0.0732;0.2439;0.0634;0.6132;0.5772;3;10;0.1410;0.6387;0.6406;Qwen3.5-4B
ID_8906707362461289;0.1356;0.1356;0.2000;0.2000;0.1000;0.1667;0.3333;0.3333;0.0889;0.4062;0.5819;2;2;0.0889;0.5312;0.6335;Qwen3.5-4B
ID_7913302545613108;0.6275;0.5423;0.8000;0.5000;0.3000;0.2500;0.3125;0.3750;0.2821;0.2746;0.6319;5;6;0.3009;0.3662;0.6348;Qwen3.5-4B
ID_2329499237357364;0.1826;0.1780;0.4000;0.3000;0.2000;0.1333;0.2000;0.2667;0.0756;0.0852;0.7345;4;5;0.0978;0.1023;0.7281;Qwen3.5-4B
ID_0717367953543712;0.5410;0.5191;0.4000;0.4000;0.2000;0.2222;0.4444;0.4444;0.3143;0.6757;0.5933;5;5;0.3143;0.6892;0.6600;Qwen3.5-4B
ID_6019754377229990;0.4885;0.3619;0.6000;0.4000;0.2500;0.0857;0.1143;0.1429;0.0805;0.4543;0.6117;4;7;0.0915;0.5161;0.6350;Qwen3.5-4B
ID_1601050225496140;0.1100;0.2385;0.2000;0.1000;0.3000;0.0333;0.0333;0.2000;0.0111;0.1474;0.5845;1;6;0.0473;0.8316;0.6415;Qwen3.5-4B
ID_5957855817378897;0.3719;0.3199;0.2000;0.3000;0.2500;0.0333;0.1000;0.1667;0.0587;0.1328;0.5657;3;5;0.0769;0.2822;0.6567;Qwen3.5-4B
ID_1349279406406034;0.5651;0.4577;0.8000;0.4000;0.2000;0.2222;0.2222;0.2222;0.2111;0.4000;0.6706;5;6;0.2111;0.6000;0.6539;Qwen3.5-4B
ID_1290711673273506;0.3277;0.2701;0.2000;0.3000;0.1500;0.0435;0.1304;0.1304;0.0549;0.4180;0.6009;5;6;0.0549;0.4339;0.6737;Qwen3.5-4B
ID_2402401592333107;0.3188;0.2627;0.4000;0.2000;0.1000;0.1250;0.1250;0.1250;0.0875;0.4324;0.6191;3;4;0.0875;0.4919;0.5932;Qwen3.5-4B
ID_0036129846822289;0.4226;0.3769;0.4000;0.3000;0.3000;0.0714;0.1071;0.2143;0.0821;0.4333;0.6793;3;6;0.1150;0.5095;0.6400;Qwen3.5-4B
ID_7937368027614414;0.5200;0.4668;0.8000;0.5000;0.3500;0.1379;0.1724;0.2414;0.1440;0.3643;0.5444;5;10;0.1760;0.4914;0.5794;Qwen3.5-4B
ID_9065501029560884;0.0284;0.1069;0.0000;0.1000;0.1500;0.0000;0.0417;0.1250;0.0046;0.1617;0.7285;1;3;0.0161;0.3489;0.7682;Qwen3.5-4B
ID_6886593430683676;0.4690;0.3996;0.6000;0.3000;0.2500;0.1364;0.1364;0.2273;0.1364;0.2764;0.6536;3;5;0.1671;0.3089;0.6572;Qwen3.5-4B
ID_9362686215096702;0.1894;0.2481;0.4000;0.2000;0.3000;0.0444;0.0444;0.1333;0.0222;0.1338;0.7227;3;8;0.0486;0.3605;0.7294;Qwen3.5-4B
ID_3746397954560718;0.0850;0.1900;0.0000;0.1000;0.2000;0.0000;0.0769;0.3077;0.0077;0.2553;0.6424;2;7;0.0463;0.3830;0.6506;Qwen3.5-4B
ID_7561487411080800;0.6706;0.5431;0.8000;0.6000;0.4500;0.0976;0.1463;0.2195;0.1341;0.5880;0.6761;6;9;0.1769;0.6435;0.7101;Qwen3.5-4B
ID_9080862012369372;0.1137;0.1618;0.2000;0.1000;0.1000;0.1111;0.1111;0.2222;0.0556;0.5222;0.5871;2;5;0.0741;0.6333;0.6082;Qwen3.5-4B
ID_2938011667744143;0.0000;0.0714;0.0000;0.0000;0.1000;0.0000;0.0000;0.0426;0.0000;0.2438;0.6252;0;2;0.0041;0.7068;0.6345;Qwen3.5-4B
ID_1455327138239823;0.3341;0.4202;0.6000;0.3000;0.4500;0.1034;0.1034;0.3103;0.0609;0.2742;0.6303;3;9;0.1379;0.3871;0.6316;Qwen3.5-4B
ID_4787380927153288;0.5368;0.3968;0.6000;0.5000;0.3500;0.0682;0.1136;0.1591;0.0821;0.5426;0.7324;7;9;0.1018;0.5836;0.7118;Qwen3.5-4B
ID_4470314114687099;0.4252;0.3464;0.6000;0.3000;0.2500;0.0938;0.0938;0.1562;0.0708;0.4910;0.6152;4;6;0.0900;0.5345;0.6546;Qwen3.5-4B
ID_4594174520904857;0.2607;0.2469;0.4000;0.2000;0.2500;0.0645;0.0645;0.1613;0.0484;0.7647;0.7434;2;6;0.0705;0.7778;0.7337;Qwen3.5-4B
ID_1537768249023926;0.4439;0.3199;0.6000;0.5000;0.3000;0.1250;0.2083;0.2500;0.1312;0.1325;0.7184;5;6;0.1450;0.1660;0.6987;Qwen3.5-4B
ID_5006741787749124;0.6302;0.6017;0.6000;0.4000;0.2500;0.2727;0.3636;0.4545;0.2864;0.2695;0.7769;5;6;0.3213;0.3262;0.7633;Qwen3.5-4B
ID_7199755730477708;0.0000;0.0000;0.0000;0.0000;0.0000;0.0000;0.0000;0.0000;0.0000;0.1631;0.6153;0;0;0.0000;0.1717;0.6663;Qwen3.5-4B
ID_5969636750048659;0.0954;0.1946;0.2000;0.1000;0.1500;0.0769;0.0769;0.2308;0.0192;0.2149;0.6681;3;5;0.0524;0.2149;0.6480;Qwen3.5-4B
ID_4670907354729674;0.5164;0.5164;0.4000;0.3000;0.1500;0.2222;0.3333;0.3333;0.2407;0.2500;0.6496;3;3;0.2407;0.2500;0.7195;Qwen3.5-4B
ID_2878770983264825;0.3087;0.2630;0.4000;0.5000;0.3000;0.0800;0.2000;0.2400;0.1016;0.3003;0.5149;5;6;0.1136;0.3108;0.6300;Qwen3.5-4B
ID_6712204853062196;0.4321;0.3514;0.6000;0.5000;0.3000;0.1034;0.1724;0.2069;0.1394;0.4519;0.6066;6;8;0.1509;0.5481;0.6153;Qwen3.5-4B
ID_6644811083291335;0.3472;0.3194;0.2000;0.4000;0.3000;0.0400;0.1600;0.2400;0.0827;0.8228;0.5787;4;6;0.1120;0.8713;0.5899;Qwen3.5-4B
ID_9092587237114334;0.5401;0.4250;0.6000;0.5000;0.3500;0.0909;0.1515;0.2121;0.1108;0.0552;0.7440;5;8;0.1377;0.2689;0.7701;Qwen3.5-4B
ID_3551809247862378;0.1888;0.1798;0.2000;0.2000;0.1000;0.1250;0.2500;0.2500;0.0563;0.3934;0.6673;3;4;0.0563;0.4672;0.6707;Qwen3.5-4B
ID_5061261000226463;0.0640;0.1602;0.0000;0.1000;0.1500;0.0000;0.0455;0.1364;0.0051;0.2391;0.6793;2;6;0.0224;0.6391;0.6735;Qwen3.5-4B
ID_8643734175886873;0.4194;0.4183;0.8000;0.6000;0.5000;0.1429;0.2143;0.3571;0.1869;0.2625;0.7055;7;11;0.2696;0.6500;0.7353;Qwen3.5-4B
ID_8797735093080763;0.7184;0.5672;1.0000;0.6000;0.4500;0.1923;0.2308;0.3462;0.2212;0.2258;0.7243;6;9;0.2771;0.3710;0.7449;Qwen3.5-4B
ID_2302314954133011;0.1567;0.1302;0.2000;0.1000;0.0500;0.0435;0.0435;0.0435;0.0217;0.4035;0.6426;1;2;0.0217;0.5000;0.6608;Qwen3.5-4B
ID_7396818382676736;0.6492;0.4352;0.6000;0.6000;0.3000;0.0882;0.1765;0.1765;0.1485;0.8059;0.6113;6;6;0.1485;0.8138;0.6650;Qwen3.5-4B
ID_2382469130424035;0.4999;0.4665;0.8000;0.5000;0.5500;0.0976;0.1220;0.2683;0.0866;0.7351;0.3521;7;14;0.1626;0.7483;0.3167;Qwen3.5-4B
ID_0751166458904189;0.3461;0.2981;0.6000;0.4000;0.3000;0.0732;0.0976;0.1463;0.0488;0.3673;0.6497;4;6;0.0694;0.4490;0.7154;Qwen3.5-4B
ID_1433102143096276;0.5918;0.5520;0.6000;0.5000;0.2500;0.2727;0.4545;0.4545;0.3083;0.8171;0.6038;5;5;0.3083;0.8415;0.6779;Qwen3.5-4B
ID_5370050614825156;0.1236;0.1351;0.2000;0.1000;0.1500;0.0286;0.0286;0.0857;0.0286;0.2101;0.6928;3;6;0.0374;0.4058;0.6862;Qwen3.5-4B
ID_6293663565260182;0.1546;0.3266;0.2000;0.2000;0.3500;0.0588;0.1176;0.4118;0.0265;0.3747;0.6278;2;8;0.1309;0.4234;0.6132;Qwen3.5-4B
ID_0611351138131709;0.6300;0.6514;1.0000;0.6000;0.6000;0.1923;0.2308;0.4615;0.2212;0.6414;0.5986;6;12;0.3547;0.6483;0.5996;Qwen3.5-4B
ID_7583826391876379;0.4461;0.4245;0.4000;0.5000;0.4000;0.0769;0.1923;0.3077;0.1297;0.6447;0.6563;5;8;0.1837;0.7105;0.6747;Qwen3.5-4B
ID_0059762188104357;0.5447;0.4620;0.8000;0.5000;0.3500;0.1600;0.2000;0.2800;0.1770;0.7742;0.6491;6;8;0.2043;0.8387;0.6532;Qwen3.5-4B
ID_6052239712915301;0.1137;0.1382;0.2000;0.1000;0.1500;0.0294;0.0294;0.0882;0.0294;0.2491;0.5082;3;5;0.0387;0.2868;0.6476;Qwen3.5-4B
ID_6200337581440834;0.4939;0.3878;0.8000;0.6000;0.3500;0.1212;0.1818;0.2121;0.1418;0.5234;0.6453;6;7;0.1582;0.6562;0.6857;Qwen3.5-4B
ID_6405951782839858;0.0887;0.2643;0.0000;0.0000;0.2000;0.0000;0.0000;0.2857;0.0000;0.1531;0.7795;3;7;0.0437;0.5204;0.7563;Qwen3.5-4B
ID_7456235597127456;0.0489;0.0419;0.2000;0.1000;0.0500;0.0625;0.0625;0.0625;0.0208;0.2312;0.7182;1;1;0.0208;0.2507;0.7456;Qwen3.5-4B
ID_7254377052595883;0.4704;0.5053;0.6000;0.6000;0.5000;0.1429;0.2857;0.4762;0.2404;0.5793;0.5472;7;11;0.3422;0.6098;0.5970;Qwen3.5-4B
ID_8273262094488441;0.2318;0.2252;0.2000;0.4000;0.3000;0.0294;0.1176;0.1765;0.0414;0.5000;0.6684;4;6;0.0622;0.6471;0.6922;Qwen3.5-4B
ID_7525404075009709;0.4073;0.3365;0.6000;0.4000;0.3000;0.0882;0.1176;0.1765;0.0681;0.6786;0.5753;4;6;0.0921;0.6964;0.6449;Qwen3.5-4B
ID_2659526671827929;0.5825;0.4288;0.8000;0.5000;0.3500;0.0800;0.1000;0.1400;0.0871;0.4163;0.7047;5;7;0.1063;0.4463;0.7381;Qwen3.5-4B
ID_5436929276473133;0.3354;0.4649;0.4000;0.4000;0.5500;0.0426;0.0851;0.2340;0.0399;0.8333;0.6084;4;11;0.1160;0.9341;0.6334;Qwen3.5-4B
ID_2019624495480547;0.4935;0.4837;0.6000;0.7000;0.5000;0.0750;0.1750;0.2500;0.1374;0.4568;0.7921;7;10;0.1845;0.5062;0.7466;Qwen3.5-4B
ID_0101573130155769;0.6316;0.5443;0.8000;0.7000;0.5500;0.1739;0.3043;0.4783;0.2557;0.7949;0.6425;7;12;0.3641;0.8333;0.6837;Qwen3.5-4B
ID_1759328747578795;0.4937;0.3781;0.6000;0.4000;0.2000;0.1765;0.2353;0.2353;0.1725;0.1441;0.6911;4;5;0.1725;0.1441;0.7071;Qwen3.5-4B
ID_3376750892363066;0.6497;0.4677;0.8000;0.7000;0.4000;0.1379;0.2414;0.2759;0.1994;0.2727;0.7600;7;9;0.2245;0.3737;0.7747;Qwen3.5-4B
ID_3832957669189657;0.5188;0.4099;0.6000;0.6000;0.4000;0.0882;0.1765;0.2353;0.1120;0.4447;0.6424;6;8;0.1464;0.4743;0.7112;Qwen3.5-4B
ID_6985916875607463;0.2912;0.3863;0.4000;0.4000;0.3500;0.0800;0.1600;0.2800;0.0621;0.3878;0.5093;4;8;0.1218;0.5000;0.6274;Qwen3.5-4B
ID_0271756813168869;0.2638;0.2638;0.0000;0.2000;0.1000;0.0000;0.4000;0.4000;0.0730;0.6000;0.7043;3;3;0.0730;0.6000;0.7587;Qwen3.5-4B
ID_2515147908021339;0.3764;0.4547;0.4000;0.4000;0.5000;0.0408;0.0816;0.2041;0.0394;0.5152;0.6194;4;10;0.0974;0.5960;0.6299;Qwen3.5-4B
ID_4463851260628939;0.6255;0.6078;0.6000;0.6000;0.6000;0.0909;0.1818;0.3636;0.1407;0.2598;0.6215;6;13;0.2677;0.2745;0.7136;Qwen3.5-4B
ID_1103843322667635;0.2032;0.2777;0.0000;0.3000;0.3500;0.0000;0.0909;0.2121;0.0202;0.5038;0.7097;3;7;0.0674;0.5344;0.7012;Qwen3.5-4B
ID_0351531509597193;0.7820;0.5402;1.0000;0.7000;0.4000;0.1389;0.1944;0.2222;0.1792;0.2701;0.6999;7;8;0.1940;0.2847;0.6938;Qwen3.5-4B
ID_1602277501575415;0.0284;0.0367;0.0000;0.1000;0.1000;0.0000;0.0333;0.0667;0.0037;0.2901;0.6885;1;2;0.0079;0.3395;0.7047;Qwen3.5-4B
ID_1519722333222743;0.3515;0.3490;0.6000;0.5000;0.3500;0.1304;0.2174;0.3043;0.1365;0.2606;0.6883;5;7;0.1726;0.3830;0.7021;Qwen3.5-4B
ID_0198281726965444;0.3232;0.3011;0.4000;0.4000;0.3500;0.0909;0.1818;0.3182;0.0864;0.2140;0.6867;4;7;0.1343;0.2346;0.6783;Qwen3.5-4B
ID_2397508258376320;0.3859;0.3690;0.4000;0.4000;0.3000;0.1250;0.2500;0.3750;0.1247;0.9250;0.6517;4;6;0.1844;0.9500;0.6700;Qwen3.5-4B
ID_3243382843704500;0.0563;0.0574;0.2000;0.1000;0.1000;0.0455;0.0455;0.0909;0.0152;0.2571;0.6498;2;3;0.0216;0.4286;0.6102;Qwen3.5-4B
ID_7908961016619339;0.3747;0.2615;0.4000;0.3000;0.2000;0.0909;0.1364;0.1818;0.0807;0.2000;0.5805;3;4;0.0920;0.3000;0.6336;Qwen3.5-4B
ID_0612547523125517;0.4764;0.4204;0.4000;0.5000;0.4000;0.0667;0.1667;0.2667;0.0961;0.3621;0.6271;5;9;0.1435;0.6379;0.6632;Qwen3.5-4B
ID_7483948147827075;0.2959;0.4000;0.4000;0.3000;0.4000;0.0741;0.1111;0.2963;0.0556;0.6069;0.6312;5;10;0.1349;0.6918;0.6266;Qwen3.5-4B
ID_3663976246405654;0.1778;0.2176;0.2000;0.1000;0.1500;0.0556;0.0556;0.1667;0.0278;0.4773;0.6755;2;4;0.0467;0.6500;0.6946;Qwen3.5-4B
ID_6175285839739641;0.5268;0.4460;0.4000;0.6000;0.4000;0.0870;0.2609;0.3478;0.1631;0.4235;0.6158;6;8;0.2175;0.4592;0.6634;Qwen3.5-4B
ID_4746511137641620;0.2817;0.1988;0.2000;0.3000;0.2000;0.0250;0.0750;0.1000;0.0290;0.2461;0.6274;3;4;0.0381;0.4084;0.6349;Qwen3.5-4B
ID_2247991541439424;0.0406;0.0379;0.2000;0.1000;0.0500;0.0270;0.0270;0.0270;0.0068;0.1556;0.6114;1;2;0.0068;0.1944;0.6690;Qwen3.5-4B
ID_2169077750473763;0.2790;0.2444;0.2000;0.3000;0.2500;0.0370;0.1111;0.1852;0.0336;0.4265;0.6883;6;9;0.0574;0.4412;0.6725;Qwen3.5-4B
ID_0737720586420784;0.3421;0.3256;0.2000;0.4000;0.3500;0.0192;0.0769;0.1346;0.0292;0.1393;0.5870;4;7;0.0509;0.4836;0.5986;Qwen3.5-4B
ID_1666847480524681;0.5316;0.4279;0.6000;0.4000;0.3500;0.0698;0.0930;0.1628;0.0760;0.9189;0.6260;5;8;0.1011;0.9730;0.5861;Qwen3.5-4B
ID_0143397497562314;0.8215;0.5642;1.0000;0.8000;0.4500;0.1282;0.2051;0.2308;0.2051;0.5507;0.6439;8;9;0.2187;0.5903;0.7084;Qwen3.5-4B
ID_5733639342016958;0.0000;0.0782;0.0000;0.0000;0.0500;0.0000;0.0000;0.1429;0.0000;0.2795;0.5743;0;1;0.0089;0.3150;0.6610;Qwen3.5-4B
ID_6911356765220023;0.5068;0.4011;0.4000;0.4000;0.3500;0.0588;0.1176;0.2059;0.0882;0.2206;0.6113;4;7;0.1221;0.3235;0.6384;Qwen3.5-4B
ID_1254836315844697;0.5541;0.4591;0.8000;0.4000;0.2500;0.2105;0.2105;0.2632;0.2000;0.4725;0.6742;4;5;0.2155;0.5055;0.6501;Qwen3.5-4B
ID_3590884268165249;0.2973;0.2391;0.4000;0.3000;0.2500;0.0500;0.0750;0.1250;0.0325;0.1525;0.7172;3;5;0.0450;0.2375;0.7035;Qwen3.5-4B
ID_1383177933306046;0.5026;0.3927;0.6000;0.4000;0.3000;0.0882;0.1176;0.1765;0.1078;0.5372;0.6863;4;6;0.1269;0.5950;0.6686;Qwen3.5-4B
ID_8400994037688251;0.0909;0.1015;0.0000;0.1000;0.0500;0.0000;0.1250;0.1250;0.0125;0.3365;0.6557;2;4;0.0125;0.3558;0.6718;Qwen3.5-4B
ID_7421096523152034;0.1469;0.2162;0.0000;0.1000;0.1000;0.0000;0.2000;0.4000;0.0222;0.1579;0.7005;2;5;0.0433;0.2500;0.6516;Qwen3.5-4B
ID_3524890504250775;0.0638;0.1531;0.0000;0.0000;0.1000;0.0000;0.0000;0.1250;0.0000;0.5123;0.3987;4;9;0.0115;0.5447;0.6273;Qwen3.5-4B
ID_2762547320425528;0.3797;0.3472;0.8000;0.4000;0.2500;0.2000;0.2000;0.2500;0.1900;0.3555;0.4915;4;5;0.2127;0.4553;0.6198;Qwen3.5-4B
ID_6900410067408108;0.3261;0.3566;0.4000;0.2000;0.3500;0.0741;0.0741;0.2593;0.0556;0.7137;0.6440;3;8;0.1109;0.7863;0.6735;Qwen3.5-4B
ID_3675336131283739;0.3590;0.3297;0.4000;0.2000;0.2500;0.0833;0.0833;0.2083;0.0833;0.1973;0.6665;2;5;0.1138;0.2601;0.6988;Qwen3.5-4B
ID_5136341885052869;0.1267;0.1209;0.2000;0.1000;0.1000;0.0323;0.0323;0.0645;0.0081;0.4118;0.7065;2;3;0.0124;0.4853;0.7174;Qwen3.5-4B
ID_4892401475655718;0.0000;0.0000;0.0000;0.0000;0.0000;0.0000;0.0000;0.0000;0.0000;0.2938;0.5811;0;0;0.0000;0.4691;0.6244;Qwen3.5-4B
ID_1780902767520967;0.3052;0.3231;0.4000;0.2000;0.2000;0.0714;0.0714;0.1429;0.0500;0.4727;0.5866;2;5;0.0707;0.6364;0.6517;Qwen3.5-4B
ID_1106609472179988;0.5668;0.5029;0.6000;0.5000;0.4000;0.0789;0.1316;0.2105;0.1067;0.7258;0.6559;5;8;0.1453;0.7339;0.7049;Qwen3.5-4B
ID_7594033934995220;0.2448;0.3696;0.4000;0.3000;0.3500;0.0870;0.1304;0.3043;0.0482;0.7429;0.6161;4;9;0.1183;0.8857;0.5584;Qwen3.5-4B
ID_2293023062054998;0.0314;0.1116;0.0000;0.0000;0.1500;0.0000;0.0000;0.1429;0.0000;0.4847;0.6418;1;4;0.0167;0.6332;0.7065;Qwen3.5-4B
ID_3059520185406581;0.2384;0.2375;0.4000;0.3000;0.2500;0.0645;0.0968;0.1613;0.0430;0.4000;0.7378;3;5;0.0653;0.4260;0.7474;Qwen3.5-4B
ID_7969404470516307;0.1216;0.1169;0.0000;0.2000;0.1500;0.0000;0.0500;0.0750;0.0091;0.5784;0.6303;3;5;0.0133;0.6765;0.6490;Qwen3.5-4B
ID_3477269475651042;0.5501;0.5047;0.8000;0.6000;0.4500;0.1111;0.1667;0.2500;0.1370;0.8561;0.5412;6;10;0.1789;0.8745;0.5723;Qwen3.5-4B
ID_0023950321397451;0.1642;0.1752;0.2000;0.2000;0.2000;0.0250;0.0500;0.1000;0.0125;0.3747;0.4906;2;4;0.0231;0.5167;0.5515;Qwen3.5-4B
ID_3939504645911140;0.3315;0.2730;0.4000;0.4000;0.2500;0.0714;0.1429;0.1786;0.0650;0.4263;0.5392;4;5;0.0799;0.6211;0.6015;Qwen3.5-4B
ID_4300201078050323;0.0336;0.2018;0.0000;0.1000;0.4000;0.0000;0.0263;0.2105;0.0044;0.1068;0.6710;1;8;0.0624;0.7051;0.6841;Qwen3.5-4B
ID_2069437408328707;0.2713;0.4185;0.4000;0.4000;0.4000;0.1538;0.3077;0.6154;0.1288;0.3103;0.5849;4;8;0.2531;0.4164;0.6299;Qwen3.5-4B
ID_5653559772140199;0.5533;0.5119;0.8000;0.7000;0.5000;0.1333;0.2333;0.3333;0.2000;0.3400;0.5353;7;10;0.2584;0.3467;0.5795;Qwen3.5-4B
ID_4051248293039990;0.1301;0.2464;0.2000;0.2000;0.2500;0.1111;0.2222;0.5556;0.0500;0.4375;0.6398;3;7;0.1454;0.4896;0.6167;Qwen3.5-4B
ID_5599017990318989;0.2201;0.2145;0.2000;0.1000;0.1500;0.0286;0.0286;0.0857;0.0286;0.0859;0.6643;1;3;0.0384;0.1503;0.6769;Qwen3.5-4B
ID_5391801774050611;0.4690;0.4092;0.6000;0.3000;0.2000;0.1200;0.1200;0.1600;0.1200;0.6897;0.7136;3;4;0.1284;0.7471;0.7323;Qwen3.5-4B
ID_5379077061489077;0.3170;0.3214;0.6000;0.5000;0.3500;0.0811;0.1351;0.1892;0.0643;0.2851;0.5085;5;8;0.0895;0.3613;0.5607;Qwen3.5-4B
ID_5113998301069032;0.2837;0.2669;0.2000;0.2000;0.2000;0.0345;0.0690;0.1379;0.0414;0.1212;0.5634;2;4;0.0592;0.1212;0.4796;Qwen3.5-4B
ID_8948217221748469;0.1465;0.1957;0.4000;0.3000;0.2500;0.0690;0.1034;0.1724;0.0353;0.2143;0.7408;3;5;0.0550;0.3036;0.7754;Qwen3.5-4B
ID_5450087410078221;0.3738;0.3925;0.6000;0.3000;0.2500;0.2500;0.2500;0.4167;0.1472;0.2500;0.5003;4;7;0.2096;0.2697;0.6065;Qwen3.5-4B
ID_5832558504922244;0.3996;0.2720;0.4000;0.3000;0.2000;0.0500;0.0750;0.1000;0.0510;0.5788;0.6672;3;4;0.0563;0.6752;0.6754;Qwen3.5-4B
ID_5194381227316437;0.2413;0.3312;0.0000;0.4000;0.4500;0.0000;0.1176;0.2647;0.0338;0.6198;0.6760;4;9;0.0985;0.6694;0.7430;Qwen3.5-4B
ID_5662858299034942;0.7050;0.5133;0.8000;0.7000;0.4500;0.1333;0.2333;0.3000;0.1931;0.6703;0.5753;8;11;0.2340;0.6934;0.7062;Qwen3.5-4B
ID_0333795175458545;0.4265;0.3044;0.2000;0.4000;0.2000;0.0303;0.1212;0.1212;0.0624;0.3835;0.5726;4;4;0.0624;0.4078;0.6852;Qwen3.5-4B
ID_0063745071964255;0.2201;0.1447;0.2000;0.1000;0.0500;0.0385;0.0385;0.0385;0.0385;0.1977;0.0000;1;1;0.0385;0.1977;0.0000;Qwen3.5-4B
ID_4542759243110371;0.2607;0.2121;0.4000;0.2000;0.1000;0.1000;0.1000;0.1000;0.0750;0.5561;0.6996;2;3;0.0750;0.6578;0.6815;Qwen3.5-4B
ID_1680065573338339;0.5009;0.5070;0.8000;0.4000;0.4500;0.1429;0.1429;0.3214;0.1429;0.0544;0.5628;4;9;0.2321;0.1088;0.6481;Qwen3.5-4B
ID_2784703187800324;0.0000;0.1475;0.0000;0.0000;0.2000;0.0000;0.0000;0.1481;0.0000;0.2432;0.6142;0;6;0.0210;0.5811;0.6340;Qwen3.5-4B
ID_3563923906851611;0.7176;0.6668;0.8000;0.6000;0.5000;0.2105;0.3158;0.5263;0.2692;0.4737;0.7212;7;12;0.4045;0.5614;0.7241;Qwen3.5-4B
ID_3527197809276361;0.2064;0.1716;0.0000;0.3000;0.2000;0.0000;0.0545;0.0727;0.0126;0.1493;0.7428;3;4;0.0187;0.1946;0.7759;Qwen3.5-4B
ID_6261175351521953;0.4993;0.4934;0.8000;0.6000;0.4500;0.1739;0.2609;0.3913;0.1901;0.1587;0.6153;6;9;0.2513;0.2540;0.6776;Qwen3.5-4B
ID_0455487141833418;0.2123;0.2495;0.2000;0.3000;0.2500;0.0526;0.1579;0.2632;0.0479;0.4114;0.5972;5;9;0.0859;0.4743;0.6505;Qwen3.5-4B
ID_2002515486942024;0.2832;0.2175;0.4000;0.3000;0.2000;0.0513;0.0769;0.1026;0.0342;0.1202;0.6972;3;4;0.0406;0.1725;0.6507;Qwen3.5-4B
ID_4627360041573918;0.5209;0.5033;0.6000;0.5000;0.5500;0.0909;0.1515;0.3333;0.1040;0.4511;0.6069;5;11;0.1950;0.5338;0.6527;Qwen3.5-4B
ID_0649912135067700;0.2863;0.3112;0.4000;0.3000;0.2500;0.0455;0.0682;0.1136;0.0403;0.1203;0.6890;3;5;0.0535;0.1992;0.6878;Qwen3.5-4B
ID_8599181647215929;0.4085;0.4076;0.4000;0.3000;0.4000;0.0714;0.1071;0.2857;0.0774;0.4923;0.7248;3;8;0.1418;0.6615;0.7446;Qwen3.5-4B
ID_7026313596468626;0.1861;0.2359;0.2000;0.2000;0.2000;0.0588;0.1176;0.2353;0.0248;0.3421;0.5983;3;6;0.0531;0.4474;0.6140;Qwen3.5-4B
ID_4256595317953538;0.1610;0.1523;0.4000;0.4000;0.3000;0.0488;0.0976;0.1463;0.0481;0.3656;0.2728;4;6;0.0648;0.4892;0.4744;Qwen3.5-4B
ID_8614762185596299;0.3476;0.2427;0.6000;0.3000;0.1500;0.1500;0.1500;0.1500;0.0883;0.3645;0.6946;4;5;0.0883;0.4206;0.7004;Qwen3.5-4B
ID_8280978457776741;0.1284;0.1252;0.2000;0.2000;0.1500;0.0417;0.0833;0.1250;0.0243;0.2213;0.6624;2;3;0.0309;0.3443;0.6940;Qwen3.5-4B
ID_3493325384040150;0.3152;0.2791;0.4000;0.3000;0.2500;0.0625;0.0938;0.1562;0.0469;0.6923;0.5722;3;5;0.0693;0.7564;0.6446;Qwen3.5-4B
ID_2363575151206774;0.5072;0.3879;0.8000;0.5000;0.3000;0.1481;0.1852;0.2222;0.1315;0.3562;0.6433;5;6;0.1474;0.4247;0.6736;Qwen3.5-4B
ID_0370224663642100;0.7166;0.5670;0.6000;0.8000;0.6000;0.0667;0.1778;0.2667;0.1217;0.2857;0.7159;9;14;0.1777;0.3407;0.7388;Qwen3.5-4B
ID_2833240474723324;0.3237;0.3694;0.2000;0.2000;0.2500;0.0526;0.1053;0.2632;0.0702;0.5515;0.6681;4;7;0.1111;0.6029;0.6729;Qwen3.5-4B
ID_7035545485084138;0.3207;0.3734;0.6000;0.5000;0.4500;0.1000;0.1667;0.3000;0.1113;0.2804;0.6452;7;12;0.1815;0.3466;0.6567;Qwen3.5-4B
ID_8659496864305621;0.4198;0.3492;0.4000;0.2000;0.1000;0.1250;0.1250;0.1250;0.0875;0.2322;0.6473;3;4;0.0875;0.2559;0.7111;Qwen3.5-4B
ID_1994317879078816;0.3064;0.2332;0.2000;0.1000;0.0500;0.0500;0.0500;0.0500;0.0500;0.3190;0.6153;2;2;0.0500;0.4181;0.6548;Qwen3.5-4B
ID_7031429231827290;0.1441;0.2961;0.2000;0.1000;0.2500;0.0556;0.0556;0.2778;0.0278;0.2000;0.7066;1;6;0.0887;0.2857;0.7312;Qwen3.5-4B
ID_2935052598064187;0.4369;0.3567;0.4000;0.4000;0.3000;0.0500;0.1000;0.1500;0.0653;0.2529;0.6446;4;6;0.0864;0.3448;0.6499;Qwen3.5-4B
ID_7754410281265624;0.2009;0.2134;0.2000;0.2000;0.1500;0.0833;0.1667;0.2500;0.1019;0.5068;0.6101;2;4;0.1246;0.6027;0.6272;Qwen3.5-4B
ID_0182863293347169;0.1795;0.1877;0.2000;0.2000;0.2000;0.0370;0.0741;0.1481;0.0216;0.2101;0.5719;2;4;0.0394;0.4638;0.6423;Qwen3.5-4B
ID_6885901755516721;0.4328;0.3159;0.6000;0.5000;0.2500;0.1304;0.2174;0.2174;0.1143;0.4301;0.6899;5;5;0.1143;0.4352;0.7261;Qwen3.5-4B
ID_4609096963207702;0.1417;0.1594;0.2000;0.3000;0.2500;0.0357;0.1071;0.1786;0.0387;0.5465;0.6798;4;7;0.0594;0.5613;0.6865;Qwen3.5-4B
ID_4285855851606713;0.5043;0.4247;0.8000;0.4000;0.2000;0.2667;0.2667;0.2667;0.2667;0.4478;0.6745;5;6;0.2667;0.5075;0.7283;Qwen3.5-4B
ID_7346780267959997;0.3166;0.2483;0.4000;0.3000;0.1500;0.1176;0.1765;0.1765;0.1134;0.3621;0.6243;3;3;0.1134;0.3621;0.7034;Qwen3.5-4B
ID_4501155453484456;0.2763;0.2921;0.2000;0.4000;0.3500;0.0217;0.0870;0.1522;0.0329;0.1760;0.6194;4;8;0.0599;0.1760;0.6469;Qwen3.5-4B
ID_2529945687863385;0.6648;0.4456;0.8000;0.7000;0.3500;0.1333;0.2333;0.2333;0.2156;0.4795;0.6583;7;7;0.2156;0.5114;0.7216;Qwen3.5-4B
ID_6812635845529585;0.2892;0.3616;0.2000;0.5000;0.5000;0.0256;0.1282;0.2564;0.0476;0.1830;0.5895;5;10;0.1112;0.5615;0.6192;Qwen3.5-4B
ID_8626964624628522;0.6609;0.4265;0.8000;0.6000;0.3000;0.1333;0.2000;0.2000;0.1767;0.6802;0.7069;6;6;0.1767;0.7136;0.7102;Qwen3.5-4B
ID_1123376648713853;0.2579;0.2171;0.4000;0.3000;0.2000;0.0741;0.1111;0.1481;0.0704;0.2090;0.6925;3;5;0.0818;0.2825;0.6991;Qwen3.5-4B
ID_7304216246785522;0.3590;0.2816;0.4000;0.2000;0.1500;0.0513;0.0513;0.0769;0.0513;0.3673;0.7444;2;3;0.0558;0.3878;0.7529;Qwen3.5-4B
ID_7011592935958198;0.5832;0.4610;0.8000;0.5000;0.3500;0.1600;0.2000;0.2800;0.1487;0.3594;0.7058;6;8;0.1858;0.4062;0.6859;Qwen3.5-4B
ID_6044001261072009;0.2327;0.2870;0.4000;0.3000;0.2500;0.0800;0.1200;0.2000;0.0600;0.5556;0.6911;3;6;0.0866;0.5556;0.7215;Qwen3.5-4B
ID_5885575084085406;0.2122;0.2222;0.2000;0.2000;0.2000;0.0435;0.0870;0.1739;0.0342;0.2400;0.5960;2;4;0.0520;0.3800;0.7048;Qwen3.5-4B
ID_5996993884846655;0.3041;0.3541;0.2000;0.1000;0.1500;0.0833;0.0833;0.2500;0.0833;0.4793;0.6494;3;5;0.1100;0.5503;0.6890;Qwen3.5-4B
ID_3451466269572749;0.3488;0.3438;0.2000;0.4000;0.3000;0.0345;0.1379;0.2069;0.0745;0.2806;0.7222;4;6;0.0984;0.3957;0.6888;Qwen3.5-4B
ID_1450994881555781;0.1686;0.2618;0.2000;0.2000;0.2500;0.0385;0.0769;0.1923;0.0288;0.6429;0.6171;2;5;0.0582;0.6684;0.6288;Qwen3.5-4B
ID_4675204840701752;0.6844;0.4837;0.6000;0.6000;0.3500;0.0638;0.1277;0.1489;0.1060;0.5532;0.5662;6;8;0.1166;0.8000;0.6133;Qwen3.5-4B
ID_9106641700554750;0.3273;0.4801;0.4000;0.3000;0.5500;0.0488;0.0732;0.2683;0.0407;0.7000;0.7246;3;11;0.1376;0.8900;0.6435;Qwen3.5-4B
ID_0350919410439022;0.4355;0.3677;0.2000;0.4000;0.3000;0.0385;0.1538;0.2308;0.0832;0.3333;0.5738;4;7;0.1128;0.3600;0.6156;Qwen3.5-4B
ID_5978913916143327;0.8237;0.5926;0.8000;0.8000;0.5500;0.1081;0.2162;0.2973;0.1869;0.6979;0.7064;8;11;0.2295;0.7396;0.6832;Qwen3.5-4B
ID_3733846364293441;0.5036;0.4186;0.8000;0.6000;0.3500;0.2000;0.3000;0.3500;0.2525;0.3601;0.4035;6;7;0.2775;0.4039;0.5831;Qwen3.5-4B
ID_4679068868095356;0.3507;0.3841;0.6000;0.3000;0.3000;0.1667;0.1667;0.3333;0.1667;0.0381;0.7298;3;6;0.2199;0.1429;0.6718;Qwen3.5-4B
ID_5493283201428571;0.4976;0.4410;0.6000;0.5000;0.3000;0.1429;0.2381;0.2857;0.1658;0.3994;0.6242;5;9;0.1836;0.5463;0.6973;Qwen3.5-4B
ID_7605473235519650;0.3725;0.2715;0.4000;0.2000;0.1000;0.0741;0.0741;0.0741;0.0741;0.2756;0.6777;3;6;0.0741;0.3141;0.6853;Qwen3.5-4B
ID_1190700200800606;0.5672;0.5801;0.8000;0.5000;0.6000;0.1111;0.1389;0.3333;0.1265;0.2330;0.6678;5;12;0.2437;0.4175;0.6322;Qwen3.5-4B
ID_5572050278838550;0.4252;0.4189;0.4000;0.3000;0.3500;0.0541;0.0811;0.1892;0.0631;0.7467;0.7160;3;7;0.1037;0.7800;0.6548;Qwen3.5-4B
ID_8586805521593519;0.1389;0.1337;0.2000;0.1000;0.1000;0.0256;0.0256;0.0513;0.0128;0.3984;0.1861;1;3;0.0171;0.4442;0.2181;Qwen3.5-4B
ID_2044247985726091;0.0716;0.1488;0.2000;0.1000;0.1500;0.1000;0.1000;0.3000;0.0250;0.2094;0.6799;2;4;0.0541;0.2469;0.6798;Qwen3.5-4B
ID_6072951820735063;0.3857;0.3814;1.0000;0.5000;0.3500;0.1724;0.1724;0.2414;0.1724;0.5942;0.5923;6;9;0.2031;0.6087;0.6339;Qwen3.5-4B
ID_8827447995496589;0.2362;0.2470;0.4000;0.3000;0.2500;0.0800;0.1200;0.2000;0.0505;0.3448;0.6601;4;7;0.0792;0.3966;0.7149;Qwen3.5-4B
ID_5750110298304964;0.3702;0.3485;0.4000;0.3000;0.2000;0.1429;0.2143;0.2857;0.1048;0.6296;0.6798;3;4;0.1267;0.6481;0.7245;Qwen3.5-4B
ID_2116015069218871;0.2233;0.1937;0.4000;0.3000;0.2000;0.0606;0.0909;0.1212;0.0720;0.2249;0.6592;3;6;0.0830;0.3018;0.7109;Qwen3.5-4B
ID_1834035455867904;0.6152;0.5270;1.0000;0.5000;0.2500;0.3125;0.3125;0.3125;0.3125;0.3125;0.6998;5;5;0.3125;0.3125;0.6857;Qwen3.5-4B
ID_9578832375902806;0.2415;0.3661;0.2000;0.3000;0.5000;0.0385;0.1154;0.3846;0.0610;0.5771;0.6782;3;10;0.1819;0.6652;0.6890;Qwen3.5-4B
ID_4854372533657671;0.8390;0.7602;0.8000;0.8000;0.7000;0.0851;0.1702;0.2979;0.1525;0.4656;0.6205;8;14;0.2560;0.6412;0.7179;Qwen3.5-4B
ID_1278004515460973;0.6628;0.6430;0.6000;0.5000;0.3000;0.2308;0.3846;0.4615;0.3248;0.2596;0.4306;5;6;0.3491;0.3702;0.4978;Qwen3.5-4B
ID_4212950768814450;0.5475;0.4440;0.4000;0.4000;0.2500;0.0952;0.1905;0.2381;0.1321;0.7430;0.5862;6;7;0.1447;0.7877;0.6169;Qwen3.5-4B
ID_3859775879893716;0.3665;0.4139;0.4000;0.3000;0.2000;0.2000;0.3000;0.4000;0.1667;0.2872;0.5825;4;5;0.1889;0.5053;0.6366;Qwen3.5-4B
ID_0731606611183670;0.2837;0.2508;0.2000;0.2000;0.2500;0.0323;0.0645;0.1613;0.0387;0.6216;0.6578;2;5;0.0608;0.6486;0.6723;Qwen3.5-4B
ID_5076790300436750;0.1433;0.2347;0.2000;0.2000;0.2000;0.0667;0.1333;0.2667;0.0370;0.2470;0.5769;3;6;0.0691;0.2988;0.6142;Qwen3.5-4B
ID_7909389621807467;0.4061;0.3357;0.6000;0.3000;0.2500;0.1111;0.1111;0.1852;0.1111;0.4045;0.6879;3;5;0.1296;0.4719;0.6726;Qwen3.5-4B
ID_1896106488323757;0.2920;0.3434;0.2000;0.1000;0.1500;0.0769;0.0769;0.2308;0.0385;0.5354;0.5701;7;14;0.0623;0.6142;0.5800;Qwen3.5-4B
ID_5606850513813191;0.1587;0.1587;0.2000;0.1000;0.0500;0.2000;0.2000;0.2000;0.0400;0.2895;0.6825;2;2;0.0400;0.4211;0.6313;Qwen3.5-4B
ID_8192385731123737;0.2758;0.2619;0.4000;0.3000;0.2500;0.0870;0.1304;0.2174;0.0482;0.2875;0.6990;4;6;0.0705;0.3000;0.7455;Qwen3.5-4B
ID_3090998656907702;0.7728;0.5726;1.0000;0.8000;0.5000;0.1613;0.2581;0.3226;0.2398;0.1750;0.7546;8;10;0.2855;0.2250;0.6743;Qwen3.5-4B
ID_1708237858198821;0.4748;0.4554;0.8000;0.5000;0.4000;0.1429;0.1786;0.2857;0.1491;0.3741;0.5119;5;8;0.1965;0.4964;0.5740;Qwen3.5-4B
ID_7783163368484914;0.3775;0.4414;0.6000;0.4000;0.3500;0.1875;0.2500;0.4375;0.1521;0.6744;0.6119;4;7;0.2382;0.7674;0.5961;Qwen3.5-4B
ID_0621002533579104;0.4366;0.4013;0.4000;0.4000;0.4000;0.0476;0.0952;0.1905;0.0592;0.4891;0.6709;5;10;0.0989;0.5939;0.6458;Qwen3.5-4B
ID_1971734589534354;0.5117;0.4476;0.4000;0.5000;0.4000;0.0769;0.1923;0.3077;0.1088;0.2028;0.6593;5;10;0.1627;0.3255;0.6655;Qwen3.5-4B
ID_7890165105970581;0.3181;0.3066;0.4000;0.4000;0.3500;0.0690;0.1379;0.2414;0.0655;0.1876;0.7315;5;8;0.1080;0.3291;0.6944;Qwen3.5-4B
ID_7107963864874501;0.6547;0.5426;0.8000;0.6000;0.5000;0.1176;0.1765;0.2941;0.1387;0.6323;0.6631;6;10;0.2018;0.6368;0.6890;Qwen3.5-4B
ID_9904579095302578;0.1915;0.1915;0.2000;0.3000;0.1500;0.1111;0.3333;0.3333;0.1065;0.0946;0.6814;3;3;0.1065;0.1892;0.6968;Qwen3.5-4B
ID_6161888127051479;0.3996;0.3168;0.4000;0.3000;0.2000;0.0870;0.1304;0.1739;0.0888;0.5265;0.6984;3;4;0.1012;0.5735;0.6673;Qwen3.5-4B
ID_1066462335621573;0.5489;0.4238;0.6000;0.5000;0.3500;0.0857;0.1429;0.2000;0.1199;0.4737;0.6159;5;7;0.1431;0.4825;0.6561;Qwen3.5-4B
ID_1104988511999827;0.5606;0.5049;0.6000;0.5000;0.5000;0.1364;0.2273;0.4545;0.1578;0.4690;0.7231;5;10;0.2903;0.5929;0.7362;Qwen3.5-4B
ID_8056741558903379;0.4983;0.4051;0.6000;0.4000;0.3500;0.1111;0.1481;0.2593;0.1107;0.5959;0.7360;4;7;0.1530;0.6815;0.7268;Qwen3.5-4B
ID_0145887238250184;0.5203;0.4331;0.4000;0.5000;0.3000;0.0870;0.2174;0.2609;0.1467;0.2407;0.7261;5;8;0.1667;0.3056;0.7034;Qwen3.5-4B
ID_2854771102810220;0.2225;0.2151;0.4000;0.2000;0.1500;0.1053;0.1053;0.1579;0.0474;0.3077;0.7158;4;5;0.0579;0.3846;0.7390;Qwen3.5-4B
ID_6963964477157013;0.3974;0.4049;0.6000;0.4000;0.3500;0.1200;0.1600;0.2800;0.1300;0.4493;0.4971;4;7;0.1789;0.5362;0.6307;Qwen3.5-4B
ID_3950127945486168;0.5261;0.4279;0.4000;0.5000;0.2500;0.1053;0.2632;0.2632;0.1945;0.4359;0.5792;6;6;0.1945;0.7564;0.6679;Qwen3.5-4B
ID_2046981671187343;0.1237;0.1027;0.0000;0.1000;0.0500;0.0000;0.0769;0.0769;0.0128;0.6765;0.5645;1;1;0.0128;0.7549;0.6759;Qwen3.5-4B
ID_2270654658839508;0.3561;0.2977;0.4000;0.5000;0.3500;0.0357;0.0893;0.1250;0.0429;0.1383;0.6726;5;7;0.0563;0.2021;0.7201;Qwen3.5-4B
ID_0061972656195816;0.2912;0.2382;0.6000;0.4000;0.2000;0.1250;0.1667;0.1667;0.0835;0.2017;0.5799;4;6;0.0835;0.2521;0.6616;Qwen3.5-4B
ID_0883967020061181;0.1918;0.2320;0.4000;0.3000;0.3000;0.0667;0.1000;0.2000;0.0443;0.2905;0.5935;4;7;0.0784;0.4662;0.6686;Qwen3.5-4B
ID_1133302125160725;0.4374;0.3902;0.4000;0.3000;0.2500;0.1053;0.1579;0.2632;0.1316;0.1556;0.6416;3;5;0.1558;0.2000;0.6879;Qwen3.5-4B
ID_1914271225987860;0.4270;0.5071;0.4000;0.3000;0.3000;0.1429;0.2143;0.4286;0.1429;0.4874;0.5630;4;7;0.2009;0.5276;0.6405;Qwen3.5-4B
ID_5717546460597615;0.6422;0.5030;0.8000;0.5000;0.4000;0.0952;0.1190;0.1905;0.1151;0.6221;0.6378;5;8;0.1499;0.6498;0.6548;Qwen3.5-4B
ID_7921787048065279;0.5857;0.5384;0.6000;0.5000;0.4000;0.1765;0.2941;0.4706;0.2395;0.1277;0.7099;7;10;0.3159;0.1809;0.6464;Qwen3.5-4B
ID_5384883934019911;0.3645;0.3440;0.8000;0.4000;0.3500;0.1111;0.1111;0.1944;0.0986;0.2093;0.6971;4;7;0.1279;0.3070;0.7124;Qwen3.5-4B
ID_8821536792042504;0.1884;0.1826;0.0000;0.1000;0.0500;0.0000;0.3333;0.3333;0.0556;0.0769;0.6845;3;3;0.0556;0.2308;0.7165;Qwen3.5-4B
ID_4336175279058172;0.5738;0.4095;0.8000;0.5000;0.2500;0.1429;0.1786;0.1786;0.1523;0.4034;0.5820;6;6;0.1523;0.4103;0.6726;Qwen3.5-4B
ID_7088639503480810;0.7156;0.5268;0.8000;0.6000;0.4500;0.1250;0.1875;0.2812;0.1778;0.2143;0.7032;6;9;0.2246;0.2411;0.7256;Qwen3.5-4B
ID_0766190838110725;0.4783;0.4986;0.4000;0.6000;0.4000;0.1818;0.5455;0.7273;0.2906;0.3628;0.5902;6;9;0.3867;0.4930;0.6892;Qwen3.5-4B
ID_5588600593216123;0.0694;0.1466;0.0000;0.1000;0.1500;0.0000;0.0476;0.1429;0.0060;0.2459;0.7239;1;3;0.0222;0.6120;0.6991;Qwen3.5-4B
ID_6822739927690907;0.3756;0.3878;0.2000;0.3000;0.3000;0.0500;0.1500;0.3000;0.0792;0.6087;0.6436;4;8;0.1291;0.6304;0.7169;Qwen3.5-4B
ID_4792955482152100;0.0000;0.2074;0.0000;0.0000;0.3000;0.0000;0.0000;0.1579;0.0000;0.3818;0.6578;0;8;0.0336;0.5758;0.7221;Qwen3.5-4B
ID_7817033448036400;0.3240;0.2623;0.4000;0.5000;0.2500;0.0909;0.2273;0.2273;0.1111;0.4853;0.6312;6;6;0.1111;0.5441;0.7354;Qwen3.5-4B
ID_8133660776746187;0.5395;0.5395;0.4000;0.4000;0.2000;0.4000;0.8000;0.8000;0.4857;0.6145;0.6088;4;4;0.4857;0.6627;0.6614;Qwen3.5-4B
ID_8976306450816308;0.4357;0.3501;0.4000;0.4000;0.2000;0.0909;0.1818;0.1818;0.1318;0.1373;0.6029;4;4;0.1318;0.1699;0.6591;Qwen3.5-4B
ID_3667257393072255;0.2426;0.2513;0.2000;0.3000;0.2000;0.0769;0.2308;0.3077;0.0737;0.4348;0.5772;3;4;0.0994;0.5000;0.6178;Qwen3.5-4B
ID_7417258240533689;0.5825;0.5559;0.8000;0.5000;0.4500;0.1481;0.1852;0.3333;0.1613;0.6610;0.7001;5;9;0.2432;0.6864;0.6945;Qwen3.5-4B
ID_4027612512091565;0.2542;0.2428;0.2000;0.2000;0.1000;0.1667;0.3333;0.3333;0.1389;0.2754;0.6909;4;5;0.1389;0.3333;0.7095;Qwen3.5-4B
ID_5577871519448957;0.2372;0.3269;0.2000;0.2000;0.2000;0.1250;0.2500;0.5000;0.0774;0.4800;0.6899;2;7;0.1286;0.8000;0.6568;Qwen3.5-4B
ID_3174964298120701;0.5036;0.5196;0.4000;0.4000;0.3500;0.1333;0.2667;0.4667;0.1963;0.2882;0.6467;4;8;0.2724;0.3624;0.6542;Qwen3.5-4B
ID_1508456345535914;0.5348;0.4445;0.4000;0.4000;0.3000;0.0833;0.1667;0.2500;0.1227;0.7917;0.5539;7;10;0.1505;0.8000;0.6571;Qwen3.5-4B
ID_1606080164385644;0.3802;0.3366;0.8000;0.4000;0.3500;0.0976;0.0976;0.1707;0.0663;0.2529;0.6363;4;7;0.0999;0.6765;0.6483;Qwen3.5-4B
ID_7556393484185237;0.5710;0.5807;0.8000;0.4000;0.3000;0.2500;0.2500;0.3750;0.2010;0.4038;0.6018;6;8;0.2485;0.6202;0.6462;Qwen3.5-4B
ID_7705487128433052;0.7338;0.5940;0.8000;0.7000;0.3500;0.1739;0.3043;0.3043;0.2680;0.4218;0.6382;7;7;0.2680;0.4626;0.6566;Qwen3.5-4B
ID_5215677939309020;0.5911;0.4292;0.8000;0.5000;0.3000;0.1600;0.2000;0.2400;0.1800;0.6231;0.5502;5;6;0.1960;0.6923;0.6632;Qwen3.5-4B
ID_3632313056549978;0.5408;0.5008;0.6000;0.3000;0.2500;0.1579;0.1579;0.2632;0.1105;0.4000;0.6097;6;9;0.1422;0.4000;0.6253;Qwen3.5-4B
ID_1113234690255161;0.3590;0.2713;0.4000;0.2000;0.1500;0.0714;0.0714;0.1071;0.0714;0.1882;0.7270;2;3;0.0812;0.3441;0.7264;Qwen3.5-4B
ID_3583817683372046;0.5384;0.5066;0.6000;0.4000;0.3500;0.1500;0.2000;0.3500;0.1750;0.4136;0.6980;4;8;0.2258;0.5062;0.7127;Qwen3.5-4B
ID_7216344229807186;0.3754;0.4105;0.6000;0.4000;0.3000;0.1667;0.2222;0.3333;0.1537;0.1210;0.5960;5;11;0.2025;0.1601;0.6150;Qwen3.5-4B
ID_7873530684119035;0.6969;0.4826;0.8000;0.6000;0.3500;0.0889;0.1333;0.1556;0.1170;0.4596;0.5994;6;7;0.1252;0.5794;0.6253;Qwen3.5-4B
ID_3849610589103935;0.1383;0.2026;0.2000;0.1000;0.1000;0.1000;0.1000;0.2000;0.1000;0.7436;0.5616;2;3;0.1111;0.7692;0.5806;Qwen3.5-4B
ID_2426330204919814;0.6867;0.5432;0.8000;0.6000;0.5500;0.1026;0.1538;0.2821;0.1316;0.5882;0.7467;6;12;0.2080;0.6275;0.7577;Qwen3.5-4B
ID_6807553800607803;0.5711;0.5775;0.6000;0.6000;0.5000;0.1429;0.2857;0.4762;0.2166;0.4552;0.6552;7;12;0.3118;0.7090;0.6694;Qwen3.5-4B
ID_9896747816468168;0.5013;0.3927;0.4000;0.5000;0.4500;0.0606;0.1515;0.2727;0.0955;0.3084;0.6887;5;9;0.1579;0.4299;0.7176;Qwen3.5-4B
ID_8703127071027272;0.6192;0.5154;0.6000;0.6000;0.5000;0.0698;0.1395;0.2326;0.1045;0.1688;0.6766;6;10;0.1502;0.1818;0.7144;Qwen3.5-4B
ID_5984945942545807;0.6808;0.5521;0.8000;0.7000;0.4500;0.1905;0.3333;0.4286;0.2972;0.3663;0.6880;7;9;0.3464;0.4257;0.7311;Qwen3.5-4B
ID_6384773144352915;0.2190;0.2344;0.0000;0.3000;0.2000;0.0000;0.1667;0.2222;0.0417;0.1429;0.6761;4;5;0.0619;0.1429;0.6760;Qwen3.5-4B
ID_2924634223083790;0.0000;0.0000;0.0000;0.0000;0.0000;0.0000;0.0000;0.0000;0.0000;0.0714;0.6511;0;0;0.0000;0.1939;0.6932;Qwen3.5-4B
ID_6309609498284949;0.4888;0.5732;0.8000;0.6000;0.5500;0.1600;0.2400;0.4400;0.1920;0.6597;0.6976;6;11;0.3133;0.7382;0.7082;Qwen3.5-4B
ID_1154078371182103;0.3590;0.2924;0.4000;0.2000;0.2500;0.0541;0.0541;0.1351;0.0541;0.3976;0.7316;2;5;0.0710;0.5422;0.7268;Qwen3.5-4B
ID_1619120304203132;0.0000;0.0820;0.0000;0.0000;0.0500;0.0000;0.0000;0.5000;0.0000;0.1481;0.6147;0;1;0.0278;0.3889;0.6845;Qwen3.5-4B
ID_8106459529828166;0.4572;0.4766;0.8000;0.5000;0.5000;0.1000;0.1250;0.2500;0.0818;0.4120;0.6530;5;10;0.1511;0.4519;0.7001;Qwen3.5-4B
ID_5858842244938381;0.0405;0.1720;0.0000;0.1000;0.2000;0.0000;0.0455;0.1818;0.0065;0.1558;0.6580;2;5;0.0359;0.2864;0.6793;Qwen3.5-4B
ID_2931270888717344;0.3926;0.3983;0.4000;0.3000;0.3500;0.0541;0.0811;0.1892;0.0676;0.3294;0.7417;3;7;0.1089;0.3882;0.7179;Qwen3.5-4B
ID_5034796789305260;0.2358;0.2405;0.0000;0.1000;0.1000;0.0000;0.1667;0.3333;0.0185;0.1875;0.7374;4;5;0.0352;0.3281;0.7409;Qwen3.5-4B
ID_7034773971317045;0.2634;0.1923;0.4000;0.3000;0.1500;0.0833;0.1250;0.1250;0.0573;0.2082;0.6892;3;3;0.0573;0.2503;0.7052;Qwen3.5-4B
ID_0831151849844477;0.2994;0.2252;0.6000;0.5000;0.3000;0.0882;0.1471;0.1765;0.0814;0.2393;0.5463;5;7;0.0918;0.4359;0.5854;Qwen3.5-4B
ID_3223135002950210;0.4499;0.3109;0.4000;0.4000;0.2500;0.0526;0.1053;0.1316;0.0617;0.3380;0.5157;4;6;0.0699;0.3709;0.5769;Qwen3.5-4B
ID_8516223928904348;0.0419;0.0541;0.0000;0.0000;0.0000;0.0000;0.0000;0.0000;0.0000;0.3510;0.6123;1;3;0.0000;0.4038;0.6396;Qwen3.5-4B
ID_9308646552353762;0.5730;0.3941;0.8000;0.6000;0.3500;0.1053;0.1579;0.1842;0.1395;0.5717;0.6818;6;7;0.1562;0.6933;0.6512;Qwen3.5-4B
ID_1729487902904332;0.0732;0.0732;0.0000;0.0000;0.0000;0.0000;0.0000;0.0000;0.0000;0.2687;0.6365;1;1;0.0000;0.4030;0.6615;Qwen3.5-4B
ID_8492267499258500;0.5801;0.4428;0.4000;0.5000;0.3500;0.0690;0.1724;0.2414;0.1275;0.7333;0.6025;5;7;0.1540;0.8000;0.6368;Qwen3.5-4B
ID_4671775690334406;0.3922;0.4665;0.2000;0.4000;0.3000;0.0714;0.2857;0.4286;0.1504;0.5926;0.6614;4;6;0.2064;0.6790;0.7237;Qwen3.5-4B
ID_2065104260659969;0.6906;0.6163;0.8000;0.6000;0.5500;0.1250;0.1875;0.3438;0.1638;0.3841;0.6355;6;11;0.2460;0.4695;0.6552;Qwen3.5-4B
ID_0378897709136226;0.3679;0.2903;0.6000;0.4000;0.3000;0.1034;0.1379;0.2069;0.0891;0.1368;0.5929;4;6;0.1182;0.3474;0.6443;Qwen3.5-4B
ID_3446817929796674;0.4494;0.4236;0.2000;0.4000;0.3000;0.0476;0.1905;0.2857;0.1004;0.2017;0.5318;5;7;0.1365;0.2017;0.6257;Qwen3.5-4B
ID_8265116967095452;0.4453;0.4840;0.6000;0.3000;0.2500;0.2000;0.2000;0.3333;0.1611;0.5255;0.7951;5;10;0.2001;0.6803;0.7822;Qwen3.5-4B
ID_1224532648969159;0.5469;0.4310;0.6000;0.6000;0.4000;0.0789;0.1579;0.2105;0.0959;0.7783;0.6594;6;8;0.1302;0.8137;0.6851;Qwen3.5-4B
ID_3638659317775453;0.5596;0.5193;0.8000;0.8000;0.5500;0.1250;0.2500;0.3438;0.2060;0.6197;0.6492;8;12;0.2603;0.7606;0.6887;Qwen3.5-4B
ID_0263742679377591;0.3742;0.5036;0.6000;0.3000;0.2500;0.3000;0.3000;0.5000;0.2417;0.3368;0.6566;3;5;0.2977;0.3474;0.6379;Qwen3.5-4B
ID_0539134068708725;0.1683;0.3075;0.2000;0.2000;0.3500;0.0455;0.0909;0.3182;0.0545;0.7024;0.5162;5;11;0.1330;0.8155;0.5149;Qwen3.5-4B
ID_7328854929044759;0.1732;0.1704;0.2000;0.2000;0.1500;0.0526;0.1053;0.1579;0.0307;0.2917;0.5996;2;3;0.0428;0.3167;0.5797;Qwen3.5-4B
ID_8457699943400994;0.2895;0.3302;0.2000;0.2000;0.2500;0.0625;0.1250;0.3125;0.0781;0.4034;0.6610;2;5;0.1246;0.4378;0.6576;Qwen3.5-4B
ID_4830182825385638;0.1976;0.1548;0.2000;0.2000;0.1000;0.0526;0.1053;0.1053;0.0632;0.3030;0.6477;2;2;0.0632;0.4091;0.6314;Qwen3.5-4B
ID_1616454163444935;0.2677;0.2665;0.4000;0.3000;0.2500;0.0714;0.1071;0.1786;0.0451;0.7578;0.6249;4;7;0.0688;0.8047;0.6137;Qwen3.5-4B
ID_6473783273255196;0.1606;0.1785;0.4000;0.2000;0.2000;0.0625;0.0625;0.1250;0.0260;0.7321;0.6800;3;5;0.0375;0.8571;0.6778;Qwen3.5-4B
ID_1343302903420183;0.4724;0.4346;0.6000;0.4000;0.3500;0.1200;0.1600;0.2800;0.1378;0.1935;0.6264;4;8;0.1808;0.2412;0.6829;Qwen3.5-4B
ID_3309342336039521;0.3149;0.2765;0.4000;0.2000;0.1500;0.0571;0.0571;0.0857;0.0429;0.2703;0.6892;2;3;0.0486;0.2703;0.7264;Qwen3.5-4B
ID_6885920219067791;0.5523;0.3729;0.4000;0.6000;0.3500;0.0741;0.2222;0.2593;0.1513;0.2921;0.7558;6;7;0.1729;0.3168;0.7352;Qwen3.5-4B
ID_6150944383255830;0.2758;0.3487;0.2000;0.3000;0.2500;0.0667;0.2000;0.3333;0.0681;0.3095;0.6699;4;6;0.1202;0.3810;0.6640;Qwen3.5-4B
ID_5105401635003548;0.2289;0.2340;0.4000;0.4000;0.2500;0.0870;0.1739;0.2174;0.0783;0.6794;0.4410;4;5;0.0964;0.7176;0.6069;Qwen3.5-4B
ID_2679480309784746;0.1289;0.2392;0.2000;0.2000;0.3000;0.0345;0.0690;0.2069;0.0259;0.4133;0.6829;2;7;0.0662;0.5714;0.6921;Qwen3.5-4B
ID_5558354805733623;0.4937;0.3534;0.6000;0.4000;0.2500;0.0882;0.1176;0.1471;0.0863;0.2694;0.6765;4;5;0.0955;0.3341;0.6720;Qwen3.5-4B
ID_9274817658247444;0.5361;0.4272;0.6000;0.5000;0.3500;0.1200;0.2000;0.2800;0.1418;0.1400;0.7023;5;7;0.1758;0.2000;0.7412;Qwen3.5-4B
ID_4924315260445096;0.4380;0.4123;0.6000;0.4000;0.3000;0.2143;0.2857;0.4286;0.2027;0.5250;0.6501;6;8;0.2503;0.6750;0.7366;Qwen3.5-4B
ID_2513765362378596;0.1462;0.1527;0.0000;0.2000;0.2000;0.0000;0.1000;0.2000;0.0174;0.6635;0.5990;3;5;0.0414;0.7115;0.6022;Qwen3.5-4B
ID_7435229418765108;0.8522;0.7182;1.0000;0.8000;0.6500;0.1220;0.1951;0.3171;0.1813;0.2386;0.6347;8;13;0.2565;0.2955;0.6245;Qwen3.5-4B
ID_5240388600131197;0.2577;0.2733;0.4000;0.2000;0.2000;0.1429;0.1429;0.2857;0.0714;0.5938;0.5555;2;4;0.1035;0.7926;0.5954;Qwen3.5-4B
ID_0203267762283972;0.3578;0.3843;0.6000;0.5000;0.3500;0.0968;0.1613;0.2258;0.1117;0.3971;0.6103;5;7;0.1417;0.4926;0.6700;Qwen3.5-4B
ID_4215849919453600;0.4249;0.3083;0.6000;0.3000;0.2000;0.0698;0.0698;0.0930;0.0562;0.1335;0.6774;3;4;0.0617;0.1810;0.7225;Qwen3.5-4B
ID_3205712027513800;0.6300;0.4439;0.8000;0.5000;0.3000;0.0714;0.0893;0.1071;0.0813;0.5506;0.7197;5;6;0.0896;0.5854;0.6720;Qwen3.5-4B
ID_4344790398205987;0.4037;0.3475;0.4000;0.5000;0.4500;0.0513;0.1282;0.2308;0.0623;0.5616;0.6313;5;9;0.1147;0.7340;0.5914;Qwen3.5-4B
ID_1976491943464607;0.1834;0.1518;0.2000;0.2000;0.1500;0.0244;0.0488;0.0732;0.0130;0.7586;0.6818;3;4;0.0171;0.8448;0.7087;Qwen3.5-4B
ID_3497095259123139;0.4925;0.3507;0.8000;0.5000;0.3000;0.1081;0.1351;0.1622;0.0869;0.1768;0.6108;5;6;0.0955;0.3211;0.6026;Qwen3.5-4B
ID_3664073315037262;0.3158;0.3030;0.4000;0.3000;0.2500;0.1000;0.1500;0.2500;0.0667;0.5389;0.5518;4;8;0.0916;0.6488;0.5982;Qwen3.5-4B
ID_6799776599317117;0.5660;0.5111;0.8000;0.6000;0.4000;0.2000;0.3000;0.4000;0.2845;0.4359;0.6857;7;10;0.3337;0.4615;0.7005;Qwen3.5-4B
ID_3470407274471561;0.5613;0.4861;0.8000;0.5000;0.3500;0.1739;0.2174;0.3043;0.2011;0.8727;0.7249;6;8;0.2334;0.8909;0.6642;Qwen3.5-4B
ID_8600906973888297;0.3171;0.3250;0.6000;0.4000;0.3500;0.0789;0.1053;0.1842;0.0786;0.4894;0.7066;4;9;0.1070;0.5603;0.6752;Qwen3.5-4B
ID_8918399592544099;0.3852;0.4056;0.4000;0.4000;0.3500;0.0909;0.1818;0.3182;0.1009;0.5636;0.6836;5;9;0.1577;0.6273;0.6493;Qwen3.5-4B
ID_4937676152604286;0.4375;0.2972;0.4000;0.3000;0.2000;0.0541;0.0811;0.1081;0.0642;0.3800;0.6769;4;5;0.0709;0.4500;0.7105;Qwen3.5-4B
ID_2961250776014138;0.3000;0.3239;0.4000;0.3000;0.2500;0.1538;0.2308;0.3846;0.1612;0.4538;0.4374;3;5;0.2062;0.5462;0.5519;Qwen3.5-4B
ID_3332983150165256;0.3070;0.2078;0.4000;0.3000;0.1500;0.0645;0.0968;0.0968;0.0461;0.6761;0.5416;3;5;0.0461;0.7324;0.5638;Qwen3.5-4B
ID_4698230094310892;0.0764;0.0891;0.0000;0.1000;0.1000;0.0000;0.0714;0.1429;0.0079;0.5766;0.5898;3;4;0.0155;0.6496;0.6177;Qwen3.5-4B
ID_1530363715825171;0.1882;0.2122;0.2000;0.4000;0.3500;0.0370;0.1481;0.2593;0.0539;0.5789;0.7026;4;7;0.1037;0.6211;0.7308;Qwen3.5-4B
ID_4589542599288419;0.4349;0.3733;0.6000;0.4000;0.2500;0.1364;0.1818;0.2273;0.1214;0.1718;0.5367;5;6;0.1421;0.3093;0.6748;Qwen3.5-4B
ID_6029111646602279;0.1795;0.2675;0.4000;0.2000;0.3500;0.0741;0.0741;0.2593;0.0519;0.1592;0.6894;2;7;0.1046;0.1656;0.7139;Qwen3.5-4B
ID_0600862973859542;0.4690;0.3563;0.6000;0.3000;0.1500;0.1429;0.1429;0.1429;0.1429;0.3412;0.6269;3;4;0.1429;0.4353;0.7082;Qwen3.5-4B
ID_4125254830545309;0.4023;0.3707;0.4000;0.5000;0.2500;0.2500;0.6250;0.6250;0.3162;0.4759;0.6864;6;7;0.3162;0.5080;0.6786;Qwen3.5-4B
ID_6998917765406696;0.2242;0.2963;0.2000;0.3000;0.3500;0.0333;0.1000;0.2333;0.0507;0.1538;0.5932;3;7;0.1027;0.2517;0.6580;Qwen3.5-4B
ID_0004473428354479;0.2201;0.2129;0.2000;0.1000;0.2000;0.0286;0.0286;0.1143;0.0286;0.4600;0.5644;1;4;0.0480;0.5200;0.6440;Qwen3.5-4B
ID_7181547335252993;0.6627;0.4788;0.8000;0.6000;0.4000;0.0889;0.1333;0.1778;0.1114;0.4068;0.6355;8;10;0.1344;0.4068;0.6663;Qwen3.5-4B
ID_2798283991743817;0.2932;0.3540;0.2000;0.1000;0.1000;0.1000;0.1000;0.2000;0.1000;0.4825;0.7195;1;2;0.1111;0.5614;0.7244;Qwen3.5-4B
ID_0947912377089491;0.4108;0.3206;0.6000;0.3000;0.2500;0.1200;0.1200;0.2000;0.1100;0.6875;0.7047;4;6;0.1356;0.8750;0.7229;Qwen3.5-4B
ID_8735458741337698;0.4677;0.4614;0.6000;0.3000;0.1500;0.4286;0.4286;0.4286;0.3452;0.0769;0.4369;3;3;0.3452;0.0769;0.4369;Qwen3.5-4B
ID_6450292906586525;0.1882;0.2366;0.2000;0.2000;0.2500;0.0357;0.0714;0.1786;0.0298;0.0386;0.4995;3;6;0.0548;0.2046;0.6246;Qwen3.5-4B
ID_7003614933284367;0.2557;0.2407;0.2000;0.4000;0.3000;0.0357;0.1429;0.2143;0.0486;0.4444;0.6336;4;6;0.0800;0.6667;0.6337;Qwen3.5-4B
ID_0830926768091773;0.3836;0.4066;0.2000;0.4000;0.4500;0.0233;0.0930;0.2093;0.0481;0.9111;0.6006;4;9;0.1008;0.9333;0.6521;Qwen3.5-4B
ID_6413207883357197;0.4741;0.3394;0.4000;0.4000;0.3000;0.0588;0.1176;0.1765;0.0882;0.2483;0.6054;5;7;0.1163;0.3276;0.6628;Qwen3.5-4B
ID_1329671245559098;0.5808;0.5038;0.8000;0.5000;0.3500;0.1905;0.2381;0.3333;0.1988;0.6100;0.7121;5;7;0.2332;0.7850;0.6834;Qwen3.5-4B
ID_3012908001422868;0.4632;0.3957;0.8000;0.4000;0.2500;0.2105;0.2105;0.2632;0.1430;0.3971;0.6423;4;5;0.1576;0.4559;0.7153;Qwen3.5-4B
ID_3753627053150603;0.1884;0.1263;0.2000;0.2000;0.1000;0.0455;0.0909;0.0909;0.0303;0.3429;0.6314;2;3;0.0303;0.4667;0.6389;Qwen3.5-4B
ID_2883241764449950;0.1262;0.1193;0.2000;0.1000;0.1000;0.0625;0.0625;0.1250;0.0156;0.2745;0.6861;2;3;0.0270;0.2880;0.6804;Qwen3.5-4B
ID_2110280056340736;0.4959;0.4487;0.6000;0.3000;0.2500;0.1667;0.1667;0.2778;0.1259;0.3756;0.6801;4;8;0.1569;0.4570;0.6841;Qwen3.5-4B
ID_1361624597372651;0.2122;0.2601;0.2000;0.2000;0.3000;0.0278;0.0556;0.1667;0.0218;0.4301;0.5928;2;6;0.0564;0.6559;0.6280;Qwen3.5-4B
ID_1722453671104980;0.2736;0.2390;0.4000;0.3000;0.2500;0.0741;0.1111;0.1852;0.0457;0.4697;0.6209;3;8;0.0627;0.5303;0.6708;Qwen3.5-4B
ID_4758706187939581;0.4298;0.4222;0.4000;0.4000;0.2500;0.1429;0.2857;0.3571;0.1663;0.5976;0.6357;5;6;0.1961;0.6341;0.6640;Qwen3.5-4B
ID_7938521661726069;0.4161;0.3169;0.6000;0.5000;0.3500;0.0698;0.1163;0.1628;0.0767;0.6006;0.6189;5;7;0.0968;0.6378;0.6083;Qwen3.5-4B
ID_7565192274317470;0.5029;0.5032;0.4000;0.2000;0.1500;0.2222;0.2222;0.3333;0.2222;0.3427;0.7142;3;6;0.2460;0.4056;0.6657;Qwen3.5-4B
ID_1326529185989327;0.5237;0.3823;0.6000;0.4000;0.2000;0.1154;0.1538;0.1538;0.1186;0.3796;0.4965;6;6;0.1186;0.3981;0.5829;Qwen3.5-4B
ID_4991370267086347;0.1389;0.1661;0.2000;0.1000;0.1500;0.0333;0.0333;0.1000;0.0167;0.5203;0.6664;1;4;0.0252;0.5878;0.6703;Qwen3.5-4B
ID_7161963144100182;0.6209;0.5210;1.0000;0.7000;0.5500;0.1429;0.2000;0.3143;0.1896;0.4343;0.5883;7;11;0.2606;0.4971;0.6283;Qwen3.5-4B
ID_0492925975883915;0.0718;0.0969;0.0000;0.1000;0.1000;0.0000;0.0714;0.1429;0.0089;0.0669;0.6604;2;4;0.0173;0.2394;0.7004;Qwen3.5-4B
ID_4054756781423727;0.4925;0.4512;0.6000;0.4000;0.2500;0.2308;0.3077;0.3846;0.1914;0.7500;0.6210;6;7;0.2234;0.7900;0.6581;Qwen3.5-4B
ID_7489482613903725;0.0176;0.0811;0.0000;0.0000;0.0500;0.0000;0.0000;0.1250;0.0000;0.5610;0.7103;1;5;0.0063;0.7805;0.6807;Qwen3.5-4B
ID_5828464492633734;0.3904;0.4778;0.4000;0.3000;0.3500;0.1111;0.1667;0.3889;0.1349;0.5154;0.6334;3;7;0.2106;0.5385;0.6923;Qwen3.5-4B
ID_1153835367118420;0.5364;0.5684;0.4000;0.5000;0.4000;0.1538;0.3846;0.6154;0.2680;0.4146;0.7174;6;9;0.3933;0.4878;0.7474;Qwen3.5-4B
ID_5968839321163534;0.5779;0.3730;0.8000;0.6000;0.3000;0.1026;0.1538;0.1538;0.1350;0.5432;0.6172;6;6;0.1350;0.7160;0.6566;Qwen3.5-4B
ID_4985544206160545;0.3315;0.3411;0.6000;0.5000;0.3500;0.1304;0.2174;0.3043;0.1586;0.4530;0.6482;6;9;0.1972;0.4701;0.6936;Qwen3.5-4B
ID_7721483148298785;0.4135;0.5056;0.4000;0.3000;0.2500;0.1667;0.2500;0.4167;0.1979;0.6494;0.6318;3;5;0.2396;0.7013;0.5814;Qwen3.5-4B
ID_1078442022852928;0.3058;0.3520;0.2000;0.1000;0.1000;0.0909;0.0909;0.1818;0.0909;0.2154;0.7252;2;4;0.1074;0.4000;0.7374;Qwen3.5-4B
ID_0151036146060526;0.2337;0.1802;0.4000;0.2000;0.2000;0.0444;0.0444;0.0889;0.0222;0.6447;0.6229;2;4;0.0314;0.6776;0.6471;Qwen3.5-4B
ID_2483185411923070;0.3590;0.3025;0.4000;0.2000;0.2000;0.0526;0.0526;0.1053;0.0526;0.3120;0.6472;2;4;0.0635;0.4423;0.6675;Qwen3.5-4B
ID_3182841849332242;0.0406;0.0671;0.2000;0.1000;0.1500;0.0370;0.0370;0.1111;0.0093;0.3378;0.6549;1;3;0.0210;0.3851;0.6705;Qwen3.5-4B
ID_6572298923055649;0.3910;0.3668;0.4000;0.4000;0.4000;0.0625;0.1250;0.2500;0.0802;0.4286;0.6634;4;8;0.1287;0.6270;0.7355;Qwen3.5-4B
ID_6710074203174471;0.1262;0.1197;0.2000;0.2000;0.1000;0.0833;0.1667;0.1667;0.1000;0.1284;0.6171;2;2;0.1000;0.2936;0.6162;Qwen3.5-4B
ID_7358557068732556;0.5055;0.4056;0.8000;0.4000;0.3000;0.1429;0.1429;0.2143;0.1357;0.5604;0.5997;4;6;0.1628;0.5934;0.5769;Qwen3.5-4B
ID_1405345303844318;0.3052;0.3200;0.4000;0.2000;0.2000;0.0833;0.0833;0.1667;0.0583;0.2961;0.7359;2;6;0.0763;0.3092;0.7315;Qwen3.5-4B
ID_3795357176730340;0.3616;0.3823;0.4000;0.3000;0.2500;0.1429;0.2143;0.3571;0.1497;0.7761;0.7035;3;5;0.1940;0.8209;0.6916;Qwen3.5-4B
ID_8102993969523532;0.5117;0.4278;0.6000;0.4000;0.2500;0.1500;0.2000;0.2500;0.1833;0.5500;0.6921;5;9;0.1958;0.5625;0.7203;Qwen3.5-4B
ID_4287647692016596;0.5680;0.5581;0.6000;0.5000;0.3000;0.3750;0.6250;0.7500;0.4240;0.7800;0.6418;5;8;0.4634;0.7800;0.6772;Qwen3.5-4B
ID_0717133384261187;0.3877;0.3724;0.4000;0.3000;0.1500;0.1818;0.2727;0.2727;0.1515;0.4596;0.5910;3;3;0.1515;0.5155;0.6589;Qwen3.5-4B
ID_2770300692287670;0.1226;0.1155;0.2000;0.2000;0.1500;0.0312;0.0625;0.0938;0.0132;0.0657;0.7145;3;4;0.0199;0.1898;0.7691;Qwen3.5-4B
ID_6780184620648314;0.3510;0.4089;0.4000;0.3000;0.2500;0.1667;0.2500;0.4167;0.2024;0.5311;0.6782;3;6;0.2428;0.6699;0.6871;Qwen3.5-4B
ID_0232526330657129;0.4048;0.3753;0.6000;0.3000;0.1500;0.2308;0.2308;0.2308;0.1859;0.3243;0.6639;6;9;0.1859;0.3243;0.6060;Qwen3.5-4B
ID_4872607031009070;0.2773;0.3278;0.4000;0.2000;0.2000;0.1111;0.1111;0.2222;0.0926;0.3167;0.5718;2;4;0.1226;0.3833;0.6387;Qwen3.5-4B
ID_4836603877351111;0.0977;0.1707;0.0000;0.1000;0.2000;0.0000;0.0714;0.2857;0.0102;0.5429;0.5977;1;5;0.0489;0.6286;0.6384;Qwen3.5-4B
ID_6804862188196445;0.4189;0.4519;0.4000;0.2000;0.1500;0.1818;0.1818;0.2727;0.1515;0.4876;0.3948;4;5;0.1763;0.6198;0.5643;Qwen3.5-4B
ID_4961446471613279;0.3933;0.3856;0.4000;0.3000;0.3000;0.1111;0.1667;0.3333;0.1111;0.7391;0.5814;3;6;0.1599;0.7826;0.6398;Qwen3.5-4B
ID_3163271519013006;0.3889;0.3446;0.2000;0.2000;0.1000;0.2500;0.5000;0.5000;0.1667;0.5888;0.6339;4;5;0.1667;0.6091;0.6700;Qwen3.5-4B
ID_3438388225100072;0.5184;0.4093;0.6000;0.5000;0.3500;0.0750;0.1250;0.1750;0.0840;0.2766;0.6739;5;7;0.1090;0.3617;0.7012;Qwen3.5-4B
ID_7340569532034401;0.1225;0.2628;0.2000;0.2000;0.3000;0.0417;0.0833;0.2500;0.0231;0.4889;0.7078;2;6;0.0733;0.5333;0.6803;Qwen3.5-4B
ID_5073614861573842;0.4937;0.3726;0.6000;0.4000;0.3500;0.0682;0.0909;0.1591;0.0667;0.4118;0.7182;4;8;0.0997;0.5490;0.6853;Qwen3.5-4B
ID_4750838304742762;0.5943;0.4519;1.0000;0.6000;0.4000;0.1389;0.1667;0.2222;0.1627;0.6763;0.5572;6;8;0.1874;0.7113;0.6214;Qwen3.5-4B
ID_5620115591039018;0.0920;0.1517;0.0000;0.2000;0.2000;0.0000;0.0741;0.1481;0.0115;0.1675;0.5879;2;6;0.0307;0.3246;0.6458;Qwen3.5-4B
ID_7634526007103037;0.5321;0.5766;0.6000;0.4000;0.4000;0.1765;0.2353;0.4706;0.2010;0.2000;0.6744;4;8;0.2831;0.2952;0.6868;Qwen3.5-4B
ID_7312223977002681;0.4738;0.3274;0.6000;0.7000;0.4000;0.0857;0.2000;0.2286;0.1407;0.3439;0.7624;7;9;0.1598;0.3960;0.7661;Qwen3.5-4B
ID_7027246712839262;0.0192;0.1002;0.0000;0.0000;0.1000;0.0000;0.0000;0.1538;0.0000;0.6500;0.7012;1;5;0.0139;0.8500;0.7020;Qwen3.5-4B
ID_4313266994385427;0.8313;0.6626;1.0000;0.8000;0.6000;0.1042;0.1667;0.2500;0.1588;0.4364;0.6760;9;13;0.2216;0.5091;0.6912;Qwen3.5-4B
ID_3661952638867868;0.0977;0.1602;0.0000;0.2000;0.2500;0.0000;0.0606;0.1515;0.0111;0.1901;0.6292;2;6;0.0356;0.2958;0.6425;Qwen3.5-4B
ID_3362937671462104;0.2524;0.2307;0.4000;0.4000;0.2500;0.0800;0.1600;0.2000;0.0683;0.6548;0.7546;4;6;0.0849;0.7143;0.7360;Qwen3.5-4B
ID_3066548138105145;0.4374;0.3803;0.4000;0.4000;0.3500;0.0667;0.1333;0.2333;0.0925;0.6023;0.4975;6;9;0.1362;0.6023;0.5779;Qwen3.5-4B
ID_9707648221123932;0.6489;0.4572;1.0000;0.5000;0.3000;0.1163;0.1163;0.1395;0.1163;0.2715;0.7318;5;6;0.1279;0.2848;0.7424;Qwen3.5-4B
ID_0983518713985469;0.0000;0.1354;0.0000;0.0000;0.1000;0.0000;0.0000;0.2857;0.0000;0.1053;0.6242;0;2;0.0243;0.1272;0.6511;Qwen3.5-4B
ID_1741102469161036;0.3451;0.3342;0.2000;0.4000;0.2000;0.1000;0.4000;0.4000;0.1394;0.2903;0.6496;5;7;0.1394;0.2903;0.7296;Qwen3.5-4B
ID_7686288360297015;0.3269;0.2514;0.2000;0.3000;0.2000;0.0294;0.0882;0.1176;0.0490;0.3387;0.6500;3;5;0.0569;0.4597;0.6562;Qwen3.5-4B
ID_1177407730126204;0.6214;0.5371;0.8000;0.6000;0.4000;0.1333;0.2000;0.2667;0.1767;0.2883;0.6853;7;9;0.2128;0.3804;0.6944;Qwen3.5-4B
ID_6654943686635661;0.7453;0.4861;0.8000;0.7000;0.3500;0.1600;0.2800;0.2800;0.2626;0.4368;0.6186;7;8;0.2626;0.5172;0.7179;Qwen3.5-4B
ID_3935638786776109;0.2143;0.2594;0.2000;0.3000;0.2500;0.0526;0.1579;0.2632;0.0431;0.5942;0.7047;4;8;0.0703;0.7246;0.6770;Qwen3.5-4B
ID_1000622852662099;0.1142;0.2101;0.2000;0.1000;0.2000;0.0345;0.0345;0.1379;0.0345;0.2447;0.6313;2;6;0.0600;0.4043;0.6236;Qwen3.5-4B
ID_4319412527458142;0.1205;0.1205;0.0000;0.2000;0.1000;0.0000;0.2000;0.2000;0.0365;0.3448;0.7524;2;2;0.0365;0.4483;0.7720;Qwen3.5-4B
ID_5814379117254232;0.4762;0.3390;0.4000;0.6000;0.4000;0.0625;0.1875;0.2500;0.1299;0.5705;0.6662;6;8;0.1648;0.6090;0.6876;Qwen3.5-4B
ID_4204411370971869;0.5348;0.4428;0.8000;0.5000;0.4000;0.1379;0.1724;0.2759;0.1356;0.4815;0.6093;5;8;0.1789;0.5370;0.6232;Qwen3.5-4B
ID_1258429277577053;0.3280;0.2629;0.4000;0.4000;0.2500;0.0833;0.1667;0.2083;0.0861;0.1520;0.6321;4;5;0.1000;0.1696;0.6389;Qwen3.5-4B
ID_6898659315585888;0.0734;0.1669;0.0000;0.1000;0.2000;0.0000;0.0667;0.2667;0.0095;0.4560;0.3900;1;4;0.0436;0.5360;0.5050;Qwen3.5-4B
ID_7038719270161251;0.3545;0.3597;0.6000;0.5000;0.3000;0.2000;0.3333;0.4000;0.2030;0.5636;0.5412;6;7;0.2280;0.5818;0.6306;Qwen3.5-4B
ID_7170508510503648;0.1839;0.2695;0.2000;0.2000;0.2500;0.0625;0.1250;0.3125;0.0333;0.6622;0.6799;4;8;0.0793;0.6757;0.7241;Qwen3.5-4B
ID_6813736989856243;0.4229;0.3633;0.4000;0.3000;0.2500;0.0741;0.1111;0.1852;0.0728;0.5873;0.7661;3;5;0.0956;0.6349;0.7730;Qwen3.5-4B
ID_4353834821288043;0.3333;0.2836;0.4000;0.2000;0.1000;0.1111;0.1111;0.1111;0.1111;0.4416;0.6183;3;5;0.1111;0.4675;0.7108;Qwen3.5-4B
ID_0107663107513303;0.3938;0.4062;0.4000;0.4000;0.4000;0.1053;0.2105;0.4211;0.1197;0.0238;0.7328;4;8;0.2038;0.1190;0.7498;Qwen3.5-4B
ID_5111918415828587;0.0000;0.1511;0.0000;0.0000;0.1000;0.0000;0.0000;0.4000;0.0000;0.4800;0.6874;0;4;0.0417;0.6000;0.7054;Qwen3.5-4B
ID_7053039409324203;0.1416;0.2423;0.2000;0.2000;0.2500;0.0455;0.0909;0.2273;0.0281;0.9271;0.5407;4;8;0.0646;0.9583;0.5698;Qwen3.5-4B
ID_0170762259145267;0.5152;0.4029;0.6000;0.6000;0.4000;0.0698;0.1395;0.1860;0.0922;0.3235;0.5307;6;8;0.1147;0.4216;0.6436;Qwen3.5-4B
ID_1721596116332386;0.4268;0.4729;0.4000;0.4000;0.2500;0.2500;0.5000;0.6250;0.2292;0.4597;0.6027;5;9;0.2604;0.6694;0.5990;Qwen3.5-4B
ID_9936034232663152;0.4592;0.4541;0.6000;0.5000;0.4500;0.1364;0.2273;0.4091;0.1402;0.5909;0.6436;7;12;0.2331;0.6818;0.6583;Qwen3.5-4B
ID_3314639624288740;0.1107;0.1307;0.4000;0.2000;0.1500;0.0952;0.0952;0.1429;0.0556;0.1027;0.6237;2;3;0.0627;0.1722;0.6535;Qwen3.5-4B
ID_3211921786987598;0.5562;0.5443;0.4000;0.5000;0.3000;0.1429;0.3571;0.4286;0.2640;0.5385;0.5904;6;7;0.2997;0.5385;0.6290;Qwen3.5-4B
ID_8870539749821067;0.2817;0.2792;0.6000;0.3000;0.2000;0.1364;0.1364;0.1818;0.1364;0.1535;0.7369;4;6;0.1494;0.1733;0.7366;Qwen3.5-4B
ID_9856332816841794;0.3996;0.4128;0.4000;0.3000;0.3500;0.0541;0.0811;0.1892;0.0552;0.2736;0.6098;3;8;0.1006;0.2925;0.6591;Qwen3.5-4B
ID_8935551668939735;0.2212;0.1428;0.0000;0.3000;0.1500;0.0000;0.0769;0.0769;0.0212;0.2909;0.6930;3;3;0.0212;0.3455;0.6932;Qwen3.5-4B
ID_7014991384513854;0.5118;0.4096;0.8000;0.6000;0.3500;0.1429;0.2143;0.2500;0.2032;0.3125;0.6700;6;7;0.2179;0.3393;0.7374;Qwen3.5-4B
ID_6150649178925775;0.3639;0.3423;0.4000;0.4000;0.2500;0.0800;0.1600;0.2000;0.0661;0.2637;0.6581;5;6;0.0843;0.2967;0.6858;Qwen3.5-4B
ID_5681875789500232;0.4997;0.4795;0.8000;0.5000;0.4500;0.1379;0.1724;0.3103;0.1397;0.6826;0.6216;5;9;0.2054;0.6957;0.6395;Qwen3.5-4B
ID_6056793173053386;0.4448;0.3927;0.8000;0.6000;0.4500;0.1429;0.2143;0.3214;0.1408;0.2199;0.6685;6;9;0.1964;0.3735;0.6912;Qwen3.5-4B
ID_2127102036483236;0.2687;0.2648;0.2000;0.3000;0.4500;0.0238;0.0714;0.2143;0.0243;0.6585;0.5741;3;9;0.0835;0.9512;0.6808;Qwen3.5-4B
ID_5168823546200073;0.2155;0.2534;0.2000;0.4000;0.3500;0.0345;0.1379;0.2414;0.0435;0.4300;0.6255;4;7;0.0798;0.4720;0.6767;Qwen3.5-4B
ID_8606116806263977;0.3588;0.5224;0.4000;0.3000;0.4000;0.1111;0.1667;0.4444;0.1296;0.2866;0.5860;4;9;0.2486;0.5605;0.5830;Qwen3.5-4B
ID_3961773765127529;0.6173;0.4125;0.8000;0.5000;0.3000;0.1333;0.1667;0.2000;0.1461;0.6182;0.6896;5;6;0.1566;0.8000;0.6966;Qwen3.5-4B
ID_3559042497669898;0.3542;0.2670;0.6000;0.4000;0.2000;0.1667;0.2222;0.2222;0.1382;0.2239;0.6552;4;4;0.1382;0.2836;0.6505;Qwen3.5-4B
ID_2562159376424787;0.5460;0.5290;0.8000;0.4000;0.3500;0.2105;0.2105;0.3684;0.2000;0.1943;0.7152;4;7;0.2597;0.2371;0.7086;Qwen3.5-4B
ID_0226659493503879;0.6564;0.5731;0.2000;0.1000;0.0500;0.2000;0.2000;0.2000;0.2000;0.7714;0.5402;7;8;0.2000;0.8857;0.6010;Qwen3.5-4B
ID_2522219947489545;0.1409;0.1368;0.2000;0.1000;0.1000;0.0526;0.0526;0.1053;0.0175;0.6974;0.5972;3;4;0.0271;0.7763;0.6007;Qwen3.5-4B
ID_6233887751567079;0.4320;0.3117;0.6000;0.5000;0.3000;0.0714;0.1190;0.1429;0.0619;0.2379;0.5809;5;6;0.0694;0.2419;0.5618;Qwen3.5-4B
ID_5112000100248158;0.5219;0.4722;0.6000;0.4000;0.3000;0.1500;0.2000;0.3000;0.1625;0.4229;0.6494;7;11;0.1931;0.4822;0.6594;Qwen3.5-4B
ID_1009007373940269;0.0347;0.0352;0.0000;0.0000;0.0000;0.0000;0.0000;0.0000;0.0000;0.3333;0.7545;2;3;0.0000;0.4000;0.7626;Qwen3.5-4B
ID_1272997735344283;0.6848;0.7520;0.6000;0.4000;0.3500;0.2727;0.3636;0.6364;0.3333;0.3846;0.6557;4;8;0.4444;0.4000;0.6925;Qwen3.5-4B
ID_4216801992845696;0.6968;0.5562;0.8000;0.6000;0.4000;0.1739;0.2609;0.3478;0.2272;0.6892;0.6666;6;8;0.2780;0.7703;0.6466;Qwen3.5-4B
ID_3635180022332691;0.6483;0.5578;0.8000;0.6000;0.5000;0.1333;0.2000;0.3333;0.1755;0.4872;0.6215;6;10;0.2458;0.5256;0.6058;Qwen3.5-4B
ID_6604074224038905;0.6911;0.4826;0.8000;0.7000;0.3500;0.1429;0.2500;0.2500;0.2041;0.5000;0.6610;7;7;0.2041;0.6103;0.6607;Qwen3.5-4B
ID_0306964533388350;0.0948;0.2375;0.0000;0.1000;0.2500;0.0000;0.0500;0.2500;0.0050;0.3111;0.5031;4;8;0.0566;0.5556;0.5837;Qwen3.5-4B
ID_2382340975364628;0.2609;0.2833;0.4000;0.3000;0.2500;0.1111;0.1667;0.2778;0.0722;0.0864;0.6935;3;5;0.1067;0.1235;0.6400;Qwen3.5-4B
ID_8856264804055285;0.4690;0.5371;0.6000;0.3000;0.3500;0.1875;0.1875;0.4375;0.1875;0.5862;0.6340;3;7;0.2742;0.6034;0.6286;Qwen3.5-4B
ID_4895231407900749;0.2035;0.2592;0.0000;0.1000;0.1000;0.0000;0.2000;0.4000;0.0333;0.2600;0.6686;2;3;0.0641;0.2800;0.7247;Qwen3.5-4B
ID_2404041740930079;0.1862;0.1469;0.4000;0.3000;0.2000;0.0952;0.1429;0.1905;0.0488;0.3694;0.6647;5;6;0.0624;0.4395;0.6457;Qwen3.5-4B
ID_1085274416109765;0.5452;0.4770;0.6000;0.5000;0.4000;0.1111;0.1852;0.2963;0.1189;0.5484;0.6768;5;8;0.1755;0.5699;0.6815;Qwen3.5-4B
ID_7299082066704598;0.5888;0.5215;0.6000;0.6000;0.5500;0.0750;0.1500;0.2750;0.1116;0.5517;0.5362;6;11;0.1887;0.5517;0.5796;Qwen3.5-4B
ID_2985658685449858;0.5824;0.5213;0.8000;0.6000;0.4000;0.1429;0.2143;0.2857;0.1890;0.3596;0.6266;6;8;0.2259;0.3947;0.6462;Qwen3.5-4B
ID_2841235947648623;0.5418;0.4714;0.6000;0.5000;0.4500;0.1034;0.1724;0.3103;0.1398;0.1583;0.6446;5;9;0.2106;0.2518;0.6888;Qwen3.5-4B
ID_1177858154250011;0.6631;0.6452;0.6000;0.7000;0.5500;0.1364;0.3182;0.5000;0.2431;0.3241;0.6587;7;11;0.3764;0.3439;0.6811;Qwen3.5-4B
ID_3417554957573089;0.2480;0.2585;0.4000;0.3000;0.2000;0.1333;0.2000;0.2667;0.1028;0.5333;0.6594;3;4;0.1176;0.6000;0.7496;Qwen3.5-4B
ID_4367729354437118;0.5199;0.3921;0.8000;0.7000;0.4500;0.1053;0.1842;0.2368;0.1294;0.4231;0.6813;7;10;0.1595;0.5128;0.6907;Qwen3.5-4B
ID_7618815981603087;0.5760;0.4041;0.6000;0.8000;0.4500;0.0909;0.2424;0.2727;0.1609;0.2857;0.6651;8;9;0.1745;0.3158;0.6980;Qwen3.5-4B
ID_0756134184225958;0.2380;0.3108;0.4000;0.3000;0.4000;0.0952;0.1429;0.3810;0.1032;0.5255;0.6071;3;8;0.1893;0.5871;0.6339;Qwen3.5-4B
ID_0607115205166943;0.4978;0.4145;0.6000;0.5000;0.4000;0.0612;0.1020;0.1633;0.0735;0.6035;0.5482;5;8;0.1074;0.7181;0.6092;Qwen3.5-4B
ID_7050204388811935;0.1011;0.1836;0.0000;0.0000;0.0500;0.0000;0.0000;0.1250;0.0000;0.2787;0.6245;4;9;0.0114;0.4262;0.6894;Qwen3.5-4B
ID_9222328149519812;0.3086;0.3508;0.6000;0.4000;0.3500;0.1250;0.1667;0.2917;0.1215;0.1765;0.6900;5;9;0.1732;0.1765;0.6678;Qwen3.5-4B
ID_2413108146059860;0.4247;0.4320;0.6000;0.3000;0.4500;0.1071;0.1071;0.3214;0.0810;0.6875;0.5905;4;10;0.1748;0.7188;0.6154;Qwen3.5-4B
ID_7137178343756327;0.3887;0.3756;0.4000;0.3000;0.3000;0.1000;0.1500;0.3000;0.1187;0.5730;0.6978;3;6;0.1708;0.5730;0.6950;Qwen3.5-4B
ID_8716772787552224;0.5812;0.5825;0.4000;0.4000;0.3000;0.1538;0.3077;0.4615;0.2231;0.6258;0.6577;4;6;0.2718;0.6258;0.6409;Qwen3.5-4B
ID_2703079636251098;0.1123;0.1537;0.2000;0.1000;0.1500;0.0588;0.0588;0.1765;0.0147;0.3672;0.5946;1;5;0.0364;0.4844;0.6441;Qwen3.5-4B
ID_9093965063812492;0.7223;0.6587;1.0000;0.6000;0.6000;0.1190;0.1429;0.2857;0.1395;0.9633;0.5088;6;12;0.2248;0.9796;0.5235;Qwen3.5-4B
ID_1883927036650646;0.5377;0.4901;0.6000;0.5000;0.3500;0.1579;0.2632;0.3684;0.1902;0.8333;0.4906;7;11;0.2342;0.8722;0.5701;Qwen3.5-4B
ID_4254001833729264;0.3996;0.3613;0.6000;0.3000;0.3500;0.0789;0.0789;0.1842;0.0724;0.3661;0.6877;3;8;0.1061;0.5268;0.7057;Qwen3.5-4B
ID_9981984419027348;0.6114;0.5477;0.8000;0.6000;0.5000;0.1000;0.1500;0.2500;0.1345;0.2029;0.7433;6;11;0.1977;0.2029;0.7171;Qwen3.5-4B
ID_3267843405581248;0.4477;0.4034;0.6000;0.6000;0.5500;0.0750;0.1500;0.2750;0.0856;0.7647;0.7099;6;11;0.1580;0.7647;0.7234;Qwen3.5-4B
ID_7431674954926317;0.0000;0.0719;0.0000;0.0000;0.1500;0.0000;0.0000;0.2143;0.0000;0.5833;0.6983;0;3;0.0248;0.6250;0.6935;Qwen3.5-4B
ID_3166198706411520;0.6505;0.5429;0.8000;0.7000;0.4000;0.1667;0.2917;0.3333;0.2695;0.6298;0.5491;7;8;0.2933;0.6906;0.6290;Qwen3.5-4B
ID_6118207071870406;0.6052;0.5263;0.8000;0.7000;0.4500;0.1600;0.2800;0.3600;0.2113;0.7861;0.6449;7;9;0.2599;0.8209;0.6315;Qwen3.5-4B
ID_2401311988343812;0.4872;0.3735;0.6000;0.6000;0.3000;0.1200;0.2400;0.2400;0.1862;0.1429;0.6301;7;7;0.1862;0.1905;0.6209;Qwen3.5-4B
ID_8274579818841840;0.3112;0.2911;0.4000;0.2000;0.1000;0.1667;0.1667;0.1667;0.0833;0.8667;0.6892;2;2;0.0833;0.9778;0.6921;Qwen3.5-4B
ID_3886712611757992;0.1459;0.1975;0.2000;0.2000;0.1500;0.0833;0.1667;0.2500;0.0394;0.6602;0.6190;2;4;0.0586;0.7379;0.6400;Qwen3.5-4B
ID_4236800519243308;0.2231;0.2509;0.0000;0.3000;0.2000;0.0000;0.2500;0.3333;0.0554;0.1986;0.7660;4;6;0.0811;0.3688;0.7210;Qwen3.5-4B
ID_4073113061295309;0.3777;0.4024;0.4000;0.4000;0.3000;0.1667;0.3333;0.5000;0.2278;0.4790;0.6420;5;7;0.2907;0.6050;0.6169;Qwen3.5-4B
ID_3621433615334969;0.0336;0.0836;0.0000;0.1000;0.1000;0.0000;0.0588;0.1176;0.0074;0.0678;0.7859;1;3;0.0139;0.1864;0.7843;Qwen3.5-4B
ID_1043606043814998;0.4801;0.4105;0.6000;0.5000;0.3000;0.1765;0.2941;0.3529;0.2353;0.5796;0.6037;5;6;0.2574;0.6195;0.5595;Qwen3.5-4B
ID_7087770133288924;0.5884;0.4862;0.6000;0.6000;0.4500;0.1154;0.2308;0.3462;0.1630;0.6000;0.6770;6;10;0.2183;0.7600;0.6723;Qwen3.5-4B
ID_8201805132981288;0.3780;0.4282;0.2000;0.3000;0.2500;0.0769;0.2308;0.3846;0.1171;0.5405;0.7086;3;5;0.1725;0.6486;0.7162;Qwen3.5-4B
ID_1187896035778213;0.3183;0.2814;0.4000;0.3000;0.2500;0.0370;0.0556;0.0926;0.0285;0.2356;0.6032;3;5;0.0419;0.6236;0.6596;Qwen3.5-4B
ID_7040082970555770;0.2376;0.1689;0.2000;0.3000;0.2000;0.0263;0.0789;0.1053;0.0240;0.5944;0.6501;3;4;0.0315;0.7167;0.6484;Qwen3.5-4B
ID_8508457798254482;0.4888;0.3551;0.4000;0.4000;0.2500;0.0488;0.0976;0.1220;0.0667;0.4026;0.5670;4;6;0.0743;0.4091;0.6851;Qwen3.5-4B
ID_5625607708848040;0.4537;0.3987;0.6000;0.3000;0.2000;0.1304;0.1304;0.1739;0.1196;0.4179;0.6624;3;4;0.1298;0.4552;0.6483;Qwen3.5-4B
ID_2892051287737605;0.5433;0.5084;0.4000;0.3000;0.2500;0.1333;0.2000;0.3333;0.1556;0.0955;0.7069;4;7;0.1942;0.2866;0.7082;Qwen3.5-4B
ID_0422652925722673;0.0000;0.2180;0.0000;0.0000;0.2000;0.0000;0.0000;0.4000;0.0000;0.2083;0.6102;0;4;0.0628;0.2708;0.6331;Qwen3.5-4B
ID_1138639549823932;0.5077;0.4125;0.6000;0.5000;0.4000;0.0750;0.1250;0.2000;0.1010;0.4565;0.5497;5;8;0.1301;0.6522;0.6065;Qwen3.5-4B
ID_8032871065166582;0.3160;0.3295;0.2000;0.1000;0.1000;0.0714;0.0714;0.1429;0.0714;0.2576;0.7535;1;3;0.0786;0.3333;0.7526;Qwen3.5-4B
ID_3740757562716147;0.4105;0.3406;0.6000;0.3000;0.2500;0.0882;0.0882;0.1471;0.0618;0.0000;0.7527;4;6;0.0829;0.0690;0.7416;Qwen3.5-4B
ID_1661480072159875;0.6236;0.4408;0.8000;0.5000;0.3000;0.1333;0.1667;0.2000;0.1475;0.7143;0.5539;5;6;0.1642;0.7857;0.5997;Qwen3.5-4B
ID_6513224203040781;0.4900;0.4625;0.6000;0.5000;0.4500;0.1111;0.1852;0.3333;0.1045;0.3571;0.4804;7;12;0.1752;0.5000;0.5705;Qwen3.5-4B
ID_4750709016042276;0.6555;0.5860;1.0000;0.6000;0.5500;0.1282;0.1538;0.2821;0.1474;0.8016;0.7170;6;12;0.2230;0.8810;0.6580;Qwen3.5-4B
ID_6435692548198017;0.5008;0.4130;0.4000;0.5000;0.3500;0.0769;0.1923;0.2692;0.1422;0.8028;0.7426;5;7;0.1800;0.8028;0.7522;Qwen3.5-4B
ID_1142440384333196;0.4949;0.4389;0.8000;0.8000;0.5000;0.1333;0.2667;0.3333;0.2388;0.2979;0.6793;8;10;0.2814;0.5319;0.6888;Qwen3.5-4B
ID_1428637808064409;0.1080;0.1466;0.2000;0.3000;0.2500;0.0303;0.0909;0.1515;0.0293;0.3626;0.6899;3;5;0.0440;0.4618;0.6849;Qwen3.5-4B
ID_3714905065293466;0.5007;0.4269;0.4000;0.6000;0.4000;0.0741;0.2222;0.2963;0.1406;0.5333;0.5193;6;8;0.1816;0.5778;0.6186;Qwen3.5-4B
ID_0627069259285805;0.5645;0.3998;0.8000;0.5000;0.3000;0.0870;0.1087;0.1304;0.0978;0.8426;0.4880;5;6;0.1065;0.9167;0.5378;Qwen3.5-4B
ID_7112751029135541;0.5237;0.4873;0.6000;0.3000;0.2500;0.2000;0.2000;0.3333;0.2000;0.3623;0.6994;5;9;0.2389;0.5507;0.6281;Qwen3.5-4B
ID_8616379159674273;0.1364;0.1209;0.2000;0.1000;0.0500;0.1111;0.1111;0.1111;0.0278;0.1923;0.6373;5;5;0.0278;0.3077;0.6997;Qwen3.5-4B
ID_4413209638256157;0.2350;0.2655;0.2000;0.2000;0.1500;0.0769;0.1538;0.2308;0.0513;0.7027;0.5853;3;4;0.0678;0.7568;0.6463;Qwen3.5-4B
ID_4821257969996926;0.6153;0.5817;0.8000;0.6000;0.5500;0.1429;0.2143;0.3929;0.1880;0.7429;0.6626;6;11;0.2869;0.8286;0.6227;Qwen3.5-4B
ID_1324927877730882;0.0636;0.1813;0.0000;0.1000;0.2500;0.0000;0.0217;0.1087;0.0022;0.2857;0.5623;1;5;0.0207;0.7922;0.6549;Qwen3.5-4B
ID_0214033967250240;0.6362;0.5898;0.8000;0.6000;0.5500;0.1176;0.1765;0.3235;0.1674;0.6437;0.6756;6;11;0.2560;0.6552;0.7251;Qwen3.5-4B
ID_6531889931012965;0.7126;0.4954;1.0000;0.6000;0.3500;0.1220;0.1463;0.1707;0.1366;0.3205;0.7379;6;7;0.1480;0.3974;0.7037;Qwen3.5-4B
ID_7196654947156785;0.3882;0.3908;0.4000;0.5000;0.4500;0.0465;0.1163;0.2093;0.0487;0.3179;0.5611;5;9;0.0926;0.4718;0.6130;Qwen3.5-4B
ID_1750852376922258;0.2376;0.2406;0.2000;0.3000;0.2500;0.0500;0.1500;0.2500;0.0455;0.8590;0.6205;3;5;0.0784;0.9038;0.6474;Qwen3.5-4B
ID_6086190357278633;0.5858;0.5612;0.8000;0.6000;0.5500;0.1905;0.2857;0.5238;0.2048;0.5303;0.6505;7;12;0.3575;0.7348;0.6359;Qwen3.5-4B
ID_6306096928606380;0.6201;0.6936;0.8000;0.6000;0.4500;0.3077;0.4615;0.6923;0.3620;0.6825;0.5633;6;9;0.5010;0.7302;0.6065;Qwen3.5-4B
ID_7206289057139883;0.6239;0.5382;0.8000;0.6000;0.4000;0.1250;0.1875;0.2500;0.1619;0.6597;0.7184;7;11;0.1942;0.7153;0.6947;Qwen3.5-4B
ID_5381937275780405;0.6525;0.7522;0.4000;0.4000;0.2500;0.3333;0.6667;0.8333;0.4167;1.0000;0.5682;4;5;0.4808;1.0000;0.5188;Qwen3.5-4B
ID_7112277465715838;0.0513;0.0694;0.0000;0.0000;0.0500;0.0000;0.0000;0.0526;0.0000;0.1194;0.6892;2;5;0.0040;0.2687;0.6554;Qwen3.5-4B
ID_5014603660790632;0.6300;0.5504;0.8000;0.5000;0.4500;0.1176;0.1471;0.2647;0.1340;0.2900;0.5663;5;9;0.1937;0.3900;0.5816;Qwen3.5-4B
ID_0211300683784278;0.7430;0.5672;1.0000;0.7000;0.4000;0.1852;0.2593;0.2963;0.2429;0.3945;0.3037;8;10;0.2698;0.4404;0.4557;Qwen3.5-4B
ID_1479038203388369;0.2664;0.2404;0.2000;0.3000;0.2000;0.0385;0.1154;0.1538;0.0418;0.6957;0.5328;5;9;0.0508;0.6957;0.5788;Qwen3.5-4B
ID_1372738121180882;0.0784;0.1096;0.0000;0.1000;0.1000;0.0000;0.0625;0.1250;0.0104;0.5833;0.6694;1;3;0.0170;0.6603;0.6916;Qwen3.5-4B
ID_3417734567782570;0.5529;0.4594;1.0000;0.6000;0.3500;0.2632;0.3158;0.3684;0.3026;0.6373;0.5532;6;7;0.3272;0.6765;0.6618;Qwen3.5-4B
ID_8542579855895033;0.3859;0.3788;0.4000;0.5000;0.4500;0.0625;0.1562;0.2812;0.1051;0.4725;0.7109;5;10;0.1593;0.5714;0.7313;Qwen3.5-4B
ID_3770706279979377;0.5581;0.5580;0.6000;0.6000;0.5000;0.1200;0.2400;0.4000;0.1659;0.8182;0.6501;7;11;0.2667;0.8182;0.6469;Qwen3.5-4B
ID_2715614477658559;0.3769;0.3074;0.2000;0.3000;0.2000;0.0357;0.1071;0.1429;0.0566;0.3580;0.7344;4;5;0.0656;0.4198;0.7643;Qwen3.5-4B
ID_1644854912506311;0.0555;0.1275;0.2000;0.1000;0.1000;0.1111;0.1111;0.2222;0.0278;0.4423;0.6403;1;2;0.0408;0.5385;0.6656;Qwen3.5-4B
ID_7997248190492823;0.2673;0.2679;0.4000;0.2000;0.1500;0.0909;0.0909;0.1364;0.0758;0.2535;0.6523;2;4;0.0855;0.2847;0.6159;Qwen3.5-4B
ID_5390871764659439;0.4369;0.3302;0.6000;0.4000;0.2000;0.1667;0.2222;0.2222;0.1565;0.4345;0.7537;5;7;0.1565;0.4791;0.7448;Qwen3.5-4B
ID_4830050448543240;0.3080;0.2500;0.2000;0.2000;0.1500;0.0476;0.0952;0.1429;0.0635;0.3750;0.6341;3;4;0.0706;0.5833;0.6194;Qwen3.5-4B
ID_5368167403557640;0.4284;0.3258;0.4000;0.3000;0.2500;0.0769;0.1154;0.1923;0.0913;0.1049;0.7829;3;5;0.1143;0.1358;0.7519;Qwen3.5-4B
ID_1122362218673413;0.3590;0.3682;0.4000;0.2000;0.3500;0.0526;0.0526;0.1842;0.0526;0.4627;0.5869;2;7;0.0929;0.5970;0.6275;Qwen3.5-4B
ID_7269889225548975;0.3092;0.3261;0.6000;0.4000;0.3500;0.1364;0.1818;0.3182;0.0911;0.5750;0.5022;4;7;0.1481;0.6750;0.5890;Qwen3.5-4B
ID_3258168964977007;0.5541;0.4538;0.8000;0.4000;0.2500;0.2353;0.2353;0.2941;0.2235;0.2895;0.6734;4;5;0.2419;0.4211;0.7531;Qwen3.5-4B
ID_1425457857618919;0.4413;0.3689;0.2000;0.4000;0.3500;0.0263;0.1053;0.1842;0.0595;0.2619;0.6318;4;7;0.0885;0.3810;0.6474;Qwen3.5-4B
ID_5249973626810280;0.4570;0.3779;0.4000;0.4000;0.2000;0.1250;0.2500;0.2500;0.1076;0.3429;0.5542;8;8;0.1076;0.3571;0.6700;Qwen3.5-4B
ID_3341755886753117;0.5895;0.5996;0.6000;0.5000;0.4500;0.1429;0.2381;0.4286;0.1931;0.4286;0.5582;7;12;0.2991;0.5000;0.6522;Qwen3.5-4B
ID_1868743035556083;0.1845;0.1877;0.2000;0.1000;0.0500;0.1250;0.1250;0.1250;0.0417;0.4035;0.7082;1;2;0.0417;0.5088;0.7209;Qwen3.5-4B
ID_7730378702136765;0.5337;0.5150;0.4000;0.4000;0.2500;0.1538;0.3077;0.3846;0.1996;0.7647;0.6683;4;5;0.2189;0.7647;0.7162;Qwen3.5-4B
ID_4165114386602896;0.6364;0.4657;0.6000;0.6000;0.4000;0.1200;0.2400;0.3200;0.1723;0.4000;0.6062;6;8;0.2031;0.5200;0.6915;Qwen3.5-4B
ID_3064071594531422;0.4627;0.3959;0.4000;0.4000;0.3500;0.0571;0.1143;0.2000;0.0714;0.3077;0.6870;4;9;0.1076;0.5769;0.6944;Qwen3.5-4B
ID_5266453653764376;0.3188;0.3197;0.6000;0.3000;0.2000;0.2000;0.2000;0.2667;0.1067;0.1597;0.6153;3;4;0.1215;0.2017;0.5774;Qwen3.5-4B
ID_2327252294819099;0.4837;0.4660;0.4000;0.3000;0.2500;0.1429;0.2143;0.3571;0.1643;0.5714;0.7125;5;7;0.2009;0.6786;0.7290;Qwen3.5-4B
ID_1416717596426384;0.7464;0.5263;0.8000;0.8000;0.4500;0.1429;0.2857;0.3214;0.2235;0.6727;0.5985;8;10;0.2527;0.7091;0.5825;Qwen3.5-4B
ID_5104380991908142;0.6047;0.5478;0.6000;0.5000;0.4500;0.1500;0.2500;0.4500;0.2028;0.4219;0.6015;5;9;0.2869;0.4688;0.6339;Qwen3.5-4B
ID_3850342002270325;0.2712;0.2751;0.6000;0.3000;0.3000;0.0968;0.0968;0.1935;0.0570;0.2077;0.6326;3;8;0.0922;0.2842;0.6363;Qwen3.5-4B
ID_2506452256257692;0.3559;0.2980;0.6000;0.3000;0.1500;0.1579;0.1579;0.1579;0.1009;0.5618;0.6565;4;5;0.1009;0.5955;0.6688;Qwen3.5-4B
ID_2501991149911808;0.0175;0.0489;0.0000;0.0000;0.0500;0.0000;0.0000;0.0556;0.0000;0.5385;0.5836;1;3;0.0040;0.7115;0.6194;Qwen3.5-4B
ID_0681322721384641;0.4000;0.3866;0.6000;0.3000;0.2500;0.1765;0.1765;0.2941;0.1235;0.6875;0.7166;3;5;0.1645;0.6964;0.7375;Qwen3.5-4B
ID_3413049864861519;0.2201;0.2534;0.2000;0.1000;0.1500;0.0500;0.0500;0.1500;0.0500;0.3864;0.6359;1;3;0.0631;0.4773;0.6638;Qwen3.5-4B
ID_3497475658439763;0.6137;0.5771;0.6000;0.5000;0.5000;0.0811;0.1351;0.2703;0.1141;0.7681;0.7004;5;10;0.1883;0.8261;0.6890;Qwen3.5-4B
ID_8972547506863523;0.7910;0.7135;1.0000;0.7000;0.6500;0.1471;0.2059;0.3824;0.1971;0.8349;0.5645;7;14;0.3299;0.9266;0.6233;Qwen3.5-4B
ID_6349130857434487;0.5658;0.5166;0.8000;0.7000;0.4000;0.2500;0.4375;0.5000;0.3646;0.7000;0.6406;7;9;0.4030;0.7000;0.6416;Qwen3.5-4B
ID_3155603065610018;0.5604;0.5279;0.8000;0.7000;0.6000;0.1481;0.2593;0.4444;0.2106;0.7059;0.5008;7;12;0.3265;0.7647;0.5841;Qwen3.5-4B
ID_6004516715704075;0.5678;0.5452;0.4000;0.5000;0.2500;0.2500;0.6250;0.6250;0.3869;0.8710;0.6324;5;6;0.3869;1.0000;0.6490;Qwen3.5-4B
ID_2460757456354875;0.3819;0.4349;0.8000;0.4000;0.4000;0.1739;0.1739;0.3478;0.1543;0.7639;0.6751;5;12;0.2276;0.8333;0.6723;Qwen3.5-4B
ID_7741121296126010;0.2362;0.2730;0.0000;0.4000;0.3500;0.0000;0.1600;0.2800;0.0509;0.3462;0.6343;5;8;0.1021;0.3462;0.6669;Qwen3.5-4B
ID_0521334155968808;0.4438;0.3481;0.6000;0.4000;0.2500;0.1250;0.1667;0.2083;0.1354;0.5893;0.6424;4;5;0.1464;0.5893;0.6909;Qwen3.5-4B
ID_0447358942103110;0.2783;0.2730;0.2000;0.3000;0.1500;0.1000;0.3000;0.3000;0.1022;0.2885;0.5543;4;4;0.1022;0.6346;0.6379;Qwen3.5-4B
ID_1509294900960066;0.5046;0.4441;0.8000;0.6000;0.4000;0.1429;0.2143;0.2857;0.1618;0.2000;0.7285;7;9;0.2005;0.3667;0.7387;Qwen3.5-4B
