Autor;nDCG@10;nDCG@20;Precision@5;Precision@10;Precision@20;Recall@5;Recall@10;Recall@20;MAP@10;Coverage@10;Diversity@10;MAP@20;Coverage@20;Diversity@20;Match_Valido@10;Match_Valido@20;Modelo
ID_9350794843721516;0.1048;0.1144;0.0000;0.1000;0.1500;0.0000;0.0333;0.1000;0.0048;0.3115;0.6395;2;5;0.0180;0.3770;0.6354;Qwen3-1.7B
ID_8752453650114092;0.5303;0.4675;0.8000;0.5000;0.3500;0.2000;0.2500;0.3500;0.2132;0.2300;0.6621;5;8;0.2484;0.2404;0.6754;Qwen3-1.7B
ID_3935055744673018;0.0679;0.0438;0.2000;0.2000;0.1000;0.0238;0.0476;0.0476;0.0116;0.0911;0.6348;2;2;0.0116;0.0911;0.6348;Qwen3-1.7B
ID_1345781867765758;0.3518;0.3111;0.4000;0.3000;0.2000;0.1053;0.1579;0.2105;0.1015;0.8180;0.6327;7;9;0.1120;0.8291;0.6353;Qwen3-1.7B
ID_7710344461864924;0.3446;0.2224;0.4000;0.3000;0.1500;0.0400;0.0600;0.0600;0.0375;0.1419;0.5364;3;3;0.0375;0.2225;0.6362;Qwen3-1.7B
ID_1840336983035010;0.4058;0.2896;0.6000;0.4000;0.2000;0.1154;0.1538;0.1538;0.1186;0.3387;0.7227;6;6;0.1186;0.3790;0.7189;Qwen3-1.7B
ID_3051627641386529;0.4081;0.4489;0.2000;0.3000;0.2500;0.0833;0.2500;0.4167;0.1292;0.4012;0.6967;4;6;0.1890;0.5106;0.7141;Qwen3-1.7B
ID_0218004426204544;0.4323;0.3683;0.4000;0.3000;0.3000;0.0556;0.0833;0.1667;0.0675;0.2821;0.6622;3;6;0.0973;0.4777;0.6705;Qwen3-1.7B
ID_2774467864626548;0.3868;0.3339;0.4000;0.2000;0.2000;0.0952;0.0952;0.1905;0.0952;0.4243;0.5858;4;7;0.1127;0.4380;0.6312;Qwen3-1.7B
ID_0807993828734491;0.4396;0.3210;0.4000;0.5000;0.3000;0.0625;0.1562;0.1875;0.1071;0.5234;0.6117;5;6;0.1216;0.5405;0.6241;Qwen3-1.7B
ID_9335253053250984;0.4674;0.4411;0.4000;0.6000;0.5000;0.0714;0.2143;0.3571;0.1076;0.5959;0.6191;6;10;0.1829;0.6639;0.4961;Qwen3-1.7B
ID_0232075212409214;0.2109;0.1473;0.2000;0.3000;0.1500;0.0476;0.1429;0.1429;0.0473;0.1217;0.5592;3;3;0.0473;0.1217;0.5592;Qwen3-1.7B
ID_5393628668007180;0.2555;0.2203;0.4000;0.3000;0.2500;0.1000;0.1500;0.2500;0.0771;0.3013;0.5485;3;5;0.1053;0.3443;0.5193;Qwen3-1.7B
ID_4290808161139329;0.0095;0.0066;0.0000;0.0000;0.0000;0.0000;0.0000;0.0000;0.0000;0.0255;0.6485;1;1;0.0000;0.0318;0.5915;Qwen3-1.7B
ID_3296934538404596;0.4004;0.3151;0.4000;0.3000;0.1500;0.0952;0.1429;0.1429;0.0918;0.2718;0.5383;4;4;0.0918;0.3849;0.5719;Qwen3-1.7B
ID_6231675319360093;0.3161;0.3161;0.2000;0.2000;0.1000;0.2000;0.4000;0.4000;0.1444;0.5500;0.6826;2;2;0.1444;0.5692;0.6148;Qwen3-1.7B
ID_6284168579617066;0.4251;0.3853;0.4000;0.6000;0.4500;0.0870;0.2609;0.3913;0.1281;0.3083;0.7263;6;9;0.2055;0.3519;0.7020;Qwen3-1.7B
ID_9848311210578810;0.2451;0.1930;0.0000;0.4000;0.2500;0.0000;0.0870;0.1087;0.0267;0.1680;0.6277;4;5;0.0335;0.2440;0.6219;Qwen3-1.7B
ID_5768000922241088;0.4688;0.5580;0.6000;0.3000;0.4000;0.1765;0.1765;0.4706;0.1529;0.3089;0.6349;4;11;0.2676;0.3767;0.5927;Qwen3-1.7B
ID_2647529909397336;0.1389;0.1124;0.2000;0.1000;0.0500;0.0385;0.0385;0.0385;0.0192;0.1033;0.4806;1;1;0.0192;0.1094;0.5653;Qwen3-1.7B
ID_1779931169656381;0.0948;0.1518;0.2000;0.1000;0.2000;0.0303;0.0303;0.1212;0.0076;0.0687;0.6779;1;4;0.0272;0.1612;0.6426;Qwen3-1.7B
ID_1036046601275319;0.0000;0.0144;0.0000;0.0000;0.0500;0.0000;0.0000;0.0333;0.0000;0.2523;0.6391;0;1;0.0017;0.2656;0.7110;Qwen3-1.7B
ID_3929176117729138;0.1645;0.1413;0.2000;0.1000;0.0500;0.0714;0.0714;0.0714;0.0357;0.1788;0.5564;1;1;0.0357;0.1788;0.5564;Qwen3-1.7B
ID_2123038879875164;0.6195;0.4388;0.8000;0.7000;0.4000;0.1053;0.1842;0.2105;0.1728;0.4807;0.6892;7;9;0.1845;0.4990;0.6597;Qwen3-1.7B
ID_3964840204818021;0.3432;0.2385;0.6000;0.3000;0.2000;0.0714;0.0714;0.0952;0.0714;0.5892;0.5223;3;4;0.0801;0.5987;0.5678;Qwen3-1.7B
ID_9867636928092492;0.2135;0.1750;0.4000;0.2000;0.1500;0.0714;0.0714;0.1071;0.0595;0.5257;0.6812;3;4;0.0693;0.5382;0.6797;Qwen3-1.7B
ID_0144465590218939;0.4194;0.3778;0.4000;0.3000;0.2500;0.1000;0.1500;0.2500;0.0964;0.2727;0.7042;3;5;0.1325;0.4364;0.6341;Qwen3-1.7B
ID_0932900035896817;0.2258;0.1484;0.2000;0.2000;0.1000;0.0476;0.0952;0.0952;0.0374;0.1618;0.6606;3;3;0.0374;0.1618;0.6694;Qwen3-1.7B
ID_0041995572099705;0.0784;0.2298;0.0000;0.1000;0.3000;0.0000;0.0333;0.2000;0.0056;0.0624;0.7793;1;7;0.0519;0.3347;0.7638;Qwen3-1.7B
ID_0061106995455595;0.1389;0.1120;0.2000;0.1000;0.0500;0.0385;0.0385;0.0385;0.0192;0.0871;0.6429;1;2;0.0192;0.2118;0.6397;Qwen3-1.7B
ID_0128404227626176;0.0000;0.0000;0.0000;0.0000;0.0000;0.0000;0.0000;0.0000;0.0000;0.0020;0.7184;0;0;0.0000;0.0040;0.5945;Qwen3-1.7B
ID_0161925591909696;0.1834;0.2337;0.2000;0.2000;0.2500;0.0312;0.0625;0.1562;0.0193;0.4775;0.5785;2;5;0.0467;0.5309;0.5932;Qwen3-1.7B
ID_0174325304693036;0.2704;0.2072;0.6000;0.4000;0.2500;0.0625;0.0833;0.1042;0.0729;0.2145;0.7500;4;5;0.0824;0.2245;0.6645;Qwen3-1.7B
ID_0189095897739979;0.3979;0.4023;0.4000;0.5000;0.4500;0.0588;0.1471;0.2647;0.0670;0.1389;0.7685;5;9;0.1287;0.1627;0.6528;Qwen3-1.7B
ID_0229339143607870;0.6226;0.5052;0.8000;0.6000;0.5000;0.1143;0.1714;0.2857;0.1538;0.3445;0.6489;6;10;0.2207;0.3697;0.6337;Qwen3-1.7B
ID_0278717765065500;0.2327;0.1870;0.4000;0.2000;0.1000;0.0909;0.0909;0.0909;0.0530;0.2010;0.5880;2;3;0.0530;0.2188;0.5870;Qwen3-1.7B
ID_0482551013400931;0.6679;0.4480;0.8000;0.7000;0.4000;0.0784;0.1373;0.1569;0.1287;0.5000;0.4877;7;8;0.1430;0.5000;0.4675;Qwen3-1.7B
ID_0486569206159968;0.4674;0.3674;0.4000;0.6000;0.4000;0.0556;0.1667;0.2222;0.0837;0.5145;0.7743;6;8;0.1056;0.5519;0.7244;Qwen3-1.7B
ID_0509655225224036;0.1357;0.1098;0.0000;0.2000;0.1000;0.0000;0.0909;0.0909;0.0158;0.0604;0.3875;2;2;0.0158;0.0659;0.4025;Qwen3-1.7B
ID_0516941410000104;0.3530;0.4007;0.4000;0.4000;0.3500;0.1250;0.2500;0.4375;0.1137;0.4800;0.5802;6;9;0.1885;0.5200;0.5076;Qwen3-1.7B
ID_0530966378411625;0.1754;0.1380;0.4000;0.2000;0.1000;0.0800;0.0800;0.0800;0.0360;0.2222;0.6674;2;2;0.0360;0.2222;0.6933;Qwen3-1.7B
ID_0535860239259102;0.4008;0.3912;0.8000;0.4000;0.3000;0.1739;0.1739;0.2609;0.1739;0.3738;0.6660;7;10;0.2014;0.4112;0.6749;Qwen3-1.7B
ID_0578253829444920;0.2772;0.2155;0.4000;0.4000;0.2500;0.0800;0.1600;0.2000;0.0994;0.6400;0.7174;4;5;0.1148;0.6509;0.6783;Qwen3-1.7B
ID_0676101131499422;0.1645;0.1986;0.2000;0.2000;0.1500;0.0588;0.1176;0.1765;0.0343;0.6384;0.7732;3;6;0.0431;0.6645;0.7410;Qwen3-1.7B
ID_0766735065718186;0.2850;0.2855;0.4000;0.3000;0.3500;0.0455;0.0682;0.1591;0.0394;0.3086;0.6465;3;7;0.0724;0.4917;0.5919;Qwen3-1.7B
ID_0848413770343284;0.0198;0.0128;0.0000;0.0000;0.0000;0.0000;0.0000;0.0000;0.0000;0.0041;0.5023;1;1;0.0000;0.0041;0.5023;Qwen3-1.7B
ID_0973550817356564;0.4433;0.3762;0.8000;0.5000;0.3500;0.1081;0.1351;0.1892;0.1162;0.4738;0.6385;5;8;0.1467;0.4982;0.5739;Qwen3-1.7B
ID_0976385386657517;0.2483;0.2277;0.4000;0.5000;0.3000;0.0714;0.1786;0.2143;0.0762;0.1006;0.5574;5;6;0.0915;0.2544;0.3920;Qwen3-1.7B
ID_1041565102315246;0.6213;0.5482;0.8000;0.7000;0.5500;0.1481;0.2593;0.4074;0.2189;0.5273;0.6433;7;11;0.3215;0.5667;0.6263;Qwen3-1.7B
ID_1077091269921532;0.4849;0.4115;0.6000;0.6000;0.3500;0.1034;0.2069;0.2414;0.1295;0.3768;0.5426;7;8;0.1456;0.4089;0.4299;Qwen3-1.7B
ID_1264299192805866;0.0663;0.1242;0.0000;0.1000;0.2000;0.0000;0.0345;0.1379;0.0038;0.0693;0.7058;1;4;0.0293;0.1635;0.7058;Qwen3-1.7B
ID_1305553577433058;0.0000;0.0000;0.0000;0.0000;0.0000;0.0000;0.0000;0.0000;0.0000;0.0013;0.5100;0;0;0.0000;0.0013;0.5100;Qwen3-1.7B
ID_1325667605623244;0.4983;0.4369;0.8000;0.5000;0.4000;0.0889;0.1111;0.1778;0.0743;0.3357;0.6545;5;8;0.1130;0.3916;0.6614;Qwen3-1.7B
ID_1351748125964309;0.3106;0.3694;0.4000;0.3000;0.3500;0.0800;0.1200;0.2800;0.0720;0.2477;0.4631;3;7;0.1281;0.3131;0.3710;Qwen3-1.7B
ID_1409367562944345;0.0694;0.1417;0.0000;0.1000;0.1500;0.0000;0.0667;0.2000;0.0083;0.1230;0.6950;1;3;0.0322;0.1892;0.7357;Qwen3-1.7B
ID_1443260585180322;0.0731;0.1988;0.0000;0.1000;0.2500;0.0000;0.0238;0.1190;0.0024;0.2587;0.7729;2;6;0.0285;0.4385;0.7493;Qwen3-1.7B
ID_1569228929685657;0.0000;0.1172;0.0000;0.0000;0.2000;0.0000;0.0000;0.1600;0.0000;0.1098;0.7248;0;4;0.0227;0.2039;0.7390;Qwen3-1.7B
ID_1572504650930605;0.0851;0.1753;0.2000;0.1000;0.1500;0.0526;0.0526;0.1579;0.0105;0.0585;0.7442;1;6;0.0291;0.1536;0.7010;Qwen3-1.7B
ID_1588571859201066;0.8580;0.6219;1.0000;0.8000;0.5000;0.1136;0.1818;0.2273;0.1732;0.6170;0.1434;8;10;0.1986;0.6216;0.2173;Qwen3-1.7B
ID_1608166528142462;0.3996;0.5279;0.6000;0.3000;0.3500;0.2143;0.2143;0.5000;0.1964;0.3217;0.7572;3;7;0.3008;0.3675;0.7166;Qwen3-1.7B
ID_1608252203113404;0.0000;0.1697;0.0000;0.0000;0.3000;0.0000;0.0000;0.1250;0.0000;0.0366;0.7827;0;6;0.0270;0.1556;0.7095;Qwen3-1.7B
ID_1608392890165390;0.0000;0.0000;0.0000;0.0000;0.0000;0.0000;0.0000;0.0000;0.0000;0.0196;0.7055;0;0;0.0000;0.0327;0.7697;Qwen3-1.7B
ID_1682621160901140;0.0851;0.1518;0.2000;0.1000;0.2500;0.0227;0.0227;0.1136;0.0045;0.2850;0.7547;1;5;0.0228;0.4000;0.7854;Qwen3-1.7B
ID_1684574356606924;0.4431;0.4222;0.6000;0.4000;0.3000;0.1875;0.2500;0.3750;0.2042;0.0991;0.6349;4;6;0.2499;0.1205;0.6493;Qwen3-1.7B
ID_1727283700680766;0.3426;0.3460;0.6000;0.4000;0.2500;0.1765;0.2353;0.2941;0.2026;0.2500;0.6673;4;6;0.2294;0.2756;0.6585;Qwen3-1.7B
ID_1827829018668226;0.1993;0.2077;0.0000;0.3000;0.3000;0.0000;0.1000;0.2000;0.0216;0.2993;0.8153;3;6;0.0630;0.3869;0.7110;Qwen3-1.7B
ID_1878688743763378;0.0000;0.0000;0.0000;0.0000;0.0000;0.0000;0.0000;0.0000;0.0000;0.0099;0.6758;0;0;0.0000;0.0099;0.5914;Qwen3-1.7B
ID_1885766127325722;0.0112;0.0245;0.0000;0.0000;0.0000;0.0000;0.0000;0.0000;0.0000;0.4354;0.5694;1;3;0.0000;0.4545;0.6531;Qwen3-1.7B
ID_1973878827354750;0.2871;0.2607;0.4000;0.2000;0.2000;0.0571;0.0571;0.1143;0.0476;0.2519;0.5543;3;5;0.0584;0.2822;0.6007;Qwen3-1.7B
ID_1988378870316115;0.0307;0.0676;0.0000;0.1000;0.1000;0.0000;0.0476;0.0952;0.0053;0.1290;0.7654;1;2;0.0101;0.1290;0.7417;Qwen3-1.7B
ID_2129963760543898;0.5885;0.4223;0.8000;0.5000;0.3000;0.1600;0.2000;0.2400;0.1620;0.6985;0.6911;5;6;0.1770;0.7785;0.6580;Qwen3-1.7B
ID_2145668168587564;0.2230;0.2339;0.2000;0.4000;0.3000;0.0345;0.1379;0.2069;0.0745;0.5443;0.6350;4;6;0.0950;0.5696;0.6619;Qwen3-1.7B
ID_2209576799096027;0.4875;0.4736;0.4000;0.2000;0.1500;0.1538;0.1538;0.2308;0.1538;0.5274;0.4328;8;12;0.1748;0.5685;0.5899;Qwen3-1.7B
ID_2220699289355930;0.1213;0.1565;0.4000;0.2000;0.1500;0.0833;0.0833;0.1250;0.0271;0.1161;0.3317;3;5;0.0367;0.3348;0.3216;Qwen3-1.7B
ID_2275032719586397;0.2489;0.2189;0.4000;0.2000;0.1500;0.0741;0.0741;0.1111;0.0432;0.6277;0.6783;2;3;0.0518;0.7021;0.6698;Qwen3-1.7B
ID_2324159515825927;0.5101;0.4721;0.8000;0.4000;0.4000;0.1000;0.1000;0.2000;0.0804;0.3146;0.6734;4;8;0.1233;0.3416;0.6993;Qwen3-1.7B
ID_2482060270236527;0.2769;0.2697;0.4000;0.3000;0.2500;0.1000;0.1500;0.2500;0.1250;0.2926;0.7018;3;6;0.1571;0.3789;0.6950;Qwen3-1.7B
ID_2554853704952225;0.0000;0.0888;0.0000;0.0000;0.1500;0.0000;0.0000;0.0682;0.0000;0.0378;0.7580;0;3;0.0087;0.2756;0.7286;Qwen3-1.7B
ID_2627414712422817;0.2048;0.1944;0.4000;0.2000;0.1500;0.0714;0.0714;0.1071;0.0298;0.3316;0.5565;2;3;0.0395;0.3731;0.5882;Qwen3-1.7B
ID_2636111337875377;0.6177;0.5080;0.6000;0.5000;0.4000;0.1200;0.2000;0.3200;0.1652;0.2367;0.6931;6;10;0.2165;0.3007;0.6681;Qwen3-1.7B
ID_2653769170795641;0.3715;0.3593;0.4000;0.3000;0.2500;0.0769;0.1154;0.1923;0.0667;0.1848;0.6156;3;5;0.0890;0.2500;0.5854;Qwen3-1.7B
ID_2791913950833163;0.0000;0.0066;0.0000;0.0000;0.0000;0.0000;0.0000;0.0000;0.0000;0.0482;0.6995;0;1;0.0000;0.0514;0.6380;Qwen3-1.7B
ID_2850235880560929;0.0000;0.0000;0.0000;0.0000;0.0000;0.0000;0.0000;0.0000;0.0000;0.0241;0.6976;0;0;0.0000;0.0241;0.6976;Qwen3-1.7B
ID_2851798514812201;0.4781;0.3604;0.6000;0.3000;0.2000;0.1304;0.1304;0.1739;0.1304;0.2877;0.6861;4;5;0.1449;0.3159;0.7009;Qwen3-1.7B
ID_3085057149388157;0.2688;0.1735;0.4000;0.3000;0.1500;0.0455;0.0682;0.0682;0.0261;0.4437;0.6757;4;4;0.0261;0.4521;0.6848;Qwen3-1.7B
ID_3091742095568302;0.0000;0.0000;0.0000;0.0000;0.0000;0.0000;0.0000;0.0000;0.0000;0.0207;0.7949;0;0;0.0000;0.0276;0.7088;Qwen3-1.7B
ID_3125269649173653;0.4370;0.3161;0.6000;0.4000;0.2500;0.1071;0.1429;0.1786;0.1022;0.5282;0.7270;4;5;0.1127;0.5385;0.6933;Qwen3-1.7B
ID_3150074537946167;0.1584;0.2728;0.0000;0.2000;0.2000;0.0000;0.2500;0.5000;0.0486;0.4091;0.7424;2;6;0.1160;0.5682;0.6797;Qwen3-1.7B
ID_3150103492877008;0.3782;0.3309;0.4000;0.4000;0.2500;0.0870;0.1739;0.2174;0.1087;0.1020;0.6071;4;6;0.1223;0.1156;0.6690;Qwen3-1.7B
ID_3222014752923501;0.4875;0.3623;0.6000;0.5000;0.2500;0.1364;0.2273;0.2273;0.1843;0.3321;0.5982;5;6;0.1843;0.3579;0.6487;Qwen3-1.7B
ID_3325984959083987;0.4406;0.5508;0.4000;0.3000;0.4000;0.1333;0.2000;0.5333;0.1219;0.7234;0.5910;5;12;0.2394;0.7868;0.6542;Qwen3-1.7B
ID_3340828165410597;0.1447;0.2005;0.0000;0.2000;0.2500;0.0000;0.0833;0.2083;0.0162;0.1223;0.7883;2;5;0.0489;0.2952;0.7139;Qwen3-1.7B
ID_3347815035685882;0.3621;0.3988;0.2000;0.3000;0.2500;0.0556;0.1667;0.2778;0.0846;0.4980;0.6422;4;7;0.1187;0.5382;0.6452;Qwen3-1.7B
ID_3387018530825694;0.0000;0.0584;0.0000;0.0000;0.1000;0.0000;0.0000;0.1053;0.0000;0.0103;0.7153;0;2;0.0089;0.3402;0.8165;Qwen3-1.7B
ID_3427260889880733;0.2358;0.2094;0.2000;0.1000;0.0500;0.0769;0.0769;0.0769;0.0769;0.2880;0.5377;2;3;0.0769;0.3098;0.6291;Qwen3-1.7B
ID_3445472713137548;0.2151;0.2126;0.0000;0.3000;0.1500;0.0000;0.3000;0.3000;0.0689;0.1208;0.6890;3;4;0.0689;0.1264;0.5367;Qwen3-1.7B
ID_3729715298008025;0.0000;0.0000;0.0000;0.0000;0.0000;0.0000;0.0000;0.0000;0.0000;0.0033;0.8556;0;0;0.0000;0.0033;0.8556;Qwen3-1.7B
ID_3738807633557034;0.4655;0.5605;0.4000;0.4000;0.4500;0.0952;0.1905;0.4286;0.1224;0.7009;0.6312;4;10;0.2286;0.8411;0.5902;Qwen3-1.7B
ID_3837157956819433;0.5795;0.3740;0.8000;0.5000;0.2500;0.1538;0.1923;0.1923;0.1478;0.6667;0.5354;5;5;0.1478;0.6667;0.5031;Qwen3-1.7B
ID_3870300970951275;0.6015;0.4266;0.8000;0.5000;0.3000;0.1212;0.1515;0.1818;0.1429;0.5175;0.5527;7;8;0.1580;0.5175;0.5774;Qwen3-1.7B
ID_3919711591553904;0.6555;0.4746;1.0000;0.6000;0.4000;0.1190;0.1429;0.1905;0.1369;0.4991;0.5356;6;8;0.1615;0.5063;0.6677;Qwen3-1.7B
ID_3971396576832634;0.3590;0.3213;0.4000;0.2000;0.2000;0.0800;0.0800;0.1600;0.0800;0.5556;0.6378;2;4;0.1007;0.6473;0.6724;Qwen3-1.7B
ID_3977660018939385;0.4974;0.3574;0.6000;0.4000;0.2500;0.0938;0.1250;0.1562;0.1076;0.2857;0.6117;4;5;0.1188;0.3027;0.6323;Qwen3-1.7B
ID_4061301060228632;0.4557;0.4462;0.4000;0.4000;0.4000;0.0800;0.1600;0.3200;0.1110;0.5851;0.4797;4;8;0.1822;0.6064;0.4758;Qwen3-1.7B
ID_4139866243228811;0.6870;0.5810;0.6000;0.6000;0.5000;0.0909;0.1818;0.3030;0.1530;0.3205;0.5724;6;10;0.2146;0.3494;0.6141;Qwen3-1.7B
ID_4149038575526706;0.3867;0.3085;0.6000;0.5000;0.3000;0.0833;0.1389;0.1667;0.1062;0.1754;0.7044;5;6;0.1173;0.2127;0.7265;Qwen3-1.7B
ID_4186411197580812;0.0000;0.1711;0.0000;0.0000;0.2500;0.0000;0.0000;0.1351;0.0000;0.0023;0.7691;0;5;0.0228;0.3799;0.7494;Qwen3-1.7B
ID_4296348942225215;0.0419;0.1558;0.0000;0.0000;0.0000;0.0000;0.0000;0.0000;0.0000;0.1644;0.8029;1;4;0.0000;0.3288;0.7724;Qwen3-1.7B
ID_4482652690766445;0.5959;0.5280;0.6000;0.5000;0.4500;0.0577;0.0962;0.1731;0.0766;0.2912;0.7187;5;9;0.1153;0.3372;0.6798;Qwen3-1.7B
ID_4585253466628293;0.0000;0.0000;0.0000;0.0000;0.0000;0.0000;0.0000;0.0000;0.0000;0.0642;0.7500;0;0;0.0000;0.0642;0.7500;Qwen3-1.7B
ID_4621534549550979;0.2115;0.2463;0.0000;0.3000;0.3000;0.0000;0.0811;0.1622;0.0194;0.3588;0.6902;3;6;0.0483;0.4321;0.6872;Qwen3-1.7B
ID_4639530865431823;0.5631;0.4276;0.6000;0.5000;0.4000;0.0909;0.1515;0.2424;0.1078;0.5212;0.7835;5;8;0.1475;0.5818;0.7383;Qwen3-1.7B
ID_4656875806985353;0.0000;0.0000;0.0000;0.0000;0.0000;0.0000;0.0000;0.0000;0.0000;0.0345;0.7232;0;0;0.0000;0.3103;0.7810;Qwen3-1.7B
ID_4702999283260777;0.3459;0.2232;0.6000;0.3000;0.1500;0.0732;0.0732;0.0732;0.0512;0.0637;0.3760;3;3;0.0512;0.0645;0.2907;Qwen3-1.7B
ID_4703015447173949;0.3655;0.3272;0.8000;0.4000;0.2500;0.1538;0.1538;0.1923;0.1462;0.4658;0.5264;4;5;0.1636;0.4658;0.5052;Qwen3-1.7B
ID_4720283421615359;0.3996;0.3957;0.4000;0.3000;0.4000;0.0435;0.0652;0.1739;0.0444;0.1847;0.7348;3;8;0.0844;0.2296;0.6886;Qwen3-1.7B
ID_4739118307577897;0.5415;0.4718;0.8000;0.5000;0.4500;0.1000;0.1250;0.2250;0.0983;0.4800;0.3384;5;10;0.1444;0.5867;0.3430;Qwen3-1.7B
ID_4751064542106755;0.2149;0.2552;0.0000;0.3000;0.3000;0.0000;0.1875;0.3750;0.0416;0.2133;0.7684;3;6;0.1153;0.2667;0.6378;Qwen3-1.7B
ID_4765080870408661;0.0741;0.0874;0.0000;0.1000;0.1000;0.0000;0.0270;0.0541;0.0027;0.0503;0.8060;2;3;0.0076;0.0566;0.7359;Qwen3-1.7B
ID_4824419385318370;0.5806;0.4617;0.8000;0.6000;0.4500;0.1212;0.1818;0.2727;0.1335;0.2480;0.6446;6;9;0.1800;0.2998;0.6500;Qwen3-1.7B
ID_4940933921005830;0.6688;0.4861;0.8000;0.6000;0.4000;0.1081;0.1622;0.2162;0.1272;0.6764;0.5973;6;8;0.1579;0.7056;0.6425;Qwen3-1.7B
ID_5012323059073352;0.4347;0.3909;0.4000;0.4000;0.3500;0.0625;0.1250;0.2188;0.0781;0.5824;0.6495;6;9;0.1189;0.5824;0.5776;Qwen3-1.7B
ID_5349740107277233;0.3378;0.4218;0.4000;0.3000;0.4500;0.0741;0.1111;0.3333;0.0617;0.2763;0.6805;4;10;0.1619;0.2763;0.6343;Qwen3-1.7B
ID_5379515759830546;0.1533;0.1702;0.2000;0.5000;0.3000;0.0417;0.2083;0.2500;0.0752;0.2339;0.7251;5;7;0.0979;0.3105;0.6950;Qwen3-1.7B
ID_5465930712415985;0.0000;0.0000;0.0000;0.0000;0.0000;0.0000;0.0000;0.0000;0.0000;0.0083;0.6701;0;0;0.0000;0.0083;0.6365;Qwen3-1.7B
ID_5486280310533660;0.5256;0.3812;0.8000;0.5000;0.3000;0.1053;0.1316;0.1579;0.1066;0.4570;0.6263;5;7;0.1179;0.4745;0.6269;Qwen3-1.7B
ID_5605590098640584;0.0935;0.0788;0.0000;0.2000;0.1500;0.0000;0.0667;0.1000;0.0104;0.4218;0.8144;2;3;0.0195;0.5498;0.7128;Qwen3-1.7B
ID_5719239270509869;0.7273;0.6081;1.0000;0.6000;0.5000;0.0893;0.1071;0.1786;0.1071;0.2974;0.6217;6;10;0.1443;0.3138;0.6822;Qwen3-1.7B
ID_5759795720652106;0.2259;0.1899;0.6000;0.4000;0.2500;0.1034;0.1379;0.1724;0.1145;0.2599;0.5319;4;5;0.1236;0.4011;0.5227;Qwen3-1.7B
ID_5822763057370791;0.0273;0.2037;0.0000;0.1000;0.3000;0.0000;0.0400;0.2400;0.0040;0.3791;0.8298;1;6;0.0530;0.5659;0.7620;Qwen3-1.7B
ID_5871402136758674;0.0000;0.0000;0.0000;0.0000;0.0000;0.0000;0.0000;0.0000;0.0000;0.0182;0.7059;0;0;0.0000;0.0182;0.6133;Qwen3-1.7B
ID_5877415967509579;0.0000;0.0523;0.0000;0.0000;0.0500;0.0000;0.0000;0.0833;0.0000;0.0146;0.7328;0;1;0.0042;0.1533;0.8356;Qwen3-1.7B
ID_5942068988379022;0.3813;0.4198;0.8000;0.4000;0.3500;0.1333;0.1333;0.2333;0.1333;0.2434;0.6868;4;7;0.1725;0.3259;0.6863;Qwen3-1.7B
ID_6009627088282581;0.0000;0.1011;0.0000;0.0000;0.1500;0.0000;0.0000;0.1034;0.0000;0.2756;0.7720;0;5;0.0122;0.5128;0.6849;Qwen3-1.7B
ID_6072065135325168;0.3919;0.3056;0.2000;0.4000;0.3000;0.0303;0.1212;0.1818;0.0639;0.0625;0.7043;4;7;0.0824;0.0714;0.6643;Qwen3-1.7B
ID_6170215694392885;0.5266;0.3399;0.8000;0.6000;0.3000;0.1212;0.1818;0.1818;0.1222;0.0862;0.4103;7;7;0.1222;0.0862;0.2554;Qwen3-1.7B
ID_6249814039461102;0.2048;0.1347;0.4000;0.2000;0.1000;0.0800;0.0800;0.0800;0.0333;0.5000;0.6519;2;2;0.0333;0.5221;0.6984;Qwen3-1.7B
ID_6266684004174408;0.3301;0.2131;0.4000;0.2000;0.1000;0.0588;0.0588;0.0588;0.0490;0.4927;0.6205;2;2;0.0490;0.4927;0.6205;Qwen3-1.7B
ID_6286838179330044;0.0273;0.2392;0.0000;0.1000;0.3500;0.0000;0.0370;0.2593;0.0037;0.0331;0.7389;1;7;0.0673;0.2231;0.7721;Qwen3-1.7B
ID_6328263723211152;0.0000;0.0525;0.0000;0.0000;0.1000;0.0000;0.0000;0.0541;0.0000;0.0325;0.7561;0;2;0.0061;0.2922;0.6998;Qwen3-1.7B
ID_6378129193246016;0.2201;0.1761;0.2000;0.1000;0.1000;0.0233;0.0233;0.0465;0.0233;0.0257;0.8099;1;2;0.0260;0.0950;0.7931;Qwen3-1.7B
ID_6425044612146340;0.3502;0.2951;0.6000;0.6000;0.3500;0.0938;0.1875;0.2188;0.1395;0.0822;0.3697;6;7;0.1577;0.2146;0.3392;Qwen3-1.7B
ID_6509414402989975;0.1070;0.1032;0.0000;0.2000;0.1000;0.0000;0.1333;0.1333;0.0302;0.3902;0.6069;2;4;0.0302;0.4390;0.6012;Qwen3-1.7B
ID_6564076531735310;0.4216;0.3033;0.6000;0.4000;0.2500;0.0789;0.1053;0.1316;0.0965;0.6037;0.6581;4;5;0.1034;0.6128;0.7241;Qwen3-1.7B
ID_6631439861070680;0.3749;0.3681;0.6000;0.5000;0.4500;0.0882;0.1471;0.2647;0.0801;0.4472;0.6845;5;9;0.1430;0.4673;0.6078;Qwen3-1.7B
ID_6785547194105600;0.2247;0.2483;0.2000;0.3000;0.3000;0.0455;0.1364;0.2727;0.0351;0.7177;0.4840;3;6;0.0776;0.7321;0.5569;Qwen3-1.7B
ID_6806722604010480;0.7184;0.4782;1.0000;0.6000;0.3500;0.0943;0.1132;0.1321;0.1085;0.6709;0.6825;6;7;0.1163;0.7242;0.6497;Qwen3-1.7B
ID_6912702802413733;0.4695;0.3350;0.6000;0.4000;0.2000;0.1429;0.1905;0.1905;0.1238;0.2545;0.7496;4;4;0.1238;0.2545;0.7085;Qwen3-1.7B
ID_6928187292584643;0.1357;0.2111;0.0000;0.2000;0.2000;0.0000;0.1176;0.2353;0.0204;0.1722;0.7952;2;5;0.0561;0.1854;0.7511;Qwen3-1.7B
ID_7027792126979693;0.6617;0.5227;0.8000;0.6000;0.3500;0.1905;0.2857;0.3333;0.2455;0.4708;0.7102;6;7;0.2758;0.5008;0.6919;Qwen3-1.7B
ID_7233450359051249;0.0000;0.0861;0.0000;0.0000;0.1500;0.0000;0.0000;0.0667;0.0000;0.0978;0.8312;0;3;0.0081;0.3750;0.7810;Qwen3-1.7B
ID_7282243679498643;0.1890;0.1890;0.0000;0.1000;0.0500;0.0000;0.2500;0.2500;0.0312;0.4528;0.7441;1;1;0.0312;0.4654;0.5167;Qwen3-1.7B
ID_7385883792624886;0.5863;0.4786;0.6000;0.7000;0.5500;0.1000;0.2333;0.3667;0.1608;0.7857;0.4849;7;11;0.2411;0.8469;0.4625;Qwen3-1.7B
ID_7436135069574190;0.0000;0.0156;0.0000;0.0000;0.0500;0.0000;0.0000;0.0233;0.0000;0.0015;0.7025;0;1;0.0017;0.0051;0.6210;Qwen3-1.7B
ID_7527179767450432;0.3928;0.4207;0.6000;0.5000;0.4500;0.1250;0.2083;0.3750;0.1539;0.3997;0.7233;5;10;0.2221;0.4838;0.7064;Qwen3-1.7B
ID_7551488096449640;0.4561;0.3269;0.8000;0.5000;0.3000;0.1600;0.2000;0.2400;0.1287;0.1879;0.6090;5;6;0.1413;0.1946;0.6296;Qwen3-1.7B
ID_7581282834093314;0.1097;0.1306;0.0000;0.2000;0.1500;0.0000;0.0952;0.1429;0.0175;0.0652;0.6656;2;3;0.0250;0.0652;0.4897;Qwen3-1.7B
ID_7645565922415708;0.0918;0.1219;0.0000;0.1000;0.1000;0.0000;0.0455;0.0909;0.0065;0.0450;0.7392;1;2;0.0118;0.1938;0.6889;Qwen3-1.7B
ID_7669967284860729;0.1488;0.2999;0.2000;0.2000;0.4500;0.0333;0.0667;0.3000;0.0133;0.5556;0.6006;2;9;0.0975;0.7222;0.6581;Qwen3-1.7B
ID_7884742100487918;0.1331;0.1697;0.0000;0.2000;0.1500;0.0000;0.1429;0.2143;0.0232;0.2967;0.7606;2;3;0.0427;0.3453;0.6696;Qwen3-1.7B
ID_7900399551528003;0.5155;0.3327;0.6000;0.4000;0.2000;0.1000;0.1333;0.1333;0.1028;0.2959;0.6705;5;5;0.1028;0.2985;0.6162;Qwen3-1.7B
ID_8049184468038869;0.5894;0.5365;0.6000;0.5000;0.5000;0.0625;0.1042;0.2083;0.0793;0.2372;0.5550;5;10;0.1323;0.2630;0.4885;Qwen3-1.7B
ID_8220266376719566;0.5022;0.3596;0.8000;0.5000;0.3000;0.0952;0.1190;0.1429;0.0817;0.5626;0.5562;5;6;0.0912;0.6242;0.5919;Qwen3-1.7B
ID_8237569228020224;0.0517;0.0427;0.0000;0.1000;0.0500;0.0000;0.0625;0.0625;0.0089;0.1429;0.6810;2;2;0.0089;0.1429;0.6602;Qwen3-1.7B
ID_8241999499678979;0.0000;0.0000;0.0000;0.0000;0.0000;0.0000;0.0000;0.0000;0.0000;0.0021;0.7093;0;0;0.0000;0.0021;0.5672;Qwen3-1.7B
ID_8243102075060800;0.4383;0.4605;0.4000;0.4000;0.5000;0.0408;0.0816;0.2041;0.0544;0.7022;0.5551;4;10;0.1166;0.7586;0.6414;Qwen3-1.7B
ID_8302605179522059;0.4784;0.4456;0.6000;0.4000;0.3500;0.1154;0.1538;0.2692;0.1064;0.3066;0.6056;4;7;0.1487;0.3278;0.5769;Qwen3-1.7B
ID_8351785832221386;0.3372;0.2724;0.2000;0.4000;0.2500;0.0476;0.1905;0.2381;0.0720;0.4042;0.7362;6;7;0.0860;0.4199;0.7063;Qwen3-1.7B
ID_8391182235603982;0.5066;0.5082;0.8000;0.6000;0.5500;0.1000;0.1500;0.2750;0.1345;0.4026;0.7200;6;11;0.2014;0.5169;0.7025;Qwen3-1.7B
ID_8392547704796029;0.2344;0.2857;0.2000;0.2000;0.1500;0.1000;0.2000;0.3000;0.0750;0.3073;0.6448;4;5;0.1000;0.3830;0.6709;Qwen3-1.7B
ID_8462865850328344;0.0000;0.1981;0.0000;0.0000;0.3000;0.0000;0.0000;0.1622;0.0000;0.0018;0.8053;0;6;0.0374;0.3084;0.8005;Qwen3-1.7B
ID_8463458737785676;0.0000;0.0000;0.0000;0.0000;0.0000;0.0000;0.0000;0.0000;0.0000;0.0028;0.6619;0;0;0.0000;0.0028;0.5656;Qwen3-1.7B
ID_8492376468047417;0.5295;0.4313;0.6000;0.5000;0.3000;0.1429;0.2381;0.2857;0.1759;0.4290;0.3046;5;6;0.2019;0.4653;0.2509;Qwen3-1.7B
ID_8496716957724133;0.0000;0.0757;0.0000;0.0000;0.1000;0.0000;0.0000;0.0556;0.0000;0.3841;0.6361;0;2;0.0066;0.5502;0.5422;Qwen3-1.7B
ID_8546635518344761;0.2513;0.2721;0.4000;0.4000;0.3000;0.0909;0.1818;0.2727;0.0782;0.2750;0.6679;5;7;0.1060;0.2996;0.6607;Qwen3-1.7B
ID_8563794592947521;0.2201;0.2449;0.2000;0.1000;0.2000;0.0323;0.0323;0.1290;0.0323;0.4027;0.6079;1;4;0.0505;0.5279;0.6333;Qwen3-1.7B
ID_8655277884027052;0.2987;0.3000;0.4000;0.2000;0.1500;0.1818;0.1818;0.2727;0.0909;0.1968;0.6871;4;6;0.1061;0.2766;0.6028;Qwen3-1.7B
ID_8721994758453503;0.4363;0.4286;0.8000;0.5000;0.4500;0.1481;0.1852;0.3333;0.1271;0.6786;0.5674;5;9;0.2007;0.6905;0.5880;Qwen3-1.7B
ID_8736721273068415;0.5639;0.3690;0.6000;0.6000;0.3000;0.0714;0.1429;0.1429;0.0988;0.4065;0.6383;6;7;0.0988;0.4190;0.6389;Qwen3-1.7B
ID_8754335906813622;0.5725;0.5614;0.8000;0.5000;0.5500;0.1250;0.1562;0.3438;0.1370;0.2262;0.6744;5;11;0.2388;0.3010;0.6861;Qwen3-1.7B
ID_8814823545159504;0.4459;0.3251;0.4000;0.5000;0.3000;0.0526;0.1316;0.1579;0.0632;0.4200;0.6222;6;7;0.0753;0.4275;0.5327;Qwen3-1.7B
ID_8817420732602033;0.2115;0.2457;0.0000;0.3000;0.3000;0.0000;0.0612;0.1224;0.0146;0.1391;0.7605;3;6;0.0360;0.3391;0.7584;Qwen3-1.7B
ID_8867390850809735;0.3964;0.2887;0.4000;0.3000;0.2000;0.0714;0.1071;0.1429;0.0714;0.6244;0.5327;3;4;0.0789;0.6244;0.4681;Qwen3-1.7B
ID_8903183021436431;0.0754;0.1460;0.0000;0.1000;0.1500;0.0000;0.0714;0.2143;0.0071;0.0872;0.8199;1;4;0.0254;0.2384;0.7486;Qwen3-1.7B
ID_9194357390613404;0.0754;0.1929;0.0000;0.1000;0.2000;0.0000;0.0500;0.2000;0.0050;0.1250;0.8032;1;4;0.0420;0.3125;0.7759;Qwen3-1.7B
ID_9274887847308980;0.3077;0.3265;0.0000;0.4000;0.2500;0.0000;0.2857;0.3571;0.0804;0.2250;0.7653;4;6;0.1028;0.3000;0.6092;Qwen3-1.7B
ID_9342074717900720;0.0186;0.0970;0.0000;0.0000;0.1500;0.0000;0.0000;0.0732;0.0000;0.0847;0.7373;2;5;0.0091;0.2288;0.6573;Qwen3-1.7B
ID_9356303217059472;0.2115;0.2372;0.6000;0.3000;0.2500;0.1034;0.1034;0.1724;0.1034;0.3854;0.6603;4;7;0.1217;0.4625;0.6466;Qwen3-1.7B
ID_9395715443254344;0.0000;0.1467;0.0000;0.0000;0.2000;0.0000;0.0000;0.1111;0.0000;0.0080;0.6965;0;4;0.0147;0.1793;0.7508;Qwen3-1.7B
ID_9513562131313692;0.0716;0.0774;0.0000;0.1000;0.1000;0.0000;0.0500;0.1000;0.0056;0.7262;0.7936;1;2;0.0122;0.7381;0.7161;Qwen3-1.7B
ID_9518540102256518;0.0000;0.0000;0.0000;0.0000;0.0000;0.0000;0.0000;0.0000;0.0000;0.0080;0.6666;0;0;0.0000;0.0080;0.5797;Qwen3-1.7B
ID_9527193250756102;0.3996;0.4375;0.4000;0.3000;0.3000;0.1250;0.1875;0.3750;0.1276;0.6750;0.5123;3;7;0.1899;0.6937;0.5213;Qwen3-1.7B
ID_9703848266137282;0.0000;0.0848;0.0000;0.0000;0.2000;0.0000;0.0000;0.1212;0.0000;0.0378;0.7422;0;4;0.0195;0.1906;0.6869;Qwen3-1.7B
ID_0202840339575079;0.0000;0.0254;0.0000;0.0000;0.0500;0.0000;0.0000;0.0769;0.0000;0.0099;0.8347;0;1;0.0045;0.1386;0.8186;Qwen3-1.7B
ID_0321740024191482;0.4802;0.5173;1.0000;0.6000;0.5000;0.1613;0.1935;0.3226;0.1806;0.2766;0.6903;6;10;0.2497;0.3131;0.6981;Qwen3-1.7B
ID_0565062540207457;0.4441;0.3676;0.6000;0.3000;0.2000;0.1250;0.1250;0.1667;0.1083;0.3462;0.4751;3;4;0.1222;0.3462;0.4795;Qwen3-1.7B
ID_2050094723109880;0.6480;0.4895;0.6000;0.6000;0.4000;0.0882;0.1765;0.2353;0.1465;0.1389;0.5244;6;8;0.1760;0.2568;0.6827;Qwen3-1.7B
ID_2158196443144675;0.5050;0.4845;0.8000;0.6000;0.5500;0.0952;0.1429;0.2619;0.1228;0.4725;0.5004;6;11;0.1939;0.6333;0.5661;Qwen3-1.7B
ID_2160668047976488;0.0000;0.0000;0.0000;0.0000;0.0000;0.0000;0.0000;0.0000;0.0000;0.0026;0.7607;0;0;0.0000;0.0573;0.8044;Qwen3-1.7B
ID_3192797452693362;0.0000;0.0368;0.0000;0.0000;0.0500;0.0000;0.0000;0.0312;0.0000;0.0014;0.7781;0;1;0.0020;0.2313;0.7945;Qwen3-1.7B
ID_4629575839285869;0.0000;0.0000;0.0000;0.0000;0.0000;0.0000;0.0000;0.0000;0.0000;0.0182;0.8203;0;0;0.0000;0.0545;0.8145;Qwen3-1.7B
ID_4747666293431338;0.0734;0.0536;0.0000;0.1000;0.0500;0.0000;0.0435;0.0435;0.0062;0.0516;0.8552;1;1;0.0062;0.0635;0.8056;Qwen3-1.7B
ID_6120952417164903;0.8643;0.6347;1.0000;0.8000;0.5000;0.0877;0.1404;0.1754;0.1368;0.4993;0.6153;8;10;0.1647;0.5183;0.5990;Qwen3-1.7B
ID_6372649810646310;0.2358;0.2531;0.4000;0.3000;0.2500;0.0513;0.0769;0.1282;0.0537;0.1380;0.5486;3;5;0.0686;0.1616;0.5271;Qwen3-1.7B
ID_6723353746838236;0.1968;0.1926;0.4000;0.3000;0.2000;0.0909;0.1364;0.1818;0.0636;0.2229;0.7046;3;6;0.0788;0.2765;0.7286;Qwen3-1.7B
ID_7440413221171078;0.0000;0.0334;0.0000;0.0000;0.0500;0.0000;0.0000;0.0208;0.0000;0.0050;0.8290;0;1;0.0012;0.3317;0.7911;Qwen3-1.7B
ID_7796654028353519;0.0000;0.0000;0.0000;0.0000;0.0000;0.0000;0.0000;0.0000;0.0000;0.0025;0.8302;0;0;0.0000;0.0025;0.7968;Qwen3-1.7B
ID_8187863977340227;0.0000;0.0000;0.0000;0.0000;0.0000;0.0000;0.0000;0.0000;0.0000;0.0025;0.8519;0;0;0.0000;0.0784;0.7817;Qwen3-1.7B
ID_8664169441117482;0.2148;0.2130;0.2000;0.4000;0.3000;0.0385;0.1538;0.2308;0.0520;0.2907;0.7962;4;6;0.0839;0.3372;0.7408;Qwen3-1.7B
ID_3532765293459410;0.5581;0.4975;0.6000;0.5000;0.4000;0.0750;0.1250;0.2000;0.0866;0.4615;0.5610;5;8;0.1268;0.5455;0.6241;Qwen3-1.7B
ID_0715975668333522;0.1001;0.0788;0.4000;0.2000;0.1000;0.0741;0.0741;0.0741;0.0370;0.4977;0.7658;2;2;0.0370;0.4977;0.8231;Qwen3-1.7B
ID_2435447165044085;0.4528;0.3643;0.6000;0.4000;0.3000;0.0625;0.0833;0.1250;0.0712;0.1789;0.6619;4;6;0.0870;0.1927;0.6267;Qwen3-1.7B
ID_4916914753471904;0.3523;0.3343;0.6000;0.3000;0.2000;0.2143;0.2143;0.2857;0.1262;0.4468;0.6693;4;6;0.1500;0.4654;0.5505;Qwen3-1.7B
ID_3537062520522134;0.7760;0.6450;0.6000;0.8000;0.6500;0.0769;0.2051;0.3333;0.1571;0.2802;0.3748;8;13;0.2597;0.2996;0.2917;Qwen3-1.7B
ID_3402075097829969;0.2201;0.1943;0.2000;0.1000;0.1500;0.0333;0.0333;0.1000;0.0333;0.3333;0.6852;1;3;0.0439;0.3993;0.7154;Qwen3-1.7B
ID_3774796917452801;0.2607;0.2605;0.2000;0.1000;0.1000;0.0400;0.0400;0.0800;0.0400;0.1546;0.6859;1;3;0.0450;0.2990;0.6812;Qwen3-1.7B
ID_7057449448661416;0.1597;0.2944;0.2000;0.1000;0.2000;0.1000;0.1000;0.4000;0.0333;0.7531;0.5707;2;6;0.0802;0.8333;0.6168;Qwen3-1.7B
ID_5527724436785061;0.2757;0.2903;0.6000;0.4000;0.3000;0.1429;0.1905;0.2857;0.1053;0.5107;0.6847;7;10;0.1507;0.5214;0.6863;Qwen3-1.7B
ID_7506578377321090;0.1231;0.1766;0.2000;0.2000;0.2500;0.0385;0.0769;0.1923;0.0269;0.1791;0.6894;2;5;0.0604;0.2449;0.7081;Qwen3-1.7B
ID_2346700109498656;0.1732;0.1118;0.2000;0.2000;0.1000;0.0200;0.0400;0.0400;0.0117;0.4813;0.7263;2;2;0.0117;0.4813;0.7263;Qwen3-1.7B
ID_3172179226768630;0.2835;0.2973;0.2000;0.4000;0.3500;0.0250;0.1000;0.1750;0.0526;0.4713;0.5817;5;8;0.0890;0.4828;0.6109;Qwen3-1.7B
ID_6041333024387123;0.4703;0.3918;0.6000;0.4000;0.3000;0.0811;0.1081;0.1622;0.0811;0.3977;0.6066;5;10;0.1025;0.4602;0.5750;Qwen3-1.7B
ID_9002048584203951;0.1891;0.2024;0.2000;0.4000;0.2500;0.0769;0.3077;0.3846;0.1227;0.6622;0.5067;4;5;0.1548;0.7027;0.5909;Qwen3-1.7B
ID_0934428004504955;0.1428;0.1277;0.0000;0.2000;0.1500;0.0000;0.0488;0.0732;0.0096;0.4030;0.6958;2;3;0.0145;0.4715;0.6181;Qwen3-1.7B
ID_2662364620923506;0.2515;0.2006;0.2000;0.2000;0.1000;0.0588;0.1176;0.1176;0.0756;0.7660;0.5295;2;2;0.0756;0.8298;0.5265;Qwen3-1.7B
ID_7645303175022454;0.1841;0.1913;0.2000;0.3000;0.2500;0.0278;0.0833;0.1389;0.0255;0.7126;0.6437;3;5;0.0430;0.8110;0.6313;Qwen3-1.7B
ID_4185521570721716;0.4222;0.4083;0.4000;0.3000;0.3500;0.0800;0.1200;0.2800;0.0817;0.4534;0.7156;5;11;0.1417;0.5078;0.6799;Qwen3-1.7B
ID_0469666950995989;0.6995;0.5013;0.8000;0.6000;0.4000;0.0930;0.1395;0.1860;0.1231;0.4662;0.6038;6;8;0.1477;0.5226;0.6758;Qwen3-1.7B
ID_2929963416385218;0.4967;0.3597;0.6000;0.4000;0.2500;0.0811;0.1081;0.1351;0.0851;0.2500;0.6971;5;7;0.0926;0.4096;0.6818;Qwen3-1.7B
ID_6446047463034654;0.0869;0.1366;0.0000;0.1000;0.1500;0.0000;0.0294;0.0882;0.0042;0.1655;0.7288;2;4;0.0154;0.2352;0.7141;Qwen3-1.7B
ID_3555567955507382;0.4937;0.4262;0.6000;0.4000;0.3500;0.0938;0.1250;0.2188;0.0917;0.1449;0.7329;4;7;0.1296;0.1633;0.7273;Qwen3-1.7B
ID_0925726638062356;0.3985;0.2572;0.8000;0.4000;0.2000;0.0930;0.0930;0.0930;0.0748;0.4058;0.6364;4;4;0.0748;0.4068;0.6319;Qwen3-1.7B
ID_8293766070107110;0.2201;0.1420;0.2000;0.1000;0.0500;0.0238;0.0238;0.0238;0.0238;0.2339;0.4782;1;1;0.0238;0.3119;0.3765;Qwen3-1.7B
ID_2538869394815421;0.4757;0.4051;0.6000;0.4000;0.2000;0.2000;0.2667;0.2667;0.2056;0.2410;0.7104;4;4;0.2056;0.2482;0.5674;Qwen3-1.7B
ID_7426592963217111;0.1676;0.1540;0.2000;0.2000;0.2000;0.0370;0.0741;0.1481;0.0180;0.0959;0.6303;3;5;0.0359;0.1130;0.6491;Qwen3-1.7B
ID_2957078821185186;0.2201;0.1420;0.2000;0.1000;0.0500;0.0417;0.0417;0.0417;0.0417;0.1504;0.4821;1;1;0.0417;0.1504;0.4494;Qwen3-1.7B
ID_5183458350445779;0.4126;0.3383;0.4000;0.3000;0.2000;0.0690;0.1034;0.1379;0.0722;0.1705;0.7523;4;5;0.0848;0.1818;0.5835;Qwen3-1.7B
ID_7216933992248038;0.7126;0.5719;1.0000;0.6000;0.4500;0.1250;0.1500;0.2250;0.1400;0.3499;0.7231;6;9;0.1858;0.3580;0.6592;Qwen3-1.7B
ID_7495729402863374;0.5104;0.3294;0.6000;0.5000;0.2500;0.0750;0.1250;0.1250;0.0886;0.2240;0.7467;5;5;0.0886;0.2623;0.7296;Qwen3-1.7B
ID_9157872297410868;0.5402;0.4378;0.8000;0.5000;0.3000;0.1667;0.2083;0.2500;0.1392;0.2152;0.6424;7;8;0.1601;0.2331;0.6140;Qwen3-1.7B
ID_8807333466702951;0.1841;0.2267;0.2000;0.3000;0.3000;0.0357;0.1071;0.2143;0.0328;0.4747;0.6197;3;6;0.0772;0.5282;0.5954;Qwen3-1.7B
ID_9836776931160228;0.3548;0.5126;0.6000;0.4000;0.5500;0.1667;0.2222;0.6111;0.1259;0.1880;0.5626;4;11;0.3218;0.3077;0.4457;Qwen3-1.7B
ID_7082447037374118;0.2686;0.2389;0.2000;0.6000;0.3500;0.0278;0.1667;0.1944;0.0741;0.6286;0.6439;6;7;0.0843;0.6657;0.5141;Qwen3-1.7B
ID_9140990601961322;0.3135;0.3490;0.2000;0.3000;0.3500;0.0333;0.1000;0.2333;0.0517;0.1370;0.6871;3;7;0.1039;0.1644;0.6458;Qwen3-1.7B
ID_4068903193779093;0.2736;0.2468;0.4000;0.3000;0.2000;0.1250;0.1875;0.2500;0.0771;0.1186;0.6737;3;4;0.0979;0.1356;0.6580;Qwen3-1.7B
ID_8528934713225115;0.2246;0.2800;0.2000;0.5000;0.4500;0.0263;0.1316;0.2368;0.0610;0.4634;0.6129;5;9;0.1054;0.5229;0.6025;Qwen3-1.7B
ID_1686212165863890;0.4450;0.4293;0.6000;0.4000;0.3500;0.0938;0.1250;0.2188;0.1094;0.2646;0.5833;5;8;0.1440;0.2954;0.6328;Qwen3-1.7B
ID_2391615767440759;0.5989;0.4712;0.6000;0.5000;0.3500;0.1500;0.2500;0.3500;0.1972;0.5833;0.6219;5;7;0.2366;0.7130;0.6763;Qwen3-1.7B
ID_6201224121456969;0.3405;0.2538;0.4000;0.4000;0.2500;0.0444;0.0889;0.1111;0.0367;0.4951;0.6152;4;5;0.0433;0.6552;0.6913;Qwen3-1.7B
ID_0251394799200508;0.4151;0.3738;0.4000;0.4000;0.3500;0.0714;0.1429;0.2500;0.0952;0.2810;0.7077;4;7;0.1370;0.3388;0.6830;Qwen3-1.7B
ID_0373061112091020;0.2335;0.1854;0.2000;0.2000;0.1500;0.0256;0.0513;0.0769;0.0201;0.1706;0.6029;4;5;0.0250;0.1911;0.6054;Qwen3-1.7B
ID_8479803539567479;0.1750;0.1277;0.4000;0.3000;0.1500;0.0870;0.1304;0.1304;0.0428;0.3142;0.6613;6;6;0.0428;0.3180;0.6867;Qwen3-1.7B
ID_7729955482153416;0.0000;0.0000;0.0000;0.0000;0.0000;0.0000;0.0000;0.0000;0.0000;0.0353;0.6313;0;0;0.0000;0.0353;0.6276;Qwen3-1.7B
ID_5305326747268396;0.5142;0.3920;0.6000;0.6000;0.4000;0.0857;0.1714;0.2286;0.1090;0.5223;0.6589;6;9;0.1329;0.5773;0.6688;Qwen3-1.7B
ID_0845421586641237;0.1031;0.1039;0.0000;0.2000;0.1500;0.0000;0.0800;0.1200;0.0157;0.1220;0.6168;2;3;0.0249;0.1921;0.6341;Qwen3-1.7B
ID_1324132789176127;0.5257;0.4144;0.4000;0.5000;0.4000;0.0526;0.1316;0.2105;0.0902;0.4186;0.6819;5;8;0.1221;0.4302;0.6791;Qwen3-1.7B
ID_3790201696145434;0.5547;0.4941;0.6000;0.4000;0.3500;0.1154;0.1538;0.2692;0.1308;0.2113;0.7051;6;9;0.1768;0.2868;0.7257;Qwen3-1.7B
ID_4299344810509965;0.4838;0.3758;0.8000;0.5000;0.3500;0.1290;0.1613;0.2258;0.1414;0.1212;0.5578;5;7;0.1662;0.1293;0.5629;Qwen3-1.7B
ID_4897726772361601;0.2932;0.2509;0.4000;0.4000;0.2500;0.0625;0.1250;0.1562;0.0856;0.3777;0.5511;4;6;0.0998;0.4321;0.6304;Qwen3-1.7B
ID_5840732667923853;0.3798;0.3490;0.4000;0.2000;0.1000;0.2500;0.2500;0.2500;0.1875;0.4595;0.6540;4;4;0.1875;0.4703;0.6979;Qwen3-1.7B
ID_6216261423282706;0.6003;0.4797;0.6000;0.6000;0.4500;0.0698;0.1395;0.2093;0.1174;0.5770;0.6314;6;10;0.1548;0.6616;0.6581;Qwen3-1.7B
ID_7181616799746888;0.3081;0.2167;0.2000;0.5000;0.3000;0.0385;0.1923;0.2308;0.0806;0.4314;0.6674;5;6;0.0921;0.5054;0.6712;Qwen3-1.7B
ID_7572366766177648;0.6047;0.5279;0.6000;0.5000;0.4500;0.0667;0.1111;0.2000;0.0901;0.3693;0.6149;5;9;0.1297;0.3992;0.6298;Qwen3-1.7B
ID_8006865596138564;0.2485;0.3097;0.2000;0.2000;0.2500;0.0385;0.0769;0.1923;0.0470;0.1856;0.6115;2;6;0.0786;0.2742;0.5418;Qwen3-1.7B
ID_8318944131166018;0.6323;0.4667;0.8000;0.6000;0.3500;0.1739;0.2609;0.3043;0.2167;0.4586;0.7037;6;7;0.2319;0.4675;0.5587;Qwen3-1.7B
ID_8730904907286096;0.5657;0.4265;0.8000;0.6000;0.3500;0.1600;0.2400;0.2800;0.1963;0.2906;0.6202;6;7;0.2178;0.2918;0.6383;Qwen3-1.7B
ID_8892459126928726;0.3715;0.2935;0.4000;0.3000;0.2500;0.0333;0.0500;0.0833;0.0289;0.1172;0.5693;3;5;0.0409;0.1255;0.6859;Qwen3-1.7B
ID_8971623116160175;0.6988;0.6245;0.8000;0.6000;0.5500;0.0784;0.1176;0.2157;0.1039;0.3611;0.6591;6;11;0.1578;0.5231;0.6200;Qwen3-1.7B
ID_8336765967978370;0.2291;0.1478;0.4000;0.3000;0.1500;0.0645;0.0968;0.0968;0.0430;0.3009;0.6442;3;3;0.0430;0.3009;0.5852;Qwen3-1.7B
ID_5680428710939826;0.6069;0.4946;0.8000;0.5000;0.4000;0.1250;0.1562;0.2500;0.1383;0.5826;0.6126;7;12;0.1801;0.6087;0.6201;Qwen3-1.7B
ID_4692364565124711;0.6033;0.4662;0.8000;0.5000;0.3500;0.1250;0.1562;0.2188;0.1228;0.3864;0.6938;6;9;0.1500;0.4091;0.6874;Qwen3-1.7B
ID_1717412318563908;0.2869;0.3426;0.4000;0.2000;0.2500;0.0588;0.0588;0.1471;0.0441;0.2961;0.6235;3;6;0.0679;0.3112;0.6365;Qwen3-1.7B
ID_7254844415865063;0.3718;0.2943;0.4000;0.4000;0.3000;0.0625;0.1250;0.1875;0.0594;0.3795;0.5711;4;6;0.0868;0.4308;0.5207;Qwen3-1.7B
ID_7797886762703247;0.2606;0.2950;0.4000;0.3000;0.2500;0.0741;0.1111;0.1852;0.0802;0.3006;0.7033;5;9;0.1017;0.3129;0.6544;Qwen3-1.7B
ID_2835093153489923;0.2441;0.2230;0.4000;0.2000;0.1500;0.0909;0.0909;0.1364;0.0455;0.2823;0.6487;3;4;0.0579;0.3115;0.6112;Qwen3-1.7B
ID_0426611082211389;0.4153;0.2821;0.6000;0.3000;0.2000;0.0909;0.0909;0.1212;0.0687;0.0648;0.6579;3;4;0.0751;0.0831;0.6360;Qwen3-1.7B
ID_9071551767043294;0.5839;0.4836;0.6000;0.7000;0.5500;0.0732;0.1707;0.2683;0.1161;0.1386;0.7034;7;11;0.1844;0.2772;0.6956;Qwen3-1.7B
ID_3412816427200150;0.2817;0.2565;0.2000;0.3000;0.2500;0.0217;0.0652;0.1087;0.0252;0.1563;0.6923;3;5;0.0402;0.1647;0.6877;Qwen3-1.7B
ID_1510655084439926;0.5163;0.4188;0.4000;0.3000;0.2000;0.1000;0.1500;0.2000;0.1083;0.3854;0.6581;6;7;0.1250;0.4140;0.6752;Qwen3-1.7B
ID_2918420759847932;0.1057;0.1335;0.0000;0.2000;0.2000;0.0000;0.0952;0.1905;0.0175;0.2063;0.5983;2;4;0.0405;0.4127;0.6321;Qwen3-1.7B
ID_2941335797138677;0.3711;0.3350;0.4000;0.2000;0.1000;0.1538;0.1538;0.1538;0.1538;0.0948;0.6677;3;4;0.1538;0.1309;0.6840;Qwen3-1.7B
ID_3107924103069456;0.1677;0.2306;0.2000;0.2000;0.3000;0.0222;0.0444;0.1333;0.0286;0.0903;0.6994;2;6;0.0541;0.2095;0.6611;Qwen3-1.7B
ID_3828820650816481;0.2579;0.2823;0.4000;0.3000;0.3000;0.0800;0.1200;0.2400;0.0760;0.0514;0.6748;3;6;0.1180;0.0514;0.6658;Qwen3-1.7B
ID_5598322661148873;0.0612;0.0536;0.0000;0.1000;0.1000;0.0000;0.0312;0.0625;0.0039;0.0398;0.5065;2;3;0.0072;0.0469;0.4171;Qwen3-1.7B
ID_6491144323495041;0.6759;0.5177;0.8000;0.6000;0.5000;0.1176;0.1765;0.2941;0.1431;0.2571;0.6427;6;10;0.2081;0.2857;0.6660;Qwen3-1.7B
ID_7233767393471644;0.2982;0.2747;0.4000;0.3000;0.1500;0.1818;0.2727;0.2727;0.1008;0.0432;0.7265;4;5;0.1008;0.0504;0.6991;Qwen3-1.7B
ID_0589484713269268;0.5253;0.4102;0.4000;0.6000;0.4000;0.0667;0.2000;0.2667;0.1250;0.3954;0.6915;6;9;0.1520;0.4426;0.6559;Qwen3-1.7B
ID_2689400605282903;0.0705;0.0600;0.2000;0.1000;0.0500;0.0625;0.0625;0.0625;0.0312;0.1593;0.7032;1;1;0.0312;0.2198;0.6613;Qwen3-1.7B
ID_2815105916715425;0.3121;0.2575;0.4000;0.4000;0.3000;0.0465;0.0930;0.1395;0.0386;0.3927;0.7033;5;7;0.0608;0.4737;0.7085;Qwen3-1.7B
ID_8059432725797514;0.0695;0.0506;0.0000;0.0000;0.0000;0.0000;0.0000;0.0000;0.0000;0.0841;0.6955;5;5;0.0000;0.1059;0.6699;Qwen3-1.7B
ID_6593457386037361;0.2141;0.2541;0.4000;0.4000;0.3000;0.1000;0.2000;0.3000;0.0937;0.3015;0.5302;4;7;0.1292;0.3562;0.5656;Qwen3-1.7B
ID_2153506219894492;0.0472;0.0544;0.2000;0.1000;0.1000;0.0370;0.0370;0.0741;0.0123;0.1227;0.7418;1;3;0.0180;0.1822;0.7271;Qwen3-1.7B
ID_8472079174657098;0.0000;0.0000;0.0000;0.0000;0.0000;0.0000;0.0000;0.0000;0.0000;0.1649;0.7142;0;0;0.0000;0.2190;0.6693;Qwen3-1.7B
ID_1623651835700843;0.5075;0.4327;0.2000;0.5000;0.4000;0.0200;0.1000;0.1600;0.0563;0.3831;0.6177;5;8;0.0831;0.3997;0.6151;Qwen3-1.7B
ID_5373038582397407;0.6589;0.4926;0.8000;0.6000;0.3000;0.1739;0.2609;0.2609;0.2311;0.4190;0.6449;6;6;0.2311;0.4441;0.6621;Qwen3-1.7B
ID_7275057980870698;0.2317;0.2839;0.2000;0.3000;0.3000;0.0526;0.1579;0.3158;0.0526;0.5106;0.6163;5;10;0.0970;0.5563;0.6238;Qwen3-1.7B
ID_8218059267505950;0.3430;0.3651;0.6000;0.4000;0.4000;0.0750;0.1000;0.2000;0.0793;0.3069;0.4430;4;8;0.1192;0.3822;0.6084;Qwen3-1.7B
ID_2018317447324228;0.1089;0.1381;0.2000;0.1000;0.1000;0.0500;0.0500;0.1000;0.0100;0.1049;0.7170;2;3;0.0183;0.1399;0.7465;Qwen3-1.7B
ID_0138378882454566;0.3835;0.4729;0.2000;0.3000;0.3000;0.0833;0.2500;0.5000;0.1389;0.3831;0.6416;4;7;0.2168;0.5584;0.6253;Qwen3-1.7B
ID_0247863649039393;0.3950;0.2884;0.6000;0.4000;0.2000;0.1111;0.1481;0.1481;0.1004;0.0472;0.3101;4;4;0.1004;0.0472;0.2495;Qwen3-1.7B
ID_1511271976880714;0.3301;0.3344;0.4000;0.2000;0.2000;0.0556;0.0556;0.1111;0.0463;0.4083;0.7163;2;4;0.0606;0.4083;0.6737;Qwen3-1.7B
ID_2170299963939072;0.5432;0.4247;0.6000;0.4000;0.2000;0.1500;0.2000;0.2000;0.1542;0.3184;0.6494;4;4;0.1542;0.4413;0.6823;Qwen3-1.7B
ID_3496070172209437;0.6906;0.5906;0.8000;0.6000;0.5000;0.1290;0.1935;0.3226;0.1690;0.2116;0.7001;6;11;0.2373;0.2651;0.6601;Qwen3-1.7B
ID_4038930548278283;0.0000;0.0702;0.0000;0.0000;0.1000;0.0000;0.0000;0.0500;0.0000;0.0253;0.7117;0;2;0.0046;0.1941;0.7184;Qwen3-1.7B
ID_4844986337654168;0.6660;0.5424;1.0000;0.7000;0.5000;0.1429;0.2000;0.2857;0.1923;0.2282;0.7456;7;11;0.2442;0.2976;0.6934;Qwen3-1.7B
ID_7024780289532391;0.2569;0.2972;0.2000;0.3000;0.3000;0.0476;0.1429;0.2857;0.0438;0.0992;0.5294;4;7;0.0931;0.1356;0.6362;Qwen3-1.7B
ID_7109489698613515;0.7191;0.5740;0.8000;0.7000;0.5000;0.1176;0.2059;0.2941;0.1606;0.2416;0.6096;7;10;0.2180;0.2727;0.6217;Qwen3-1.7B
ID_7151870174700608;0.5416;0.4336;0.6000;0.5000;0.2500;0.1500;0.2500;0.2500;0.1836;0.2494;0.7426;6;8;0.1836;0.2698;0.7078;Qwen3-1.7B
ID_7864739127485412;0.1444;0.1350;0.2000;0.2000;0.1000;0.0833;0.1667;0.1667;0.0556;0.1600;0.6511;3;4;0.0556;0.1700;0.6749;Qwen3-1.7B
ID_7998391975397420;0.2173;0.1775;0.2000;0.2000;0.1500;0.0227;0.0455;0.0682;0.0189;0.3035;0.7156;2;3;0.0242;0.3139;0.6869;Qwen3-1.7B
ID_8415872554112911;0.5686;0.4123;0.8000;0.5000;0.4000;0.0833;0.1042;0.1667;0.0870;0.3487;0.6074;5;8;0.1151;0.3882;0.5994;Qwen3-1.7B
ID_9978219072711522;0.5299;0.3782;0.6000;0.4000;0.2000;0.1000;0.1333;0.1333;0.1065;0.1810;0.7107;5;5;0.1065;0.2026;0.7414;Qwen3-1.7B
ID_4010781324120944;0.2585;0.2400;0.4000;0.3000;0.2500;0.0769;0.1154;0.1923;0.0394;0.0209;0.7728;4;6;0.0604;0.0757;0.7502;Qwen3-1.7B
ID_1029892667445223;0.0186;0.0389;0.0000;0.0000;0.0500;0.0000;0.0000;0.0333;0.0000;0.5855;0.7132;1;2;0.0030;0.6043;0.7183;Qwen3-1.7B
ID_1906784092048967;0.3524;0.3508;0.6000;0.3000;0.3000;0.1304;0.1304;0.2609;0.0986;0.2340;0.7080;3;6;0.1435;0.2497;0.6489;Qwen3-1.7B
ID_1468516584214940;0.0368;0.1017;0.0000;0.1000;0.1000;0.0000;0.1111;0.2222;0.0123;0.1397;0.5963;1;2;0.0235;0.1641;0.5360;Qwen3-1.7B
ID_0890857354198687;0.3271;0.2676;0.2000;0.3000;0.2500;0.0323;0.0968;0.1613;0.0568;0.1905;0.5566;3;5;0.0768;0.1905;0.5947;Qwen3-1.7B
ID_4928616387172275;0.6458;0.4994;0.8000;0.6000;0.4500;0.1143;0.1714;0.2571;0.1288;0.1132;0.6796;6;9;0.1676;0.1321;0.6689;Qwen3-1.7B
ID_1008924786363328;0.4569;0.3333;0.4000;0.4000;0.2500;0.0488;0.0976;0.1220;0.0585;0.4417;0.5448;4;5;0.0687;0.4806;0.5239;Qwen3-1.7B
ID_1049734269570870;0.3793;0.3553;0.6000;0.3000;0.2500;0.1667;0.1667;0.2778;0.1528;0.7368;0.5062;3;6;0.1833;0.7594;0.4762;Qwen3-1.7B
ID_1055919327809289;0.1903;0.2568;0.2000;0.3000;0.3000;0.0455;0.1364;0.2727;0.0720;0.6684;0.6169;3;7;0.1187;0.7296;0.6920;Qwen3-1.7B
ID_1065092574463217;0.0770;0.0985;0.2000;0.1000;0.1000;0.0400;0.0400;0.0800;0.0080;0.4595;0.6211;3;5;0.0147;0.5000;0.6218;Qwen3-1.7B
ID_2011798051420211;0.5786;0.4548;0.6000;0.6000;0.4500;0.0638;0.1277;0.1915;0.1007;0.6033;0.4614;6;9;0.1303;0.6694;0.5677;Qwen3-1.7B
ID_4842733764531027;0.2656;0.2673;0.2000;0.4000;0.3500;0.0417;0.1667;0.2917;0.0514;0.4646;0.7072;5;8;0.1020;0.5354;0.6877;Qwen3-1.7B
ID_5379986303796142;0.0000;0.0000;0.0000;0.0000;0.0000;0.0000;0.0000;0.0000;0.0000;0.0000;0.2309;0;0;0.0000;0.0000;0.2299;Qwen3-1.7B
ID_5527372479338852;0.1788;0.1961;0.2000;0.1000;0.1500;0.0417;0.0417;0.1250;0.0139;0.1004;0.2367;4;8;0.0274;0.1046;0.2646;Qwen3-1.7B
ID_5554472337681978;0.2118;0.2010;0.2000;0.3000;0.2000;0.0526;0.1579;0.2105;0.0501;0.2644;0.6209;3;4;0.0625;0.4038;0.6555;Qwen3-1.7B
ID_6055327284413923;0.2639;0.2417;0.6000;0.3000;0.2500;0.0857;0.0857;0.1429;0.0857;0.7950;0.6163;3;5;0.1029;0.9068;0.6160;Qwen3-1.7B
ID_7605544176812022;0.4009;0.4013;0.4000;0.2000;0.2000;0.1176;0.1176;0.2353;0.1176;0.4348;0.6148;3;5;0.1441;0.5217;0.5866;Qwen3-1.7B
ID_7606805059403041;0.6146;0.5197;1.0000;0.7000;0.6000;0.1163;0.1628;0.2791;0.1628;0.4353;0.6069;9;15;0.2371;0.4957;0.6038;Qwen3-1.7B
ID_8391627429679768;0.6867;0.6311;0.8000;0.6000;0.6000;0.1143;0.1714;0.3429;0.1467;0.5828;0.5040;6;12;0.2446;0.6241;0.5213;Qwen3-1.7B
ID_8948444880792780;0.4171;0.3065;0.6000;0.4000;0.2500;0.0909;0.1212;0.1515;0.0754;0.2520;0.5777;4;5;0.0871;0.2759;0.6017;Qwen3-1.7B
ID_3979449149442968;0.3637;0.3559;0.4000;0.3000;0.2000;0.1333;0.2000;0.2667;0.1444;0.3418;0.6632;3;4;0.1667;0.3797;0.6659;Qwen3-1.7B
ID_9450460842293932;0.4603;0.4133;0.6000;0.4000;0.3500;0.0938;0.1250;0.2188;0.0964;0.4113;0.6488;5;9;0.1376;0.4717;0.6529;Qwen3-1.7B
ID_0422319714962244;0.5728;0.3856;0.6000;0.5000;0.3000;0.0938;0.1562;0.1875;0.1159;0.5936;0.6655;5;6;0.1303;0.6195;0.7103;Qwen3-1.7B
ID_3718352314610417;0.4955;0.3198;0.6000;0.5000;0.2500;0.0732;0.1220;0.1220;0.0804;0.3959;0.5427;5;5;0.0804;0.4371;0.6310;Qwen3-1.7B
ID_4357242053529029;0.0694;0.1159;0.0000;0.1000;0.1500;0.0000;0.0435;0.1304;0.0054;0.4220;0.6801;1;4;0.0171;0.5168;0.7525;Qwen3-1.7B
ID_8647270006257055;0.5948;0.4755;1.0000;0.5000;0.3500;0.1852;0.1852;0.2593;0.1852;0.1661;0.7069;5;7;0.2210;0.1986;0.6770;Qwen3-1.7B
ID_7420544439193388;0.4830;0.3357;0.4000;0.4000;0.2000;0.0690;0.1379;0.1379;0.0842;0.1880;0.7293;5;6;0.0842;0.1966;0.6997;Qwen3-1.7B
ID_7119886675051877;0.2085;0.2965;0.2000;0.1000;0.2000;0.0833;0.0833;0.3333;0.0208;0.3132;0.6354;4;7;0.0665;0.3381;0.6456;Qwen3-1.7B
ID_6996216192141104;0.1098;0.1151;0.0000;0.2000;0.2000;0.0000;0.0909;0.1818;0.0206;0.1575;0.6858;2;4;0.0377;0.1781;0.6614;Qwen3-1.7B
ID_6327043382765149;0.0000;0.1412;0.0000;0.0000;0.1000;0.0000;0.0000;0.3333;0.0000;0.0672;0.6825;0;4;0.0283;0.3571;0.7112;Qwen3-1.7B
ID_3516498227896709;0.6378;0.4489;0.8000;0.7000;0.4000;0.1250;0.2188;0.2500;0.1807;0.1833;0.6926;7;8;0.1999;0.2056;0.7039;Qwen3-1.7B
ID_0223997495223283;0.4690;0.3390;0.6000;0.3000;0.2000;0.0789;0.0789;0.1053;0.0789;0.4545;0.6787;3;4;0.0865;0.4747;0.6431;Qwen3-1.7B
ID_0291695624884565;0.4734;0.3055;0.6000;0.4000;0.2000;0.0612;0.0816;0.0816;0.0545;0.1912;0.4813;4;4;0.0545;0.1912;0.4813;Qwen3-1.7B
ID_6198328194771800;0.2226;0.3097;0.2000;0.2000;0.3500;0.0476;0.0952;0.3333;0.0214;0.7321;0.6894;4;9;0.1030;0.7619;0.6355;Qwen3-1.7B
ID_1612969183171944;0.0438;0.1901;0.0000;0.0000;0.1500;0.0000;0.0000;0.1765;0.0000;0.2528;0.6700;2;5;0.0248;0.3057;0.5751;Qwen3-1.7B
ID_1132672107627968;0.5885;0.4820;0.8000;0.5000;0.4500;0.1290;0.1613;0.2903;0.1306;0.4454;0.7195;5;10;0.1881;0.4538;0.6757;Qwen3-1.7B
ID_2887736963561252;0.3463;0.2748;0.4000;0.3000;0.2500;0.0606;0.0909;0.1515;0.0584;0.3193;0.6433;3;5;0.0766;0.3782;0.5539;Qwen3-1.7B
ID_8590492866942091;0.1389;0.0896;0.2000;0.1000;0.0500;0.0400;0.0400;0.0400;0.0200;0.1438;0.7210;1;1;0.0200;0.1438;0.7210;Qwen3-1.7B
ID_4936589226816960;0.0798;0.2129;0.0000;0.1000;0.1500;0.0000;0.1250;0.3750;0.0156;0.3371;0.6595;1;3;0.0632;0.4663;0.6574;Qwen3-1.7B
ID_0433763336350310;0.7601;0.5289;0.8000;0.7000;0.4000;0.1379;0.2414;0.2759;0.2109;0.2855;0.6281;7;8;0.2339;0.3099;0.6453;Qwen3-1.7B
ID_2325513222088331;0.0595;0.0510;0.2000;0.1000;0.0500;0.0476;0.0476;0.0476;0.0238;0.1795;0.6111;1;2;0.0238;0.2450;0.6711;Qwen3-1.7B
ID_5571899755175457;0.0694;0.1459;0.0000;0.1000;0.2000;0.0000;0.0385;0.1538;0.0048;0.5172;0.7052;1;5;0.0291;0.6724;0.6844;Qwen3-1.7B
ID_6870958743124961;0.3399;0.3588;0.2000;0.3000;0.3500;0.0256;0.0769;0.1795;0.0452;0.1740;0.7364;4;8;0.0797;0.2818;0.7312;Qwen3-1.7B
ID_4719266902582313;0.3149;0.3199;0.4000;0.2000;0.1500;0.1053;0.1053;0.1579;0.0789;0.2618;0.4889;2;5;0.0921;0.2661;0.6302;Qwen3-1.7B
ID_3256932358053453;0.4894;0.4654;0.8000;0.4000;0.2500;0.3333;0.3333;0.4167;0.3333;0.4318;0.6747;4;6;0.3712;0.4744;0.6548;Qwen3-1.7B
ID_8488895049659124;0.4684;0.4213;0.6000;0.3000;0.2000;0.1500;0.1500;0.2000;0.1300;0.3659;0.7066;3;4;0.1467;0.3841;0.6587;Qwen3-1.7B
ID_7967486980814458;0.6124;0.4247;1.0000;0.7000;0.4500;0.1042;0.1458;0.1875;0.1396;0.3154;0.6664;7;9;0.1611;0.3221;0.6474;Qwen3-1.7B
ID_1422895308009825;0.5057;0.3780;0.6000;0.5000;0.3500;0.0698;0.1163;0.1628;0.0760;0.2412;0.7516;5;7;0.0957;0.3521;0.6569;Qwen3-1.7B
ID_5349557509612483;0.1946;0.3086;0.2000;0.2000;0.2500;0.0357;0.0714;0.1786;0.0298;0.0469;0.5030;2;5;0.0624;0.0802;0.5947;Qwen3-1.7B
ID_2935371042756080;0.5151;0.4737;0.6000;0.5000;0.4500;0.0750;0.1250;0.2250;0.0872;0.4608;0.6157;5;9;0.1356;0.5017;0.6213;Qwen3-1.7B
ID_9973065319516772;0.0198;0.0128;0.0000;0.0000;0.0000;0.0000;0.0000;0.0000;0.0000;0.2385;0.7164;1;1;0.0000;0.4154;0.7196;Qwen3-1.7B
ID_1694260923221276;0.1370;0.0884;0.0000;0.2000;0.1000;0.0000;0.0606;0.0606;0.0104;0.1727;0.5780;2;2;0.0104;0.1807;0.5688;Qwen3-1.7B
ID_5366157471959981;0.2423;0.2465;0.4000;0.5000;0.3500;0.0625;0.1562;0.2188;0.1071;0.4405;0.6099;5;8;0.1343;0.5310;0.6194;Qwen3-1.7B
ID_8886217002903392;0.3287;0.2518;0.4000;0.4000;0.2500;0.0645;0.1290;0.1613;0.0765;0.2644;0.1625;4;5;0.0912;0.2874;0.2109;Qwen3-1.7B
ID_9273702863744424;0.0694;0.1208;0.0000;0.1000;0.1500;0.0000;0.0263;0.0789;0.0033;0.1111;0.7153;1;3;0.0137;0.2076;0.7106;Qwen3-1.7B
ID_0345959348124698;0.0273;0.0698;0.0000;0.1000;0.1000;0.0000;0.0455;0.0909;0.0045;0.1410;0.6707;1;2;0.0128;0.4620;0.6542;Qwen3-1.7B
ID_7363908432737523;0.1692;0.1771;0.0000;0.2000;0.1500;0.0000;0.1538;0.2308;0.0302;0.4566;0.6149;2;3;0.0446;0.5723;0.6189;Qwen3-1.7B
ID_4408599021040004;0.6182;0.4513;0.8000;0.6000;0.3000;0.1600;0.2400;0.2400;0.1920;0.4669;0.5353;6;6;0.1920;0.4896;0.6563;Qwen3-1.7B
ID_0639583185408398;0.3590;0.2317;0.4000;0.2000;0.1000;0.0606;0.0606;0.0606;0.0606;0.3906;0.3409;2;2;0.0606;0.3906;0.3409;Qwen3-1.7B
ID_5420932551635217;0.3731;0.3526;0.6000;0.4000;0.3500;0.0909;0.1212;0.2121;0.0758;0.4052;0.3834;4;7;0.1105;0.5163;0.3656;Qwen3-1.7B
ID_5547874183666459;0.1428;0.2039;0.0000;0.2000;0.2500;0.0000;0.0909;0.2273;0.0179;0.0356;0.7196;2;5;0.0464;0.2383;0.6900;Qwen3-1.7B
ID_2014918752636286;0.2344;0.1513;0.2000;0.3000;0.1500;0.0417;0.1250;0.1250;0.0362;0.0895;0.5290;3;3;0.0362;0.0895;0.5390;Qwen3-1.7B
ID_4568109140874315;0.5329;0.4434;0.6000;0.6000;0.5000;0.0638;0.1277;0.2128;0.0757;0.3405;0.4359;6;10;0.1204;0.3490;0.5167;Qwen3-1.7B
ID_8298199857246323;0.5413;0.5315;0.8000;0.6000;0.4500;0.2000;0.3000;0.4500;0.2358;0.2653;0.5501;6;10;0.3310;0.2721;0.6623;Qwen3-1.7B
ID_0970789513843822;0.4888;0.4222;0.4000;0.4000;0.3500;0.0556;0.1111;0.1944;0.0759;0.6063;0.6196;4;7;0.1087;0.6406;0.5589;Qwen3-1.7B
ID_3059638279617376;0.4517;0.3760;0.4000;0.3000;0.2000;0.1053;0.1579;0.2105;0.1053;0.5728;0.6581;3;4;0.1244;0.6214;0.5848;Qwen3-1.7B
ID_5317385915649516;0.6399;0.4854;0.8000;0.6000;0.4000;0.0769;0.1154;0.1538;0.0841;0.3812;0.6063;6;8;0.1043;0.4183;0.6143;Qwen3-1.7B
ID_6410871756552953;0.0783;0.1818;0.0000;0.1000;0.2000;0.0000;0.0625;0.2500;0.0078;0.4625;0.6412;2;8;0.0527;0.5762;0.5993;Qwen3-1.7B
ID_7943088143954973;0.1584;0.1456;0.0000;0.1000;0.0500;0.0000;0.0833;0.0833;0.0104;0.3029;0.6252;3;4;0.0104;0.3485;0.6441;Qwen3-1.7B
ID_9032973705204320;0.1478;0.1383;0.0000;0.2000;0.1500;0.0000;0.0870;0.1304;0.0181;0.2258;0.6930;2;4;0.0268;0.3172;0.6606;Qwen3-1.7B
ID_5588269274851789;0.2789;0.2444;0.4000;0.3000;0.2000;0.0741;0.1111;0.1481;0.0399;0.4779;0.6859;5;7;0.0505;0.7771;0.6613;Qwen3-1.7B
ID_9217526978424330;0.0761;0.0849;0.0000;0.1000;0.1000;0.0000;0.0588;0.1176;0.0084;0.0860;0.6582;1;2;0.0175;0.1274;0.6767;Qwen3-1.7B
ID_3794477872946546;0.2900;0.2546;0.6000;0.3000;0.2500;0.1154;0.1154;0.1923;0.0551;0.3546;0.6672;3;5;0.0749;0.4140;0.5551;Qwen3-1.7B
ID_2768799008412205;0.0784;0.1602;0.0000;0.1000;0.2000;0.0000;0.0303;0.1212;0.0051;0.1039;0.6584;1;5;0.0215;0.2987;0.6352;Qwen3-1.7B
ID_8219997657167540;0.6995;0.5239;0.8000;0.6000;0.4000;0.1143;0.1714;0.2286;0.1512;0.7394;0.4781;6;8;0.1814;0.8511;0.5163;Qwen3-1.7B
ID_7836545332605210;0.6001;0.5063;0.8000;0.6000;0.3500;0.1667;0.2500;0.2917;0.2184;0.7599;0.5372;6;7;0.2427;0.7716;0.6103;Qwen3-1.7B
ID_8835491732653277;0.0000;0.0000;0.0000;0.0000;0.0000;0.0000;0.0000;0.0000;0.0000;0.0480;0.7748;0;0;0.0000;0.0601;0.7314;Qwen3-1.7B
ID_6207084434110255;0.1436;0.1290;0.2000;0.2000;0.1500;0.0400;0.0800;0.1200;0.0267;0.1147;0.5662;2;4;0.0327;0.1697;0.5641;Qwen3-1.7B
ID_8209219651894646;0.0716;0.0703;0.0000;0.1000;0.0500;0.0000;0.1000;0.1000;0.0111;0.5429;0.7094;1;1;0.0111;0.5619;0.6885;Qwen3-1.7B
ID_3641356939660511;0.1543;0.1936;0.4000;0.2000;0.2000;0.0800;0.0800;0.1600;0.0400;0.4139;0.6844;2;4;0.0559;0.5364;0.6796;Qwen3-1.7B
ID_3355141192938134;0.6274;0.5252;0.8000;0.5000;0.3000;0.1905;0.2381;0.2857;0.2143;0.7578;0.6383;5;6;0.2363;0.8125;0.6764;Qwen3-1.7B
ID_9264997837722900;0.4109;0.2790;0.4000;0.3000;0.2000;0.0465;0.0698;0.0930;0.0426;0.8613;0.6061;5;6;0.0473;0.8830;0.6365;Qwen3-1.7B
ID_5618495903090773;0.2201;0.1722;0.2000;0.1000;0.1500;0.0244;0.0244;0.0732;0.0244;0.3913;0.6522;1;3;0.0322;0.4000;0.6616;Qwen3-1.7B
ID_0916805360400109;0.2636;0.3020;0.4000;0.3000;0.2500;0.1250;0.1875;0.3125;0.1484;0.3329;0.7166;3;5;0.1907;0.4109;0.6805;Qwen3-1.7B
ID_9497366266156796;0.3301;0.2178;0.4000;0.2000;0.1000;0.0741;0.0741;0.0741;0.0617;0.0938;0.7476;2;3;0.0617;0.1366;0.7331;Qwen3-1.7B
ID_6999749984515755;0.5645;0.5328;0.6000;0.5000;0.4000;0.0682;0.1136;0.1818;0.0805;0.2505;0.4718;5;8;0.1120;0.3159;0.5064;Qwen3-1.7B
ID_2554509868510718;0.3882;0.3614;0.4000;0.3000;0.3000;0.0465;0.0698;0.1395;0.0449;0.3642;0.7153;3;6;0.0703;0.4081;0.7502;Qwen3-1.7B
ID_2377601975207604;0.2817;0.2397;0.2000;0.3000;0.2500;0.0385;0.1154;0.1923;0.0446;0.4457;0.6436;3;5;0.0663;0.5543;0.6406;Qwen3-1.7B
ID_7331062615542814;0.5107;0.5486;0.4000;0.4000;0.4000;0.0741;0.1481;0.2963;0.1138;0.3755;0.7008;4;9;0.1723;0.3859;0.7039;Qwen3-1.7B
ID_0384816069731675;0.3369;0.3344;0.4000;0.4000;0.4000;0.0625;0.1250;0.2500;0.0781;0.2644;0.6515;4;8;0.1249;0.3029;0.6725;Qwen3-1.7B
ID_7860759306517929;0.3052;0.3029;0.4000;0.2000;0.3000;0.0513;0.0513;0.1538;0.0359;0.4189;0.6403;2;6;0.0648;0.4617;0.6722;Qwen3-1.7B
ID_5268607684223281;0.1799;0.2091;0.4000;0.2000;0.2500;0.0556;0.0556;0.1389;0.0181;0.2822;0.6483;2;5;0.0397;0.3813;0.6059;Qwen3-1.7B
ID_9523087479617594;0.2698;0.2698;0.2000;0.2000;0.1000;0.1111;0.2222;0.2222;0.0833;0.5000;0.5751;2;2;0.0833;0.5000;0.5482;Qwen3-1.7B
ID_4568229398778798;0.6362;0.4606;0.6000;0.6000;0.4000;0.0882;0.1765;0.2353;0.1391;0.4146;0.5920;7;9;0.1688;0.4780;0.5670;Qwen3-1.7B
ID_2370717228259133;0.5599;0.4355;0.6000;0.5000;0.3000;0.1364;0.2273;0.2727;0.1586;0.1644;0.6125;5;6;0.1746;0.1808;0.5423;Qwen3-1.7B
ID_5500701970351238;0.3597;0.2966;0.4000;0.4000;0.2000;0.1667;0.3333;0.3333;0.1433;0.3455;0.6998;4;4;0.1433;0.3770;0.7141;Qwen3-1.7B
ID_0293321489114247;0.0285;0.0465;0.0000;0.0000;0.0500;0.0000;0.0000;0.0588;0.0000;0.4135;0.5777;1;2;0.0029;0.4887;0.6016;Qwen3-1.7B
ID_4996734160632011;0.4035;0.2946;0.4000;0.3000;0.1500;0.0870;0.1304;0.1304;0.0911;0.5265;0.6031;3;3;0.0911;0.5639;0.5196;Qwen3-1.7B
ID_4394162331037750;0.2334;0.1963;0.4000;0.3000;0.1500;0.1053;0.1579;0.1579;0.0583;0.7462;0.6798;3;4;0.0583;0.8577;0.6744;Qwen3-1.7B
ID_3658669547742426;0.7431;0.5679;1.0000;0.7000;0.5000;0.1282;0.1795;0.2564;0.1726;0.2486;0.6616;7;10;0.2233;0.2578;0.6911;Qwen3-1.7B
ID_9002682113889454;0.2437;0.2524;0.6000;0.4000;0.3500;0.0811;0.1081;0.1892;0.0991;0.2727;0.6767;5;8;0.1277;0.2837;0.6880;Qwen3-1.7B
ID_1324552190537148;0.0140;0.0962;0.0000;0.0000;0.1000;0.0000;0.0000;0.1053;0.0000;0.0336;0.6520;1;3;0.0114;0.0821;0.7033;Qwen3-1.7B
ID_6188875235262429;0.3510;0.2920;0.4000;0.2000;0.1000;0.1333;0.1333;0.1333;0.1000;0.5285;0.4883;3;3;0.1000;0.5285;0.4883;Qwen3-1.7B
ID_2745679186354681;0.6431;0.6630;0.8000;0.6000;0.6500;0.0870;0.1304;0.2826;0.0966;0.2125;0.6626;6;13;0.1945;0.2904;0.6723;Qwen3-1.7B
ID_0762445046640965;0.1413;0.1285;0.2000;0.3000;0.2000;0.0244;0.0732;0.0976;0.0204;0.2999;0.6108;3;4;0.0279;0.4135;0.6817;Qwen3-1.7B
ID_5873636553295704;0.4579;0.3924;0.6000;0.5000;0.4000;0.1111;0.1852;0.2963;0.1368;0.1520;0.5397;5;8;0.1886;0.1976;0.6412;Qwen3-1.7B
ID_6465314260773099;0.4136;0.3273;0.6000;0.5000;0.3000;0.0968;0.1613;0.1935;0.1210;0.2228;0.7289;5;6;0.1339;0.2525;0.6102;Qwen3-1.7B
ID_8892860312621183;0.2992;0.2327;0.2000;0.4000;0.2500;0.0294;0.1176;0.1471;0.0398;0.3423;0.3749;4;5;0.0532;0.3694;0.3499;Qwen3-1.7B
ID_4626372929936792;0.1047;0.2268;0.2000;0.2000;0.2000;0.1000;0.2000;0.4000;0.0619;0.6429;0.6712;2;7;0.1199;0.6571;0.6272;Qwen3-1.7B
ID_9325751411452030;0.6234;0.4420;0.6000;0.6000;0.3500;0.0638;0.1277;0.1489;0.1007;0.4586;0.5818;6;8;0.1094;0.5521;0.6455;Qwen3-1.7B
ID_4470985193764980;0.5002;0.4167;0.6000;0.6000;0.4500;0.0667;0.1333;0.2000;0.0998;0.6128;0.6365;6;9;0.1361;0.6596;0.6555;Qwen3-1.7B
ID_6377288674588197;0.5110;0.4153;0.8000;0.7000;0.6000;0.0690;0.1207;0.2069;0.1069;0.4071;0.6691;7;12;0.1671;0.5064;0.6510;Qwen3-1.7B
ID_7615891473051775;0.3446;0.2224;0.4000;0.4000;0.2000;0.0513;0.1026;0.1026;0.0402;0.2786;0.6802;5;5;0.0402;0.3582;0.6743;Qwen3-1.7B
ID_8238856071147246;0.0000;0.0672;0.0000;0.0000;0.0500;0.0000;0.0000;0.1429;0.0000;0.1216;0.6991;0;1;0.0089;0.1622;0.6766;Qwen3-1.7B
ID_9404945858555096;0.5974;0.5907;0.8000;0.6000;0.3500;0.3077;0.4615;0.5385;0.3865;0.5252;0.6262;6;8;0.4280;0.5420;0.5308;Qwen3-1.7B
ID_1670622312616696;0.0833;0.1116;0.4000;0.2000;0.1500;0.1053;0.1053;0.1579;0.0342;0.2391;0.6643;2;3;0.0425;0.3043;0.6425;Qwen3-1.7B
ID_4581537476491370;0.1108;0.1466;0.2000;0.2000;0.2000;0.0417;0.0833;0.1667;0.0222;0.2025;0.6477;2;4;0.0447;0.4259;0.6093;Qwen3-1.7B
ID_8231471391500358;0.4325;0.4495;0.6000;0.5000;0.5500;0.0667;0.1111;0.2444;0.0846;0.2091;0.6817;5;11;0.1581;0.2273;0.6488;Qwen3-1.7B
ID_8582867831317500;0.3301;0.2486;0.4000;0.2000;0.1500;0.0488;0.0488;0.0732;0.0407;0.1402;0.6077;2;3;0.0455;0.1797;0.6605;Qwen3-1.7B
ID_2762761928704612;0.1389;0.1066;0.2000;0.1000;0.1000;0.0192;0.0192;0.0385;0.0096;0.1680;0.6481;1;2;0.0131;0.1739;0.6349;Qwen3-1.7B
ID_3794241680729178;0.2020;0.2108;0.2000;0.2000;0.2000;0.0400;0.0800;0.1600;0.0267;0.1106;0.6958;3;6;0.0446;0.1797;0.7233;Qwen3-1.7B
ID_5472512244993546;0.2298;0.1809;0.0000;0.3000;0.1500;0.0000;0.0882;0.0882;0.0221;0.0242;0.4983;4;4;0.0221;0.0282;0.4407;Qwen3-1.7B
ID_1325247019367288;0.0963;0.0780;0.2000;0.1000;0.0500;0.0476;0.0476;0.0476;0.0095;0.2328;0.5164;2;2;0.0095;0.2471;0.4632;Qwen3-1.7B
ID_0447165000513961;0.2511;0.3288;0.4000;0.4000;0.4500;0.0690;0.1379;0.3103;0.0772;0.5840;0.7011;4;9;0.1627;0.5920;0.6482;Qwen3-1.7B
ID_5168806776816009;0.3945;0.2921;0.2000;0.4000;0.2500;0.0233;0.0930;0.1163;0.0501;0.1662;0.6638;4;6;0.0562;0.1903;0.7094;Qwen3-1.7B
ID_1930698807457777;0.3652;0.3463;0.4000;0.4000;0.2000;0.1667;0.3333;0.3333;0.1583;0.1154;0.6823;7;10;0.1583;0.1923;0.6900;Qwen3-1.7B
ID_9479420856670926;0.4332;0.4256;0.2000;0.1000;0.1000;0.1111;0.1111;0.2222;0.1111;0.1437;0.5911;2;3;0.1313;0.1965;0.5823;Qwen3-1.7B
ID_3386857761295187;0.3044;0.2587;0.4000;0.3000;0.1500;0.1111;0.1667;0.1667;0.1093;0.4854;0.6038;4;5;0.1093;0.5479;0.6134;Qwen3-1.7B
ID_5582765254731004;0.2201;0.2242;0.2000;0.1000;0.2000;0.0222;0.0222;0.0889;0.0222;0.2085;0.6939;1;4;0.0342;0.3664;0.7136;Qwen3-1.7B
ID_9529870514669368;0.3487;0.3582;0.6000;0.3000;0.2500;0.1667;0.1667;0.2778;0.0796;0.3077;0.6883;5;8;0.1090;0.3962;0.6518;Qwen3-1.7B
ID_3319303431365448;0.5839;0.4846;0.8000;0.5000;0.4000;0.1081;0.1351;0.2162;0.1196;0.3571;0.6945;5;8;0.1582;0.4286;0.6582;Qwen3-1.7B
ID_7552747227876113;0.4214;0.3990;0.6000;0.3000;0.2500;0.1200;0.1200;0.2000;0.1200;0.4188;0.7000;3;5;0.1389;0.5513;0.7313;Qwen3-1.7B
ID_9430398566741698;0.2337;0.1536;0.4000;0.2000;0.1000;0.0667;0.0667;0.0667;0.0333;0.1035;0.4255;2;2;0.0333;0.1035;0.4255;Qwen3-1.7B
ID_6682919653508224;0.2711;0.2519;0.4000;0.3000;0.2500;0.0833;0.1250;0.2083;0.0486;0.7517;0.4302;3;5;0.0798;0.7655;0.3176;Qwen3-1.7B
ID_8886634592087842;0.4810;0.3459;0.4000;0.4000;0.2500;0.0769;0.1538;0.1923;0.0977;0.4222;0.6745;5;6;0.1105;0.4491;0.7075;Qwen3-1.7B
ID_2364470149264554;0.1304;0.1626;0.2000;0.1000;0.2000;0.0357;0.0357;0.1429;0.0119;0.5038;0.6169;1;4;0.0287;0.6079;0.4904;Qwen3-1.7B
ID_4762940910820774;0.1449;0.1566;0.2000;0.3000;0.2500;0.0333;0.1000;0.1667;0.0317;0.7577;0.6302;3;5;0.0567;0.8144;0.6689;Qwen3-1.7B
ID_1050709055776428;0.6335;0.4234;0.6000;0.6000;0.3500;0.0938;0.1875;0.2188;0.1499;0.3984;0.6807;6;7;0.1628;0.4105;0.7038;Qwen3-1.7B
ID_6472062816736936;0.4537;0.3252;0.6000;0.3000;0.2000;0.0612;0.0612;0.0816;0.0561;0.7883;0.5618;3;4;0.0602;0.7908;0.6441;Qwen3-1.7B
ID_6418711808050575;0.4233;0.3682;0.4000;0.3000;0.2000;0.0833;0.1250;0.1667;0.0873;0.3022;0.6620;4;6;0.0977;0.4532;0.6804;Qwen3-1.7B
ID_7541486051032916;0.1144;0.1842;0.0000;0.1000;0.2500;0.0000;0.0370;0.1852;0.0046;0.7007;0.6022;3;7;0.0373;0.7448;0.5684;Qwen3-1.7B
ID_4602221579308599;0.3301;0.3233;0.4000;0.2000;0.2500;0.0690;0.0690;0.1724;0.0575;0.0718;0.6428;2;5;0.0874;0.2265;0.7204;Qwen3-1.7B
ID_5936682335701497;0.4038;0.3965;0.4000;0.3000;0.2500;0.1053;0.1579;0.2632;0.1053;0.1932;0.6557;4;6;0.1348;0.2273;0.6823;Qwen3-1.7B
ID_7279612728721005;0.3350;0.4068;0.4000;0.3000;0.3500;0.1053;0.1579;0.3684;0.0934;0.5752;0.5569;3;7;0.1699;0.6991;0.5972;Qwen3-1.7B
ID_0204571709680830;0.2537;0.1637;0.2000;0.2000;0.1000;0.0303;0.0606;0.0606;0.0404;0.2335;0.6898;2;2;0.0404;0.2621;0.6806;Qwen3-1.7B
ID_8423282472108016;0.4230;0.3481;0.6000;0.5000;0.3500;0.0882;0.1471;0.2059;0.0716;0.1740;0.6759;5;7;0.1013;0.2105;0.6423;Qwen3-1.7B
ID_7698857382467031;0.3310;0.3322;0.2000;0.2000;0.1500;0.0769;0.1538;0.2308;0.0923;0.1333;0.6512;6;8;0.1115;0.1644;0.6728;Qwen3-1.7B
ID_8819255631696337;0.6605;0.5258;0.8000;0.6000;0.3000;0.1905;0.2857;0.2857;0.2488;0.2207;0.6912;6;7;0.2488;0.3379;0.6645;Qwen3-1.7B
ID_7999725101052805;0.3268;0.3739;0.6000;0.3000;0.3000;0.1200;0.1200;0.2400;0.1200;0.4071;0.6764;3;8;0.1578;0.4956;0.7001;Qwen3-1.7B
ID_7754712826522774;0.1356;0.3269;0.0000;0.2000;0.3000;0.0000;0.1333;0.4000;0.0244;0.3976;0.6082;3;8;0.1035;0.4578;0.5222;Qwen3-1.7B
ID_7316338454902623;0.2292;0.3441;0.2000;0.1000;0.2500;0.0625;0.0625;0.3125;0.0625;0.0921;0.6379;2;6;0.1149;0.1757;0.7020;Qwen3-1.7B
ID_2543067198319684;0.6614;0.4581;0.8000;0.6000;0.3000;0.1818;0.2727;0.2727;0.2587;0.3865;0.6309;6;7;0.2587;0.4190;0.6252;Qwen3-1.7B
ID_7532334620264577;0.3077;0.2756;0.6000;0.4000;0.3000;0.1071;0.1429;0.2143;0.0690;0.2725;0.7334;5;7;0.0961;0.2784;0.6985;Qwen3-1.7B
ID_2248201275641475;0.1283;0.1385;0.4000;0.3000;0.2000;0.0606;0.0909;0.1212;0.0354;0.0941;0.6828;4;5;0.0464;0.1373;0.7254;Qwen3-1.7B
ID_6601047915062407;0.5732;0.4526;0.8000;0.5000;0.3000;0.1905;0.2381;0.2857;0.2143;0.2661;0.6496;5;7;0.2321;0.2984;0.6558;Qwen3-1.7B
ID_6310868104861653;0.4778;0.3748;0.4000;0.4000;0.2500;0.0556;0.1111;0.1389;0.0813;0.1933;0.7480;5;7;0.0891;0.2230;0.7178;Qwen3-1.7B
ID_6555511233950866;0.1441;0.1998;0.0000;0.2000;0.2000;0.0000;0.1250;0.2500;0.0260;0.2794;0.6101;3;5;0.0571;0.3015;0.6299;Qwen3-1.7B
ID_1357061371579771;0.2017;0.2200;0.4000;0.3000;0.3000;0.0625;0.0938;0.1875;0.0346;0.0807;0.5913;3;6;0.0605;0.2008;0.6498;Qwen3-1.7B
ID_8800482045346370;0.7496;0.6359;1.0000;0.8000;0.4500;0.2778;0.4444;0.5000;0.4313;0.2727;0.6264;8;9;0.4576;0.2727;0.5798;Qwen3-1.7B
ID_2694197910478313;0.0000;0.0048;0.0000;0.0000;0.0000;0.0000;0.0000;0.0000;0.0000;0.0068;0.5094;0;1;0.0000;0.1216;0.6657;Qwen3-1.7B
ID_5428410587250830;0.4441;0.3304;0.6000;0.3000;0.2000;0.1500;0.1500;0.2000;0.1300;0.0896;0.6105;3;5;0.1405;0.1343;0.6204;Qwen3-1.7B
ID_5839835671483987;0.2082;0.2039;0.2000;0.2000;0.1500;0.0500;0.1000;0.1500;0.0310;0.3422;0.6486;4;5;0.0388;0.3840;0.6431;Qwen3-1.7B
ID_5911570002355863;0.1389;0.1292;0.2000;0.1000;0.1000;0.0233;0.0233;0.0465;0.0116;0.4010;0.6022;1;2;0.0159;0.4010;0.5133;Qwen3-1.7B
ID_6535298436643783;0.0754;0.0589;0.0000;0.1000;0.0500;0.0000;0.0385;0.0385;0.0038;0.2038;0.6945;1;1;0.0038;0.2269;0.6232;Qwen3-1.7B
ID_0228970585981305;0.1146;0.1434;0.2000;0.1000;0.1500;0.0500;0.0500;0.1500;0.0125;0.5380;0.5369;2;6;0.0285;0.5924;0.5330;Qwen3-1.7B
ID_6786625245467484;0.2777;0.3075;0.4000;0.3000;0.3000;0.0952;0.1429;0.2857;0.0998;0.4522;0.7263;3;6;0.1451;0.5404;0.7011;Qwen3-1.7B
ID_0577007377836185;0.7163;0.6072;0.8000;0.8000;0.6000;0.1053;0.2105;0.3158;0.1624;0.4468;0.7377;8;12;0.2397;0.5319;0.6985;Qwen3-1.7B
ID_0668341723493631;0.0000;0.0771;0.0000;0.0000;0.2000;0.0000;0.0000;0.0714;0.0000;0.6182;0.6875;0;4;0.0101;0.7091;0.6710;Qwen3-1.7B
ID_2280062846829854;0.4736;0.4861;0.6000;0.5000;0.5000;0.1034;0.1724;0.3448;0.0987;0.5422;0.5825;5;10;0.1924;0.6325;0.6005;Qwen3-1.7B
ID_0382135664206404;0.1971;0.1595;0.2000;0.4000;0.2500;0.0345;0.1379;0.1724;0.0470;0.5099;0.6876;6;8;0.0593;0.5297;0.6960;Qwen3-1.7B
ID_1635197498453054;0.5986;0.4917;0.6000;0.6000;0.4000;0.0938;0.1875;0.2500;0.1549;0.3269;0.7198;6;8;0.1825;0.3571;0.7048;Qwen3-1.7B
ID_2691497637313274;0.5920;0.4515;0.6000;0.6000;0.4500;0.0612;0.1224;0.1837;0.0928;0.1777;0.7309;6;9;0.1275;0.2397;0.7326;Qwen3-1.7B
ID_3192535148881095;0.4475;0.5017;0.6000;0.6000;0.4500;0.1304;0.2609;0.3913;0.1982;0.6355;0.7196;6;9;0.2764;0.7241;0.7254;Qwen3-1.7B
ID_6233411996499255;0.5085;0.3658;0.8000;0.6000;0.4000;0.0952;0.1429;0.1905;0.1248;0.7500;0.7262;6;8;0.1495;0.7603;0.6932;Qwen3-1.7B
ID_8921922898103482;0.0978;0.1080;0.0000;0.2000;0.1500;0.0000;0.0645;0.0968;0.0112;0.0757;0.6456;2;3;0.0160;0.1538;0.6561;Qwen3-1.7B
ID_8302650734477213;0.4690;0.4191;0.6000;0.3000;0.3000;0.1154;0.1154;0.2308;0.1154;0.5344;0.7118;3;7;0.1586;0.6031;0.7162;Qwen3-1.7B
ID_3306508070151070;0.1299;0.1392;0.0000;0.2000;0.2000;0.0000;0.0800;0.1600;0.0124;0.6484;0.6271;2;4;0.0306;0.6923;0.6408;Qwen3-1.7B
ID_8901320181295016;0.3590;0.2919;0.4000;0.2000;0.1500;0.0769;0.0769;0.1154;0.0769;0.3815;0.6439;2;3;0.0827;0.5838;0.6446;Qwen3-1.7B
ID_9787209999258590;0.1915;0.2260;0.4000;0.4000;0.3000;0.1053;0.2105;0.3158;0.0875;0.4717;0.6636;4;7;0.1216;0.5504;0.6912;Qwen3-1.7B
ID_6806598641626508;0.5135;0.5317;0.6000;0.5000;0.5000;0.1111;0.1852;0.3704;0.1436;0.5256;0.5597;6;12;0.2551;0.5455;0.5618;Qwen3-1.7B
ID_7690248628577122;0.6422;0.4144;0.8000;0.5000;0.2500;0.1212;0.1515;0.1515;0.1465;0.2937;0.7594;5;5;0.1465;0.3011;0.6849;Qwen3-1.7B
ID_4361220072322558;0.3261;0.2515;0.6000;0.4000;0.2500;0.0938;0.1250;0.1562;0.1146;0.3261;0.6819;5;7;0.1288;0.4463;0.7042;Qwen3-1.7B
ID_7106998317216646;0.3347;0.2502;0.4000;0.2000;0.1000;0.0870;0.0870;0.0870;0.0652;0.0521;0.6411;3;3;0.0652;0.0571;0.6065;Qwen3-1.7B
ID_4175509016219914;0.2741;0.3231;0.2000;0.4000;0.4000;0.0312;0.1250;0.2500;0.0472;0.3090;0.6050;4;10;0.1009;0.4790;0.6205;Qwen3-1.7B
ID_4210289862552350;0.3118;0.2649;0.4000;0.4000;0.3000;0.0667;0.1333;0.2000;0.0635;0.2677;0.5732;4;7;0.0868;0.4191;0.6155;Qwen3-1.7B
ID_6167112361623319;0.5200;0.4338;0.8000;0.5000;0.3500;0.1212;0.1515;0.2121;0.1265;0.3789;0.6738;5;7;0.1507;0.4632;0.6726;Qwen3-1.7B
ID_0863139085649116;0.0177;0.1039;0.0000;0.0000;0.0500;0.0000;0.0000;0.0909;0.0000;0.4676;0.4981;1;3;0.0065;0.5949;0.5191;Qwen3-1.7B
ID_0412902005436369;0.5383;0.5229;0.6000;0.4000;0.4000;0.1071;0.1429;0.2857;0.1186;0.4042;0.5850;5;9;0.1821;0.5250;0.5882;Qwen3-1.7B
ID_0564459901385144;0.1241;0.1566;0.2000;0.1000;0.1500;0.0370;0.0370;0.1111;0.0370;0.5672;0.6147;3;5;0.0488;0.6721;0.6543;Qwen3-1.7B
ID_3888832724995864;0.5373;0.4370;0.8000;0.7000;0.5000;0.1429;0.2500;0.3571;0.2173;0.5718;0.6009;7;10;0.2728;0.5917;0.6865;Qwen3-1.7B
ID_6408169127073219;0.2182;0.2967;0.2000;0.3000;0.3500;0.0400;0.1200;0.2800;0.0300;0.3547;0.6647;3;7;0.0891;0.5567;0.6828;Qwen3-1.7B
ID_2097340857065853;0.3529;0.3556;0.2000;0.4000;0.4000;0.0370;0.1481;0.2963;0.0612;0.6973;0.6307;4;9;0.1283;0.7351;0.6380;Qwen3-1.7B
ID_2559066882962466;0.4809;0.5080;0.4000;0.4000;0.2500;0.2857;0.5714;0.7143;0.2333;0.1946;0.7001;6;7;0.2780;0.2068;0.6679;Qwen3-1.7B
ID_3720190068644174;0.1364;0.1912;0.2000;0.2000;0.2500;0.0357;0.0714;0.1786;0.0173;0.4780;0.5319;3;7;0.0463;0.6102;0.5956;Qwen3-1.7B
ID_1870389730408675;0.3590;0.3850;0.4000;0.2000;0.3500;0.0606;0.0606;0.2121;0.0606;0.1683;0.5819;2;7;0.1048;0.2190;0.6521;Qwen3-1.7B
ID_2888737036015916;0.2547;0.3179;0.2000;0.1000;0.1500;0.0625;0.0625;0.1875;0.0625;0.3686;0.6969;2;5;0.0813;0.3814;0.6813;Qwen3-1.7B
ID_5633763429024541;0.5926;0.5275;0.6000;0.6000;0.5000;0.0769;0.1538;0.2564;0.1172;0.2733;0.6164;7;11;0.1779;0.4130;0.6178;Qwen3-1.7B
ID_8047078292358267;0.3245;0.2423;0.6000;0.5000;0.3000;0.0577;0.0962;0.1154;0.0524;0.0968;0.5643;5;6;0.0585;0.2658;0.6017;Qwen3-1.7B
ID_2934031372127516;0.2985;0.2862;0.2000;0.2000;0.2000;0.0385;0.0769;0.1538;0.0513;0.3000;0.6880;2;4;0.0698;0.3211;0.6636;Qwen3-1.7B
ID_0961955935523938;0.2900;0.2195;0.6000;0.3000;0.2000;0.0811;0.0811;0.1081;0.0387;0.1466;0.4082;3;4;0.0441;0.1509;0.4284;Qwen3-1.7B
ID_1747170505344631;0.8611;0.7729;0.8000;0.9000;0.7500;0.0690;0.1552;0.2586;0.1305;0.3584;0.6397;9;15;0.2199;0.4046;0.5372;Qwen3-1.7B
ID_4961539278604455;0.5802;0.4228;1.0000;0.7000;0.4500;0.1042;0.1458;0.1875;0.1344;0.4600;0.6242;7;9;0.1552;0.4833;0.6563;Qwen3-1.7B
ID_0162059400153020;0.5181;0.3344;0.4000;0.5000;0.2500;0.0426;0.1064;0.1064;0.0611;0.5000;0.6303;5;5;0.0611;0.5263;0.6120;Qwen3-1.7B
ID_3613722593784448;0.3590;0.4163;0.4000;0.2000;0.2000;0.1538;0.1538;0.3077;0.1538;0.1303;0.6897;2;4;0.1902;0.1809;0.6620;Qwen3-1.7B
ID_0094007714707651;0.4101;0.3311;0.4000;0.4000;0.3000;0.0526;0.1053;0.1579;0.0589;0.6447;0.6699;5;7;0.0745;0.6930;0.6745;Qwen3-1.7B
ID_6501120313475077;0.1098;0.1435;0.0000;0.1000;0.1500;0.0000;0.0526;0.1579;0.0088;0.2575;0.6086;2;4;0.0256;0.3450;0.6299;Qwen3-1.7B
ID_5373491670322208;0.1370;0.1049;0.0000;0.2000;0.1500;0.0000;0.0526;0.0789;0.0090;0.5303;0.5937;2;3;0.0156;0.5720;0.5266;Qwen3-1.7B
ID_4041211770858318;0.2206;0.2040;0.2000;0.3000;0.2000;0.0400;0.1200;0.1600;0.0313;0.4093;0.5267;4;6;0.0428;0.4637;0.6436;Qwen3-1.7B
ID_8696858608013659;0.6471;0.5149;0.8000;0.8000;0.5500;0.1290;0.2581;0.3548;0.2057;0.2943;0.6495;8;11;0.2799;0.3367;0.6187;Qwen3-1.7B
ID_2137955582623291;0.2376;0.1976;0.2000;0.3000;0.2000;0.0250;0.0750;0.1000;0.0228;0.3944;0.5669;3;5;0.0319;0.4472;0.6479;Qwen3-1.7B
ID_2538824540800669;0.5206;0.5501;0.6000;0.5000;0.4000;0.1579;0.2632;0.4211;0.1798;0.2843;0.3290;5;10;0.2552;0.4412;0.3293;Qwen3-1.7B
ID_7686768230673663;0.2854;0.3327;0.6000;0.3000;0.3000;0.0769;0.0769;0.1538;0.0667;0.0344;0.3242;4;8;0.0911;0.0505;0.3036;Qwen3-1.7B
ID_8884890472193474;0.6186;0.6666;0.6000;0.6000;0.4000;0.2500;0.5000;0.6667;0.3566;0.4857;0.4484;6;9;0.4469;0.5143;0.4090;Qwen3-1.7B
ID_0996374647319169;0.3507;0.3554;0.4000;0.4000;0.2500;0.1538;0.3077;0.3846;0.1256;0.4359;0.6300;7;11;0.1531;0.4573;0.5858;Qwen3-1.7B
ID_4393307698703691;0.3780;0.3051;0.2000;0.3000;0.1500;0.0526;0.1579;0.1579;0.0801;0.4133;0.6584;3;3;0.0801;0.4267;0.7054;Qwen3-1.7B
ID_4735276653354808;0.3942;0.3408;0.6000;0.5000;0.3000;0.1667;0.2778;0.3333;0.2007;0.4880;0.4644;6;7;0.2216;0.5000;0.3970;Qwen3-1.7B
ID_8858800699425352;0.6051;0.5222;0.8000;0.5000;0.3500;0.1379;0.1724;0.2414;0.1416;0.5887;0.6988;5;7;0.1714;0.6271;0.6770;Qwen3-1.7B
ID_8393091904397047;0.6325;0.4773;0.8000;0.5000;0.3000;0.2000;0.2500;0.3000;0.2317;0.8085;0.6162;5;6;0.2475;0.8191;0.5982;Qwen3-1.7B
ID_0654750186618555;0.5638;0.4891;0.6000;0.6000;0.5500;0.1071;0.2143;0.3929;0.1485;0.5751;0.5694;6;11;0.2488;0.6052;0.5609;Qwen3-1.7B
ID_7821202163306775;0.4374;0.4190;0.4000;0.3000;0.3000;0.1053;0.1579;0.3158;0.1228;0.1776;0.7057;4;7;0.1793;0.2243;0.6844;Qwen3-1.7B
ID_1966638146185479;0.6665;0.4468;1.0000;0.6000;0.3000;0.1724;0.2069;0.2069;0.1954;0.4507;0.6382;6;6;0.1954;0.4507;0.6911;Qwen3-1.7B
ID_9670001528699130;0.5743;0.4191;0.6000;0.6000;0.3500;0.1071;0.2143;0.2500;0.1771;0.3621;0.7270;7;8;0.1902;0.3690;0.7246;Qwen3-1.7B
ID_6751513272539561;0.0000;0.0751;0.0000;0.0000;0.1000;0.0000;0.0000;0.0741;0.0000;0.5802;0.6368;0;2;0.0083;0.6158;0.6905;Qwen3-1.7B
ID_2529689139869418;0.2942;0.1899;0.2000;0.4000;0.2000;0.0227;0.0909;0.0909;0.0297;0.2191;0.5896;4;4;0.0297;0.2343;0.5245;Qwen3-1.7B
ID_3413970389346369;0.1083;0.0831;0.0000;0.2000;0.1000;0.0000;0.1176;0.1176;0.0202;0.4522;0.6297;3;3;0.0202;0.5096;0.6678;Qwen3-1.7B
ID_4655532473617635;0.4107;0.2794;0.6000;0.5000;0.3000;0.1200;0.2000;0.2400;0.1144;0.2849;0.6368;5;6;0.1278;0.2907;0.6321;Qwen3-1.7B
ID_8401671962644482;0.0450;0.0674;0.0000;0.0000;0.0500;0.0000;0.0000;0.0303;0.0000;0.1958;0.7119;2;3;0.0025;0.1991;0.6120;Qwen3-1.7B
ID_0398100561592326;0.7423;0.6572;1.0000;0.7000;0.6000;0.0980;0.1373;0.2353;0.1314;0.5714;0.5912;7;12;0.1962;0.5807;0.6307;Qwen3-1.7B
ID_8333591932027056;0.1763;0.1673;0.2000;0.2000;0.2000;0.0312;0.0625;0.1250;0.0174;0.2671;0.6068;2;4;0.0321;0.4845;0.6562;Qwen3-1.7B
ID_2194175558834284;0.0636;0.1334;0.0000;0.1000;0.2000;0.0000;0.0345;0.1379;0.0034;0.1871;0.7454;1;4;0.0252;0.2632;0.7044;Qwen3-1.7B
ID_3769826743537934;0.5321;0.4298;0.6000;0.4000;0.3500;0.0857;0.1143;0.2000;0.0976;0.3000;0.6214;4;7;0.1304;0.4000;0.7192;Qwen3-1.7B
ID_3989136572460030;0.5308;0.6015;0.4000;0.5000;0.5000;0.1053;0.2632;0.5263;0.1805;0.4364;0.6217;8;14;0.3282;0.5583;0.6494;Qwen3-1.7B
ID_0883514984489904;0.0677;0.0550;0.2000;0.1000;0.0500;0.0667;0.0667;0.0667;0.0222;0.3953;0.5844;1;1;0.0222;0.4419;0.6569;Qwen3-1.7B
ID_5783141369706484;0.3467;0.3708;0.8000;0.4000;0.3000;0.1290;0.1290;0.1935;0.1290;0.2812;0.6620;4;6;0.1522;0.4629;0.6793;Qwen3-1.7B
ID_4724455372300363;0.2489;0.2184;0.4000;0.2000;0.1000;0.1111;0.1111;0.1111;0.0648;0.1829;0.7055;2;4;0.0648;0.3197;0.7283;Qwen3-1.7B
ID_4351583784137968;0.4482;0.3933;0.4000;0.2000;0.2000;0.0769;0.0769;0.1538;0.0769;0.2709;0.6382;4;6;0.0937;0.2888;0.6395;Qwen3-1.7B
ID_3595605534544460;0.7690;0.6043;0.8000;0.8000;0.5500;0.0976;0.1951;0.2683;0.1698;0.2105;0.6779;8;11;0.2203;0.3474;0.6880;Qwen3-1.7B
ID_7445996639798624;0.6958;0.5554;0.8000;0.8000;0.6000;0.1053;0.2105;0.3158;0.1766;0.4960;0.6591;8;12;0.2405;0.5141;0.6448;Qwen3-1.7B
ID_8897713171950671;0.5510;0.3879;0.6000;0.5000;0.3000;0.0909;0.1515;0.1818;0.1007;0.3088;0.5872;5;6;0.1098;0.3723;0.6612;Qwen3-1.7B
ID_3350273914280971;0.1658;0.2068;0.2000;0.1000;0.1000;0.1429;0.1429;0.2857;0.0286;0.1515;0.6358;2;5;0.0476;0.1742;0.6641;Qwen3-1.7B
ID_5994153651109853;0.1703;0.2424;0.2000;0.1000;0.2000;0.0556;0.0556;0.2222;0.0278;0.2088;0.5197;2;5;0.0573;0.2857;0.6732;Qwen3-1.7B
ID_4643189791834470;0.8553;0.6570;1.0000;0.8000;0.6000;0.1136;0.1818;0.2727;0.1712;0.1348;0.6909;8;12;0.2404;0.2360;0.6750;Qwen3-1.7B
ID_0574180390413250;0.7210;0.5142;0.8000;0.7000;0.4500;0.0769;0.1346;0.1731;0.1131;0.0484;0.6836;7;9;0.1318;0.0726;0.6304;Qwen3-1.7B
ID_9242177701163550;0.2470;0.2017;0.2000;0.3000;0.2000;0.0526;0.1579;0.2105;0.0484;0.4400;0.6907;3;4;0.0595;0.5000;0.6757;Qwen3-1.7B
ID_3429432950576137;0.2083;0.2088;0.4000;0.3000;0.2500;0.0465;0.0698;0.1163;0.0229;0.1080;0.7096;3;5;0.0386;0.1840;0.6805;Qwen3-1.7B
ID_7523068114278574;0.2498;0.1819;0.2000;0.2000;0.1500;0.0323;0.0645;0.0968;0.0403;0.0320;0.6039;2;3;0.0452;0.0533;0.6531;Qwen3-1.7B
ID_0588546982625730;0.7917;0.6194;1.0000;0.7000;0.5000;0.1190;0.1667;0.2381;0.1603;0.3747;0.6494;7;11;0.1994;0.4910;0.6586;Qwen3-1.7B
ID_2030746662248842;0.0000;0.0743;0.0000;0.0000;0.1000;0.0000;0.0000;0.0556;0.0000;0.0298;0.7496;0;2;0.0048;0.1083;0.7550;Qwen3-1.7B
ID_2248844091470333;0.5575;0.4663;0.8000;0.5000;0.4500;0.1250;0.1562;0.2812;0.1361;0.3628;0.5965;5;9;0.1969;0.4735;0.6389;Qwen3-1.7B
ID_3752951275341381;0.4204;0.3535;0.6000;0.5000;0.4000;0.0811;0.1351;0.2162;0.0958;0.1784;0.7139;5;8;0.1383;0.2488;0.7134;Qwen3-1.7B
ID_9859511150127352;0.4923;0.5332;0.4000;0.6000;0.6000;0.0645;0.1935;0.3871;0.1031;0.5459;0.6458;6;12;0.2263;0.6594;0.7024;Qwen3-1.7B
ID_0967035318418472;0.3029;0.2375;0.2000;0.2000;0.1500;0.0227;0.0455;0.0682;0.0292;0.2451;0.6707;3;5;0.0341;0.2814;0.6400;Qwen3-1.7B
ID_4767998352165705;0.9364;0.8492;1.0000;0.9000;0.8000;0.1111;0.2000;0.3556;0.2000;0.1927;0.7335;9;16;0.3261;0.2477;0.7039;Qwen3-1.7B
ID_8045962313218352;0.2377;0.1968;0.2000;0.1000;0.0500;0.0500;0.0500;0.0500;0.0500;0.3264;0.7051;1;2;0.0500;0.4306;0.6745;Qwen3-1.7B
ID_0164449213607380;0.4453;0.3855;0.6000;0.5000;0.4000;0.1364;0.2273;0.3636;0.1326;0.4228;0.6185;6;9;0.1942;0.4966;0.6834;Qwen3-1.7B
ID_2680905746363331;0.4808;0.4954;0.4000;0.2000;0.1000;0.5000;0.5000;0.5000;0.3750;0.3373;0.6415;3;7;0.3750;0.3976;0.6311;Qwen3-1.7B
ID_7305428791149745;0.2337;0.1966;0.4000;0.2000;0.1500;0.1000;0.1000;0.1500;0.0500;0.4079;0.6665;2;3;0.0594;0.4868;0.6374;Qwen3-1.7B
ID_7464190101117707;0.5305;0.4469;0.4000;0.3000;0.2000;0.1111;0.1667;0.2222;0.1093;0.3900;0.6672;5;6;0.1278;0.4150;0.6473;Qwen3-1.7B
ID_4713778521629486;0.4727;0.4176;0.2000;0.2000;0.1000;0.0769;0.1538;0.1538;0.0940;0.0492;0.6754;3;6;0.0940;0.0492;0.6309;Qwen3-1.7B
ID_6841118121493906;0.4130;0.3545;0.4000;0.3000;0.3000;0.0625;0.0938;0.1875;0.0655;0.1047;0.4923;4;7;0.0981;0.1611;0.6488;Qwen3-1.7B
ID_7881527576747420;0.3590;0.3212;0.4000;0.2000;0.2000;0.0606;0.0606;0.1212;0.0606;0.2538;0.7630;2;4;0.0715;0.3706;0.7326;Qwen3-1.7B
ID_8080838290715777;0.6110;0.5134;0.6000;0.5000;0.4500;0.0769;0.1282;0.2308;0.1068;0.5536;0.5532;5;9;0.1538;0.5670;0.6593;Qwen3-1.7B
ID_4678263012118887;0.2699;0.2206;0.2000;0.2000;0.1000;0.0556;0.1111;0.1111;0.0694;0.3333;0.7139;2;2;0.0694;0.4667;0.7263;Qwen3-1.7B
ID_1528177121436914;0.6025;0.4472;0.8000;0.5000;0.3000;0.1379;0.1724;0.2069;0.1397;0.3231;0.6559;5;6;0.1544;0.3930;0.6569;Qwen3-1.7B
ID_8455588138553589;0.2180;0.2986;0.4000;0.3000;0.3500;0.0870;0.1304;0.3043;0.0694;0.3970;0.6845;3;7;0.1251;0.4673;0.7113;Qwen3-1.7B
ID_8280035478871760;0.4239;0.2785;0.6000;0.4000;0.2000;0.0811;0.1081;0.1081;0.0946;0.1677;0.5950;5;6;0.0946;0.1804;0.6611;Qwen3-1.7B
ID_8655706520516310;0.7850;0.5582;1.0000;0.8000;0.5000;0.1351;0.2162;0.2703;0.2108;0.1899;0.6955;8;10;0.2462;0.2025;0.5982;Qwen3-1.7B
ID_9362702262041806;0.4693;0.4319;0.6000;0.6000;0.5000;0.0909;0.1818;0.3030;0.1133;0.4192;0.6456;6;10;0.1954;0.5354;0.6665;Qwen3-1.7B
ID_4341858493092611;0.3909;0.3683;0.4000;0.4000;0.3500;0.0800;0.1600;0.2800;0.0827;0.3766;0.6886;4;7;0.1333;0.4156;0.7007;Qwen3-1.7B
ID_0353944603330456;0.2892;0.2490;0.4000;0.5000;0.4000;0.0345;0.0862;0.1379;0.0625;0.6321;0.5974;5;8;0.0837;0.6321;0.5865;Qwen3-1.7B
ID_1263334983122560;0.0694;0.1104;0.0000;0.1000;0.1500;0.0000;0.0476;0.1429;0.0060;0.4878;0.5636;1;3;0.0191;0.5732;0.5738;Qwen3-1.7B
ID_6319604227674654;0.2743;0.3146;0.4000;0.3000;0.3500;0.0606;0.0909;0.2121;0.0366;0.5430;0.7189;3;7;0.0761;0.6026;0.6780;Qwen3-1.7B
ID_6815299644750648;0.4974;0.4509;0.2000;0.2000;0.1000;0.2000;0.4000;0.4000;0.2571;0.6339;0.6735;5;6;0.2571;0.6384;0.6843;Qwen3-1.7B
ID_7276765928582051;0.2809;0.2136;0.2000;0.3000;0.2000;0.0333;0.1000;0.1333;0.0378;0.6965;0.6615;3;4;0.0444;0.7061;0.6691;Qwen3-1.7B
ID_0654596992211296;0.4263;0.3757;0.2000;0.5000;0.4000;0.0345;0.1724;0.2759;0.0799;0.2849;0.7273;5;8;0.1200;0.3268;0.7109;Qwen3-1.7B
ID_0852938701434556;0.3434;0.3816;0.2000;0.4000;0.3000;0.0769;0.3077;0.4615;0.0970;0.4074;0.7083;6;8;0.1576;0.4111;0.7139;Qwen3-1.7B
ID_9482625774233084;0.5740;0.5981;0.6000;0.3000;0.2000;0.3750;0.3750;0.5000;0.3750;0.6419;0.7854;5;7;0.4107;0.6554;0.7333;Qwen3-1.7B
ID_0055080134892269;0.0948;0.1145;0.2000;0.1000;0.1000;0.0556;0.0556;0.1111;0.0139;0.1889;0.6265;1;3;0.0197;0.2405;0.5386;Qwen3-1.7B
ID_4006510528939253;0.5408;0.4213;0.6000;0.5000;0.2500;0.1250;0.2083;0.2083;0.1431;0.1719;0.6994;6;7;0.1431;0.1797;0.7303;Qwen3-1.7B
ID_8922470135347131;0.3896;0.3734;0.8000;0.5000;0.3500;0.1739;0.2174;0.3043;0.1761;0.5855;0.5912;6;10;0.2083;0.6908;0.6212;Qwen3-1.7B
ID_4280649883963631;0.5513;0.4624;0.4000;0.5000;0.4000;0.0714;0.1786;0.2857;0.1201;0.0987;0.6282;5;8;0.1695;0.1645;0.6533;Qwen3-1.7B
ID_7315358137176715;0.1737;0.1142;0.2000;0.2000;0.1000;0.0208;0.0417;0.0417;0.0111;0.6011;0.1406;2;2;0.0111;0.6117;0.1576;Qwen3-1.7B
ID_0473342349140026;0.2413;0.1899;0.6000;0.3000;0.1500;0.1111;0.1111;0.1111;0.0531;0.2893;0.5139;3;3;0.0531;0.4975;0.5027;Qwen3-1.7B
ID_5557224649687028;0.3679;0.2730;0.2000;0.3000;0.2000;0.0435;0.1304;0.1739;0.0743;0.2596;0.6415;3;4;0.0859;0.3462;0.6931;Qwen3-1.7B
ID_4643608666899616;0.2900;0.2946;0.6000;0.3000;0.3000;0.0698;0.0698;0.1395;0.0333;0.3071;0.7329;3;6;0.0565;0.4921;0.7372;Qwen3-1.7B
ID_6499108085922209;0.1571;0.2177;0.2000;0.2000;0.2000;0.0500;0.1000;0.2000;0.0211;0.2301;0.7253;2;4;0.0438;0.3451;0.7269;Qwen3-1.7B
ID_6212006974231025;0.3024;0.3384;0.4000;0.3000;0.3500;0.0513;0.0769;0.1795;0.0359;0.2447;0.6827;3;7;0.0733;0.2447;0.6981;Qwen3-1.7B
ID_8079423496391852;0.4418;0.3049;0.6000;0.5000;0.3000;0.0698;0.1163;0.1395;0.0682;0.2937;0.6488;6;8;0.0764;0.4079;0.7646;Qwen3-1.7B
ID_2725348719800518;0.0000;0.0000;0.0000;0.0000;0.0000;0.0000;0.0000;0.0000;0.0000;0.1068;0.5682;0;0;0.0000;0.1068;0.5334;Qwen3-1.7B
ID_0720020819590155;0.5082;0.4234;0.6000;0.5000;0.4500;0.0857;0.1429;0.2571;0.0969;0.6396;0.6438;5;9;0.1430;0.6577;0.6280;Qwen3-1.7B
ID_4755946475264985;0.1615;0.2078;0.2000;0.1000;0.2000;0.0312;0.0312;0.1250;0.0156;0.4448;0.6317;3;6;0.0320;0.4724;0.6291;Qwen3-1.7B
ID_9361477493709726;0.3590;0.2905;0.4000;0.2000;0.1000;0.0645;0.0645;0.0645;0.0645;0.1749;0.5961;2;2;0.0645;0.1749;0.5961;Qwen3-1.7B
ID_5424781102486268;0.4354;0.2810;0.6000;0.4000;0.2000;0.0882;0.1176;0.1176;0.0879;0.2413;0.7188;4;4;0.0879;0.2662;0.6907;Qwen3-1.7B
ID_5760422122697584;0.3614;0.2800;0.8000;0.6000;0.3500;0.1026;0.1538;0.1795;0.1200;0.1445;0.7175;6;7;0.1328;0.2168;0.6912;Qwen3-1.7B
ID_2034064321016097;0.2581;0.2481;0.4000;0.3000;0.1500;0.1333;0.2000;0.2000;0.1028;0.3263;0.5637;3;7;0.1028;0.3474;0.6416;Qwen3-1.7B
ID_8486464868891415;0.4441;0.4959;0.6000;0.3000;0.4500;0.1250;0.1250;0.3750;0.1083;0.2500;0.6515;3;9;0.2114;0.3812;0.6612;Qwen3-1.7B
ID_3668865753002430;0.3750;0.3520;0.4000;0.3000;0.1500;0.2500;0.3750;0.3750;0.2219;0.4268;0.6691;5;7;0.2219;0.5061;0.6679;Qwen3-1.7B
ID_0277415539607307;0.1166;0.1662;0.2000;0.1000;0.2000;0.0303;0.0303;0.1212;0.0061;0.3448;0.6010;2;6;0.0225;0.4435;0.6391;Qwen3-1.7B
ID_7259294879683133;0.3936;0.3391;0.4000;0.3000;0.3000;0.0444;0.0667;0.1333;0.0422;0.2071;0.7496;4;7;0.0638;0.2821;0.7025;Qwen3-1.7B
ID_7272998564858059;0.2353;0.2803;0.4000;0.4000;0.3000;0.0690;0.1379;0.2069;0.0555;0.0227;0.6873;4;6;0.0884;0.0227;0.6763;Qwen3-1.7B
ID_7090419604571199;0.3341;0.3663;0.4000;0.2000;0.2000;0.1538;0.1538;0.3077;0.1154;0.3391;0.6369;5;7;0.1469;0.4890;0.6444;Qwen3-1.7B
ID_6066310198344526;0.0121;0.0099;0.0000;0.0000;0.0000;0.0000;0.0000;0.0000;0.0000;0.1321;0.5909;1;1;0.0000;0.1643;0.6157;Qwen3-1.7B
ID_3971663510252293;0.0000;0.0000;0.0000;0.0000;0.0000;0.0000;0.0000;0.0000;0.0000;0.0020;0.7302;0;0;0.0000;0.0931;0.6745;Qwen3-1.7B
ID_1050516524103988;0.6077;0.5471;0.4000;0.7000;0.5000;0.0909;0.3182;0.4545;0.2029;0.6976;0.5937;7;10;0.2699;0.7415;0.5863;Qwen3-1.7B
ID_0585283327853481;0.3301;0.3944;0.4000;0.2000;0.3000;0.0625;0.0625;0.1875;0.0521;0.0835;0.7009;2;6;0.0837;0.1231;0.7067;Qwen3-1.7B
ID_1409610093547012;0.5103;0.4877;0.6000;0.4000;0.3500;0.1304;0.1739;0.3043;0.1522;0.4751;0.7550;7;11;0.2018;0.4842;0.6983;Qwen3-1.7B
ID_3033400086575581;0.3369;0.2661;0.2000;0.2000;0.1000;0.0357;0.0714;0.0714;0.0476;0.2958;0.2774;2;2;0.0476;0.2958;0.2549;Qwen3-1.7B
ID_2714004273523549;0.3495;0.2652;0.4000;0.4000;0.2500;0.0408;0.0816;0.1020;0.0363;0.2906;0.6588;4;5;0.0456;0.3125;0.6513;Qwen3-1.7B
ID_3274735424220270;0.3111;0.2638;0.4000;0.3000;0.2000;0.0667;0.1000;0.1333;0.0444;0.2019;0.5090;4;6;0.0556;0.2334;0.5982;Qwen3-1.7B
ID_5832250655889116;0.3231;0.2690;0.2000;0.3000;0.2000;0.0333;0.1000;0.1333;0.0569;0.1091;0.5271;3;4;0.0653;0.1477;0.5948;Qwen3-1.7B
ID_0280121582234738;0.5317;0.4479;0.8000;0.8000;0.5500;0.1143;0.2286;0.3143;0.1738;0.5184;0.5942;8;11;0.2277;0.5421;0.6716;Qwen3-1.7B
ID_7248774319455970;0.2343;0.2529;0.2000;0.2000;0.1500;0.2000;0.4000;0.6000;0.1167;0.2403;0.6783;2;3;0.1595;0.2473;0.6529;Qwen3-1.7B
ID_1241656328850074;0.4032;0.5357;0.2000;0.1000;0.1500;0.2000;0.2000;0.6000;0.1000;0.2449;0.6736;3;6;0.1864;0.4490;0.6291;Qwen3-1.7B
ID_7441669258580942;0.0636;0.1886;0.0000;0.1000;0.3500;0.0000;0.0357;0.2500;0.0036;0.2636;0.7258;1;7;0.0635;0.3859;0.7310;Qwen3-1.7B
ID_0477045906733254;0.2242;0.2672;0.4000;0.2000;0.2500;0.0588;0.0588;0.1471;0.0490;0.4589;0.6145;3;6;0.0696;0.5192;0.5940;Qwen3-1.7B
ID_7740917144757410;0.7511;0.6444;0.8000;0.7000;0.6000;0.0952;0.1667;0.2857;0.1377;0.5570;0.5528;8;14;0.2112;0.7197;0.5843;Qwen3-1.7B
ID_5898801580033554;0.4617;0.3719;0.6000;0.4000;0.3000;0.0750;0.1000;0.1500;0.0761;0.2563;0.7094;4;6;0.0965;0.3141;0.7226;Qwen3-1.7B
ID_0034894070455412;0.5384;0.3798;0.6000;0.4000;0.2500;0.0769;0.1026;0.1282;0.0897;0.5301;0.6970;4;5;0.0962;0.5357;0.6349;Qwen3-1.7B
ID_5846645200230520;0.0784;0.0554;0.0000;0.1000;0.0500;0.0000;0.0256;0.0256;0.0043;0.1452;0.6425;1;2;0.0043;0.1683;0.6048;Qwen3-1.7B
ID_0599337060580753;0.4985;0.3580;0.6000;0.6000;0.3500;0.0732;0.1463;0.1707;0.0993;0.3811;0.7152;6;7;0.1115;0.4243;0.6535;Qwen3-1.7B
ID_8860487726074063;0.3502;0.2657;0.6000;0.3000;0.2000;0.0909;0.0909;0.1212;0.0485;0.5126;0.5198;4;5;0.0595;0.5755;0.6107;Qwen3-1.7B
ID_4894706050600687;0.2284;0.1905;0.2000;0.1000;0.0500;0.0588;0.0588;0.0588;0.0588;0.3077;0.5355;1;1;0.0588;0.3077;0.5355;Qwen3-1.7B
ID_4273689617987878;0.4559;0.3875;0.4000;0.3000;0.2500;0.0741;0.1111;0.1852;0.0926;0.3968;0.6563;5;11;0.1140;0.5637;0.6389;Qwen3-1.7B
ID_4016576596215504;0.1329;0.1370;0.2000;0.2000;0.2000;0.0263;0.0526;0.1053;0.0207;0.1180;0.5614;2;4;0.0338;0.1563;0.5746;Qwen3-1.7B
ID_1450381701086387;0.2201;0.2916;0.2000;0.1000;0.2500;0.0303;0.0303;0.1515;0.0303;0.7065;0.5448;1;5;0.0622;0.7283;0.6222;Qwen3-1.7B
ID_3569531507114017;0.0000;0.0355;0.0000;0.0000;0.0500;0.0000;0.0000;0.0294;0.0000;0.2165;0.6913;0;1;0.0020;0.3299;0.6424;Qwen3-1.7B
ID_7707689065994575;0.2837;0.2238;0.2000;0.2000;0.1000;0.0500;0.1000;0.1000;0.0600;0.3103;0.6036;2;3;0.0600;0.3153;0.6020;Qwen3-1.7B
ID_7069264281185562;0.2832;0.2224;0.4000;0.3000;0.2000;0.0556;0.0833;0.1111;0.0370;0.1537;0.6694;3;4;0.0471;0.1731;0.6376;Qwen3-1.7B
ID_8413008847105670;0.4073;0.4466;0.6000;0.4000;0.4500;0.0882;0.1176;0.2647;0.0681;0.1395;0.3213;4;9;0.1417;0.1628;0.3046;Qwen3-1.7B
ID_4326514220673393;0.2173;0.2097;0.2000;0.2000;0.2500;0.0263;0.0526;0.1316;0.0219;0.2487;0.7140;2;6;0.0415;0.2538;0.7054;Qwen3-1.7B
ID_6703037457253125;0.0000;0.0501;0.0000;0.0000;0.1000;0.0000;0.0000;0.0833;0.0000;0.0717;0.6377;0;2;0.0081;0.1337;0.6721;Qwen3-1.7B
ID_2538126257160174;0.0000;0.1048;0.0000;0.0000;0.1500;0.0000;0.0000;0.0811;0.0000;0.0860;0.6573;0;4;0.0086;0.1882;0.6769;Qwen3-1.7B
ID_2444779633081185;0.1058;0.2452;0.0000;0.2000;0.2500;0.0000;0.1250;0.3125;0.0194;0.2320;0.6757;3;7;0.0726;0.4475;0.6337;Qwen3-1.7B
ID_2685286492991791;0.3507;0.3839;0.4000;0.3000;0.3500;0.0741;0.1111;0.2593;0.0657;0.2944;0.6061;4;9;0.1207;0.3224;0.5271;Qwen3-1.7B
ID_0408002839687344;0.1466;0.2123;0.0000;0.2000;0.2500;0.0000;0.0833;0.2083;0.0130;0.2941;0.7017;2;6;0.0440;0.4510;0.6991;Qwen3-1.7B
ID_3259216014182020;0.1732;0.2182;0.2000;0.2000;0.2000;0.0500;0.1000;0.2000;0.0292;0.6705;0.6164;2;4;0.0528;0.7102;0.6296;Qwen3-1.7B
ID_5187181156228197;0.7313;0.4931;0.8000;0.7000;0.4000;0.1379;0.2414;0.2759;0.1994;0.5185;0.5974;7;9;0.2206;0.5299;0.5909;Qwen3-1.7B
ID_6282229671610460;0.5224;0.3839;0.4000;0.5000;0.3000;0.0625;0.1562;0.1875;0.1076;0.4799;0.5140;5;6;0.1247;0.4863;0.5088;Qwen3-1.7B
ID_1805029396938951;0.3038;0.3378;0.2000;0.4000;0.4000;0.0278;0.1111;0.2222;0.0376;0.8305;0.5891;4;8;0.0841;0.8701;0.6019;Qwen3-1.7B
ID_4090655224279803;0.1357;0.1207;0.0000;0.2000;0.2000;0.0000;0.0625;0.1250;0.0109;0.3289;0.5659;2;5;0.0223;0.3920;0.5948;Qwen3-1.7B
ID_2375722997534058;0.4409;0.3978;0.8000;0.5000;0.4000;0.1111;0.1389;0.2222;0.0909;0.2755;0.6963;5;8;0.1324;0.3554;0.6822;Qwen3-1.7B
ID_1525717947689076;0.0000;0.1060;0.0000;0.0000;0.1500;0.0000;0.0000;0.1154;0.0000;0.2093;0.7013;0;3;0.0142;0.3837;0.6919;Qwen3-1.7B
ID_6899498686139516;0.3928;0.3194;0.4000;0.2000;0.1000;0.1429;0.1429;0.1429;0.1429;0.1750;0.6983;3;3;0.1429;0.1857;0.7590;Qwen3-1.7B
ID_5882662534904226;0.6898;0.5321;0.8000;0.6000;0.4000;0.1081;0.1622;0.2162;0.1376;0.2765;0.7600;6;8;0.1602;0.3004;0.7498;Qwen3-1.7B
ID_2427045424896409;0.2916;0.3413;0.6000;0.4000;0.4000;0.0638;0.0851;0.1702;0.0493;0.4503;0.6921;4;9;0.0902;0.4795;0.7304;Qwen3-1.7B
ID_7430030311775522;0.6787;0.5180;0.8000;0.6000;0.4000;0.1333;0.2000;0.2667;0.1569;0.3884;0.6057;7;9;0.1892;0.4091;0.5617;Qwen3-1.7B
ID_8783964270386788;0.5857;0.6430;0.8000;0.4000;0.2500;0.4000;0.4000;0.5000;0.3800;0.6208;0.6277;5;6;0.4157;0.6614;0.6716;Qwen3-1.7B
ID_0422858064703713;0.0734;0.0802;0.0000;0.1000;0.1000;0.0000;0.0286;0.0571;0.0041;0.1307;0.5320;1;2;0.0071;0.1459;0.5154;Qwen3-1.7B
ID_1234565160573730;0.2057;0.2492;0.2000;0.2000;0.1500;0.0833;0.1667;0.2500;0.0444;0.5057;0.6670;2;4;0.0623;0.5455;0.6717;Qwen3-1.7B
ID_4804205224697296;0.2489;0.2698;0.4000;0.2000;0.2500;0.0476;0.0476;0.1190;0.0278;0.5374;0.7467;2;5;0.0480;0.5747;0.6889;Qwen3-1.7B
ID_3996404760945509;0.1725;0.2570;0.2000;0.2000;0.3000;0.0323;0.0645;0.1935;0.0269;0.4495;0.6622;2;6;0.0633;0.5138;0.6061;Qwen3-1.7B
ID_0904596179326111;0.2426;0.2962;0.2000;0.3000;0.3500;0.0189;0.0566;0.1321;0.0181;0.2222;0.6924;3;7;0.0436;0.2690;0.6783;Qwen3-1.7B
ID_2302429651674634;0.4903;0.5086;0.4000;0.4000;0.3500;0.0952;0.1905;0.3333;0.1429;0.4254;0.6842;5;8;0.2039;0.4969;0.6817;Qwen3-1.7B
ID_0089739298242263;0.1100;0.0866;0.2000;0.1000;0.0500;0.0500;0.0500;0.0500;0.0167;0.2258;0.6603;1;1;0.0167;0.2984;0.6352;Qwen3-1.7B
ID_8340344332209795;0.5737;0.4470;0.8000;0.4000;0.3000;0.1176;0.1176;0.1765;0.1176;0.7486;0.6082;5;8;0.1400;0.8547;0.5846;Qwen3-1.7B
ID_4234180673609380;0.4490;0.4219;0.6000;0.5000;0.3000;0.2000;0.3333;0.4000;0.2056;0.2174;0.7382;8;9;0.2266;0.2391;0.7081;Qwen3-1.7B
ID_8472308116821427;0.4519;0.4068;0.4000;0.4000;0.2500;0.1250;0.2500;0.3125;0.1455;0.3585;0.6770;4;5;0.1716;0.3962;0.6834;Qwen3-1.7B
ID_4994942901309005;0.0872;0.0909;0.2000;0.2000;0.1500;0.0286;0.0571;0.0857;0.0190;0.0536;0.6910;2;3;0.0256;0.0696;0.6478;Qwen3-1.7B
ID_9082260061201946;0.3783;0.2441;0.6000;0.3000;0.1500;0.0714;0.0714;0.0714;0.0619;0.2043;0.5864;4;4;0.0619;0.2099;0.6424;Qwen3-1.7B
ID_0442161398765567;0.4263;0.3886;0.2000;0.6000;0.4000;0.0435;0.2609;0.3478;0.1160;0.2269;0.5951;8;12;0.1494;0.2857;0.6387;Qwen3-1.7B
ID_7168284647925847;0.0000;0.1059;0.0000;0.0000;0.2000;0.0000;0.0000;0.1290;0.0000;0.1307;0.6512;0;5;0.0189;0.3166;0.6740;Qwen3-1.7B
ID_0774104601063155;0.5686;0.4831;0.8000;0.5000;0.3500;0.1739;0.2174;0.3043;0.1815;0.3382;0.6270;5;7;0.2195;0.3824;0.5474;Qwen3-1.7B
ID_6972046707805449;0.2240;0.2879;0.4000;0.2000;0.3000;0.0645;0.0645;0.1935;0.0290;0.1672;0.6574;2;6;0.0673;0.2116;0.6317;Qwen3-1.7B
ID_4109929118508186;0.4252;0.4379;0.4000;0.2000;0.2000;0.1429;0.1429;0.2857;0.1429;0.2689;0.6666;2;4;0.1722;0.2955;0.6732;Qwen3-1.7B
ID_2828124381670231;0.1799;0.2143;0.4000;0.2000;0.2000;0.1111;0.1111;0.2222;0.0361;0.3673;0.7358;2;4;0.0671;0.4626;0.7509;Qwen3-1.7B
ID_0516263904806475;0.4252;0.3992;0.4000;0.3000;0.3500;0.0476;0.0714;0.1667;0.0556;0.2727;0.5992;3;8;0.0870;0.5364;0.5973;Qwen3-1.7B
ID_0932673194762377;0.3015;0.2309;0.6000;0.4000;0.2500;0.0600;0.0800;0.1000;0.0500;0.2234;0.6496;4;5;0.0571;0.3090;0.6492;Qwen3-1.7B
ID_8852973471847843;0.4701;0.4515;0.2000;0.4000;0.3500;0.0588;0.2353;0.4118;0.1298;0.3939;0.6668;6;9;0.1960;0.4773;0.6655;Qwen3-1.7B
ID_3981568451860330;0.2566;0.2080;0.4000;0.2000;0.1500;0.0426;0.0426;0.0638;0.0298;0.3174;0.6274;2;5;0.0330;0.3885;0.6824;Qwen3-1.7B
ID_8671745801940831;0.3478;0.4004;0.4000;0.6000;0.4500;0.0769;0.2308;0.3462;0.1229;0.3636;0.7428;6;10;0.1947;0.4141;0.7288;Qwen3-1.7B
ID_1836274062343953;0.6568;0.4562;0.8000;0.7000;0.4000;0.1481;0.2593;0.2963;0.1920;0.7692;0.6703;8;9;0.2068;0.8846;0.6145;Qwen3-1.7B
ID_7320090199496500;0.3031;0.2697;0.4000;0.3000;0.2000;0.1053;0.1579;0.2105;0.0724;0.3871;0.6535;3;4;0.0855;0.4480;0.6331;Qwen3-1.7B
ID_5262142272147984;0.2420;0.3021;0.2000;0.3000;0.3500;0.0250;0.0750;0.1750;0.0290;0.1576;0.6111;3;7;0.0679;0.2709;0.5982;Qwen3-1.7B
ID_1734032782594771;0.2861;0.3350;0.4000;0.3000;0.4000;0.0714;0.1071;0.2857;0.0524;0.4351;0.6553;4;9;0.1241;0.4770;0.6633;Qwen3-1.7B
ID_2531761427648020;0.0948;0.0953;0.2000;0.1000;0.1000;0.0476;0.0476;0.0952;0.0119;0.3480;0.7157;1;2;0.0206;0.4681;0.7060;Qwen3-1.7B
ID_4608001746330875;0.3619;0.3576;0.4000;0.3000;0.2000;0.1818;0.2727;0.3636;0.1045;0.3882;0.6968;5;7;0.1247;0.5059;0.7176;Qwen3-1.7B
ID_7818012155694188;0.0000;0.0000;0.0000;0.0000;0.0000;0.0000;0.0000;0.0000;0.0000;0.1734;0.4131;0;0;0.0000;0.2087;0.3488;Qwen3-1.7B
ID_0822799877686090;0.6514;0.5432;0.8000;0.6000;0.3500;0.2222;0.3333;0.3889;0.2907;0.4099;0.5242;6;7;0.3150;0.4422;0.6328;Qwen3-1.7B
ID_6248532093883975;0.4284;0.3994;0.4000;0.3000;0.3000;0.0909;0.1364;0.2727;0.1080;0.3750;0.5152;3;8;0.1515;0.3947;0.5084;Qwen3-1.7B
ID_1248448556190472;0.0722;0.0956;0.0000;0.1000;0.1000;0.0000;0.0667;0.1333;0.0067;0.1510;0.7620;3;5;0.0178;0.1909;0.6906;Qwen3-1.7B
ID_3874886795138290;0.5474;0.3906;0.6000;0.4000;0.2500;0.0857;0.1143;0.1429;0.1048;0.2619;0.6525;4;5;0.1158;0.2976;0.6194;Qwen3-1.7B
ID_4120322936662925;0.2515;0.2410;0.4000;0.4000;0.3000;0.0741;0.1481;0.2222;0.0961;0.3178;0.5875;4;6;0.1221;0.4019;0.6721;Qwen3-1.7B
ID_0004405929946327;0.2330;0.1922;0.4000;0.3000;0.2000;0.0606;0.0909;0.1212;0.0424;0.4055;0.5625;4;5;0.0511;0.4218;0.5956;Qwen3-1.7B
ID_3120810650181134;0.5815;0.3898;0.8000;0.5000;0.2500;0.1026;0.1282;0.1282;0.1093;0.4471;0.3712;6;6;0.1093;0.4471;0.3712;Qwen3-1.7B
ID_4415912100389601;0.2292;0.1904;0.2000;0.1000;0.1000;0.0370;0.0370;0.0741;0.0370;0.1750;0.7408;2;3;0.0432;0.2542;0.7755;Qwen3-1.7B
ID_2947188782090542;0.3202;0.2390;0.4000;0.3000;0.2000;0.0526;0.0789;0.1053;0.0447;0.3165;0.5987;3;4;0.0500;0.3987;0.5525;Qwen3-1.7B
ID_5949636124796250;0.5036;0.4343;0.4000;0.4000;0.3500;0.0488;0.0976;0.1707;0.0718;0.4478;0.5435;4;8;0.0987;0.5313;0.5822;Qwen3-1.7B
ID_7249500407405478;0.6062;0.5983;0.8000;0.7000;0.6500;0.1176;0.2059;0.3824;0.1762;0.4420;0.6591;7;13;0.3031;0.4955;0.6806;Qwen3-1.7B
ID_9542837933586912;0.1665;0.1518;0.2000;0.3000;0.1500;0.0714;0.2143;0.2143;0.0782;0.6852;0.6007;3;4;0.0782;0.7222;0.6474;Qwen3-1.7B
ID_5667657258894864;0.0636;0.0947;0.0000;0.1000;0.1500;0.0000;0.0286;0.0857;0.0029;0.0278;0.6146;1;4;0.0109;0.3175;0.6797;Qwen3-1.7B
ID_3603011798628583;0.4323;0.3473;0.4000;0.3000;0.2000;0.1111;0.1667;0.2222;0.1349;0.2242;0.5616;3;4;0.1473;0.2669;0.5907;Qwen3-1.7B
ID_2471578430392531;0.3148;0.3585;0.0000;0.1000;0.1000;0.0000;0.1250;0.2500;0.0208;0.3050;0.4761;6;10;0.0340;0.3475;0.5553;Qwen3-1.7B
ID_6155202940087696;0.4024;0.3060;0.8000;0.5000;0.3000;0.1000;0.1250;0.1500;0.1125;0.3571;0.6137;5;6;0.1261;0.3878;0.6736;Qwen3-1.7B
ID_5065411466998527;0.4595;0.3634;0.8000;0.4000;0.3000;0.1600;0.1600;0.2400;0.1420;0.3875;0.6173;4;6;0.1773;0.3875;0.5816;Qwen3-1.7B
ID_0581412073128121;0.3821;0.3237;0.6000;0.5000;0.3500;0.0789;0.1316;0.1842;0.0728;0.0364;0.7173;5;7;0.0972;0.1845;0.6648;Qwen3-1.7B
ID_4550717883781091;0.5834;0.4718;0.8000;0.5000;0.3500;0.1429;0.1786;0.2500;0.1404;0.3533;0.7109;5;7;0.1694;0.3832;0.5275;Qwen3-1.7B
ID_5175443246146343;0.0784;0.0840;0.0000;0.1000;0.1000;0.0000;0.0333;0.0667;0.0056;0.4831;0.5782;1;2;0.0093;0.4909;0.5274;Qwen3-1.7B
ID_4735402469304632;0.2262;0.2232;0.0000;0.3000;0.2500;0.0000;0.1200;0.2000;0.0314;0.4894;0.7211;3;5;0.0590;0.5532;0.7206;Qwen3-1.7B
ID_4073088744952858;0.5271;0.4827;0.6000;0.4000;0.2500;0.2000;0.2667;0.3333;0.2214;0.0845;0.7366;4;5;0.2452;0.1056;0.7112;Qwen3-1.7B
ID_8904044191613796;0.5834;0.4970;0.8000;0.5000;0.4500;0.1111;0.1389;0.2500;0.1092;0.2458;0.7220;5;9;0.1629;0.2849;0.6135;Qwen3-1.7B
ID_6738987664840341;0.4242;0.3777;0.4000;0.5000;0.4500;0.0556;0.1389;0.2500;0.0818;0.1329;0.7368;5;9;0.1377;0.4615;0.7432;Qwen3-1.7B
ID_5945879465310813;0.2618;0.2801;0.4000;0.4000;0.3000;0.1000;0.2000;0.3000;0.1298;0.2819;0.5415;4;7;0.1631;0.5560;0.5447;Qwen3-1.7B
ID_1508105634503621;0.2851;0.2992;0.6000;0.6000;0.4500;0.0588;0.1176;0.1765;0.0928;0.1236;0.7457;6;9;0.1179;0.1480;0.7307;Qwen3-1.7B
ID_1218389465274602;0.1906;0.1657;0.2000;0.2000;0.1000;0.0833;0.1667;0.1667;0.1019;0.4819;0.7091;4;4;0.1019;0.4819;0.6374;Qwen3-1.7B
ID_5170293352882261;0.3897;0.3582;0.6000;0.3000;0.2500;0.1304;0.1304;0.2174;0.1304;0.4728;0.6424;3;5;0.1505;0.4770;0.6277;Qwen3-1.7B
ID_8306415631811067;0.5358;0.4170;0.6000;0.6000;0.4000;0.0789;0.1579;0.2105;0.1280;0.2351;0.6167;6;8;0.1544;0.3344;0.6245;Qwen3-1.7B
ID_7285303481051362;0.3317;0.3383;0.4000;0.4000;0.3000;0.0714;0.1429;0.2143;0.0615;0.2134;0.8078;4;6;0.0871;0.2385;0.6901;Qwen3-1.7B
ID_2864595160355410;0.6033;0.4889;0.8000;0.5000;0.3000;0.2105;0.2632;0.3158;0.2069;0.2812;0.2013;6;7;0.2332;0.3187;0.2144;Qwen3-1.7B
ID_4993204839198672;0.7859;0.5072;1.0000;0.7000;0.3500;0.1136;0.1591;0.1591;0.1490;0.3794;0.5961;7;7;0.1490;0.3891;0.6640;Qwen3-1.7B
ID_1183078302328411;0.4066;0.3586;0.6000;0.3000;0.1500;0.2500;0.2500;0.2500;0.2500;0.1640;0.5677;3;3;0.2500;0.1760;0.5700;Qwen3-1.7B
ID_2644217574349073;0.6695;0.6116;0.6000;0.8000;0.7000;0.0698;0.1860;0.3256;0.1502;0.7841;0.7062;8;14;0.2621;0.8030;0.6530;Qwen3-1.7B
ID_1872968283445344;0.1782;0.3517;0.2000;0.2000;0.3000;0.0714;0.1429;0.4286;0.0857;0.2941;0.6208;2;6;0.1742;0.7059;0.6383;Qwen3-1.7B
ID_7569445393485879;0.4528;0.3421;0.6000;0.4000;0.3000;0.0667;0.0889;0.1333;0.0759;0.4085;0.7242;4;6;0.0930;0.5282;0.6737;Qwen3-1.7B
ID_1361522424662664;0.5825;0.4480;0.8000;0.5000;0.3500;0.1081;0.1351;0.1892;0.1177;0.2183;0.7659;5;7;0.1420;0.2324;0.7123;Qwen3-1.7B
ID_3589012014320121;0.1585;0.2272;0.2000;0.3000;0.2500;0.0625;0.1875;0.3125;0.0469;0.2791;0.6819;4;9;0.0869;0.4360;0.6595;Qwen3-1.7B
ID_0821562324429813;0.3049;0.2503;0.6000;0.4000;0.3000;0.1250;0.1667;0.2500;0.0764;0.5344;0.4226;4;6;0.1078;0.5496;0.4094;Qwen3-1.7B
ID_5377746284077362;0.4690;0.4127;0.6000;0.3000;0.3000;0.1250;0.1250;0.2500;0.1250;0.4535;0.6978;3;6;0.1615;0.5242;0.6043;Qwen3-1.7B
ID_2562652838103607;0.1862;0.1497;0.2000;0.2000;0.1000;0.0312;0.0625;0.0625;0.0182;0.0985;0.2442;2;2;0.0182;0.0985;0.2756;Qwen3-1.7B
ID_2951269593210008;0.4638;0.5046;0.6000;0.3000;0.3000;0.2143;0.2143;0.4286;0.1726;0.5843;0.6197;3;6;0.2465;0.6687;0.6518;Qwen3-1.7B
ID_0990344839864230;0.2939;0.3063;0.2000;0.4000;0.3000;0.0714;0.2857;0.4286;0.0845;0.2043;0.7174;4;7;0.1386;0.3065;0.6803;Qwen3-1.7B
ID_8509299951934973;0.8611;0.7152;0.8000;0.9000;0.7000;0.1026;0.2308;0.3590;0.1941;0.8309;0.6828;9;14;0.2966;0.8529;0.7080;Qwen3-1.7B
ID_1829406809818626;0.4946;0.4561;0.4000;0.4000;0.4500;0.0500;0.1000;0.2250;0.0705;0.4554;0.6176;4;9;0.1267;0.5604;0.6507;Qwen3-1.7B
ID_1896514405880465;0.2705;0.3252;0.2000;0.3000;0.3000;0.0625;0.1875;0.3750;0.0521;0.3148;0.6902;6;10;0.1110;0.3796;0.6300;Qwen3-1.7B
ID_4692980070480625;0.3121;0.3890;0.2000;0.3000;0.4000;0.0278;0.0833;0.2222;0.0423;0.3643;0.5672;3;8;0.0907;0.4513;0.6205;Qwen3-1.7B
ID_5990729462575602;0.6790;0.6496;0.8000;0.8000;0.5500;0.2000;0.4000;0.5500;0.3727;0.3056;0.5339;8;11;0.4578;0.3889;0.5006;Qwen3-1.7B
ID_4999509031047259;0.0000;0.1066;0.0000;0.0000;0.1500;0.0000;0.0000;0.0882;0.0000;0.0740;0.7127;0;3;0.0115;0.6945;0.6796;Qwen3-1.7B
ID_8031266925341697;0.4743;0.4397;0.8000;0.7000;0.4500;0.1739;0.3043;0.3913;0.2220;0.7341;0.6824;7;10;0.2668;0.7978;0.6171;Qwen3-1.7B
ID_3730620853566536;0.0406;0.0535;0.2000;0.1000;0.1000;0.0385;0.0385;0.0769;0.0096;0.1607;0.5628;1;2;0.0160;0.1607;0.4639;Qwen3-1.7B
ID_0472856771871140;0.0705;0.1288;0.2000;0.1000;0.1000;0.0588;0.0588;0.1176;0.0294;0.3600;0.6648;1;4;0.0392;0.5867;0.6290;Qwen3-1.7B
ID_8278472628252508;0.4194;0.3529;0.2000;0.4000;0.3000;0.0417;0.1667;0.2500;0.0826;0.3318;0.7015;4;6;0.1192;0.3677;0.6817;Qwen3-1.7B
ID_2323085679807602;0.3820;0.4188;0.4000;0.4000;0.4500;0.0571;0.1143;0.2571;0.0555;0.5425;0.6198;4;9;0.1145;0.7843;0.5599;Qwen3-1.7B
ID_6775629541151867;0.3948;0.3881;0.4000;0.3000;0.1500;0.2000;0.3000;0.3000;0.1875;0.9400;0.6363;4;4;0.1875;0.9400;0.6488;Qwen3-1.7B
ID_6474240798904132;0.1920;0.1594;0.2000;0.3000;0.2000;0.0270;0.0811;0.1081;0.0225;0.3913;0.7097;4;5;0.0297;0.5072;0.6479;Qwen3-1.7B
ID_6142558410927273;0.3797;0.2995;0.4000;0.2000;0.1000;0.1250;0.1250;0.1250;0.0729;0.3518;0.5897;4;5;0.0729;0.3614;0.6808;Qwen3-1.7B
ID_5916017746341882;0.4729;0.3376;0.4000;0.4000;0.2500;0.0588;0.1176;0.1471;0.0763;0.4052;0.6402;4;5;0.0837;0.4133;0.5224;Qwen3-1.7B
ID_8970751075617926;0.6204;0.5058;0.8000;0.5000;0.3000;0.2222;0.2778;0.3333;0.2420;0.1866;0.5860;5;6;0.2676;0.1906;0.6498;Qwen3-1.7B
ID_0370020634398898;0.3042;0.3324;0.2000;0.4000;0.3500;0.0455;0.1818;0.3182;0.0690;0.6050;0.7290;4;7;0.1194;0.6250;0.6439;Qwen3-1.7B
ID_5456839333813472;0.5616;0.4461;0.6000;0.6000;0.4000;0.1111;0.2222;0.2963;0.1540;0.2627;0.7547;7;9;0.1850;0.2797;0.7265;Qwen3-1.7B
ID_3787147041050694;0.0787;0.1435;0.0000;0.1000;0.1500;0.0000;0.0625;0.1875;0.0089;0.1529;0.6699;2;4;0.0302;0.1941;0.6983;Qwen3-1.7B
ID_1051299337471169;0.4285;0.4467;0.2000;0.4000;0.4000;0.0500;0.2000;0.4000;0.0992;0.3759;0.5458;4;8;0.1793;0.4291;0.5421;Qwen3-1.7B
ID_8355947667910941;0.4706;0.4248;0.6000;0.5000;0.4500;0.0857;0.1429;0.2571;0.0852;0.6786;0.5990;5;9;0.1390;0.7381;0.6034;Qwen3-1.7B
ID_0524125552949586;0.5016;0.4040;0.8000;0.5000;0.3000;0.1333;0.1667;0.2000;0.1500;0.5035;0.5724;5;6;0.1611;0.7483;0.6257;Qwen3-1.7B
ID_5415710300902388;0.3537;0.3001;0.4000;0.3000;0.2500;0.0465;0.0698;0.1163;0.0371;0.3860;0.6033;4;6;0.0515;0.5263;0.5010;Qwen3-1.7B
ID_1339618330655263;0.2893;0.2551;0.4000;0.4000;0.3000;0.0444;0.0889;0.1333;0.0549;0.8241;0.5440;4;6;0.0693;0.8333;0.6308;Qwen3-1.7B
ID_1162362624079364;0.6720;0.6718;0.6000;0.6000;0.5000;0.1667;0.3333;0.5556;0.2582;0.2500;0.6367;7;11;0.3738;0.3036;0.5705;Qwen3-1.7B
ID_3457219624656691;0.5771;0.5136;0.6000;0.5000;0.4500;0.0732;0.1220;0.2195;0.0878;0.1832;0.7309;5;9;0.1349;0.2516;0.6886;Qwen3-1.7B
ID_9089204821424223;0.6340;0.5395;0.6000;0.6000;0.5000;0.0732;0.1463;0.2439;0.1044;0.3220;0.6752;6;10;0.1705;0.4129;0.6784;Qwen3-1.7B
ID_4933620329566048;0.0432;0.0751;0.2000;0.1000;0.1000;0.0833;0.0833;0.1667;0.0167;0.1568;0.7564;1;3;0.0318;0.2125;0.7058;Qwen3-1.7B
ID_7529510499149375;0.2173;0.3119;0.2000;0.2000;0.4000;0.0196;0.0392;0.1569;0.0163;0.1250;0.6207;2;8;0.0572;0.2281;0.6508;Qwen3-1.7B
ID_6089287551555329;0.4088;0.3668;0.8000;0.7000;0.6000;0.0833;0.1458;0.2500;0.1300;0.1714;0.5968;7;12;0.1960;0.2619;0.6326;Qwen3-1.7B
ID_6731029375224939;0.5222;0.4171;0.8000;0.5000;0.4000;0.0952;0.1190;0.1905;0.0898;0.3061;0.5543;5;8;0.1170;0.4011;0.5492;Qwen3-1.7B
ID_2086707959173246;0.1323;0.2246;0.4000;0.2000;0.2500;0.0714;0.0714;0.1786;0.0262;0.4336;0.6536;2;5;0.0518;0.5664;0.6811;Qwen3-1.7B
ID_9469987954896496;0.7058;0.6043;0.6000;0.7000;0.5500;0.0769;0.1795;0.2821;0.1474;0.5889;0.7000;7;12;0.2129;0.6490;0.6981;Qwen3-1.7B
ID_7728389320504879;0.1428;0.1442;0.0000;0.2000;0.2000;0.0000;0.0741;0.1481;0.0146;0.5854;0.6629;2;4;0.0302;0.6585;0.6312;Qwen3-1.7B
ID_8855936483074666;0.3897;0.3752;0.6000;0.4000;0.3500;0.1154;0.1538;0.2692;0.1250;0.4720;0.6555;4;7;0.1742;0.5528;0.6202;Qwen3-1.7B
ID_7927416076958362;0.4171;0.4488;0.6000;0.4000;0.4500;0.1429;0.1905;0.4286;0.1185;0.6882;0.5606;4;9;0.2206;0.7312;0.6206;Qwen3-1.7B
ID_3713459809920718;0.0000;0.0000;0.0000;0.0000;0.0000;0.0000;0.0000;0.0000;0.0000;0.0882;0.6725;0;0;0.0000;0.1176;0.6644;Qwen3-1.7B
ID_8705409187799501;0.2140;0.2140;0.2000;0.2000;0.1000;0.2500;0.5000;0.5000;0.1548;0.6190;0.6084;2;2;0.1548;0.6667;0.5999;Qwen3-1.7B
ID_2726230162746149;0.3932;0.3384;0.4000;0.4000;0.2500;0.0800;0.1600;0.2000;0.1128;0.1471;0.7162;5;6;0.1294;0.1667;0.6190;Qwen3-1.7B
ID_4150524692179865;0.3724;0.3359;0.4000;0.2000;0.1000;0.1818;0.1818;0.1818;0.1818;0.2585;0.7190;2;2;0.1818;0.3435;0.7210;Qwen3-1.7B
ID_3897283209013869;0.4281;0.4348;0.4000;0.4000;0.3500;0.0833;0.1667;0.2917;0.0989;0.2276;0.7378;4;7;0.1569;0.3462;0.6423;Qwen3-1.7B
ID_6460447408144781;0.2249;0.2328;0.4000;0.3000;0.2500;0.0500;0.0750;0.1250;0.0308;0.3314;0.6654;3;7;0.0503;0.4314;0.6752;Qwen3-1.7B
ID_6446612054631446;0.4131;0.3684;0.8000;0.4000;0.3500;0.1333;0.1333;0.2333;0.1183;0.2719;0.6963;4;7;0.1528;0.3246;0.6645;Qwen3-1.7B
ID_2289579163604428;0.3149;0.2416;0.4000;0.2000;0.1500;0.0606;0.0606;0.0909;0.0455;0.2665;0.6972;2;3;0.0530;0.2938;0.6658;Qwen3-1.7B
ID_2339346345530509;0.3437;0.2573;0.6000;0.3000;0.2000;0.0882;0.0882;0.1176;0.0564;0.3125;0.5901;3;4;0.0642;0.3375;0.5326;Qwen3-1.7B
ID_6171517695707255;0.0335;0.1615;0.0000;0.0000;0.1500;0.0000;0.0000;0.3000;0.0000;0.2644;0.7023;2;5;0.0366;0.3103;0.6978;Qwen3-1.7B
ID_6455990478032543;0.5638;0.3906;0.8000;0.4000;0.2000;0.2222;0.2222;0.2222;0.2222;0.2665;0.6080;4;5;0.2222;0.2853;0.5990;Qwen3-1.7B
ID_9763437636509266;0.3496;0.3414;0.4000;0.4000;0.3000;0.1250;0.2500;0.3750;0.1033;0.1872;0.6447;5;7;0.1471;0.2567;0.6834;Qwen3-1.7B
ID_0007332204631197;0.3635;0.3174;0.4000;0.4000;0.3500;0.0667;0.1333;0.2333;0.0578;0.6651;0.5165;4;7;0.0957;0.6890;0.6438;Qwen3-1.7B
ID_1124100372440117;0.4579;0.4776;0.8000;0.7000;0.5500;0.1600;0.2800;0.4400;0.2407;0.1478;0.6553;7;11;0.3497;0.1826;0.6992;Qwen3-1.7B
ID_6217509029802638;0.4894;0.5668;0.8000;0.5000;0.5000;0.2105;0.2632;0.5263;0.1868;0.6023;0.6872;5;12;0.3258;0.7273;0.6462;Qwen3-1.7B
ID_7471111924336519;0.1935;0.3387;0.2000;0.2000;0.2000;0.1429;0.2857;0.5714;0.0952;0.2041;0.6881;2;5;0.1639;0.2449;0.6675;Qwen3-1.7B
ID_8602960801642916;0.5326;0.4392;0.6000;0.4000;0.2500;0.1875;0.2500;0.3125;0.2125;0.3361;0.6323;4;5;0.2320;0.3485;0.5760;Qwen3-1.7B
ID_6492048904483467;0.4690;0.4539;0.6000;0.4000;0.3500;0.0968;0.1290;0.2258;0.1048;0.3684;0.5501;4;7;0.1473;0.4163;0.5005;Qwen3-1.7B
ID_7454736736043931;0.1389;0.1035;0.2000;0.1000;0.1000;0.0256;0.0256;0.0513;0.0128;0.3824;0.6313;1;2;0.0154;0.4375;0.5779;Qwen3-1.7B
ID_4031565135568125;0.3446;0.3974;0.4000;0.3000;0.2500;0.1429;0.2143;0.3571;0.1339;0.8367;0.5865;3;5;0.1769;0.8673;0.6004;Qwen3-1.7B
ID_6505039023842313;0.2306;0.2585;0.4000;0.3000;0.2000;0.1667;0.2500;0.3333;0.0958;0.5211;0.6753;3;4;0.1181;0.5368;0.6300;Qwen3-1.7B
ID_1387531666012807;0.4697;0.3366;0.6000;0.4000;0.2500;0.1034;0.1379;0.1724;0.1172;0.1181;0.6877;4;5;0.1268;0.1181;0.6589;Qwen3-1.7B
ID_0544144585124313;0.5513;0.5661;0.4000;0.5000;0.6000;0.0444;0.1111;0.2667;0.0747;0.5592;0.6643;5;12;0.1688;0.6061;0.6356;Qwen3-1.7B
ID_3302216368941503;0.6156;0.4802;0.8000;0.5000;0.4000;0.0909;0.1136;0.1818;0.0933;0.1913;0.5788;6;9;0.1231;0.2141;0.5946;Qwen3-1.7B
ID_3767979348338740;0.0734;0.0473;0.0000;0.1000;0.0500;0.0000;0.0213;0.0213;0.0030;0.1160;0.6920;1;1;0.0030;0.1255;0.6870;Qwen3-1.7B
ID_3165995344927892;0.5658;0.4595;0.8000;0.6000;0.4500;0.1538;0.2308;0.3462;0.1550;0.5059;0.6542;6;9;0.2138;0.5294;0.6562;Qwen3-1.7B
ID_8352745170435172;0.2738;0.2336;0.4000;0.4000;0.3000;0.0444;0.0889;0.1333;0.0441;0.5063;0.7131;5;8;0.0617;0.5136;0.6983;Qwen3-1.7B
ID_3792275882221002;0.3786;0.4110;0.4000;0.3000;0.3500;0.0952;0.1429;0.3333;0.0871;0.0978;0.7351;3;7;0.1599;0.2500;0.7453;Qwen3-1.7B
ID_0308213196926774;0.7670;0.5346;0.8000;0.7000;0.4000;0.0930;0.1628;0.1860;0.1414;0.1916;0.6915;7;8;0.1583;0.2261;0.7041;Qwen3-1.7B
ID_4407403389440011;0.1933;0.2498;0.2000;0.2000;0.2500;0.0769;0.1538;0.3846;0.0412;0.5233;0.6894;4;8;0.0985;0.6705;0.6635;Qwen3-1.7B
ID_6478091924064864;0.4885;0.3296;0.6000;0.4000;0.2500;0.0698;0.0930;0.1163;0.0655;0.2794;0.6667;4;5;0.0720;0.3475;0.7193;Qwen3-1.7B
ID_7866377101423210;0.5424;0.4213;0.6000;0.4000;0.3000;0.0882;0.1176;0.1765;0.1050;0.5941;0.6817;4;6;0.1266;0.7129;0.6596;Qwen3-1.7B
ID_4933326132948063;0.2545;0.2309;0.2000;0.2000;0.1500;0.0625;0.1250;0.1875;0.0365;0.1849;0.7459;4;5;0.0482;0.3109;0.7416;Qwen3-1.7B
ID_0471595469074043;0.5339;0.4365;0.6000;0.7000;0.5000;0.1034;0.2414;0.3448;0.1585;0.8088;0.5702;7;10;0.2321;0.8529;0.6090;Qwen3-1.7B
ID_6696857617864852;0.2201;0.1537;0.4000;0.3000;0.1500;0.0800;0.1200;0.1200;0.0483;0.1866;0.5736;3;3;0.0483;0.2017;0.5945;Qwen3-1.7B
ID_9364148865735922;0.4329;0.4517;0.4000;0.3000;0.4000;0.0667;0.1000;0.2667;0.0681;0.5781;0.7205;5;10;0.1269;0.6247;0.6897;Qwen3-1.7B
ID_0653707912025034;0.5049;0.4236;0.6000;0.6000;0.3000;0.1765;0.3529;0.3529;0.2499;0.4947;0.7140;6;6;0.2499;0.5158;0.6922;Qwen3-1.7B
ID_2364016372924935;0.4549;0.2936;0.2000;0.5000;0.2500;0.0270;0.1351;0.1351;0.0704;0.1773;0.7247;5;5;0.0704;0.2217;0.6912;Qwen3-1.7B
ID_2523040704958733;0.3049;0.2457;0.8000;0.4000;0.2500;0.1739;0.1739;0.2174;0.1739;0.1838;0.6972;5;7;0.1894;0.2363;0.7409;Qwen3-1.7B
ID_5860088594236271;0.3859;0.4124;0.4000;0.4000;0.4500;0.0465;0.0930;0.2093;0.0464;0.2428;0.6516;4;9;0.1045;0.3179;0.6608;Qwen3-1.7B
ID_4768528057390837;0.0000;0.1229;0.0000;0.0000;0.2000;0.0000;0.0000;0.1000;0.0000;0.1220;0.7024;0;4;0.0164;0.3898;0.7167;Qwen3-1.7B
ID_1571839544168040;0.3893;0.3007;0.8000;0.5000;0.2500;0.1905;0.2381;0.2381;0.1829;0.4643;0.3772;5;5;0.1829;0.4643;0.3186;Qwen3-1.7B
ID_6225394638610694;0.4865;0.3397;0.6000;0.5000;0.2500;0.1304;0.2174;0.2174;0.1354;0.6267;0.6597;5;5;0.1354;0.6333;0.6702;Qwen3-1.7B
ID_6532338737692493;0.6412;0.4805;0.8000;0.5000;0.3000;0.2000;0.2500;0.3000;0.2278;0.1258;0.6146;6;7;0.2551;0.1325;0.7003;Qwen3-1.7B
ID_5265254209364825;0.6180;0.5068;0.6000;0.6000;0.4500;0.0909;0.1818;0.2727;0.1257;0.3295;0.7462;6;9;0.1756;0.3728;0.6845;Qwen3-1.7B
ID_6374279398246756;0.6272;0.4858;0.8000;0.6000;0.4000;0.1176;0.1765;0.2353;0.1431;0.2340;0.7191;6;8;0.1759;0.3085;0.7078;Qwen3-1.7B
ID_6801014238742352;0.4753;0.4183;0.8000;0.6000;0.4000;0.1429;0.2143;0.2857;0.1440;0.1452;0.7599;6;10;0.1761;0.1774;0.7329;Qwen3-1.7B
ID_9385929088657818;0.2369;0.2277;0.2000;0.3000;0.2500;0.0476;0.1429;0.2381;0.0458;0.2778;0.7149;3;5;0.0689;0.4722;0.7139;Qwen3-1.7B
ID_2509301929350826;0.0819;0.0785;0.0000;0.2000;0.1500;0.0000;0.0690;0.1034;0.0107;0.3280;0.7693;4;5;0.0172;0.3680;0.7388;Qwen3-1.7B
ID_7966465975599953;0.7846;0.5844;1.0000;0.7000;0.4500;0.1613;0.2258;0.2903;0.2106;0.2157;0.5104;7;9;0.2582;0.2157;0.4679;Qwen3-1.7B
ID_9157226124301186;0.1100;0.0844;0.2000;0.1000;0.0500;0.0500;0.0500;0.0500;0.0167;0.2896;0.5382;1;1;0.0167;0.2896;0.5382;Qwen3-1.7B
ID_9171504422944800;0.4490;0.4443;0.4000;0.2000;0.1500;0.1818;0.1818;0.2727;0.1818;0.7235;0.6598;2;4;0.1962;0.7650;0.6312;Qwen3-1.7B
ID_9092018794878372;0.0000;0.0000;0.0000;0.0000;0.0000;0.0000;0.0000;0.0000;0.0000;0.4536;0.5916;0;0;0.0000;0.5773;0.6547;Qwen3-1.7B
ID_5162043375426666;0.2588;0.2159;0.4000;0.3000;0.2500;0.0435;0.0652;0.1087;0.0225;0.3380;0.6380;3;5;0.0336;0.3521;0.5626;Qwen3-1.7B
ID_1980789059908737;0.5389;0.5797;0.8000;0.4000;0.5500;0.0755;0.0755;0.2075;0.0670;0.7389;0.6533;4;11;0.1360;0.8217;0.6844;Qwen3-1.7B
ID_7708469164258322;0.5216;0.4469;0.6000;0.6000;0.3500;0.0968;0.1935;0.2258;0.1396;0.2556;0.6752;6;7;0.1601;0.3363;0.6552;Qwen3-1.7B
ID_4095512091254454;0.2686;0.2773;0.4000;0.2000;0.1500;0.1176;0.1176;0.1765;0.0686;0.9146;0.5478;3;5;0.0790;0.9246;0.5823;Qwen3-1.7B
ID_7359896733836304;0.5624;0.5011;0.6000;0.5000;0.3500;0.1429;0.2381;0.3333;0.1905;0.4662;0.5942;5;7;0.2291;0.5338;0.6592;Qwen3-1.7B
ID_3553837998751021;0.3173;0.2760;0.8000;0.4000;0.3000;0.0833;0.0833;0.1250;0.0566;0.3953;0.7208;4;6;0.0719;0.4481;0.7303;Qwen3-1.7B
ID_0037573905724394;0.5345;0.4571;0.8000;0.5000;0.4000;0.1333;0.1667;0.2667;0.1611;0.3771;0.7438;5;9;0.2041;0.4071;0.7224;Qwen3-1.7B
ID_3452982259415951;0.0911;0.1509;0.0000;0.0000;0.0500;0.0000;0.0000;0.2000;0.0000;0.4030;0.4326;2;4;0.0182;0.4030;0.4254;Qwen3-1.7B
ID_1262866723506084;0.1342;0.1937;0.2000;0.2000;0.3000;0.0333;0.0667;0.2000;0.0141;0.2721;0.6875;3;8;0.0559;0.3750;0.6630;Qwen3-1.7B
ID_2555147881487724;0.7156;0.4670;0.8000;0.6000;0.3000;0.1176;0.1765;0.1765;0.1674;0.5546;0.6274;6;7;0.1674;0.6165;0.6197;Qwen3-1.7B
ID_4679830870331445;0.4115;0.3466;0.2000;0.5000;0.4000;0.0370;0.1852;0.2963;0.0780;0.4587;0.6019;5;9;0.1249;0.5207;0.6497;Qwen3-1.7B
ID_7853140708995178;0.4382;0.4711;0.4000;0.2000;0.1500;0.2857;0.2857;0.4286;0.2143;0.1140;0.5203;3;4;0.2532;0.1491;0.5625;Qwen3-1.7B
ID_1976344298387988;0.5174;0.4447;0.6000;0.4000;0.2500;0.1304;0.1739;0.2174;0.1370;0.0420;0.6561;4;6;0.1537;0.0420;0.6686;Qwen3-1.7B
ID_1668340601837069;0.3933;0.2977;0.8000;0.4000;0.2500;0.1429;0.1429;0.1786;0.1357;0.1371;0.5492;5;6;0.1506;0.1532;0.5741;Qwen3-1.7B
ID_0419443097971251;0.0663;0.0428;0.0000;0.1000;0.0500;0.0000;0.0357;0.0357;0.0040;0.5969;0.6586;1;1;0.0040;0.7120;0.6903;Qwen3-1.7B
ID_0128689067297674;0.6446;0.5400;0.6000;0.7000;0.5500;0.0625;0.1458;0.2292;0.1114;0.2633;0.6373;7;11;0.1669;0.3163;0.6273;Qwen3-1.7B
ID_4259402010746015;0.0734;0.0502;0.0000;0.1000;0.0500;0.0000;0.0476;0.0476;0.0068;0.2162;0.7696;1;1;0.0068;0.2162;0.7696;Qwen3-1.7B
ID_9279262545449206;0.1979;0.1650;0.2000;0.3000;0.2000;0.0278;0.0833;0.1111;0.0253;0.4655;0.7245;3;4;0.0338;0.6552;0.7141;Qwen3-1.7B
ID_2876196606157039;0.7824;0.6974;0.8000;0.7000;0.4000;0.2353;0.4118;0.4706;0.3597;0.4190;0.7247;8;9;0.3911;0.4308;0.6982;Qwen3-1.7B
ID_6638697951841821;0.5271;0.4612;0.6000;0.4000;0.4000;0.1304;0.1739;0.3478;0.1444;0.5136;0.6543;4;8;0.2176;0.5986;0.6275;Qwen3-1.7B
ID_0574758575822571;0.2846;0.2359;0.4000;0.3000;0.3000;0.0606;0.0909;0.1818;0.0336;0.4575;0.6611;5;9;0.0654;0.5425;0.6591;Qwen3-1.7B
ID_5330038705900274;0.4031;0.3543;0.4000;0.3000;0.1500;0.1429;0.2143;0.2143;0.1696;0.5612;0.5282;3;4;0.1696;0.6429;0.6270;Qwen3-1.7B
ID_8547934593183920;0.1579;0.2909;0.2000;0.2000;0.3500;0.0370;0.0741;0.2593;0.0444;0.7041;0.4979;2;7;0.1123;0.8343;0.5741;Qwen3-1.7B
ID_1364246301366731;0.0298;0.1348;0.0000;0.1000;0.2000;0.0000;0.0588;0.2353;0.0074;0.2173;0.7026;1;4;0.0393;0.5487;0.6841;Qwen3-1.7B
ID_1128395832959780;0.5437;0.4289;0.8000;0.7000;0.5000;0.1176;0.2059;0.2941;0.1446;0.2887;0.6241;7;11;0.1961;0.3333;0.6257;Qwen3-1.7B
ID_5118629875846648;0.4986;0.3218;0.4000;0.4000;0.2000;0.0741;0.1481;0.1481;0.1064;0.4851;0.6089;4;4;0.1064;0.5070;0.6044;Qwen3-1.7B
ID_0484982277336205;0.0000;0.0355;0.0000;0.0000;0.0500;0.0000;0.0000;0.0238;0.0000;0.3249;0.6008;0;1;0.0016;0.6390;0.6196;Qwen3-1.7B
ID_2602949498335989;0.2684;0.2034;0.4000;0.5000;0.3000;0.0625;0.1562;0.1875;0.0724;0.1869;0.7285;6;8;0.0818;0.3634;0.7066;Qwen3-1.7B
ID_5923720330718235;0.3743;0.3782;0.2000;0.3000;0.3000;0.0370;0.1111;0.2222;0.0605;0.2124;0.6635;4;7;0.0980;0.2655;0.5684;Qwen3-1.7B
ID_2861424806494103;0.6170;0.4366;0.8000;0.6000;0.3500;0.1176;0.1765;0.2059;0.1443;0.5965;0.6294;6;7;0.1615;0.6316;0.6213;Qwen3-1.7B
ID_4671203889895341;0.2109;0.1890;0.4000;0.2000;0.1500;0.0870;0.0870;0.1304;0.0435;0.5229;0.6774;3;4;0.0516;0.5490;0.6542;Qwen3-1.7B
ID_4043924606392112;0.0708;0.1991;0.0000;0.2000;0.3000;0.0000;0.0741;0.2222;0.0115;0.3106;0.5335;3;7;0.0630;0.3754;0.6238;Qwen3-1.7B
ID_9170893104155674;0.2494;0.2389;0.4000;0.3000;0.2500;0.0741;0.1111;0.1852;0.0380;0.3947;0.7062;3;5;0.0669;0.5105;0.6911;Qwen3-1.7B
ID_3991335284097878;0.5175;0.4366;0.4000;0.4000;0.2000;0.1429;0.2857;0.2857;0.2092;0.6415;0.5749;5;5;0.2092;0.6415;0.5749;Qwen3-1.7B
ID_1802668440782138;0.4690;0.3842;0.6000;0.3000;0.2500;0.1429;0.1429;0.2381;0.1429;0.6216;0.5851;3;5;0.1745;0.6689;0.6298;Qwen3-1.7B
ID_0211323355347168;0.1389;0.0949;0.2000;0.1000;0.0500;0.0333;0.0333;0.0333;0.0167;0.2281;0.7532;1;2;0.0167;0.2807;0.7541;Qwen3-1.7B
ID_5635972225700254;0.6323;0.4207;0.8000;0.6000;0.3000;0.1600;0.2400;0.2400;0.2233;0.4766;0.6063;6;7;0.2233;0.5047;0.5781;Qwen3-1.7B
ID_1616204547689304;0.0851;0.1324;0.2000;0.1000;0.1500;0.0526;0.0526;0.1579;0.0105;0.2564;0.6197;1;4;0.0263;0.5932;0.6359;Qwen3-1.7B
ID_0560039556461253;0.7204;0.5122;0.8000;0.7000;0.4500;0.0800;0.1400;0.1800;0.1223;0.3159;0.6344;7;9;0.1413;0.4287;0.7003;Qwen3-1.7B
ID_3455204481678421;0.5880;0.4831;0.8000;0.5000;0.4000;0.1053;0.1316;0.2105;0.1199;0.2557;0.6783;6;9;0.1551;0.4408;0.7111;Qwen3-1.7B
ID_8938461112152405;0.4441;0.3398;0.6000;0.3000;0.2000;0.1200;0.1200;0.1600;0.1040;0.4181;0.6630;3;4;0.1134;0.4612;0.6453;Qwen3-1.7B
ID_5552833362200954;0.2741;0.3156;0.2000;0.4000;0.3500;0.0400;0.1600;0.2800;0.0605;0.2360;0.6760;4;7;0.1103;0.3258;0.6211;Qwen3-1.7B
ID_0914668307033301;0.5765;0.5058;0.4000;0.4000;0.2000;0.1429;0.2857;0.2857;0.2092;0.6792;0.7059;5;5;0.2092;0.7096;0.7280;Qwen3-1.7B
ID_1990435630619505;0.2104;0.1740;0.0000;0.2000;0.1000;0.0000;0.1000;0.1000;0.0196;0.5000;0.6790;4;5;0.0196;0.6310;0.6841;Qwen3-1.7B
ID_4962820320879891;0.0000;0.1026;0.0000;0.0000;0.2000;0.0000;0.0000;0.0889;0.0000;0.3849;0.6840;0;4;0.0142;0.5283;0.6413;Qwen3-1.7B
ID_0084300900034108;0.3882;0.3245;0.4000;0.3000;0.1500;0.1053;0.1579;0.1579;0.1015;0.1776;0.6864;3;4;0.1015;0.2056;0.6755;Qwen3-1.7B
ID_1888879974374014;0.2583;0.3843;0.4000;0.3000;0.4500;0.0588;0.0882;0.2647;0.0338;0.2950;0.7301;3;9;0.1118;0.3551;0.7310;Qwen3-1.7B
ID_3061734732654188;0.3126;0.3421;0.6000;0.7000;0.5000;0.1250;0.2917;0.4167;0.1809;0.4565;0.6894;7;10;0.2653;0.5000;0.6884;Qwen3-1.7B
ID_3594651355252245;0.1100;0.0844;0.2000;0.1000;0.0500;0.0476;0.0476;0.0476;0.0159;0.1007;0.6418;1;1;0.0159;0.1293;0.6515;Qwen3-1.7B
ID_8739431159426389;0.4902;0.4162;0.6000;0.5000;0.4000;0.0857;0.1429;0.2286;0.1042;0.1834;0.6444;6;9;0.1368;0.2197;0.6348;Qwen3-1.7B
ID_7050638697696950;0.6471;0.5183;0.8000;0.6000;0.4500;0.1905;0.2857;0.4286;0.2158;0.1962;0.6675;6;9;0.3039;0.2595;0.6445;Qwen3-1.7B
ID_3781815204303241;0.2072;0.1994;0.4000;0.3000;0.2000;0.0741;0.1111;0.1481;0.0352;0.3740;0.6121;3;4;0.0475;0.3888;0.6451;Qwen3-1.7B
ID_3394181280355442;0.4101;0.4876;0.6000;0.4000;0.4000;0.2143;0.2857;0.5714;0.2440;0.2275;0.7032;6;11;0.3646;0.2784;0.6915;Qwen3-1.7B
ID_7927685281122435;0.1583;0.1986;0.4000;0.2000;0.2000;0.0741;0.0741;0.1481;0.0272;0.4453;0.6349;2;4;0.0487;0.4844;0.6555;Qwen3-1.7B
ID_3900177177421722;0.3820;0.3101;0.4000;0.3000;0.1500;0.1000;0.1500;0.1500;0.0867;0.8792;0.5686;4;8;0.0867;0.8792;0.4249;Qwen3-1.7B
ID_0915732258069388;0.0000;0.1216;0.0000;0.0000;0.1500;0.0000;0.0000;0.1579;0.0000;0.0572;0.7593;0;3;0.0167;0.2415;0.7316;Qwen3-1.7B
ID_6341248082936350;0.1635;0.1390;0.2000;0.2000;0.1500;0.0244;0.0488;0.0732;0.0130;0.4706;0.6145;2;3;0.0171;0.5588;0.6470;Qwen3-1.7B
ID_8634866589762862;0.5179;0.4602;0.8000;0.4000;0.3500;0.2105;0.2105;0.3684;0.1693;0.3497;0.7039;5;8;0.2295;0.3849;0.6393;Qwen3-1.7B
ID_8992951405803858;0.4845;0.4067;0.6000;0.4000;0.3000;0.1500;0.2000;0.3000;0.1586;0.2382;0.6904;5;7;0.1952;0.2705;0.6701;Qwen3-1.7B
ID_8555278845050226;0.4073;0.3166;0.6000;0.4000;0.3000;0.0789;0.1053;0.1579;0.0610;0.2441;0.6882;4;6;0.0812;0.2835;0.6589;Qwen3-1.7B
ID_6420054948441113;0.4059;0.2948;0.4000;0.4000;0.2500;0.0476;0.0952;0.1190;0.0531;0.4244;0.6496;4;5;0.0593;0.5659;0.6410;Qwen3-1.7B
ID_3784957422020764;0.3495;0.3094;0.4000;0.4000;0.4000;0.0588;0.1176;0.2353;0.0523;0.4377;0.5939;4;8;0.0983;0.4982;0.6113;Qwen3-1.7B
ID_2747150211073176;0.2201;0.1420;0.2000;0.1000;0.0500;0.0278;0.0278;0.0278;0.0278;0.0363;0.7029;1;1;0.0278;0.0404;0.6954;Qwen3-1.7B
ID_6646435354431954;0.2391;0.2381;0.4000;0.2000;0.1000;0.1818;0.1818;0.1818;0.1273;0.1895;0.7342;2;3;0.1273;0.2092;0.6366;Qwen3-1.7B
ID_2121686219033754;0.5801;0.5155;0.4000;0.5000;0.5000;0.0588;0.1471;0.2941;0.1087;0.0787;0.7513;5;10;0.1877;0.2247;0.7206;Qwen3-1.7B
ID_0517841867884236;0.6489;0.4188;1.0000;0.5000;0.2500;0.1042;0.1042;0.1042;0.1042;0.6780;0.3336;5;5;0.1042;0.6780;0.3336;Qwen3-1.7B
ID_6562497517787376;0.7315;0.5226;0.6000;0.7000;0.4500;0.0833;0.1944;0.2500;0.1530;0.2830;0.6435;7;9;0.1862;0.3040;0.6931;Qwen3-1.7B
ID_2253678905578777;0.2921;0.3859;0.4000;0.2000;0.4000;0.0526;0.0526;0.2105;0.0368;0.6458;0.6212;4;10;0.0910;0.7014;0.6381;Qwen3-1.7B
ID_8884263402852992;0.6555;0.6112;0.6000;0.5000;0.2500;0.3333;0.5556;0.5556;0.4218;0.8308;0.5223;6;6;0.4218;0.9385;0.6088;Qwen3-1.7B
ID_3669511350633933;0.4067;0.4105;0.6000;0.5000;0.4500;0.1071;0.1786;0.3214;0.1311;0.1636;0.6904;5;9;0.2094;0.2364;0.6360;Qwen3-1.7B
ID_1046967561370777;0.1985;0.1895;0.2000;0.1000;0.0500;0.0909;0.0909;0.0909;0.0303;0.6486;0.6861;1;1;0.0303;0.6622;0.6628;Qwen3-1.7B
ID_0095550072802463;0.1447;0.1496;0.4000;0.2000;0.1500;0.1250;0.1250;0.1875;0.0563;0.2419;0.6626;2;3;0.0667;0.3387;0.6881;Qwen3-1.7B
ID_2658762200370578;0.2240;0.2443;0.0000;0.3000;0.2000;0.0000;0.1875;0.2500;0.0470;0.1734;0.5677;3;4;0.0679;0.1908;0.4916;Qwen3-1.7B
ID_0700137809969252;0.2077;0.1784;0.4000;0.3000;0.1500;0.0952;0.1429;0.1429;0.0548;0.1515;0.7051;4;6;0.0548;0.2946;0.7475;Qwen3-1.7B
ID_2713375538068664;0.0643;0.1619;0.2000;0.1000;0.1500;0.0769;0.0769;0.2308;0.0385;0.2565;0.6725;1;3;0.0648;0.3478;0.6319;Qwen3-1.7B
ID_3867942762661182;0.6938;0.4477;0.8000;0.6000;0.3000;0.1176;0.1765;0.1765;0.1524;0.3929;0.6597;6;6;0.1524;0.4464;0.7074;Qwen3-1.7B
ID_4548734294382889;0.1921;0.2068;0.2000;0.3000;0.3000;0.0250;0.0750;0.1500;0.0240;0.3392;0.7234;3;6;0.0453;0.4925;0.7028;Qwen3-1.7B
ID_7930540518087267;0.2430;0.3349;0.4000;0.5000;0.4500;0.0870;0.2174;0.3913;0.0928;0.4194;0.6009;5;9;0.1814;0.5430;0.6405;Qwen3-1.7B
ID_3852736184581900;0.2900;0.3594;0.6000;0.3000;0.4000;0.1071;0.1071;0.2857;0.0512;0.6420;0.6512;3;8;0.1148;0.6420;0.5654;Qwen3-1.7B
ID_7591029585871788;0.1510;0.3833;0.2000;0.3000;0.4500;0.0667;0.2000;0.6000;0.0533;0.5111;0.4365;4;11;0.2088;0.6000;0.3502;Qwen3-1.7B
ID_4028993334703256;0.4521;0.4042;0.8000;0.6000;0.3500;0.0976;0.1463;0.1707;0.1339;0.4933;0.1922;6;7;0.1494;0.5172;0.2334;Qwen3-1.7B
ID_8906707362461289;0.0000;0.0000;0.0000;0.0000;0.0000;0.0000;0.0000;0.0000;0.0000;0.2188;0.6271;0;0;0.0000;0.3750;0.7126;Qwen3-1.7B
ID_7913302545613108;0.6489;0.5670;1.0000;0.5000;0.3000;0.3125;0.3125;0.3750;0.3125;0.2183;0.4928;5;6;0.3438;0.2324;0.3984;Qwen3-1.7B
ID_2329499237357364;0.4329;0.4337;0.4000;0.3000;0.3000;0.1333;0.2000;0.4000;0.1219;0.2273;0.6690;4;7;0.1863;0.2500;0.6535;Qwen3-1.7B
ID_0717367953543712;0.0997;0.2688;0.0000;0.1000;0.2000;0.0000;0.1111;0.4444;0.0159;0.5000;0.5008;2;5;0.0895;0.5405;0.3789;Qwen3-1.7B
ID_6019754377229990;0.5817;0.5106;0.6000;0.5000;0.4500;0.0857;0.1429;0.2571;0.0997;0.4543;0.6696;6;10;0.1484;0.5188;0.6055;Qwen3-1.7B
ID_1601050225496140;0.1100;0.0866;0.2000;0.1000;0.1000;0.0333;0.0333;0.0667;0.0111;0.1263;0.6801;1;2;0.0159;0.1263;0.6979;Qwen3-1.7B
ID_5957855817378897;0.3637;0.3922;0.4000;0.3000;0.3500;0.0667;0.1000;0.2333;0.0722;0.2075;0.6839;3;7;0.1178;0.2573;0.7044;Qwen3-1.7B
ID_1349279406406034;0.2356;0.2696;0.0000;0.4000;0.3000;0.0000;0.2222;0.3333;0.0659;0.4250;0.6945;6;8;0.1078;0.4750;0.7101;Qwen3-1.7B
ID_1290711673273506;0.5355;0.5199;0.8000;0.4000;0.3500;0.1739;0.1739;0.3043;0.1739;0.5026;0.6620;7;10;0.2338;0.5397;0.6489;Qwen3-1.7B
ID_2402401592333107;0.0000;0.1756;0.0000;0.0000;0.2000;0.0000;0.0000;0.2500;0.0000;0.0541;0.7074;0;4;0.0387;0.1405;0.6801;Qwen3-1.7B
ID_0036129846822289;0.4189;0.4081;0.4000;0.5000;0.4500;0.0714;0.1786;0.3214;0.0853;0.4381;0.6535;5;9;0.1499;0.5095;0.6146;Qwen3-1.7B
ID_7937368027614414;0.2871;0.3663;0.4000;0.4000;0.3500;0.0690;0.1379;0.2414;0.0593;0.3402;0.5317;5;9;0.1039;0.4536;0.5035;Qwen3-1.7B
ID_9065501029560884;0.2240;0.3011;0.2000;0.4000;0.3500;0.0417;0.1667;0.2917;0.0650;0.3277;0.7176;4;8;0.1240;0.3362;0.7121;Qwen3-1.7B
ID_6886593430683676;0.6387;0.4879;0.8000;0.7000;0.4000;0.1818;0.3182;0.3636;0.2308;0.2033;0.6027;9;12;0.2611;0.2602;0.6007;Qwen3-1.7B
ID_9362686215096702;0.1420;0.2486;0.4000;0.2000;0.3500;0.0444;0.0444;0.1556;0.0185;0.1281;0.5987;2;7;0.0535;0.3277;0.5810;Qwen3-1.7B
ID_3746397954560718;0.0562;0.1268;0.0000;0.0000;0.0500;0.0000;0.0000;0.0769;0.0000;0.1489;0.7680;3;8;0.0051;0.3404;0.7404;Qwen3-1.7B
ID_7561487411080800;0.6503;0.5572;0.8000;0.6000;0.5000;0.0976;0.1463;0.2439;0.1242;0.5340;0.7426;7;11;0.1737;0.6003;0.7013;Qwen3-1.7B
ID_9080862012369372;0.1554;0.1826;0.2000;0.1000;0.1000;0.1111;0.1111;0.2222;0.0222;0.4278;0.7215;2;4;0.0361;0.5500;0.6814;Qwen3-1.7B
ID_2938011667744143;0.2457;0.1586;0.2000;0.3000;0.1500;0.0213;0.0638;0.0638;0.0195;0.7068;0.6226;3;3;0.0195;0.7685;0.6633;Qwen3-1.7B
ID_1455327138239823;0.4701;0.3716;0.4000;0.5000;0.3500;0.0690;0.1724;0.2414;0.0987;0.2540;0.7288;5;7;0.1251;0.2863;0.7033;Qwen3-1.7B
ID_4787380927153288;0.6118;0.5243;0.6000;0.5000;0.4500;0.0682;0.1136;0.2045;0.0954;0.4826;0.6547;5;10;0.1445;0.5489;0.6362;Qwen3-1.7B
ID_4470314114687099;0.4506;0.4063;0.4000;0.4000;0.3500;0.0625;0.1250;0.2188;0.0725;0.3724;0.6501;4;8;0.1133;0.5090;0.6354;Qwen3-1.7B
ID_4594174520904857;0.3273;0.2530;0.4000;0.3000;0.2000;0.0645;0.0968;0.1290;0.0538;0.7320;0.6481;3;4;0.0602;0.7451;0.5223;Qwen3-1.7B
ID_1537768249023926;0.2195;0.3233;0.2000;0.2000;0.3500;0.0417;0.0833;0.2917;0.0312;0.0469;0.4635;3;8;0.1032;0.1004;0.4773;Qwen3-1.7B
ID_5006741787749124;0.0000;0.0000;0.0000;0.0000;0.0000;0.0000;0.0000;0.0000;0.0000;0.1560;0.0785;0;0;0.0000;0.1560;0.0785;Qwen3-1.7B
ID_7199755730477708;0.0000;0.0000;0.0000;0.0000;0.0000;0.0000;0.0000;0.0000;0.0000;0.1416;0.6658;0;0;0.0000;0.1717;0.6665;Qwen3-1.7B
ID_5969636750048659;0.3709;0.3968;0.4000;0.3000;0.2000;0.1538;0.2308;0.3077;0.1099;0.1377;0.2191;6;9;0.1379;0.1598;0.2104;Qwen3-1.7B
ID_4670907354729674;0.3328;0.3328;0.4000;0.3000;0.1500;0.2222;0.3333;0.3333;0.2222;0.1333;0.6522;3;3;0.2222;0.2167;0.6820;Qwen3-1.7B
ID_2878770983264825;0.1953;0.1543;0.2000;0.4000;0.2000;0.0400;0.1600;0.1600;0.0541;0.3438;0.5392;4;4;0.0541;0.3872;0.5603;Qwen3-1.7B
ID_6712204853062196;0.1637;0.1327;0.4000;0.2000;0.1500;0.0690;0.0690;0.1034;0.0253;0.2308;0.5328;3;4;0.0310;0.3269;0.5812;Qwen3-1.7B
ID_6644811083291335;0.3836;0.3662;0.4000;0.3000;0.3000;0.0800;0.1200;0.2400;0.0760;0.7975;0.5455;3;6;0.1232;0.8397;0.5884;Qwen3-1.7B
ID_9092587237114334;0.5764;0.4093;0.6000;0.5000;0.3000;0.0909;0.1515;0.1818;0.1086;0.1786;0.7563;6;7;0.1226;0.2468;0.7241;Qwen3-1.7B
ID_3551809247862378;0.1699;0.2508;0.2000;0.1000;0.1500;0.1250;0.1250;0.3750;0.0417;0.4016;0.7154;2;4;0.0818;0.4016;0.6859;Qwen3-1.7B
ID_5061261000226463;0.3687;0.2953;0.2000;0.1000;0.1000;0.0455;0.0455;0.0909;0.0455;0.4023;0.6543;2;3;0.0511;0.4322;0.6059;Qwen3-1.7B
ID_8643734175886873;0.5302;0.5490;1.0000;0.7000;0.6000;0.1786;0.2500;0.4286;0.2274;0.6000;0.6946;7;12;0.3485;0.7375;0.6680;Qwen3-1.7B
ID_8797735093080763;0.3341;0.3247;0.6000;0.3000;0.3000;0.1154;0.1154;0.2308;0.0679;0.1290;0.7471;3;6;0.1084;0.4516;0.7485;Qwen3-1.7B
ID_2302314954133011;0.3369;0.3132;0.4000;0.3000;0.2000;0.0870;0.1304;0.1739;0.0754;0.3070;0.6271;4;5;0.0856;0.4825;0.6205;Qwen3-1.7B
ID_7396818382676736;0.6845;0.5093;0.6000;0.7000;0.4500;0.0882;0.2059;0.2647;0.1563;0.7739;0.5265;7;9;0.1842;0.8032;0.5746;Qwen3-1.7B
ID_2382469130424035;0.7565;0.6743;0.8000;0.9000;0.8000;0.0976;0.2195;0.3902;0.2038;0.7086;0.2463;10;18;0.3580;0.7417;0.2129;Qwen3-1.7B
ID_0751166458904189;0.4630;0.3576;0.4000;0.5000;0.3500;0.0488;0.1220;0.1707;0.0664;0.3980;0.6214;5;8;0.0900;0.4082;0.6830;Qwen3-1.7B
ID_1433102143096276;0.3005;0.4488;0.4000;0.3000;0.3000;0.1818;0.2727;0.5455;0.1147;0.7927;0.6507;3;7;0.1946;0.8293;0.6605;Qwen3-1.7B
ID_5370050614825156;0.0878;0.1415;0.2000;0.2000;0.2500;0.0286;0.0571;0.1429;0.0153;0.2645;0.5337;3;6;0.0356;0.3623;0.6243;Qwen3-1.7B
ID_6293663565260182;0.1331;0.1989;0.0000;0.2000;0.2000;0.0000;0.1176;0.2353;0.0191;0.2993;0.7492;2;4;0.0520;0.3479;0.6811;Qwen3-1.7B
ID_0611351138131709;0.6906;0.6488;0.8000;0.6000;0.6000;0.1538;0.2308;0.4615;0.2016;0.6138;0.5693;6;12;0.3380;0.6276;0.4335;Qwen3-1.7B
ID_7583826391876379;0.1227;0.1891;0.0000;0.2000;0.3000;0.0000;0.0769;0.2308;0.0174;0.5921;0.6837;3;8;0.0638;0.6579;0.6451;Qwen3-1.7B
ID_0059762188104357;0.5251;0.4949;0.6000;0.6000;0.4500;0.1200;0.2400;0.3600;0.1823;0.8710;0.5192;6;9;0.2507;0.9032;0.4797;Qwen3-1.7B
ID_6052239712915301;0.3413;0.2492;0.4000;0.2000;0.1000;0.0588;0.0588;0.0588;0.0490;0.2358;0.7246;3;3;0.0490;0.2358;0.7246;Qwen3-1.7B
ID_6200337581440834;0.3158;0.2889;0.4000;0.5000;0.4000;0.0606;0.1515;0.2424;0.0694;0.4883;0.7174;5;8;0.1108;0.5312;0.6408;Qwen3-1.7B
ID_6405951782839858;0.3160;0.3956;0.2000;0.1000;0.2000;0.0714;0.0714;0.2857;0.0714;0.2041;0.5824;1;5;0.1177;0.3878;0.6435;Qwen3-1.7B
ID_7456235597127456;0.1923;0.1866;0.6000;0.3000;0.2000;0.1875;0.1875;0.2500;0.1000;0.2173;0.6598;3;4;0.1192;0.2396;0.6462;Qwen3-1.7B
ID_7254377052595883;0.5602;0.5164;1.0000;0.7000;0.4500;0.2381;0.3333;0.4286;0.3122;0.5549;0.5470;9;11;0.3609;0.5549;0.5962;Qwen3-1.7B
ID_8273262094488441;0.0800;0.1155;0.4000;0.2000;0.1500;0.0588;0.0588;0.0882;0.0191;0.0686;0.6737;2;3;0.0271;0.3627;0.6069;Qwen3-1.7B
ID_7525404075009709;0.3590;0.2466;0.4000;0.2000;0.1500;0.0588;0.0588;0.0882;0.0588;0.6696;0.5844;2;3;0.0643;0.7054;0.6599;Qwen3-1.7B
ID_2659526671827929;0.1824;0.1573;0.2000;0.3000;0.2000;0.0200;0.0600;0.0800;0.0167;0.2197;0.6048;3;4;0.0239;0.2401;0.6839;Qwen3-1.7B
ID_5436929276473133;0.3191;0.3499;0.4000;0.4000;0.4000;0.0426;0.0851;0.1702;0.0368;0.7713;0.5179;4;8;0.0743;0.8992;0.5920;Qwen3-1.7B
ID_2019624495480547;0.5748;0.5399;1.0000;0.8000;0.6000;0.1250;0.2000;0.3000;0.1972;0.4753;0.7611;9;13;0.2619;0.5309;0.7235;Qwen3-1.7B
ID_0101573130155769;0.4761;0.3981;0.6000;0.5000;0.3500;0.1304;0.2174;0.3043;0.1275;0.8333;0.5671;5;7;0.1710;0.8590;0.6318;Qwen3-1.7B
ID_1759328747578795;0.4780;0.4002;0.4000;0.4000;0.2500;0.1176;0.2353;0.2941;0.1569;0.1229;0.6967;4;5;0.1742;0.1695;0.6312;Qwen3-1.7B
ID_3376750892363066;0.3139;0.2708;0.4000;0.4000;0.3000;0.0690;0.1379;0.2069;0.0772;0.3384;0.7345;4;6;0.1052;0.3485;0.7375;Qwen3-1.7B
ID_3832957669189657;0.4722;0.4400;0.4000;0.4000;0.4500;0.0588;0.1176;0.2647;0.0755;0.2417;0.6144;4;9;0.1420;0.2930;0.6166;Qwen3-1.7B
ID_6985916875607463;0.3212;0.3492;0.4000;0.5000;0.3500;0.0800;0.2000;0.2800;0.1012;0.1859;0.6760;5;7;0.1358;0.3942;0.6372;Qwen3-1.7B
ID_0271756813168869;0.2765;0.2765;0.0000;0.2000;0.1000;0.0000;0.4000;0.4000;0.0833;0.5000;0.6914;3;3;0.0833;0.5000;0.7058;Qwen3-1.7B
ID_2515147908021339;0.6091;0.6100;0.6000;0.6000;0.6000;0.0612;0.1224;0.2449;0.0809;0.5253;0.6054;6;12;0.1605;0.5758;0.6299;Qwen3-1.7B
ID_4463851260628939;0.6965;0.5688;0.6000;0.6000;0.5000;0.0909;0.1818;0.3030;0.1509;0.2059;0.6139;7;11;0.2158;0.2402;0.6071;Qwen3-1.7B
ID_1103843322667635;0.5633;0.4799;0.8000;0.6000;0.5000;0.1212;0.1818;0.3030;0.1303;0.4809;0.6464;7;11;0.1889;0.5344;0.6225;Qwen3-1.7B
ID_0351531509597193;0.6746;0.4727;0.8000;0.6000;0.3500;0.1111;0.1667;0.1944;0.1345;0.2263;0.5789;6;7;0.1494;0.2409;0.6348;Qwen3-1.7B
ID_1602277501575415;0.0284;0.0935;0.0000;0.1000;0.2000;0.0000;0.0333;0.1333;0.0037;0.1975;0.7230;1;4;0.0243;0.2531;0.6467;Qwen3-1.7B
ID_1519722333222743;0.5695;0.5168;0.8000;0.6000;0.4500;0.1739;0.2609;0.3913;0.2340;0.2181;0.7544;6;9;0.2980;0.3085;0.7409;Qwen3-1.7B
ID_0198281726965444;0.2594;0.2228;0.4000;0.3000;0.2000;0.0909;0.1364;0.1818;0.0725;0.1934;0.7161;3;4;0.0832;0.2263;0.6037;Qwen3-1.7B
ID_2397508258376320;0.4221;0.4765;0.6000;0.4000;0.4000;0.1875;0.2500;0.5000;0.1615;0.9000;0.5923;4;8;0.2857;0.9750;0.6050;Qwen3-1.7B
ID_3243382843704500;0.3017;0.2966;0.4000;0.5000;0.3500;0.0909;0.2273;0.3182;0.1003;0.1714;0.7247;6;9;0.1360;0.2857;0.6868;Qwen3-1.7B
ID_7908961016619339;0.3843;0.3410;0.4000;0.3000;0.3000;0.0909;0.1364;0.2727;0.0852;0.4143;0.6342;3;6;0.1295;0.4143;0.6524;Qwen3-1.7B
ID_0612547523125517;0.7481;0.5849;1.0000;0.7000;0.5500;0.1667;0.2333;0.3667;0.2292;0.5448;0.6737;7;11;0.3143;0.5828;0.6573;Qwen3-1.7B
ID_7483948147827075;0.3809;0.3884;0.8000;0.4000;0.3500;0.1481;0.1481;0.2593;0.1006;0.4717;0.6226;5;9;0.1531;0.5629;0.6341;Qwen3-1.7B
ID_3663976246405654;0.3744;0.3337;0.2000;0.3000;0.2000;0.0556;0.1667;0.2222;0.0880;0.5636;0.6878;3;5;0.1082;0.6364;0.6804;Qwen3-1.7B
ID_6175285839739641;0.3996;0.3655;0.4000;0.3000;0.3000;0.0870;0.1304;0.2609;0.0888;0.3393;0.6224;3;6;0.1266;0.3724;0.6197;Qwen3-1.7B
ID_4746511137641620;0.6300;0.4430;0.8000;0.5000;0.3000;0.1000;0.1250;0.1500;0.1139;0.2199;0.6687;5;6;0.1246;0.2775;0.6400;Qwen3-1.7B
ID_2247991541439424;0.0951;0.1466;0.0000;0.1000;0.2000;0.0000;0.0270;0.1081;0.0027;0.1778;0.6828;2;5;0.0163;0.2778;0.7153;Qwen3-1.7B
ID_2169077750473763;0.2177;0.2396;0.4000;0.3000;0.2500;0.0741;0.1111;0.1852;0.0420;0.4338;0.6260;4;6;0.0641;0.4412;0.6728;Qwen3-1.7B
ID_0737720586420784;0.0694;0.1459;0.0000;0.1000;0.2000;0.0000;0.0192;0.0769;0.0024;0.1393;0.7235;1;4;0.0121;0.2213;0.6581;Qwen3-1.7B
ID_1666847480524681;0.4627;0.4382;0.4000;0.4000;0.4500;0.0465;0.0930;0.2093;0.0581;0.9189;0.6401;4;9;0.1150;1.0000;0.6139;Qwen3-1.7B
ID_0143397497562314;0.6937;0.5750;0.8000;0.6000;0.5000;0.1026;0.1538;0.2564;0.1322;0.6035;0.6596;6;10;0.1957;0.6167;0.6550;Qwen3-1.7B
ID_5733639342016958;0.0000;0.0911;0.0000;0.0000;0.0500;0.0000;0.0000;0.1429;0.0000;0.2835;0.6050;0;2;0.0095;0.2992;0.6432;Qwen3-1.7B
ID_6911356765220023;0.3825;0.3068;0.4000;0.4000;0.3000;0.0588;0.1176;0.1765;0.0506;0.2426;0.6541;7;9;0.0744;0.4191;0.6811;Qwen3-1.7B
ID_1254836315844697;0.1646;0.1502;0.2000;0.1000;0.1000;0.0526;0.0526;0.1053;0.0263;0.4588;0.7665;3;4;0.0338;0.4945;0.7092;Qwen3-1.7B
ID_3590884268165249;0.6288;0.4919;0.6000;0.6000;0.4500;0.0750;0.1500;0.2250;0.1160;0.1699;0.6698;6;9;0.1573;0.1852;0.6694;Qwen3-1.7B
ID_1383177933306046;0.1190;0.1787;0.2000;0.2000;0.2500;0.0294;0.0588;0.1471;0.0172;0.5124;0.6782;2;5;0.0373;0.6198;0.6631;Qwen3-1.7B
ID_8400994037688251;0.1181;0.1342;0.0000;0.1000;0.0500;0.0000;0.1250;0.1250;0.0179;0.3269;0.7305;3;6;0.0179;0.3269;0.7312;Qwen3-1.7B
ID_7421096523152034;0.0865;0.1301;0.0000;0.1000;0.0500;0.0000;0.2000;0.2000;0.0222;0.1053;0.5076;1;4;0.0222;0.1842;0.5239;Qwen3-1.7B
ID_3524890504250775;0.1435;0.1996;0.2000;0.1000;0.2000;0.0625;0.0625;0.2500;0.0125;0.5133;0.6704;5;9;0.0520;0.5506;0.6897;Qwen3-1.7B
ID_2762547320425528;0.3270;0.2574;0.4000;0.2000;0.1000;0.1000;0.1000;0.1000;0.0750;0.1642;0.5555;3;3;0.0750;0.1642;0.5555;Qwen3-1.7B
ID_6900410067408108;0.5659;0.5047;0.8000;0.7000;0.5000;0.1481;0.2593;0.3704;0.1892;0.7097;0.6364;7;11;0.2589;0.7702;0.6954;Qwen3-1.7B
ID_3675336131283739;0.4598;0.3797;0.4000;0.4000;0.3000;0.0833;0.1667;0.2500;0.1220;0.2018;0.6927;4;6;0.1498;0.2063;0.6836;Qwen3-1.7B
ID_5136341885052869;0.0144;0.1263;0.0000;0.0000;0.1500;0.0000;0.0000;0.0968;0.0000;0.1225;0.6671;1;4;0.0100;0.2353;0.7237;Qwen3-1.7B
ID_4892401475655718;0.0000;0.0239;0.0000;0.0000;0.0500;0.0000;0.0000;0.0769;0.0000;0.4278;0.6569;0;1;0.0055;0.4897;0.6853;Qwen3-1.7B
ID_1780902767520967;0.0000;0.0904;0.0000;0.0000;0.1000;0.0000;0.0000;0.0714;0.0000;0.4000;0.6380;0;2;0.0092;0.6545;0.6304;Qwen3-1.7B
ID_1106609472179988;0.5662;0.5428;0.8000;0.5000;0.5000;0.1053;0.1316;0.2632;0.1066;0.7016;0.6530;5;11;0.1714;0.7258;0.7273;Qwen3-1.7B
ID_7594033934995220;0.2638;0.3070;0.2000;0.4000;0.3500;0.0435;0.1739;0.3043;0.0572;0.8714;0.6393;6;9;0.1148;0.9000;0.6157;Qwen3-1.7B
ID_2293023062054998;0.2893;0.3178;0.2000;0.4000;0.3500;0.0476;0.1905;0.3333;0.1077;0.6681;0.7500;5;9;0.1570;0.7052;0.7184;Qwen3-1.7B
ID_3059520185406581;0.6524;0.4539;0.6000;0.6000;0.3500;0.0968;0.1935;0.2258;0.1427;0.4000;0.6244;6;7;0.1600;0.4052;0.6999;Qwen3-1.7B
ID_7969404470516307;0.0394;0.0638;0.0000;0.1000;0.1000;0.0000;0.0250;0.0500;0.0025;0.5817;0.5496;2;3;0.0067;0.6340;0.5924;Qwen3-1.7B
ID_3477269475651042;0.5255;0.4834;1.0000;0.7000;0.5500;0.1389;0.1944;0.3056;0.1792;0.7786;0.6886;8;13;0.2524;0.7823;0.6842;Qwen3-1.7B
ID_0023950321397451;0.1996;0.2016;0.4000;0.2000;0.2000;0.0500;0.0500;0.1000;0.0292;0.2267;0.2442;3;5;0.0416;0.2387;0.2236;Qwen3-1.7B
ID_3939504645911140;0.3679;0.3127;0.2000;0.3000;0.2500;0.0357;0.1071;0.1786;0.0610;0.1526;0.4728;3;5;0.0831;0.2211;0.5060;Qwen3-1.7B
ID_4300201078050323;0.2329;0.1995;0.6000;0.4000;0.2500;0.0789;0.1053;0.1316;0.0655;0.6667;0.5838;4;5;0.0732;0.7094;0.6398;Qwen3-1.7B
ID_2069437408328707;0.3290;0.3293;0.4000;0.3000;0.2000;0.1538;0.2308;0.3077;0.1612;0.2361;0.5814;3;4;0.1868;0.2812;0.4700;Qwen3-1.7B
ID_5653559772140199;0.4877;0.4331;1.0000;0.7000;0.4500;0.1667;0.2333;0.3000;0.2259;0.2867;0.4767;7;9;0.2732;0.4667;0.4964;Qwen3-1.7B
ID_4051248293039990;0.0681;0.1110;0.0000;0.1000;0.1000;0.0000;0.1111;0.2222;0.0139;0.4062;0.3689;2;4;0.0287;0.6042;0.5753;Qwen3-1.7B
ID_5599017990318989;0.0734;0.0802;0.0000;0.1000;0.1000;0.0000;0.0286;0.0571;0.0041;0.1028;0.6678;1;2;0.0071;0.1503;0.6703;Qwen3-1.7B
ID_5391801774050611;0.3883;0.4045;0.4000;0.4000;0.3000;0.0800;0.1600;0.2400;0.0994;0.5517;0.7550;4;8;0.1281;0.5632;0.6948;Qwen3-1.7B
ID_5379077061489077;0.1582;0.2450;0.4000;0.2000;0.3000;0.0541;0.0541;0.1622;0.0243;0.3430;0.5853;3;7;0.0548;0.3857;0.6058;Qwen3-1.7B
ID_5113998301069032;0.0694;0.1419;0.0000;0.1000;0.2000;0.0000;0.0345;0.1379;0.0043;0.1439;0.5431;1;5;0.0238;0.2879;0.6484;Qwen3-1.7B
ID_8948217221748469;0.2648;0.2486;0.4000;0.3000;0.2000;0.0690;0.1034;0.1379;0.0414;0.0357;0.3682;4;5;0.0529;0.0357;0.2832;Qwen3-1.7B
ID_5450087410078221;0.3934;0.3517;0.4000;0.2000;0.1000;0.1667;0.1667;0.1667;0.1667;0.1579;0.5679;3;4;0.1667;0.1776;0.6329;Qwen3-1.7B
ID_5832558504922244;0.0784;0.1697;0.0000;0.1000;0.2500;0.0000;0.0250;0.1250;0.0042;0.3280;0.6868;1;5;0.0258;0.3730;0.6531;Qwen3-1.7B
ID_5194381227316437;0.0851;0.0890;0.2000;0.1000;0.1000;0.0294;0.0294;0.0588;0.0059;0.5785;0.6824;1;2;0.0093;0.6281;0.6938;Qwen3-1.7B
ID_5662858299034942;0.3301;0.2479;0.4000;0.2000;0.2000;0.0667;0.0667;0.1333;0.0556;0.3041;0.6389;2;5;0.0696;0.4221;0.5866;Qwen3-1.7B
ID_0333795175458545;0.5233;0.4163;0.6000;0.7000;0.4000;0.0909;0.2121;0.2424;0.1316;0.4029;0.6896;7;9;0.1450;0.4223;0.7102;Qwen3-1.7B
ID_0063745071964255;0.7058;0.5660;0.8000;0.6000;0.5000;0.1538;0.2308;0.3846;0.2090;0.6512;0.6985;6;10;0.2937;0.7791;0.6754;Qwen3-1.7B
ID_4542759243110371;0.3363;0.3519;0.4000;0.5000;0.3500;0.1000;0.2500;0.3500;0.1159;0.7594;0.7433;5;8;0.1510;0.7807;0.7238;Qwen3-1.7B
ID_1680065573338339;0.1389;0.0896;0.2000;0.1000;0.0500;0.0357;0.0357;0.0357;0.0179;0.0502;0.7228;1;1;0.0179;0.0502;0.7228;Qwen3-1.7B
ID_2784703187800324;0.0000;0.0375;0.0000;0.0000;0.0500;0.0000;0.0000;0.0370;0.0000;0.3108;0.6333;0;1;0.0019;0.5676;0.6337;Qwen3-1.7B
ID_3563923906851611;0.5858;0.6803;0.6000;0.6000;0.5500;0.1579;0.3158;0.5789;0.2224;0.2982;0.7239;9;15;0.3868;0.4912;0.6639;Qwen3-1.7B
ID_3527197809276361;0.2083;0.2419;0.0000;0.3000;0.3000;0.0000;0.0545;0.1091;0.0125;0.1312;0.7200;3;6;0.0307;0.1765;0.7007;Qwen3-1.7B
ID_6261175351521953;0.2459;0.3543;0.6000;0.5000;0.5000;0.1304;0.2174;0.4348;0.1058;0.2063;0.6326;6;11;0.2040;0.3492;0.7002;Qwen3-1.7B
ID_0455487141833418;0.4323;0.3117;0.4000;0.3000;0.1500;0.1053;0.1579;0.1579;0.1278;0.3600;0.7065;3;3;0.1278;0.4343;0.6750;Qwen3-1.7B
ID_2002515486942024;0.2032;0.2147;0.0000;0.3000;0.3000;0.0000;0.0769;0.1538;0.0171;0.1260;0.7438;3;6;0.0400;0.1996;0.6672;Qwen3-1.7B
ID_4627360041573918;0.4000;0.4014;0.6000;0.3000;0.3500;0.0909;0.0909;0.2121;0.0636;0.3985;0.6917;3;7;0.1079;0.5489;0.7011;Qwen3-1.7B
ID_0649912135067700;0.0472;0.0804;0.2000;0.1000;0.1000;0.0227;0.0227;0.0455;0.0076;0.1369;0.6640;1;2;0.0106;0.1618;0.5933;Qwen3-1.7B
ID_8599181647215929;0.3664;0.2559;0.4000;0.4000;0.2000;0.0714;0.1429;0.1429;0.0832;0.6154;0.7648;4;4;0.0832;0.7231;0.6836;Qwen3-1.7B
ID_7026313596468626;0.3585;0.4025;0.2000;0.5000;0.3500;0.0588;0.2941;0.4118;0.1657;0.4211;0.7373;6;9;0.2146;0.5263;0.6885;Qwen3-1.7B
ID_4256595317953538;0.1216;0.1146;0.2000;0.2000;0.2000;0.0244;0.0488;0.0976;0.0293;0.3548;0.5989;2;5;0.0411;0.4194;0.5892;Qwen3-1.7B
ID_8614762185596299;0.4142;0.2833;0.4000;0.4000;0.2000;0.1000;0.2000;0.2000;0.1020;0.4346;0.7020;6;6;0.1020;0.4626;0.7099;Qwen3-1.7B
ID_8280978457776741;0.1977;0.1381;0.2000;0.2000;0.1000;0.0417;0.0833;0.0833;0.0222;0.1803;0.6421;4;4;0.0222;0.2131;0.5798;Qwen3-1.7B
ID_3493325384040150;0.5107;0.4374;0.4000;0.4000;0.3500;0.0625;0.1250;0.2188;0.0960;0.7051;0.6542;4;7;0.1341;0.7436;0.6381;Qwen3-1.7B
ID_2363575151206774;0.1420;0.1896;0.0000;0.2000;0.2000;0.0000;0.0741;0.1481;0.0136;0.2740;0.7483;2;4;0.0343;0.4795;0.7406;Qwen3-1.7B
ID_0370224663642100;0.6213;0.5183;0.8000;0.8000;0.6500;0.0889;0.1778;0.2889;0.1371;0.3956;0.7557;9;14;0.2149;0.3956;0.7508;Qwen3-1.7B
ID_2833240474723324;0.4665;0.4342;0.4000;0.4000;0.3000;0.1053;0.2105;0.3158;0.1301;0.4559;0.6647;5;7;0.1664;0.4743;0.6240;Qwen3-1.7B
ID_7035545485084138;0.5149;0.5060;0.4000;0.5000;0.4000;0.0667;0.1667;0.2667;0.1185;0.2831;0.6508;7;11;0.1654;0.3095;0.7122;Qwen3-1.7B
ID_8659496864305621;0.1939;0.2377;0.2000;0.2000;0.2000;0.0625;0.1250;0.2500;0.0804;0.2417;0.5322;3;5;0.1073;0.2559;0.4957;Qwen3-1.7B
ID_1994317879078816;0.1062;0.0884;0.0000;0.0000;0.0000;0.0000;0.0000;0.0000;0.0000;0.2888;0.5925;5;6;0.0000;0.3190;0.6192;Qwen3-1.7B
ID_7031429231827290;0.3725;0.4173;0.4000;0.2000;0.2000;0.1111;0.1111;0.2222;0.1111;0.1886;0.6176;2;7;0.1339;0.3829;0.6244;Qwen3-1.7B
ID_2935052598064187;0.3301;0.2980;0.4000;0.2000;0.2500;0.0500;0.0500;0.1250;0.0417;0.2759;0.5477;2;5;0.0595;0.3218;0.5454;Qwen3-1.7B
ID_7754410281265624;0.1636;0.1604;0.4000;0.3000;0.1500;0.1667;0.2500;0.2500;0.1028;0.5342;0.6136;4;6;0.1028;0.5890;0.5639;Qwen3-1.7B
ID_0182863293347169;0.7066;0.6019;0.6000;0.7000;0.5500;0.1111;0.2593;0.4074;0.1913;0.5580;0.5425;7;11;0.2912;0.6377;0.5853;Qwen3-1.7B
ID_6885901755516721;0.6208;0.6494;0.6000;0.5000;0.5000;0.1304;0.2174;0.4348;0.1905;0.4249;0.6675;5;10;0.2963;0.4456;0.6614;Qwen3-1.7B
ID_4609096963207702;0.1441;0.2305;0.6000;0.3000;0.3000;0.1071;0.1071;0.2143;0.0512;0.4461;0.7093;4;7;0.0875;0.5316;0.6305;Qwen3-1.7B
ID_4285855851606713;0.3724;0.3892;0.4000;0.2000;0.2500;0.1333;0.1333;0.3333;0.1333;0.4179;0.5900;2;6;0.1800;0.4776;0.6024;Qwen3-1.7B
ID_7346780267959997;0.1354;0.2141;0.2000;0.1000;0.2000;0.0588;0.0588;0.2353;0.0588;0.2586;0.6989;1;4;0.0882;0.3448;0.6314;Qwen3-1.7B
ID_4501155453484456;0.5654;0.4094;0.4000;0.5000;0.3000;0.0435;0.1087;0.1304;0.0745;0.1760;0.5503;5;7;0.0864;0.2403;0.6304;Qwen3-1.7B
ID_2529945687863385;0.3954;0.2651;0.6000;0.3000;0.1500;0.1000;0.1000;0.1000;0.0867;0.1187;0.5932;3;3;0.0867;0.1233;0.4700;Qwen3-1.7B
ID_6812635845529585;0.2934;0.2032;0.4000;0.3000;0.2000;0.0513;0.0769;0.1026;0.0327;0.2334;0.5247;3;4;0.0378;0.2902;0.4339;Qwen3-1.7B
ID_8626964624628522;0.6274;0.4214;0.8000;0.5000;0.3000;0.1333;0.1667;0.2000;0.1500;0.6181;0.6972;5;6;0.1667;0.6539;0.6952;Qwen3-1.7B
ID_1123376648713853;0.0000;0.0566;0.0000;0.0000;0.1000;0.0000;0.0000;0.0741;0.0000;0.0847;0.6617;0;2;0.0067;0.1695;0.5957;Qwen3-1.7B
ID_7304216246785522;0.4682;0.4200;0.4000;0.5000;0.4500;0.0513;0.1282;0.2308;0.0697;0.3878;0.7471;5;9;0.1111;0.3980;0.7242;Qwen3-1.7B
ID_7011592935958198;0.4978;0.4498;0.6000;0.5000;0.3500;0.1200;0.2000;0.2800;0.1717;0.4062;0.6702;5;8;0.2064;0.4062;0.6597;Qwen3-1.7B
ID_6044001261072009;0.3911;0.4347;0.4000;0.3000;0.3000;0.0800;0.1200;0.2400;0.0800;0.5432;0.7171;6;10;0.1204;0.6049;0.6964;Qwen3-1.7B
ID_5885575084085406;0.4323;0.3837;0.4000;0.3000;0.2500;0.0870;0.1304;0.2174;0.1056;0.2600;0.7018;3;6;0.1310;0.3200;0.6903;Qwen3-1.7B
ID_5996993884846655;0.2496;0.2717;0.4000;0.2000;0.2000;0.1667;0.1667;0.3333;0.0972;0.3846;0.6701;3;5;0.1387;0.4320;0.6744;Qwen3-1.7B
ID_3451466269572749;0.2474;0.2499;0.2000;0.2000;0.1500;0.0345;0.0690;0.1034;0.0414;0.3525;0.5807;2;3;0.0508;0.3669;0.5945;Qwen3-1.7B
ID_1450994881555781;0.1478;0.2022;0.0000;0.2000;0.2000;0.0000;0.0769;0.1538;0.0160;0.6480;0.6737;2;4;0.0333;0.6582;0.6497;Qwen3-1.7B
ID_4675204840701752;0.5045;0.3987;0.4000;0.5000;0.3500;0.0426;0.1064;0.1489;0.0579;0.4596;0.5090;5;7;0.0778;0.5489;0.6090;Qwen3-1.7B
ID_9106641700554750;0.3827;0.3683;0.2000;0.5000;0.5000;0.0244;0.1220;0.2439;0.0473;0.8800;0.6749;5;11;0.1065;0.9500;0.6511;Qwen3-1.7B
ID_0350919410439022;0.5168;0.4736;1.0000;0.6000;0.4500;0.1923;0.2308;0.3462;0.2308;0.2000;0.7103;6;11;0.2934;0.2400;0.7289;Qwen3-1.7B
ID_5978913916143327;0.4722;0.4058;0.4000;0.4000;0.4000;0.0541;0.1081;0.2162;0.0694;0.6771;0.6884;4;8;0.1132;0.7396;0.6541;Qwen3-1.7B
ID_3733846364293441;0.3200;0.2447;0.4000;0.4000;0.2000;0.1000;0.2000;0.2000;0.0922;0.3026;0.5157;4;5;0.0922;0.4508;0.6047;Qwen3-1.7B
ID_4679068868095356;0.1978;0.1594;0.4000;0.3000;0.1500;0.1111;0.1667;0.1667;0.0944;0.0381;0.7319;3;3;0.0944;0.0476;0.6947;Qwen3-1.7B
ID_5493283201428571;0.4401;0.4416;0.4000;0.4000;0.3500;0.0952;0.1905;0.3333;0.1236;0.4345;0.6308;5;8;0.1791;0.5176;0.6865;Qwen3-1.7B
ID_7605473235519650;0.2422;0.2174;0.2000;0.1000;0.1000;0.0370;0.0370;0.0741;0.0370;0.3526;0.6936;3;7;0.0414;0.3846;0.6789;Qwen3-1.7B
ID_1190700200800606;0.6693;0.4780;0.8000;0.7000;0.5000;0.1111;0.1944;0.2778;0.1650;0.3204;0.4109;7;10;0.2158;0.3301;0.3826;Qwen3-1.7B
ID_5572050278838550;0.2201;0.3862;0.2000;0.1000;0.4000;0.0270;0.0270;0.2162;0.0270;0.6667;0.7398;1;8;0.0827;0.8000;0.6736;Qwen3-1.7B
ID_8586805521593519;0.0734;0.1473;0.0000;0.1000;0.2000;0.0000;0.0256;0.1026;0.0037;0.3625;0.6397;1;4;0.0160;0.5339;0.6530;Qwen3-1.7B
ID_2044247985726091;0.3205;0.3449;0.4000;0.2000;0.2000;0.2000;0.2000;0.4000;0.1167;0.2531;0.6836;4;6;0.1648;0.3000;0.6632;Qwen3-1.7B
ID_6072951820735063;0.4852;0.4515;0.8000;0.7000;0.5000;0.1379;0.2414;0.3448;0.2264;0.6087;0.3261;8;12;0.2836;0.6739;0.4375;Qwen3-1.7B
ID_8827447995496589;0.3329;0.3045;0.6000;0.5000;0.4000;0.1200;0.2000;0.3200;0.1129;0.3448;0.6475;6;10;0.1692;0.3621;0.6561;Qwen3-1.7B
ID_5750110298304964;0.3466;0.3870;0.2000;0.5000;0.3500;0.0714;0.3571;0.5000;0.1362;0.5741;0.6941;5;7;0.2013;0.6296;0.6801;Qwen3-1.7B
ID_2116015069218871;0.2920;0.3019;0.6000;0.4000;0.3000;0.0909;0.1212;0.1818;0.0783;0.2367;0.6472;5;8;0.1028;0.2899;0.6532;Qwen3-1.7B
ID_1834035455867904;0.6330;0.5423;1.0000;0.5000;0.2500;0.3125;0.3125;0.3125;0.3125;0.3542;0.7065;5;5;0.3125;0.3750;0.7029;Qwen3-1.7B
ID_9578832375902806;0.2789;0.3086;0.6000;0.4000;0.4000;0.1154;0.1538;0.3077;0.0936;0.5771;0.6785;4;8;0.1538;0.6476;0.6860;Qwen3-1.7B
ID_4854372533657671;0.4545;0.3306;0.6000;0.5000;0.3000;0.0638;0.1064;0.1277;0.0565;0.6031;0.6974;5;6;0.0663;0.6260;0.7277;Qwen3-1.7B
ID_1278004515460973;0.4930;0.5536;0.6000;0.4000;0.3000;0.2308;0.3077;0.4615;0.2299;0.3106;0.3318;4;6;0.2949;0.3404;0.3870;Qwen3-1.7B
ID_4212950768814450;0.4890;0.4221;0.4000;0.3000;0.2500;0.0952;0.1429;0.2381;0.0998;0.6983;0.6126;5;7;0.1259;0.6983;0.6576;Qwen3-1.7B
ID_3859775879893716;0.4603;0.4733;0.2000;0.3000;0.2000;0.1000;0.3000;0.4000;0.1708;0.4734;0.4151;3;4;0.2072;0.5745;0.5337;Qwen3-1.7B
ID_0731606611183670;0.1725;0.1134;0.2000;0.2000;0.1000;0.0323;0.0645;0.0645;0.0269;0.6486;0.7129;2;2;0.0269;0.7027;0.6496;Qwen3-1.7B
ID_5076790300436750;0.2405;0.3033;0.2000;0.3000;0.2500;0.0667;0.2000;0.3333;0.0694;0.2669;0.5637;3;5;0.1036;0.2749;0.5859;Qwen3-1.7B
ID_7909389621807467;0.1828;0.2727;0.2000;0.2000;0.3500;0.0370;0.0741;0.2593;0.0156;0.3483;0.7229;3;8;0.0724;0.3708;0.6826;Qwen3-1.7B
ID_1896106488323757;0.2738;0.3100;0.0000;0.2000;0.2000;0.0000;0.1538;0.3077;0.0302;0.5906;0.5529;6;11;0.0627;0.6142;0.5396;Qwen3-1.7B
ID_5606850513813191;0.2488;0.2630;0.2000;0.1000;0.0500;0.2000;0.2000;0.2000;0.1000;0.2763;0.5809;2;3;0.1000;0.2961;0.6306;Qwen3-1.7B
ID_8192385731123737;0.2824;0.2973;0.6000;0.3000;0.2500;0.1304;0.1304;0.2174;0.0768;0.2750;0.6993;4;6;0.1062;0.3750;0.6796;Qwen3-1.7B
ID_3090998656907702;0.4346;0.4596;0.6000;0.5000;0.5000;0.0968;0.1613;0.3226;0.0857;0.2000;0.7070;5;10;0.1713;0.2000;0.6955;Qwen3-1.7B
ID_1708237858198821;0.2583;0.2545;0.4000;0.3000;0.3000;0.0714;0.1071;0.2143;0.0411;0.3813;0.6148;3;8;0.0712;0.5180;0.6457;Qwen3-1.7B
ID_7783163368484914;0.5073;0.4741;0.4000;0.4000;0.2500;0.1250;0.2500;0.3125;0.1708;0.3256;0.2875;4;5;0.1882;0.3256;0.3158;Qwen3-1.7B
ID_0621002533579104;0.1314;0.1235;0.4000;0.3000;0.2000;0.0476;0.0714;0.0952;0.0300;0.3057;0.3866;4;5;0.0356;0.3930;0.3372;Qwen3-1.7B
ID_1971734589534354;0.1704;0.1849;0.0000;0.3000;0.2500;0.0000;0.1154;0.1923;0.0265;0.1934;0.7586;3;6;0.0476;0.2123;0.7209;Qwen3-1.7B
ID_7890165105970581;0.5356;0.4045;0.6000;0.5000;0.3000;0.1034;0.1724;0.2069;0.1203;0.2210;0.7416;6;8;0.1375;0.2496;0.6763;Qwen3-1.7B
ID_7107963864874501;0.7769;0.6244;0.8000;0.8000;0.6000;0.1176;0.2353;0.3529;0.1974;0.6143;0.6905;8;12;0.2809;0.6816;0.7115;Qwen3-1.7B
ID_9904579095302578;0.0000;0.0000;0.0000;0.0000;0.0000;0.0000;0.0000;0.0000;0.0000;0.1081;0.5479;0;0;0.0000;0.1081;0.5580;Qwen3-1.7B
ID_6161888127051479;0.1100;0.1366;0.2000;0.1000;0.1500;0.0435;0.0435;0.1304;0.0145;0.4971;0.6376;1;3;0.0261;0.5853;0.6625;Qwen3-1.7B
ID_1066462335621573;0.7354;0.5376;0.6000;0.7000;0.5000;0.0857;0.2000;0.2857;0.1571;0.6404;0.3334;7;10;0.2036;0.6930;0.5373;Qwen3-1.7B
ID_1104988511999827;0.8851;0.6474;0.8000;0.9000;0.5500;0.1818;0.4091;0.5000;0.3797;0.5752;0.5775;10;13;0.4425;0.6106;0.5795;Qwen3-1.7B
ID_8056741558903379;0.3273;0.2825;0.4000;0.3000;0.2500;0.0741;0.1111;0.1852;0.0617;0.6952;0.7228;3;5;0.0838;0.7500;0.7125;Qwen3-1.7B
ID_0145887238250184;0.0948;0.0878;0.2000;0.1000;0.1000;0.0435;0.0435;0.0870;0.0109;0.2454;0.6449;1;2;0.0181;0.2639;0.5963;Qwen3-1.7B
ID_2854771102810220;0.1389;0.1280;0.2000;0.1000;0.1000;0.0526;0.0526;0.1053;0.0263;0.4188;0.6285;1;2;0.0359;0.4872;0.6405;Qwen3-1.7B
ID_6963964477157013;0.3996;0.3897;0.4000;0.3000;0.2500;0.0800;0.1200;0.2000;0.0817;0.5507;0.5487;3;5;0.1083;0.5507;0.5406;Qwen3-1.7B
ID_3950127945486168;0.4908;0.3992;0.6000;0.4000;0.2000;0.1579;0.2105;0.2105;0.1748;0.7179;0.4740;4;4;0.1748;0.7692;0.6648;Qwen3-1.7B
ID_2046981671187343;0.0000;0.0425;0.0000;0.0000;0.0500;0.0000;0.0000;0.0769;0.0000;0.6961;0.6022;0;2;0.0059;0.7255;0.5671;Qwen3-1.7B
ID_2270654658839508;0.5887;0.4856;0.6000;0.5000;0.4000;0.0536;0.0893;0.1429;0.0683;0.1489;0.7813;5;8;0.0923;0.1968;0.7556;Qwen3-1.7B
ID_0061972656195816;0.2371;0.2330;0.4000;0.3000;0.2000;0.0833;0.1250;0.1667;0.0484;0.0672;0.6687;3;4;0.0577;0.1008;0.6726;Qwen3-1.7B
ID_0883967020061181;0.1441;0.1475;0.2000;0.2000;0.2000;0.0333;0.0667;0.1333;0.0194;0.3378;0.6620;3;5;0.0369;0.3851;0.7121;Qwen3-1.7B
ID_1133302125160725;0.2201;0.2778;0.2000;0.1000;0.2000;0.0526;0.0526;0.2105;0.0526;0.2000;0.6900;1;4;0.0824;0.2111;0.6885;Qwen3-1.7B
ID_1914271225987860;0.1888;0.2817;0.2000;0.2000;0.2500;0.0714;0.1429;0.3571;0.0516;0.5025;0.5539;2;6;0.1073;0.5528;0.4961;Qwen3-1.7B
ID_5717546460597615;0.5438;0.4234;0.6000;0.6000;0.4000;0.0714;0.1429;0.1905;0.1091;0.6267;0.3830;6;8;0.1342;0.6682;0.4081;Qwen3-1.7B
ID_7921787048065279;0.2839;0.3227;0.0000;0.4000;0.3500;0.0000;0.2353;0.4118;0.0662;0.0957;0.7084;5;9;0.1259;0.1303;0.7046;Qwen3-1.7B
ID_5384883934019911;0.4243;0.3094;0.8000;0.5000;0.2500;0.1111;0.1389;0.1389;0.1250;0.2093;0.5800;5;5;0.1250;0.2093;0.5861;Qwen3-1.7B
ID_8821536792042504;0.1318;0.1882;0.2000;0.1000;0.0500;0.3333;0.3333;0.3333;0.0667;0.0769;0.6834;1;3;0.0667;0.1538;0.6953;Qwen3-1.7B
ID_4336175279058172;0.7806;0.7357;1.0000;0.8000;0.6500;0.1786;0.2857;0.4643;0.2857;0.4138;0.4944;9;14;0.4264;0.4897;0.5453;Qwen3-1.7B
ID_7088639503480810;0.5479;0.5345;1.0000;0.6000;0.5500;0.1562;0.1875;0.3438;0.1830;0.2321;0.5956;6;11;0.2799;0.3661;0.4568;Qwen3-1.7B
ID_0766190838110725;0.3722;0.4115;0.4000;0.4000;0.2500;0.1818;0.3636;0.4545;0.2131;0.4326;0.6182;5;7;0.2359;0.5442;0.6337;Qwen3-1.7B
ID_5588600593216123;0.2313;0.2369;0.2000;0.1000;0.1000;0.0476;0.0476;0.0952;0.0476;0.2732;0.6592;2;3;0.0563;0.2787;0.6040;Qwen3-1.7B
ID_6822739927690907;0.4748;0.4128;0.4000;0.4000;0.3000;0.1000;0.2000;0.3000;0.1306;0.5000;0.6747;4;6;0.1660;0.5435;0.6450;Qwen3-1.7B
ID_4792955482152100;0.1619;0.1182;0.0000;0.2000;0.1000;0.0000;0.0526;0.0526;0.0096;0.4727;0.7331;3;3;0.0096;0.5030;0.6135;Qwen3-1.7B
ID_7817033448036400;0.2896;0.2780;0.6000;0.3000;0.2000;0.1364;0.1364;0.1818;0.1182;0.5147;0.6795;5;6;0.1295;0.5147;0.6742;Qwen3-1.7B
ID_8133660776746187;0.5351;0.5351;0.4000;0.4000;0.2000;0.4000;0.8000;0.8000;0.4439;0.5904;0.6239;4;4;0.4439;0.6386;0.6197;Qwen3-1.7B
ID_8976306450816308;0.0884;0.0710;0.2000;0.1000;0.0500;0.0455;0.0455;0.0455;0.0091;0.0588;0.3429;1;1;0.0091;0.0588;0.3733;Qwen3-1.7B
ID_3667257393072255;0.3301;0.3204;0.4000;0.2000;0.1500;0.1538;0.1538;0.2308;0.1282;0.1739;0.6025;2;3;0.1436;0.3913;0.6349;Qwen3-1.7B
ID_7417258240533689;0.5898;0.4971;0.8000;0.6000;0.4000;0.1481;0.2222;0.2963;0.2108;0.5169;0.6365;6;8;0.2445;0.5424;0.6169;Qwen3-1.7B
ID_4027612512091565;0.5176;0.4926;0.6000;0.3000;0.1500;0.5000;0.5000;0.5000;0.4583;0.2174;0.6184;3;5;0.4583;0.3043;0.6724;Qwen3-1.7B
ID_5577871519448957;0.4155;0.4172;0.2000;0.3000;0.2000;0.1250;0.3750;0.5000;0.1354;0.4400;0.7383;4;5;0.1604;0.5600;0.7298;Qwen3-1.7B
ID_3174964298120701;0.5728;0.6171;0.6000;0.5000;0.4500;0.2000;0.3333;0.6000;0.2472;0.3013;0.5480;5;9;0.3921;0.4148;0.5906;Qwen3-1.7B
ID_1508456345535914;0.5189;0.3934;0.4000;0.4000;0.2500;0.0833;0.1667;0.2083;0.1156;0.6500;0.6860;6;7;0.1305;0.6750;0.6665;Qwen3-1.7B
ID_1606080164385644;0.2419;0.3206;0.4000;0.4000;0.4500;0.0488;0.0976;0.2195;0.0439;0.3235;0.6603;4;9;0.1089;0.7353;0.7326;Qwen3-1.7B
ID_7556393484185237;0.1508;0.2290;0.0000;0.2000;0.2000;0.0000;0.1250;0.2500;0.0228;0.5913;0.6680;2;4;0.0539;0.6683;0.6494;Qwen3-1.7B
ID_7705487128433052;0.5365;0.4761;0.6000;0.6000;0.3500;0.1304;0.2609;0.3043;0.1902;0.4014;0.6107;6;7;0.2071;0.4082;0.7257;Qwen3-1.7B
ID_5215677939309020;0.5010;0.4525;0.4000;0.4000;0.3500;0.0800;0.1600;0.2800;0.1160;0.6538;0.6017;4;8;0.1653;0.7000;0.5410;Qwen3-1.7B
ID_3632313056549978;0.6428;0.5511;0.6000;0.5000;0.3000;0.1579;0.2632;0.3158;0.2174;0.5333;0.5113;7;9;0.2385;0.6333;0.5818;Qwen3-1.7B
ID_1113234690255161;0.2985;0.2267;0.2000;0.2000;0.1500;0.0357;0.0714;0.1071;0.0476;0.2903;0.7200;2;3;0.0539;0.3118;0.6984;Qwen3-1.7B
ID_3583817683372046;0.5573;0.4926;0.6000;0.4000;0.2500;0.1500;0.2000;0.2500;0.1833;0.3827;0.6514;5;7;0.2061;0.4753;0.6390;Qwen3-1.7B
ID_7216344229807186;0.1292;0.2225;0.0000;0.3000;0.3000;0.0000;0.1667;0.3333;0.0383;0.1281;0.6588;4;9;0.1025;0.1673;0.6708;Qwen3-1.7B
ID_7873530684119035;0.7305;0.5203;0.8000;0.7000;0.4500;0.0889;0.1556;0.2000;0.1415;0.5738;0.5000;7;9;0.1657;0.5961;0.4186;Qwen3-1.7B
ID_3849610589103935;0.0000;0.0687;0.0000;0.0000;0.0500;0.0000;0.0000;0.1000;0.0000;0.7692;0.6898;0;1;0.0059;0.7692;0.6699;Qwen3-1.7B
ID_2426330204919814;0.7261;0.5093;0.8000;0.7000;0.4000;0.1026;0.1795;0.2051;0.1538;0.5882;0.7020;7;9;0.1675;0.6078;0.6919;Qwen3-1.7B
ID_6807553800607803;0.5991;0.5845;0.8000;0.5000;0.4000;0.1905;0.2381;0.3810;0.2150;0.5672;0.7021;6;10;0.2850;0.6791;0.6784;Qwen3-1.7B
ID_9896747816468168;0.4407;0.3969;0.4000;0.5000;0.4000;0.0606;0.1515;0.2424;0.0879;0.3178;0.6953;5;8;0.1284;0.4112;0.6908;Qwen3-1.7B
ID_8703127071027272;0.6817;0.5498;0.8000;0.6000;0.4500;0.0930;0.1395;0.2093;0.1166;0.1688;0.7270;6;9;0.1569;0.1818;0.7119;Qwen3-1.7B
ID_5984945942545807;0.6030;0.5243;0.8000;0.6000;0.4000;0.1905;0.2857;0.3810;0.2488;0.3762;0.6520;6;8;0.3029;0.4554;0.6464;Qwen3-1.7B
ID_6384773144352915;0.3544;0.3349;0.6000;0.3000;0.2000;0.1667;0.1667;0.2222;0.1343;0.0714;0.6051;3;4;0.1473;0.1786;0.5968;Qwen3-1.7B
ID_2924634223083790;0.0660;0.1043;0.0000;0.1000;0.1000;0.0000;0.0323;0.0645;0.0032;0.1020;0.6348;1;2;0.0091;0.1837;0.5768;Qwen3-1.7B
ID_6309609498284949;0.5842;0.5302;0.8000;0.7000;0.4500;0.1600;0.2800;0.3600;0.2397;0.6492;0.6424;8;10;0.2797;0.6806;0.7028;Qwen3-1.7B
ID_1154078371182103;0.1884;0.2446;0.2000;0.2000;0.3000;0.0270;0.0541;0.1622;0.0180;0.1325;0.7432;2;6;0.0505;0.3735;0.7166;Qwen3-1.7B
ID_1619120304203132;0.0386;0.0349;0.0000;0.0000;0.0000;0.0000;0.0000;0.0000;0.0000;0.2593;0.6451;1;1;0.0000;0.3148;0.5503;Qwen3-1.7B
ID_8106459529828166;0.8007;0.6703;1.0000;0.7000;0.6000;0.1250;0.1750;0.3000;0.1750;0.3645;0.6962;7;12;0.2511;0.4494;0.6730;Qwen3-1.7B
ID_5858842244938381;0.4559;0.4522;0.8000;0.4000;0.3000;0.1818;0.1818;0.2727;0.1462;0.2010;0.6078;4;6;0.1732;0.2864;0.6399;Qwen3-1.7B
ID_2931270888717344;0.5740;0.5446;0.6000;0.5000;0.5000;0.0811;0.1351;0.2703;0.0958;0.2471;0.6708;5;10;0.1623;0.3176;0.6025;Qwen3-1.7B
ID_5034796789305260;0.2067;0.1811;0.0000;0.1000;0.0500;0.0000;0.1667;0.1667;0.0167;0.1094;0.6915;3;3;0.0167;0.1562;0.5789;Qwen3-1.7B
ID_7034773971317045;0.3590;0.2859;0.4000;0.2000;0.1500;0.0833;0.0833;0.1250;0.0833;0.1195;0.7421;2;4;0.0929;0.1684;0.7232;Qwen3-1.7B
ID_0831151849844477;0.3841;0.4049;0.4000;0.5000;0.5000;0.0588;0.1471;0.2941;0.0744;0.5214;0.6081;5;10;0.1474;0.5470;0.6236;Qwen3-1.7B
ID_3223135002950210;0.4661;0.3666;0.6000;0.6000;0.4000;0.0789;0.1579;0.2105;0.0916;0.3850;0.6103;6;8;0.1124;0.4225;0.6532;Qwen3-1.7B
ID_8516223928904348;0.4054;0.4636;0.4000;0.3000;0.2500;0.1429;0.2143;0.3571;0.0982;0.4904;0.7111;5;7;0.1419;0.5337;0.7410;Qwen3-1.7B
ID_9308646552353762;0.3430;0.2566;0.6000;0.4000;0.3000;0.0789;0.1053;0.1579;0.0596;0.2686;0.7168;4;6;0.0789;0.3557;0.7349;Qwen3-1.7B
ID_1729487902904332;0.0000;0.0175;0.0000;0.0000;0.0000;0.0000;0.0000;0.0000;0.0000;0.3433;0.5960;0;1;0.0000;0.4552;0.5497;Qwen3-1.7B
ID_8492267499258500;0.3725;0.3855;0.2000;0.5000;0.4500;0.0345;0.1724;0.3103;0.0656;0.7000;0.6843;5;9;0.1373;0.8333;0.6571;Qwen3-1.7B
ID_4671775690334406;0.3642;0.3504;0.4000;0.4000;0.2500;0.1429;0.2857;0.3571;0.1128;0.4815;0.7461;4;5;0.1351;0.6667;0.7004;Qwen3-1.7B
ID_2065104260659969;0.8630;0.6103;1.0000;0.8000;0.5000;0.1562;0.2500;0.3125;0.2426;0.5122;0.7104;8;10;0.2905;0.5549;0.7364;Qwen3-1.7B
ID_0378897709136226;0.3231;0.2085;0.6000;0.4000;0.2000;0.1034;0.1379;0.1379;0.1011;0.2526;0.6560;4;4;0.1011;0.3474;0.6050;Qwen3-1.7B
ID_3446817929796674;0.1579;0.2968;0.2000;0.2000;0.3000;0.0476;0.0952;0.2857;0.0255;0.1765;0.5843;2;6;0.0744;0.2437;0.5842;Qwen3-1.7B
ID_8265116967095452;0.4983;0.4750;0.6000;0.4000;0.2500;0.2000;0.2667;0.3333;0.1992;0.5850;0.6857;4;7;0.2200;0.6752;0.6627;Qwen3-1.7B
ID_1224532648969159;0.6208;0.5464;0.6000;0.5000;0.4500;0.0789;0.1316;0.2368;0.1153;0.4545;0.7684;5;9;0.1709;0.5233;0.7317;Qwen3-1.7B
ID_3638659317775453;0.5753;0.4913;0.8000;0.8000;0.5500;0.1250;0.2500;0.3438;0.1800;0.8075;0.4134;8;12;0.2518;0.8592;0.6086;Qwen3-1.7B
ID_0263742679377591;0.1776;0.1756;0.4000;0.2000;0.1000;0.2000;0.2000;0.2000;0.0833;0.3895;0.6602;2;2;0.0833;0.4211;0.5681;Qwen3-1.7B
ID_0539134068708725;0.2357;0.1854;0.0000;0.3000;0.2000;0.0000;0.1364;0.1818;0.0342;0.7500;0.4065;6;9;0.0494;0.8155;0.4659;Qwen3-1.7B
ID_7328854929044759;0.4627;0.4185;0.8000;0.5000;0.3500;0.2105;0.2632;0.3684;0.2132;0.3667;0.7172;5;7;0.2522;0.3667;0.6794;Qwen3-1.7B
ID_8457699943400994;0.5107;0.4797;0.4000;0.4000;0.3000;0.1250;0.2500;0.3750;0.1920;0.4120;0.6961;4;6;0.2291;0.4506;0.6832;Qwen3-1.7B
ID_4830182825385638;0.0420;0.0399;0.0000;0.1000;0.0500;0.0000;0.0526;0.0526;0.0088;0.4646;0.6126;1;2;0.0088;0.5101;0.6168;Qwen3-1.7B
ID_1616454163444935;0.2550;0.2865;0.4000;0.3000;0.2500;0.0714;0.1071;0.1786;0.0476;0.7109;0.5517;5;8;0.0755;0.7578;0.5512;Qwen3-1.7B
ID_6473783273255196;0.0960;0.1140;0.4000;0.2000;0.1500;0.0625;0.0625;0.0938;0.0281;0.7679;0.6447;2;3;0.0336;0.8571;0.6225;Qwen3-1.7B
ID_1343302903420183;0.4590;0.4977;0.6000;0.4000;0.5000;0.1200;0.1600;0.4000;0.1329;0.2261;0.6850;5;12;0.2409;0.2663;0.6838;Qwen3-1.7B
ID_3309342336039521;0.3733;0.3193;0.4000;0.4000;0.2500;0.0571;0.1143;0.1429;0.0535;0.3784;0.7205;4;5;0.0624;0.6081;0.7111;Qwen3-1.7B
ID_6885920219067791;0.1974;0.2352;0.2000;0.3000;0.3000;0.0370;0.1111;0.2222;0.0319;0.2921;0.6822;4;7;0.0693;0.3020;0.6817;Qwen3-1.7B
ID_6150944383255830;0.3772;0.3802;0.4000;0.3000;0.2000;0.1333;0.2000;0.2667;0.0978;0.3333;0.6583;5;7;0.1168;0.3810;0.7003;Qwen3-1.7B
ID_5105401635003548;0.3623;0.2833;0.6000;0.5000;0.2500;0.1304;0.2174;0.2174;0.1558;0.5573;0.2936;5;5;0.1558;0.5573;0.3476;Qwen3-1.7B
ID_2679480309784746;0.1722;0.2265;0.2000;0.3000;0.3000;0.0345;0.1034;0.2069;0.0270;0.3673;0.6670;3;6;0.0632;0.5000;0.6768;Qwen3-1.7B
ID_5558354805733623;0.5104;0.4053;0.6000;0.4000;0.3000;0.0882;0.1176;0.1765;0.0895;0.1466;0.7116;4;6;0.1155;0.2241;0.6795;Qwen3-1.7B
ID_9274817658247444;0.3792;0.2648;0.4000;0.5000;0.2500;0.0800;0.2000;0.2000;0.0956;0.1600;0.6885;5;5;0.0956;0.2400;0.7072;Qwen3-1.7B
ID_4924315260445096;0.5599;0.5590;0.4000;0.5000;0.3500;0.1429;0.3571;0.5000;0.2551;0.4750;0.6497;7;13;0.3190;0.5250;0.6428;Qwen3-1.7B
ID_2513765362378596;0.0734;0.0759;0.0000;0.1000;0.1000;0.0000;0.0500;0.1000;0.0071;0.6827;0.6155;1;2;0.0134;0.7019;0.6059;Qwen3-1.7B
ID_7435229418765108;0.2221;0.2538;0.2000;0.3000;0.3000;0.0244;0.0732;0.1463;0.0192;0.2443;0.7125;3;6;0.0458;0.2670;0.6863;Qwen3-1.7B
ID_5240388600131197;0.4962;0.5077;0.4000;0.3000;0.2500;0.1429;0.2143;0.3571;0.1548;0.8324;0.6616;3;5;0.1904;0.8608;0.6381;Qwen3-1.7B
ID_0203267762283972;0.3797;0.3213;0.4000;0.4000;0.2500;0.0645;0.1290;0.1613;0.0765;0.3456;0.6529;4;5;0.0912;0.4853;0.7007;Qwen3-1.7B
ID_4215849919453600;0.2323;0.2912;0.2000;0.1000;0.2500;0.0233;0.0233;0.1163;0.0233;0.1353;0.7859;2;6;0.0434;0.2633;0.7562;Qwen3-1.7B
ID_3205712027513800;0.5036;0.4676;0.4000;0.4000;0.4000;0.0357;0.0714;0.1429;0.0526;0.5190;0.6734;4;8;0.0834;0.5475;0.7028;Qwen3-1.7B
ID_4344790398205987;0.3840;0.3532;0.2000;0.5000;0.4500;0.0256;0.1282;0.2308;0.0580;0.4729;0.6619;5;9;0.1053;0.5271;0.6769;Qwen3-1.7B
ID_1976491943464607;0.5520;0.4919;0.6000;0.6000;0.5000;0.0732;0.1463;0.2439;0.1073;0.6724;0.6601;6;12;0.1655;0.7414;0.6928;Qwen3-1.7B
ID_3497095259123139;0.4000;0.4006;0.6000;0.3000;0.3500;0.0811;0.0811;0.1892;0.0568;0.1687;0.6748;3;7;0.0960;0.3171;0.6715;Qwen3-1.7B
ID_3664073315037262;0.4285;0.3802;0.6000;0.5000;0.3500;0.1500;0.2500;0.3500;0.1467;0.3887;0.6171;5;7;0.1838;0.4584;0.5839;Qwen3-1.7B
ID_6799776599317117;0.5429;0.5360;0.8000;0.6000;0.4500;0.2000;0.3000;0.4500;0.2732;0.4487;0.7008;7;11;0.3509;0.4615;0.7036;Qwen3-1.7B
ID_3470407274471561;0.4787;0.4077;0.8000;0.6000;0.3500;0.1739;0.2609;0.3043;0.2289;0.7636;0.6109;6;8;0.2441;0.8182;0.6403;Qwen3-1.7B
ID_8600906973888297;0.4495;0.3733;0.6000;0.5000;0.3000;0.0789;0.1316;0.1579;0.1024;0.5177;0.5718;5;6;0.1129;0.5461;0.5186;Qwen3-1.7B
ID_8918399592544099;0.6029;0.5945;0.6000;0.5000;0.4500;0.1364;0.2273;0.4091;0.1578;0.5091;0.6452;6;10;0.2663;0.5818;0.6039;Qwen3-1.7B
ID_4937676152604286;0.0000;0.1099;0.0000;0.0000;0.1500;0.0000;0.0000;0.0811;0.0000;0.3100;0.7195;0;3;0.0111;0.3700;0.7203;Qwen3-1.7B
ID_2961250776014138;0.3804;0.4063;0.6000;0.4000;0.2500;0.2308;0.3077;0.3846;0.2628;0.5761;0.4103;4;5;0.2885;0.5978;0.5889;Qwen3-1.7B
ID_3332983150165256;0.4344;0.3609;0.6000;0.3000;0.2500;0.0968;0.0968;0.1613;0.0780;0.7042;0.6258;4;8;0.0967;0.7606;0.6116;Qwen3-1.7B
ID_4698230094310892;0.0854;0.0802;0.2000;0.1000;0.0500;0.0714;0.0714;0.0714;0.0357;0.4964;0.5353;1;2;0.0357;0.5766;0.4267;Qwen3-1.7B
ID_1530363715825171;0.2209;0.2345;0.4000;0.3000;0.3000;0.0741;0.1111;0.2222;0.0380;0.5228;0.6954;4;7;0.0718;0.6000;0.6671;Qwen3-1.7B
ID_4589542599288419;0.3161;0.2688;0.6000;0.3000;0.1500;0.1364;0.1364;0.1364;0.1182;0.2405;0.7165;3;5;0.1182;0.2955;0.7158;Qwen3-1.7B
ID_6029111646602279;0.2796;0.1804;0.4000;0.2000;0.1000;0.0741;0.0741;0.0741;0.0741;0.1083;0.0094;2;2;0.0741;0.1083;0.0094;Qwen3-1.7B
ID_0600862973859542;0.4190;0.4539;0.6000;0.4000;0.4000;0.1429;0.1905;0.3810;0.1124;0.3529;0.6888;5;9;0.1902;0.3882;0.6611;Qwen3-1.7B
ID_4125254830545309;0.2821;0.2877;0.2000;0.2000;0.1500;0.1250;0.2500;0.3750;0.0982;0.4385;0.6068;3;4;0.1323;0.4385;0.6181;Qwen3-1.7B
ID_6998917765406696;0.6644;0.5064;1.0000;0.6000;0.4000;0.1667;0.2000;0.2667;0.2000;0.2797;0.6747;6;8;0.2294;0.3077;0.6094;Qwen3-1.7B
ID_0004473428354479;0.4345;0.4456;0.6000;0.4000;0.5000;0.0857;0.1143;0.2857;0.0984;0.4133;0.7277;4;10;0.1746;0.5133;0.6585;Qwen3-1.7B
ID_7181547335252993;0.8886;0.6856;1.0000;0.9000;0.6000;0.1111;0.2000;0.2667;0.1953;0.2542;0.6627;9;12;0.2516;0.2542;0.6460;Qwen3-1.7B
ID_2798283991743817;0.2932;0.2866;0.2000;0.1000;0.0500;0.1000;0.1000;0.1000;0.1000;0.5395;0.6834;1;1;0.1000;0.5526;0.7235;Qwen3-1.7B
ID_0947912377089491;0.5339;0.3881;0.8000;0.5000;0.3000;0.1600;0.2000;0.2400;0.1742;0.8750;0.6743;5;6;0.1869;0.8750;0.6373;Qwen3-1.7B
ID_8735458741337698;0.2576;0.3783;0.4000;0.2000;0.2000;0.2857;0.2857;0.5714;0.1429;0.2885;0.7588;3;5;0.2167;0.3462;0.7384;Qwen3-1.7B
ID_6450292906586525;0.2309;0.2217;0.2000;0.3000;0.2000;0.0357;0.1071;0.1429;0.0365;0.1853;0.6714;3;5;0.0475;0.2278;0.6335;Qwen3-1.7B
ID_7003614933284367;0.6618;0.4271;0.8000;0.6000;0.3000;0.1429;0.2143;0.2143;0.1753;0.5833;0.7829;6;6;0.1753;0.6250;0.7346;Qwen3-1.7B
ID_0830926768091773;0.6441;0.5858;0.8000;0.7000;0.6000;0.0930;0.1628;0.2791;0.1433;0.8889;0.5828;7;12;0.2106;0.9556;0.6093;Qwen3-1.7B
ID_6413207883357197;0.4666;0.3701;0.6000;0.4000;0.3000;0.0882;0.1176;0.1765;0.0835;0.2862;0.6562;5;7;0.1031;0.3759;0.7244;Qwen3-1.7B
ID_1329671245559098;0.4618;0.4181;0.6000;0.4000;0.2500;0.1429;0.1905;0.2381;0.1317;0.7200;0.6886;4;5;0.1488;0.8100;0.6875;Qwen3-1.7B
ID_3012908001422868;0.2717;0.3673;0.2000;0.2000;0.3000;0.0526;0.1053;0.3158;0.0677;0.2941;0.7178;2;6;0.1409;0.4265;0.7061;Qwen3-1.7B
ID_3753627053150603;0.2248;0.2558;0.2000;0.3000;0.3000;0.0455;0.1364;0.2727;0.0372;0.4381;0.6577;3;6;0.0870;0.5238;0.6511;Qwen3-1.7B
ID_2883241764449950;0.2114;0.2110;0.4000;0.2000;0.1500;0.1250;0.1250;0.1875;0.0406;0.2880;0.6612;3;5;0.0505;0.3016;0.7094;Qwen3-1.7B
ID_2110280056340736;0.1223;0.1885;0.2000;0.1000;0.1500;0.0556;0.0556;0.1667;0.0185;0.4480;0.4140;3;5;0.0375;0.5023;0.4831;Qwen3-1.7B
ID_1361624597372651;0.5834;0.5729;0.8000;0.5000;0.5500;0.1111;0.1389;0.3056;0.1092;0.6237;0.7410;5;11;0.2040;0.6667;0.7014;Qwen3-1.7B
ID_1722453671104980;0.1642;0.1939;0.2000;0.2000;0.2500;0.0370;0.0741;0.1852;0.0185;0.4949;0.6237;2;5;0.0482;0.5606;0.6465;Qwen3-1.7B
ID_4758706187939581;0.3666;0.4393;0.6000;0.3000;0.3000;0.2143;0.2143;0.4286;0.1619;0.4268;0.5782;3;7;0.2345;0.4756;0.5401;Qwen3-1.7B
ID_7938521661726069;0.4573;0.4064;0.6000;0.6000;0.5000;0.0698;0.1395;0.2326;0.0844;0.6316;0.5529;7;12;0.1413;0.6625;0.5990;Qwen3-1.7B
ID_7565192274317470;0.4834;0.4553;0.4000;0.3000;0.1500;0.2222;0.3333;0.3333;0.2593;0.2517;0.6131;7;9;0.2593;0.2867;0.6296;Qwen3-1.7B
ID_1326529185989327;0.4698;0.3852;0.4000;0.3000;0.2000;0.0769;0.1154;0.1538;0.0913;0.4907;0.5598;6;7;0.1032;0.5648;0.5454;Qwen3-1.7B
ID_4991370267086347;0.5489;0.3680;0.6000;0.5000;0.2500;0.1000;0.1667;0.1667;0.1399;0.5608;0.2183;5;5;0.1399;0.5608;0.3897;Qwen3-1.7B
ID_7161963144100182;0.5517;0.5265;0.6000;0.6000;0.5500;0.0857;0.1714;0.3143;0.1121;0.2571;0.5992;6;12;0.2078;0.4000;0.6304;Qwen3-1.7B
ID_0492925975883915;0.1274;0.1242;0.2000;0.2000;0.1000;0.0714;0.1429;0.1429;0.0476;0.1444;0.6635;2;4;0.0476;0.1796;0.6745;Qwen3-1.7B
ID_4054756781423727;0.3658;0.3464;0.2000;0.2000;0.1500;0.0769;0.1538;0.2308;0.1026;0.7000;0.6539;5;7;0.1147;0.7000;0.6419;Qwen3-1.7B
ID_7489482613903725;0.0527;0.1731;0.0000;0.0000;0.1000;0.0000;0.0000;0.2500;0.0000;0.5366;0.6496;1;4;0.0236;0.6098;0.6259;Qwen3-1.7B
ID_5828464492633734;0.4557;0.4208;0.4000;0.4000;0.3000;0.1111;0.2222;0.3333;0.1542;0.5846;0.6239;4;7;0.1871;0.6308;0.6836;Qwen3-1.7B
ID_1153835367118420;0.3950;0.4061;0.2000;0.5000;0.3500;0.0769;0.3846;0.5385;0.1654;0.4634;0.7415;5;7;0.2242;0.5488;0.7267;Qwen3-1.7B
ID_5968839321163534;0.5860;0.3988;1.0000;0.7000;0.4000;0.1282;0.1795;0.2051;0.1795;0.4938;0.6437;7;9;0.1953;0.5679;0.6557;Qwen3-1.7B
ID_4985544206160545;0.3446;0.3324;0.8000;0.5000;0.3000;0.1739;0.2174;0.2609;0.1761;0.4786;0.6120;7;9;0.1962;0.4957;0.6874;Qwen3-1.7B
ID_7721483148298785;0.5062;0.4769;0.6000;0.4000;0.2000;0.2500;0.3333;0.3333;0.2083;0.6104;0.4567;4;4;0.2083;0.7532;0.5836;Qwen3-1.7B
ID_1078442022852928;0.3058;0.3517;0.2000;0.1000;0.1000;0.0909;0.0909;0.1818;0.0909;0.2154;0.6441;2;4;0.1061;0.4154;0.6299;Qwen3-1.7B
ID_0151036146060526;0.1124;0.1066;0.2000;0.2000;0.1500;0.0222;0.0444;0.0667;0.0089;0.4013;0.4852;2;3;0.0128;0.4079;0.3996;Qwen3-1.7B
ID_2483185411923070;0.5743;0.4455;0.4000;0.5000;0.3000;0.0526;0.1316;0.1579;0.0940;0.3504;0.6473;5;7;0.1053;0.3590;0.6756;Qwen3-1.7B
ID_3182841849332242;0.2712;0.2079;0.6000;0.3000;0.1500;0.1111;0.1111;0.1111;0.0654;0.3243;0.6590;3;3;0.0654;0.3446;0.6635;Qwen3-1.7B
ID_6572298923055649;0.4329;0.3602;0.6000;0.4000;0.3500;0.0938;0.1250;0.2188;0.0847;0.4048;0.6083;4;7;0.1229;0.4683;0.6429;Qwen3-1.7B
ID_6710074203174471;0.1501;0.4104;0.4000;0.2000;0.3500;0.1667;0.1667;0.5833;0.0750;0.1927;0.6775;2;7;0.2044;0.2661;0.6616;Qwen3-1.7B
ID_7358557068732556;0.7204;0.5099;0.8000;0.7000;0.4000;0.1429;0.2500;0.2857;0.2184;0.5385;0.5438;7;8;0.2375;0.5824;0.6063;Qwen3-1.7B
ID_1405345303844318;0.3590;0.3858;0.4000;0.2000;0.2000;0.0833;0.0833;0.1667;0.0833;0.1645;0.6583;2;4;0.1066;0.2961;0.6498;Qwen3-1.7B
ID_3795357176730340;0.0734;0.2040;0.0000;0.1000;0.2000;0.0000;0.0714;0.2857;0.0102;0.5821;0.6525;1;4;0.0488;0.7164;0.6352;Qwen3-1.7B
ID_8102993969523532;0.1617;0.1307;0.0000;0.2000;0.1000;0.0000;0.1000;0.1000;0.0226;0.5625;0.6030;3;4;0.0226;0.5625;0.4666;Qwen3-1.7B
ID_4287647692016596;0.5982;0.5493;0.8000;0.5000;0.2500;0.5000;0.6250;0.6250;0.5375;0.7800;0.6522;5;6;0.5375;0.7900;0.6836;Qwen3-1.7B
ID_0717133384261187;0.1304;0.2489;0.2000;0.1000;0.1500;0.0909;0.0909;0.2727;0.0303;0.3106;0.6527;1;3;0.0586;0.4099;0.6529;Qwen3-1.7B
ID_2770300692287670;0.1519;0.1506;0.0000;0.2000;0.2000;0.0000;0.0625;0.1250;0.0123;0.0584;0.6347;3;6;0.0247;0.0803;0.6538;Qwen3-1.7B
ID_6780184620648314;0.3882;0.4124;0.4000;0.3000;0.2000;0.1667;0.2500;0.3333;0.1667;0.7337;0.6938;4;5;0.1863;0.7640;0.7038;Qwen3-1.7B
ID_0232526330657129;0.2035;0.2692;0.4000;0.2000;0.2000;0.1538;0.1538;0.3077;0.1077;0.2973;0.5789;5;9;0.1404;0.3243;0.5807;Qwen3-1.7B
ID_4872607031009070;0.3903;0.3420;0.4000;0.4000;0.2500;0.1111;0.2222;0.2778;0.1349;0.3167;0.5163;4;5;0.1548;0.3833;0.6206;Qwen3-1.7B
ID_4836603877351111;0.0847;0.1010;0.0000;0.1000;0.1000;0.0000;0.0714;0.1429;0.0071;0.4857;0.6001;1;2;0.0190;0.7714;0.6832;Qwen3-1.7B
ID_6804862188196445;0.4857;0.5190;0.4000;0.3000;0.2000;0.1818;0.2727;0.3636;0.1856;0.4628;0.5005;4;6;0.2159;0.6033;0.5524;Qwen3-1.7B
ID_4961446471613279;0.6309;0.6048;0.8000;0.5000;0.4000;0.2222;0.2778;0.4444;0.2420;0.6087;0.4769;6;9;0.3244;0.6522;0.4724;Qwen3-1.7B
ID_3163271519013006;0.2363;0.2816;0.0000;0.1000;0.1000;0.0000;0.2500;0.5000;0.0312;0.5685;0.6655;4;7;0.0697;0.6345;0.6029;Qwen3-1.7B
ID_3438388225100072;0.4680;0.3684;0.4000;0.5000;0.3500;0.0500;0.1250;0.1750;0.0725;0.2713;0.7058;5;7;0.0900;0.2872;0.7053;Qwen3-1.7B
ID_7340569532034401;0.4184;0.4211;0.4000;0.3000;0.3000;0.0833;0.1250;0.2500;0.0972;0.4444;0.7118;3;6;0.1402;0.5556;0.7598;Qwen3-1.7B
ID_5073614861573842;0.4533;0.3507;0.6000;0.6000;0.4000;0.0682;0.1364;0.1818;0.0848;0.5686;0.6494;6;9;0.1102;0.5686;0.6753;Qwen3-1.7B
ID_4750838304742762;0.3406;0.2909;0.6000;0.4000;0.3000;0.0833;0.1111;0.1667;0.0630;0.6289;0.5442;4;6;0.0833;0.7052;0.5742;Qwen3-1.7B
ID_5620115591039018;0.3667;0.4445;0.4000;0.4000;0.4500;0.0741;0.1481;0.3333;0.0657;0.1309;0.7138;4;9;0.1524;0.1937;0.6874;Qwen3-1.7B
ID_7634526007103037;0.2863;0.3415;0.2000;0.2000;0.3000;0.0588;0.1176;0.3529;0.0719;0.2381;0.6744;2;6;0.1351;0.3619;0.6146;Qwen3-1.7B
ID_7312223977002681;0.2146;0.1895;0.4000;0.3000;0.2500;0.0571;0.0857;0.1429;0.0329;0.1850;0.6753;4;6;0.0494;0.2399;0.6854;Qwen3-1.7B
ID_7027246712839262;0.0149;0.0805;0.0000;0.0000;0.1000;0.0000;0.0000;0.1538;0.0000;0.6500;0.6678;1;3;0.0174;0.8500;0.6491;Qwen3-1.7B
ID_4313266994385427;0.6579;0.6933;0.8000;0.6000;0.7000;0.0833;0.1250;0.2917;0.1000;0.4909;0.7045;6;15;0.2106;0.5455;0.7117;Qwen3-1.7B
ID_3661952638867868;0.2154;0.1444;0.0000;0.3000;0.1500;0.0000;0.0909;0.0909;0.0228;0.1690;0.6508;3;3;0.0228;0.2113;0.6630;Qwen3-1.7B
ID_3362937671462104;0.3678;0.3850;0.6000;0.5000;0.3500;0.1200;0.2000;0.2800;0.1218;0.6190;0.7452;5;7;0.1542;0.6310;0.7182;Qwen3-1.7B
ID_3066548138105145;0.3973;0.4281;0.6000;0.6000;0.5000;0.1000;0.2000;0.3333;0.1141;0.5341;0.6120;6;12;0.2012;0.6591;0.6154;Qwen3-1.7B
ID_9707648221123932;0.4499;0.3259;0.4000;0.4000;0.2500;0.0465;0.0930;0.1163;0.0545;0.1722;0.7042;4;5;0.0623;0.2219;0.7014;Qwen3-1.7B
ID_0983518713985469;0.0409;0.1810;0.0000;0.1000;0.1500;0.0000;0.1429;0.4286;0.0159;0.1140;0.6132;1;3;0.0649;0.1667;0.6385;Qwen3-1.7B
ID_1741102469161036;0.0000;0.0000;0.0000;0.0000;0.0000;0.0000;0.0000;0.0000;0.0000;0.0645;0.3928;0;0;0.0000;0.0645;0.5169;Qwen3-1.7B
ID_7686288360297015;0.3715;0.3198;0.4000;0.3000;0.2500;0.0588;0.0882;0.1471;0.0616;0.3306;0.6155;4;7;0.0819;0.3952;0.6172;Qwen3-1.7B
ID_1177407730126204;0.5271;0.4686;0.6000;0.4000;0.3000;0.1000;0.1333;0.2000;0.1107;0.4785;0.5799;4;6;0.1400;0.4785;0.5516;Qwen3-1.7B
ID_6654943686635661;0.7971;0.7065;1.0000;0.7000;0.6500;0.2000;0.2800;0.5200;0.2623;0.4253;0.6788;8;14;0.4250;0.4598;0.6436;Qwen3-1.7B
ID_3935638786776109;0.2538;0.2459;0.2000;0.3000;0.2000;0.0526;0.1579;0.2105;0.0478;0.5507;0.6863;7;9;0.0618;0.6377;0.7014;Qwen3-1.7B
ID_1000622852662099;0.1645;0.1565;0.0000;0.2000;0.1500;0.0000;0.0690;0.1034;0.0112;0.3670;0.6652;3;5;0.0206;0.5479;0.6705;Qwen3-1.7B
ID_4319412527458142;0.0754;0.2148;0.0000;0.1000;0.1500;0.0000;0.1000;0.3000;0.0100;0.3793;0.7187;1;3;0.0496;0.4655;0.6907;Qwen3-1.7B
ID_5814379117254232;0.3435;0.2355;0.6000;0.4000;0.2500;0.0938;0.1250;0.1562;0.0679;0.5160;0.6026;4;5;0.0757;0.5288;0.6297;Qwen3-1.7B
ID_4204411370971869;0.6402;0.5829;0.6000;0.6000;0.5000;0.1034;0.2069;0.3448;0.1630;0.5185;0.2268;7;11;0.2433;0.5185;0.2394;Qwen3-1.7B
ID_1258429277577053;0.3557;0.2659;0.4000;0.4000;0.2000;0.0833;0.1667;0.1667;0.0880;0.2339;0.6192;4;4;0.0880;0.2573;0.6765;Qwen3-1.7B
ID_6898659315585888;0.0000;0.0442;0.0000;0.0000;0.0500;0.0000;0.0000;0.0667;0.0000;0.0480;0.6537;0;1;0.0039;0.0960;0.6340;Qwen3-1.7B
ID_7038719270161251;0.2490;0.2468;0.4000;0.3000;0.2000;0.1333;0.2000;0.2667;0.1219;0.3636;0.5583;4;6;0.1410;0.5091;0.5270;Qwen3-1.7B
ID_7170508510503648;0.1783;0.1483;0.2000;0.2000;0.1000;0.0625;0.1250;0.1250;0.0304;0.5946;0.6547;3;5;0.0304;0.6486;0.6671;Qwen3-1.7B
ID_6813736989856243;0.5413;0.4224;0.4000;0.4000;0.2500;0.0741;0.1481;0.1852;0.1138;0.5556;0.7829;4;5;0.1270;0.6032;0.7329;Qwen3-1.7B
ID_4353834821288043;0.0355;0.1517;0.0000;0.0000;0.1500;0.0000;0.0000;0.1667;0.0000;0.4156;0.6149;1;4;0.0225;0.4156;0.6267;Qwen3-1.7B
ID_0107663107513303;0.2943;0.2577;0.4000;0.3000;0.2000;0.1053;0.1579;0.2105;0.1053;0.0238;0.6849;3;4;0.1193;0.0238;0.6900;Qwen3-1.7B
ID_5111918415828587;0.0000;0.0139;0.0000;0.0000;0.0000;0.0000;0.0000;0.0000;0.0000;0.6400;0.6836;0;1;0.0000;0.6400;0.6907;Qwen3-1.7B
ID_7053039409324203;0.2842;0.2430;0.4000;0.3000;0.2000;0.0909;0.1364;0.1818;0.0561;0.9167;0.5442;5;7;0.0712;0.9271;0.6556;Qwen3-1.7B
ID_0170762259145267;0.3585;0.2989;0.4000;0.3000;0.2500;0.0465;0.0698;0.1163;0.0465;0.2059;0.6830;3;5;0.0584;0.3137;0.6965;Qwen3-1.7B
ID_1721596116332386;0.2749;0.3264;0.2000;0.2000;0.1500;0.1250;0.2500;0.3750;0.0625;0.5161;0.5258;5;8;0.0833;0.5887;0.6057;Qwen3-1.7B
ID_9936034232663152;0.4566;0.4493;0.8000;0.5000;0.4500;0.1818;0.2273;0.4091;0.1560;0.5909;0.6012;6;11;0.2423;0.6818;0.6313;Qwen3-1.7B
ID_3314639624288740;0.2469;0.2454;0.4000;0.3000;0.2000;0.0952;0.1429;0.1905;0.1032;0.1722;0.6993;3;4;0.1168;0.2054;0.6806;Qwen3-1.7B
ID_3211921786987598;0.4816;0.4258;0.6000;0.3000;0.1500;0.2143;0.2143;0.2143;0.1964;0.6154;0.5756;5;5;0.1964;0.6154;0.5756;Qwen3-1.7B
ID_8870539749821067;0.2684;0.2043;0.6000;0.3000;0.1500;0.1364;0.1364;0.1364;0.0871;0.1733;0.6832;3;3;0.0871;0.2030;0.6384;Qwen3-1.7B
ID_9856332816841794;0.5263;0.4786;0.4000;0.5000;0.4500;0.0541;0.1351;0.2432;0.0811;0.1792;0.5938;5;9;0.1305;0.2075;0.6286;Qwen3-1.7B
ID_8935551668939735;0.1546;0.1381;0.2000;0.2000;0.1500;0.0256;0.0513;0.0769;0.0115;0.2545;0.6402;2;3;0.0179;0.3455;0.6580;Qwen3-1.7B
ID_7014991384513854;0.4714;0.3613;0.4000;0.5000;0.2500;0.0714;0.1786;0.1786;0.1176;0.2857;0.7031;6;6;0.1176;0.3036;0.6822;Qwen3-1.7B
ID_6150649178925775;0.5207;0.4871;0.8000;0.4000;0.3000;0.1600;0.1600;0.2400;0.1287;0.1978;0.6027;4;6;0.1628;0.3187;0.6898;Qwen3-1.7B
ID_5681875789500232;0.2157;0.2474;0.2000;0.3000;0.3000;0.0345;0.1034;0.2069;0.0333;0.5000;0.6658;3;6;0.0724;0.5870;0.6294;Qwen3-1.7B
ID_6056793173053386;0.4088;0.4059;0.6000;0.6000;0.5000;0.1071;0.2143;0.3571;0.1303;0.2175;0.6215;6;10;0.2108;0.2719;0.5159;Qwen3-1.7B
ID_2127102036483236;0.2064;0.2839;0.0000;0.3000;0.4500;0.0000;0.0714;0.2143;0.0165;0.8537;0.6720;3;9;0.0721;0.9268;0.7151;Qwen3-1.7B
ID_5168823546200073;0.2346;0.2852;0.4000;0.3000;0.3000;0.0690;0.1034;0.2069;0.0417;0.4500;0.6872;3;7;0.0834;0.4880;0.6712;Qwen3-1.7B
ID_8606116806263977;0.4081;0.4516;0.4000;0.3000;0.3000;0.1111;0.1667;0.3333;0.1164;0.3057;0.6456;3;6;0.1714;0.4204;0.6096;Qwen3-1.7B
ID_3961773765127529;0.4797;0.4340;0.4000;0.6000;0.5000;0.0667;0.2000;0.3333;0.1084;0.5636;0.7041;6;10;0.1843;0.6727;0.7152;Qwen3-1.7B
ID_3559042497669898;0.2122;0.1600;0.2000;0.2000;0.1000;0.0556;0.1111;0.1111;0.0437;0.1393;0.6466;2;2;0.0437;0.1542;0.6367;Qwen3-1.7B
ID_2562159376424787;0.4991;0.4222;0.8000;0.7000;0.4000;0.2105;0.3684;0.4211;0.2688;0.1971;0.6573;7;8;0.2922;0.2857;0.7144;Qwen3-1.7B
ID_0226659493503879;0.2169;0.2315;0.0000;0.1000;0.0500;0.0000;0.2000;0.2000;0.0250;0.6714;0.4995;4;7;0.0250;0.8429;0.5274;Qwen3-1.7B
ID_2522219947489545;0.6521;0.5713;0.6000;0.7000;0.4000;0.1579;0.3684;0.4211;0.2858;0.6974;0.6066;9;13;0.3209;0.8158;0.6402;Qwen3-1.7B
ID_6233887751567079;0.5520;0.4593;0.6000;0.6000;0.4500;0.0714;0.1429;0.2143;0.0890;0.2903;0.5730;6;9;0.1231;0.3065;0.6830;Qwen3-1.7B
ID_5112000100248158;0.0392;0.1237;0.0000;0.1000;0.2000;0.0000;0.0500;0.2000;0.0063;0.1700;0.6932;2;7;0.0324;0.4032;0.6778;Qwen3-1.7B
ID_1009007373940269;0.1216;0.1460;0.0000;0.1000;0.1000;0.0000;0.0333;0.0667;0.0048;0.3333;0.7173;3;4;0.0092;0.6000;0.7150;Qwen3-1.7B
ID_1272997735344283;0.7339;0.7725;1.0000;0.6000;0.3500;0.4545;0.5455;0.6364;0.5325;0.1846;0.6112;7;8;0.5814;0.2154;0.6087;Qwen3-1.7B
ID_4216801992845696;0.7155;0.5463;0.8000;0.6000;0.4000;0.1739;0.2609;0.3478;0.2275;0.7162;0.7998;8;10;0.2797;0.7703;0.7512;Qwen3-1.7B
ID_3635180022332691;0.8134;0.5297;1.0000;0.8000;0.4000;0.1667;0.2667;0.2667;0.2478;0.5769;0.6905;9;10;0.2478;0.6026;0.6179;Qwen3-1.7B
ID_6604074224038905;0.5508;0.5116;0.6000;0.5000;0.4500;0.1071;0.1786;0.3214;0.1508;0.2132;0.6577;5;9;0.2178;0.6103;0.6974;Qwen3-1.7B
ID_0306964533388350;0.1582;0.1610;0.0000;0.2000;0.1500;0.0000;0.1000;0.1500;0.0194;0.4222;0.5507;3;5;0.0288;0.5333;0.6207;Qwen3-1.7B
ID_2382340975364628;0.3050;0.2595;0.4000;0.4000;0.2000;0.1111;0.2222;0.2222;0.1003;0.0123;0.5199;4;5;0.1003;0.0123;0.6499;Qwen3-1.7B
ID_8856264804055285;0.6762;0.6707;1.0000;0.6000;0.5000;0.3125;0.3750;0.6250;0.3500;0.2241;0.5239;6;10;0.4715;0.2759;0.5447;Qwen3-1.7B
ID_4895231407900749;0.2393;0.3630;0.2000;0.1000;0.1000;0.2000;0.2000;0.4000;0.2000;0.2300;0.7016;2;3;0.2267;0.3200;0.6779;Qwen3-1.7B
ID_2404041740930079;0.0000;0.0000;0.0000;0.0000;0.0000;0.0000;0.0000;0.0000;0.0000;0.0828;0.6176;0;0;0.0000;0.1210;0.5497;Qwen3-1.7B
ID_1085274416109765;0.2201;0.1913;0.2000;0.1000;0.1000;0.0370;0.0370;0.0741;0.0370;0.4301;0.6364;1;2;0.0417;0.4839;0.6269;Qwen3-1.7B
ID_7299082066704598;0.4035;0.4130;0.8000;0.5000;0.5000;0.1000;0.1250;0.2500;0.0983;0.4828;0.7242;5;10;0.1578;0.4943;0.6678;Qwen3-1.7B
ID_2985658685449858;0.6089;0.5795;0.6000;0.6000;0.4500;0.1071;0.2143;0.3214;0.1713;0.3596;0.5947;7;10;0.2197;0.4298;0.6327;Qwen3-1.7B
ID_2841235947648623;0.8104;0.6268;1.0000;0.8000;0.6000;0.1724;0.2759;0.4138;0.2527;0.1583;0.5298;8;12;0.3551;0.1799;0.5771;Qwen3-1.7B
ID_1177858154250011;0.5199;0.4602;0.4000;0.4000;0.2500;0.0909;0.1818;0.2273;0.1318;0.2530;0.1616;4;5;0.1438;0.2885;0.2040;Qwen3-1.7B
ID_3417554957573089;0.4049;0.3468;0.8000;0.5000;0.2500;0.2667;0.3333;0.3333;0.2367;0.4667;0.6853;5;5;0.2367;0.5333;0.7196;Qwen3-1.7B
ID_4367729354437118;0.3273;0.2961;0.4000;0.3000;0.3000;0.0526;0.0789;0.1579;0.0439;0.3205;0.6888;3;6;0.0697;0.3590;0.6645;Qwen3-1.7B
ID_7618815981603087;0.5705;0.4762;0.6000;0.6000;0.4500;0.0909;0.1818;0.2727;0.1361;0.2406;0.6801;6;9;0.1859;0.2707;0.6225;Qwen3-1.7B
ID_0756134184225958;0.0918;0.0919;0.0000;0.3000;0.2000;0.0000;0.1429;0.1905;0.0357;0.5550;0.5250;3;4;0.0457;0.6005;0.5843;Qwen3-1.7B
ID_0607115205166943;0.5607;0.4086;0.8000;0.5000;0.3500;0.0816;0.1020;0.1429;0.0903;0.6344;0.6096;5;7;0.1039;0.7137;0.6653;Qwen3-1.7B
ID_7050204388811935;0.1082;0.1343;0.0000;0.0000;0.0000;0.0000;0.0000;0.0000;0.0000;0.3770;0.7192;4;7;0.0000;0.4426;0.7386;Qwen3-1.7B
ID_9222328149519812;0.5178;0.4418;0.8000;0.5000;0.3000;0.1667;0.2083;0.2500;0.1826;0.2157;0.6934;5;9;0.1951;0.2353;0.6969;Qwen3-1.7B
ID_2413108146059860;0.4766;0.4215;0.4000;0.4000;0.4000;0.0714;0.1429;0.2857;0.0918;0.7031;0.5737;5;9;0.1417;0.7031;0.6886;Qwen3-1.7B
ID_7137178343756327;0.5738;0.4710;0.6000;0.6000;0.4000;0.1500;0.3000;0.4000;0.2232;0.5730;0.5634;6;8;0.2857;0.5843;0.4077;Qwen3-1.7B
ID_8716772787552224;0.7598;0.7139;0.8000;0.5000;0.3500;0.3077;0.3846;0.5385;0.3626;0.5951;0.6798;6;9;0.4340;0.6810;0.6485;Qwen3-1.7B
ID_2703079636251098;0.1603;0.1386;0.0000;0.3000;0.1500;0.0000;0.1765;0.1765;0.0462;0.4531;0.6485;3;4;0.0462;0.5000;0.6780;Qwen3-1.7B
ID_9093965063812492;0.6928;0.5679;0.8000;0.7000;0.5500;0.0952;0.1667;0.2619;0.1492;0.9469;0.4655;7;11;0.2053;0.9714;0.6031;Qwen3-1.7B
ID_1883927036650646;0.4513;0.4882;0.6000;0.4000;0.3500;0.1579;0.2105;0.3684;0.1669;0.6778;0.6238;7;10;0.2388;0.7222;0.6203;Qwen3-1.7B
ID_4254001833729264;0.5328;0.4170;0.8000;0.5000;0.3500;0.1053;0.1316;0.1842;0.1132;0.4821;0.7194;5;7;0.1378;0.5714;0.6542;Qwen3-1.7B
ID_9981984419027348;0.7145;0.5099;0.6000;0.7000;0.4500;0.0750;0.1750;0.2250;0.1477;0.2609;0.6720;7;9;0.1756;0.3043;0.6662;Qwen3-1.7B
ID_3267843405581248;0.6021;0.4387;0.6000;0.5000;0.3500;0.0750;0.1250;0.1750;0.1000;0.7451;0.7340;5;7;0.1203;0.7843;0.7424;Qwen3-1.7B
ID_7431674954926317;0.1828;0.1975;0.0000;0.2000;0.1500;0.0000;0.1429;0.2143;0.0248;0.5000;0.7324;3;6;0.0401;0.5417;0.6692;Qwen3-1.7B
ID_3166198706411520;0.6895;0.5946;1.0000;0.6000;0.4000;0.2083;0.2500;0.3333;0.2500;0.6464;0.6026;6;8;0.2951;0.7348;0.6656;Qwen3-1.7B
ID_6118207071870406;0.3592;0.3972;0.6000;0.4000;0.3500;0.1200;0.1600;0.2800;0.1033;0.7214;0.6268;4;7;0.1457;0.8109;0.6670;Qwen3-1.7B
ID_2401311988343812;0.3780;0.3494;0.8000;0.5000;0.3500;0.1600;0.2000;0.2800;0.1620;0.2143;0.5791;5;7;0.1931;0.4524;0.4193;Qwen3-1.7B
ID_8274579818841840;0.3310;0.3721;0.2000;0.2000;0.1500;0.0833;0.1667;0.2500;0.1019;0.9556;0.6091;2;3;0.1144;0.9556;0.6176;Qwen3-1.7B
ID_3886712611757992;0.3060;0.2965;0.4000;0.3000;0.2000;0.1667;0.2500;0.3333;0.0958;0.4563;0.6519;3;4;0.1236;0.6699;0.6570;Qwen3-1.7B
ID_4236800519243308;0.3802;0.4266;0.8000;0.4000;0.3000;0.3333;0.3333;0.5000;0.2264;0.3759;0.6723;4;6;0.2862;0.4397;0.6816;Qwen3-1.7B
ID_4073113061295309;0.1614;0.2324;0.2000;0.2000;0.2000;0.0833;0.1667;0.3333;0.0333;0.4874;0.7363;2;6;0.0838;0.4958;0.7137;Qwen3-1.7B
ID_3621433615334969;0.0462;0.0912;0.0000;0.1000;0.1000;0.0000;0.0588;0.1176;0.0084;0.0339;0.7333;2;4;0.0143;0.0847;0.6826;Qwen3-1.7B
ID_1043606043814998;0.1688;0.2118;0.4000;0.2000;0.2000;0.1176;0.1176;0.2353;0.0882;0.4956;0.6152;2;4;0.1117;0.7035;0.6349;Qwen3-1.7B
ID_7087770133288924;0.2857;0.2761;0.2000;0.3000;0.2500;0.0385;0.1154;0.1923;0.0417;0.5600;0.5658;4;6;0.0642;0.7000;0.5131;Qwen3-1.7B
ID_8201805132981288;0.4967;0.4796;0.4000;0.4000;0.2500;0.1538;0.3077;0.3846;0.2253;0.4865;0.6677;4;5;0.2549;0.6486;0.6573;Qwen3-1.7B
ID_1187896035778213;0.5638;0.3962;0.8000;0.4000;0.2500;0.0741;0.0741;0.0926;0.0741;0.5575;0.7209;4;5;0.0787;0.6437;0.7248;Qwen3-1.7B
ID_7040082970555770;0.5045;0.3405;0.4000;0.5000;0.3000;0.0526;0.1316;0.1579;0.0716;0.5722;0.7457;5;6;0.0814;0.6111;0.7053;Qwen3-1.7B
ID_8508457798254482;0.3820;0.3134;0.4000;0.3000;0.2500;0.0488;0.0732;0.1220;0.0423;0.3766;0.6597;4;6;0.0544;0.4026;0.6554;Qwen3-1.7B
ID_5625607708848040;0.3254;0.2730;0.4000;0.2000;0.1500;0.0870;0.0870;0.1304;0.0652;0.3731;0.6663;3;4;0.0717;0.4552;0.6223;Qwen3-1.7B
ID_2892051287737605;0.2028;0.1688;0.2000;0.2000;0.1000;0.0667;0.1333;0.1333;0.0413;0.2675;0.7250;4;4;0.0413;0.2803;0.6741;Qwen3-1.7B
ID_0422652925722673;0.3979;0.4489;0.4000;0.5000;0.3000;0.2000;0.5000;0.6000;0.2277;0.2083;0.6991;5;6;0.2593;0.2292;0.6838;Qwen3-1.7B
ID_1138639549823932;0.6558;0.5787;0.8000;0.6000;0.5500;0.1000;0.1500;0.2750;0.1289;0.4348;0.6534;6;11;0.2128;0.6957;0.6682;Qwen3-1.7B
ID_8032871065166582;0.5024;0.4155;0.4000;0.2000;0.1000;0.1429;0.1429;0.1429;0.1190;0.2273;0.6885;3;3;0.1190;0.2424;0.6773;Qwen3-1.7B
ID_3740757562716147;0.2496;0.1975;0.0000;0.4000;0.2500;0.0000;0.1176;0.1471;0.0349;0.0690;0.7543;5;6;0.0454;0.1034;0.7245;Qwen3-1.7B
ID_1661480072159875;0.2462;0.2346;0.4000;0.3000;0.2500;0.0667;0.1000;0.1667;0.0328;0.7857;0.5667;3;5;0.0567;0.8095;0.5180;Qwen3-1.7B
ID_6513224203040781;0.8128;0.6055;0.8000;0.8000;0.5000;0.1481;0.2963;0.3704;0.2687;0.6071;0.4857;9;12;0.3254;0.6429;0.5279;Qwen3-1.7B
ID_4750709016042276;0.5854;0.4290;0.8000;0.6000;0.4000;0.1026;0.1538;0.2051;0.1350;0.7222;0.6764;6;8;0.1628;0.7540;0.6589;Qwen3-1.7B
ID_6435692548198017;0.5225;0.3646;0.4000;0.6000;0.3500;0.0769;0.2308;0.2692;0.1652;0.7746;0.7271;6;7;0.1787;0.8169;0.7289;Qwen3-1.7B
ID_1142440384333196;0.2917;0.2858;0.2000;0.5000;0.3000;0.0333;0.1667;0.2000;0.0654;0.4894;0.6238;5;6;0.0836;0.5745;0.6345;Qwen3-1.7B
ID_1428637808064409;0.0704;0.1304;0.2000;0.2000;0.2000;0.0303;0.0606;0.1212;0.0152;0.4427;0.7382;2;5;0.0301;0.5153;0.7144;Qwen3-1.7B
ID_3714905065293466;0.5002;0.4246;0.4000;0.6000;0.4000;0.0741;0.2222;0.2963;0.1343;0.5778;0.6050;6;9;0.1654;0.5778;0.4718;Qwen3-1.7B
ID_0627069259285805;0.5541;0.4625;0.8000;0.4000;0.3500;0.0870;0.0870;0.1522;0.0826;0.9259;0.4774;4;7;0.1070;0.9352;0.4834;Qwen3-1.7B
ID_7112751029135541;0.2337;0.2107;0.4000;0.2000;0.1500;0.1333;0.1333;0.2000;0.0667;0.5942;0.6624;2;3;0.0810;0.6812;0.6281;Qwen3-1.7B
ID_8616379159674273;0.4701;0.4731;0.6000;0.4000;0.2500;0.3333;0.4444;0.5556;0.3778;0.3077;0.7566;6;9;0.4125;0.4231;0.7440;Qwen3-1.7B
ID_4413209638256157;0.1878;0.2520;0.2000;0.2000;0.2000;0.0769;0.1538;0.3077;0.0374;0.7838;0.6733;2;4;0.0745;0.8378;0.6182;Qwen3-1.7B
ID_4821257969996926;0.4323;0.2843;0.4000;0.3000;0.1500;0.0714;0.1071;0.1071;0.0867;0.5143;0.2724;3;3;0.0867;0.5143;0.2724;Qwen3-1.7B
ID_1324927877730882;0.2464;0.2116;0.4000;0.4000;0.3000;0.0435;0.0870;0.1304;0.0385;0.3247;0.6702;4;6;0.0556;0.6753;0.6654;Qwen3-1.7B
ID_0214033967250240;0.6787;0.4894;1.0000;0.6000;0.4000;0.1471;0.1765;0.2353;0.1765;0.6207;0.6810;6;8;0.2047;0.6322;0.7028;Qwen3-1.7B
ID_6531889931012965;0.7456;0.6397;1.0000;0.7000;0.6500;0.1220;0.1707;0.3171;0.1573;0.3590;0.6706;7;14;0.2616;0.3974;0.6192;Qwen3-1.7B
ID_7196654947156785;0.3147;0.3780;0.4000;0.4000;0.4500;0.0465;0.0930;0.2093;0.0443;0.2000;0.5758;4;9;0.0946;0.4718;0.5655;Qwen3-1.7B
ID_1750852376922258;0.1952;0.2434;0.4000;0.2000;0.2500;0.1000;0.1000;0.2500;0.0367;0.8205;0.6463;2;5;0.0731;0.8718;0.6343;Qwen3-1.7B
ID_6086190357278633;0.6580;0.5934;1.0000;0.5000;0.4000;0.2381;0.2381;0.3810;0.2381;0.5909;0.6584;6;9;0.2925;0.6212;0.6096;Qwen3-1.7B
ID_6306096928606380;0.4249;0.4841;0.6000;0.3000;0.2500;0.2308;0.2308;0.3846;0.1859;0.6190;0.5078;3;5;0.2244;0.6984;0.5962;Qwen3-1.7B
ID_7206289057139883;0.6025;0.5224;0.8000;0.5000;0.4500;0.1250;0.1562;0.2812;0.1266;0.6111;0.6117;5;9;0.1913;0.6875;0.6086;Qwen3-1.7B
ID_5381937275780405;0.2979;0.5324;0.2000;0.2000;0.2500;0.1667;0.3333;0.8333;0.2222;0.9474;0.6311;2;5;0.3572;1.0000;0.5794;Qwen3-1.7B
ID_7112277465715838;0.1996;0.2392;0.2000;0.1000;0.1500;0.0526;0.0526;0.1579;0.0263;0.0597;0.6833;4;7;0.0432;0.1791;0.7119;Qwen3-1.7B
ID_5014603660790632;0.8190;0.5286;1.0000;0.8000;0.4000;0.1471;0.2353;0.2353;0.2215;0.3400;0.6442;8;8;0.2215;0.3500;0.6308;Qwen3-1.7B
ID_0211300683784278;0.1733;0.3042;0.2000;0.2000;0.3500;0.0370;0.0741;0.2593;0.0185;0.4679;0.4437;3;9;0.0738;0.4862;0.4734;Qwen3-1.7B
ID_1479038203388369;0.4836;0.3707;0.6000;0.3000;0.1500;0.1154;0.1154;0.1154;0.1058;0.6087;0.6051;6;6;0.1058;0.6087;0.5835;Qwen3-1.7B
ID_1372738121180882;0.1722;0.1370;0.2000;0.2000;0.1000;0.0625;0.1250;0.1250;0.0295;0.4231;0.7392;3;3;0.0295;0.4615;0.7311;Qwen3-1.7B
ID_3417734567782570;0.3805;0.3680;0.8000;0.5000;0.3500;0.2105;0.2632;0.3684;0.2376;0.8235;0.6019;5;7;0.2786;0.8235;0.6308;Qwen3-1.7B
ID_8542579855895033;0.0365;0.1394;0.2000;0.1000;0.2000;0.0312;0.0312;0.1250;0.0063;0.4066;0.6500;1;4;0.0281;0.4615;0.6455;Qwen3-1.7B
ID_3770706279979377;0.3260;0.3444;0.8000;0.4000;0.3500;0.1600;0.1600;0.2800;0.1087;0.8182;0.7123;4;7;0.1520;0.9091;0.6601;Qwen3-1.7B
ID_2715614477658559;0.4226;0.4361;0.4000;0.3000;0.3500;0.0714;0.1071;0.2500;0.0821;0.3580;0.6964;3;7;0.1351;0.3704;0.7068;Qwen3-1.7B
ID_1644854912506311;0.0429;0.1533;0.0000;0.1000;0.1500;0.0000;0.1111;0.3333;0.0159;0.4808;0.6742;1;3;0.0538;0.5385;0.6406;Qwen3-1.7B
ID_7997248190492823;0.2010;0.2527;0.4000;0.2000;0.2000;0.0909;0.0909;0.1818;0.0530;0.1979;0.6433;3;6;0.0702;0.2604;0.6530;Qwen3-1.7B
ID_5390871764659439;0.3501;0.2604;0.4000;0.3000;0.1500;0.1111;0.1667;0.1667;0.1164;0.4429;0.7493;4;5;0.1164;0.5292;0.7225;Qwen3-1.7B
ID_4830050448543240;0.6236;0.5654;0.6000;0.5000;0.4000;0.1429;0.2381;0.3810;0.2011;0.4167;0.7142;6;10;0.2841;0.4583;0.6672;Qwen3-1.7B
ID_5368167403557640;0.4315;0.3471;0.6000;0.4000;0.3000;0.1154;0.1538;0.2308;0.1027;0.1235;0.6843;4;6;0.1280;0.1420;0.6789;Qwen3-1.7B
ID_1122362218673413;0.3437;0.2693;0.6000;0.3000;0.2500;0.0789;0.0789;0.1316;0.0504;0.4627;0.5839;3;5;0.0636;0.6119;0.6087;Qwen3-1.7B
ID_7269889225548975;0.1635;0.1194;0.2000;0.2000;0.1000;0.0455;0.0909;0.0909;0.0242;0.6500;0.5993;2;2;0.0242;0.7500;0.5534;Qwen3-1.7B
ID_3258168964977007;0.3590;0.3639;0.4000;0.2000;0.2500;0.1176;0.1176;0.2941;0.1176;0.3158;0.7637;2;5;0.1667;0.3421;0.7254;Qwen3-1.7B
ID_1425457857618919;0.8604;0.7650;1.0000;0.8000;0.7000;0.1316;0.2105;0.3684;0.2020;0.3333;0.6963;8;14;0.3155;0.4762;0.7039;Qwen3-1.7B
ID_5249973626810280;0.3413;0.2822;0.4000;0.3000;0.1500;0.1250;0.1875;0.1875;0.0789;0.2571;0.6247;4;4;0.0789;0.2714;0.6791;Qwen3-1.7B
ID_3341755886753117;0.5323;0.4452;0.6000;0.4000;0.2500;0.1429;0.1905;0.2381;0.1548;0.3571;0.6905;5;7;0.1746;0.3571;0.6879;Qwen3-1.7B
ID_1868743035556083;0.1427;0.1769;0.2000;0.1000;0.1000;0.1250;0.1250;0.2500;0.0250;0.4912;0.6453;1;2;0.0477;0.4912;0.6341;Qwen3-1.7B
ID_7730378702136765;0.2809;0.3523;0.4000;0.2000;0.2000;0.1538;0.1538;0.3077;0.0897;0.8235;0.7330;2;4;0.1244;0.8824;0.7076;Qwen3-1.7B
ID_4165114386602896;0.3637;0.3896;0.4000;0.3000;0.3500;0.0800;0.1200;0.2800;0.0867;0.6400;0.6482;3;7;0.1503;0.6400;0.6310;Qwen3-1.7B
ID_3064071594531422;0.4765;0.4429;0.4000;0.7000;0.6000;0.0571;0.2000;0.3429;0.1113;0.3462;0.6992;8;13;0.2029;0.3846;0.6845;Qwen3-1.7B
ID_5266453653764376;0.0663;0.1273;0.0000;0.1000;0.1500;0.0000;0.0667;0.2000;0.0074;0.2269;0.5530;1;3;0.0290;0.2941;0.5785;Qwen3-1.7B
ID_2327252294819099;0.1641;0.2415;0.0000;0.2000;0.2500;0.0000;0.1429;0.3571;0.0281;0.5714;0.7384;3;7;0.0729;0.6429;0.7056;Qwen3-1.7B
ID_1416717596426384;0.5216;0.3366;0.4000;0.6000;0.3000;0.0714;0.2143;0.2143;0.1161;0.7091;0.6008;6;6;0.1161;0.8182;0.6186;Qwen3-1.7B
ID_5104380991908142;0.2837;0.3579;0.2000;0.2000;0.3000;0.0500;0.1000;0.3000;0.0600;0.3516;0.6976;2;6;0.1245;0.4141;0.6518;Qwen3-1.7B
ID_3850342002270325;0.2429;0.2052;0.4000;0.3000;0.2000;0.0645;0.0968;0.1290;0.0484;0.1366;0.5821;5;6;0.0552;0.1421;0.5635;Qwen3-1.7B
ID_2506452256257692;0.5276;0.4743;0.6000;0.5000;0.3500;0.1579;0.2632;0.3684;0.1602;0.4944;0.6825;7;10;0.1982;0.5169;0.6677;Qwen3-1.7B
ID_2501991149911808;0.2463;0.1983;0.2000;0.3000;0.1500;0.0556;0.1667;0.1667;0.0645;0.6346;0.5504;4;5;0.0645;0.6538;0.4880;Qwen3-1.7B
ID_0681322721384641;0.4537;0.3857;0.6000;0.3000;0.2000;0.1765;0.1765;0.2353;0.1618;0.7232;0.7409;3;4;0.1832;0.7500;0.7259;Qwen3-1.7B
ID_3413049864861519;0.0851;0.1921;0.2000;0.1000;0.2000;0.0500;0.0500;0.2000;0.0100;0.3182;0.6545;1;4;0.0360;0.5909;0.6717;Qwen3-1.7B
ID_3497475658439763;0.5735;0.5422;0.8000;0.6000;0.5500;0.1081;0.1622;0.2973;0.1140;0.7536;0.6947;6;11;0.1863;0.7681;0.6645;Qwen3-1.7B
ID_8972547506863523;0.9306;0.7574;1.0000;0.9000;0.7000;0.1471;0.2647;0.4118;0.2585;0.8716;0.5854;9;14;0.3781;0.8807;0.4532;Qwen3-1.7B
ID_6349130857434487;0.4151;0.4715;0.6000;0.5000;0.4000;0.1875;0.3125;0.5000;0.1590;0.5000;0.6581;5;8;0.2345;0.7000;0.6411;Qwen3-1.7B
ID_3155603065610018;0.2900;0.4357;0.6000;0.3000;0.5000;0.1111;0.1111;0.3704;0.0531;0.6471;0.5964;3;10;0.1613;0.7647;0.5686;Qwen3-1.7B
ID_6004516715704075;0.3269;0.4036;0.4000;0.2000;0.1500;0.2500;0.2500;0.3750;0.2083;0.8710;0.6427;3;5;0.2396;0.9677;0.5986;Qwen3-1.7B
ID_2460757456354875;0.5230;0.4829;0.8000;0.6000;0.3500;0.1739;0.2609;0.3043;0.2474;0.7639;0.6878;8;12;0.2653;0.7639;0.6870;Qwen3-1.7B
ID_7741121296126010;0.0314;0.1680;0.0000;0.0000;0.2000;0.0000;0.0000;0.1600;0.0000;0.1923;0.6937;1;6;0.0255;0.2692;0.7173;Qwen3-1.7B
ID_0521334155968808;0.4686;0.4641;0.8000;0.4000;0.4000;0.1667;0.1667;0.3333;0.1479;0.6071;0.5729;5;9;0.2126;0.6429;0.5961;Qwen3-1.7B
ID_0447358942103110;0.3155;0.3095;0.4000;0.2000;0.1000;0.2000;0.2000;0.2000;0.2000;0.3269;0.6899;2;2;0.2000;0.7115;0.6565;Qwen3-1.7B
ID_1509294900960066;0.6863;0.6774;0.8000;0.7000;0.6000;0.1429;0.2500;0.4286;0.2211;0.2000;0.6908;8;13;0.3474;0.3333;0.6452;Qwen3-1.7B
