Autor;Rank;Tag_Predita;Melhor_Match_Gabarito;Similaridade;Peso;Match_Status;Modelo
ID_0144465590218939;1;diabetes;insulin receptor (rej);0.662;0;sem match válido;Qwen3.5-4B-QLoRA
ID_0144465590218939;2;insulin;insulin secretion;0.887;3;match válido;Qwen3.5-4B-QLoRA
ID_0144465590218939;3;insulin resistance;insulin receptor (rej);0.785;0;sem match válido;Qwen3.5-4B-QLoRA
ID_0144465590218939;4;insulin receptor;insulin receptor;1.000;3;match válido;Qwen3.5-4B-QLoRA
ID_0144465590218939;5;insulin signaling;insulin receptor (rej);0.911;0;sem match válido;Qwen3.5-4B-QLoRA
ID_0144465590218939;6;insulin signaling pathway;insulin receptor (rej);0.887;0;sem match válido;Qwen3.5-4B-QLoRA
ID_0144465590218939;7;insulin sensitivity;soleus insulin response;0.774;2;match válido;Qwen3.5-4B-QLoRA
ID_0144465590218939;8;insulin sensitivity and some;insulin receptor (rej);0.856;0;sem match válido;Qwen3.5-4B-QLoRA
ID_0144465590218939;9;insulin receptor substrate;insulin receptor (rej);0.951;0;sem match válido;Qwen3.5-4B-QLoRA
ID_0144465590218939;10;;;;;;Qwen3.5-4B-QLoRA
ID_0144465590218939;11;;;;;;Qwen3.5-4B-QLoRA
ID_0144465590218939;12;;;;;;Qwen3.5-4B-QLoRA
ID_0144465590218939;13;;;;;;Qwen3.5-4B-QLoRA
ID_0144465590218939;14;;;;;;Qwen3.5-4B-QLoRA
ID_0144465590218939;15;;;;;;Qwen3.5-4B-QLoRA
ID_0144465590218939;16;;;;;;Qwen3.5-4B-QLoRA
ID_0144465590218939;17;;;;;;Qwen3.5-4B-QLoRA
ID_0144465590218939;18;;;;;;Qwen3.5-4B-QLoRA
ID_0144465590218939;19;;;;;;Qwen3.5-4B-QLoRA
ID_0144465590218939;20;;;;;;Qwen3.5-4B-QLoRA
ID_0170762259145267;1;irrigation;irrigação e doses;0.867;3;match válido;Qwen3.5-4B-QLoRA
ID_0170762259145267;2;irrigação;irrigação;1.000;3;match válido;Qwen3.5-4B-QLoRA
ID_0170762259145267;3;irrigação localizada;irrigação (rej);0.950;0;sem match válido;Qwen3.5-4B-QLoRA
ID_0170762259145267;4;localised irrigation;irrigação (rej);0.836;0;sem match válido;Qwen3.5-4B-QLoRA
ID_0170762259145267;5;localised irrigation systems;irrigação (rej);0.803;0;sem match válido;Qwen3.5-4B-QLoRA
ID_0170762259145267;6;lâminas de irrigação;lâminas de irrigação;1.000;3;match válido;Qwen3.5-4B-QLoRA
ID_0170762259145267;7;lâminas de irrigação localizada;lâminas de irrigação (rej);0.974;0;sem match válido;Qwen3.5-4B-QLoRA
ID_0170762259145267;8;maracujazeiro;pós-colheita da mangueira (rej);0.435;0;sem match válido;Qwen3.5-4B-QLoRA
ID_0170762259145267;9;monitoring solutes;solute dynamics (rej);0.600;0;sem match válido;Qwen3.5-4B-QLoRA
ID_0170762259145267;10;peanut;peanut plants;0.832;3;match válido;Qwen3.5-4B-QLoRA
ID_0170762259145267;11;peanut kernel;grão de amendoim;0.768;3;match válido;Qwen3.5-4B-QLoRA
ID_0170762259145267;12;potassium;potássio no solo;0.788;3;match válido;Qwen3.5-4B-QLoRA
ID_0170762259145267;13;potassium displacement;potassium displacement;1.000;3;match válido;Qwen3.5-4B-QLoRA
ID_0170762259145267;14;radiation attenuation;incident solar radiation (rej);0.662;0;sem match válido;Qwen3.5-4B-QLoRA
ID_0170762259145267;15;sandy texture;sandy texture;1.000;3;match válido;Qwen3.5-4B-QLoRA
ID_0170762259145267;16;solute displacement;solute displacement;1.000;3;match válido;Qwen3.5-4B-QLoRA
ID_0170762259145267;17;solute displacement below;solute dynamics;0.778;3;match válido;Qwen3.5-4B-QLoRA
ID_0170762259145267;18;solutions of potassium;potassium displacement (rej);0.844;0;sem match válido;Qwen3.5-4B-QLoRA
ID_0170762259145267;19;solutions of potassium nitrate;potassium displacement (rej);0.762;0;sem match válido;Qwen3.5-4B-QLoRA
ID_0170762259145267;20;solutions of potassium nitrate and calcium;potássio no solo (rej);0.776;0;sem match válido;Qwen3.5-4B-QLoRA
ID_0174325304693036;1;early oral squamous cell;oral squamous cell;0.945;2;match válido;Qwen3.5-4B-QLoRA
ID_0174325304693036;2;early oral squamous cell carcinomas;oral cancer;0.782;3;match válido;Qwen3.5-4B-QLoRA
ID_0174325304693036;3;head and neck squamous cell;head and neck squamous cell carcinoma (rej);0.846;0;sem match válido;Qwen3.5-4B-QLoRA
ID_0174325304693036;4;head and neck squamous cell carcinomas;squamous cell carcinoma;0.863;2;match válido;Qwen3.5-4B-QLoRA
ID_0174325304693036;5;head and neck squamous cell carcinomas (hnscc);head and neck squamous cell carcinoma (rej);0.934;0;sem match válido;Qwen3.5-4B-QLoRA
ID_0174325304693036;6;head and neck squamous cell carcinoma;head and neck squamous cell carcinoma;1.000;3;match válido;Qwen3.5-4B-QLoRA
ID_0174325304693036;7;head and neck squamous cell carcinomas, oral squamous cell carcinoma;head and neck squamous cell carcinoma (rej);0.944;0;sem match válido;Qwen3.5-4B-QLoRA
ID_0174325304693036;8;head and neck tumors;head and neck cancer;0.960;3;match válido;Qwen3.5-4B-QLoRA
ID_0174325304693036;9;head and neck tumors, oral squamous cell;head and neck squamous cell carcinoma (rej);0.892;0;sem match válido;Qwen3.5-4B-QLoRA
ID_0174325304693036;10;head and neck tumors, squamous cell;head and neck neoplasms;0.760;3;match válido;Qwen3.5-4B-QLoRA
ID_0174325304693036;11;head and neck tumors, squamous cell carcinoma;câncer de cabeça;0.820;2;match válido;Qwen3.5-4B-QLoRA
ID_0174325304693036;12;head and neck tumors, squamous cell carcinomas;neck cancer;0.776;2;match válido;Qwen3.5-4B-QLoRA
ID_0174325304693036;13;head and neck tumors, squamous cell carcinomas, oral squamous cell;head and neck squamous cell carcinoma (rej);0.941;0;sem match válido;Qwen3.5-4B-QLoRA
ID_0174325304693036;14;;;;;;Qwen3.5-4B-QLoRA
ID_0174325304693036;15;;;;;;Qwen3.5-4B-QLoRA
ID_0174325304693036;16;;;;;;Qwen3.5-4B-QLoRA
ID_0174325304693036;17;;;;;;Qwen3.5-4B-QLoRA
ID_0174325304693036;18;;;;;;Qwen3.5-4B-QLoRA
ID_0174325304693036;19;;;;;;Qwen3.5-4B-QLoRA
ID_0174325304693036;20;;;;;;Qwen3.5-4B-QLoRA
ID_0228970585981305;1;anionic micellar;intramolecular catalysis (rej);0.446;0;sem match válido;Qwen3.5-4B-QLoRA
ID_0228970585981305;2;anionic micellar solution;intramolecular catalysis (rej);0.552;0;sem match válido;Qwen3.5-4B-QLoRA
ID_0228970585981305;3;anionic micellar solutions;phosphorothioate triesters (rej);0.526;0;sem match válido;Qwen3.5-4B-QLoRA
ID_0228970585981305;4;bis(2,4-dinitrophenyl) phosphate;phosphate;0.769;1;match válido;Qwen3.5-4B-QLoRA
ID_0228970585981305;5;bis(2,4-dinitrophenyl) phosphates;phosphate (rej);0.753;0;sem match válido;Qwen3.5-4B-QLoRA
ID_0228970585981305;6;bis(2,4-dinitrophenyl)phosphate;phosphate (rej);0.741;0;sem match válido;Qwen3.5-4B-QLoRA
ID_0228970585981305;7;bis(2,4-dinitrophenyl)phosphates;phosphate (rej);0.723;0;sem match válido;Qwen3.5-4B-QLoRA
ID_0228970585981305;8;;;;;;Qwen3.5-4B-QLoRA
ID_0228970585981305;9;;;;;;Qwen3.5-4B-QLoRA
ID_0228970585981305;10;;;;;;Qwen3.5-4B-QLoRA
ID_0228970585981305;11;;;;;;Qwen3.5-4B-QLoRA
ID_0228970585981305;12;;;;;;Qwen3.5-4B-QLoRA
ID_0228970585981305;13;;;;;;Qwen3.5-4B-QLoRA
ID_0228970585981305;14;;;;;;Qwen3.5-4B-QLoRA
ID_0228970585981305;15;;;;;;Qwen3.5-4B-QLoRA
ID_0228970585981305;16;;;;;;Qwen3.5-4B-QLoRA
ID_0228970585981305;17;;;;;;Qwen3.5-4B-QLoRA
ID_0228970585981305;18;;;;;;Qwen3.5-4B-QLoRA
ID_0228970585981305;19;;;;;;Qwen3.5-4B-QLoRA
ID_0228970585981305;20;;;;;;Qwen3.5-4B-QLoRA
ID_0229339143607870;1;adenosine kinase;secreted proteins (rej);0.405;0;sem match válido;Qwen3.5-4B-QLoRA
ID_0229339143607870;2;adenosine kinase from schistosoma;schistosoma (rej);0.643;0;sem match válido;Qwen3.5-4B-QLoRA
ID_0229339143607870;3;adenosine kinase gene;micro-exon genes (rej);0.501;0;sem match válido;Qwen3.5-4B-QLoRA
ID_0229339143607870;4;adenosine kinase genes;micro-exon genes (rej);0.521;0;sem match válido;Qwen3.5-4B-QLoRA
ID_0229339143607870;5;adenosine kinase from schistosoma mansoni;schistosoma mansoni tnf-alpha (rej);0.701;0;sem match válido;Qwen3.5-4B-QLoRA
ID_0229339143607870;6;adenosine kinase from schistosoma mansoni : structural basis;schistosoma mansoni tnf-alpha (rej);0.691;0;sem match válido;Qwen3.5-4B-QLoRA
ID_0229339143607870;7;adenosine kinase in schistosoma;schistosoma (rej);0.606;0;sem match válido;Qwen3.5-4B-QLoRA
ID_0229339143607870;8;adenosine kinase in schistosoma mansoni;schistosoma mansoni tnf-alpha (rej);0.712;0;sem match válido;Qwen3.5-4B-QLoRA
ID_0229339143607870;9;adenosine kinase from schistosoma mansoni :;schistosoma mansoni tnf-alpha (rej);0.697;0;sem match válido;Qwen3.5-4B-QLoRA
ID_0229339143607870;10;adenosine kinase of schistosoma;schistosoma (rej);0.665;0;sem match válido;Qwen3.5-4B-QLoRA
ID_0229339143607870;11;adenosine kinase of schistosoma mansoni;schistosoma mansoni tnf-alpha (rej);0.741;0;sem match válido;Qwen3.5-4B-QLoRA
ID_0229339143607870;12;;;;;;Qwen3.5-4B-QLoRA
ID_0229339143607870;13;;;;;;Qwen3.5-4B-QLoRA
ID_0229339143607870;14;;;;;;Qwen3.5-4B-QLoRA
ID_0229339143607870;15;;;;;;Qwen3.5-4B-QLoRA
ID_0229339143607870;16;;;;;;Qwen3.5-4B-QLoRA
ID_0229339143607870;17;;;;;;Qwen3.5-4B-QLoRA
ID_0229339143607870;18;;;;;;Qwen3.5-4B-QLoRA
ID_0229339143607870;19;;;;;;Qwen3.5-4B-QLoRA
ID_0229339143607870;20;;;;;;Qwen3.5-4B-QLoRA
ID_0277415539607307;1;biological nitrogen fixation;biological nitrogen fixation;1.000;3;match válido;Qwen3.5-4B-QLoRA
ID_0277415539607307;2;biological nitrogen fixation (bnf);biological nitrogen fixation (rej);0.926;0;sem match válido;Qwen3.5-4B-QLoRA
ID_0277415539607307;3;fixação biológica;biological n2 fixation;0.761;3;match válido;Qwen3.5-4B-QLoRA
ID_0277415539607307;4;nitrogen balance;nitrogen nutrition;0.789;2;match válido;Qwen3.5-4B-QLoRA
ID_0277415539607307;5;nitrogen fertilization;fertilization;0.889;2;match válido;Qwen3.5-4B-QLoRA
ID_0277415539607307;6;nitrogen fixation;nitrogen fixation;1.000;3;match válido;Qwen3.5-4B-QLoRA
ID_0277415539607307;7;nitrogen-fixing legume tree;legume (rej);0.658;0;sem match válido;Qwen3.5-4B-QLoRA
ID_0277415539607307;8;nitrogen-fixing legume tree species;legume (rej);0.645;0;sem match válido;Qwen3.5-4B-QLoRA
ID_0277415539607307;9;plant growth;herbaspirillum spp. (rej);0.635;0;sem match válido;Qwen3.5-4B-QLoRA
ID_0277415539607307;10;plant growth and yield;sugarcane yield (rej);0.597;0;sem match válido;Qwen3.5-4B-QLoRA
ID_0277415539607307;11;sugar cane;sugar cane;1.000;3;match válido;Qwen3.5-4B-QLoRA
ID_0277415539607307;12;sugarcane;sugarcane;1.000;3;match válido;Qwen3.5-4B-QLoRA
ID_0277415539607307;13;sugarcane varieties;sugarcane yield;0.847;2;match válido;Qwen3.5-4B-QLoRA
ID_0277415539607307;14;biological nitrogen;conteúdo de nitrogênio;0.885;1;match válido;Qwen3.5-4B-QLoRA
ID_0277415539607307;15;cane;sugar cane (rej);0.639;0;sem match válido;Qwen3.5-4B-QLoRA
ID_0277415539607307;16;cane yields;sugarcane yield (rej);0.745;0;sem match válido;Qwen3.5-4B-QLoRA
ID_0277415539607307;17;cane varieties;sugar cane (rej);0.767;0;sem match válido;Qwen3.5-4B-QLoRA
ID_0277415539607307;18;determination of nitrate;conteúdo de nitrogênio (rej);0.771;0;sem match válido;Qwen3.5-4B-QLoRA
ID_0277415539607307;19;elephant grass;pasture (rej);0.457;0;sem match válido;Qwen3.5-4B-QLoRA
ID_0277415539607307;20;flow injection;no-tillage (rej);0.256;0;sem match válido;Qwen3.5-4B-QLoRA
ID_0291695624884565;1;carbon nanotube;titanate nanotubes;0.809;3;match válido;Qwen3.5-4B-QLoRA
ID_0291695624884565;2;carbon nanotubes;carbon nanotubes;1.000;3;match válido;Qwen3.5-4B-QLoRA
ID_0291695624884565;3;carbon nanotubes enhanced;carbon nanotubes (rej);0.948;0;sem match válido;Qwen3.5-4B-QLoRA
ID_0291695624884565;4;carbon nanotubes toxicity;carbon nanotubes (rej);0.843;0;sem match válido;Qwen3.5-4B-QLoRA
ID_0291695624884565;5;carbon-based nanomaterials;carbon nanotubes (rej);0.864;0;sem match válido;Qwen3.5-4B-QLoRA
ID_0291695624884565;6;carbon-based nanomaterials toxicity;carbon nanotubes (rej);0.728;0;sem match válido;Qwen3.5-4B-QLoRA
ID_0291695624884565;7;ecotoxicity;metalorganic decomposition (rej);0.358;0;sem match válido;Qwen3.5-4B-QLoRA
ID_0291695624884565;8;environmental risks;graphene oxide (rej);0.292;0;sem match válido;Qwen3.5-4B-QLoRA
ID_0291695624884565;9;freshwater fish nile;hydrothermal treatment (rej);0.231;0;sem match válido;Qwen3.5-4B-QLoRA
ID_0291695624884565;10;graphene;graphene oxide (rej);0.901;0;sem match válido;Qwen3.5-4B-QLoRA
ID_0291695624884565;11;graphene oxide;graphene oxide;1.000;3;match válido;Qwen3.5-4B-QLoRA
ID_0291695624884565;12;nanotoxicity;silver nanoparticles (rej);0.631;0;sem match válido;Qwen3.5-4B-QLoRA
ID_0291695624884565;13;nitric acid oxidation;metalorganic decomposition (rej);0.441;0;sem match válido;Qwen3.5-4B-QLoRA
ID_0291695624884565;14;nitric acid treated multiwalled;layered double hydroxides (rej);0.466;0;sem match válido;Qwen3.5-4B-QLoRA
ID_0291695624884565;15;nitric acid-treated multiwalled;layered double hydroxides (rej);0.462;0;sem match válido;Qwen3.5-4B-QLoRA
ID_0291695624884565;16;oxidation debris;metalorganic decomposition (rej);0.670;0;sem match válido;Qwen3.5-4B-QLoRA
ID_0291695624884565;17;oxidized multi-walled carbon;hno3-treated multiwalled carbon;0.752;3;match válido;Qwen3.5-4B-QLoRA
ID_0291695624884565;18;pesticide ecotoxicity;metalorganic decomposition (rej);0.286;0;sem match válido;Qwen3.5-4B-QLoRA
ID_0291695624884565;19;pesticides;química de materiais (rej);0.346;0;sem match válido;Qwen3.5-4B-QLoRA
ID_0291695624884565;20;porous materials;porous materials;1.000;3;match válido;Qwen3.5-4B-QLoRA
ID_0306964533388350;1;cerrado;localizada em ecótono (rej);0.475;0;sem match válido;Qwen3.5-4B-QLoRA
ID_0306964533388350;2;cerrado sensu stricto;localizada em ecótono (rej);0.603;0;sem match válido;Qwen3.5-4B-QLoRA
ID_0306964533388350;3;cerrado sensu lato;localizada em ecótono (rej);0.701;0;sem match válido;Qwen3.5-4B-QLoRA
ID_0306964533388350;4;cerrado sensu lato soil;savânico-florestal no sudeste (rej);0.664;0;sem match válido;Qwen3.5-4B-QLoRA
ID_0306964533388350;5;cerrado soil;jardim botânico municipal (rej);0.506;0;sem match válido;Qwen3.5-4B-QLoRA
ID_0306964533388350;6;cerrado soil originated;origin (rej);0.514;0;sem match válido;Qwen3.5-4B-QLoRA
ID_0306964533388350;7;cerrado soils;jardim botânico municipal (rej);0.492;0;sem match válido;Qwen3.5-4B-QLoRA
ID_0306964533388350;8;cerrado sensu;localizada em ecótono (rej);0.644;0;sem match válido;Qwen3.5-4B-QLoRA
ID_0306964533388350;9;cerrado soil originated from;savânico-florestal no sudeste (rej);0.498;0;sem match válido;Qwen3.5-4B-QLoRA
ID_0306964533388350;10;cerrado soils would remain;savânico-florestal no sudeste (rej);0.388;0;sem match válido;Qwen3.5-4B-QLoRA
ID_0306964533388350;11;edaphic finer textures;silt edaphic textures;0.803;1;match válido;Qwen3.5-4B-QLoRA
ID_0306964533388350;12;edaphic hydric retention;silt edaphic textures (rej);0.507;0;sem match válido;Qwen3.5-4B-QLoRA
ID_0306964533388350;13;edaphic samples;silt edaphic textures (rej);0.550;0;sem match válido;Qwen3.5-4B-QLoRA
ID_0306964533388350;14;forest;forest;1.000;1;match válido;Qwen3.5-4B-QLoRA
ID_0306964533388350;15;forest formations;forested savanna;0.787;1;match válido;Qwen3.5-4B-QLoRA
ID_0306964533388350;16;forest species;forest species;1.000;3;match válido;Qwen3.5-4B-QLoRA
ID_0306964533388350;17;fire;fire suppression;0.771;3;match válido;Qwen3.5-4B-QLoRA
ID_0306964533388350;18;fire absence;fire suppression (rej);0.656;0;sem match válido;Qwen3.5-4B-QLoRA
ID_0306964533388350;19;fire-protected savanna physiognomies;fire suppression (rej);0.651;0;sem match válido;Qwen3.5-4B-QLoRA
ID_0306964533388350;20;facilitating factor;facilitating factor;1.000;2;match válido;Qwen3.5-4B-QLoRA
ID_0321740024191482;1;antioxidant;vitro antioxidant;0.973;3;match válido;Qwen3.5-4B-QLoRA
ID_0321740024191482;2;antioxidant activity;antioxidant activity;1.000;3;match válido;Qwen3.5-4B-QLoRA
ID_0321740024191482;3;antioxidantes naturais;vitro antioxidant (rej);0.936;0;sem match válido;Qwen3.5-4B-QLoRA
ID_0321740024191482;4;diabetes mellitus;diabetes mellitus;1.000;2;match válido;Qwen3.5-4B-QLoRA
ID_0321740024191482;5;diabetes mellitus patients;diabetes mellitus (rej);0.907;0;sem match válido;Qwen3.5-4B-QLoRA
ID_0321740024191482;6;diabetes mellitus type;diabetes mellitus (rej);0.948;0;sem match válido;Qwen3.5-4B-QLoRA
ID_0321740024191482;7;free radical scavenging;substâncias reativas (rej);0.317;0;sem match válido;Qwen3.5-4B-QLoRA
ID_0321740024191482;8;glucose tolerance;diabetes mellitus (rej);0.683;0;sem match válido;Qwen3.5-4B-QLoRA
ID_0321740024191482;9;oral zinc;oral zinc;1.000;2;match válido;Qwen3.5-4B-QLoRA
ID_0321740024191482;10;oral zinc supplementation;oral zinc supplementation;1.000;2;match válido;Qwen3.5-4B-QLoRA
ID_0321740024191482;11;oral zinc tolerance;oral zinc tolerance;1.000;2;match válido;Qwen3.5-4B-QLoRA
ID_0321740024191482;12;oxidative stress;oxidative stress;1.000;2;match válido;Qwen3.5-4B-QLoRA
ID_0321740024191482;13;oxidative stress induced;oxidative stress (rej);0.969;0;sem match válido;Qwen3.5-4B-QLoRA
ID_0321740024191482;14;oxidative stress-induced;oxidative stress (rej);0.962;0;sem match válido;Qwen3.5-4B-QLoRA
ID_0321740024191482;15;peroxidation lipidica;lipid peroxidation;0.988;3;match válido;Qwen3.5-4B-QLoRA
ID_0321740024191482;16;phenol;substâncias reativas (rej);0.685;0;sem match válido;Qwen3.5-4B-QLoRA
ID_0321740024191482;17;protein oxidation;oxidative stress (rej);0.603;0;sem match válido;Qwen3.5-4B-QLoRA
ID_0321740024191482;18;radical scavenging ability;substâncias reativas (rej);0.294;0;sem match válido;Qwen3.5-4B-QLoRA
ID_0321740024191482;19;scavenging ability;supplementation (rej);0.275;0;sem match válido;Qwen3.5-4B-QLoRA
ID_0321740024191482;20;serum iron concentration;zinc supplementation (rej);0.604;0;sem match válido;Qwen3.5-4B-QLoRA
ID_0353944603330456;1;astronomy education;teaching of astronomy;0.941;3;match válido;Qwen3.5-4B-QLoRA
ID_0353944603330456;2;astronomy education materials;teaching of astronomy (rej);0.882;0;sem match válido;Qwen3.5-4B-QLoRA
ID_0353944603330456;3;astronomy education materials development;teaching of astronomy (rej);0.827;0;sem match válido;Qwen3.5-4B-QLoRA
ID_0353944603330456;4;astronomy education through interactive;teaching of astronomy (rej);0.843;0;sem match válido;Qwen3.5-4B-QLoRA
ID_0353944603330456;5;astronomy education through interactive materials;teaching of astronomy (rej);0.831;0;sem match válido;Qwen3.5-4B-QLoRA
ID_0353944603330456;6;astronomy education through interactive materials in the teaching;teaching of astronomy (rej);0.880;0;sem match válido;Qwen3.5-4B-QLoRA
ID_0353944603330456;7;astronomy education through interactive materials in the teaching of astronomy;teaching of astronomy (rej);0.890;0;sem match válido;Qwen3.5-4B-QLoRA
ID_0353944603330456;8;;;;;;Qwen3.5-4B-QLoRA
ID_0353944603330456;9;;;;;;Qwen3.5-4B-QLoRA
ID_0353944603330456;10;;;;;;Qwen3.5-4B-QLoRA
ID_0353944603330456;11;;;;;;Qwen3.5-4B-QLoRA
ID_0353944603330456;12;;;;;;Qwen3.5-4B-QLoRA
ID_0353944603330456;13;;;;;;Qwen3.5-4B-QLoRA
ID_0353944603330456;14;;;;;;Qwen3.5-4B-QLoRA
ID_0353944603330456;15;;;;;;Qwen3.5-4B-QLoRA
ID_0353944603330456;16;;;;;;Qwen3.5-4B-QLoRA
ID_0353944603330456;17;;;;;;Qwen3.5-4B-QLoRA
ID_0353944603330456;18;;;;;;Qwen3.5-4B-QLoRA
ID_0353944603330456;19;;;;;;Qwen3.5-4B-QLoRA
ID_0353944603330456;20;;;;;;Qwen3.5-4B-QLoRA
ID_0422858064703713;1;botanical insecticides;botanical insecticide;0.996;3;match válido;Qwen3.5-4B-QLoRA
ID_0422858064703713;2;control;tolerance (rej);0.390;0;sem match válido;Qwen3.5-4B-QLoRA
ID_0422858064703713;3;greenhouse trial;insecticide plant (rej);0.435;0;sem match válido;Qwen3.5-4B-QLoRA
ID_0422858064703713;4;greenhouse trials;insecticide plant (rej);0.490;0;sem match válido;Qwen3.5-4B-QLoRA
ID_0422858064703713;5;greenhouse trials showed;insecticide plant (rej);0.425;0;sem match válido;Qwen3.5-4B-QLoRA
ID_0422858064703713;6;greenhouse trials were;insecticide plant (rej);0.432;0;sem match válido;Qwen3.5-4B-QLoRA
ID_0422858064703713;7;insecticides based;atividade inseticida;0.883;3;match válido;Qwen3.5-4B-QLoRA
ID_0422858064703713;8;insecticides on trichoplusia;insecticidal plant;0.795;3;match válido;Qwen3.5-4B-QLoRA
ID_0422858064703713;9;insecticidal activity;insecticidal activity;1.000;3;match válido;Qwen3.5-4B-QLoRA
ID_0422858064703713;10;leaf extracts;extractos de meliáceas;0.759;3;match válido;Qwen3.5-4B-QLoRA
ID_0422858064703713;11;leaf extracts showed;extractos de meliáceas (rej);0.650;0;sem match válido;Qwen3.5-4B-QLoRA
ID_0422858064703713;12;leaf extracts were;extractos de meliáceas (rej);0.756;0;sem match válido;Qwen3.5-4B-QLoRA
ID_0422858064703713;13;liquid–liquid partitioning;aqueous extracts (rej);0.428;0;sem match válido;Qwen3.5-4B-QLoRA
ID_0422858064703713;14;mortality;antixenosis (rej);0.316;0;sem match válido;Qwen3.5-4B-QLoRA
ID_0422858064703713;15;mortality and oviposition;preferência para oviposição (rej);0.598;0;sem match válido;Qwen3.5-4B-QLoRA
ID_0422858064703713;16;mortality and oviposition deterrence;preferência para oviposição (rej);0.641;0;sem match válido;Qwen3.5-4B-QLoRA
ID_0422858064703713;17;mortality of p. citri;trichilia pallida (rej);0.446;0;sem match válido;Qwen3.5-4B-QLoRA
ID_0422858064703713;18;mortality of p. citri females;trichilia pallida (rej);0.415;0;sem match válido;Qwen3.5-4B-QLoRA
ID_0422858064703713;19;mortality of p. citri females (lc50;trichilia pallida (rej);0.387;0;sem match válido;Qwen3.5-4B-QLoRA
ID_0422858064703713;20;mortality of p. citri females (lc50 =;genótipos (rej);0.366;0;sem match válido;Qwen3.5-4B-QLoRA
ID_0433763336350310;1;bone marrow cell;bone marrow cell;1.000;3;match válido;Qwen3.5-4B-QLoRA
ID_0433763336350310;2;bone marrow-derived cell;bone marrow stromal;0.757;3;match válido;Qwen3.5-4B-QLoRA
ID_0433763336350310;3;bone marrow-derived cell therapy;cell therapy;0.795;3;match válido;Qwen3.5-4B-QLoRA
ID_0433763336350310;4;bone marrow-derived mononuclear cell;bone marrow mononuclear;0.946;3;match válido;Qwen3.5-4B-QLoRA
ID_0433763336350310;5;bone marrow-derived mononuclear cells;marrow mononuclear cells;0.956;3;match válido;Qwen3.5-4B-QLoRA
ID_0433763336350310;6;bone marrow-derived mononuclear cell therapy;marrow mononuclear cells (rej);0.866;0;sem match válido;Qwen3.5-4B-QLoRA
ID_0433763336350310;7;;;;;;Qwen3.5-4B-QLoRA
ID_0433763336350310;8;;;;;;Qwen3.5-4B-QLoRA
ID_0433763336350310;9;;;;;;Qwen3.5-4B-QLoRA
ID_0433763336350310;10;;;;;;Qwen3.5-4B-QLoRA
ID_0433763336350310;11;;;;;;Qwen3.5-4B-QLoRA
ID_0433763336350310;12;;;;;;Qwen3.5-4B-QLoRA
ID_0433763336350310;13;;;;;;Qwen3.5-4B-QLoRA
ID_0433763336350310;14;;;;;;Qwen3.5-4B-QLoRA
ID_0433763336350310;15;;;;;;Qwen3.5-4B-QLoRA
ID_0433763336350310;16;;;;;;Qwen3.5-4B-QLoRA
ID_0433763336350310;17;;;;;;Qwen3.5-4B-QLoRA
ID_0433763336350310;18;;;;;;Qwen3.5-4B-QLoRA
ID_0433763336350310;19;;;;;;Qwen3.5-4B-QLoRA
ID_0433763336350310;20;;;;;;Qwen3.5-4B-QLoRA
ID_0521334155968808;1;adverse reactions;reacciones adversas;0.978;3;match válido;Qwen3.5-4B-QLoRA
ID_0521334155968808;2;adverse reactions reported;reacciones adversas (rej);0.907;0;sem match válido;Qwen3.5-4B-QLoRA
ID_0521334155968808;3;adverse reactions to amitriptyline;reacciones adversas (rej);0.660;0;sem match válido;Qwen3.5-4B-QLoRA
ID_0521334155968808;4;adverse reactions to amitriptyline reported;studies on medication (rej);0.665;0;sem match válido;Qwen3.5-4B-QLoRA
ID_0521334155968808;5;adverse reactions to amitriptyline reported by outpatients;studies on medication (rej);0.645;0;sem match válido;Qwen3.5-4B-QLoRA
ID_0521334155968808;6;adverse reactions to amitriptyline reported by outpatients versus notification;studies on medication (rej);0.615;0;sem match válido;Qwen3.5-4B-QLoRA
ID_0521334155968808;7;adverse reactions to amitriptyline reported by outpatients versus notification at;studies on medication (rej);0.603;0;sem match válido;Qwen3.5-4B-QLoRA
ID_0521334155968808;8;adverse reactions to amitriptyline reported by outpatients versus notification at the public health;consumo de medicamentos (rej);0.603;0;sem match válido;Qwen3.5-4B-QLoRA
ID_0521334155968808;9;adverse reactions to amitriptyline reported by outpatients versus notification at the public health system;consumo de medicamentos (rej);0.591;0;sem match válido;Qwen3.5-4B-QLoRA
ID_0521334155968808;10;adverse reactions to amitriptyline reported by outpatients versus notification at the public health system in ribeirão;consumo de medicamentos (rej);0.564;0;sem match válido;Qwen3.5-4B-QLoRA
ID_0521334155968808;11;adverse reactions to amitriptyline reported by outpatients versus notification at the public health system in ribeirão preto;consumo de medicamentos (rej);0.578;0;sem match válido;Qwen3.5-4B-QLoRA
ID_0521334155968808;12;adverse reactions to amitriptyline reported by outpatients versus notification at the public health system in ribeirão preto municipality;consumo de medicamentos (rej);0.577;0;sem match válido;Qwen3.5-4B-QLoRA
ID_0521334155968808;13;adverse reactions to amitriptyline reported by outpatients versus notification at the public health system in ribeirão preto municipality health;consumo de medicamentos (rej);0.558;0;sem match válido;Qwen3.5-4B-QLoRA
ID_0521334155968808;14;adverse reactions to amitriptyline reported by outpatients versus notification at the public health system in ribeirão preto municipality health service;consumo de medicamentos (rej);0.552;0;sem match válido;Qwen3.5-4B-QLoRA
ID_0521334155968808;15;;;;;;Qwen3.5-4B-QLoRA
ID_0521334155968808;16;;;;;;Qwen3.5-4B-QLoRA
ID_0521334155968808;17;;;;;;Qwen3.5-4B-QLoRA
ID_0521334155968808;18;;;;;;Qwen3.5-4B-QLoRA
ID_0521334155968808;19;;;;;;Qwen3.5-4B-QLoRA
ID_0521334155968808;20;;;;;;Qwen3.5-4B-QLoRA
ID_0535860239259102;1;amazon;amazon;1.000;2;match válido;Qwen3.5-4B-QLoRA
ID_0535860239259102;2;amazon forest;amazonian forest;0.968;2;match válido;Qwen3.5-4B-QLoRA
ID_0535860239259102;3;amazonia;amazonia;1.000;2;match válido;Qwen3.5-4B-QLoRA
ID_0535860239259102;4;atmospheric boundary layer;surface–atmosphere exchange (rej);0.743;0;sem match válido;Qwen3.5-4B-QLoRA
ID_0535860239259102;5;atmospheric surface layer;surface–atmosphere exchange;0.785;2;match válido;Qwen3.5-4B-QLoRA
ID_0535860239259102;6;boundary layer;surface layer;0.806;1;match válido;Qwen3.5-4B-QLoRA
ID_0535860239259102;7;carbon dioxide fluxes;terrestrial carbon exchange (rej);0.742;0;sem match válido;Qwen3.5-4B-QLoRA
ID_0535860239259102;8;carbon dioxide uptake;measurements of carbon (rej);0.747;0;sem match válido;Qwen3.5-4B-QLoRA
ID_0535860239259102;9;carbon exchange;terrestrial carbon exchange;0.898;3;match válido;Qwen3.5-4B-QLoRA
ID_0535860239259102;10;carbon flux;terrestrial carbon exchange (rej);0.778;0;sem match válido;Qwen3.5-4B-QLoRA
ID_0535860239259102;11;carbon fluxes;terrestrial carbon exchange (rej);0.762;0;sem match válido;Qwen3.5-4B-QLoRA
ID_0535860239259102;12;carbon uptake;energy and carbon;0.809;3;match válido;Qwen3.5-4B-QLoRA
ID_0535860239259102;13;climate change;terrestrial carbon exchange (rej);0.626;0;sem match válido;Qwen3.5-4B-QLoRA
ID_0535860239259102;14;eddy correlation;eddy covariance;0.804;3;match válido;Qwen3.5-4B-QLoRA
ID_0535860239259102;15;eddy correlation fluxes;eddy covariance (rej);0.778;0;sem match válido;Qwen3.5-4B-QLoRA
ID_0535860239259102;16;energy balance;variations in energy (rej);0.710;0;sem match válido;Qwen3.5-4B-QLoRA
ID_0535860239259102;17;energy balance closure;energy and carbon (rej);0.625;0;sem match válido;Qwen3.5-4B-QLoRA
ID_0535860239259102;18;energy partitioning;variations in energy (rej);0.637;0;sem match válido;Qwen3.5-4B-QLoRA
ID_0535860239259102;19;evapotranspiration;evapotranspiration;1.000;2;match válido;Qwen3.5-4B-QLoRA
ID_0535860239259102;20;gross primary productivity;comparative measurements (rej);0.375;0;sem match válido;Qwen3.5-4B-QLoRA
ID_0544144585124313;1;dosimetry;dosimetry;1.000;3;match válido;Qwen3.5-4B-QLoRA
ID_0544144585124313;2;esr;ti dosimeters (rej);0.439;0;sem match válido;Qwen3.5-4B-QLoRA
ID_0544144585124313;3;esr dosimetry;aplicação em dosimetria;0.781;2;match válido;Qwen3.5-4B-QLoRA
ID_0544144585124313;4;fricke gel dosimeter;fricke gel dosimeter;1.000;3;match válido;Qwen3.5-4B-QLoRA
ID_0544144585124313;5;fricke xylenol gel;fricke xylenol;0.890;3;match válido;Qwen3.5-4B-QLoRA
ID_0544144585124313;6;high dose;high dose;1.000;2;match válido;Qwen3.5-4B-QLoRA
ID_0544144585124313;7;high dose radiation therapy;radiation effect (rej);0.703;0;sem match válido;Qwen3.5-4B-QLoRA
ID_0544144585124313;8;intrinsic efficiency;work (rej);0.351;0;sem match válido;Qwen3.5-4B-QLoRA
ID_0544144585124313;9;radiation therapy;radiation effect (rej);0.736;0;sem match válido;Qwen3.5-4B-QLoRA
ID_0544144585124313;10;radiation therapy dosimetry;radiation effect (rej);0.715;0;sem match válido;Qwen3.5-4B-QLoRA
ID_0544144585124313;11;radiation therapy quality control;radiation effect (rej);0.652;0;sem match válido;Qwen3.5-4B-QLoRA
ID_0544144585124313;12;radiation therapy quality assurance;radiation effect (rej);0.612;0;sem match válido;Qwen3.5-4B-QLoRA
ID_0544144585124313;13;resonance paramagnetic;thermoluminescence (rej);0.448;0;sem match válido;Qwen3.5-4B-QLoRA
ID_0544144585124313;14;resonance paramagnetic electron;electrons beam (rej);0.583;0;sem match válido;Qwen3.5-4B-QLoRA
ID_0544144585124313;15;resonance paramagnetic electron spin;electrons beam (rej);0.582;0;sem match válido;Qwen3.5-4B-QLoRA
ID_0544144585124313;16;resonance paramagnetic electron spin resonance;dosimeters to electron (rej);0.574;0;sem match válido;Qwen3.5-4B-QLoRA
ID_0544144585124313;17;resonance paramagnetic electron spin resonance (esr);dosimeters to electron (rej);0.548;0;sem match válido;Qwen3.5-4B-QLoRA
ID_0544144585124313;18;resonance paramagnetic electron spin resonance (esr) dosimetry;dosimeters to electron (rej);0.645;0;sem match válido;Qwen3.5-4B-QLoRA
ID_0544144585124313;19;;;;;;Qwen3.5-4B-QLoRA
ID_0544144585124313;20;;;;;;Qwen3.5-4B-QLoRA
ID_0577007377836185;1;chiral recognition;imer (rej);0.414;0;sem match válido;Qwen3.5-4B-QLoRA
ID_0577007377836185;2;development and characterization;synthesis and investigation (rej);0.586;0;sem match válido;Qwen3.5-4B-QLoRA
ID_0577007377836185;3;direct plasma injection;direct plasma injection;1.000;3;match válido;Qwen3.5-4B-QLoRA
ID_0577007377836185;4;development and applications;synthesis and investigation (rej);0.542;0;sem match válido;Qwen3.5-4B-QLoRA
ID_0577007377836185;5;development of columns;desenvolvimento de colunas;0.972;2;match válido;Qwen3.5-4B-QLoRA
ID_0577007377836185;6;development of restricted-access;separation using restricted-access;0.781;3;match válido;Qwen3.5-4B-QLoRA
ID_0577007377836185;7;enantiomeric determination;enantiomer separation (rej);0.677;0;sem match válido;Qwen3.5-4B-QLoRA
ID_0577007377836185;8;enantiomeric excess;enantiomer separation (rej);0.641;0;sem match válido;Qwen3.5-4B-QLoRA
ID_0577007377836185;9;high-performance liquid chromatography;high-performance liquid chromatography;1.000;3;match válido;Qwen3.5-4B-QLoRA
ID_0577007377836185;10;high-performance liquid chromatographic;high-performance liquid chromatography (rej);0.964;0;sem match válido;Qwen3.5-4B-QLoRA
ID_0577007377836185;11;immobilized enzyme reactor;immobilized enzyme;0.836;3;match válido;Qwen3.5-4B-QLoRA
ID_0577007377836185;12;immobilized enzyme reactors;immobilized enzymes;0.820;3;match válido;Qwen3.5-4B-QLoRA
ID_0577007377836185;13;immobilized enzyme reactors (imer);immobilized enzyme (rej);0.774;0;sem match válido;Qwen3.5-4B-QLoRA
ID_0577007377836185;14;immobilized enzyme reactors (imer) based;immobilized enzyme (rej);0.739;0;sem match válido;Qwen3.5-4B-QLoRA
ID_0577007377836185;15;immobilized enzyme reactors (imer) based on human;immobilized enzyme (rej);0.734;0;sem match válido;Qwen3.5-4B-QLoRA
ID_0577007377836185;16;liquid chromatography;multidimensional hplc chromatography;0.768;3;match válido;Qwen3.5-4B-QLoRA
ID_0577007377836185;17;liquid chromatography with achiral-chiral;high-performance liquid chromatography (rej);0.813;0;sem match válido;Qwen3.5-4B-QLoRA
ID_0577007377836185;18;meios de acesso;restricted access (rej);0.625;0;sem match válido;Qwen3.5-4B-QLoRA
ID_0577007377836185;19;meios de acesso restrito;restricted access;0.914;3;match válido;Qwen3.5-4B-QLoRA
ID_0577007377836185;20;meios de acesso restrito proteina-imobilizadas;proteína-imobilizada e avaliação;0.851;3;match válido;Qwen3.5-4B-QLoRA
ID_0588546982625730;1;atomic collisions;atomic collisions;1.000;3;match válido;Qwen3.5-4B-QLoRA
ID_0588546982625730;2;atomic physics;atomic and molecular physics ;0.939;3;match válido;Qwen3.5-4B-QLoRA
ID_0588546982625730;3;electron detachment;electron detachment;1.000;3;match válido;Qwen3.5-4B-QLoRA
ID_0588546982625730;4;electron loss;electron loss;1.000;3;match válido;Qwen3.5-4B-QLoRA
ID_0588546982625730;5;electron loss cross;electron detachment cross;0.863;3;match válido;Qwen3.5-4B-QLoRA
ID_0588546982625730;6;electron loss cross sections;total electron detachment;0.780;3;match válido;Qwen3.5-4B-QLoRA
ID_0588546982625730;7;electron-detachment cross sections;total electron-detachment cross;0.946;3;match válido;Qwen3.5-4B-QLoRA
ID_0588546982625730;8;fragmentation;molecular fragmentation (rej);0.773;0;sem match válido;Qwen3.5-4B-QLoRA
ID_0588546982625730;9;fragmentation of molecules;molecular fragmentation;0.952;3;match válido;Qwen3.5-4B-QLoRA
ID_0588546982625730;10;fragmentation studies;molecular fragmentation (rej);0.790;0;sem match válido;Qwen3.5-4B-QLoRA
ID_0588546982625730;11;gas stripper;projectile (rej);0.328;0;sem match válido;Qwen3.5-4B-QLoRA
ID_0588546982625730;12;heavy ion;ionization;0.752;3;match válido;Qwen3.5-4B-QLoRA
ID_0588546982625730;13;inertial confinement fusion;inertial confinement;0.817;3;match válido;Qwen3.5-4B-QLoRA
ID_0588546982625730;14;inertial confinement fusion drivers;inertial confinement (rej);0.674;0;sem match válido;Qwen3.5-4B-QLoRA
ID_0588546982625730;15;inertial fusion;inertial confinement (rej);0.713;0;sem match válido;Qwen3.5-4B-QLoRA
ID_0588546982625730;16;negative atomic halogens;negative ions (rej);0.664;0;sem match válido;Qwen3.5-4B-QLoRA
ID_0588546982625730;17;negative ions;negative ions;1.000;3;match válido;Qwen3.5-4B-QLoRA
ID_0588546982625730;18;negative ions beams;negative ions (rej);0.847;0;sem match válido;Qwen3.5-4B-QLoRA
ID_0588546982625730;19;negative ion;negative ions (rej);0.959;0;sem match válido;Qwen3.5-4B-QLoRA
ID_0588546982625730;20;negative-ion beams;negative ions (rej);0.780;0;sem match válido;Qwen3.5-4B-QLoRA
ID_0654596992211296;1;brazilian amazon;brazilian amazonia (rej);0.926;0;sem match válido;Qwen3.5-4B-QLoRA
ID_0654596992211296;2;brazilian amazonia;brazilian amazonia;1.000;3;match válido;Qwen3.5-4B-QLoRA
ID_0654596992211296;3;cellular automata;uso e cobertura (rej);0.364;0;sem match válido;Qwen3.5-4B-QLoRA
ID_0654596992211296;4;cellular automaton;sensoriamento remoto (rej);0.335;0;sem match válido;Qwen3.5-4B-QLoRA
ID_0654596992211296;5;dengue;brazilian amazonia (rej);0.330;0;sem match válido;Qwen3.5-4B-QLoRA
ID_0654596992211296;6;dengue vector;vector control (rej);0.462;0;sem match válido;Qwen3.5-4B-QLoRA
ID_0654596992211296;7;dengue vector population;vector control (rej);0.378;0;sem match válido;Qwen3.5-4B-QLoRA
ID_0654596992211296;8;dengue vector populations;vector control (rej);0.371;0;sem match válido;Qwen3.5-4B-QLoRA
ID_0654596992211296;9;dengue vector surveillance;vector control (rej);0.458;0;sem match válido;Qwen3.5-4B-QLoRA
ID_0654596992211296;10;dengue vector surveillance system;vector control (rej);0.485;0;sem match válido;Qwen3.5-4B-QLoRA
ID_0654596992211296;11;dengue vector’s population;results in biodiversity (rej);0.356;0;sem match válido;Qwen3.5-4B-QLoRA
ID_0654596992211296;12;dengue vector’s population dynamics;urban population dynamics (rej);0.394;0;sem match válido;Qwen3.5-4B-QLoRA
ID_0654596992211296;13;dengue vector’s population density;results in biodiversity (rej);0.376;0;sem match válido;Qwen3.5-4B-QLoRA
ID_0654596992211296;14;dengue vector’s population density index;urban population dynamics (rej);0.390;0;sem match válido;Qwen3.5-4B-QLoRA
ID_0654596992211296;15;;;;;;Qwen3.5-4B-QLoRA
ID_0654596992211296;16;;;;;;Qwen3.5-4B-QLoRA
ID_0654596992211296;17;;;;;;Qwen3.5-4B-QLoRA
ID_0654596992211296;18;;;;;;Qwen3.5-4B-QLoRA
ID_0654596992211296;19;;;;;;Qwen3.5-4B-QLoRA
ID_0654596992211296;20;;;;;;Qwen3.5-4B-QLoRA
ID_0848413770343284;1;blood coagulation;blood coagulation;1.000;3;match válido;Qwen3.5-4B-QLoRA
ID_0848413770343284;2;blood coagulation proteins;coagulation;0.819;3;match válido;Qwen3.5-4B-QLoRA
ID_0848413770343284;3;blood coagulation-related proteins;blood coagulation (rej);0.862;0;sem match válido;Qwen3.5-4B-QLoRA
ID_0848413770343284;4;blood coagulation-related proteins and tumor;blood coagulation (rej);0.731;0;sem match válido;Qwen3.5-4B-QLoRA
ID_0848413770343284;5;blood coagulation-related proteins and tumor progression;blood coagulation (rej);0.672;0;sem match válido;Qwen3.5-4B-QLoRA
ID_0848413770343284;6;;;;;;Qwen3.5-4B-QLoRA
ID_0848413770343284;7;;;;;;Qwen3.5-4B-QLoRA
ID_0848413770343284;8;;;;;;Qwen3.5-4B-QLoRA
ID_0848413770343284;9;;;;;;Qwen3.5-4B-QLoRA
ID_0848413770343284;10;;;;;;Qwen3.5-4B-QLoRA
ID_0848413770343284;11;;;;;;Qwen3.5-4B-QLoRA
ID_0848413770343284;12;;;;;;Qwen3.5-4B-QLoRA
ID_0848413770343284;13;;;;;;Qwen3.5-4B-QLoRA
ID_0848413770343284;14;;;;;;Qwen3.5-4B-QLoRA
ID_0848413770343284;15;;;;;;Qwen3.5-4B-QLoRA
ID_0848413770343284;16;;;;;;Qwen3.5-4B-QLoRA
ID_0848413770343284;17;;;;;;Qwen3.5-4B-QLoRA
ID_0848413770343284;18;;;;;;Qwen3.5-4B-QLoRA
ID_0848413770343284;19;;;;;;Qwen3.5-4B-QLoRA
ID_0848413770343284;20;;;;;;Qwen3.5-4B-QLoRA
ID_0915732258069388;1;absorption spectrometry;espectrometria de absorção;0.947;3;match válido;Qwen3.5-4B-QLoRA
ID_0915732258069388;2;atomic absorption spectrometry;atomic absorption spectrometry;1.000;2;match válido;Qwen3.5-4B-QLoRA
ID_0915732258069388;3;continuous background absorption;espectrometria de absorção (rej);0.571;0;sem match válido;Qwen3.5-4B-QLoRA
ID_0915732258069388;4;direct solid sampling;sample preparation (rej);0.623;0;sem match válido;Qwen3.5-4B-QLoRA
ID_0915732258069388;5;experimental designs;sample preparation (rej);0.521;0;sem match válido;Qwen3.5-4B-QLoRA
ID_0915732258069388;6;flame atomic absorption;flame atomic absorption;1.000;2;match válido;Qwen3.5-4B-QLoRA
ID_0915732258069388;7;high-resolution continuum source;high-resolution continuum source molecular absorption spectrometry (rej);0.472;0;sem match válido;Qwen3.5-4B-QLoRA
ID_0915732258069388;8;high-resolution continuum source atomic absorption spectrometry;high-resolution continuum source molecular absorption spectrometry;0.889;2;match válido;Qwen3.5-4B-QLoRA
ID_0915732258069388;9;hr-cs gf mas;spme (rej);0.559;0;sem match válido;Qwen3.5-4B-QLoRA
ID_0915732258069388;10;internally cooled solid-phase;solid phase microextraction (rej);0.613;0;sem match válido;Qwen3.5-4B-QLoRA
ID_0915732258069388;11;liquid-liquid microextraction;solid-phase microextraction (rej);0.781;0;sem match válido;Qwen3.5-4B-QLoRA
ID_0915732258069388;12;liquid-liquid-liquid microextraction;solid-phase microextraction (rej);0.777;0;sem match válido;Qwen3.5-4B-QLoRA
ID_0915732258069388;13;molecular absorption spectrometry;molecular absorption spectrometry;1.000;2;match válido;Qwen3.5-4B-QLoRA
ID_0915732258069388;14;non-metals determination;trace metals (rej);0.705;0;sem match válido;Qwen3.5-4B-QLoRA
ID_0915732258069388;15;on-line preconcentration;multivariate optimization (rej);0.343;0;sem match válido;Qwen3.5-4B-QLoRA
ID_0915732258069388;16;solid-phase microextraction;solid-phase microextraction;1.000;3;match válido;Qwen3.5-4B-QLoRA
ID_0915732258069388;17;solid-phase microextraction technique;solid phase microextraction;0.946;3;match válido;Qwen3.5-4B-QLoRA
ID_0915732258069388;18;solid-phase microextraction–gas chromatography;gas chromatography;0.778;3;match válido;Qwen3.5-4B-QLoRA
ID_0915732258069388;19;solid-phase microextraction–gas chromatography–mass spectrometry;gas chromatography (rej);0.746;0;sem match válido;Qwen3.5-4B-QLoRA
ID_0915732258069388;20;spectral interferences;espectrometria de absorção (rej);0.523;0;sem match válido;Qwen3.5-4B-QLoRA
ID_0932673194762377;1;benthic macroinvertebrate;benthic macroinvertebrates (rej);0.958;0;sem match válido;Qwen3.5-4B-QLoRA
ID_0932673194762377;2;benthic macroinvertebrates;benthic macroinvertebrates;1.000;3;match válido;Qwen3.5-4B-QLoRA
ID_0932673194762377;3;benthic macroinvertebrates community;benthic macroinvertebrates (rej);0.940;0;sem match válido;Qwen3.5-4B-QLoRA
ID_0932673194762377;4;benthic macroinvertebrates diversity;benthic macroinvertebrates (rej);0.898;0;sem match válido;Qwen3.5-4B-QLoRA
ID_0932673194762377;5;benthic macroinvertebrates of rio;benthic macroinvertebrates (rej);0.858;0;sem match válido;Qwen3.5-4B-QLoRA
ID_0932673194762377;6;benthic macroinvertebrates richness;benthic macroinvertebrates (rej);0.887;0;sem match válido;Qwen3.5-4B-QLoRA
ID_0932673194762377;7;benthic macrofauna;benthic macroinvertebrates (rej);0.856;0;sem match válido;Qwen3.5-4B-QLoRA
ID_0932673194762377;8;benthic macrofauna diversity;benthic macroinvertebrates (rej);0.730;0;sem match válido;Qwen3.5-4B-QLoRA
ID_0932673194762377;9;benthic macrofauna diversity patterns;benthic macroinvertebrates (rej);0.713;0;sem match válido;Qwen3.5-4B-QLoRA
ID_0932673194762377;10;benthic macrofauna structure;benthic macroinvertebrates (rej);0.829;0;sem match válido;Qwen3.5-4B-QLoRA
ID_0932673194762377;11;benthic macrofauna taxonomic richness;benthic macroinvertebrates (rej);0.720;0;sem match válido;Qwen3.5-4B-QLoRA
ID_0932673194762377;12;benthic macrofauna taxonomic richness patterns;benthic macroinvertebrates (rej);0.691;0;sem match válido;Qwen3.5-4B-QLoRA
ID_0932673194762377;13;benthic macrofauna taxonomic richness values;benthic macroinvertebrates (rej);0.621;0;sem match válido;Qwen3.5-4B-QLoRA
ID_0932673194762377;14;benthic macrofauna taxonomic richness values patterns;benthic macroinvertebrates (rej);0.607;0;sem match válido;Qwen3.5-4B-QLoRA
ID_0932673194762377;15;benthic macrofauna taxonomic richness values variation;benthic macroinvertebrates (rej);0.597;0;sem match válido;Qwen3.5-4B-QLoRA
ID_0932673194762377;16;benthic macrofauna taxonomic richness values variation patterns;benthic macroinvertebrates (rej);0.587;0;sem match válido;Qwen3.5-4B-QLoRA
ID_0932673194762377;17;benthic macrofauna taxonomic richness variation;benthic macroinvertebrates (rej);0.683;0;sem match válido;Qwen3.5-4B-QLoRA
ID_0932673194762377;18;benthic macrofauna taxonomic richness variation patterns;benthic macroinvertebrates (rej);0.663;0;sem match válido;Qwen3.5-4B-QLoRA
ID_0932673194762377;19;;;;;;Qwen3.5-4B-QLoRA
ID_0932673194762377;20;;;;;;Qwen3.5-4B-QLoRA
ID_0967035318418472;1;antioxidant activity;antioxidant activity;1.000;3;match válido;Qwen3.5-4B-QLoRA
ID_0967035318418472;2;antioxidant capacity;antioxidant capacity;1.000;3;match válido;Qwen3.5-4B-QLoRA
ID_0967035318418472;3;biological activity;biological control (rej);0.600;0;sem match válido;Qwen3.5-4B-QLoRA
ID_0967035318418472;4;biological agents;biological control (rej);0.632;0;sem match válido;Qwen3.5-4B-QLoRA
ID_0967035318418472;5;crude extracts;crude extract;0.976;3;match válido;Qwen3.5-4B-QLoRA
ID_0967035318418472;6;dried extract;plant extracts (rej);0.755;0;sem match válido;Qwen3.5-4B-QLoRA
ID_0967035318418472;7;extract;extract material;0.818;1;match válido;Qwen3.5-4B-QLoRA
ID_0967035318418472;8;extracts from guarana;guaraná;0.793;2;match válido;Qwen3.5-4B-QLoRA
ID_0967035318418472;9;extraction optimization;extract material (rej);0.634;0;sem match válido;Qwen3.5-4B-QLoRA
ID_0967035318418472;10;folk medicine;medicinal plants (rej);0.584;0;sem match válido;Qwen3.5-4B-QLoRA
ID_0967035318418472;11;flavonoids from tagetes;leguminosae (rej);0.564;0;sem match válido;Qwen3.5-4B-QLoRA
ID_0967035318418472;12;guarana seeds;guazuma ulmifolia;0.765;3;match válido;Qwen3.5-4B-QLoRA
ID_0967035318418472;13;high-performance liquid chromatography;cromatografia líquida;0.850;2;match válido;Qwen3.5-4B-QLoRA
ID_0967035318418472;14;insect repellent;biological control (rej);0.487;0;sem match válido;Qwen3.5-4B-QLoRA
ID_0967035318418472;15;leishmaniasis;bouchea fluminensis (rej);0.654;0;sem match válido;Qwen3.5-4B-QLoRA
ID_0967035318418472;16;medicinal plants;medicinal plants;1.000;3;match válido;Qwen3.5-4B-QLoRA
ID_0967035318418472;17;medicinal plants extracts;plant extracts;0.911;3;match válido;Qwen3.5-4B-QLoRA
ID_0967035318418472;18;medicinal plants from northeastern;medicinal plants (rej);0.885;0;sem match válido;Qwen3.5-4B-QLoRA
ID_0967035318418472;19;mixture design;statistical mixture design (rej);0.797;0;sem match válido;Qwen3.5-4B-QLoRA
ID_0967035318418472;20;mixture design technique;statistical mixture design;0.799;3;match válido;Qwen3.5-4B-QLoRA
ID_0990344839864230;1;knowledge management;knowledge management;1.000;3;match válido;Qwen3.5-4B-QLoRA
ID_0990344839864230;2;knowledge management systems;knowledge management (rej);0.935;0;sem match válido;Qwen3.5-4B-QLoRA
ID_0990344839864230;3;knowledge sharing;information sharing;0.854;1;match válido;Qwen3.5-4B-QLoRA
ID_0990344839864230;4;knowledge sharing systems;knowledge dissemination;0.773;2;match válido;Qwen3.5-4B-QLoRA
ID_0990344839864230;5;mobile computing;mobile ad hoc networks (rej);0.679;0;sem match válido;Qwen3.5-4B-QLoRA
ID_0990344839864230;6;mobile computing devices;mobile ad hoc networks (rej);0.595;0;sem match válido;Qwen3.5-4B-QLoRA
ID_0990344839864230;7;mobile devices;mobile ad hoc networks (rej);0.581;0;sem match válido;Qwen3.5-4B-QLoRA
ID_0990344839864230;8;mobile information systems;mobile ad hoc networks (rej);0.661;0;sem match válido;Qwen3.5-4B-QLoRA
ID_0990344839864230;9;ontologies;modelo conceitual (rej);0.529;0;sem match válido;Qwen3.5-4B-QLoRA
ID_0990344839864230;10;recommendation systems;recommendation systems;1.000;3;match válido;Qwen3.5-4B-QLoRA
ID_0990344839864230;11;scientific knowledge;scientific knowledge management;0.848;3;match válido;Qwen3.5-4B-QLoRA
ID_0990344839864230;12;social networks;social networks;1.000;3;match válido;Qwen3.5-4B-QLoRA
ID_0990344839864230;13;social matching;social networks analysis (rej);0.640;0;sem match válido;Qwen3.5-4B-QLoRA
ID_0990344839864230;14;social networks analysis;social networks analysis;1.000;3;match válido;Qwen3.5-4B-QLoRA
ID_0990344839864230;15;ubiquitous computing;ubiquitous computing;1.000;2;match válido;Qwen3.5-4B-QLoRA
ID_0990344839864230;16;ubiquitous computing devices;ubiquitous computing (rej);0.868;0;sem match válido;Qwen3.5-4B-QLoRA
ID_0990344839864230;17;ubiquitous computing systems;ubiquitous computing (rej);0.946;0;sem match válido;Qwen3.5-4B-QLoRA
ID_0990344839864230;18;ubiquitous computing technologies;ubiquitous computing (rej);0.958;0;sem match válido;Qwen3.5-4B-QLoRA
ID_0990344839864230;19;ubiquitous software systems;ubiquitous software systems;1.000;2;match válido;Qwen3.5-4B-QLoRA
ID_0990344839864230;20;web services;ubiquitous computing (rej);0.462;0;sem match válido;Qwen3.5-4B-QLoRA
ID_1041565102315246;1;active region;active region;1.000;2;match válido;Qwen3.5-4B-QLoRA
ID_1041565102315246;2;active regions;active region (rej);0.979;0;sem match válido;Qwen3.5-4B-QLoRA
ID_1041565102315246;3;brightness temperature;sun: flares (rej);0.638;0;sem match válido;Qwen3.5-4B-QLoRA
ID_1041565102315246;4;bright patches;light curves (rej);0.619;0;sem match válido;Qwen3.5-4B-QLoRA
ID_1041565102315246;5;bright regions;light curves (rej);0.653;0;sem match válido;Qwen3.5-4B-QLoRA
ID_1041565102315246;6;limb brightening;solar limb brightening;0.791;1;match válido;Qwen3.5-4B-QLoRA
ID_1041565102315246;7;radio emission;sun: radio radiation (rej);0.758;0;sem match válido;Qwen3.5-4B-QLoRA
ID_1041565102315246;8;radio polarization;sun: radio radiation (rej);0.620;0;sem match válido;Qwen3.5-4B-QLoRA
ID_1041565102315246;9;radio polarization maps;sun: radio radiation (rej);0.535;0;sem match válido;Qwen3.5-4B-QLoRA
ID_1041565102315246;10;radio spectra;sun: radio radiation (rej);0.773;0;sem match válido;Qwen3.5-4B-QLoRA
ID_1041565102315246;11;solar activity;solar flare;0.847;3;match válido;Qwen3.5-4B-QLoRA
ID_1041565102315246;12;solar atmosphere;solar atmospheric model;0.897;3;match válido;Qwen3.5-4B-QLoRA
ID_1041565102315246;13;solar flares;solar flares;1.000;3;match válido;Qwen3.5-4B-QLoRA
ID_1041565102315246;14;solar radius;solar radius;1.000;2;match válido;Qwen3.5-4B-QLoRA
ID_1041565102315246;15;solar radio;sun: radio radiation (rej);0.787;0;sem match válido;Qwen3.5-4B-QLoRA
ID_1041565102315246;16;solar radio emission;sun: radio radiation;0.838;3;match válido;Qwen3.5-4B-QLoRA
ID_1041565102315246;17;solar radio polarization;sun: radio radiation (rej);0.712;0;sem match válido;Qwen3.5-4B-QLoRA
ID_1041565102315246;18;solar radio waves;sun: radio radiation (rej);0.827;0;sem match válido;Qwen3.5-4B-QLoRA
ID_1041565102315246;19;solar radius variations;solar radius variations;1.000;3;match válido;Qwen3.5-4B-QLoRA
ID_1041565102315246;20;solar submillimeter;sub-thz solar;0.828;3;match válido;Qwen3.5-4B-QLoRA
ID_1050516524103988;1;capillary electrophoresis;capillary electrophoresis;1.000;3;match válido;Qwen3.5-4B-QLoRA
ID_1050516524103988;2;capillary electrophoresis with contactless;capillary electrophoresis (rej);0.934;0;sem match válido;Qwen3.5-4B-QLoRA
ID_1050516524103988;3;capacitively coupled contactless;capacitively coupled contactless;1.000;1;match válido;Qwen3.5-4B-QLoRA
ID_1050516524103988;4;condutividade;conductivity (rej);0.654;0;sem match válido;Qwen3.5-4B-QLoRA
ID_1050516524103988;5;contactless conductivity detection;contactless conductivity detection;1.000;3;match válido;Qwen3.5-4B-QLoRA
ID_1050516524103988;6;contactless conductivity detectors;capacitively coupled contactless conductivity detection;0.858;3;match válido;Qwen3.5-4B-QLoRA
ID_1050516524103988;7;contactless conductometric detectors;contactless conductivity detection (rej);0.887;0;sem match válido;Qwen3.5-4B-QLoRA
ID_1050516524103988;8;conductivity detection;conductivity detection;1.000;3;match válido;Qwen3.5-4B-QLoRA
ID_1050516524103988;9;conductivity detector;conductivity;0.812;2;match válido;Qwen3.5-4B-QLoRA
ID_1050516524103988;10;conductivity detection method;conductivity detection (rej);0.984;0;sem match válido;Qwen3.5-4B-QLoRA
ID_1050516524103988;11;conductivity detection system;conductivity detection (rej);0.963;0;sem match válido;Qwen3.5-4B-QLoRA
ID_1050516524103988;12;contactless conductivity;contactless conductivity;1.000;3;match válido;Qwen3.5-4B-QLoRA
ID_1050516524103988;13;direct-printing process;toner and paper-based (rej);0.573;0;sem match válido;Qwen3.5-4B-QLoRA
ID_1050516524103988;14;electrodeless conductometric detector;electrodes for contactless;0.768;1;match válido;Qwen3.5-4B-QLoRA
ID_1050516524103988;15;electrodes for oscillometric;electrodes for contactless (rej);0.679;0;sem match válido;Qwen3.5-4B-QLoRA
ID_1050516524103988;16;fused-silica capillary;capillary and microchip (rej);0.678;0;sem match válido;Qwen3.5-4B-QLoRA
ID_1050516524103988;17;fused-silica capillary tube;capillary (rej);0.671;0;sem match válido;Qwen3.5-4B-QLoRA
ID_1050516524103988;18;oscillometric detector;amperometric detection (rej);0.576;0;sem match válido;Qwen3.5-4B-QLoRA
ID_1050516524103988;19;oscillometric detectors;amperometric detection (rej);0.575;0;sem match válido;Qwen3.5-4B-QLoRA
ID_1050516524103988;20;oscillometric detection;amperometric detection (rej);0.651;0;sem match válido;Qwen3.5-4B-QLoRA
ID_1066462335621573;1;advanced photonic networks;photonic switching (rej);0.743;0;sem match válido;Qwen3.5-4B-QLoRA
ID_1066462335621573;2;code division multiplexing;wavelength multiplexed binary channels (rej);0.492;0;sem match válido;Qwen3.5-4B-QLoRA
ID_1066462335621573;3;computer simulations;computer simulations;1.000;3;match válido;Qwen3.5-4B-QLoRA
ID_1066462335621573;4;computational methods;computer simulations (rej);0.634;0;sem match válido;Qwen3.5-4B-QLoRA
ID_1066462335621573;5;computer modeling;computer simulations (rej);0.887;0;sem match válido;Qwen3.5-4B-QLoRA
ID_1066462335621573;6;evaluation of network;switching networks (rej);0.686;0;sem match válido;Qwen3.5-4B-QLoRA
ID_1066462335621573;7;future metropolitan;switched metropolitan network (rej);0.619;0;sem match válido;Qwen3.5-4B-QLoRA
ID_1066462335621573;8;hybrid topology;ring topologies (rej);0.659;0;sem match válido;Qwen3.5-4B-QLoRA
ID_1066462335621573;9;link failure;synchronous parallel optical fiber interconnection (rej);0.292;0;sem match válido;Qwen3.5-4B-QLoRA
ID_1066462335621573;10;metropolitan access;switched metropolitan network (rej);0.726;0;sem match válido;Qwen3.5-4B-QLoRA
ID_1066462335621573;11;metropolitan access optical;visible using optical (rej);0.679;0;sem match válido;Qwen3.5-4B-QLoRA
ID_1066462335621573;12;network protection;throughput and protection (rej);0.699;0;sem match válido;Qwen3.5-4B-QLoRA
ID_1066462335621573;13;network throughput;telecommunication network routing (rej);0.740;0;sem match válido;Qwen3.5-4B-QLoRA
ID_1066462335621573;14;network topology;telecommunication network routing (rej);0.713;0;sem match válido;Qwen3.5-4B-QLoRA
ID_1066462335621573;15;networks with optical;optical packets;0.778;3;match válido;Qwen3.5-4B-QLoRA
ID_1066462335621573;16;networks with optical codes;optical packets (rej);0.711;0;sem match válido;Qwen3.5-4B-QLoRA
ID_1066462335621573;17;networks with optical codes and;optical packets (rej);0.708;0;sem match válido;Qwen3.5-4B-QLoRA
ID_1066462335621573;18;networks with optical codes and photonic;optical packets (rej);0.753;0;sem match válido;Qwen3.5-4B-QLoRA
ID_1066462335621573;19;networks with optical codes and photonic switching;optical packet switching;0.825;3;match válido;Qwen3.5-4B-QLoRA
ID_1066462335621573;20;networks with optical code;optical packets (rej);0.733;0;sem match válido;Qwen3.5-4B-QLoRA
ID_1122362218673413;1;heavy minerals;heavy mineral indices;0.920;3;match válido;Qwen3.5-4B-QLoRA
ID_1122362218673413;2;heavy minerals distribution;heavy mineral indices (rej);0.896;0;sem match válido;Qwen3.5-4B-QLoRA
ID_1122362218673413;3;heavy minerals provenance;heavy mineral indices (rej);0.889;0;sem match válido;Qwen3.5-4B-QLoRA
ID_1122362218673413;4;heavy minerals source;proveniência de minerais;0.865;3;match válido;Qwen3.5-4B-QLoRA
ID_1122362218673413;5;heavy mineral assemblage;heavy mineral indices (rej);0.857;0;sem match válido;Qwen3.5-4B-QLoRA
ID_1122362218673413;6;heavy mineral assemblages;mineral chemistry;0.821;3;match válido;Qwen3.5-4B-QLoRA
ID_1122362218673413;7;heavy mineral assemblages distribution;heavy mineral indices (rej);0.876;0;sem match válido;Qwen3.5-4B-QLoRA
ID_1122362218673413;8;heavy mineral assemblages provenance;heavy mineral indices (rej);0.855;0;sem match válido;Qwen3.5-4B-QLoRA
ID_1122362218673413;9;heavy mineral assemblages source;heavy mineral indices (rej);0.860;0;sem match válido;Qwen3.5-4B-QLoRA
ID_1122362218673413;10;heavy mineral assemblages source areas;heavy mineral indices (rej);0.847;0;sem match válido;Qwen3.5-4B-QLoRA
ID_1122362218673413;11;heavy mineral assemblages source regions;heavy mineral indices (rej);0.846;0;sem match válido;Qwen3.5-4B-QLoRA
ID_1122362218673413;12;heavy mineral distribution;heavy mineral indices (rej);0.884;0;sem match válido;Qwen3.5-4B-QLoRA
ID_1122362218673413;13;heavy mineral distribution patterns;heavy mineral indices (rej);0.860;0;sem match válido;Qwen3.5-4B-QLoRA
ID_1122362218673413;14;heavy mineral provenance;heavy mineral indices (rej);0.869;0;sem match válido;Qwen3.5-4B-QLoRA
ID_1122362218673413;15;heavy mineral source;heavy mineral indices (rej);0.871;0;sem match válido;Qwen3.5-4B-QLoRA
ID_1122362218673413;16;heavy mineral source areas;heavy mineral indices (rej);0.855;0;sem match válido;Qwen3.5-4B-QLoRA
ID_1122362218673413;17;heavy mineral source regions;heavy mineral indices (rej);0.850;0;sem match válido;Qwen3.5-4B-QLoRA
ID_1122362218673413;18;heavy mineral;heavy mineral indices (rej);0.914;0;sem match válido;Qwen3.5-4B-QLoRA
ID_1122362218673413;19;;;;;;Qwen3.5-4B-QLoRA
ID_1122362218673413;20;;;;;;Qwen3.5-4B-QLoRA
ID_1138639549823932;1;adsorption;adsorption;1.000;3;match válido;Qwen3.5-4B-QLoRA
ID_1138639549823932;2;adsorbents for removal;selection of adsorbents;0.812;3;match válido;Qwen3.5-4B-QLoRA
ID_1138639549823932;3;adsorption capacity;adsorption (rej);0.867;0;sem match válido;Qwen3.5-4B-QLoRA
ID_1138639549823932;4;breakthrough curves;uso de indicadores (rej);0.371;0;sem match válido;Qwen3.5-4B-QLoRA
ID_1138639549823932;5;breakthrough curves using;uso de indicadores (rej);0.389;0;sem match válido;Qwen3.5-4B-QLoRA
ID_1138639549823932;6;clay;clay;1.000;3;match válido;Qwen3.5-4B-QLoRA
ID_1138639549823932;7;nitrogen and sulfur;nitrogen and sulfur;1.000;3;match válido;Qwen3.5-4B-QLoRA
ID_1138639549823932;8;nitrogen compounds removal;nitrogen and sulfur (rej);0.678;0;sem match válido;Qwen3.5-4B-QLoRA
ID_1138639549823932;9;nitrogen removal;nitrogen and sulfur (rej);0.669;0;sem match válido;Qwen3.5-4B-QLoRA
ID_1138639549823932;10;oil;petroleum oil;0.946;2;match válido;Qwen3.5-4B-QLoRA
ID_1138639549823932;11;petroleum;petroleum derivatives;0.875;2;match válido;Qwen3.5-4B-QLoRA
ID_1138639549823932;12;petroleum distillates;petroleum distilled fractions;0.819;2;match válido;Qwen3.5-4B-QLoRA
ID_1138639549823932;13;petroleum fractions;model petroleum fractions;0.926;2;match válido;Qwen3.5-4B-QLoRA
ID_1138639549823932;14;petroleum fuels refining;petroleum oil (rej);0.851;0;sem match válido;Qwen3.5-4B-QLoRA
ID_1138639549823932;15;removal;naphthenic acids removal (rej);0.486;0;sem match válido;Qwen3.5-4B-QLoRA
ID_1138639549823932;16;removal of nitrogen;nitrogen and sulfur (rej);0.706;0;sem match válido;Qwen3.5-4B-QLoRA
ID_1138639549823932;17;removal of nitrogen and sulfur;nitrogen and sulfur (rej);0.854;0;sem match válido;Qwen3.5-4B-QLoRA
ID_1138639549823932;18;sulfur contaminants;sulfur contaminants;1.000;3;match válido;Qwen3.5-4B-QLoRA
ID_1138639549823932;19;waste management;socioambiental na reciclagem;0.758;2;match válido;Qwen3.5-4B-QLoRA
ID_1138639549823932;20;adsorption capacity recovery;adsorption (rej);0.770;0;sem match válido;Qwen3.5-4B-QLoRA
ID_1177407730126204;1;biocatalysis;biocatalysis;1.000;3;match válido;Qwen3.5-4B-QLoRA
ID_1177407730126204;2;biotechnology applications;biocatalysis (rej);0.670;0;sem match válido;Qwen3.5-4B-QLoRA
ID_1177407730126204;3;biodiesel;biocatalysis (rej);0.673;0;sem match válido;Qwen3.5-4B-QLoRA
ID_1177407730126204;4;bioprocesses;biocatalysis (rej);0.830;0;sem match válido;Qwen3.5-4B-QLoRA
ID_1177407730126204;5;brazilian amazon;amazon region (rej);0.816;0;sem match válido;Qwen3.5-4B-QLoRA
ID_1177407730126204;6;brazilian amazon region;amazon region;0.862;1;match válido;Qwen3.5-4B-QLoRA
ID_1177407730126204;7;brazilian amazonia;amazon region (rej);0.775;0;sem match válido;Qwen3.5-4B-QLoRA
ID_1177407730126204;8;brazilian amazonian region;amazon region (rej);0.809;0;sem match válido;Qwen3.5-4B-QLoRA
ID_1177407730126204;9;brazilian amazonian region plants;amazon region (rej);0.694;0;sem match válido;Qwen3.5-4B-QLoRA
ID_1177407730126204;10;;;;;;Qwen3.5-4B-QLoRA
ID_1177407730126204;11;;;;;;Qwen3.5-4B-QLoRA
ID_1177407730126204;12;;;;;;Qwen3.5-4B-QLoRA
ID_1177407730126204;13;;;;;;Qwen3.5-4B-QLoRA
ID_1177407730126204;14;;;;;;Qwen3.5-4B-QLoRA
ID_1177407730126204;15;;;;;;Qwen3.5-4B-QLoRA
ID_1177407730126204;16;;;;;;Qwen3.5-4B-QLoRA
ID_1177407730126204;17;;;;;;Qwen3.5-4B-QLoRA
ID_1177407730126204;18;;;;;;Qwen3.5-4B-QLoRA
ID_1177407730126204;19;;;;;;Qwen3.5-4B-QLoRA
ID_1177407730126204;20;;;;;;Qwen3.5-4B-QLoRA
ID_1218389465274602;1;chemokine;pharmacological therapy (rej);0.464;0;sem match válido;Qwen3.5-4B-QLoRA
ID_1218389465274602;2;chemokine ccl5;cell signaling (rej);0.466;0;sem match válido;Qwen3.5-4B-QLoRA
ID_1218389465274602;3;chemokine cxc1;cell signaling (rej);0.467;0;sem match válido;Qwen3.5-4B-QLoRA
ID_1218389465274602;4;chemokine cxcl9;cell signaling (rej);0.435;0;sem match válido;Qwen3.5-4B-QLoRA
ID_1218389465274602;5;central nervous system;neuroinflammation (rej);0.462;0;sem match válido;Qwen3.5-4B-QLoRA
ID_1218389465274602;6;central nervous system injury;neuroinflammation (rej);0.646;0;sem match válido;Qwen3.5-4B-QLoRA
ID_1218389465274602;7;central nervous system leukocyte;leukocyte adhesion (rej);0.644;0;sem match válido;Qwen3.5-4B-QLoRA
ID_1218389465274602;8;central nervous system leukocyte recruitment;leukocyte adhesion (rej);0.634;0;sem match válido;Qwen3.5-4B-QLoRA
ID_1218389465274602;9;chemokine cxcl1;cell signaling (rej);0.478;0;sem match válido;Qwen3.5-4B-QLoRA
ID_1218389465274602;10;chemokine family receptor;receptor (rej);0.576;0;sem match válido;Qwen3.5-4B-QLoRA
ID_1218389465274602;11;chemokine levels;danger associated molecular patterns (rej);0.457;0;sem match válido;Qwen3.5-4B-QLoRA
ID_1218389465274602;12;ccl5 is essential;danger associated molecular patterns (rej);0.415;0;sem match válido;Qwen3.5-4B-QLoRA
ID_1218389465274602;13;ccl5, a chemokine;cell signaling (rej);0.505;0;sem match válido;Qwen3.5-4B-QLoRA
ID_1218389465274602;14;ccl5, a chemokine that binds;cell signaling (rej);0.536;0;sem match válido;Qwen3.5-4B-QLoRA
ID_1218389465274602;15;ccl5, a chemokine that binds to ccr1;cell signaling (rej);0.527;0;sem match válido;Qwen3.5-4B-QLoRA
ID_1218389465274602;16;ccl5, a chemokine that binds to ccr1 and ccr5;cell signaling (rej);0.515;0;sem match válido;Qwen3.5-4B-QLoRA
ID_1218389465274602;17;ccl5, a chemokine that binds to ccr5;cell signaling (rej);0.517;0;sem match válido;Qwen3.5-4B-QLoRA
ID_1218389465274602;18;;;;;;Qwen3.5-4B-QLoRA
ID_1218389465274602;19;;;;;;Qwen3.5-4B-QLoRA
ID_1218389465274602;20;;;;;;Qwen3.5-4B-QLoRA
ID_1224532648969159;1;adaptive fuzzy sliding;sliding modes. (rej);0.682;0;sem match válido;Qwen3.5-4B-QLoRA
ID_1224532648969159;2;chaos control;chaos control;1.000;3;match válido;Qwen3.5-4B-QLoRA
ID_1224532648969159;3;chaos in shape;chaos;0.909;3;match válido;Qwen3.5-4B-QLoRA
ID_1224532648969159;4;chaos in a shape;transient chaos;0.805;2;match válido;Qwen3.5-4B-QLoRA
ID_1224532648969159;5;chaotic pendulum;nonlinear pendulum;0.806;3;match válido;Qwen3.5-4B-QLoRA
ID_1224532648969159;6;chaotic response;chaos (rej);0.842;0;sem match válido;Qwen3.5-4B-QLoRA
ID_1224532648969159;7;close return method;finite element method (rej);0.472;0;sem match válido;Qwen3.5-4B-QLoRA
ID_1224532648969159;8;close return methods;finite element method (rej);0.490;0;sem match válido;Qwen3.5-4B-QLoRA
ID_1224532648969159;9;constitutive model;constitutive model;1.000;3;match válido;Qwen3.5-4B-QLoRA
ID_1224532648969159;10;control;control;1.000;3;match válido;Qwen3.5-4B-QLoRA
ID_1224532648969159;11;control of irregular;control (rej);0.735;0;sem match válido;Qwen3.5-4B-QLoRA
ID_1224532648969159;12;dynamical jumps;nonlinear dynamics (rej);0.510;0;sem match válido;Qwen3.5-4B-QLoRA
ID_1224532648969159;13;dynamical response;nonlinear dynamics (rej);0.608;0;sem match válido;Qwen3.5-4B-QLoRA
ID_1224532648969159;14;dynamical systems;nonlinear dynamics (rej);0.669;0;sem match válido;Qwen3.5-4B-QLoRA
ID_1224532648969159;15;experimental investigation;experimental investigations;0.989;3;match válido;Qwen3.5-4B-QLoRA
ID_1224532648969159;16;finite element analysis;finite element method;0.867;3;match válido;Qwen3.5-4B-QLoRA
ID_1224532648969159;17;finite element model;finite element method (rej);0.825;0;sem match válido;Qwen3.5-4B-QLoRA
ID_1224532648969159;18;geometric influence;shape memoy (rej);0.566;0;sem match válido;Qwen3.5-4B-QLoRA
ID_1224532648969159;19;geometric nonlinearity;nonlinear dynamics (rej);0.736;0;sem match válido;Qwen3.5-4B-QLoRA
ID_1224532648969159;20;geometric nonlinearities;nonlinear dynamics (rej);0.727;0;sem match válido;Qwen3.5-4B-QLoRA
ID_1234565160573730;1;azadirachta indica;azadirachta indica;1.000;3;match válido;Qwen3.5-4B-QLoRA
ID_1234565160573730;2;biodegradable nanoparticles;nanopartículas;0.843;3;match válido;Qwen3.5-4B-QLoRA
ID_1234565160573730;3;biodegradable polymeric nanoparticles;nanopartículas (rej);0.810;0;sem match válido;Qwen3.5-4B-QLoRA
ID_1234565160573730;4;botanical insecticides;plant insecticides;0.980;3;match válido;Qwen3.5-4B-QLoRA
ID_1234565160573730;5;control leaf-cutting;products on control (rej);0.502;0;sem match válido;Qwen3.5-4B-QLoRA
ID_1234565160573730;6;development and validation;validation and application;0.763;3;match válido;Qwen3.5-4B-QLoRA
ID_1234565160573730;7;development of a new method;preparation and characterization (rej);0.655;0;sem match válido;Qwen3.5-4B-QLoRA
ID_1234565160573730;8;hplc;srm (rej);0.447;0;sem match válido;Qwen3.5-4B-QLoRA
ID_1234565160573730;9;hplc-uv;srm (rej);0.473;0;sem match válido;Qwen3.5-4B-QLoRA
ID_1234565160573730;10;high-performance liquid chromatography;high-speed counter-current chromatography (rej);0.808;0;sem match válido;Qwen3.5-4B-QLoRA
ID_1234565160573730;11;high-speed counter-current chromatography;high-speed counter-current chromatography;1.000;1;match válido;Qwen3.5-4B-QLoRA
ID_1234565160573730;12;hydraulic conductance;hydraulic conductance;1.000;1;match válido;Qwen3.5-4B-QLoRA
ID_1234565160573730;13;insecticide;plant insecticides (rej);0.929;0;sem match válido;Qwen3.5-4B-QLoRA
ID_1234565160573730;14;leaf-cutting ant;plant insecticides (rej);0.510;0;sem match válido;Qwen3.5-4B-QLoRA
ID_1234565160573730;15;leaf-cutting ants;plant insecticides (rej);0.540;0;sem match válido;Qwen3.5-4B-QLoRA
ID_1234565160573730;16;neem;tuta absoluta (rej);0.665;0;sem match válido;Qwen3.5-4B-QLoRA
ID_1234565160573730;17;neem derivatives;quantification of azadirachtin (rej);0.577;0;sem match válido;Qwen3.5-4B-QLoRA
ID_1234565160573730;18;neem oil;oil of azadirachta (rej);0.749;0;sem match válido;Qwen3.5-4B-QLoRA
ID_1234565160573730;19;neem oil-based products;oil of azadirachta (rej);0.716;0;sem match válido;Qwen3.5-4B-QLoRA
ID_1234565160573730;20;natural products;natural gel product (rej);0.693;0;sem match válido;Qwen3.5-4B-QLoRA
ID_1272997735344283;1;agent-oriented software;agent-oriented software engineering (rej);0.936;0;sem match válido;Qwen3.5-4B-QLoRA
ID_1272997735344283;2;agent-oriented software engineering;agent-oriented software engineering;1.000;3;match válido;Qwen3.5-4B-QLoRA
ID_1272997735344283;3;agent-oriented specifications;agent-oriented software engineering (rej);0.807;0;sem match válido;Qwen3.5-4B-QLoRA
ID_1272997735344283;4;;;;;;Qwen3.5-4B-QLoRA
ID_1272997735344283;5;;;;;;Qwen3.5-4B-QLoRA
ID_1272997735344283;6;;;;;;Qwen3.5-4B-QLoRA
ID_1272997735344283;7;;;;;;Qwen3.5-4B-QLoRA
ID_1272997735344283;8;;;;;;Qwen3.5-4B-QLoRA
ID_1272997735344283;9;;;;;;Qwen3.5-4B-QLoRA
ID_1272997735344283;10;;;;;;Qwen3.5-4B-QLoRA
ID_1272997735344283;11;;;;;;Qwen3.5-4B-QLoRA
ID_1272997735344283;12;;;;;;Qwen3.5-4B-QLoRA
ID_1272997735344283;13;;;;;;Qwen3.5-4B-QLoRA
ID_1272997735344283;14;;;;;;Qwen3.5-4B-QLoRA
ID_1272997735344283;15;;;;;;Qwen3.5-4B-QLoRA
ID_1272997735344283;16;;;;;;Qwen3.5-4B-QLoRA
ID_1272997735344283;17;;;;;;Qwen3.5-4B-QLoRA
ID_1272997735344283;18;;;;;;Qwen3.5-4B-QLoRA
ID_1272997735344283;19;;;;;;Qwen3.5-4B-QLoRA
ID_1272997735344283;20;;;;;;Qwen3.5-4B-QLoRA
ID_1290711673273506;1;communication interface;power system communication (rej);0.612;0;sem match válido;Qwen3.5-4B-QLoRA
ID_1290711673273506;2;embedded systems;power systems (rej);0.438;0;sem match válido;Qwen3.5-4B-QLoRA
ID_1290711673273506;3;embedded systems interface;smart monitors (rej);0.422;0;sem match válido;Qwen3.5-4B-QLoRA
ID_1290711673273506;4;ethernet interfaces;telecommunication channels (rej);0.510;0;sem match válido;Qwen3.5-4B-QLoRA
ID_1290711673273506;5;field programmable gate;techniques for voip (rej);0.322;0;sem match válido;Qwen3.5-4B-QLoRA
ID_1290711673273506;6;field programmable gate array;pll-based multirate structure (rej);0.338;0;sem match válido;Qwen3.5-4B-QLoRA
ID_1290711673273506;7;power line communication;power system communication (rej);0.914;0;sem match válido;Qwen3.5-4B-QLoRA
ID_1290711673273506;8;power line communications;carrier transmission on power lines;0.847;3;match válido;Qwen3.5-4B-QLoRA
ID_1290711673273506;9;power line communication system;power system communication;0.943;3;match válido;Qwen3.5-4B-QLoRA
ID_1290711673273506;10;power systems;power systems;1.000;2;match válido;Qwen3.5-4B-QLoRA
ID_1290711673273506;11;power systems harmonic;power systems (rej);0.776;0;sem match válido;Qwen3.5-4B-QLoRA
ID_1290711673273506;12;power systems harmonics;power systems (rej);0.752;0;sem match válido;Qwen3.5-4B-QLoRA
ID_1290711673273506;13;power systems harmonics estimation;power system measurement (rej);0.747;0;sem match válido;Qwen3.5-4B-QLoRA
ID_1290711673273506;14;power systems harmonic estimation;power system measurement;0.758;1;match válido;Qwen3.5-4B-QLoRA
ID_1290711673273506;15;power systems harmonic estimation algorithm;power system measurement (rej);0.728;0;sem match válido;Qwen3.5-4B-QLoRA
ID_1290711673273506;16;power systems harmonic/interharmonic estimation;power system measurement (rej);0.709;0;sem match válido;Qwen3.5-4B-QLoRA
ID_1290711673273506;17;power systems harmonic/interharmonic estimation algorithm;power system measurement (rej);0.705;0;sem match válido;Qwen3.5-4B-QLoRA
ID_1290711673273506;18;power systems harmonics estimation algorithm;power system measurement (rej);0.723;0;sem match válido;Qwen3.5-4B-QLoRA
ID_1290711673273506;19;power systems harmonic/interharmonic;power systems (rej);0.703;0;sem match válido;Qwen3.5-4B-QLoRA
ID_1290711673273506;20;;;;;;Qwen3.5-4B-QLoRA
ID_1305553577433058;1;essential oil;essential oil;1.000;2;match válido;Qwen3.5-4B-QLoRA
ID_1305553577433058;2;in vitro cytotoxicity;cytotoxic activity;0.910;3;match válido;Qwen3.5-4B-QLoRA
ID_1305553577433058;3;in vitro study;vitro culture (rej);0.710;0;sem match válido;Qwen3.5-4B-QLoRA
ID_1305553577433058;4;in vivo antitumor;vivo antitumor effect;0.908;3;match válido;Qwen3.5-4B-QLoRA
ID_1305553577433058;5;in vivo antitumor activity;antitumor activity;0.949;3;match válido;Qwen3.5-4B-QLoRA
ID_1305553577433058;6;in vivo antitumoural activity;antitumor;0.770;3;match válido;Qwen3.5-4B-QLoRA
ID_1305553577433058;7;inhibition;inhibitory effect (rej);0.671;0;sem match válido;Qwen3.5-4B-QLoRA
ID_1305553577433058;8;inhibition rates;inhibitory effect (rej);0.694;0;sem match válido;Qwen3.5-4B-QLoRA
ID_1305553577433058;9;leaf essential oil;essential oil (rej);0.805;0;sem match válido;Qwen3.5-4B-QLoRA
ID_1305553577433058;10;metastatic potential;phases of cell (rej);0.378;0;sem match válido;Qwen3.5-4B-QLoRA
ID_1305553577433058;11;natural products;chemical constituents (rej);0.544;0;sem match válido;Qwen3.5-4B-QLoRA
ID_1305553577433058;12;natural products used;chemical constituents (rej);0.588;0;sem match válido;Qwen3.5-4B-QLoRA
ID_1305553577433058;13;neosergeolide-induced apoptosis;apoptosis;0.787;3;match válido;Qwen3.5-4B-QLoRA
ID_1305553577433058;14;neosergeolide-mediated apoptosis;apoptosis (rej);0.784;0;sem match válido;Qwen3.5-4B-QLoRA
ID_1305553577433058;15;nor-β-lapachone;lapachol (rej);0.627;0;sem match válido;Qwen3.5-4B-QLoRA
ID_1305553577433058;16;nor-β-lapachone and its;lapachol (rej);0.617;0;sem match válido;Qwen3.5-4B-QLoRA
ID_1305553577433058;17;oil extract;essential oil (rej);0.846;0;sem match válido;Qwen3.5-4B-QLoRA
ID_1305553577433058;18;oil propolis;essential oil (rej);0.739;0;sem match válido;Qwen3.5-4B-QLoRA
ID_1305553577433058;19;oil propolis extract;essential oil (rej);0.762;0;sem match válido;Qwen3.5-4B-QLoRA
ID_1305553577433058;20;oil propolis extracts;essential oil (rej);0.765;0;sem match válido;Qwen3.5-4B-QLoRA
ID_1351748125964309;1;atlantic forest;atlantic forest;1.000;2;match válido;Qwen3.5-4B-QLoRA
ID_1351748125964309;2;biodiversity conservation;tropical biodiversity (rej);0.735;0;sem match válido;Qwen3.5-4B-QLoRA
ID_1351748125964309;3;brazilian atlantic forest;secondary atlantic forest;0.800;2;match válido;Qwen3.5-4B-QLoRA
ID_1351748125964309;4;brazilian forest;tropical forest;0.868;3;match válido;Qwen3.5-4B-QLoRA
ID_1351748125964309;5;brazilian forest fragments;tropical forest (rej);0.813;0;sem match válido;Qwen3.5-4B-QLoRA
ID_1351748125964309;6;brazilian forest landscape;tropical forest (rej);0.860;0;sem match válido;Qwen3.5-4B-QLoRA
ID_1351748125964309;7;brazilian forest patches;tropical forest (rej);0.825;0;sem match válido;Qwen3.5-4B-QLoRA
ID_1351748125964309;8;brazilian forest remnants;tropical forest (rej);0.805;0;sem match válido;Qwen3.5-4B-QLoRA
ID_1351748125964309;9;brazilian forest species;tropical forest (rej);0.841;0;sem match válido;Qwen3.5-4B-QLoRA
ID_1351748125964309;10;brazilian forest tree;tropical forest (rej);0.831;0;sem match válido;Qwen3.5-4B-QLoRA
ID_1351748125964309;11;brazilian forest trees;tropical forest (rej);0.858;0;sem match válido;Qwen3.5-4B-QLoRA
ID_1351748125964309;12;brazilian forest habitat;tropical rainforest;0.859;2;match válido;Qwen3.5-4B-QLoRA
ID_1351748125964309;13;brazilian forest tree species;tropical forest (rej);0.831;0;sem match válido;Qwen3.5-4B-QLoRA
ID_1351748125964309;14;brazilian forest tree species richness;tropical forest (rej);0.798;0;sem match válido;Qwen3.5-4B-QLoRA
ID_1351748125964309;15;brazilian forest tree species richness patterns;tropical forest (rej);0.770;0;sem match válido;Qwen3.5-4B-QLoRA
ID_1351748125964309;16;;;;;;Qwen3.5-4B-QLoRA
ID_1351748125964309;17;;;;;;Qwen3.5-4B-QLoRA
ID_1351748125964309;18;;;;;;Qwen3.5-4B-QLoRA
ID_1351748125964309;19;;;;;;Qwen3.5-4B-QLoRA
ID_1351748125964309;20;;;;;;Qwen3.5-4B-QLoRA
ID_1364246301366731;1;atmospheric boundary layer;atmospheric numerical model (rej);0.728;0;sem match válido;Qwen3.5-4B-QLoRA
ID_1364246301366731;2;convective boundary layer;wavelet (rej);0.439;0;sem match válido;Qwen3.5-4B-QLoRA
ID_1364246301366731;3;convective boundary layer models;coupled numerical model (rej);0.472;0;sem match válido;Qwen3.5-4B-QLoRA
ID_1364246301366731;4;convective boundary layer parameterization;wavelet transform (rej);0.400;0;sem match válido;Qwen3.5-4B-QLoRA
ID_1364246301366731;5;convective boundary layer parameterizations;wavelet transform (rej);0.389;0;sem match válido;Qwen3.5-4B-QLoRA
ID_1364246301366731;6;convective boundary layers;wavelet (rej);0.438;0;sem match válido;Qwen3.5-4B-QLoRA
ID_1364246301366731;7;convective boundary-layer;wavelet (rej);0.416;0;sem match válido;Qwen3.5-4B-QLoRA
ID_1364246301366731;8;convective boundary-layer models;coupled numerical model (rej);0.513;0;sem match válido;Qwen3.5-4B-QLoRA
ID_1364246301366731;9;convective boundary-layer parameterization;wavelet transform (rej);0.409;0;sem match válido;Qwen3.5-4B-QLoRA
ID_1364246301366731;10;convective boundary-layer parameterizations;wavelet transform (rej);0.395;0;sem match válido;Qwen3.5-4B-QLoRA
ID_1364246301366731;11;convective boundary-layer theory;wavelet (rej);0.393;0;sem match válido;Qwen3.5-4B-QLoRA
ID_1364246301366731;12;;;;;;Qwen3.5-4B-QLoRA
ID_1364246301366731;13;;;;;;Qwen3.5-4B-QLoRA
ID_1364246301366731;14;;;;;;Qwen3.5-4B-QLoRA
ID_1364246301366731;15;;;;;;Qwen3.5-4B-QLoRA
ID_1364246301366731;16;;;;;;Qwen3.5-4B-QLoRA
ID_1364246301366731;17;;;;;;Qwen3.5-4B-QLoRA
ID_1364246301366731;18;;;;;;Qwen3.5-4B-QLoRA
ID_1364246301366731;19;;;;;;Qwen3.5-4B-QLoRA
ID_1364246301366731;20;;;;;;Qwen3.5-4B-QLoRA
ID_1387531666012807;1;bone marrow mononuclear cells;bone marrow mononuclear;0.969;3;match válido;Qwen3.5-4B-QLoRA
ID_1387531666012807;2;cortical ischemia;superior colliculus (rej);0.483;0;sem match válido;Qwen3.5-4B-QLoRA
ID_1387531666012807;3;focal cortical ischemia;superior colliculus (rej);0.476;0;sem match válido;Qwen3.5-4B-QLoRA
ID_1387531666012807;4;focal cortical lesion;retinotectal projection (rej);0.530;0;sem match válido;Qwen3.5-4B-QLoRA
ID_1387531666012807;5;focal ischemia;post-ischemic day (rej);0.584;0;sem match válido;Qwen3.5-4B-QLoRA
ID_1387531666012807;6;forelimb skilled motor;skilled motor function (rej);0.690;0;sem match válido;Qwen3.5-4B-QLoRA
ID_1387531666012807;7;forelimb skilled motor task;skilled motor task;0.901;3;match válido;Qwen3.5-4B-QLoRA
ID_1387531666012807;8;functional recovery;functional sensorimotor recovery (rej);0.670;0;sem match válido;Qwen3.5-4B-QLoRA
ID_1387531666012807;9;ischemia;post-ischemic day (rej);0.691;0;sem match válido;Qwen3.5-4B-QLoRA
ID_1387531666012807;10;ischemic lesion;stained cells (rej);0.504;0;sem match válido;Qwen3.5-4B-QLoRA
ID_1387531666012807;11;isquemia cerebral focal;stroke (rej);0.563;0;sem match válido;Qwen3.5-4B-QLoRA
ID_1387531666012807;12;medial prefrontal cortex;rat superior colliculus (rej);0.402;0;sem match válido;Qwen3.5-4B-QLoRA
ID_1387531666012807;13;mesenchymal stem cells;mesenchymal stem cells;1.000;3;match válido;Qwen3.5-4B-QLoRA
ID_1387531666012807;14;neurodegeneration;stem cell (rej);0.460;0;sem match válido;Qwen3.5-4B-QLoRA
ID_1387531666012807;15;neuroplasticity;synaptic plasticity (rej);0.605;0;sem match válido;Qwen3.5-4B-QLoRA
ID_1387531666012807;16;neuroplasticity and neurodegeneration;synaptic plasticity (rej);0.447;0;sem match válido;Qwen3.5-4B-QLoRA
ID_1387531666012807;17;nitric oxide;nitric oxide;1.000;3;match válido;Qwen3.5-4B-QLoRA
ID_1387531666012807;18;nitric oxide synthase;nitric oxide synthase;1.000;3;match válido;Qwen3.5-4B-QLoRA
ID_1387531666012807;19;nucleus accumbens;cell type (rej);0.474;0;sem match válido;Qwen3.5-4B-QLoRA
ID_1387531666012807;20;plasticity-related ngfi-a protein;synaptic plasticity (rej);0.458;0;sem match válido;Qwen3.5-4B-QLoRA
ID_1511271976880714;1;buffalo;pampa horse (rej);0.469;0;sem match válido;Qwen3.5-4B-QLoRA
ID_1511271976880714;2;buffalo meat;beef catle (rej);0.651;0;sem match válido;Qwen3.5-4B-QLoRA
ID_1511271976880714;3;buffalo meat products;beef catle (rej);0.652;0;sem match válido;Qwen3.5-4B-QLoRA
ID_1511271976880714;4;bubalus bubalis;bubalus;0.905;1;match válido;Qwen3.5-4B-QLoRA
ID_1511271976880714;5;buffalo meat products certification;beef catle (rej);0.583;0;sem match válido;Qwen3.5-4B-QLoRA
ID_1511271976880714;6;buffalo meat products certification by dna;beef catle (rej);0.585;0;sem match válido;Qwen3.5-4B-QLoRA
ID_1511271976880714;7;dna;pelagem tobiana (rej);0.670;0;sem match válido;Qwen3.5-4B-QLoRA
ID_1511271976880714;8;dna test;teste de dna;0.928;3;match válido;Qwen3.5-4B-QLoRA
ID_1511271976880714;9;identification;utilizando marcadores (rej);0.666;0;sem match válido;Qwen3.5-4B-QLoRA
ID_1511271976880714;10;meat products certification;beef catle (rej);0.538;0;sem match válido;Qwen3.5-4B-QLoRA
ID_1511271976880714;11;multiplex microsatellite set;microsatellite;0.842;3;match válido;Qwen3.5-4B-QLoRA
ID_1511271976880714;12;multiplexed microsatellite set;multiplexed microsatellite set;1.000;3;match válido;Qwen3.5-4B-QLoRA
ID_1511271976880714;13;multiplexd microsatellite set;multiplexed microsatellite set (rej);0.989;0;sem match válido;Qwen3.5-4B-QLoRA
ID_1511271976880714;14;multiplexed microsatellite set for brazilian;multiplexed microsatellite set (rej);0.814;0;sem match válido;Qwen3.5-4B-QLoRA
ID_1511271976880714;15;multiplexed microsatellite set for brazilian buffalo identification;multiplexed microsatellite set (rej);0.529;0;sem match válido;Qwen3.5-4B-QLoRA
ID_1511271976880714;16;;;;;;Qwen3.5-4B-QLoRA
ID_1511271976880714;17;;;;;;Qwen3.5-4B-QLoRA
ID_1511271976880714;18;;;;;;Qwen3.5-4B-QLoRA
ID_1511271976880714;19;;;;;;Qwen3.5-4B-QLoRA
ID_1511271976880714;20;;;;;;Qwen3.5-4B-QLoRA
ID_1602277501575415;1;adsorption;wave adsorptive stripping (rej);0.733;0;sem match válido;Qwen3.5-4B-QLoRA
ID_1602277501575415;2;anodic stripping voltammetry;anodic stripping voltammetry;1.000;3;match válido;Qwen3.5-4B-QLoRA
ID_1602277501575415;3;biosorbent;biosorption (rej);0.908;0;sem match válido;Qwen3.5-4B-QLoRA
ID_1602277501575415;4;biosorption;biosorption;1.000;2;match válido;Qwen3.5-4B-QLoRA
ID_1602277501575415;5;chemical oxidation;sulphochromic waste (rej);0.599;0;sem match válido;Qwen3.5-4B-QLoRA
ID_1602277501575415;6;electrochemical impedance;oxide ph electrodes (rej);0.665;0;sem match válido;Qwen3.5-4B-QLoRA
ID_1602277501575415;7;electrochemical impedance spectroscopy;oxide ph electrodes (rej);0.692;0;sem match válido;Qwen3.5-4B-QLoRA
ID_1602277501575415;8;electrodes for ph;oxide ph electrodes;0.915;2;match válido;Qwen3.5-4B-QLoRA
ID_1602277501575415;9;electrolyte composition;oxide ph electrodes (rej);0.594;0;sem match válido;Qwen3.5-4B-QLoRA
ID_1602277501575415;10;electrolyte;oxide ph electrodes (rej);0.624;0;sem match válido;Qwen3.5-4B-QLoRA
ID_1602277501575415;11;electrolytic cell;oxide ph electrodes (rej);0.524;0;sem match válido;Qwen3.5-4B-QLoRA
ID_1602277501575415;12;electrolytic cell voltage;oxide ph electrodes (rej);0.554;0;sem match válido;Qwen3.5-4B-QLoRA
ID_1602277501575415;13;electrolytic cell voltages;oxide ph electrodes (rej);0.564;0;sem match válido;Qwen3.5-4B-QLoRA
ID_1602277501575415;14;electrolytic voltages;oxide ph electrodes (rej);0.616;0;sem match válido;Qwen3.5-4B-QLoRA
ID_1602277501575415;15;electrolysis;oxide ph electrodes (rej);0.580;0;sem match válido;Qwen3.5-4B-QLoRA
ID_1602277501575415;16;electrolysis of aqueous;oxide ph electrodes (rej);0.535;0;sem match válido;Qwen3.5-4B-QLoRA
ID_1602277501575415;17;electrolysis voltages;oxide ph electrodes (rej);0.624;0;sem match válido;Qwen3.5-4B-QLoRA
ID_1602277501575415;18;;;;;;Qwen3.5-4B-QLoRA
ID_1602277501575415;19;;;;;;Qwen3.5-4B-QLoRA
ID_1602277501575415;20;;;;;;Qwen3.5-4B-QLoRA
ID_1612969183171944;1;digestible lysine requirement;digestive and metabolic (rej);0.709;0;sem match válido;Qwen3.5-4B-QLoRA
ID_1612969183171944;2;egg production;silagem de grãos (rej);0.421;0;sem match válido;Qwen3.5-4B-QLoRA
ID_1612969183171944;3;egg weight;nutrition (rej);0.481;0;sem match válido;Qwen3.5-4B-QLoRA
ID_1612969183171944;4;egg weight and specific;nutrition (rej);0.468;0;sem match válido;Qwen3.5-4B-QLoRA
ID_1612969183171944;5;exogenous enzymes;metabolism (rej);0.535;0;sem match válido;Qwen3.5-4B-QLoRA
ID_1612969183171944;6;feed intake;feeding;0.844;1;match válido;Qwen3.5-4B-QLoRA
ID_1612969183171944;7;feed intake and growth;nutrient requirements;0.763;3;match válido;Qwen3.5-4B-QLoRA
ID_1612969183171944;8;feed intake and weight;nutrition;0.845;3;match válido;Qwen3.5-4B-QLoRA
ID_1612969183171944;9;feed intake reduction;restricted feeding;0.762;1;match válido;Qwen3.5-4B-QLoRA
ID_1612969183171944;10;feed intake reductions;restricted feeding (rej);0.760;0;sem match válido;Qwen3.5-4B-QLoRA
ID_1612969183171944;11;feed intake values;nutrition (rej);0.744;0;sem match válido;Qwen3.5-4B-QLoRA
ID_1612969183171944;12;feed conversion;feeding (rej);0.628;0;sem match válido;Qwen3.5-4B-QLoRA
ID_1612969183171944;13;feed efficiency;nutrition (rej);0.656;0;sem match válido;Qwen3.5-4B-QLoRA
ID_1612969183171944;14;growth performance;techniques in growing-finishing (rej);0.495;0;sem match válido;Qwen3.5-4B-QLoRA
ID_1612969183171944;15;lysine;metabolism (rej);0.323;0;sem match válido;Qwen3.5-4B-QLoRA
ID_1612969183171944;16;lysine requirement;nutrient requirements (rej);0.380;0;sem match válido;Qwen3.5-4B-QLoRA
ID_1612969183171944;17;metabolic energy;metabolism;0.860;3;match válido;Qwen3.5-4B-QLoRA
ID_1612969183171944;18;metabolic energy reduction;metabolism (rej);0.784;0;sem match válido;Qwen3.5-4B-QLoRA
ID_1612969183171944;19;metabolizable energy;metabolism (rej);0.735;0;sem match válido;Qwen3.5-4B-QLoRA
ID_1612969183171944;20;methionine;metabolism (rej);0.393;0;sem match válido;Qwen3.5-4B-QLoRA
ID_1661480072159875;1;curvature integral estimates;constant mean curvature;0.754;3;match válido;Qwen3.5-4B-QLoRA
ID_1661480072159875;2;curvature linearized operator;mean curvature (rej);0.760;0;sem match válido;Qwen3.5-4B-QLoRA
ID_1661480072159875;3;curvature operator;mean curvature (rej);0.837;0;sem match válido;Qwen3.5-4B-QLoRA
ID_1661480072159875;4;curvature linearized;mean curvature;0.850;3;match válido;Qwen3.5-4B-QLoRA
ID_1661480072159875;5;curvature operator l_r;r-mean curvature;0.876;3;match válido;Qwen3.5-4B-QLoRA
ID_1661480072159875;6;constant scalar curvature;constant scalar curvature;1.000;3;match válido;Qwen3.5-4B-QLoRA
ID_1661480072159875;7;curvature integral;mean curvature (rej);0.826;0;sem match válido;Qwen3.5-4B-QLoRA
ID_1661480072159875;8;curvature linearized operator of;mean curvature (rej);0.744;0;sem match válido;Qwen3.5-4B-QLoRA
ID_1661480072159875;9;curvature linearized operator of a;mean curvature (rej);0.729;0;sem match válido;Qwen3.5-4B-QLoRA
ID_1661480072159875;10;curvature linearized operator of an;mean curvature (rej);0.725;0;sem match válido;Qwen3.5-4B-QLoRA
ID_1661480072159875;11;curvature linearized operator of hypersurfaces;stable hypersurfaces (rej);0.735;0;sem match válido;Qwen3.5-4B-QLoRA
ID_1661480072159875;12;;;;;;Qwen3.5-4B-QLoRA
ID_1661480072159875;13;;;;;;Qwen3.5-4B-QLoRA
ID_1661480072159875;14;;;;;;Qwen3.5-4B-QLoRA
ID_1661480072159875;15;;;;;;Qwen3.5-4B-QLoRA
ID_1661480072159875;16;;;;;;Qwen3.5-4B-QLoRA
ID_1661480072159875;17;;;;;;Qwen3.5-4B-QLoRA
ID_1661480072159875;18;;;;;;Qwen3.5-4B-QLoRA
ID_1661480072159875;19;;;;;;Qwen3.5-4B-QLoRA
ID_1661480072159875;20;;;;;;Qwen3.5-4B-QLoRA
ID_1686212165863890;1;carcass characteristics;bovinos de corte (rej);0.548;0;sem match válido;Qwen3.5-4B-QLoRA
ID_1686212165863890;2;carcass yield;recria de bovinos (rej);0.568;0;sem match válido;Qwen3.5-4B-QLoRA
ID_1686212165863890;3;carcass yield percentage;suplementação de bovinos (rej);0.511;0;sem match válido;Qwen3.5-4B-QLoRA
ID_1686212165863890;4;degradabilidade in situ;mineral (rej);0.450;0;sem match válido;Qwen3.5-4B-QLoRA
ID_1686212165863890;5;digestibility;apparent digestibility;0.955;2;match válido;Qwen3.5-4B-QLoRA
ID_1686212165863890;6;dry matter;neutral detergent fiber (rej);0.435;0;sem match válido;Qwen3.5-4B-QLoRA
ID_1686212165863890;7;dry matter intake;intake (rej);0.637;0;sem match válido;Qwen3.5-4B-QLoRA
ID_1686212165863890;8;feed efficiency;consumo e digestibilidade (rej);0.619;0;sem match válido;Qwen3.5-4B-QLoRA
ID_1686212165863890;9;high-energy cottonseed meal;energy cottonseed meal;0.961;2;match válido;Qwen3.5-4B-QLoRA
ID_1686212165863890;10;intake;intake;1.000;1;match válido;Qwen3.5-4B-QLoRA
ID_1686212165863890;11;intake and digestibility;consumo e digestibilidade;0.908;3;match válido;Qwen3.5-4B-QLoRA
ID_1686212165863890;12;nitrogen use efficiency;productive performance (rej);0.466;0;sem match válido;Qwen3.5-4B-QLoRA
ID_1686212165863890;13;nutrient digestibility;apparent digestibility (rej);0.826;0;sem match válido;Qwen3.5-4B-QLoRA
ID_1686212165863890;14;ruminal ammonia;suplementos múltiplos (rej);0.397;0;sem match válido;Qwen3.5-4B-QLoRA
ID_1686212165863890;15;ruminal degradation;apparent digestibility (rej);0.409;0;sem match válido;Qwen3.5-4B-QLoRA
ID_1686212165863890;16;ruminal degradation kinetics;apparent digestibility (rej);0.337;0;sem match válido;Qwen3.5-4B-QLoRA
ID_1686212165863890;17;ruminal degradation rate;apparent digestibility (rej);0.395;0;sem match válido;Qwen3.5-4B-QLoRA
ID_1686212165863890;18;ruminal degradation rates;intake (rej);0.362;0;sem match válido;Qwen3.5-4B-QLoRA
ID_1686212165863890;19;ruminal degradation time;terminação de novilhos (rej);0.443;0;sem match válido;Qwen3.5-4B-QLoRA
ID_1686212165863890;20;ruminal degradation times;terminação de novilhos (rej);0.440;0;sem match válido;Qwen3.5-4B-QLoRA
ID_1708237858198821;1;antagonistic effect;biological control (rej);0.413;0;sem match válido;Qwen3.5-4B-QLoRA
ID_1708237858198821;2;antagonistic fungi;antagonist fungi;0.984;2;match válido;Qwen3.5-4B-QLoRA
ID_1708237858198821;3;antagonistic isolates;isolados de dicyma (rej);0.588;0;sem match válido;Qwen3.5-4B-QLoRA
ID_1708237858198821;4;biocontrol;biological control (rej);0.727;0;sem match válido;Qwen3.5-4B-QLoRA
ID_1708237858198821;5;dicyma pulvinata;pulvinata em estromas;0.806;2;match válido;Qwen3.5-4B-QLoRA
ID_1708237858198821;6;dicyma pulvinata isolates;isolados de dicyma (rej);0.783;0;sem match válido;Qwen3.5-4B-QLoRA
ID_1708237858198821;7;dicyma pulvinata strain;isolados de dicyma (rej);0.800;0;sem match válido;Qwen3.5-4B-QLoRA
ID_1708237858198821;8;dicyma pulvinata strains;isolados de dicyma (rej);0.780;0;sem match válido;Qwen3.5-4B-QLoRA
ID_1708237858198821;9;dicyma pulvinata’s antagonism;isolados de dicyma (rej);0.740;0;sem match válido;Qwen3.5-4B-QLoRA
ID_1708237858198821;10;dicyma pulvinata’s antagonistic effect;isolados de dicyma (rej);0.682;0;sem match válido;Qwen3.5-4B-QLoRA
ID_1708237858198821;11;dicyma pulvinata’s antagonistic isolates;isolados de dicyma;0.827;3;match válido;Qwen3.5-4B-QLoRA
ID_1708237858198821;12;dicyma pulvinata’s antagonistic properties;isolados de dicyma (rej);0.663;0;sem match válido;Qwen3.5-4B-QLoRA
ID_1708237858198821;13;dicyma pulvinata’s isolation;isolados de dicyma (rej);0.784;0;sem match válido;Qwen3.5-4B-QLoRA
ID_1708237858198821;14;dicyma pulvinata’s isolation and identification;isolados de dicyma (rej);0.706;0;sem match válido;Qwen3.5-4B-QLoRA
ID_1708237858198821;15;dicyma pulvinata’s isolation and characterization;isolados de dicyma (rej);0.719;0;sem match válido;Qwen3.5-4B-QLoRA
ID_1708237858198821;16;;;;;;Qwen3.5-4B-QLoRA
ID_1708237858198821;17;;;;;;Qwen3.5-4B-QLoRA
ID_1708237858198821;18;;;;;;Qwen3.5-4B-QLoRA
ID_1708237858198821;19;;;;;;Qwen3.5-4B-QLoRA
ID_1708237858198821;20;;;;;;Qwen3.5-4B-QLoRA
ID_1717412318563908;1;anti-inflammatory activity;anti-inflammatory activities;0.963;2;match válido;Qwen3.5-4B-QLoRA
ID_1717412318563908;2;anti-inflammatory drugs;survey of anti-inflammatory;0.876;2;match válido;Qwen3.5-4B-QLoRA
ID_1717412318563908;3;biological activity;phytochemical study (rej);0.666;0;sem match válido;Qwen3.5-4B-QLoRA
ID_1717412318563908;4;cardiovascular effects;cardiovascular activity;0.818;3;match válido;Qwen3.5-4B-QLoRA
ID_1717412318563908;5;essential oils;essential oils;1.000;2;match válido;Qwen3.5-4B-QLoRA
ID_1717412318563908;6;essential oils analysis;essential oil;0.927;2;match válido;Qwen3.5-4B-QLoRA
ID_1717412318563908;7;mesoionic compounds;mesoionic compounds;1.000;3;match válido;Qwen3.5-4B-QLoRA
ID_1717412318563908;8;mesoionic derivatives;mesoionic compounds (rej);0.872;0;sem match válido;Qwen3.5-4B-QLoRA
ID_1717412318563908;9;mesoionic solutions;mesoionic compounds (rej);0.694;0;sem match válido;Qwen3.5-4B-QLoRA
ID_1717412318563908;10;"mesoionic 2-(4-chlorophenyl)-3-methyl-4-(4-methoxyphenyl)-3-methyl-4-(4-methoxyphenyo)-1;3-thizaolim-5-thyolate";mesoionic compounds (rej);0.735;0;sem match válido;Qwen3.5-4B-QLoRA
ID_1717412318563908;11;mesoionic solutions studied;mesoionic compounds (rej);0.682;0;sem match válido;Qwen3.5-4B-QLoRA
ID_1717412318563908;12;mesoionic solutions studied with;mesoionic compounds (rej);0.655;0;sem match válido;Qwen3.5-4B-QLoRA
ID_1717412318563908;13;nitric oxide;zinc (rej);0.490;0;sem match válido;Qwen3.5-4B-QLoRA
ID_1717412318563908;14;organic nitrate;natural products (rej);0.544;0;sem match válido;Qwen3.5-4B-QLoRA
ID_1717412318563908;15;organic nitrates;natural products (rej);0.542;0;sem match válido;Qwen3.5-4B-QLoRA
ID_1717412318563908;16;pharmacological activity;utilização de compostos (rej);0.616;0;sem match válido;Qwen3.5-4B-QLoRA
ID_1717412318563908;17;pharmacological effects;anti-inflammatory activities (rej);0.560;0;sem match válido;Qwen3.5-4B-QLoRA
ID_1717412318563908;18;pharmacology;survey of anti-inflammatory (rej);0.580;0;sem match válido;Qwen3.5-4B-QLoRA
ID_1717412318563908;19;pharmacology and toxicology;utilização de compostos (rej);0.586;0;sem match válido;Qwen3.5-4B-QLoRA
ID_1717412318563908;20;;;;;;Qwen3.5-4B-QLoRA
ID_1741102469161036;1;cell migration;migration (rej);0.669;0;sem match válido;Qwen3.5-4B-QLoRA
ID_1741102469161036;2;connective tissue growth factor;fibroblast growth factor (rej);0.683;0;sem match válido;Qwen3.5-4B-QLoRA
ID_1741102469161036;3;ctgf;ccn2/ctgf (rej);0.854;0;sem match válido;Qwen3.5-4B-QLoRA
ID_1741102469161036;4;ctgf/ccn2;ccn2/ctgf;0.964;3;match válido;Qwen3.5-4B-QLoRA
ID_1741102469161036;5;ctgf-mediated cell aggregation;ccn2/ctgf (rej);0.566;0;sem match válido;Qwen3.5-4B-QLoRA
ID_1741102469161036;6;embryonic carcinoma;embryonal carcinoma p19 (rej);0.833;0;sem match válido;Qwen3.5-4B-QLoRA
ID_1741102469161036;7;embryonic carcinoma p19;embryonal carcinoma p19;0.997;3;match válido;Qwen3.5-4B-QLoRA
ID_1741102469161036;8;embryonic development;developing vertebrate (rej);0.574;0;sem match válido;Qwen3.5-4B-QLoRA
ID_1741102469161036;9;embryonic head;impaired correct head (rej);0.531;0;sem match válido;Qwen3.5-4B-QLoRA
ID_1741102469161036;10;embryonic neural crest;facial neural crest (rej);0.693;0;sem match válido;Qwen3.5-4B-QLoRA
ID_1741102469161036;11;ectoderm;modulates cell–ecm interactions (rej);0.513;0;sem match válido;Qwen3.5-4B-QLoRA
ID_1741102469161036;12;enteric glia;microcephaly (rej);0.469;0;sem match válido;Qwen3.5-4B-QLoRA
ID_1741102469161036;13;facial neural crest;facial neural crest;1.000;3;match válido;Qwen3.5-4B-QLoRA
ID_1741102469161036;14;head development;head organizer (rej);0.620;0;sem match válido;Qwen3.5-4B-QLoRA
ID_1741102469161036;15;matricellular signaling modulators;matricellular-secreted protein involved (rej);0.655;0;sem match válido;Qwen3.5-4B-QLoRA
ID_1741102469161036;16;mesenchymal stem cells;microcephaly (rej);0.404;0;sem match válido;Qwen3.5-4B-QLoRA
ID_1741102469161036;17;neural crest;neural crest controls;0.852;2;match válido;Qwen3.5-4B-QLoRA
ID_1741102469161036;18;neural crest cells;facial neural crest (rej);0.807;0;sem match válido;Qwen3.5-4B-QLoRA
ID_1741102469161036;19;osteochondral allografts;midbrain pattering (rej);0.339;0;sem match válido;Qwen3.5-4B-QLoRA
ID_1741102469161036;20;osteochondral defects;disrupts prechordal plate (rej);0.361;0;sem match válido;Qwen3.5-4B-QLoRA
ID_1827829018668226;1;aspect-oriented software;aspect-oriented software;1.000;3;match válido;Qwen3.5-4B-QLoRA
ID_1827829018668226;2;aspect-oriented software development;software development;0.810;3;match válido;Qwen3.5-4B-QLoRA
ID_1827829018668226;3;aspectual connectors;aspect-oriented software (rej);0.601;0;sem match válido;Qwen3.5-4B-QLoRA
ID_1827829018668226;4;aspectual decompositions;model composition (rej);0.518;0;sem match válido;Qwen3.5-4B-QLoRA
ID_1827829018668226;5;aspectual decompositions on architecture;aspect-oriented software (rej);0.550;0;sem match válido;Qwen3.5-4B-QLoRA
ID_1827829018668226;6;aspectual decomposition;model composition (rej);0.515;0;sem match válido;Qwen3.5-4B-QLoRA
ID_1827829018668226;7;architecture stability;stability assessment (rej);0.737;0;sem match válido;Qwen3.5-4B-QLoRA
ID_1827829018668226;8;crosscutting interfaces;crosscutting interfaces;1.000;3;match válido;Qwen3.5-4B-QLoRA
ID_1827829018668226;9;dynamic reconfiguration;model composition (rej);0.386;0;sem match válido;Qwen3.5-4B-QLoRA
ID_1827829018668226;10;heterogeneous aspects;heterogeneous aspects;1.000;3;match válido;Qwen3.5-4B-QLoRA
ID_1827829018668226;11;heterogeneous architectural aspects;heterogeneous aspects (rej);0.693;0;sem match válido;Qwen3.5-4B-QLoRA
ID_1827829018668226;12;interplay of aspects;heterogeneous aspects (rej);0.662;0;sem match válido;Qwen3.5-4B-QLoRA
ID_1827829018668226;13;interplay of aspects and architectural;design (rej);0.584;0;sem match válido;Qwen3.5-4B-QLoRA
ID_1827829018668226;14;multi-agent software architecture;multi-agent system;0.797;2;match válido;Qwen3.5-4B-QLoRA
ID_1827829018668226;15;multi-agent systems;multi-agent systems;1.000;2;match válido;Qwen3.5-4B-QLoRA
ID_1827829018668226;16;modular representation;modularity assessment (rej);0.758;0;sem match válido;Qwen3.5-4B-QLoRA
ID_1827829018668226;17;modularity assessment;modularity assessment;1.000;3;match válido;Qwen3.5-4B-QLoRA
ID_1827829018668226;18;modularity units;modularity assessment (rej);0.852;0;sem match válido;Qwen3.5-4B-QLoRA
ID_1827829018668226;19;software architecture;software architecture;1.000;3;match válido;Qwen3.5-4B-QLoRA
ID_1827829018668226;20;software architecture design;software design;0.906;3;match válido;Qwen3.5-4B-QLoRA
ID_1836274062343953;1;combustion;quenched flame;0.795;3;match válido;Qwen3.5-4B-QLoRA
ID_1836274062343953;2;combustion flows;unsteady turbulent combustion;0.795;3;match válido;Qwen3.5-4B-QLoRA
ID_1836274062343953;3;combustion modelling;combustion modelling;1.000;3;match válido;Qwen3.5-4B-QLoRA
ID_1836274062343953;4;finite volume method;finite volume method;1.000;3;match válido;Qwen3.5-4B-QLoRA
ID_1836274062343953;5;finite volume methods;finite volume technique;0.888;3;match válido;Qwen3.5-4B-QLoRA
ID_1836274062343953;6;finite volume simulations;finite volume technique (rej);0.852;0;sem match válido;Qwen3.5-4B-QLoRA
ID_1836274062343953;7;finite volumes;finite volume technique (rej);0.847;0;sem match válido;Qwen3.5-4B-QLoRA
ID_1836274062343953;8;large eddy simulation;combustion modelling (rej);0.465;0;sem match válido;Qwen3.5-4B-QLoRA
ID_1836274062343953;9;numerical simulation;combustion modelling (rej);0.556;0;sem match válido;Qwen3.5-4B-QLoRA
ID_1836274062343953;10;numerical simulations;combustion modelling (rej);0.560;0;sem match válido;Qwen3.5-4B-QLoRA
ID_1836274062343953;11;pseudo-compressibility approach;pseudo-compressibility approach based;0.990;3;match válido;Qwen3.5-4B-QLoRA
ID_1836274062343953;12;pseudo-compressibility method;pseudo-compressibility method;1.000;3;match válido;Qwen3.5-4B-QLoRA
ID_1836274062343953;13;pseudo-compressibility preconditioning;pseudo-compressibility method (rej);0.899;0;sem match válido;Qwen3.5-4B-QLoRA
ID_1836274062343953;14;pseudo-compressibility scheme;artificial compressibility formulation;0.807;3;match válido;Qwen3.5-4B-QLoRA
ID_1836274062343953;15;pseudo-compressibility time-accurate approach;time-accurate pseudo-compressibility approach;0.992;3;match válido;Qwen3.5-4B-QLoRA
ID_1836274062343953;16;reacting flow;turbulent reactive flows (rej);0.753;0;sem match válido;Qwen3.5-4B-QLoRA
ID_1836274062343953;17;reacting flows;turbulent reactive flows (rej);0.802;0;sem match válido;Qwen3.5-4B-QLoRA
ID_1836274062343953;18;reactive flows;turbulent reactive flows;0.884;3;match válido;Qwen3.5-4B-QLoRA
ID_1836274062343953;19;reactive turbulent premixed;unsteady turbulent reactive;0.926;2;match válido;Qwen3.5-4B-QLoRA
ID_1836274062343953;20;reacting flow modelling;turbulent reactive flows (rej);0.738;0;sem match válido;Qwen3.5-4B-QLoRA
ID_1885766127325722;1;biological nitrogen fixation;inoculated with nitrogen-fixing;0.848;1;match válido;Qwen3.5-4B-QLoRA
ID_1885766127325722;2;bacterial growth;quantification of aspergillus (rej);0.502;0;sem match válido;Qwen3.5-4B-QLoRA
ID_1885766127325722;3;bacterial growth promotion;plants with acetobacter (rej);0.466;0;sem match válido;Qwen3.5-4B-QLoRA
ID_1885766127325722;4;biological nitrogen;nitrogenase activity;0.855;1;match válido;Qwen3.5-4B-QLoRA
ID_1885766127325722;5;brazilian soil microbiota;plantas micropropagadas (rej);0.566;0;sem match válido;Qwen3.5-4B-QLoRA
ID_1885766127325722;6;brazilian soil microbiota yeasts;plantas micropropagadas (rej);0.583;0;sem match válido;Qwen3.5-4B-QLoRA
ID_1885766127325722;7;brazilian soil yeasts;plants with acetobacter (rej);0.585;0;sem match válido;Qwen3.5-4B-QLoRA
ID_1885766127325722;8;cassava;oriza (rej);0.573;0;sem match válido;Qwen3.5-4B-QLoRA
ID_1885766127325722;9;cassava starch;sugarcane bagasse fibers (rej);0.504;0;sem match válido;Qwen3.5-4B-QLoRA
ID_1885766127325722;10;cassava starch films;sugarcane bagasse fibers (rej);0.404;0;sem match válido;Qwen3.5-4B-QLoRA
ID_1885766127325722;11;cassava starch-based films;sugarcane bagasse fibers (rej);0.441;0;sem match válido;Qwen3.5-4B-QLoRA
ID_1885766127325722;12;cassava starch-based films biodegradation;inoculate micropropagated sugarcane (rej);0.473;0;sem match válido;Qwen3.5-4B-QLoRA
ID_1885766127325722;13;cassava starch-based films degradation;photo- and bio-degradation (rej);0.450;0;sem match válido;Qwen3.5-4B-QLoRA
ID_1885766127325722;14;cassava starch-based films degradation kinetics;photo- and bio-degradation (rej);0.410;0;sem match válido;Qwen3.5-4B-QLoRA
ID_1885766127325722;15;cassava starch-based films hydrolysis;inoculate micropropagated sugarcane (rej);0.481;0;sem match válido;Qwen3.5-4B-QLoRA
ID_1885766127325722;16;cassava starch-based films hydrolysis kinetics;inoculate micropropagated sugarcane (rej);0.442;0;sem match válido;Qwen3.5-4B-QLoRA
ID_1885766127325722;17;cassava starch-based films hydrolysis rate;inoculate micropropagated sugarcane (rej);0.436;0;sem match válido;Qwen3.5-4B-QLoRA
ID_1885766127325722;18;cassava starch-based films hydrolysis rates;inoculate micropropagated sugarcane (rej);0.432;0;sem match válido;Qwen3.5-4B-QLoRA
ID_1885766127325722;19;cassava starch-based films photo-degradation;photo- and bio-degradation (rej);0.564;0;sem match válido;Qwen3.5-4B-QLoRA
ID_1885766127325722;20;cassava starch-based films photo-degradation kinetics;photo- and bio-degradation (rej);0.544;0;sem match válido;Qwen3.5-4B-QLoRA
ID_1966638146185479;1;carbon nanotubes;carbon nanotubes;1.000;3;match válido;Qwen3.5-4B-QLoRA
ID_1966638146185479;2;double resonance raman;double resonance raman;1.000;2;match válido;Qwen3.5-4B-QLoRA
ID_1966638146185479;3;raman scattering;raman scattering;1.000;3;match válido;Qwen3.5-4B-QLoRA
ID_1966638146185479;4;raman scattering study;raman scattering (rej);0.928;0;sem match válido;Qwen3.5-4B-QLoRA
ID_1966638146185479;5;raman spectroscopy;raman spectroscopy;1.000;3;match válido;Qwen3.5-4B-QLoRA
ID_1966638146185479;6;raman spectra;raman spectra;1.000;3;match válido;Qwen3.5-4B-QLoRA
ID_1966638146185479;7;resonance raman scattering;resonance raman scattering;1.000;3;match válido;Qwen3.5-4B-QLoRA
ID_1966638146185479;8;resonance raman spectroscopy;resonance raman spectroscopy;1.000;3;match válido;Qwen3.5-4B-QLoRA
ID_1966638146185479;9;single wall carbon nanotubes;single-wall carbon nanotubes;0.992;3;match válido;Qwen3.5-4B-QLoRA
ID_1966638146185479;10;single-walled carbon nanotubes;single-walled carbon nanotubes;1.000;3;match válido;Qwen3.5-4B-QLoRA
ID_1966638146185479;11;surface enhanced raman;raman spectroscopy (rej);0.632;0;sem match válido;Qwen3.5-4B-QLoRA
ID_1966638146185479;12;surface enhanced raman scattering;raman scattering (rej);0.836;0;sem match válido;Qwen3.5-4B-QLoRA
ID_1966638146185479;13;surface enhanced raman scattering (sers);raman scattering (rej);0.805;0;sem match válido;Qwen3.5-4B-QLoRA
ID_1966638146185479;14;surface enhanced raman scattering (sers) effect;raman scattering (rej);0.782;0;sem match válido;Qwen3.5-4B-QLoRA
ID_1966638146185479;15;surface enhanced raman scattering effect;raman scattering (rej);0.807;0;sem match válido;Qwen3.5-4B-QLoRA
ID_1966638146185479;16;surface enhanced raman scattering (sers) enhancement factor;raman scattering (rej);0.708;0;sem match válido;Qwen3.5-4B-QLoRA
ID_1966638146185479;17;surface enhanced raman scattering (sers) enhancement factors;raman scattering (rej);0.714;0;sem match válido;Qwen3.5-4B-QLoRA
ID_1966638146185479;18;;;;;;Qwen3.5-4B-QLoRA
ID_1966638146185479;19;;;;;;Qwen3.5-4B-QLoRA
ID_1966638146185479;20;;;;;;Qwen3.5-4B-QLoRA
ID_1994317879078816;1;aquifer;constructed aquifer analog;0.813;1;match válido;Qwen3.5-4B-QLoRA
ID_1994317879078816;2;bacia do paraná;bacia;0.878;1;match válido;Qwen3.5-4B-QLoRA
ID_1994317879078816;3;brazil;paraná basin (rej);0.534;0;sem match válido;Qwen3.5-4B-QLoRA
ID_1994317879078816;4;brazilian caves;subterrânea da gruta (rej);0.720;0;sem match válido;Qwen3.5-4B-QLoRA
ID_1994317879078816;5;caves;subterrânea da gruta (rej);0.858;0;sem match válido;Qwen3.5-4B-QLoRA
ID_1994317879078816;6;cave;subterrânea da gruta (rej);0.883;0;sem match válido;Qwen3.5-4B-QLoRA
ID_1994317879078816;7;cave temperature;subterrânea da gruta (rej);0.673;0;sem match válido;Qwen3.5-4B-QLoRA
ID_1994317879078816;8;cave tourism;subterrânea da gruta (rej);0.652;0;sem match válido;Qwen3.5-4B-QLoRA
ID_1994317879078816;9;cavemetry;subterrânea da gruta (rej);0.722;0;sem match válido;Qwen3.5-4B-QLoRA
ID_1994317879078816;10;caverna;subterrânea da gruta (rej);0.858;0;sem match válido;Qwen3.5-4B-QLoRA
ID_1994317879078816;11;cavernas do petar;subterrânea da gruta;0.894;1;match válido;Qwen3.5-4B-QLoRA
ID_1994317879078816;12;carrying capacity;depósitos de carvão (rej);0.323;0;sem match válido;Qwen3.5-4B-QLoRA
ID_1994317879078816;13;climate;zoneamento ambiental microclimático (rej);0.585;0;sem match válido;Qwen3.5-4B-QLoRA
ID_1994317879078816;14;climate change;zoneamento ambiental microclimático (rej);0.507;0;sem match válido;Qwen3.5-4B-QLoRA
ID_1994317879078816;15;cave tourism management;subterrânea da gruta (rej);0.546;0;sem match válido;Qwen3.5-4B-QLoRA
ID_1994317879078816;16;cavemetry system;subterrânea da gruta (rej);0.698;0;sem match válido;Qwen3.5-4B-QLoRA
ID_1994317879078816;17;cavemetry systems;subterrânea da gruta (rej);0.685;0;sem match válido;Qwen3.5-4B-QLoRA
ID_1994317879078816;18;;;;;;Qwen3.5-4B-QLoRA
ID_1994317879078816;19;;;;;;Qwen3.5-4B-QLoRA
ID_1994317879078816;20;;;;;;Qwen3.5-4B-QLoRA
ID_2002515486942024;1;interval graph;graph;0.831;3;match válido;Qwen3.5-4B-QLoRA
ID_2002515486942024;2;interval graphs;interval graphs;1.000;3;match válido;Qwen3.5-4B-QLoRA
ID_2002515486942024;3;interval orders;interval count (rej);0.735;0;sem match válido;Qwen3.5-4B-QLoRA
ID_2002515486942024;4;maximal cliques;maximal cliques;1.000;3;match válido;Qwen3.5-4B-QLoRA
ID_2002515486942024;5;maximal cliques enumeration;maximal cliques (rej);0.877;0;sem match válido;Qwen3.5-4B-QLoRA
ID_2002515486942024;6;maximal cliques problem;maximal cliques (rej);0.938;0;sem match válido;Qwen3.5-4B-QLoRA
ID_2002515486942024;7;modular decomposition;computational complexity (rej);0.391;0;sem match válido;Qwen3.5-4B-QLoRA
ID_2002515486942024;8;ordered sets;intersecting sets (rej);0.551;0;sem match válido;Qwen3.5-4B-QLoRA
ID_2002515486942024;9;parallel algorithms;linear time algorithms (rej);0.518;0;sem match válido;Qwen3.5-4B-QLoRA
ID_2002515486942024;10;parallel transitive closure;transitive orientations (rej);0.609;0;sem match válido;Qwen3.5-4B-QLoRA
ID_2002515486942024;11;permutation graphs;graph (rej);0.703;0;sem match válido;Qwen3.5-4B-QLoRA
ID_2002515486942024;12;reducible permutation graphs;comparability graphs (rej);0.711;0;sem match válido;Qwen3.5-4B-QLoRA
ID_2002515486942024;13;reducible permutation graphs algorithm;comparability graphs (rej);0.667;0;sem match válido;Qwen3.5-4B-QLoRA
ID_2002515486942024;14;transitive orientations;transitive orientations;1.000;3;match válido;Qwen3.5-4B-QLoRA
ID_2002515486942024;15;transitive orientations with prescribed;transitive orientations (rej);0.917;0;sem match válido;Qwen3.5-4B-QLoRA
ID_2002515486942024;16;transitive orientations with maximum;transitive orientations (rej);0.847;0;sem match válido;Qwen3.5-4B-QLoRA
ID_2002515486942024;17;transitive orientations with maximum sets;transitive orientations (rej);0.779;0;sem match válido;Qwen3.5-4B-QLoRA
ID_2002515486942024;18;transitive orientatons;transitive orientations (rej);0.934;0;sem match válido;Qwen3.5-4B-QLoRA
ID_2002515486942024;19;unrestricted depth search;np-complete (rej);0.305;0;sem match válido;Qwen3.5-4B-QLoRA
ID_2002515486942024;20;clique-complete graphs;clique graphs;0.932;3;match válido;Qwen3.5-4B-QLoRA
ID_2044247985726091;1;carcass composition;meat quality (rej);0.535;0;sem match válido;Qwen3.5-4B-QLoRA
ID_2044247985726091;2;feed conversion ratio;residual feed intake (rej);0.638;0;sem match válido;Qwen3.5-4B-QLoRA
ID_2044247985726091;3;feed efficiency;residual feed intake (rej);0.711;0;sem match válido;Qwen3.5-4B-QLoRA
ID_2044247985726091;4;feed efficiency traits;residual feed intake (rej);0.628;0;sem match válido;Qwen3.5-4B-QLoRA
ID_2044247985726091;5;feedlot;residual feed intake (rej);0.582;0;sem match válido;Qwen3.5-4B-QLoRA
ID_2044247985726091;6;feedlot steers;vacas leiteiras;0.797;3;match válido;Qwen3.5-4B-QLoRA
ID_2044247985726091;7;fatty acids profile;fatty acid profile (rej);0.986;0;sem match válido;Qwen3.5-4B-QLoRA
ID_2044247985726091;8;fatty acid profile;fatty acid profile;1.000;1;match válido;Qwen3.5-4B-QLoRA
ID_2044247985726091;9;fatty acids;fatty acid profile (rej);0.944;0;sem match válido;Qwen3.5-4B-QLoRA
ID_2044247985726091;10;growth;período de lactação (rej);0.334;0;sem match válido;Qwen3.5-4B-QLoRA
ID_2044247985726091;11;growth and feed;nutrition (rej);0.601;0;sem match válido;Qwen3.5-4B-QLoRA
ID_2044247985726091;12;growth and feed conversion;residual feed intake (rej);0.606;0;sem match válido;Qwen3.5-4B-QLoRA
ID_2044247985726091;13;growth and feed conversion ratio;residual feed intake (rej);0.615;0;sem match válido;Qwen3.5-4B-QLoRA
ID_2044247985726091;14;growth and feed efficiency;residual feed intake (rej);0.616;0;sem match válido;Qwen3.5-4B-QLoRA
ID_2044247985726091;15;growth and feed efficiency traits;nutrition (rej);0.570;0;sem match válido;Qwen3.5-4B-QLoRA
ID_2044247985726091;16;growth and residual;residual feed intake (rej);0.367;0;sem match válido;Qwen3.5-4B-QLoRA
ID_2044247985726091;17;growth and residual feed;residual feed intake (rej);0.735;0;sem match válido;Qwen3.5-4B-QLoRA
ID_2044247985726091;18;growth and residual feed intake;residual feed intake;0.858;3;match válido;Qwen3.5-4B-QLoRA
ID_2044247985726091;19;growth and residual feed intake traits;residual feed intake (rej);0.793;0;sem match válido;Qwen3.5-4B-QLoRA
ID_2044247985726091;20;growth traits;período de lactação (rej);0.297;0;sem match válido;Qwen3.5-4B-QLoRA
ID_2086707959173246;1;autosomal recessive neurodegenerative disorder;recessive neurodegenerative disorder;0.909;2;match válido;Qwen3.5-4B-QLoRA
ID_2086707959173246;2;autosomal recessive neurodegenerative disorders;autosomal recessive neurodegenerative;0.973;2;match válido;Qwen3.5-4B-QLoRA
ID_2086707959173246;3;autosomal recessive neurodegenerative disorders, autosomal recessive neurodegenerative disorders;autosomal recessive neurodegenerative (rej);0.890;0;sem match válido;Qwen3.5-4B-QLoRA
ID_2086707959173246;4;;;;;;Qwen3.5-4B-QLoRA
ID_2086707959173246;5;;;;;;Qwen3.5-4B-QLoRA
ID_2086707959173246;6;;;;;;Qwen3.5-4B-QLoRA
ID_2086707959173246;7;;;;;;Qwen3.5-4B-QLoRA
ID_2086707959173246;8;;;;;;Qwen3.5-4B-QLoRA
ID_2086707959173246;9;;;;;;Qwen3.5-4B-QLoRA
ID_2086707959173246;10;;;;;;Qwen3.5-4B-QLoRA
ID_2086707959173246;11;;;;;;Qwen3.5-4B-QLoRA
ID_2086707959173246;12;;;;;;Qwen3.5-4B-QLoRA
ID_2086707959173246;13;;;;;;Qwen3.5-4B-QLoRA
ID_2086707959173246;14;;;;;;Qwen3.5-4B-QLoRA
ID_2086707959173246;15;;;;;;Qwen3.5-4B-QLoRA
ID_2086707959173246;16;;;;;;Qwen3.5-4B-QLoRA
ID_2086707959173246;17;;;;;;Qwen3.5-4B-QLoRA
ID_2086707959173246;18;;;;;;Qwen3.5-4B-QLoRA
ID_2086707959173246;19;;;;;;Qwen3.5-4B-QLoRA
ID_2086707959173246;20;;;;;;Qwen3.5-4B-QLoRA
ID_2129963760543898;1;atlantic forest;atlantic forest;1.000;3;match válido;Qwen3.5-4B-QLoRA
ID_2129963760543898;2;brazilian atlantic forest;atlantic forest (rej);0.848;0;sem match válido;Qwen3.5-4B-QLoRA
ID_2129963760543898;3;cattleya;espinhaço (rej);0.408;0;sem match válido;Qwen3.5-4B-QLoRA
ID_2129963760543898;4;classification;taxonomy (rej);0.662;0;sem match válido;Qwen3.5-4B-QLoRA
ID_2129963760543898;5;circumscription;espinhaço (rej);0.469;0;sem match válido;Qwen3.5-4B-QLoRA
ID_2129963760543898;6;circumscribing the genera;taxonomy (rej);0.742;0;sem match válido;Qwen3.5-4B-QLoRA
ID_2129963760543898;7;circumscribing the neotropical;atlantic forest (rej);0.536;0;sem match válido;Qwen3.5-4B-QLoRA
ID_2129963760543898;8;endemic species;taxonomy (rej);0.705;0;sem match válido;Qwen3.5-4B-QLoRA
ID_2129963760543898;9;endemic species richness;taxonomy (rej);0.632;0;sem match válido;Qwen3.5-4B-QLoRA
ID_2129963760543898;10;endemic species-rich;phylogenetic relationships (rej);0.640;0;sem match válido;Qwen3.5-4B-QLoRA
ID_2129963760543898;11;filogenia molecular;filogenia;0.778;3;match válido;Qwen3.5-4B-QLoRA
ID_2129963760543898;12;filogenia molecular de eriocaulaceae;bulbophyllum (rej);0.643;0;sem match válido;Qwen3.5-4B-QLoRA
ID_2129963760543898;13;filogenética de eriocaulaceae;família orchidaceae (rej);0.637;0;sem match válido;Qwen3.5-4B-QLoRA
ID_2129963760543898;14;floral morphology;família orchidaceae (rej);0.718;0;sem match válido;Qwen3.5-4B-QLoRA
ID_2129963760543898;15;floral morphologies;família orchidaceae (rej);0.735;0;sem match válido;Qwen3.5-4B-QLoRA
ID_2129963760543898;16;floral traits;família orchidaceae (rej);0.679;0;sem match válido;Qwen3.5-4B-QLoRA
ID_2129963760543898;17;flowering traits;família orchidaceae (rej);0.625;0;sem match válido;Qwen3.5-4B-QLoRA
ID_2129963760543898;18;genetic diversity;genetic diversity;1.000;3;match válido;Qwen3.5-4B-QLoRA
ID_2129963760543898;19;genetic structure;genetic variation;0.802;3;match válido;Qwen3.5-4B-QLoRA
ID_2129963760543898;20;habitat loss;conservation genetics (rej);0.548;0;sem match válido;Qwen3.5-4B-QLoRA
ID_2220699289355930;1;amazonia;amazon basin;0.896;2;match válido;Qwen3.5-4B-QLoRA
ID_2220699289355930;2;brazilian amazon;amazon basin (rej);0.861;0;sem match válido;Qwen3.5-4B-QLoRA
ID_2220699289355930;3;brazilian amazonia;amazon basin (rej);0.772;0;sem match válido;Qwen3.5-4B-QLoRA
ID_2220699289355930;4;brazilian mahogany;tropical soil (rej);0.535;0;sem match válido;Qwen3.5-4B-QLoRA
ID_2220699289355930;5;carbon;soil carbon stock (rej);0.692;0;sem match válido;Qwen3.5-4B-QLoRA
ID_2220699289355930;6;crescimento de mudas;áreas de cultivo (rej);0.712;0;sem match válido;Qwen3.5-4B-QLoRA
ID_2220699289355930;7;development;diferentes sistemas (rej);0.404;0;sem match válido;Qwen3.5-4B-QLoRA
ID_2220699289355930;8;ecosystem services;áreas de cultivo (rej);0.508;0;sem match válido;Qwen3.5-4B-QLoRA
ID_2220699289355930;9;ecosystem services indicators;áreas de cultivo (rej);0.431;0;sem match válido;Qwen3.5-4B-QLoRA
ID_2220699289355930;10;forest conversion;forest conversion;1.000;2;match válido;Qwen3.5-4B-QLoRA
ID_2220699289355930;11;growth;áreas de cultivo (rej);0.420;0;sem match válido;Qwen3.5-4B-QLoRA
ID_2220699289355930;12;invasion processes;diferentes sistemas (rej);0.315;0;sem match válido;Qwen3.5-4B-QLoRA
ID_2220699289355930;13;invasive species;swietenia macrophylla (rej);0.493;0;sem match válido;Qwen3.5-4B-QLoRA
ID_2220699289355930;14;landscape;vegetation cover (rej);0.687;0;sem match válido;Qwen3.5-4B-QLoRA
ID_2220699289355930;15;landscape dynamics;soil texture (rej);0.570;0;sem match válido;Qwen3.5-4B-QLoRA
ID_2220699289355930;16;landscape metrics;types of land (rej);0.634;0;sem match válido;Qwen3.5-4B-QLoRA
ID_2220699289355930;17;land use;land use;1.000;2;match válido;Qwen3.5-4B-QLoRA
ID_2220699289355930;18;land use types;types of land;0.849;1;match válido;Qwen3.5-4B-QLoRA
ID_2220699289355930;19;latossolo amarelo;latossolo (rej);0.636;0;sem match válido;Qwen3.5-4B-QLoRA
ID_2220699289355930;20;mahogany;forest conversion (rej);0.549;0;sem match válido;Qwen3.5-4B-QLoRA
ID_2324159515825927;1;breakup;fusion and breakup (rej);0.692;0;sem match válido;Qwen3.5-4B-QLoRA
ID_2324159515825927;2;breakup reactions;fusion and breakup (rej);0.649;0;sem match válido;Qwen3.5-4B-QLoRA
ID_2324159515825927;3;complete fusion;fusion cross section (rej);0.806;0;sem match válido;Qwen3.5-4B-QLoRA
ID_2324159515825927;4;coupled-channel calculations;statistical multifragmentation (rej);0.419;0;sem match válido;Qwen3.5-4B-QLoRA
ID_2324159515825927;5;coupling to vibrational;weakly bound nuclei (rej);0.438;0;sem match válido;Qwen3.5-4B-QLoRA
ID_2324159515825927;6;coupling to vibrational states;high spin states (rej);0.508;0;sem match válido;Qwen3.5-4B-QLoRA
ID_2324159515825927;7;coupling to vibrational states in coulomb excitation;dynamical effects (rej);0.466;0;sem match válido;Qwen3.5-4B-QLoRA
ID_2324159515825927;8;dynamic polarization potential;dynamical effects (rej);0.594;0;sem match válido;Qwen3.5-4B-QLoRA
ID_2324159515825927;9;elastic break-up;fragmentation (rej);0.525;0;sem match válido;Qwen3.5-4B-QLoRA
ID_2324159515825927;10;elastic scattering;fragmentation (rej);0.529;0;sem match válido;Qwen3.5-4B-QLoRA
ID_2324159515825927;11;elastic s-matrix;dissipative systems (rej);0.401;0;sem match válido;Qwen3.5-4B-QLoRA
ID_2324159515825927;12;elastic s-matrix poles;slope anomaly (rej);0.379;0;sem match válido;Qwen3.5-4B-QLoRA
ID_2324159515825927;13;fusion;fusion processes (rej);0.888;0;sem match válido;Qwen3.5-4B-QLoRA
ID_2324159515825927;14;fusion and breakup;fusion and breakup;1.000;3;match válido;Qwen3.5-4B-QLoRA
ID_2324159515825927;15;fusion barrier distribution;fusion processes (rej);0.738;0;sem match válido;Qwen3.5-4B-QLoRA
ID_2324159515825927;16;fusion cross sections;fusion cross section;0.986;3;match válido;Qwen3.5-4B-QLoRA
ID_2324159515825927;17;fusion processes;fusion processes;1.000;3;match válido;Qwen3.5-4B-QLoRA
ID_2324159515825927;18;fusion reactions;fusion processes (rej);0.922;0;sem match válido;Qwen3.5-4B-QLoRA
ID_2324159515825927;19;heavy-ion elastic scattering;heavy-ion collisions (rej);0.624;0;sem match válido;Qwen3.5-4B-QLoRA
ID_2324159515825927;20;heavy-ion polarization potentials;heavy-ion collisions (rej);0.590;0;sem match válido;Qwen3.5-4B-QLoRA
ID_2364016372924935;1;chagas disease;trypanosoma rangeli infected (rej);0.400;0;sem match válido;Qwen3.5-4B-QLoRA
ID_2364016372924935;2;chagas’ disease;trypanosoma rangeli infected (rej);0.394;0;sem match válido;Qwen3.5-4B-QLoRA
ID_2364016372924935;3;development;prodigiosin (rej);0.455;0;sem match válido;Qwen3.5-4B-QLoRA
ID_2364016372924935;4;development and reproduction;juvenile hormone (rej);0.515;0;sem match válido;Qwen3.5-4B-QLoRA
ID_2364016372924935;5;essential oil;ecdysteroid production (rej);0.389;0;sem match válido;Qwen3.5-4B-QLoRA
ID_2364016372924935;6;fat body;fat body;1.000;3;match válido;Qwen3.5-4B-QLoRA
ID_2364016372924935;7;fat body extracts;fat body (rej);0.799;0;sem match válido;Qwen3.5-4B-QLoRA
ID_2364016372924935;8;fat body homogenates;fat body (rej);0.818;0;sem match válido;Qwen3.5-4B-QLoRA
ID_2364016372924935;9;hemolymph;hemipteran rhodnius;0.803;3;match válido;Qwen3.5-4B-QLoRA
ID_2364016372924935;10;insect;haemolymph of insects;0.833;3;match válido;Qwen3.5-4B-QLoRA
ID_2364016372924935;11;insect growth regulators;haemolymph of insects (rej);0.620;0;sem match válido;Qwen3.5-4B-QLoRA
ID_2364016372924935;12;insecticidal activity;haemolymph of insects (rej);0.653;0;sem match válido;Qwen3.5-4B-QLoRA
ID_2364016372924935;13;insecticidal nanoemulsion;haemolymph of insects (rej);0.519;0;sem match válido;Qwen3.5-4B-QLoRA
ID_2364016372924935;14;laboratory evaluation;laboratory evaluation;1.000;3;match válido;Qwen3.5-4B-QLoRA
ID_2364016372924935;15;manilkara subsericea;trypanosoma rangeli (rej);0.540;0;sem match válido;Qwen3.5-4B-QLoRA
ID_2364016372924935;16;mortality;precocene (rej);0.336;0;sem match válido;Qwen3.5-4B-QLoRA
ID_2364016372924935;17;mortality and delayed;precocene (rej);0.437;0;sem match válido;Qwen3.5-4B-QLoRA
ID_2364016372924935;18;nanoemulsion;ecdysteroid production (rej);0.411;0;sem match válido;Qwen3.5-4B-QLoRA
ID_2364016372924935;19;nanoemulsion containing apolar;short epimastigotes (rej);0.427;0;sem match válido;Qwen3.5-4B-QLoRA
ID_2364016372924935;20;nanoemulsion formulation;ecdysteroid production (rej);0.402;0;sem match válido;Qwen3.5-4B-QLoRA
ID_2426330204919814;1;electromechanical impedance;electromechanical impedance;1.000;3;match válido;Qwen3.5-4B-QLoRA
ID_2426330204919814;2;electromechanical impedance technique;electromechanical impedance technique;1.000;3;match válido;Qwen3.5-4B-QLoRA
ID_2426330204919814;3;electromechanical impedance-based;time-domain electromechanical impedance;0.859;1;match válido;Qwen3.5-4B-QLoRA
ID_2426330204919814;4;electromechanical impedance-based technique;mechanical impedance;0.843;3;match válido;Qwen3.5-4B-QLoRA
ID_2426330204919814;5;electromechanical impedance-based techniques;electromechanical impedance-based techniques;1.000;3;match válido;Qwen3.5-4B-QLoRA
ID_2426330204919814;6;electromechanical impedance-based virtual instrumentation;electric impedance measurement;0.768;3;match válido;Qwen3.5-4B-QLoRA
ID_2426330204919814;7;electromechanical impedance-based virtual instrumentation systems;impedance measurement system;0.757;2;match válido;Qwen3.5-4B-QLoRA
ID_2426330204919814;8;electromechanical impedance-based virtual instrumentation systems based;electromechanical impedance-based techniques (rej);0.772;0;sem match válido;Qwen3.5-4B-QLoRA
ID_2426330204919814;9;electromechanical impedance-based virtual instrumentation systems based on;electromechanical impedance-based techniques (rej);0.772;0;sem match válido;Qwen3.5-4B-QLoRA
ID_2426330204919814;10;electromechanical impedance-based virtual instrumentation systems based on labview;impedance measurement system (rej);0.727;0;sem match válido;Qwen3.5-4B-QLoRA
ID_2426330204919814;11;electromechanical impedance-based virtual instrumentation systems based on labview and matlab;electromechanical impedance-based techniques (rej);0.723;0;sem match válido;Qwen3.5-4B-QLoRA
ID_2426330204919814;12;electromechanical impedance-based virtual instrumentation systems based on matlab;electromechanical impedance-based techniques (rej);0.719;0;sem match válido;Qwen3.5-4B-QLoRA
ID_2426330204919814;13;electromechanical impedance-based virtual instrumentation systems based on matlab and labview;electromechanical impedance-based techniques (rej);0.723;0;sem match válido;Qwen3.5-4B-QLoRA
ID_2426330204919814;14;electromechanical impedance-based virtual instrumentation systems based on matlab, labview and pascal;electromechanical impedance-based techniques (rej);0.728;0;sem match válido;Qwen3.5-4B-QLoRA
ID_2426330204919814;15;electromechanical impedance-based virtual instrumentation systems based on matlab, labview and pascal languages;electromechanical impedance-based techniques (rej);0.673;0;sem match válido;Qwen3.5-4B-QLoRA
ID_2426330204919814;16;electromechanical impedance-based virtual instrumentation systems based on matlab, labview and pascal languages using;electromechanical impedance-based techniques (rej);0.672;0;sem match válido;Qwen3.5-4B-QLoRA
ID_2426330204919814;17;electromechanical impedance-based virtual instrumentation systems based on matlab, labview and pascal languages using labview;electromechanical impedance-based techniques (rej);0.633;0;sem match válido;Qwen3.5-4B-QLoRA
ID_2426330204919814;18;electromechanical impedance-based virtual instrumentation systems based on matlab, labview and pascal languages using labview and matlab;electromechanical impedance-based techniques (rej);0.618;0;sem match válido;Qwen3.5-4B-QLoRA
ID_2426330204919814;19;electromechanical impedance-based virtual instrumentation systems based on matlab, labview and pascal languages using labview and matlab languages;electromechanical impedance-based techniques (rej);0.603;0;sem match válido;Qwen3.5-4B-QLoRA
ID_2426330204919814;20;electromechanical impedance-based virtual instrumentation systems based on matlab, labview and pascal languages using labview and matlab languages and pascal;electromechanical impedance-based techniques (rej);0.606;0;sem match válido;Qwen3.5-4B-QLoRA
ID_2538824540800669;1;cavity quantum electrodynamics;quantum state engineering (rej);0.623;0;sem match válido;Qwen3.5-4B-QLoRA
ID_2538824540800669;2;cavity quantum electrodynamics phenomena;quantum state engineering (rej);0.607;0;sem match válido;Qwen3.5-4B-QLoRA
ID_2538824540800669;3;classical and quantum;quantum computation (rej);0.790;0;sem match válido;Qwen3.5-4B-QLoRA
ID_2538824540800669;4;correlations in nmr;nonclassical correlations;0.762;3;match válido;Qwen3.5-4B-QLoRA
ID_2538824540800669;5;quantum and classical;quantum computation (rej);0.817;0;sem match válido;Qwen3.5-4B-QLoRA
ID_2538824540800669;6;quantum correlations;quantum correlations;1.000;3;match válido;Qwen3.5-4B-QLoRA
ID_2538824540800669;7;quantum discord;quantum discord;1.000;3;match válido;Qwen3.5-4B-QLoRA
ID_2538824540800669;8;quantum information science;quantum information;0.958;3;match válido;Qwen3.5-4B-QLoRA
ID_2538824540800669;9;quantum mechanics;quantum information and quantum mechanics ;0.835;3;match válido;Qwen3.5-4B-QLoRA
ID_2538824540800669;10;quantum metrology;quantum computation (rej);0.758;0;sem match válido;Qwen3.5-4B-QLoRA
ID_2538824540800669;11;quantum state engineering;quantum state engineering;1.000;2;match válido;Qwen3.5-4B-QLoRA
ID_2538824540800669;12;quantum state engineering driven;quantum state engineering (rej);0.963;0;sem match válido;Qwen3.5-4B-QLoRA
ID_2538824540800669;13;quantum state preparation;quantum state engineering (rej);0.897;0;sem match válido;Qwen3.5-4B-QLoRA
ID_2538824540800669;14;quantum state tomography;quantum state engineering (rej);0.720;0;sem match válido;Qwen3.5-4B-QLoRA
ID_2538824540800669;15;quantum state tomographic methods;quantum state engineering (rej);0.787;0;sem match válido;Qwen3.5-4B-QLoRA
ID_2538824540800669;16;quantum state tomographic;quantum state engineering (rej);0.820;0;sem match válido;Qwen3.5-4B-QLoRA
ID_2538824540800669;17;quantum tunneling;quantum computation (rej);0.681;0;sem match válido;Qwen3.5-4B-QLoRA
ID_2538824540800669;18;quantum version; quantum statistical methods;0.779;1;match válido;Qwen3.5-4B-QLoRA
ID_2538824540800669;19;quantum computation;quantum computation;1.000;3;match válido;Qwen3.5-4B-QLoRA
ID_2538824540800669;20;quantum computation in continuous;quantum computation (rej);0.891;0;sem match válido;Qwen3.5-4B-QLoRA
ID_2543067198319684;1;developmental delay;childhood (rej);0.410;0;sem match válido;Qwen3.5-4B-QLoRA
ID_2543067198319684;2;electroencephalogram;epileptic patients (rej);0.512;0;sem match válido;Qwen3.5-4B-QLoRA
ID_2543067198319684;3;epilepsy;epileptic patients;0.953;3;match válido;Qwen3.5-4B-QLoRA
ID_2543067198319684;4;epilepsy surgery;epileptic patients (rej);0.872;0;sem match válido;Qwen3.5-4B-QLoRA
ID_2543067198319684;5;epileptic seizures;seizures;0.913;3;match válido;Qwen3.5-4B-QLoRA
ID_2543067198319684;6;hippocampal sclerosis;subacute sclerosing panencephalitis (rej);0.648;0;sem match válido;Qwen3.5-4B-QLoRA
ID_2543067198319684;7;neonatal seizures;neonatal seizures;1.000;3;match válido;Qwen3.5-4B-QLoRA
ID_2543067198319684;8;;;;;;Qwen3.5-4B-QLoRA
ID_2543067198319684;9;;;;;;Qwen3.5-4B-QLoRA
ID_2543067198319684;10;;;;;;Qwen3.5-4B-QLoRA
ID_2543067198319684;11;;;;;;Qwen3.5-4B-QLoRA
ID_2543067198319684;12;;;;;;Qwen3.5-4B-QLoRA
ID_2543067198319684;13;;;;;;Qwen3.5-4B-QLoRA
ID_2543067198319684;14;;;;;;Qwen3.5-4B-QLoRA
ID_2543067198319684;15;;;;;;Qwen3.5-4B-QLoRA
ID_2543067198319684;16;;;;;;Qwen3.5-4B-QLoRA
ID_2543067198319684;17;;;;;;Qwen3.5-4B-QLoRA
ID_2543067198319684;18;;;;;;Qwen3.5-4B-QLoRA
ID_2543067198319684;19;;;;;;Qwen3.5-4B-QLoRA
ID_2543067198319684;20;;;;;;Qwen3.5-4B-QLoRA
ID_2627414712422817;1;citrus;poncirus trifoliata (rej);0.564;0;sem match válido;Qwen3.5-4B-QLoRA
ID_2627414712422817;2;citrus genomics;plant geneticists (rej);0.679;0;sem match válido;Qwen3.5-4B-QLoRA
ID_2627414712422817;3;citrus genome;plant geneticists (rej);0.693;0;sem match válido;Qwen3.5-4B-QLoRA
ID_2627414712422817;4;citrus spp.;arachis repens (rej);0.602;0;sem match válido;Qwen3.5-4B-QLoRA
ID_2627414712422817;5;citrus transcriptome;plant geneticists (rej);0.550;0;sem match válido;Qwen3.5-4B-QLoRA
ID_2627414712422817;6;citrus transcriptomics;plant geneticists (rej);0.573;0;sem match válido;Qwen3.5-4B-QLoRA
ID_2627414712422817;7;citrus transcriptome project;plant geneticists (rej);0.584;0;sem match válido;Qwen3.5-4B-QLoRA
ID_2627414712422817;8;citrus transcriptomics project;plant geneticists (rej);0.594;0;sem match válido;Qwen3.5-4B-QLoRA
ID_2627414712422817;9;citrus spp. and poncirus;poncirus trifoliata;0.793;2;match válido;Qwen3.5-4B-QLoRA
ID_2627414712422817;10;;;;;;Qwen3.5-4B-QLoRA
ID_2627414712422817;11;;;;;;Qwen3.5-4B-QLoRA
ID_2627414712422817;12;;;;;;Qwen3.5-4B-QLoRA
ID_2627414712422817;13;;;;;;Qwen3.5-4B-QLoRA
ID_2627414712422817;14;;;;;;Qwen3.5-4B-QLoRA
ID_2627414712422817;15;;;;;;Qwen3.5-4B-QLoRA
ID_2627414712422817;16;;;;;;Qwen3.5-4B-QLoRA
ID_2627414712422817;17;;;;;;Qwen3.5-4B-QLoRA
ID_2627414712422817;18;;;;;;Qwen3.5-4B-QLoRA
ID_2627414712422817;19;;;;;;Qwen3.5-4B-QLoRA
ID_2627414712422817;20;;;;;;Qwen3.5-4B-QLoRA
ID_2653769170795641;1;expressed sequence tag;sugarcane expressed sequence (rej);0.486;0;sem match válido;Qwen3.5-4B-QLoRA
ID_2653769170795641;2;expressed sequence tags;sugarcane expressed sequence (rej);0.481;0;sem match válido;Qwen3.5-4B-QLoRA
ID_2653769170795641;3;gene expression;genome sequence (rej);0.735;0;sem match válido;Qwen3.5-4B-QLoRA
ID_2653769170795641;4;gene expression profiles;transcription profiling;0.789;3;match válido;Qwen3.5-4B-QLoRA
ID_2653769170795641;5;genome sequencing;genome sequence;0.954;3;match válido;Qwen3.5-4B-QLoRA
ID_2653769170795641;6;human transcriptome;transcription profiling (rej);0.786;0;sem match válido;Qwen3.5-4B-QLoRA
ID_2653769170795641;7;intronic non-coding rnas;transcription profiling (rej);0.395;0;sem match válido;Qwen3.5-4B-QLoRA
ID_2653769170795641;8;microarray;mrna levels (rej);0.389;0;sem match válido;Qwen3.5-4B-QLoRA
ID_2653769170795641;9;microarray-based genome comparison;genome sequence (rej);0.698;0;sem match válido;Qwen3.5-4B-QLoRA
ID_2653769170795641;10;;;;;;Qwen3.5-4B-QLoRA
ID_2653769170795641;11;;;;;;Qwen3.5-4B-QLoRA
ID_2653769170795641;12;;;;;;Qwen3.5-4B-QLoRA
ID_2653769170795641;13;;;;;;Qwen3.5-4B-QLoRA
ID_2653769170795641;14;;;;;;Qwen3.5-4B-QLoRA
ID_2653769170795641;15;;;;;;Qwen3.5-4B-QLoRA
ID_2653769170795641;16;;;;;;Qwen3.5-4B-QLoRA
ID_2653769170795641;17;;;;;;Qwen3.5-4B-QLoRA
ID_2653769170795641;18;;;;;;Qwen3.5-4B-QLoRA
ID_2653769170795641;19;;;;;;Qwen3.5-4B-QLoRA
ID_2653769170795641;20;;;;;;Qwen3.5-4B-QLoRA
ID_2662364620923506;1;atlantic forest;atlantic forest;1.000;3;match válido;Qwen3.5-4B-QLoRA
ID_2662364620923506;2;atlantic rain forest;atlantic forest (rej);0.907;0;sem match válido;Qwen3.5-4B-QLoRA
ID_2662364620923506;3;atlantic rain forests;atlantic forest (rej);0.900;0;sem match válido;Qwen3.5-4B-QLoRA
ID_2662364620923506;4;brazil;southern brazil;0.855;3;match válido;Qwen3.5-4B-QLoRA
ID_2662364620923506;5;brazilian atlantic forest;atlantic forest (rej);0.848;0;sem match válido;Qwen3.5-4B-QLoRA
ID_2662364620923506;6;brazilian rain forest;southern brazil (rej);0.698;0;sem match válido;Qwen3.5-4B-QLoRA
ID_2662364620923506;7;brazilian rain forests;southern brazil (rej);0.683;0;sem match válido;Qwen3.5-4B-QLoRA
ID_2662364620923506;8;carlos botelho state park;carlos botelho state park;1.000;3;match válido;Qwen3.5-4B-QLoRA
ID_2662364620923506;9;fern;levantamento florístico (rej);0.654;0;sem match válido;Qwen3.5-4B-QLoRA
ID_2662364620923506;10;fern flora;levantamento florístico;0.764;3;match válido;Qwen3.5-4B-QLoRA
ID_2662364620923506;11;fern genus;levantamento florístico (rej);0.722;0;sem match válido;Qwen3.5-4B-QLoRA
ID_2662364620923506;12;fern species;levantamento florístico (rej);0.646;0;sem match válido;Qwen3.5-4B-QLoRA
ID_2662364620923506;13;fern taxonomy;species composition (rej);0.620;0;sem match válido;Qwen3.5-4B-QLoRA
ID_2662364620923506;14;fern taxa;levantamento florístico (rej);0.545;0;sem match válido;Qwen3.5-4B-QLoRA
ID_2662364620923506;15;fern taxa classification;species composition (rej);0.645;0;sem match válido;Qwen3.5-4B-QLoRA
ID_2662364620923506;16;fern taxa keys;levantamento florístico (rej);0.449;0;sem match válido;Qwen3.5-4B-QLoRA
ID_2662364620923506;17;;;;;;Qwen3.5-4B-QLoRA
ID_2662364620923506;18;;;;;;Qwen3.5-4B-QLoRA
ID_2662364620923506;19;;;;;;Qwen3.5-4B-QLoRA
ID_2662364620923506;20;;;;;;Qwen3.5-4B-QLoRA
ID_2691497637313274;1;amazon floodplain;amazon floodplain;1.000;2;match válido;Qwen3.5-4B-QLoRA
ID_2691497637313274;2;amazon river;amazon floodplain (rej);0.833;0;sem match válido;Qwen3.5-4B-QLoRA
ID_2691497637313274;3;amazon river floodplain;amazon floodplain (rej);0.965;0;sem match válido;Qwen3.5-4B-QLoRA
ID_2691497637313274;4;amazonian floodplain;amazon floodplain (rej);0.975;0;sem match válido;Qwen3.5-4B-QLoRA
ID_2691497637313274;5;amazonian hydroelectric reservoirs;reservatório hidrelétrico;0.764;2;match válido;Qwen3.5-4B-QLoRA
ID_2691497637313274;6;brazilian amazon;amazon;0.858;1;match válido;Qwen3.5-4B-QLoRA
ID_2691497637313274;7;chlorophyll-a;itumbiara reservoir (rej);0.328;0;sem match válido;Qwen3.5-4B-QLoRA
ID_2691497637313274;8;cyanobacteria;biogeochemical processes (rej);0.423;0;sem match válido;Qwen3.5-4B-QLoRA
ID_2691497637313274;9;density current;surface circulation (rej);0.485;0;sem match válido;Qwen3.5-4B-QLoRA
ID_2691497637313274;10;density currents;surface circulation (rej);0.537;0;sem match válido;Qwen3.5-4B-QLoRA
ID_2691497637313274;11;environmental factors;water quality monitoring (rej);0.483;0;sem match válido;Qwen3.5-4B-QLoRA
ID_2691497637313274;12;flood pulse;amazon floodplain (rej);0.625;0;sem match válido;Qwen3.5-4B-QLoRA
ID_2691497637313274;13;floodplain;amazon floodplain (rej);0.764;0;sem match válido;Qwen3.5-4B-QLoRA
ID_2691497637313274;14;floodplain lake;amazon floodplain (rej);0.655;0;sem match válido;Qwen3.5-4B-QLoRA
ID_2691497637313274;15;heat balance;temperature and heat;0.813;3;match válido;Qwen3.5-4B-QLoRA
ID_2691497637313274;16;hydrodynamic model;hydro-physics processes;0.837;2;match válido;Qwen3.5-4B-QLoRA
ID_2691497637313274;17;hydrodynamic modelling;hydro-physics processes (rej);0.806;0;sem match válido;Qwen3.5-4B-QLoRA
ID_2691497637313274;18;hydroelectric reservoir;hydroelectric reservoirs;0.985;3;match válido;Qwen3.5-4B-QLoRA
ID_2691497637313274;19;itumbiara reservoir;itumbiara reservoir;1.000;1;match válido;Qwen3.5-4B-QLoRA
ID_2691497637313274;20;large amazonian hydroelectric;amazon floodplain (rej);0.713;0;sem match válido;Qwen3.5-4B-QLoRA
ID_2714004273523549;1;ab initio calculations;ab initio calculation;0.993;3;match válido;Qwen3.5-4B-QLoRA
ID_2714004273523549;2;ab initio study;ab initio study;1.000;3;match válido;Qwen3.5-4B-QLoRA
ID_2714004273523549;3;ab initio total energy;initio total energy;0.953;3;match válido;Qwen3.5-4B-QLoRA
ID_2714004273523549;4;ab initio total energy calculations;initio total energy (rej);0.920;0;sem match válido;Qwen3.5-4B-QLoRA
ID_2714004273523549;5;ab initio theoretical;ab initio total;0.814;3;match válido;Qwen3.5-4B-QLoRA
ID_2714004273523549;6;ab initio theoretical investigation;theoretical investigation;0.823;3;match válido;Qwen3.5-4B-QLoRA
ID_2714004273523549;7;boron-doped graphene;3d impurities (rej);0.398;0;sem match válido;Qwen3.5-4B-QLoRA
ID_2714004273523549;8;carbon nanotube;electronic structure (rej);0.410;0;sem match válido;Qwen3.5-4B-QLoRA
ID_2714004273523549;9;carbon nanotubes;electronic structure (rej);0.413;0;sem match válido;Qwen3.5-4B-QLoRA
ID_2714004273523549;10;carbon nanotubes molecular;electronic structure (rej);0.404;0;sem match válido;Qwen3.5-4B-QLoRA
ID_2714004273523549;11;density functional theory;density functional theory;1.000;3;match válido;Qwen3.5-4B-QLoRA
ID_2714004273523549;12;electronic properties;electronic properties;1.000;3;match válido;Qwen3.5-4B-QLoRA
ID_2714004273523549;13;electronic and transport;transport properties (rej);0.711;0;sem match válido;Qwen3.5-4B-QLoRA
ID_2714004273523549;14;electronic and transport properties;transport properties;0.807;3;match válido;Qwen3.5-4B-QLoRA
ID_2714004273523549;15;electronic structure;electronic structure;1.000;3;match válido;Qwen3.5-4B-QLoRA
ID_2714004273523549;16;first principles;first-principles;0.982;3;match válido;Qwen3.5-4B-QLoRA
ID_2714004273523549;17;first-principles calculations;first-principles calculations;1.000;3;match válido;Qwen3.5-4B-QLoRA
ID_2714004273523549;18;graphene;electronic structure (rej);0.409;0;sem match válido;Qwen3.5-4B-QLoRA
ID_2714004273523549;19;graphene adsorbed;adsorption (rej);0.536;0;sem match válido;Qwen3.5-4B-QLoRA
ID_2714004273523549;20;graphene nanoribbons;electronic structure (rej);0.434;0;sem match válido;Qwen3.5-4B-QLoRA
ID_2864595160355410;1;antibiotic resistance;bacterial resistance;0.902;3;match válido;Qwen3.5-4B-QLoRA
ID_2864595160355410;2;antibiotic use;uso de antibióticos;0.983;3;match válido;Qwen3.5-4B-QLoRA
ID_2864595160355410;3;antimicrobial resistance;terapêutica antimicrobiana;0.858;3;match válido;Qwen3.5-4B-QLoRA
ID_2864595160355410;4;antimicrobial stewardship;terapêutica antimicrobiana durante (rej);0.831;0;sem match válido;Qwen3.5-4B-QLoRA
ID_2864595160355410;5;antimicrobial stewardship programs;tratamento antimmicrobiano (rej);0.779;0;sem match válido;Qwen3.5-4B-QLoRA
ID_2864595160355410;6;antimicrobial stewardship programs in brazil;tratamento antimmicrobiano (rej);0.682;0;sem match válido;Qwen3.5-4B-QLoRA
ID_2864595160355410;7;antimicrobial stewardship programs: a review;terapêutica antimicrobiana durante (rej);0.800;0;sem match válido;Qwen3.5-4B-QLoRA
ID_2864595160355410;8;antimicrobial stewardship: a review;terapêutica antimicrobiana durante;0.848;1;match válido;Qwen3.5-4B-QLoRA
ID_2864595160355410;9;antimicrobial stewardship: a systematic review;antibiotic users;0.764;3;match válido;Qwen3.5-4B-QLoRA
ID_2864595160355410;10;antimicrobial stewardship: current practices;tratamento antimmicrobiano;0.833;3;match válido;Qwen3.5-4B-QLoRA
ID_2864595160355410;11;;;;;;Qwen3.5-4B-QLoRA
ID_2864595160355410;12;;;;;;Qwen3.5-4B-QLoRA
ID_2864595160355410;13;;;;;;Qwen3.5-4B-QLoRA
ID_2864595160355410;14;;;;;;Qwen3.5-4B-QLoRA
ID_2864595160355410;15;;;;;;Qwen3.5-4B-QLoRA
ID_2864595160355410;16;;;;;;Qwen3.5-4B-QLoRA
ID_2864595160355410;17;;;;;;Qwen3.5-4B-QLoRA
ID_2864595160355410;18;;;;;;Qwen3.5-4B-QLoRA
ID_2864595160355410;19;;;;;;Qwen3.5-4B-QLoRA
ID_2864595160355410;20;;;;;;Qwen3.5-4B-QLoRA
ID_2929963416385218;1;bites by loxosceles;loxosceles spiders (rej);0.689;0;sem match válido;Qwen3.5-4B-QLoRA
ID_2929963416385218;2;catalytic mechanism;catalytic mechanism;1.000;2;match válido;Qwen3.5-4B-QLoRA
ID_2929963416385218;3;dermonecrosis;dermonecrosis;1.000;3;match válido;Qwen3.5-4B-QLoRA
ID_2929963416385218;4;enzyme;amino acid (rej);0.590;0;sem match válido;Qwen3.5-4B-QLoRA
ID_2929963416385218;5;enzyme from loxosceles;sphingomyelinase from loxosceles (rej);0.737;0;sem match válido;Qwen3.5-4B-QLoRA
ID_2929963416385218;6;enzyme from loxosceles laeta;sphingomyelinase from loxosceles (rej);0.709;0;sem match válido;Qwen3.5-4B-QLoRA
ID_2929963416385218;7;enzyme from loxosceles intermedia;sphingomyelinase from loxosceles (rej);0.710;0;sem match válido;Qwen3.5-4B-QLoRA
ID_2929963416385218;8;expressed sequence tags;expressed sequence;0.825;2;match válido;Qwen3.5-4B-QLoRA
ID_2929963416385218;9;expressed sequence tags (est);expressed sequence (rej);0.798;0;sem match válido;Qwen3.5-4B-QLoRA
ID_2929963416385218;10;haemolysis;hemolysis (rej);0.708;0;sem match válido;Qwen3.5-4B-QLoRA
ID_2929963416385218;11;haemolysis induced;hemolysis (rej);0.653;0;sem match válido;Qwen3.5-4B-QLoRA
ID_2929963416385218;12;haemolysis induced by smases;hemolysis (rej);0.588;0;sem match válido;Qwen3.5-4B-QLoRA
ID_2929963416385218;13;haemolysis induced by smases d;hemolysis (rej);0.565;0;sem match válido;Qwen3.5-4B-QLoRA
ID_2929963416385218;14;haemolysis induced by smases d from loxosceles;loxosceles sphingomyelinase induces (rej);0.644;0;sem match válido;Qwen3.5-4B-QLoRA
ID_2929963416385218;15;haemolysis induced by smases d from loxosceles laeta;loxosceles sphingomyelinase induces (rej);0.639;0;sem match válido;Qwen3.5-4B-QLoRA
ID_2929963416385218;16;haemolysis induced by smases d from loxosceles laeta venom;loxosceles sphingomyelinase induces (rej);0.634;0;sem match válido;Qwen3.5-4B-QLoRA
ID_2929963416385218;17;human erythrocytes;venom glands (rej);0.578;0;sem match válido;Qwen3.5-4B-QLoRA
ID_2929963416385218;18;inflammation;dermonecrosis (rej);0.565;0;sem match válido;Qwen3.5-4B-QLoRA
ID_2929963416385218;19;inflammation induced;dermonecrosis (rej);0.484;0;sem match válido;Qwen3.5-4B-QLoRA
ID_2929963416385218;20;loxoceles laeta;tityus serrulatus (rej);0.673;0;sem match válido;Qwen3.5-4B-QLoRA
ID_2961250776014138;1;compact stars;strange stars;0.756;3;match válido;Qwen3.5-4B-QLoRA
ID_2961250776014138;2;cosmology;astrophysics and astroparticles  (rej);0.640;0;sem match válido;Qwen3.5-4B-QLoRA
ID_2961250776014138;3;cosmology: theory;astrophysics and astroparticles  (rej);0.633;0;sem match válido;Qwen3.5-4B-QLoRA
ID_2961250776014138;4;cosmology: observations;astrophysics and astroparticles  (rej);0.693;0;sem match válido;Qwen3.5-4B-QLoRA
ID_2961250776014138;5;cosmic microwave background;supernova remnants (rej);0.578;0;sem match válido;Qwen3.5-4B-QLoRA
ID_2961250776014138;6;cosmic rays;astrophysics and astroparticles  (rej);0.672;0;sem match válido;Qwen3.5-4B-QLoRA
ID_2961250776014138;7;dark energy;supernova remnants (rej);0.473;0;sem match válido;Qwen3.5-4B-QLoRA
ID_2961250776014138;8;dark matter;black hole (rej);0.613;0;sem match válido;Qwen3.5-4B-QLoRA
ID_2961250776014138;9;gamma-ray bursts;gamma ray bursts;0.988;2;match válido;Qwen3.5-4B-QLoRA
ID_2961250776014138;10;gravitation and cosmology;astrophysics and astroparticles  (rej);0.593;0;sem match válido;Qwen3.5-4B-QLoRA
ID_2961250776014138;11;hadronic matter;strange matter (rej);0.528;0;sem match válido;Qwen3.5-4B-QLoRA
ID_2961250776014138;12;high energy physics;nuclear physics  (rej);0.685;0;sem match válido;Qwen3.5-4B-QLoRA
ID_2961250776014138;13;inflation;equations of state (rej);0.345;0;sem match válido;Qwen3.5-4B-QLoRA
ID_2961250776014138;14;neutron stars;neutron stars;1.000;3;match válido;Qwen3.5-4B-QLoRA
ID_2961250776014138;15;neutron stars: general;neutron stars (rej);0.947;0;sem match válido;Qwen3.5-4B-QLoRA
ID_2961250776014138;16;neutron stars: structure;neutron stars (rej);0.940;0;sem match válido;Qwen3.5-4B-QLoRA
ID_2961250776014138;17;particle physics and field theory;nuclear physics  (rej);0.495;0;sem match válido;Qwen3.5-4B-QLoRA
ID_2961250776014138;18;quark gluon plasma;nuclear physics  (rej);0.519;0;sem match válido;Qwen3.5-4B-QLoRA
ID_2961250776014138;19;quark stars;strange stars (rej);0.697;0;sem match válido;Qwen3.5-4B-QLoRA
ID_2961250776014138;20;radiation;nuclear physics  (rej);0.653;0;sem match válido;Qwen3.5-4B-QLoRA
ID_3059520185406581;1;bag-of-words;visual dictionary (rej);0.440;0;sem match válido;Qwen3.5-4B-QLoRA
ID_3059520185406581;2;bag-of-words formalism;visual dictionary (rej);0.450;0;sem match válido;Qwen3.5-4B-QLoRA
ID_3059520185406581;3;content-based image retrieval;content-based image retrieval;1.000;3;match válido;Qwen3.5-4B-QLoRA
ID_3059520185406581;4;content-based image retrieval system;content-based image retrieval (rej);0.972;0;sem match válido;Qwen3.5-4B-QLoRA
ID_3059520185406581;5;content-based image retrieval systems;content-based image retrieval (rej);0.973;0;sem match válido;Qwen3.5-4B-QLoRA
ID_3059520185406581;6;digital image processing;processamento digital;0.755;3;match válido;Qwen3.5-4B-QLoRA
ID_3059520185406581;7;image classification;image classification;1.000;3;match válido;Qwen3.5-4B-QLoRA
ID_3059520185406581;8;image retrieval;content-based image retrieval (rej);0.884;0;sem match válido;Qwen3.5-4B-QLoRA
ID_3059520185406581;9;image retrieval systems;content-based image retrieval (rej);0.833;0;sem match válido;Qwen3.5-4B-QLoRA
ID_3059520185406581;10;image retrieval using content-based;content-based image retrieval (rej);0.994;0;sem match válido;Qwen3.5-4B-QLoRA
ID_3059520185406581;11;image segmentation;image segmentation;1.000;3;match válido;Qwen3.5-4B-QLoRA
ID_3059520185406581;12;image summarization;video summarization;0.762;3;match válido;Qwen3.5-4B-QLoRA
ID_3059520185406581;13;image summarization methods;image classification (rej);0.732;0;sem match válido;Qwen3.5-4B-QLoRA
ID_3059520185406581;14;image summarization system;image classification (rej);0.752;0;sem match válido;Qwen3.5-4B-QLoRA
ID_3059520185406581;15;image summarization using bag-of-words;image classification (rej);0.667;0;sem match válido;Qwen3.5-4B-QLoRA
ID_3059520185406581;16;image summarization using content-based;content-based image retrieval (rej);0.721;0;sem match válido;Qwen3.5-4B-QLoRA
ID_3059520185406581;17;image summarization using content-based methods;content-based image retrieval (rej);0.712;0;sem match válido;Qwen3.5-4B-QLoRA
ID_3059520185406581;18;image summarization using content-based retrieval;content-based image retrieval (rej);0.845;0;sem match válido;Qwen3.5-4B-QLoRA
ID_3059520185406581;19;image summarization using content-based retrieval systems;content-based image retrieval (rej);0.839;0;sem match válido;Qwen3.5-4B-QLoRA
ID_3059520185406581;20;;;;;;Qwen3.5-4B-QLoRA
ID_3091742095568302;1;5-fluorouracil-induced intestinal;diarrhea (rej);0.587;0;sem match válido;Qwen3.5-4B-QLoRA
ID_3091742095568302;2;alanyl-glutamine;alanyl-glutamine;1.000;3;match válido;Qwen3.5-4B-QLoRA
ID_3091742095568302;3;clostridium difficile toxin;clostridium difficile toxin;1.000;1;match válido;Qwen3.5-4B-QLoRA
ID_3091742095568302;4;clostridium difficile toxin a;clostridium difficile toxin a;1.000;2;match válido;Qwen3.5-4B-QLoRA
ID_3091742095568302;5;intestinal barrier;intestinal epithelial cell (rej);0.751;0;sem match válido;Qwen3.5-4B-QLoRA
ID_3091742095568302;6;intestinal cell lines;intestinal epithelial cell (rej);0.852;0;sem match válido;Qwen3.5-4B-QLoRA
ID_3091742095568302;7;intestinal epithelial cell;intestinal epithelial cell;1.000;3;match válido;Qwen3.5-4B-QLoRA
ID_3091742095568302;8;nitric oxide;nitric oxide;1.000;3;match válido;Qwen3.5-4B-QLoRA
ID_3091742095568302;9;oral mucositis;experimental periodontitis (rej);0.607;0;sem match válido;Qwen3.5-4B-QLoRA
ID_3091742095568302;10;oral mucositis induced;experimental periodontitis (rej);0.592;0;sem match válido;Qwen3.5-4B-QLoRA
ID_3091742095568302;11;periodontitis;experimental periodontitis (rej);0.942;0;sem match válido;Qwen3.5-4B-QLoRA
ID_3091742095568302;12;proliferation;proliferation;1.000;3;match válido;Qwen3.5-4B-QLoRA
ID_3091742095568302;13;retinol;retinol;1.000;2;match válido;Qwen3.5-4B-QLoRA
ID_3091742095568302;14;retinol in protecting;retinol (rej);0.871;0;sem match válido;Qwen3.5-4B-QLoRA
ID_3091742095568302;15;saline;vitamin (rej);0.382;0;sem match válido;Qwen3.5-4B-QLoRA
ID_3091742095568302;16;toxin a;clostridium difficile toxin a (rej);0.782;0;sem match válido;Qwen3.5-4B-QLoRA
ID_3091742095568302;17;5-fluorouracil-induced intestinal epithelium;intestinal epithelial cell (rej);0.714;0;sem match válido;Qwen3.5-4B-QLoRA
ID_3091742095568302;18;apoptosis;apoptosis;1.000;2;match válido;Qwen3.5-4B-QLoRA
ID_3091742095568302;19;clostridium difficile;clostridium difficile toxin (rej);0.827;0;sem match válido;Qwen3.5-4B-QLoRA
ID_3091742095568302;20;experimental periodontitis;experimental periodontitis;1.000;2;match válido;Qwen3.5-4B-QLoRA
ID_3107924103069456;1;chagas disease;chagas disease;1.000;3;match válido;Qwen3.5-4B-QLoRA
ID_3107924103069456;2;crystal structure;crystal structure;1.000;3;match válido;Qwen3.5-4B-QLoRA
ID_3107924103069456;3;crystallization;crystallization;1.000;3;match válido;Qwen3.5-4B-QLoRA
ID_3107924103069456;4;crystallization and preliminary;crystal-structure;0.844;3;match válido;Qwen3.5-4B-QLoRA
ID_3107924103069456;5;crystallization and preliminary crystalographic;preliminary crystallographic studies;0.930;2;match válido;Qwen3.5-4B-QLoRA
ID_3107924103069456;6;electrochemical properties;paramagnetically active (rej);0.475;0;sem match válido;Qwen3.5-4B-QLoRA
ID_3107924103069456;7;expression;structure (rej);0.471;0;sem match válido;Qwen3.5-4B-QLoRA
ID_3107924103069456;8;glyceraldehyde-3-phosphate dehydrogenase;purine nucleoside phosphorylase (rej);0.592;0;sem match válido;Qwen3.5-4B-QLoRA
ID_3107924103069456;9;inhibitors of glyceraldehyde-3-phosphate;enzyme inhibition (rej);0.593;0;sem match válido;Qwen3.5-4B-QLoRA
ID_3107924103069456;10;inhibitory activity;inhibitory activity;1.000;3;match válido;Qwen3.5-4B-QLoRA
ID_3107924103069456;11;nitric oxide;nibr2 complexes (rej);0.698;0;sem match válido;Qwen3.5-4B-QLoRA
ID_3107924103069456;12;phosphine;purine nucleoside phosphorylase (rej);0.538;0;sem match válido;Qwen3.5-4B-QLoRA
ID_3107924103069456;13;phosphine oxide;purine nucleoside phosphorylase (rej);0.517;0;sem match válido;Qwen3.5-4B-QLoRA
ID_3107924103069456;14;purification;inhibitor (rej);0.473;0;sem match válido;Qwen3.5-4B-QLoRA
ID_3107924103069456;15;ruthenium;ruthenium;1.000;2;match válido;Qwen3.5-4B-QLoRA
ID_3107924103069456;16;ruthenium complexes;ruthenium (rej);0.886;0;sem match válido;Qwen3.5-4B-QLoRA
ID_3107924103069456;17;ruthenium complexes as potential;ruthenium (rej);0.811;0;sem match válido;Qwen3.5-4B-QLoRA
ID_3107924103069456;18;ruthenium no donors;ruthenium (rej);0.710;0;sem match válido;Qwen3.5-4B-QLoRA
ID_3107924103069456;19;s-nitrosylation;nibr2 complexes (rej);0.659;0;sem match válido;Qwen3.5-4B-QLoRA
ID_3107924103069456;20;synthesis;synthesis and characterization;0.901;2;match válido;Qwen3.5-4B-QLoRA
ID_3256932358053453;1;antioxidant;antioxidant;1.000;2;match válido;Qwen3.5-4B-QLoRA
ID_3256932358053453;2;antioxidant gene network;antioxidant (rej);0.764;0;sem match válido;Qwen3.5-4B-QLoRA
ID_3256932358053453;3;antioxidant genes;antioxidant (rej);0.868;0;sem match válido;Qwen3.5-4B-QLoRA
ID_3256932358053453;4;antioxidant genes network;antioxidant (rej);0.774;0;sem match válido;Qwen3.5-4B-QLoRA
ID_3256932358053453;5;antioxidant genes network model;antioxidant (rej);0.741;0;sem match válido;Qwen3.5-4B-QLoRA
ID_3256932358053453;6;antioxidant system;pro-oxidative effect;0.787;1;match válido;Qwen3.5-4B-QLoRA
ID_3256932358053453;7;cell cycle;ros-mitochondria pathway (rej);0.541;0;sem match válido;Qwen3.5-4B-QLoRA
ID_3256932358053453;8;cell cycle progression;ros-mitochondria pathway (rej);0.556;0;sem match válido;Qwen3.5-4B-QLoRA
ID_3256932358053453;9;catalase;catalase;1.000;1;match válido;Qwen3.5-4B-QLoRA
ID_3256932358053453;10;catalase activity;catalase (rej);0.838;0;sem match válido;Qwen3.5-4B-QLoRA
ID_3256932358053453;11;catalase expression;catalase (rej);0.846;0;sem match válido;Qwen3.5-4B-QLoRA
ID_3256932358053453;12;catalase gene expression;catalase (rej);0.683;0;sem match válido;Qwen3.5-4B-QLoRA
ID_3256932358053453;13;catalase gene transcription;catalase (rej);0.650;0;sem match válido;Qwen3.5-4B-QLoRA
ID_3256932358053453;14;catalase gene transcription regulation;catalase (rej);0.574;0;sem match válido;Qwen3.5-4B-QLoRA
ID_3256932358053453;15;catalase mRNA;catalase (rej);0.681;0;sem match válido;Qwen3.5-4B-QLoRA
ID_3256932358053453;16;catalase mRNA expression;catalase (rej);0.621;0;sem match válido;Qwen3.5-4B-QLoRA
ID_3256932358053453;17;catalase protein content;catalase (rej);0.683;0;sem match válido;Qwen3.5-4B-QLoRA
ID_3256932358053453;18;cat gene transcription;catalase (rej);0.468;0;sem match válido;Qwen3.5-4B-QLoRA
ID_3256932358053453;19;cat gene transcription regulation;ros-mitochondria pathway (rej);0.456;0;sem match válido;Qwen3.5-4B-QLoRA
ID_3256932358053453;20;cat protein content;catalase (rej);0.514;0;sem match válido;Qwen3.5-4B-QLoRA
ID_3258168964977007;1;artificial ant colony;artiticial ant colony;0.774;3;match válido;Qwen3.5-4B-QLoRA
ID_3258168964977007;2;artificial ant colony networks;artiticial ant colony (rej);0.677;0;sem match válido;Qwen3.5-4B-QLoRA
ID_3258168964977007;3;artificial neural networks;particle swarm optimization (rej);0.371;0;sem match válido;Qwen3.5-4B-QLoRA
ID_3258168964977007;4;core fuel reload;core fuel reload;1.000;3;match válido;Qwen3.5-4B-QLoRA
ID_3258168964977007;5;critical safety function;sistemas críticos (rej);0.653;0;sem match válido;Qwen3.5-4B-QLoRA
ID_3258168964977007;6;doppler feedback;sistemas críticos (rej);0.299;0;sem match válido;Qwen3.5-4B-QLoRA
ID_3258168964977007;7;evolutionary algorithm;particle swarm optimization (rej);0.441;0;sem match válido;Qwen3.5-4B-QLoRA
ID_3258168964977007;8;identification of accidents;plant transient identification (rej);0.323;0;sem match válido;Qwen3.5-4B-QLoRA
ID_3258168964977007;9;identification of nuclear power plant transients;power plant transient;0.798;3;match válido;Qwen3.5-4B-QLoRA
ID_3258168964977007;10;identification of radionuclídeos;radiotherapy treatment (rej);0.426;0;sem match válido;Qwen3.5-4B-QLoRA
ID_3258168964977007;11;identification of transients;plant transient identification (rej);0.615;0;sem match válido;Qwen3.5-4B-QLoRA
ID_3258168964977007;12;identification of transients in pwr;plant transient identification (rej);0.561;0;sem match válido;Qwen3.5-4B-QLoRA
ID_3258168964977007;13;identification of transients using particle swarm;particle swarm optimization (rej);0.679;0;sem match válido;Qwen3.5-4B-QLoRA
ID_3258168964977007;14;isodose curve determination;dose optimization (rej);0.329;0;sem match válido;Qwen3.5-4B-QLoRA
ID_3258168964977007;15;nuclear core fuel reload;nuclear core fuel;0.859;3;match válido;Qwen3.5-4B-QLoRA
ID_3258168964977007;16;nuclear power plant;nuclear power plant;1.000;3;match válido;Qwen3.5-4B-QLoRA
ID_3258168964977007;17;nuclear power plant transients;power plant transients;0.891;3;match válido;Qwen3.5-4B-QLoRA
ID_3258168964977007;18;nuclear reload optimization;reload optimization problem (rej);0.746;0;sem match válido;Qwen3.5-4B-QLoRA
ID_3258168964977007;19;nuclear reactors reload;nuclear reactor core;0.764;3;match válido;Qwen3.5-4B-QLoRA
ID_3258168964977007;20;nuclear reload;nuclear reactor core (rej);0.690;0;sem match válido;Qwen3.5-4B-QLoRA
ID_3314639624288740;1;ab initio calculations;ab initio conformational map (rej);0.680;0;sem match válido;Qwen3.5-4B-QLoRA
ID_3314639624288740;2;ab initio conformational maps;ab initio conformational map;0.985;2;match válido;Qwen3.5-4B-QLoRA
ID_3314639624288740;3;ab initio conformational study;ab initio conformational map (rej);0.837;0;sem match válido;Qwen3.5-4B-QLoRA
ID_3314639624288740;4;ab initio rigid conformational maps;ab initio conformational map (rej);0.938;0;sem match válido;Qwen3.5-4B-QLoRA
ID_3314639624288740;5;ab initio studies;ab initio conformational map (rej);0.623;0;sem match válido;Qwen3.5-4B-QLoRA
ID_3314639624288740;6;anomeric effect;resonance (rej);0.446;0;sem match válido;Qwen3.5-4B-QLoRA
ID_3314639624288740;7;b3lyp;structure (rej);0.398;0;sem match válido;Qwen3.5-4B-QLoRA
ID_3314639624288740;8;conformational map;conformational map;1.000;2;match válido;Qwen3.5-4B-QLoRA
ID_3314639624288740;9;conformational study;conformational map (rej);0.773;0;sem match válido;Qwen3.5-4B-QLoRA
ID_3314639624288740;10;density functional theory;density functional theory;1.000;2;match válido;Qwen3.5-4B-QLoRA
ID_3314639624288740;11;density functional theory (dft);density functional theory (rej);0.893;0;sem match válido;Qwen3.5-4B-QLoRA
ID_3314639624288740;12;density functional theory (dft) studies;density functional study;0.873;2;match válido;Qwen3.5-4B-QLoRA
ID_3314639624288740;13;density functional theory (dft/b3lyp);density functional theory (rej);0.842;0;sem match válido;Qwen3.5-4B-QLoRA
ID_3314639624288740;14;density functional theory (dft/b3lyp) studies;density functional study (rej);0.831;0;sem match válido;Qwen3.5-4B-QLoRA
ID_3314639624288740;15;electronic ground state;potential energy surface (rej);0.404;0;sem match válido;Qwen3.5-4B-QLoRA
ID_3314639624288740;16;electronic ground states;structure (rej);0.410;0;sem match válido;Qwen3.5-4B-QLoRA
ID_3314639624288740;17;electronic ground-state;potential energy surface (rej);0.391;0;sem match válido;Qwen3.5-4B-QLoRA
ID_3314639624288740;18;electronic ground-state structure;structure (rej);0.540;0;sem match válido;Qwen3.5-4B-QLoRA
ID_3314639624288740;19;electronic structure;structure (rej);0.630;0;sem match válido;Qwen3.5-4B-QLoRA
ID_3314639624288740;20;energy surfaces;potential energy surface;0.880;3;match válido;Qwen3.5-4B-QLoRA
ID_3341755886753117;1;capacitance matching;capacitance matching;1.000;3;match válido;Qwen3.5-4B-QLoRA
ID_3341755886753117;2;capacitance ratio approximation;capacitance ratio approximations;0.996;1;match válido;Qwen3.5-4B-QLoRA
ID_3341755886753117;3;capacitance ratio measurements;capacitance ratio assignment;0.896;2;match válido;Qwen3.5-4B-QLoRA
ID_3341755886753117;4;capacitor ratio approximation;capacitance ratio approximations (rej);0.918;0;sem match válido;Qwen3.5-4B-QLoRA
ID_3341755886753117;5;capacitor ratio measurements;capacitance ratio approximations (rej);0.858;0;sem match válido;Qwen3.5-4B-QLoRA
ID_3341755886753117;6;capacitors in parallel;identical unit capacitors;0.799;1;match válido;Qwen3.5-4B-QLoRA
ID_3341755886753117;7;capacitors to improve;unit capacitors (rej);0.814;0;sem match válido;Qwen3.5-4B-QLoRA
ID_3341755886753117;8;capacitors to minimize;unit capacitors (rej);0.776;0;sem match válido;Qwen3.5-4B-QLoRA
ID_3341755886753117;9;capacitors to optimize;unit capacitors (rej);0.794;0;sem match válido;Qwen3.5-4B-QLoRA
ID_3341755886753117;10;capacitors to provide;unit capacitors;0.866;3;match válido;Qwen3.5-4B-QLoRA
ID_3341755886753117;11;capacitors to save;unit capacitors (rej);0.767;0;sem match válido;Qwen3.5-4B-QLoRA
ID_3341755886753117;12;capacitors for low-frequency;unit capacitors (rej);0.797;0;sem match válido;Qwen3.5-4B-QLoRA
ID_3341755886753117;13;capacitors for low-sensitivity;unit capacitors (rej);0.790;0;sem match válido;Qwen3.5-4B-QLoRA
ID_3341755886753117;14;capacitors in series;unit capacitors (rej);0.816;0;sem match válido;Qwen3.5-4B-QLoRA
ID_3341755886753117;15;capacitors in switched-capacitor;switched capacitor filters;0.775;3;match válido;Qwen3.5-4B-QLoRA
ID_3341755886753117;16;capacitors in switched-capacitor filters;switched-capacitor filters;0.957;3;match válido;Qwen3.5-4B-QLoRA
ID_3341755886753117;17;capacitors to optimize capacitance;capacitance;0.815;2;match válido;Qwen3.5-4B-QLoRA
ID_3341755886753117;18;capacitors to provide larger;unit capacitors (rej);0.783;0;sem match válido;Qwen3.5-4B-QLoRA
ID_3341755886753117;19;capacitors to save die;unit capacitors (rej);0.743;0;sem match válido;Qwen3.5-4B-QLoRA
ID_3341755886753117;20;capacitors to save die area;unit capacitors (rej);0.748;0;sem match válido;Qwen3.5-4B-QLoRA
ID_3387018530825694;1;aspect-oriented programming;aspect-oriented programming;1.000;2;match válido;Qwen3.5-4B-QLoRA
ID_3387018530825694;2;aspect-oriented software;aspect-oriented programming (rej);0.855;0;sem match válido;Qwen3.5-4B-QLoRA
ID_3387018530825694;3;aspect-oriented software development;aspect-oriented programming (rej);0.791;0;sem match válido;Qwen3.5-4B-QLoRA
ID_3387018530825694;4;aspect-oriented systems;aspect-oriented programming (rej);0.851;0;sem match válido;Qwen3.5-4B-QLoRA
ID_3387018530825694;5;aspect-oriented technologies;aspect-oriented programming (rej);0.780;0;sem match válido;Qwen3.5-4B-QLoRA
ID_3387018530825694;6;aspect-oriented unit testing;aspect-oriented programming (rej);0.479;0;sem match válido;Qwen3.5-4B-QLoRA
ID_3387018530825694;7;aspect-based design;aspect-oriented programming (rej);0.803;0;sem match válido;Qwen3.5-4B-QLoRA
ID_3387018530825694;8;aspect-based design patterns;aspect-oriented programming (rej);0.723;0;sem match válido;Qwen3.5-4B-QLoRA
ID_3387018530825694;9;aspect-based software;aspect-oriented programming (rej);0.843;0;sem match válido;Qwen3.5-4B-QLoRA
ID_3387018530825694;10;aspect-based software engineering;software engineering;0.811;3;match válido;Qwen3.5-4B-QLoRA
ID_3387018530825694;11;;;;;;Qwen3.5-4B-QLoRA
ID_3387018530825694;12;;;;;;Qwen3.5-4B-QLoRA
ID_3387018530825694;13;;;;;;Qwen3.5-4B-QLoRA
ID_3387018530825694;14;;;;;;Qwen3.5-4B-QLoRA
ID_3387018530825694;15;;;;;;Qwen3.5-4B-QLoRA
ID_3387018530825694;16;;;;;;Qwen3.5-4B-QLoRA
ID_3387018530825694;17;;;;;;Qwen3.5-4B-QLoRA
ID_3387018530825694;18;;;;;;Qwen3.5-4B-QLoRA
ID_3387018530825694;19;;;;;;Qwen3.5-4B-QLoRA
ID_3387018530825694;20;;;;;;Qwen3.5-4B-QLoRA
ID_3413049864861519;1;branch-and-cut;cutting plane technique (rej);0.527;0;sem match válido;Qwen3.5-4B-QLoRA
ID_3413049864861519;2;correlation clustering;acyclic orientations (rej);0.310;0;sem match válido;Qwen3.5-4B-QLoRA
ID_3413049864861519;3;correlation clustering problem;resource inequalities formulation (rej);0.331;0;sem match válido;Qwen3.5-4B-QLoRA
ID_3413049864861519;4;correlation clustering problems;acyclic orientations (rej);0.341;0;sem match válido;Qwen3.5-4B-QLoRA
ID_3413049864861519;5;correlation-clustering problem;acyclic orientations (rej);0.356;0;sem match válido;Qwen3.5-4B-QLoRA
ID_3413049864861519;6;correlation-clustering problems;acyclic orientations (rej);0.371;0;sem match válido;Qwen3.5-4B-QLoRA
ID_3413049864861519;7;correlation-clustering problems related;combinatorial optimization problems (rej);0.374;0;sem match válido;Qwen3.5-4B-QLoRA
ID_3413049864861519;8;embedded network;embedded network;1.000;3;match válido;Qwen3.5-4B-QLoRA
ID_3413049864861519;9;embedded network submatrix;embedded network (rej);0.807;0;sem match válido;Qwen3.5-4B-QLoRA
ID_3413049864861519;10;exact approach;exact approach;1.000;2;match válido;Qwen3.5-4B-QLoRA
ID_3413049864861519;11;graph coloring;maximum balanced subgraph (rej);0.481;0;sem match válido;Qwen3.5-4B-QLoRA
ID_3413049864861519;12;graph coloring problem;maximum balanced subgraph (rej);0.489;0;sem match válido;Qwen3.5-4B-QLoRA
ID_3413049864861519;13;graph partition;maximum balanced subgraph (rej);0.524;0;sem match válido;Qwen3.5-4B-QLoRA
ID_3413049864861519;14;integer linear programming;integer programming formulations (rej);0.820;0;sem match válido;Qwen3.5-4B-QLoRA
ID_3413049864861519;15;integer programming formulations;integer programming formulations;1.000;3;match válido;Qwen3.5-4B-QLoRA
ID_3413049864861519;16;maximum balanced subgraph;maximum balanced subgraph;1.000;2;match válido;Qwen3.5-4B-QLoRA
ID_3413049864861519;17;maximum balanced subgraph problem;maximum balanced subgraph (rej);0.965;0;sem match válido;Qwen3.5-4B-QLoRA
ID_3413049864861519;18;maximum embedded network;embedded network (rej);0.807;0;sem match válido;Qwen3.5-4B-QLoRA
ID_3413049864861519;19;maximum k-balanced subgraph;maximum balanced subgraph (rej);0.866;0;sem match válido;Qwen3.5-4B-QLoRA
ID_3413049864861519;20;network matrices;embedded network (rej);0.629;0;sem match válido;Qwen3.5-4B-QLoRA
ID_3496070172209437;1;bradyrhizobium elkanii;bradyrhizobium elkanii;1.000;3;match válido;Qwen3.5-4B-QLoRA
ID_3496070172209437;2;bradyrhizobium japonicum;species bradyrhizobium japonicum;0.959;3;match válido;Qwen3.5-4B-QLoRA
ID_3496070172209437;3;bradyrhizobium strains;bradyrhizobium;0.908;2;match válido;Qwen3.5-4B-QLoRA
ID_3496070172209437;4;bradyrhizobium species;bradyrhizobium elkanii (rej);0.944;0;sem match válido;Qwen3.5-4B-QLoRA
ID_3496070172209437;5;diazotrophic bacteria;bacterial isolates (rej);0.713;0;sem match válido;Qwen3.5-4B-QLoRA
ID_3496070172209437;6;genetic diversity;genetic diversity;1.000;3;match válido;Qwen3.5-4B-QLoRA
ID_3496070172209437;7;indolic compounds;indolic compounds;1.000;3;match válido;Qwen3.5-4B-QLoRA
ID_3496070172209437;8;indole production;indolic compounds (rej);0.568;0;sem match válido;Qwen3.5-4B-QLoRA
ID_3496070172209437;9;induced systemic resistance;resistance to anticarsia (rej);0.611;0;sem match válido;Qwen3.5-4B-QLoRA
ID_3496070172209437;10;nitrogen fixation;nitrogen fixation;1.000;3;match válido;Qwen3.5-4B-QLoRA
ID_3496070172209437;11;nitrogen fixing bacteria;nitrogen fixation (rej);0.767;0;sem match válido;Qwen3.5-4B-QLoRA
ID_3496070172209437;12;plant growth promotion;plant growth-promoting;0.970;3;match válido;Qwen3.5-4B-QLoRA
ID_3496070172209437;13;plant growth-promoting bacteria;plant growth-promoting bacteria;1.000;3;match válido;Qwen3.5-4B-QLoRA
ID_3496070172209437;14;plant growth-promoting rhizobacteria;plant growth-promoting rhizobacteria;1.000;3;match válido;Qwen3.5-4B-QLoRA
ID_3496070172209437;15;rhizobia;strains of rhizobacteria (rej);0.782;0;sem match válido;Qwen3.5-4B-QLoRA
ID_3496070172209437;16;rhizobium;bradyrhizobium (rej);0.745;0;sem match válido;Qwen3.5-4B-QLoRA
ID_3496070172209437;17;rhizosphere;bradyrhizobium (rej);0.535;0;sem match válido;Qwen3.5-4B-QLoRA
ID_3496070172209437;18;rhizosphere bacterial community;strains of rhizobacteria;0.823;1;match válido;Qwen3.5-4B-QLoRA
ID_3496070172209437;19;rhizospheric soil;soil management systems (rej);0.522;0;sem match válido;Qwen3.5-4B-QLoRA
ID_3496070172209437;20;rhizospheric soil of canola;stages of canola (rej);0.651;0;sem match válido;Qwen3.5-4B-QLoRA
ID_3524890504250775;1;atomic force microscopy;spectroscopy (rej);0.611;0;sem match válido;Qwen3.5-4B-QLoRA
ID_3524890504250775;2;atomic force microsocpy;microleakage (rej);0.494;0;sem match válido;Qwen3.5-4B-QLoRA
ID_3524890504250775;3;atomic force microsocpy fo;spectroscopy (rej);0.496;0;sem match válido;Qwen3.5-4B-QLoRA
ID_3524890504250775;4;bond strength;enamel (rej);0.353;0;sem match válido;Qwen3.5-4B-QLoRA
ID_3524890504250775;5;caries-affected dentin;enamel and dentin (rej);0.777;0;sem match válido;Qwen3.5-4B-QLoRA
ID_3524890504250775;6;caries-affected dentin was removed;enamel and dentin (rej);0.680;0;sem match válido;Qwen3.5-4B-QLoRA
ID_3524890504250775;7;co2 laser;laser de diodo;0.757;1;match válido;Qwen3.5-4B-QLoRA
ID_3524890504250775;8;copper laser;diode laser;0.792;1;match válido;Qwen3.5-4B-QLoRA
ID_3524890504250775;9;dentin;dental enamel;0.833;1;match válido;Qwen3.5-4B-QLoRA
ID_3524890504250775;10;dentin control;enamel and dentin (rej);0.742;0;sem match válido;Qwen3.5-4B-QLoRA
ID_3524890504250775;11;dentin irradiation;dental enamel (rej);0.725;0;sem match válido;Qwen3.5-4B-QLoRA
ID_3524890504250775;12;dentin surfaces;enamel and dentin (rej);0.919;0;sem match válido;Qwen3.5-4B-QLoRA
ID_3524890504250775;13;enamel;enamel;1.000;1;match válido;Qwen3.5-4B-QLoRA
ID_3524890504250775;14;enamel and dentin;enamel and dentin;1.000;1;match válido;Qwen3.5-4B-QLoRA
ID_3524890504250775;15;enamel control;enamel demineralization (rej);0.660;0;sem match válido;Qwen3.5-4B-QLoRA
ID_3524890504250775;16;enamel demineralization;enamel demineralization;1.000;2;match válido;Qwen3.5-4B-QLoRA
ID_3524890504250775;17;enamel irradiation;laser irradiation;0.791;2;match válido;Qwen3.5-4B-QLoRA
ID_3524890504250775;18;enamel surfaces;enamel demineralization (rej);0.760;0;sem match válido;Qwen3.5-4B-QLoRA
ID_3524890504250775;19;erbium chromium yttrium scandium gallium garnet;ftir (rej);0.377;0;sem match válido;Qwen3.5-4B-QLoRA
ID_3524890504250775;20;erbium laser;er:yag laser;0.793;1;match válido;Qwen3.5-4B-QLoRA
ID_3532765293459410;1;apparent digestibility;digestibilidade aparente;0.970;2;match válido;Qwen3.5-4B-QLoRA
ID_3532765293459410;2;carbohydrate source;total digestible nutrients (rej);0.646;0;sem match válido;Qwen3.5-4B-QLoRA
ID_3532765293459410;3;cell wall;nellore (rej);0.337;0;sem match válido;Qwen3.5-4B-QLoRA
ID_3532765293459410;4;cell wall carbohydrates;total digestible nutrients (rej);0.511;0;sem match válido;Qwen3.5-4B-QLoRA
ID_3532765293459410;5;degradable fraction;total e parcial (rej);0.498;0;sem match válido;Qwen3.5-4B-QLoRA
ID_3532765293459410;6;digestibility;digestibility;1.000;3;match válido;Qwen3.5-4B-QLoRA
ID_3532765293459410;7;digestibility coefficient;consumo e digestibilidade;0.875;2;match válido;Qwen3.5-4B-QLoRA
ID_3532765293459410;8;digestible fraction;total digestibilities;0.772;2;match válido;Qwen3.5-4B-QLoRA
ID_3532765293459410;9;digestible fractions;total digestibilities (rej);0.722;0;sem match válido;Qwen3.5-4B-QLoRA
ID_3532765293459410;10;dietary protein;protein;0.923;3;match válido;Qwen3.5-4B-QLoRA
ID_3532765293459410;11;dietary protein level;níveis de proteína;0.910;2;match válido;Qwen3.5-4B-QLoRA
ID_3532765293459410;12;energy;metabolizable energy (rej);0.685;0;sem match válido;Qwen3.5-4B-QLoRA
ID_3532765293459410;13;energy requirement;metabolizable energy (rej);0.638;0;sem match válido;Qwen3.5-4B-QLoRA
ID_3532765293459410;14;fiber in detergent;neutral detergent fiber (rej);0.899;0;sem match válido;Qwen3.5-4B-QLoRA
ID_3532765293459410;15;fiber in detergent neutral;neutral detergent fiber (rej);0.977;0;sem match válido;Qwen3.5-4B-QLoRA
ID_3532765293459410;16;fiber in detergent neutral indigestible;neutral detergent fiber (rej);0.833;0;sem match válido;Qwen3.5-4B-QLoRA
ID_3532765293459410;17;fiber in neutral detergent;neutral detergent fiber;0.977;2;match válido;Qwen3.5-4B-QLoRA
ID_3532765293459410;18;fracao indigestivel;total digestibilities (rej);0.625;0;sem match válido;Qwen3.5-4B-QLoRA
ID_3532765293459410;19;fracao indegradavel;nellore (rej);0.590;0;sem match válido;Qwen3.5-4B-QLoRA
ID_3532765293459410;20;fracao indigestível;digestibilidade aparente (rej);0.812;0;sem match válido;Qwen3.5-4B-QLoRA
ID_3563923906851611;1;behavior preservation;behavior preservation;1.000;2;match válido;Qwen3.5-4B-QLoRA
ID_3563923906851611;2;conformance checking;conformance (rej);0.810;0;sem match válido;Qwen3.5-4B-QLoRA
ID_3563923906851611;3;conformance relationship;conformance;0.939;2;match válido;Qwen3.5-4B-QLoRA
ID_3563923906851611;4;feature model;object model (rej);0.610;0;sem match válido;Qwen3.5-4B-QLoRA
ID_3563923906851611;5;formal semantics;static semantics (rej);0.638;0;sem match válido;Qwen3.5-4B-QLoRA
ID_3563923906851611;6;formal specification;type system (rej);0.517;0;sem match válido;Qwen3.5-4B-QLoRA
ID_3563923906851611;7;formal specification language;type system (rej);0.550;0;sem match válido;Qwen3.5-4B-QLoRA
ID_3563923906851611;8;model-driven refactoring;model-driven refactoring;1.000;3;match válido;Qwen3.5-4B-QLoRA
ID_3563923906851611;9;object models;object model;0.970;1;match válido;Qwen3.5-4B-QLoRA
ID_3563923906851611;10;object-oriented programming laws;object-oriented programming laws;1.000;2;match válido;Qwen3.5-4B-QLoRA
ID_3563923906851611;11;object-oriented programming laws for annotated;object-oriented programming laws (rej);0.776;0;sem match válido;Qwen3.5-4B-QLoRA
ID_3563923906851611;12;object-oriented programming laws for jml;object-oriented programming laws (rej);0.817;0;sem match válido;Qwen3.5-4B-QLoRA
ID_3563923906851611;13;object-oriented programming laws for jml programs;object-oriented programming laws (rej);0.836;0;sem match válido;Qwen3.5-4B-QLoRA
ID_3563923906851611;14;object-oriented programming laws for jml programs (abstract);object-oriented programming laws (rej);0.837;0;sem match válido;Qwen3.5-4B-QLoRA
ID_3563923906851611;15;object-oriented programming laws for jml programs (example);object-oriented programming laws (rej);0.848;0;sem match válido;Qwen3.5-4B-QLoRA
ID_3563923906851611;16;object-oriented programming laws for jml programs (formal);object-oriented programming laws (rej);0.799;0;sem match válido;Qwen3.5-4B-QLoRA
ID_3563923906851611;17;object-oriented programming laws for jml programs (laws);object-oriented programming laws (rej);0.854;0;sem match válido;Qwen3.5-4B-QLoRA
ID_3563923906851611;18;object-oriented programming laws for jml programs (object-oriented programming laws);object-oriented programming laws (rej);0.873;0;sem match válido;Qwen3.5-4B-QLoRA
ID_3563923906851611;19;object-oriented programming laws for jml programs (object-oriented programming laws for annotated java programs);object-oriented programming laws (rej);0.811;0;sem match válido;Qwen3.5-4B-QLoRA
ID_3563923906851611;20;;;;;;Qwen3.5-4B-QLoRA
ID_3569531507114017;1;atomic force microscopy;performed magneto-photoluminescence experiments (rej);0.536;0;sem match válido;Qwen3.5-4B-QLoRA
ID_3569531507114017;2;atomic force microscopy study;performed magneto-photoluminescence experiments (rej);0.513;0;sem match válido;Qwen3.5-4B-QLoRA
ID_3569531507114017;3;bifurcation diagrams;bifurcation diagrams;1.000;2;match válido;Qwen3.5-4B-QLoRA
ID_3569531507114017;4;bifurcation diagrams in semi-insulating;bifurcation diagrams (rej);0.755;0;sem match válido;Qwen3.5-4B-QLoRA
ID_3569531507114017;5;chaos;afm (rej);0.379;0;sem match válido;Qwen3.5-4B-QLoRA
ID_3569531507114017;6;chaotic current oscillations;low frequency oscillations (rej);0.742;0;sem match válido;Qwen3.5-4B-QLoRA
ID_3569531507114017;7;current oscillations;low frequency oscillations;0.818;2;match válido;Qwen3.5-4B-QLoRA
ID_3569531507114017;8;differential activation energy;threshold electric field (rej);0.518;0;sem match válido;Qwen3.5-4B-QLoRA
ID_3569531507114017;9;dimer exchange process;etching rate (rej);0.400;0;sem match válido;Qwen3.5-4B-QLoRA
ID_3569531507114017;10;dimer exchange process in surfactant;surfactant (rej);0.683;0;sem match válido;Qwen3.5-4B-QLoRA
ID_3569531507114017;11;gaas;semi-insulating gaas (rej);0.621;0;sem match válido;Qwen3.5-4B-QLoRA
ID_3569531507114017;12;gaas samples grown;growth of inas (rej);0.500;0;sem match válido;Qwen3.5-4B-QLoRA
ID_3569531507114017;13;gaas spacer;gaas spacer;1.000;3;match válido;Qwen3.5-4B-QLoRA
ID_3569531507114017;14;gaas spacer thickness;gaas spacer (rej);0.538;0;sem match válido;Qwen3.5-4B-QLoRA
ID_3569531507114017;15;gaas superlattices;semi-insulating gaas (rej);0.617;0;sem match válido;Qwen3.5-4B-QLoRA
ID_3569531507114017;16;hopping conduction;variable range hopping (rej);0.549;0;sem match válido;Qwen3.5-4B-QLoRA
ID_3569531507114017;17;impact ionization;impact ionization;1.000;2;match válido;Qwen3.5-4B-QLoRA
ID_3569531507114017;18;impact ionization and field-enhanced;impact ionization (rej);0.924;0;sem match válido;Qwen3.5-4B-QLoRA
ID_3569531507114017;19;impurity breakdown;resistivity measurements (rej);0.466;0;sem match válido;Qwen3.5-4B-QLoRA
ID_3569531507114017;20;impurity energy;resistivity measurements (rej);0.505;0;sem match válido;Qwen3.5-4B-QLoRA
ID_3590884268165249;1;arsenic;arsenic;1.000;3;match válido;Qwen3.5-4B-QLoRA
ID_3590884268165249;2;arsenic speciation;arsenic (rej);0.916;0;sem match válido;Qwen3.5-4B-QLoRA
ID_3590884268165249;3;arsenic determination;arsenic removal;0.865;3;match válido;Qwen3.5-4B-QLoRA
ID_3590884268165249;4;arsenic speciation analysis;arsenic (rej);0.859;0;sem match válido;Qwen3.5-4B-QLoRA
ID_3590884268165249;5;arsenite adsorption;arsenic (rej);0.699;0;sem match válido;Qwen3.5-4B-QLoRA
ID_3590884268165249;6;arsenite immobilization;arsenic (rej);0.668;0;sem match válido;Qwen3.5-4B-QLoRA
ID_3590884268165249;7;arsenite selective immobilization;arsenic (rej);0.605;0;sem match válido;Qwen3.5-4B-QLoRA
ID_3590884268165249;8;arsenite uptake;arsenic (rej);0.735;0;sem match válido;Qwen3.5-4B-QLoRA
ID_3590884268165249;9;arsenite–biomass complex;arsenic (rej);0.636;0;sem match válido;Qwen3.5-4B-QLoRA
ID_3590884268165249;10;arsenite–biomass interaction;arsenic (rej);0.649;0;sem match válido;Qwen3.5-4B-QLoRA
ID_3590884268165249;11;arsenite–protein interaction;arsenic (rej);0.572;0;sem match válido;Qwen3.5-4B-QLoRA
ID_3590884268165249;12;arsenite–protein-rich biomass;arsenic (rej);0.573;0;sem match válido;Qwen3.5-4B-QLoRA
ID_3590884268165249;13;arsenite–thiolated biomaterials;arsenic (rej);0.584;0;sem match válido;Qwen3.5-4B-QLoRA
ID_3590884268165249;14;arsenite–thiolated protein-rich biomass;iron and arsenic (rej);0.504;0;sem match válido;Qwen3.5-4B-QLoRA
ID_3590884268165249;15;arsenite–thiolated protein-rich waste;iron and arsenic (rej);0.579;0;sem match válido;Qwen3.5-4B-QLoRA
ID_3590884268165249;16;arsenite–thiolated protein-rich waste materials;iron and arsenic (rej);0.565;0;sem match válido;Qwen3.5-4B-QLoRA
ID_3590884268165249;17;arsenic and cadmium;iron and arsenic;0.842;3;match válido;Qwen3.5-4B-QLoRA
ID_3590884268165249;18;arsenic biosorption;arsenic (rej);0.854;0;sem match válido;Qwen3.5-4B-QLoRA
ID_3590884268165249;19;arsenic complexation;arsenic (rej);0.898;0;sem match válido;Qwen3.5-4B-QLoRA
ID_3590884268165249;20;arsenic immobilization;arsenic (rej);0.871;0;sem match válido;Qwen3.5-4B-QLoRA
ID_3594651355252245;1;absorbing-state phase-transition;optical absorption (rej);0.556;0;sem match válido;Qwen3.5-4B-QLoRA
ID_3594651355252245;2;absorbing-state phase transitions;optical absorption (rej);0.543;0;sem match válido;Qwen3.5-4B-QLoRA
ID_3594651355252245;3;absorbing-state phase-transitions;optical absorption (rej);0.544;0;sem match válido;Qwen3.5-4B-QLoRA
ID_3594651355252245;4;;;;;;Qwen3.5-4B-QLoRA
ID_3594651355252245;5;;;;;;Qwen3.5-4B-QLoRA
ID_3594651355252245;6;;;;;;Qwen3.5-4B-QLoRA
ID_3594651355252245;7;;;;;;Qwen3.5-4B-QLoRA
ID_3594651355252245;8;;;;;;Qwen3.5-4B-QLoRA
ID_3594651355252245;9;;;;;;Qwen3.5-4B-QLoRA
ID_3594651355252245;10;;;;;;Qwen3.5-4B-QLoRA
ID_3594651355252245;11;;;;;;Qwen3.5-4B-QLoRA
ID_3594651355252245;12;;;;;;Qwen3.5-4B-QLoRA
ID_3594651355252245;13;;;;;;Qwen3.5-4B-QLoRA
ID_3594651355252245;14;;;;;;Qwen3.5-4B-QLoRA
ID_3594651355252245;15;;;;;;Qwen3.5-4B-QLoRA
ID_3594651355252245;16;;;;;;Qwen3.5-4B-QLoRA
ID_3594651355252245;17;;;;;;Qwen3.5-4B-QLoRA
ID_3594651355252245;18;;;;;;Qwen3.5-4B-QLoRA
ID_3594651355252245;19;;;;;;Qwen3.5-4B-QLoRA
ID_3594651355252245;20;;;;;;Qwen3.5-4B-QLoRA
ID_3621433615334969;1;congestion control;traffic management (rej);0.745;0;sem match válido;Qwen3.5-4B-QLoRA
ID_3621433615334969;2;evolutionary game-theoretic approach;evolutionary game-theoretic approach;1.000;1;match válido;Qwen3.5-4B-QLoRA
ID_3621433615334969;3;game-theoretic approach;game theory;0.960;2;match válido;Qwen3.5-4B-QLoRA
ID_3621433615334969;4;heterogeneous download times;peer-to-peer file-sharing (rej);0.407;0;sem match válido;Qwen3.5-4B-QLoRA
ID_3621433615334969;5;internet traffic;network traffic characterization;0.794;2;match válido;Qwen3.5-4B-QLoRA
ID_3621433615334969;6;multi-tree peer-to-peer video;peer-to-peer file-sharing (rej);0.634;0;sem match válido;Qwen3.5-4B-QLoRA
ID_3621433615334969;7;multi-tree peer-to-peer video streaming;peer-to-peer file-sharing (rej);0.652;0;sem match válido;Qwen3.5-4B-QLoRA
ID_3621433615334969;8;network simulation efficiency;simulation efficiency;0.796;1;match válido;Qwen3.5-4B-QLoRA
ID_3621433615334969;9;peer-to-peer file sharing;peer-to-peer file-sharing;0.992;2;match válido;Qwen3.5-4B-QLoRA
ID_3621433615334969;10;peer-to-peer video streaming;peer-to-peer sharing systems (rej);0.671;0;sem match válido;Qwen3.5-4B-QLoRA
ID_3621433615334969;11;preferential attachment model;long-range dependence (rej);0.459;0;sem match válido;Qwen3.5-4B-QLoRA
ID_3621433615334969;12;ranking in collaboration;ranking in collaboration;1.000;2;match válido;Qwen3.5-4B-QLoRA
ID_3621433615334969;13;ranking in sport;ranking in sport;1.000;1;match válido;Qwen3.5-4B-QLoRA
ID_3621433615334969;14;random walks;game theory (rej);0.268;0;sem match válido;Qwen3.5-4B-QLoRA
ID_3621433615334969;15;social networks;collaboration networks (rej);0.713;0;sem match válido;Qwen3.5-4B-QLoRA
ID_3621433615334969;16;tussle between isps;isp (rej);0.613;0;sem match válido;Qwen3.5-4B-QLoRA
ID_3621433615334969;17;unpopular swarms;collaboration networks (rej);0.307;0;sem match válido;Qwen3.5-4B-QLoRA
ID_3621433615334969;18;voice transmission;voip (rej);0.424;0;sem match válido;Qwen3.5-4B-QLoRA
ID_3621433615334969;19;wireless sensor networks;network models (rej);0.525;0;sem match válido;Qwen3.5-4B-QLoRA
ID_3621433615334969;20;wireless sensor networks algorithms;network models (rej);0.540;0;sem match válido;Qwen3.5-4B-QLoRA
ID_3663976246405654;1;heavy metals;heavy metals;1.000;2;match válido;Qwen3.5-4B-QLoRA
ID_3663976246405654;2;heavy metals availability;heavy metals (rej);0.862;0;sem match válido;Qwen3.5-4B-QLoRA
ID_3663976246405654;3;mercury;heavy metals (rej);0.534;0;sem match válido;Qwen3.5-4B-QLoRA
ID_3663976246405654;4;mercury speciation;heavy metals (rej);0.527;0;sem match válido;Qwen3.5-4B-QLoRA
ID_3663976246405654;5;methylmercury;heavy metals (rej);0.536;0;sem match válido;Qwen3.5-4B-QLoRA
ID_3663976246405654;6;methylmercury concentrations;heavy metals (rej);0.528;0;sem match válido;Qwen3.5-4B-QLoRA
ID_3663976246405654;7;organic matter;soil biosolid amendment (rej);0.526;0;sem match válido;Qwen3.5-4B-QLoRA
ID_3663976246405654;8;organic matter characterization;soil biosolid amendment (rej);0.461;0;sem match válido;Qwen3.5-4B-QLoRA
ID_3663976246405654;9;radionuclides;radionuclide behavior;0.933;3;match válido;Qwen3.5-4B-QLoRA
ID_3663976246405654;10;radionuclides in soils;radionuclide behavior (rej);0.756;0;sem match válido;Qwen3.5-4B-QLoRA
ID_3663976246405654;11;sequential extraction;geochemical partitioning (rej);0.377;0;sem match válido;Qwen3.5-4B-QLoRA
ID_3663976246405654;12;sequential extraction protocol;geochemical partitioning (rej);0.278;0;sem match válido;Qwen3.5-4B-QLoRA
ID_3663976246405654;13;sequential extraction protocol proposed;trace elements (rej);0.278;0;sem match válido;Qwen3.5-4B-QLoRA
ID_3663976246405654;14;soil;soil;1.000;2;match válido;Qwen3.5-4B-QLoRA
ID_3663976246405654;15;soil properties;soil properties;1.000;2;match válido;Qwen3.5-4B-QLoRA
ID_3663976246405654;16;soil to plant transfer;soil-to-plant transfer;0.975;3;match válido;Qwen3.5-4B-QLoRA
ID_3663976246405654;17;soil-to-plant transfer factor;soil-to-plant transfer factor;1.000;3;match válido;Qwen3.5-4B-QLoRA
ID_3663976246405654;18;tissue analysis;radiological impact (rej);0.399;0;sem match válido;Qwen3.5-4B-QLoRA
ID_3663976246405654;19;trace metals;trace metal distribution;0.893;1;match válido;Qwen3.5-4B-QLoRA
ID_3663976246405654;20;trace metal;trace elements;0.774;2;match válido;Qwen3.5-4B-QLoRA
ID_3664073315037262;1;brazilian coastal systems;meteorological tides (rej);0.546;0;sem match válido;Qwen3.5-4B-QLoRA
ID_3664073315037262;2;coastal dynamics;meteorological tides (rej);0.702;0;sem match válido;Qwen3.5-4B-QLoRA
ID_3664073315037262;3;coastal dynamics and morphology;tidal range (rej);0.652;0;sem match válido;Qwen3.5-4B-QLoRA
ID_3664073315037262;4;coastal morphology;tidal range (rej);0.612;0;sem match válido;Qwen3.5-4B-QLoRA
ID_3664073315037262;5;coastal processes;transporte de sedimentos (rej);0.678;0;sem match válido;Qwen3.5-4B-QLoRA
ID_3664073315037262;6;coastal sedimentology;transporte de sedimentos;0.753;3;match válido;Qwen3.5-4B-QLoRA
ID_3664073315037262;7;diffusion-convection model;circulation (rej);0.455;0;sem match válido;Qwen3.5-4B-QLoRA
ID_3664073315037262;8;estuarine system;estuarine hydrodynamics (rej);0.752;0;sem match válido;Qwen3.5-4B-QLoRA
ID_3664073315037262;9;fine sediment fluxes;sedimentos em suspensão;0.796;2;match válido;Qwen3.5-4B-QLoRA
ID_3664073315037262;10;hydrodynamics;estuarine hydrodynamics;0.790;3;match válido;Qwen3.5-4B-QLoRA
ID_3664073315037262;11;inlet morphodynamics;estuarine hydrodynamics (rej);0.578;0;sem match válido;Qwen3.5-4B-QLoRA
ID_3664073315037262;12;inlet system;estuarine circulation (rej);0.597;0;sem match válido;Qwen3.5-4B-QLoRA
ID_3664073315037262;13;itapocu river;itajaí-açu river;0.851;1;match válido;Qwen3.5-4B-QLoRA
ID_3664073315037262;14;model of diffusion-convection;circulation (rej);0.433;0;sem match válido;Qwen3.5-4B-QLoRA
ID_3664073315037262;15;morphodynamics;estuarine hydrodynamics (rej);0.496;0;sem match válido;Qwen3.5-4B-QLoRA
ID_3664073315037262;16;morphodynamics at the;estuarine hydrodynamics (rej);0.507;0;sem match válido;Qwen3.5-4B-QLoRA
ID_3664073315037262;17;northeastern brazilian coast;meteorological tides (rej);0.449;0;sem match válido;Qwen3.5-4B-QLoRA
ID_3664073315037262;18;northeastern brazilian coast (brazil);meteorological tides (rej);0.442;0;sem match válido;Qwen3.5-4B-QLoRA
ID_3664073315037262;19;residual fluxes;estuarine circulation (rej);0.555;0;sem match válido;Qwen3.5-4B-QLoRA
ID_3664073315037262;20;residual transport;transport processes;0.804;3;match válido;Qwen3.5-4B-QLoRA
ID_3714905065293466;1;evolved stars;stars: evolution;0.930;2;match válido;Qwen3.5-4B-QLoRA
ID_3714905065293466;2;galactic halo;stellar core (rej);0.668;0;sem match válido;Qwen3.5-4B-QLoRA
ID_3714905065293466;3;galactic halo stars;solar-type stars (rej);0.746;0;sem match válido;Qwen3.5-4B-QLoRA
ID_3714905065293466;4;metal-poor stars;stars: late-type (rej);0.734;0;sem match válido;Qwen3.5-4B-QLoRA
ID_3714905065293466;5;non-gaussian statistics;non-gaussian (rej);0.647;0;sem match válido;Qwen3.5-4B-QLoRA
ID_3714905065293466;6;population ii stars;stars: population ii;0.979;1;match válido;Qwen3.5-4B-QLoRA
ID_3714905065293466;7;rotational behavior;rotational behavior;1.000;3;match válido;Qwen3.5-4B-QLoRA
ID_3714905065293466;8;rotational velocities;rotational velocity;0.990;3;match válido;Qwen3.5-4B-QLoRA
ID_3714905065293466;9;stellar rotation;stellar rotation;1.000;3;match válido;Qwen3.5-4B-QLoRA
ID_3714905065293466;10;stellar rotation rates;stars: rotation;0.873;3;match válido;Qwen3.5-4B-QLoRA
ID_3714905065293466;11;stellar rotation–age relation;stellar rotation (rej);0.875;0;sem match válido;Qwen3.5-4B-QLoRA
ID_3714905065293466;12;stellar rotation–age relation–age;stellar rotation (rej);0.868;0;sem match válido;Qwen3.5-4B-QLoRA
ID_3714905065293466;13;stellar rotation–age relation–age–age;stellar rotation (rej);0.860;0;sem match válido;Qwen3.5-4B-QLoRA
ID_3714905065293466;14;spectroscopic binary systems;binaries: spectroscopic;0.825;3;match válido;Qwen3.5-4B-QLoRA
ID_3714905065293466;15;statistical test;generalized distribution (rej);0.375;0;sem match válido;Qwen3.5-4B-QLoRA
ID_3714905065293466;16;time-dependent nonextensivity;true rotational (rej);0.413;0;sem match válido;Qwen3.5-4B-QLoRA
ID_3714905065293466;17;time-dependent nonextensivity arising;true rotational (rej);0.412;0;sem match válido;Qwen3.5-4B-QLoRA
ID_3714905065293466;18;tsallis formalism;tsallis formalism;1.000;3;match válido;Qwen3.5-4B-QLoRA
ID_3714905065293466;19;tsallis q-statistical formalism;tsallis formalism (rej);0.738;0;sem match válido;Qwen3.5-4B-QLoRA
ID_3714905065293466;20;tsallis q-statistical formalism–q-statistical formalism;tsallis formalism (rej);0.776;0;sem match válido;Qwen3.5-4B-QLoRA
ID_3718352314610417;1;behavioral changes;condições (rej);0.376;0;sem match válido;Qwen3.5-4B-QLoRA
ID_3718352314610417;2;larva migrans visceral;larva migrans;0.911;3;match válido;Qwen3.5-4B-QLoRA
ID_3718352314610417;3;larva migrans visceralis;visceral larva migrans;0.988;3;match válido;Qwen3.5-4B-QLoRA
ID_3718352314610417;4;larval stage;síndrome de larva (rej);0.706;0;sem match válido;Qwen3.5-4B-QLoRA
ID_3718352314610417;5;migratory larvae;larva migrans (rej);0.848;0;sem match válido;Qwen3.5-4B-QLoRA
ID_3718352314610417;6;parasitic infection;experimental infection;0.761;3;match válido;Qwen3.5-4B-QLoRA
ID_3718352314610417;7;parasitic nematode;toxocara canis larvae (rej);0.701;0;sem match válido;Qwen3.5-4B-QLoRA
ID_3718352314610417;8;parasitology;esquistossomose mansoni (rej);0.694;0;sem match válido;Qwen3.5-4B-QLoRA
ID_3718352314610417;9;parasitology and molecular;esquistossomose mansoni (rej);0.650;0;sem match válido;Qwen3.5-4B-QLoRA
ID_3718352314610417;10;parasitological diagnosis;human parasitism (rej);0.622;0;sem match válido;Qwen3.5-4B-QLoRA
ID_3718352314610417;11;parasitological methods;human parasitism (rej);0.629;0;sem match válido;Qwen3.5-4B-QLoRA
ID_3718352314610417;12;parasitology in children;síndrome de larva (rej);0.655;0;sem match válido;Qwen3.5-4B-QLoRA
ID_3718352314610417;13;parasitology in schoolchildren;síndrome de larva (rej);0.579;0;sem match válido;Qwen3.5-4B-QLoRA
ID_3718352314610417;14;parasitology in schoolchildren from;síndrome de larva (rej);0.570;0;sem match válido;Qwen3.5-4B-QLoRA
ID_3718352314610417;15;parasitology in schoolchildrens;síndrome de larva (rej);0.579;0;sem match válido;Qwen3.5-4B-QLoRA
ID_3718352314610417;16;parasitology in schoolchildrens from;síndrome de larva (rej);0.576;0;sem match válido;Qwen3.5-4B-QLoRA
ID_3718352314610417;17;parasitology in schoolchildrens’;síndrome de larva (rej);0.569;0;sem match válido;Qwen3.5-4B-QLoRA
ID_3718352314610417;18;parasitology in schoolchildrens’ from;síndrome de larva (rej);0.561;0;sem match válido;Qwen3.5-4B-QLoRA
ID_3718352314610417;19;parasitology in schoolchildrens’ from the;síndrome de larva (rej);0.554;0;sem match válido;Qwen3.5-4B-QLoRA
ID_3718352314610417;20;parasitology in schoolchildrens’ from the butanta;síndrome de larva (rej);0.530;0;sem match válido;Qwen3.5-4B-QLoRA
ID_3746397954560718;1;advective surface velocities;advective surface velocities;1.000;1;match válido;Qwen3.5-4B-QLoRA
ID_3746397954560718;2;brazilian coast;southern brazilian;0.764;1;match válido;Qwen3.5-4B-QLoRA
ID_3746397954560718;3;brazilian east coast;southern brazilian coast (rej);0.881;0;sem match válido;Qwen3.5-4B-QLoRA
ID_3746397954560718;4;eastern brazilian shelf;southern brazilian (rej);0.733;0;sem match válido;Qwen3.5-4B-QLoRA
ID_3746397954560718;5;inverse model;inverse model;1.000;2;match válido;Qwen3.5-4B-QLoRA
ID_3746397954560718;6;ocean circulation;princeton ocean model (rej);0.686;0;sem match válido;Qwen3.5-4B-QLoRA
ID_3746397954560718;7;oceanographic conditions;southwestern atlantic ocean (rej);0.726;0;sem match válido;Qwen3.5-4B-QLoRA
ID_3746397954560718;8;oceanography;southwestern atlantic ocean (rej);0.737;0;sem match válido;Qwen3.5-4B-QLoRA
ID_3746397954560718;9;oceanography and climate;marine ecology (rej);0.717;0;sem match válido;Qwen3.5-4B-QLoRA
ID_3746397954560718;10;oil spill;oil (rej);0.718;0;sem match válido;Qwen3.5-4B-QLoRA
ID_3746397954560718;11;oil spill contingency;oil spreading (rej);0.638;0;sem match válido;Qwen3.5-4B-QLoRA
ID_3746397954560718;12;oil spill contingency model;oil spreading (rej);0.611;0;sem match válido;Qwen3.5-4B-QLoRA
ID_3746397954560718;13;oils spill modeling;oil spreading (rej);0.705;0;sem match válido;Qwen3.5-4B-QLoRA
ID_3746397954560718;14;open ocean;southwestern atlantic ocean (rej);0.726;0;sem match válido;Qwen3.5-4B-QLoRA
ID_3746397954560718;15;princeton ocean model;princeton ocean model;1.000;1;match válido;Qwen3.5-4B-QLoRA
ID_3746397954560718;16;sea surface advective;tide (rej);0.625;0;sem match válido;Qwen3.5-4B-QLoRA
ID_3746397954560718;17;sea surface advective velocities;surface advective velocities;0.787;2;match válido;Qwen3.5-4B-QLoRA
ID_3746397954560718;18;sea surface temperature;sea level measurements (rej);0.716;0;sem match válido;Qwen3.5-4B-QLoRA
ID_3746397954560718;19;seasonal circulation;seasonal circulation;1.000;1;match válido;Qwen3.5-4B-QLoRA
ID_3746397954560718;20;southern brazilian coast;southern brazilian coast;1.000;2;match válido;Qwen3.5-4B-QLoRA
ID_3752951275341381;1;atmospheric circulation;tropospheric circulation;0.804;2;match válido;Qwen3.5-4B-QLoRA
ID_3752951275341381;2;atmospheric humidity;umidade na região;0.848;2;match válido;Qwen3.5-4B-QLoRA
ID_3752951275341381;3;atmospheric reanalysis;tropospheric circulation (rej);0.612;0;sem match válido;Qwen3.5-4B-QLoRA
ID_3752951275341381;4;assimilation;assimilation;1.000;3;match válido;Qwen3.5-4B-QLoRA
ID_3752951275341381;5;assimilation system;utilizado na assimilação;0.861;2;match válido;Qwen3.5-4B-QLoRA
ID_3752951275341381;6;brazilian meteorological centers;north-east brazil (rej);0.644;0;sem match válido;Qwen3.5-4B-QLoRA
ID_3752951275341381;7;data assimilation;data assimilation;1.000;3;match válido;Qwen3.5-4B-QLoRA
ID_3752951275341381;8;global data assimilation;assimilação de dados;0.788;3;match válido;Qwen3.5-4B-QLoRA
ID_3752951275341381;9;gpsmet;iwv-gps (rej);0.699;0;sem match válido;Qwen3.5-4B-QLoRA
ID_3752951275341381;10;numerical weather prediction;weather prediction;0.946;3;match válido;Qwen3.5-4B-QLoRA
ID_3752951275341381;11;operational forecast;forecast skill (rej);0.662;0;sem match válido;Qwen3.5-4B-QLoRA
ID_3752951275341381;12;physical-space statistical analysis;physical-space statistical analysis;1.000;3;match válido;Qwen3.5-4B-QLoRA
ID_3752951275341381;13;physical-space statistical analysis system;physical-space statistical analysis (rej);0.939;0;sem match válido;Qwen3.5-4B-QLoRA
ID_3752951275341381;14;physical-space statistical analysis system (psas);physical-space statistical analysis (rej);0.803;0;sem match válido;Qwen3.5-4B-QLoRA
ID_3752951275341381;15;physical-space statistical analysis system (psas) data assimilation;physical-space statistical analysis (rej);0.696;0;sem match válido;Qwen3.5-4B-QLoRA
ID_3752951275341381;16;psas;nwp (rej);0.292;0;sem match válido;Qwen3.5-4B-QLoRA
ID_3752951275341381;17;radio occultation;observation system (rej);0.409;0;sem match válido;Qwen3.5-4B-QLoRA
ID_3752951275341381;18;radio occultation gnss;observation system (rej);0.455;0;sem match válido;Qwen3.5-4B-QLoRA
ID_3752951275341381;19;regional reanalysis;reanalysis (rej);0.630;0;sem match válido;Qwen3.5-4B-QLoRA
ID_3752951275341381;20;reanalysis;reanalysis;1.000;3;match válido;Qwen3.5-4B-QLoRA
ID_3753627053150603;1;entanglement;entanglement;1.000;3;match válido;Qwen3.5-4B-QLoRA
ID_3753627053150603;2;entanglement sudden death;entanglement (rej);0.699;0;sem match válido;Qwen3.5-4B-QLoRA
ID_3753627053150603;3;electromagnetically induced transparency;spectra of electromagnetically-induced-transparency;0.942;2;match válido;Qwen3.5-4B-QLoRA
ID_3753627053150603;4;extra phase noise;shot noise (rej);0.574;0;sem match válido;Qwen3.5-4B-QLoRA
ID_3753627053150603;5;optical parametric oscillators;optical parametric oscillator;0.988;3;match válido;Qwen3.5-4B-QLoRA
ID_3753627053150603;6;quantum correlations;quantum correlations;1.000;3;match válido;Qwen3.5-4B-QLoRA
ID_3753627053150603;7;quantum information; quantum statistical methods (rej);0.737;0;sem match válido;Qwen3.5-4B-QLoRA
ID_3753627053150603;8;quantum noise;quantum fluctuations (rej);0.713;0;sem match válido;Qwen3.5-4B-QLoRA
ID_3753627053150603;9;quantum state reconstruction;quantum state reconstruction;1.000;3;match válido;Qwen3.5-4B-QLoRA
ID_3753627053150603;10;squeezing;entanglement (rej);0.405;0;sem match válido;Qwen3.5-4B-QLoRA
ID_3753627053150603;11;squeezing and entanglement;entanglement (rej);0.810;0;sem match válido;Qwen3.5-4B-QLoRA
ID_3753627053150603;12;statistical properties; quantum statistical methods (rej);0.624;0;sem match válido;Qwen3.5-4B-QLoRA
ID_3753627053150603;13;transparency;spectra of electromagnetically-induced-transparency (rej);0.584;0;sem match válido;Qwen3.5-4B-QLoRA
ID_3753627053150603;14;ultra-low threshold cw;power-broadening-free correlation spectroscopy (rej);0.388;0;sem match válido;Qwen3.5-4B-QLoRA
ID_3753627053150603;15;ultralow threshold cw;thermal fluctuations (rej);0.375;0;sem match válido;Qwen3.5-4B-QLoRA
ID_3753627053150603;16;above-threshold optical parametric;above-threshold optical parametric;1.000;3;match válido;Qwen3.5-4B-QLoRA
ID_3753627053150603;17;confocal optical parametric;type-ii optical parametric;0.856;3;match válido;Qwen3.5-4B-QLoRA
ID_3753627053150603;18;correlation spectra;power-broadening-free correlation spectroscopy;0.771;3;match válido;Qwen3.5-4B-QLoRA
ID_3753627053150603;19;electromagnetically-induced-transparency resonances; electromagnetically induced transparency and absorption;0.796;3;match válido;Qwen3.5-4B-QLoRA
ID_3753627053150603;20;experimental study;thermal fluctuations (rej);0.324;0;sem match válido;Qwen3.5-4B-QLoRA
ID_3837157956819433;1;obsessive-compulsive disorder;obsessive-compulsive disorder;1.000;3;match válido;Qwen3.5-4B-QLoRA
ID_3837157956819433;2;obsessive-compulsive disorder (ocd);obsessive–compulsive disorder (rej);0.960;0;sem match válido;Qwen3.5-4B-QLoRA
ID_3837157956819433;3;obsessive-compulsive disorder patients;obsessive–compulsive disorder;0.962;3;match válido;Qwen3.5-4B-QLoRA
ID_3837157956819433;4;obsessive-compulsive spectrum;yale–brown obsessive–compulsive scale;0.751;2;match válido;Qwen3.5-4B-QLoRA
ID_3837157956819433;5;obsessive-compulsive spectrum disorders;obsessive–compulsive disorder (rej);0.928;0;sem match válido;Qwen3.5-4B-QLoRA
ID_3837157956819433;6;obsessive-compulsive symptoms;obsessive–compulsive disorder (rej);0.913;0;sem match válido;Qwen3.5-4B-QLoRA
ID_3837157956819433;7;obsessive-compulsive symptoms dimensions;obsessive–compulsive disorder (rej);0.864;0;sem match válido;Qwen3.5-4B-QLoRA
ID_3837157956819433;8;obsessive-compulsive spectrum disorders (ocsd);obsessive–compulsive disorder (rej);0.910;0;sem match válido;Qwen3.5-4B-QLoRA
ID_3837157956819433;9;obsessive-compulsive spectrum disorders (ocsd) patients;obsessive–compulsive disorder (rej);0.893;0;sem match válido;Qwen3.5-4B-QLoRA
ID_3837157956819433;10;obsessive-compulsive spectrum disorders: patients;obsessive–compulsive disorder (rej);0.925;0;sem match válido;Qwen3.5-4B-QLoRA
ID_3837157956819433;11;obsessive-compulsive spectrum disorders: patients with hoarding;obsessive-compulsive disorder (rej);0.856;0;sem match válido;Qwen3.5-4B-QLoRA
ID_3837157956819433;12;obsessive-compulsive spectrum disorders: prevalence;obsessive–compulsive disorder (rej);0.897;0;sem match válido;Qwen3.5-4B-QLoRA
ID_3837157956819433;13;obsessive-compulsive spectrum disorders: risk factors;obsessive–compulsive disorder (rej);0.896;0;sem match válido;Qwen3.5-4B-QLoRA
ID_3837157956819433;14;obsessive-compulsive spectrum disorders: symptoms;obsessive–compulsive disorder (rej);0.909;0;sem match válido;Qwen3.5-4B-QLoRA
ID_3837157956819433;15;obsessive-compulsive spectrum disorders: treatment;obsessive–compulsive disorder (rej);0.897;0;sem match válido;Qwen3.5-4B-QLoRA
ID_3837157956819433;16;obsessive-compulsive spectrum disorders: treatment outcome;obsessive–compulsive disorder (rej);0.891;0;sem match válido;Qwen3.5-4B-QLoRA
ID_3837157956819433;17;obsessive-compulsive spectrum disorders: treatment outcome and predictors;obsessive–compulsive disorder (rej);0.880;0;sem match válido;Qwen3.5-4B-QLoRA
ID_3837157956819433;18;obsessive-compulsive spectrum disorders: treatment outcomes;obsessive–compulsive disorder (rej);0.893;0;sem match válido;Qwen3.5-4B-QLoRA
ID_3837157956819433;19;obsessive-compulsive spectrum disorders: treatment outcomes and predictors;obsessive–compulsive disorder (rej);0.881;0;sem match válido;Qwen3.5-4B-QLoRA
ID_3837157956819433;20;obsessive-compulsive spectrum disorders: treatment outcomes: predictors;obsessive–compulsive disorder (rej);0.872;0;sem match válido;Qwen3.5-4B-QLoRA
ID_3867942762661182;1;bibliographic metadata;bibliographic metadata;1.000;2;match válido;Qwen3.5-4B-QLoRA
ID_3867942762661182;2;bibliographic metadata deduplication;bibliographic metadata (rej);0.886;0;sem match válido;Qwen3.5-4B-QLoRA
ID_3867942762661182;3;classification;schema (rej);0.532;0;sem match válido;Qwen3.5-4B-QLoRA
ID_3867942762661182;4;deduplication;deduplication;1.000;3;match válido;Qwen3.5-4B-QLoRA
ID_3867942762661182;5;digital libraries;digital libraries;1.000;2;match válido;Qwen3.5-4B-QLoRA
ID_3867942762661182;6;information management;information retrieval (rej);0.697;0;sem match válido;Qwen3.5-4B-QLoRA
ID_3867942762661182;7;information representation;information retrieval (rej);0.649;0;sem match válido;Qwen3.5-4B-QLoRA
ID_3867942762661182;8;machine learning;information retrieval (rej);0.410;0;sem match válido;Qwen3.5-4B-QLoRA
ID_3867942762661182;9;metadata deduplication;metadata deduplication;1.000;3;match válido;Qwen3.5-4B-QLoRA
ID_3867942762661182;10;schema evolution;schema evolution;1.000;3;match válido;Qwen3.5-4B-QLoRA
ID_3867942762661182;11;schema versioning;schema versioning;1.000;3;match válido;Qwen3.5-4B-QLoRA
ID_3867942762661182;12;similaridade entre dados;similarity;0.794;3;match válido;Qwen3.5-4B-QLoRA
ID_3867942762661182;13;similaridade entre documentos;similarity (rej);0.790;0;sem match válido;Qwen3.5-4B-QLoRA
ID_3867942762661182;14;similaridade entre dados xml;xml;0.794;3;match válido;Qwen3.5-4B-QLoRA
ID_3867942762661182;15;temporal databases;temporal information;0.768;3;match válido;Qwen3.5-4B-QLoRA
ID_3867942762661182;16;temporal object-oriented databases;handling temporal information (rej);0.662;0;sem match válido;Qwen3.5-4B-QLoRA
ID_3867942762661182;17;temporal versioned constraint language;handling temporal information (rej);0.601;0;sem match válido;Qwen3.5-4B-QLoRA
ID_3867942762661182;18;temporal versions databases;handling temporal information (rej);0.669;0;sem match válido;Qwen3.5-4B-QLoRA
ID_3867942762661182;19;version;version concepts;0.849;2;match válido;Qwen3.5-4B-QLoRA
ID_3867942762661182;20;version detection;version concepts (rej);0.649;0;sem match válido;Qwen3.5-4B-QLoRA
ID_3886712611757992;1;aprendizagem relacional;meaningful stimuli (rej);0.467;0;sem match válido;Qwen3.5-4B-QLoRA
ID_3886712611757992;2;classes de estimulos;instructional control (rej);0.562;0;sem match válido;Qwen3.5-4B-QLoRA
ID_3886712611757992;3;equivalência de estímulos;stimulus equivalence paradigm (rej);0.841;0;sem match válido;Qwen3.5-4B-QLoRA
ID_3886712611757992;4;equivalence classes;extending equivalence classes;0.869;1;match válido;Qwen3.5-4B-QLoRA
ID_3886712611757992;5;instructional control;instructional control;1.000;3;match válido;Qwen3.5-4B-QLoRA
ID_3886712611757992;6;operant behavior;funções de instruções (rej);0.545;0;sem match válido;Qwen3.5-4B-QLoRA
ID_3886712611757992;7;operant behavior analysis;stimulus equivalence paradigm (rej);0.527;0;sem match válido;Qwen3.5-4B-QLoRA
ID_3886712611757992;8;operant behavior analysis: research;stimulus equivalence paradigm (rej);0.541;0;sem match válido;Qwen3.5-4B-QLoRA
ID_3886712611757992;9;procedimento de ensino;instituições educacionais especiais (rej);0.686;0;sem match válido;Qwen3.5-4B-QLoRA
ID_3886712611757992;10;procedimentos de ensino;instituições educacionais especiais (rej);0.674;0;sem match válido;Qwen3.5-4B-QLoRA
ID_3886712611757992;11;regras;seguimento de instruções (rej);0.589;0;sem match válido;Qwen3.5-4B-QLoRA
ID_3886712611757992;12;regras de ensino;instructional control (rej);0.629;0;sem match válido;Qwen3.5-4B-QLoRA
ID_3886712611757992;13;regras de reforço;seguimento de instruções (rej);0.677;0;sem match válido;Qwen3.5-4B-QLoRA
ID_3886712611757992;14;simultaneous visual discrimination;conditional discriminations (rej);0.577;0;sem match válido;Qwen3.5-4B-QLoRA
ID_3886712611757992;15;stimulus equivalence;stimulus equivalence;1.000;3;match válido;Qwen3.5-4B-QLoRA
ID_3886712611757992;16;stimulus equivalence paradigm;stimulus equivalence paradigm;1.000;3;match válido;Qwen3.5-4B-QLoRA
ID_3886712611757992;17;stimulus equivalence paradigm: research;stimulus;0.758;1;match válido;Qwen3.5-4B-QLoRA
ID_3886712611757992;18;equivalence paradigm: research;stimulus equivalence paradigm (rej);0.735;0;sem match válido;Qwen3.5-4B-QLoRA
ID_3886712611757992;19;responding by exclusion;conditional discriminations (rej);0.619;0;sem match válido;Qwen3.5-4B-QLoRA
ID_3886712611757992;20;simultaneous visual discrimination task;conditional discriminations (rej);0.491;0;sem match válido;Qwen3.5-4B-QLoRA
ID_3919711591553904;1;angiotensin-converting enzyme;angiotensin-converting enzyme;1.000;3;match válido;Qwen3.5-4B-QLoRA
ID_3919711591553904;2;angiotensin-converting enzyme inhibitor;angiotensin-converting enzyme type;0.944;3;match válido;Qwen3.5-4B-QLoRA
ID_3919711591553904;3;angiotensin-(1-7);angiotensin ii;0.916;3;match válido;Qwen3.5-4B-QLoRA
ID_3919711591553904;4;angiotensin-(1–7) receptor mas;angiotensin receptors (rej);0.918;0;sem match válido;Qwen3.5-4B-QLoRA
ID_3919711591553904;5;angiotensin-converting enzyme inhibition;effect of angiotensin;0.784;2;match válido;Qwen3.5-4B-QLoRA
ID_3919711591553904;6;angiotensin-(1–7) receptor;angiotensin receptors;0.953;3;match válido;Qwen3.5-4B-QLoRA
ID_3919711591553904;7;angiotensin-(1–7) receptor mas-deficient mice;angiotensin receptors (rej);0.910;0;sem match válido;Qwen3.5-4B-QLoRA
ID_3919711591553904;8;angiotensin-(1–7) receptor mas-deficient;angiotensin receptors (rej);0.897;0;sem match válido;Qwen3.5-4B-QLoRA
ID_3919711591553904;9;angiotensin-(1–7) receptor mas-deficient mice completely;angiotensin receptors (rej);0.839;0;sem match válido;Qwen3.5-4B-QLoRA
ID_3919711591553904;10;angiotensin-(1–7) receptor mas-deficient mice completely lack;angiotensin receptors (rej);0.784;0;sem match válido;Qwen3.5-4B-QLoRA
ID_3919711591553904;11;angiotensin-(1–7) receptor mas-deficient mice completely lack the antidiuretic;angiotensin receptors (rej);0.774;0;sem match válido;Qwen3.5-4B-QLoRA
ID_3919711591553904;12;angiotensin-(1–7) receptor mas-deficient mice completely lack the antidiuretic action;angiotensin receptors (rej);0.783;0;sem match válido;Qwen3.5-4B-QLoRA
ID_3919711591553904;13;angiotensin-(1–7) receptor mas-deficient mice completely lack the antidiuretic action of ang-(1–7);angiotensin receptors (rej);0.798;0;sem match válido;Qwen3.5-4B-QLoRA
ID_3919711591553904;14;angiotensin-(1–7) receptor mas-deficient mice completely lack the antidiuretic action of ang-(1–7) after an acute;angiotensin receptors (rej);0.794;0;sem match válido;Qwen3.5-4B-QLoRA
ID_3919711591553904;15;angiotensin-(1–7) receptor mas-deficient mice completely lack the antidiuretic action of ang-(1–7) after an acute water;angiotensin receptors (rej);0.764;0;sem match válido;Qwen3.5-4B-QLoRA
ID_3919711591553904;16;angiotensin-(1–7) receptor mas-deficient mice completely lack the antidiuretic action of ang-(1–7) after an acute water load;angiotensin receptors (rej);0.761;0;sem match válido;Qwen3.5-4B-QLoRA
ID_3919711591553904;17;;;;;;Qwen3.5-4B-QLoRA
ID_3919711591553904;18;;;;;;Qwen3.5-4B-QLoRA
ID_3919711591553904;19;;;;;;Qwen3.5-4B-QLoRA
ID_3919711591553904;20;;;;;;Qwen3.5-4B-QLoRA
ID_3935638786776109;1;ceramic coatings;ceramic coatings;1.000;1;match válido;Qwen3.5-4B-QLoRA
ID_3935638786776109;2;densification;thin layer (rej);0.390;0;sem match válido;Qwen3.5-4B-QLoRA
ID_3935638786776109;3;electron beam;electron beam evaporation;0.784;2;match válido;Qwen3.5-4B-QLoRA
ID_3935638786776109;4;electron beam-physical vapor deposition;electron beam-physical vapour;0.843;3;match válido;Qwen3.5-4B-QLoRA
ID_3935638786776109;5;electron beam–physical vapor deposition;electron beam-physical vapor;0.956;3;match válido;Qwen3.5-4B-QLoRA
ID_3935638786776109;6;eb-pvd;psz sintered (rej);0.519;0;sem match válido;Qwen3.5-4B-QLoRA
ID_3935638786776109;7;microstructure;thin layer (rej);0.470;0;sem match válido;Qwen3.5-4B-QLoRA
ID_3935638786776109;8;niobium oxide;niobium oxide;1.000;2;match válido;Qwen3.5-4B-QLoRA
ID_3935638786776109;9;niobia;addition of niobia;0.903;2;match válido;Qwen3.5-4B-QLoRA
ID_3935638786776109;10;niobia eb-pvd tbc;addition of niobia (rej);0.610;0;sem match válido;Qwen3.5-4B-QLoRA
ID_3935638786776109;11;niobium;niobium oxide (rej);0.929;0;sem match válido;Qwen3.5-4B-QLoRA
ID_3935638786776109;12;oxidation;electron beam evaporation (rej);0.508;0;sem match válido;Qwen3.5-4B-QLoRA
ID_3935638786776109;13;physical vapor deposition;electron beam-physical vapor (rej);0.627;0;sem match válido;Qwen3.5-4B-QLoRA
ID_3935638786776109;14;physical vapour deposition;electron beam-physical vapour (rej);0.623;0;sem match válido;Qwen3.5-4B-QLoRA
ID_3935638786776109;15;powder metallurgy;ceramic coatings (rej);0.540;0;sem match válido;Qwen3.5-4B-QLoRA
ID_3935638786776109;16;reprocessing;psz sintered (rej);0.385;0;sem match válido;Qwen3.5-4B-QLoRA
ID_3935638786776109;17;sintering;psz sintered (rej);0.634;0;sem match válido;Qwen3.5-4B-QLoRA
ID_3935638786776109;18;sintering temperature;thermal properties (rej);0.653;0;sem match válido;Qwen3.5-4B-QLoRA
ID_3935638786776109;19;sintering–reprocessing;psz sintered (rej);0.431;0;sem match válido;Qwen3.5-4B-QLoRA
ID_3935638786776109;20;thermal barrier coatings;thermal barrier coatings;1.000;3;match válido;Qwen3.5-4B-QLoRA
ID_3939504645911140;1;brazilian sedimentary zeolite;zea mays (rej);0.541;0;sem match válido;Qwen3.5-4B-QLoRA
ID_3939504645911140;2;brazilian tropical agrosystems;produção de mudas (rej);0.547;0;sem match válido;Qwen3.5-4B-QLoRA
ID_3939504645911140;3;brazilian tropical soils;umidade em solos (rej);0.518;0;sem match válido;Qwen3.5-4B-QLoRA
ID_3939504645911140;4;brazilian zeolite;zea mays (rej);0.632;0;sem match válido;Qwen3.5-4B-QLoRA
ID_3939504645911140;5;brachiaria brizantha;tiller and plant (rej);0.440;0;sem match válido;Qwen3.5-4B-QLoRA
ID_3939504645911140;6;crop-livestock integrated systems;uso agrícola (rej);0.586;0;sem match válido;Qwen3.5-4B-QLoRA
ID_3939504645911140;7;crop-livestock systems;uso agrícola (rej);0.696;0;sem match válido;Qwen3.5-4B-QLoRA
ID_3939504645911140;8;critical periods;tiller (rej);0.331;0;sem match válido;Qwen3.5-4B-QLoRA
ID_3939504645911140;9;deficit hidrico;water deficit;0.835;3;match válido;Qwen3.5-4B-QLoRA
ID_3939504645911140;10;development and validation;quality improvement (rej);0.518;0;sem match válido;Qwen3.5-4B-QLoRA
ID_3939504645911140;11;dry matter;matéria seca;0.936;2;match válido;Qwen3.5-4B-QLoRA
ID_3939504645911140;12;dry matter production;matéria seca (rej);0.808;0;sem match válido;Qwen3.5-4B-QLoRA
ID_3939504645911140;13;estresse hidrico;water retention (rej);0.637;0;sem match válido;Qwen3.5-4B-QLoRA
ID_3939504645911140;14;forage grass;tiller and plant (rej);0.656;0;sem match válido;Qwen3.5-4B-QLoRA
ID_3939504645911140;15;forage grass megathyrsus;tiller and plant (rej);0.582;0;sem match válido;Qwen3.5-4B-QLoRA
ID_3939504645911140;16;irrigation;drought (rej);0.674;0;sem match válido;Qwen3.5-4B-QLoRA
ID_3939504645911140;17;irrigação;drought (rej);0.681;0;sem match válido;Qwen3.5-4B-QLoRA
ID_3939504645911140;18;irrigação localizada;uso agrícola (rej);0.660;0;sem match válido;Qwen3.5-4B-QLoRA
ID_3939504645911140;19;irrigação por aspersão;drought (rej);0.663;0;sem match válido;Qwen3.5-4B-QLoRA
ID_3939504645911140;20;maize;silagem de milho;0.817;1;match válido;Qwen3.5-4B-QLoRA
ID_3950127945486168;1;galaxies: individual;galaxies: structure (rej);0.871;0;sem match válido;Qwen3.5-4B-QLoRA
ID_3950127945486168;2;galaxies: individual: ngc 7479;galaxies: structure (rej);0.807;0;sem match válido;Qwen3.5-4B-QLoRA
ID_3950127945486168;3;galaxies: structure;galaxies: structure;1.000;3;match válido;Qwen3.5-4B-QLoRA
ID_3950127945486168;4;galaxies: stellar content;faint galaxies;0.860;3;match válido;Qwen3.5-4B-QLoRA
ID_3950127945486168;5;galaxies: stellar population;galaxies: structure (rej);0.800;0;sem match válido;Qwen3.5-4B-QLoRA
ID_3950127945486168;6;galaxies: structure: spiral;galaxies: structure (rej);0.918;0;sem match válido;Qwen3.5-4B-QLoRA
ID_3950127945486168;7;galaxies: stellar content: spiral;galaxies: structure (rej);0.863;0;sem match válido;Qwen3.5-4B-QLoRA
ID_3950127945486168;8;galaxies: stellar population: spiral;galaxies: structure (rej);0.793;0;sem match válido;Qwen3.5-4B-QLoRA
ID_3950127945486168;9;galaxies: structure: spiral: early-type;early-type galaxies;0.892;3;match válido;Qwen3.5-4B-QLoRA
ID_3950127945486168;10;galaxies: structure: spiral: early-type: nuclear;galaxies: structure (rej);0.888;0;sem match válido;Qwen3.5-4B-QLoRA
ID_3950127945486168;11;galaxies: stellar content: spiral: early-type;early-type galaxies (rej);0.874;0;sem match válido;Qwen3.5-4B-QLoRA
ID_3950127945486168;12;galaxies: stellar population: spiral: early-type;early-type galaxies (rej);0.835;0;sem match válido;Qwen3.5-4B-QLoRA
ID_3950127945486168;13;galaxies: structure: spiral: early-type: nuclear: nuclear stellar;galaxies: structure (rej);0.865;0;sem match válido;Qwen3.5-4B-QLoRA
ID_3950127945486168;14;galaxies: stellar content: spiral: early-type: nuclear;galaxies: structure (rej);0.849;0;sem match válido;Qwen3.5-4B-QLoRA
ID_3950127945486168;15;galaxies: stellar population: spiral: early-type: nuclear;nuclear stellar population (rej);0.812;0;sem match válido;Qwen3.5-4B-QLoRA
ID_3950127945486168;16;galaxies: stellar content: spiral: early-type: nuclear: nuclear stellar;nuclear stellar disks;0.802;2;match válido;Qwen3.5-4B-QLoRA
ID_3950127945486168;17;galaxies: stellar population: spiral: early-type: nuclear: nuclear stellar;nuclear stellar population;0.814;2;match válido;Qwen3.5-4B-QLoRA
ID_3950127945486168;18;;;;;;Qwen3.5-4B-QLoRA
ID_3950127945486168;19;;;;;;Qwen3.5-4B-QLoRA
ID_3950127945486168;20;;;;;;Qwen3.5-4B-QLoRA
ID_4041211770858318;1;antarctic bottom water;antarctic bottom water;1.000;3;match válido;Qwen3.5-4B-QLoRA
ID_4041211770858318;2;antarctic sea ice;antarctic bottom water (rej);0.800;0;sem match válido;Qwen3.5-4B-QLoRA
ID_4041211770858318;3;atmospheric boundary layer;turbulence (rej);0.595;0;sem match válido;Qwen3.5-4B-QLoRA
ID_4041211770858318;4;atmospheric forcing;turbulence (rej);0.608;0;sem match válido;Qwen3.5-4B-QLoRA
ID_4041211770858318;5;atmospheric heat fluxes;turbulence (rej);0.561;0;sem match válido;Qwen3.5-4B-QLoRA
ID_4041211770858318;6;atmospheric pressure gradient;turbulence (rej);0.500;0;sem match válido;Qwen3.5-4B-QLoRA
ID_4041211770858318;7;atmospheric pressure variations;turbulence (rej);0.537;0;sem match válido;Qwen3.5-4B-QLoRA
ID_4041211770858318;8;brazil–malvinas confluence;brazil-malvinas confluence;0.997;3;match válido;Qwen3.5-4B-QLoRA
ID_4041211770858318;9;brazil–malvinas confluence region;brazil-malvinas confluence (rej);0.856;0;sem match válido;Qwen3.5-4B-QLoRA
ID_4041211770858318;10;brazil current;brazil current;1.000;3;match válido;Qwen3.5-4B-QLoRA
ID_4041211770858318;11;coldside of the bmc;antarctic bottom water (rej);0.453;0;sem match válido;Qwen3.5-4B-QLoRA
ID_4041211770858318;12;confluence region;western boundary currents (rej);0.568;0;sem match válido;Qwen3.5-4B-QLoRA
ID_4041211770858318;13;dense shelf waters;weddell sea deep water (rej);0.656;0;sem match válido;Qwen3.5-4B-QLoRA
ID_4041211770858318;14;dense water export;tropical water (rej);0.559;0;sem match válido;Qwen3.5-4B-QLoRA
ID_4041211770858318;15;dense water masses;sea water mass;0.830;2;match válido;Qwen3.5-4B-QLoRA
ID_4041211770858318;16;dynamic ocean model;variabilidade oceânica;0.756;3;match válido;Qwen3.5-4B-QLoRA
ID_4041211770858318;17;eastern boundary layer;oceanic boundary (rej);0.660;0;sem match válido;Qwen3.5-4B-QLoRA
ID_4041211770858318;18;global ocean circulation;variabilidade oceânica (rej);0.734;0;sem match válido;Qwen3.5-4B-QLoRA
ID_4041211770858318;19;global ocean model;variabilidade oceânica (rej);0.717;0;sem match válido;Qwen3.5-4B-QLoRA
ID_4041211770858318;20;heat fluxes;termohaline fields (rej);0.578;0;sem match válido;Qwen3.5-4B-QLoRA
ID_4120322936662925;1;antifungal;tendae antifungal protein;0.805;2;match válido;Qwen3.5-4B-QLoRA
ID_4120322936662925;2;biological control;biological control;1.000;3;match válido;Qwen3.5-4B-QLoRA
ID_4120322936662925;3;candida;biomphalaria tenagophila (rej);0.644;0;sem match válido;Qwen3.5-4B-QLoRA
ID_4120322936662925;4;candida albicans;biomphalaria tenagophila (rej);0.652;0;sem match válido;Qwen3.5-4B-QLoRA
ID_4120322936662925;5;fungos endofíticos;rust fungi (rej);0.713;0;sem match válido;Qwen3.5-4B-QLoRA
ID_4120322936662925;6;fungus;rust fungi;0.817;2;match válido;Qwen3.5-4B-QLoRA
ID_4120322936662925;7;fungus endophytic;fungal cell growth (rej);0.739;0;sem match válido;Qwen3.5-4B-QLoRA
ID_4120322936662925;8;fungus species;fungal cell growth;0.757;3;match válido;Qwen3.5-4B-QLoRA
ID_4120322936662925;9;fungus species diversity;rust fungi (rej);0.727;0;sem match válido;Qwen3.5-4B-QLoRA
ID_4120322936662925;10;fungus species richness;rust fungi (rej);0.729;0;sem match válido;Qwen3.5-4B-QLoRA
ID_4120322936662925;11;fungus species richness variation;rust fungi (rej);0.691;0;sem match válido;Qwen3.5-4B-QLoRA
ID_4120322936662925;12;;;;;;Qwen3.5-4B-QLoRA
ID_4120322936662925;13;;;;;;Qwen3.5-4B-QLoRA
ID_4120322936662925;14;;;;;;Qwen3.5-4B-QLoRA
ID_4120322936662925;15;;;;;;Qwen3.5-4B-QLoRA
ID_4120322936662925;16;;;;;;Qwen3.5-4B-QLoRA
ID_4120322936662925;17;;;;;;Qwen3.5-4B-QLoRA
ID_4120322936662925;18;;;;;;Qwen3.5-4B-QLoRA
ID_4120322936662925;19;;;;;;Qwen3.5-4B-QLoRA
ID_4120322936662925;20;;;;;;Qwen3.5-4B-QLoRA
ID_4125254830545309;1;astrocyte;astrocyte;1.000;1;match válido;Qwen3.5-4B-QLoRA
ID_4125254830545309;2;astrocyte development;astrocyte (rej);0.901;0;sem match válido;Qwen3.5-4B-QLoRA
ID_4125254830545309;3;astrocyte maturation;astrocyte (rej);0.854;0;sem match válido;Qwen3.5-4B-QLoRA
ID_4125254830545309;4;astrocytes and glioblastoma;astrocyte (rej);0.730;0;sem match válido;Qwen3.5-4B-QLoRA
ID_4125254830545309;5;brain development;development (rej);0.512;0;sem match válido;Qwen3.5-4B-QLoRA
ID_4125254830545309;6;brain tumors;tumor;0.762;2;match válido;Qwen3.5-4B-QLoRA
ID_4125254830545309;7;brain-derived prostate tumor;tumor (rej);0.653;0;sem match válido;Qwen3.5-4B-QLoRA
ID_4125254830545309;8;central nervous system;sciatic nerve (rej);0.565;0;sem match válido;Qwen3.5-4B-QLoRA
ID_4125254830545309;9;cell death;induce cell death;0.895;1;match válido;Qwen3.5-4B-QLoRA
ID_4125254830545309;10;cell membrane elastic;pore forming cytotoxic proteins (rej);0.588;0;sem match válido;Qwen3.5-4B-QLoRA
ID_4125254830545309;11;cell surface ligand;microglial cells (rej);0.542;0;sem match válido;Qwen3.5-4B-QLoRA
ID_4125254830545309;12;central nervous;sciatic nerve (rej);0.657;0;sem match válido;Qwen3.5-4B-QLoRA
ID_4125254830545309;13;cellular prion protein;cellular prion protein;1.000;2;match válido;Qwen3.5-4B-QLoRA
ID_4125254830545309;14;extracellular matrix;microglial cells (rej);0.602;0;sem match válido;Qwen3.5-4B-QLoRA
ID_4125254830545309;15;extracellular vesicles;microglial cells (rej);0.609;0;sem match válido;Qwen3.5-4B-QLoRA
ID_4125254830545309;16;glioblastoma;tumor (rej);0.617;0;sem match válido;Qwen3.5-4B-QLoRA
ID_4125254830545309;17;glioblastoma cells;microglial cells (rej);0.657;0;sem match válido;Qwen3.5-4B-QLoRA
ID_4125254830545309;18;glioblastoma-derived cell line;microglial cells (rej);0.625;0;sem match válido;Qwen3.5-4B-QLoRA
ID_4125254830545309;19;glioma;sti1 promotes glioma (rej);0.619;0;sem match válido;Qwen3.5-4B-QLoRA
ID_4125254830545309;20;glioma-associated microglia;microglial cells;0.830;3;match válido;Qwen3.5-4B-QLoRA
ID_4165114386602896;1;energy;energética dos estados (rej);0.724;0;sem match válido;Qwen3.5-4B-QLoRA
ID_4165114386602896;2;energy policy;política de energia;0.987;3;match válido;Qwen3.5-4B-QLoRA
ID_4165114386602896;3;energy security;política de energia (rej);0.820;0;sem match válido;Qwen3.5-4B-QLoRA
ID_4165114386602896;4;geopolitics;política externa (rej);0.716;0;sem match válido;Qwen3.5-4B-QLoRA
ID_4165114386602896;5;international relations;política externa (rej);0.770;0;sem match válido;Qwen3.5-4B-QLoRA
ID_4165114386602896;6;international security;política externa (rej);0.681;0;sem match válido;Qwen3.5-4B-QLoRA
ID_4165114386602896;7;international security studies;política externa (rej);0.696;0;sem match válido;Qwen3.5-4B-QLoRA
ID_4165114386602896;8;política externa;política externa;1.000;3;match válido;Qwen3.5-4B-QLoRA
ID_4165114386602896;9;política externa dos estados;política externa (rej);0.930;0;sem match válido;Qwen3.5-4B-QLoRA
ID_4165114386602896;10;relações internacionais;política externa (rej);0.781;0;sem match válido;Qwen3.5-4B-QLoRA
ID_4165114386602896;11;relações internacionais dos estados;política externa (rej);0.755;0;sem match válido;Qwen3.5-4B-QLoRA
ID_4165114386602896;12;security studies;estratégia de defesa (rej);0.642;0;sem match válido;Qwen3.5-4B-QLoRA
ID_4165114386602896;13;us climate policy;climate policy;0.907;3;match válido;Qwen3.5-4B-QLoRA
ID_4165114386602896;14;us foreign policy;política externa (rej);0.917;0;sem match válido;Qwen3.5-4B-QLoRA
ID_4165114386602896;15;us energy policy;política de energia (rej);0.902;0;sem match válido;Qwen3.5-4B-QLoRA
ID_4165114386602896;16;us national security;estratégia de defesa (rej);0.632;0;sem match válido;Qwen3.5-4B-QLoRA
ID_4165114386602896;17;us national security policy;política externa (rej);0.785;0;sem match válido;Qwen3.5-4B-QLoRA
ID_4165114386602896;18;;;;;;Qwen3.5-4B-QLoRA
ID_4165114386602896;19;;;;;;Qwen3.5-4B-QLoRA
ID_4165114386602896;20;;;;;;Qwen3.5-4B-QLoRA
ID_4210289862552350;1;alumina;alumina;1.000;3;match válido;Qwen3.5-4B-QLoRA
ID_4210289862552350;2;alumina ceramics;alumina (rej);0.738;0;sem match válido;Qwen3.5-4B-QLoRA
ID_4210289862552350;3;ceramic composites;ceramic composites;1.000;3;match válido;Qwen3.5-4B-QLoRA
ID_4210289862552350;4;ceramics;ceramic composite (rej);0.786;0;sem match válido;Qwen3.5-4B-QLoRA
ID_4210289862552350;5;ceramic composites derived;ceramic composite;0.958;2;match válido;Qwen3.5-4B-QLoRA
ID_4210289862552350;6;ceramics on sintering;ceramic composite (rej);0.688;0;sem match válido;Qwen3.5-4B-QLoRA
ID_4210289862552350;7;ceramic surfaces;ceramic composite (rej);0.815;0;sem match válido;Qwen3.5-4B-QLoRA
ID_4210289862552350;8;condutividade térmica;thermal conductivity (rej);0.877;0;sem match válido;Qwen3.5-4B-QLoRA
ID_4210289862552350;9;condutividade térmica de;thermal conductivity;0.880;1;match válido;Qwen3.5-4B-QLoRA
ID_4210289862552350;10;condutividade térmica de alumina;thermal conductivity (rej);0.776;0;sem match válido;Qwen3.5-4B-QLoRA
ID_4210289862552350;11;condutividade térmica de gelcast;thermal conductivity (rej);0.745;0;sem match válido;Qwen3.5-4B-QLoRA
ID_4210289862552350;12;gelcast;foam network (rej);0.410;0;sem match válido;Qwen3.5-4B-QLoRA
ID_4210289862552350;13;gelcast porous;liquid phase sintering (rej);0.514;0;sem match válido;Qwen3.5-4B-QLoRA
ID_4210289862552350;14;gelcasting;composite (rej);0.478;0;sem match válido;Qwen3.5-4B-QLoRA
ID_4210289862552350;15;hydroxyapatite;hydroxyapatite;1.000;3;match válido;Qwen3.5-4B-QLoRA
ID_4210289862552350;16;hydroxyapatite nanoparticles;hydroxyapatite (rej);0.717;0;sem match válido;Qwen3.5-4B-QLoRA
ID_4210289862552350;17;mechanical polishing;propriedades mecânicas (rej);0.640;0;sem match válido;Qwen3.5-4B-QLoRA
ID_4210289862552350;18;microstructure;structural modifications (rej);0.523;0;sem match válido;Qwen3.5-4B-QLoRA
ID_4210289862552350;19;microstructure characterization;structural modifications (rej);0.545;0;sem match válido;Qwen3.5-4B-QLoRA
ID_4210289862552350;20;polishing methods;powder metallurgy (rej);0.500;0;sem match válido;Qwen3.5-4B-QLoRA
ID_4408599021040004;1;angiotensin converting enzyme;angiotensin ii (rej);0.802;0;sem match válido;Qwen3.5-4B-QLoRA
ID_4408599021040004;2;angiotensin converting enzyme inhibitors;angiotensin ii (rej);0.794;0;sem match válido;Qwen3.5-4B-QLoRA
ID_4408599021040004;3;angiotensin converting enzyme inhibitors (acei);angiotensin ii (rej);0.773;0;sem match válido;Qwen3.5-4B-QLoRA
ID_4408599021040004;4;angiotensin converting enzyme inhibitor;angiotensin ii;0.802;3;match válido;Qwen3.5-4B-QLoRA
ID_4408599021040004;5;angiotensin converting enzyme inhibitors (acei) on renal;angiotensin ii (rej);0.701;0;sem match válido;Qwen3.5-4B-QLoRA
ID_4408599021040004;6;angiotensin converting enzyme inhibitors (acei) on renal function;angiotensin ii (rej);0.702;0;sem match válido;Qwen3.5-4B-QLoRA
ID_4408599021040004;7;angiotensin converting enzyme inhibitors (acei) on renal function and hemodynamics;angiotensin ii (rej);0.713;0;sem match válido;Qwen3.5-4B-QLoRA
ID_4408599021040004;8;;;;;;Qwen3.5-4B-QLoRA
ID_4408599021040004;9;;;;;;Qwen3.5-4B-QLoRA
ID_4408599021040004;10;;;;;;Qwen3.5-4B-QLoRA
ID_4408599021040004;11;;;;;;Qwen3.5-4B-QLoRA
ID_4408599021040004;12;;;;;;Qwen3.5-4B-QLoRA
ID_4408599021040004;13;;;;;;Qwen3.5-4B-QLoRA
ID_4408599021040004;14;;;;;;Qwen3.5-4B-QLoRA
ID_4408599021040004;15;;;;;;Qwen3.5-4B-QLoRA
ID_4408599021040004;16;;;;;;Qwen3.5-4B-QLoRA
ID_4408599021040004;17;;;;;;Qwen3.5-4B-QLoRA
ID_4408599021040004;18;;;;;;Qwen3.5-4B-QLoRA
ID_4408599021040004;19;;;;;;Qwen3.5-4B-QLoRA
ID_4408599021040004;20;;;;;;Qwen3.5-4B-QLoRA
ID_4550717883781091;1;black yeasts;black yeasts;1.000;3;match válido;Qwen3.5-4B-QLoRA
ID_4550717883781091;2;chaetothyriales;species of chaetothyriales;0.867;3;match válido;Qwen3.5-4B-QLoRA
ID_4550717883781091;3;environmental isolation;environmental isolation;1.000;3;match válido;Qwen3.5-4B-QLoRA
ID_4550717883781091;4;fungos filamentosos;soilborne filamentous fungi;0.846;3;match válido;Qwen3.5-4B-QLoRA
ID_4550717883781091;5;fungos melanizados;yeast-like fungi involved (rej);0.708;0;sem match válido;Qwen3.5-4B-QLoRA
ID_4550717883781091;6;fungos microscópicos;yeast-like fungi involved;0.813;2;match válido;Qwen3.5-4B-QLoRA
ID_4550717883781091;7;fungos transientes;soil fungi;0.801;3;match válido;Qwen3.5-4B-QLoRA
ID_4550717883781091;8;fungus-growing ants;yeast-like fungi involved (rej);0.670;0;sem match válido;Qwen3.5-4B-QLoRA
ID_4550717883781091;9;fungus-growing ants (attinae);yeast-like fungi involved (rej);0.610;0;sem match válido;Qwen3.5-4B-QLoRA
ID_4550717883781091;10;fungus-growing ants (formicidae: attini);yeast-like fungi involved (rej);0.601;0;sem match válido;Qwen3.5-4B-QLoRA
ID_4550717883781091;11;fungus-growing ants: opportunistic species;yeast-like fungi involved (rej);0.617;0;sem match válido;Qwen3.5-4B-QLoRA
ID_4550717883781091;12;fungus-growing ants: selective isolation;fungal isolation (rej);0.711;0;sem match válido;Qwen3.5-4B-QLoRA
ID_4550717883781091;13;fungus-growing ants: selective isolation techniques;fungal isolation (rej);0.716;0;sem match válido;Qwen3.5-4B-QLoRA
ID_4550717883781091;14;fungus-growing ants: soilborne filamentous;soilborne filamentous fungi (rej);0.785;0;sem match válido;Qwen3.5-4B-QLoRA
ID_4550717883781091;15;fungus-growing ants: soilborne filamentous fungi;soilborne filamentous fungi (rej);0.810;0;sem match válido;Qwen3.5-4B-QLoRA
ID_4550717883781091;16;fungus-growing ants: soilborne filamentous fungi isolated;soilborne filamentous fungi (rej);0.803;0;sem match válido;Qwen3.5-4B-QLoRA
ID_4550717883781091;17;fungus-growing ants: soilborne filamentous fungi isolated from healthy;soilborne filamentous fungi (rej);0.795;0;sem match válido;Qwen3.5-4B-QLoRA
ID_4550717883781091;18;fungus-growing ants: soilborne filamentous fungi isolated from healthy and cvc-affected citrus plants;soilborne filamentous fungi (rej);0.766;0;sem match válido;Qwen3.5-4B-QLoRA
ID_4550717883781091;19;fungus-growing ants: soilborne filamentous fungi isolated from healthy and cvc-affected;soilborne filamentous fungi (rej);0.764;0;sem match válido;Qwen3.5-4B-QLoRA
ID_4550717883781091;20;fungus-growing ants: soilborne filamentous fungi isolated from healthy and cvc-affected citrus;soilborne filamentous fungi (rej);0.753;0;sem match válido;Qwen3.5-4B-QLoRA
ID_4679830870331445;1;carbon nanotubes;nano-sized iron-oxide (rej);0.530;0;sem match válido;Qwen3.5-4B-QLoRA
ID_4679830870331445;2;chemical vapor deposition;chemical reduction (rej);0.544;0;sem match válido;Qwen3.5-4B-QLoRA
ID_4679830870331445;3;diffuse reflectance spectroscopy;raman spectroscopy (rej);0.649;0;sem match válido;Qwen3.5-4B-QLoRA
ID_4679830870331445;4;electron microscopy;optical microscopy (rej);0.705;0;sem match válido;Qwen3.5-4B-QLoRA
ID_4679830870331445;5;electron microscopy studies;optical microscopy (rej);0.650;0;sem match válido;Qwen3.5-4B-QLoRA
ID_4679830870331445;6;electron microscopy/sem;raman spectroscopy (rej);0.595;0;sem match válido;Qwen3.5-4B-QLoRA
ID_4679830870331445;7;hematite;hematite;1.000;3;match válido;Qwen3.5-4B-QLoRA
ID_4679830870331445;8;magnetite;magnetite;1.000;3;match válido;Qwen3.5-4B-QLoRA
ID_4679830870331445;9;magnetite nanoparticles;magnetite (rej);0.821;0;sem match válido;Qwen3.5-4B-QLoRA
ID_4679830870331445;10;magnetic nanoparticles;magnetite (rej);0.695;0;sem match válido;Qwen3.5-4B-QLoRA
ID_4679830870331445;11;mossbauer effect;mössbauer spectra (rej);0.627;0;sem match válido;Qwen3.5-4B-QLoRA
ID_4679830870331445;12;mossbauer spectroscopy;mössbauer spectra;0.773;3;match válido;Qwen3.5-4B-QLoRA
ID_4679830870331445;13;mossbauer spectroscopy studies;mössbauer spectra (rej);0.746;0;sem match válido;Qwen3.5-4B-QLoRA
ID_4679830870331445;14;nanoparticle phase evolution;nano-sized iron-oxide (rej);0.445;0;sem match válido;Qwen3.5-4B-QLoRA
ID_4679830870331445;15;nanoparticle synthesis;nano-sized iron-oxide (rej);0.585;0;sem match válido;Qwen3.5-4B-QLoRA
ID_4679830870331445;16;nanoparticles for in vivo;nano-sized iron-oxide (rej);0.568;0;sem match válido;Qwen3.5-4B-QLoRA
ID_4679830870331445;17;nanotubes from the solid;nano-sized iron-oxide (rej);0.610;0;sem match válido;Qwen3.5-4B-QLoRA
ID_4679830870331445;18;natural eosphorite;goethite (rej);0.597;0;sem match válido;Qwen3.5-4B-QLoRA
ID_4679830870331445;19;natural iron ore;iron ores;0.920;3;match válido;Qwen3.5-4B-QLoRA
ID_4679830870331445;20;natural magnetite;magnetite (rej);0.914;0;sem match válido;Qwen3.5-4B-QLoRA
ID_4735276653354808;1;aggregates stability;aggregation (rej);0.600;0;sem match válido;Qwen3.5-4B-QLoRA
ID_4735276653354808;2;agroecology;agroecology;1.000;2;match válido;Qwen3.5-4B-QLoRA
ID_4735276653354808;3;agroforestry systems;agroforestry systems;1.000;3;match válido;Qwen3.5-4B-QLoRA
ID_4735276653354808;4;atlantic forest;silvopasture (rej);0.484;0;sem match válido;Qwen3.5-4B-QLoRA
ID_4735276653354808;5;atlantic forest biome;silvopasture (rej);0.478;0;sem match válido;Qwen3.5-4B-QLoRA
ID_4735276653354808;6;atlantic rainforest;tropical soils (rej);0.604;0;sem match válido;Qwen3.5-4B-QLoRA
ID_4735276653354808;7;atlantic rainforest tree species;tropical soils (rej);0.520;0;sem match válido;Qwen3.5-4B-QLoRA
ID_4735276653354808;8;biomass microbiana;agroecology (rej);0.504;0;sem match válido;Qwen3.5-4B-QLoRA
ID_4735276653354808;9;carbon;organic carbon;0.851;3;match válido;Qwen3.5-4B-QLoRA
ID_4735276653354808;10;carbon stocks;organic carbon stocks;0.878;3;match válido;Qwen3.5-4B-QLoRA
ID_4735276653354808;11;cover crops;sistemas agroflorestais (rej);0.679;0;sem match válido;Qwen3.5-4B-QLoRA
ID_4735276653354808;12;decomposition and nutrient;nutrient cycling (rej);0.538;0;sem match válido;Qwen3.5-4B-QLoRA
ID_4735276653354808;13;decomposition rate;adubação orgânica (rej);0.366;0;sem match válido;Qwen3.5-4B-QLoRA
ID_4735276653354808;14;earthworms;silvopasture (rej);0.486;0;sem match válido;Qwen3.5-4B-QLoRA
ID_4735276653354808;15;organic fertilization;adubação orgânica (rej);0.661;0;sem match válido;Qwen3.5-4B-QLoRA
ID_4735276653354808;16;organic matter;organic matter;1.000;3;match válido;Qwen3.5-4B-QLoRA
ID_4735276653354808;17;organic no-till vegetable;adubação orgânica (rej);0.620;0;sem match válido;Qwen3.5-4B-QLoRA
ID_4735276653354808;18;organic soil;soil organic matter;0.932;3;match válido;Qwen3.5-4B-QLoRA
ID_4735276653354808;19;participatory methodology;uso do solo (rej);0.315;0;sem match válido;Qwen3.5-4B-QLoRA
ID_4735276653354808;20;participatory research methods;uso do solo (rej);0.304;0;sem match válido;Qwen3.5-4B-QLoRA
ID_4765080870408661;1;classification of diseases;prevalências de doenças (rej);0.692;0;sem match válido;Qwen3.5-4B-QLoRA
ID_4765080870408661;2;clinical data;prevalências de doenças (rej);0.613;0;sem match válido;Qwen3.5-4B-QLoRA
ID_4765080870408661;3;data models;modelos multinível (rej);0.676;0;sem match válido;Qwen3.5-4B-QLoRA
ID_4765080870408661;4;health informatics;multilevel healthcare information (rej);0.791;0;sem match válido;Qwen3.5-4B-QLoRA
ID_4765080870408661;5;healthcare information systems;sistemas de informação;0.751;3;match válido;Qwen3.5-4B-QLoRA
ID_4765080870408661;6;healthcare information systems interoperability;multilevel healthcare information (rej);0.770;0;sem match válido;Qwen3.5-4B-QLoRA
ID_4765080870408661;7;healthcare interoperability;true interoperability (rej);0.741;0;sem match válido;Qwen3.5-4B-QLoRA
ID_4765080870408661;8;information exchange;sistemas de informação (rej);0.703;0;sem match válido;Qwen3.5-4B-QLoRA
ID_4765080870408661;9;information systems interoperability;true interoperability;0.835;3;match válido;Qwen3.5-4B-QLoRA
ID_4765080870408661;10;information systems interoperability standards;true interoperability (rej);0.793;0;sem match válido;Qwen3.5-4B-QLoRA
ID_4765080870408661;11;knowledge engineering;sistemas de informação (rej);0.475;0;sem match válido;Qwen3.5-4B-QLoRA
ID_4765080870408661;12;multilevel modeling;modelos multinível;0.850;3;match válido;Qwen3.5-4B-QLoRA
ID_4765080870408661;13;multilevel modeling of healthcare;modeling of healthcare;0.897;3;match válido;Qwen3.5-4B-QLoRA
ID_4765080870408661;14;multilevel modeling of healthcare applications;modeling of healthcare (rej);0.838;0;sem match válido;Qwen3.5-4B-QLoRA
ID_4765080870408661;15;multilevel modeling of healthcare information;multilevel healthcare information;0.858;3;match válido;Qwen3.5-4B-QLoRA
ID_4765080870408661;16;multilevel modeling of healthcare information systems;multilevel healthcare information (rej);0.829;0;sem match válido;Qwen3.5-4B-QLoRA
ID_4765080870408661;17;multilevel modeling of healthcare information systems interoperability;multilevel healthcare information (rej);0.776;0;sem match válido;Qwen3.5-4B-QLoRA
ID_4765080870408661;18;multilevel modeling of healthcare interoperability;multilevel healthcare information (rej);0.720;0;sem match válido;Qwen3.5-4B-QLoRA
ID_4765080870408661;19;multilevel modeling of healthcare interoperability standards;multilevel healthcare information (rej);0.701;0;sem match válido;Qwen3.5-4B-QLoRA
ID_4765080870408661;20;multilevel modeling of healthcare interoperability standards interoperability;multilevel healthcare information (rej);0.661;0;sem match válido;Qwen3.5-4B-QLoRA
ID_4804205224697296;1;candidatus liberibacter americanus;‘candidatus liberibacter americanus’;0.979;3;match válido;Qwen3.5-4B-QLoRA
ID_4804205224697296;2;candidatus liberibacter asiaticus;‘candidatus liberibacter asiaticus’;0.972;3;match válido;Qwen3.5-4B-QLoRA
ID_4804205224697296;3;citrus huanglongbing;citrus (rej);0.812;0;sem match válido;Qwen3.5-4B-QLoRA
ID_4804205224697296;4;citrus huanglongbing disease;diseased fruit;0.815;1;match válido;Qwen3.5-4B-QLoRA
ID_4804205224697296;5;citrus huanglongbing symptoms;symptomatic fruit;0.839;1;match válido;Qwen3.5-4B-QLoRA
ID_4804205224697296;6;citrus sudden death;citrus sudden death;1.000;3;match válido;Qwen3.5-4B-QLoRA
ID_4804205224697296;7;citrus tristeza virus;citrus leprosis virus (rej);0.799;0;sem match válido;Qwen3.5-4B-QLoRA
ID_4804205224697296;8;citrus tristeza virus infection;citrus leprosis virus;0.811;3;match válido;Qwen3.5-4B-QLoRA
ID_4804205224697296;9;citrus varieties;citrus;0.921;3;match válido;Qwen3.5-4B-QLoRA
ID_4804205224697296;10;citrus varieties identification;citrus (rej);0.815;0;sem match válido;Qwen3.5-4B-QLoRA
ID_4804205224697296;11;citrus yellow shoot;citrus (rej);0.751;0;sem match válido;Qwen3.5-4B-QLoRA
ID_4804205224697296;12;diaphorina citri;phyllosticta citricarpa (rej);0.702;0;sem match válido;Qwen3.5-4B-QLoRA
ID_4804205224697296;13;diagrammatic scale;escala diagramática;0.967;3;match válido;Qwen3.5-4B-QLoRA
ID_4804205224697296;14;disease severity;disease severity;1.000;3;match válido;Qwen3.5-4B-QLoRA
ID_4804205224697296;15;disease severity assessment;disease incidence;0.785;3;match válido;Qwen3.5-4B-QLoRA
ID_4804205224697296;16;diagrammatic scales;escala diagramática (rej);0.940;0;sem match válido;Qwen3.5-4B-QLoRA
ID_4804205224697296;17;diagrammatic scales for isolated;escala diagramática (rej);0.806;0;sem match válido;Qwen3.5-4B-QLoRA
ID_4804205224697296;18;graft inoculation;transpiration (rej);0.427;0;sem match válido;Qwen3.5-4B-QLoRA
ID_4804205224697296;19;graft-transmissible bud union;transpiration (rej);0.421;0;sem match válido;Qwen3.5-4B-QLoRA
ID_4804205224697296;20;graft-transmissible bud union disease;disease (rej);0.507;0;sem match válido;Qwen3.5-4B-QLoRA
ID_4830050448543240;1;density-functional theory;density functionals (rej);0.918;0;sem match válido;Qwen3.5-4B-QLoRA
ID_4830050448543240;2;density-matrix renormalization group;density-matrix renormalization group;1.000;2;match válido;Qwen3.5-4B-QLoRA
ID_4830050448543240;3;density-matrix renormalization-group technique;density-matrix renormalization group (rej);0.973;0;sem match válido;Qwen3.5-4B-QLoRA
ID_4830050448543240;4;density-functional study;density-functional study;1.000;3;match válido;Qwen3.5-4B-QLoRA
ID_4830050448543240;5;density-matrix renormalization group techniques;density-matrix renormalization group (rej);0.973;0;sem match válido;Qwen3.5-4B-QLoRA
ID_4830050448543240;6;density-functional theory for;density functionals (rej);0.910;0;sem match válido;Qwen3.5-4B-QLoRA
ID_4830050448543240;7;density-functional theory for the;density functionals (rej);0.903;0;sem match válido;Qwen3.5-4B-QLoRA
ID_4830050448543240;8;density-functional study of;density functionals;0.919;3;match válido;Qwen3.5-4B-QLoRA
ID_4830050448543240;9;density-matrix renormalization-group;density-matrix renormalization group (rej);0.998;0;sem match válido;Qwen3.5-4B-QLoRA
ID_4830050448543240;10;density-matrix renormalization-group techniques;density-matrix renormalization group (rej);0.969;0;sem match válido;Qwen3.5-4B-QLoRA
ID_4830050448543240;11;;;;;;Qwen3.5-4B-QLoRA
ID_4830050448543240;12;;;;;;Qwen3.5-4B-QLoRA
ID_4830050448543240;13;;;;;;Qwen3.5-4B-QLoRA
ID_4830050448543240;14;;;;;;Qwen3.5-4B-QLoRA
ID_4830050448543240;15;;;;;;Qwen3.5-4B-QLoRA
ID_4830050448543240;16;;;;;;Qwen3.5-4B-QLoRA
ID_4830050448543240;17;;;;;;Qwen3.5-4B-QLoRA
ID_4830050448543240;18;;;;;;Qwen3.5-4B-QLoRA
ID_4830050448543240;19;;;;;;Qwen3.5-4B-QLoRA
ID_4830050448543240;20;;;;;;Qwen3.5-4B-QLoRA
ID_4854372533657671;1;critical exponents;threshold models (rej);0.484;0;sem match válido;Qwen3.5-4B-QLoRA
ID_4854372533657671;2;critical point;threshold models (rej);0.524;0;sem match válido;Qwen3.5-4B-QLoRA
ID_4854372533657671;3;critical temperature;“flash” temperature (rej);0.680;0;sem match válido;Qwen3.5-4B-QLoRA
ID_4854372533657671;4;critical temperature parameters;“flash” temperature (rej);0.637;0;sem match válido;Qwen3.5-4B-QLoRA
ID_4854372533657671;5;critical temperature range;“flash” temperature (rej);0.673;0;sem match válido;Qwen3.5-4B-QLoRA
ID_4854372533657671;6;critical temperature regime;“flash” temperature (rej);0.655;0;sem match válido;Qwen3.5-4B-QLoRA
ID_4854372533657671;7;criticality;sociophysics (rej);0.439;0;sem match válido;Qwen3.5-4B-QLoRA
ID_4854372533657671;8;emergence;simulated emergence;0.790;3;match válido;Qwen3.5-4B-QLoRA
ID_4854372533657671;9;emergence of hierarchy;simulated emergence (rej);0.480;0;sem match válido;Qwen3.5-4B-QLoRA
ID_4854372533657671;10;ergodicity;walecka model (rej);0.441;0;sem match válido;Qwen3.5-4B-QLoRA
ID_4854372533657671;11;ergodic dynamics;precursory dynamics (rej);0.616;0;sem match válido;Qwen3.5-4B-QLoRA
ID_4854372533657671;12;evolutionary models;evolution (rej);0.804;0;sem match válido;Qwen3.5-4B-QLoRA
ID_4854372533657671;13;evolutionary theory;evolution;0.841;3;match válido;Qwen3.5-4B-QLoRA
ID_4854372533657671;14;finite-size scaling;stability limits (rej);0.457;0;sem match válido;Qwen3.5-4B-QLoRA
ID_4854372533657671;15;genetic algorithms;phenotype-based selective (rej);0.583;0;sem match válido;Qwen3.5-4B-QLoRA
ID_4854372533657671;16;hierarchy;sociophysics (rej);0.432;0;sem match válido;Qwen3.5-4B-QLoRA
ID_4854372533657671;17;mean-field;mean-field;1.000;3;match válido;Qwen3.5-4B-QLoRA
ID_4854372533657671;18;mean-field driven threshold;mean-field (rej);0.744;0;sem match válido;Qwen3.5-4B-QLoRA
ID_4854372533657671;19;mean-field driven threshold systems;threshold models (rej);0.743;0;sem match válido;Qwen3.5-4B-QLoRA
ID_4854372533657671;20;mean-field models;mean-field (rej);0.806;0;sem match válido;Qwen3.5-4B-QLoRA
ID_4928616387172275;1;amazon basin;amazonia;0.896;3;match válido;Qwen3.5-4B-QLoRA
ID_4928616387172275;2;amazonian diversification;amazonia (rej);0.715;0;sem match válido;Qwen3.5-4B-QLoRA
ID_4928616387172275;3;amazonian diversification patterns;patterns of diversification (rej);0.710;0;sem match válido;Qwen3.5-4B-QLoRA
ID_4928616387172275;4;amazonian forest;amazonia (rej);0.869;0;sem match válido;Qwen3.5-4B-QLoRA
ID_4928616387172275;5;amazonian lowland forest;rainforest understory;0.781;2;match válido;Qwen3.5-4B-QLoRA
ID_4928616387172275;6;amazonian lowland forest birds;patterns in amazonia (rej);0.667;0;sem match válido;Qwen3.5-4B-QLoRA
ID_4928616387172275;7;amazonian lowland forest taxa;amazonia (rej);0.774;0;sem match válido;Qwen3.5-4B-QLoRA
ID_4928616387172275;8;amazonian lowland rain forest;amazonia (rej);0.770;0;sem match válido;Qwen3.5-4B-QLoRA
ID_4928616387172275;9;amazonian lowland rain forest birds;patterns in amazonia (rej);0.665;0;sem match válido;Qwen3.5-4B-QLoRA
ID_4928616387172275;10;amazonian lowland rain forests;amazonia (rej);0.753;0;sem match válido;Qwen3.5-4B-QLoRA
ID_4928616387172275;11;amazonian lowland taxa;amazonia (rej);0.794;0;sem match válido;Qwen3.5-4B-QLoRA
ID_4928616387172275;12;amazonian lowland wetlands;patterns in amazonia (rej);0.696;0;sem match válido;Qwen3.5-4B-QLoRA
ID_4928616387172275;13;amazonian lowland wetlands taxa;patterns in amazonia (rej);0.686;0;sem match válido;Qwen3.5-4B-QLoRA
ID_4928616387172275;14;amazonian lowlands;patterns in amazonia;0.831;3;match válido;Qwen3.5-4B-QLoRA
ID_4928616387172275;15;amazonian species;amazonia (rej);0.833;0;sem match válido;Qwen3.5-4B-QLoRA
ID_4928616387172275;16;amazonian taxa;amazonia (rej);0.804;0;sem match válido;Qwen3.5-4B-QLoRA
ID_4928616387172275;17;amazonian wetland;amazonia (rej);0.775;0;sem match válido;Qwen3.5-4B-QLoRA
ID_4928616387172275;18;amazonian wetland taxa;patterns in amazonia (rej);0.745;0;sem match válido;Qwen3.5-4B-QLoRA
ID_4928616387172275;19;amazonian wetlands;amazonia (rej);0.717;0;sem match válido;Qwen3.5-4B-QLoRA
ID_4928616387172275;20;amazonian wetlands taxa;amazonia (rej);0.708;0;sem match válido;Qwen3.5-4B-QLoRA
ID_5006741787749124;1;bipolar disorder;bipolar disorder;1.000;1;match válido;Qwen3.5-4B-QLoRA
ID_5006741787749124;2;dopamine;neuropsychiatric disorders (rej);0.510;0;sem match válido;Qwen3.5-4B-QLoRA
ID_5006741787749124;3;dopamine signaling;signaling pathway (rej);0.505;0;sem match válido;Qwen3.5-4B-QLoRA
ID_5006741787749124;4;dopaminergic signaling;signaling pathway (rej);0.522;0;sem match válido;Qwen3.5-4B-QLoRA
ID_5006741787749124;5;dopaminergic signaling pathway;signaling pathway (rej);0.602;0;sem match válido;Qwen3.5-4B-QLoRA
ID_5006741787749124;6;dopamine d2 receptor;neuronal calcium sensor 1 (rej);0.432;0;sem match válido;Qwen3.5-4B-QLoRA
ID_5006741787749124;7;dopamine receptor;neuronal calcium sensor 1 (rej);0.461;0;sem match válido;Qwen3.5-4B-QLoRA
ID_5006741787749124;8;dopamine receptor d2;neuropsychiatric disorders (rej);0.436;0;sem match válido;Qwen3.5-4B-QLoRA
ID_5006741787749124;9;dopaminergic signalling;signaling pathway (rej);0.528;0;sem match válido;Qwen3.5-4B-QLoRA
ID_5006741787749124;10;dopaminergic signalling pathway;signaling pathway (rej);0.610;0;sem match válido;Qwen3.5-4B-QLoRA
ID_5006741787749124;11;dopamine d2 receptor activity;neuronal calcium sensor 1 (rej);0.420;0;sem match válido;Qwen3.5-4B-QLoRA
ID_5006741787749124;12;dopamine imbalances;neuropsychiatric disorders (rej);0.511;0;sem match válido;Qwen3.5-4B-QLoRA
ID_5006741787749124;13;dopaminergic receptor;neuropsychiatric disorders (rej);0.475;0;sem match válido;Qwen3.5-4B-QLoRA
ID_5006741787749124;14;inhibitory avoidance task;motor behavior (rej);0.386;0;sem match válido;Qwen3.5-4B-QLoRA
ID_5006741787749124;15;intracerebroventricular injection;central nervous system (rej);0.269;0;sem match válido;Qwen3.5-4B-QLoRA
ID_5006741787749124;16;neuronal calcium sensor;neuronal calcium sensor 1 (rej);0.976;0;sem match válido;Qwen3.5-4B-QLoRA
ID_5006741787749124;17;neuronal calcium sensor-1;neuronal calcium sensor 1;0.997;3;match válido;Qwen3.5-4B-QLoRA
ID_5006741787749124;18;neuronal calcium sensor-1 (nps-1);neuronal calcium sensor 1 (rej);0.964;0;sem match válido;Qwen3.5-4B-QLoRA
ID_5006741787749124;19;neuronal calcium sensor-1 protein;neuronal calcium sensor 1 (rej);0.954;0;sem match válido;Qwen3.5-4B-QLoRA
ID_5006741787749124;20;neuronal calcium sensor-1 protein expression;neuronal calcium sensor 1 (rej);0.919;0;sem match válido;Qwen3.5-4B-QLoRA
ID_5065411466998527;1;antileishmanial activity;leishmanicidal activity (rej);0.649;0;sem match válido;Qwen3.5-4B-QLoRA
ID_5065411466998527;2;antileishmanial drugs;piplartine (rej);0.505;0;sem match válido;Qwen3.5-4B-QLoRA
ID_5065411466998527;3;biological activities;activity on promastigotes (rej);0.637;0;sem match válido;Qwen3.5-4B-QLoRA
ID_5065411466998527;4;biodiversity;leishmaniasis (rej);0.474;0;sem match válido;Qwen3.5-4B-QLoRA
ID_5065411466998527;5;brazilian amazon;leishmania amazonensis promastigotes (rej);0.367;0;sem match válido;Qwen3.5-4B-QLoRA
ID_5065411466998527;6;cytotoxicity;leishmanicidal activity (rej);0.398;0;sem match válido;Qwen3.5-4B-QLoRA
ID_5065411466998527;7;cytotoxicity assay;antigenic membrane proteins (rej);0.349;0;sem match válido;Qwen3.5-4B-QLoRA
ID_5065411466998527;8;cytotoxicity of macrophages;peritoneal macrophages (rej);0.634;0;sem match válido;Qwen3.5-4B-QLoRA
ID_5065411466998527;9;evaluation of leishmanicidal;leishmanicidal activity (rej);0.873;0;sem match válido;Qwen3.5-4B-QLoRA
ID_5065411466998527;10;leishmania amazonensis;leishmania amazonensis;1.000;3;match válido;Qwen3.5-4B-QLoRA
ID_5065411466998527;11;leishmania amazonensis promastigotes;leishmania amazonensis promastigotes;1.000;3;match válido;Qwen3.5-4B-QLoRA
ID_5065411466998527;12;leishmania amazonensis promastigotes and host;leishmania amazonensis promastigotes (rej);0.935;0;sem match válido;Qwen3.5-4B-QLoRA
ID_5065411466998527;13;leishmania amazonensis promastigotes were cultured;leishmania amazonensis promastigotes (rej);0.874;0;sem match válido;Qwen3.5-4B-QLoRA
ID_5065411466998527;14;leishmanicidal activity;leishmanicidal activity;1.000;3;match válido;Qwen3.5-4B-QLoRA
ID_5065411466998527;15;leishmanicidal activity of fractions;leishmanicidal activity (rej);0.728;0;sem match válido;Qwen3.5-4B-QLoRA
ID_5065411466998527;16;leishmanicidal activity of liposomes;liposomal-lupane system;0.843;3;match válido;Qwen3.5-4B-QLoRA
ID_5065411466998527;17;leishmanicidal activity of fractions rich;leishmanicidal activity (rej);0.720;0;sem match válido;Qwen3.5-4B-QLoRA
ID_5065411466998527;18;leishmanicidal activity of liposomal-lupane;liposomal-lupane system (rej);0.793;0;sem match válido;Qwen3.5-4B-QLoRA
ID_5065411466998527;19;leishmanicidal activity of piper;leishmanicidal activity (rej);0.733;0;sem match válido;Qwen3.5-4B-QLoRA
ID_5065411466998527;20;leishmanicidal activity of triterpene;leishmanicidal activity (rej);0.755;0;sem match válido;Qwen3.5-4B-QLoRA
ID_5105401635003548;1;archeointensity;archeointensity;1.000;2;match válido;Qwen3.5-4B-QLoRA
ID_5105401635003548;2;archeointensity data;report new archeointensity;0.893;2;match válido;Qwen3.5-4B-QLoRA
ID_5105401635003548;3;archeointensity results;recent archeointensity results;0.953;2;match válido;Qwen3.5-4B-QLoRA
ID_5105401635003548;4;archeomagnetism;archeomagnetism;1.000;2;match válido;Qwen3.5-4B-QLoRA
ID_5105401635003548;5;archeomagnetic dating;archeomagnetism (rej);0.747;0;sem match válido;Qwen3.5-4B-QLoRA
ID_5105401635003548;6;baked clay;cerâmica vermelha fina (rej);0.539;0;sem match válido;Qwen3.5-4B-QLoRA
ID_5105401635003548;7;baked clay elements;cerâmica vermelha fina (rej);0.524;0;sem match válido;Qwen3.5-4B-QLoRA
ID_5105401635003548;8;brazil;northeast brazil (rej);0.843;0;sem match válido;Qwen3.5-4B-QLoRA
ID_5105401635003548;9;cooling rate;recent archeointensity results (rej);0.289;0;sem match válido;Qwen3.5-4B-QLoRA
ID_5105401635003548;10;cooling rate correction;recent archeointensity results (rej);0.248;0;sem match válido;Qwen3.5-4B-QLoRA
ID_5105401635003548;11;cooling rate effects;recent archeointensity results (rej);0.287;0;sem match válido;Qwen3.5-4B-QLoRA
ID_5105401635003548;12;geomagnetic field intensity;global geomagnetic field (rej);0.872;0;sem match válido;Qwen3.5-4B-QLoRA
ID_5105401635003548;13;geomagnetic field models;global geomagnetic field;0.888;2;match válido;Qwen3.5-4B-QLoRA
ID_5105401635003548;14;historical documents;xvith century (rej);0.571;0;sem match válido;Qwen3.5-4B-QLoRA
ID_5105401635003548;15;historical portuguese potteries;rupestres da tradição (rej);0.622;0;sem match válido;Qwen3.5-4B-QLoRA
ID_5105401635003548;16;intensity determinations;site-mean intensity values (rej);0.737;0;sem match válido;Qwen3.5-4B-QLoRA
ID_5105401635003548;17;intensity results;site-mean intensity values (rej);0.724;0;sem match válido;Qwen3.5-4B-QLoRA
ID_5105401635003548;18;intensity values;site-mean intensity values;0.775;2;match válido;Qwen3.5-4B-QLoRA
ID_5105401635003548;19;northeast brazil;northeast brazil;1.000;2;match válido;Qwen3.5-4B-QLoRA
ID_5105401635003548;20;northeast brazil over;northeast brazil (rej);0.940;0;sem match válido;Qwen3.5-4B-QLoRA
ID_5118629875846648;1;association rules;association rules;1.000;3;match válido;Qwen3.5-4B-QLoRA
ID_5118629875846648;2;content-based image retrieval;content-based image retrieval;1.000;3;match válido;Qwen3.5-4B-QLoRA
ID_5118629875846648;3;content-based image retrieval systems;content-based image retrieval (rej);0.973;0;sem match válido;Qwen3.5-4B-QLoRA
ID_5118629875846648;4;content-based retrieval;content-based image retrieval (rej);0.815;0;sem match válido;Qwen3.5-4B-QLoRA
ID_5118629875846648;5;content-based search;content-based image retrieval (rej);0.692;0;sem match válido;Qwen3.5-4B-QLoRA
ID_5118629875846648;6;database extensions;sql extension;0.824;3;match válido;Qwen3.5-4B-QLoRA
ID_5118629875846648;7;distance function;metric access (rej);0.483;0;sem match válido;Qwen3.5-4B-QLoRA
ID_5118629875846648;8;distance functions;metric access (rej);0.468;0;sem match válido;Qwen3.5-4B-QLoRA
ID_5118629875846648;9;distance functions based;metric access methods (rej);0.473;0;sem match válido;Qwen3.5-4B-QLoRA
ID_5118629875846648;10;efficient content-based image;content-based image retrieval (rej);0.841;0;sem match válido;Qwen3.5-4B-QLoRA
ID_5118629875846648;11;image features;content-based medical image (rej);0.621;0;sem match válido;Qwen3.5-4B-QLoRA
ID_5118629875846648;12;image processing;content-based image retrieval (rej);0.696;0;sem match válido;Qwen3.5-4B-QLoRA
ID_5118629875846648;13;image retrieval;content-based image retrieval (rej);0.884;0;sem match válido;Qwen3.5-4B-QLoRA
ID_5118629875846648;14;image retrieval systems;content-based image retrieval (rej);0.833;0;sem match válido;Qwen3.5-4B-QLoRA
ID_5118629875846648;15;image texture;content-based medical image (rej);0.564;0;sem match válido;Qwen3.5-4B-QLoRA
ID_5118629875846648;16;medical image diagnosis;medical image retrieval;0.816;3;match válido;Qwen3.5-4B-QLoRA
ID_5118629875846648;17;medical images;medical images;1.000;3;match válido;Qwen3.5-4B-QLoRA
ID_5118629875846648;18;metric data analysis;metric access methods (rej);0.735;0;sem match válido;Qwen3.5-4B-QLoRA
ID_5118629875846648;19;metric data evolution;metric access (rej);0.630;0;sem match válido;Qwen3.5-4B-QLoRA
ID_5118629875846648;20;metric data visualization;metric access (rej);0.692;0;sem match válido;Qwen3.5-4B-QLoRA
ID_5183458350445779;1;crystallization;thermal unfolding (rej);0.419;0;sem match válido;Qwen3.5-4B-QLoRA
ID_5183458350445779;2;expression;heterologous expression (rej);0.595;0;sem match válido;Qwen3.5-4B-QLoRA
ID_5183458350445779;3;expression and purification;purification and characterization;0.872;3;match válido;Qwen3.5-4B-QLoRA
ID_5183458350445779;4;human septin;human septin;1.000;3;match válido;Qwen3.5-4B-QLoRA
ID_5183458350445779;5;human septin 3;human septin (rej);0.939;0;sem match válido;Qwen3.5-4B-QLoRA
ID_5183458350445779;6;human septins;human septin (rej);0.960;0;sem match válido;Qwen3.5-4B-QLoRA
ID_5183458350445779;7;human septins 6;human septin (rej);0.912;0;sem match válido;Qwen3.5-4B-QLoRA
ID_5183458350445779;8;human septins 7;human septin (rej);0.922;0;sem match válido;Qwen3.5-4B-QLoRA
ID_5183458350445779;9;human septins 8;human septin (rej);0.915;0;sem match válido;Qwen3.5-4B-QLoRA
ID_5183458350445779;10;human septins 10;human septin (rej);0.915;0;sem match válido;Qwen3.5-4B-QLoRA
ID_5183458350445779;11;human septins 11;human septin (rej);0.920;0;sem match válido;Qwen3.5-4B-QLoRA
ID_5183458350445779;12;human septins 12;human septin (rej);0.906;0;sem match válido;Qwen3.5-4B-QLoRA
ID_5183458350445779;13;human septins 13;human septin (rej);0.911;0;sem match válido;Qwen3.5-4B-QLoRA
ID_5183458350445779;14;human septins 14;human septin (rej);0.922;0;sem match válido;Qwen3.5-4B-QLoRA
ID_5183458350445779;15;human septins 15;human septin (rej);0.933;0;sem match válido;Qwen3.5-4B-QLoRA
ID_5183458350445779;16;human septins 16;human septin (rej);0.911;0;sem match válido;Qwen3.5-4B-QLoRA
ID_5183458350445779;17;human septins 17;human septin (rej);0.922;0;sem match válido;Qwen3.5-4B-QLoRA
ID_5183458350445779;18;human septins 18;human septin (rej);0.914;0;sem match válido;Qwen3.5-4B-QLoRA
ID_5183458350445779;19;human septins 19;human septin (rej);0.913;0;sem match válido;Qwen3.5-4B-QLoRA
ID_5183458350445779;20;human septins 20;human septin (rej);0.902;0;sem match válido;Qwen3.5-4B-QLoRA
ID_5187181156228197;1;arc-related rocks;magmatic arc (rej);0.840;0;sem match válido;Qwen3.5-4B-QLoRA
ID_5187181156228197;2;arc-related rocks of the;magmatic arc;0.844;2;match válido;Qwen3.5-4B-QLoRA
ID_5187181156228197;3;arc-related rocks of the central;magmatic arc (rej);0.816;0;sem match válido;Qwen3.5-4B-QLoRA
ID_5187181156228197;4;arc-related rocks of the central segment;magmatic arc (rej);0.800;0;sem match válido;Qwen3.5-4B-QLoRA
ID_5187181156228197;5;arc-related rocks of the rio;magmatic arc (rej);0.741;0;sem match válido;Qwen3.5-4B-QLoRA
ID_5187181156228197;6;arc-related rocks of the rio negro;orogênese brasiliana (rej);0.682;0;sem match válido;Qwen3.5-4B-QLoRA
ID_5187181156228197;7;arc-related rocks of the serra;magmatic arc (rej);0.779;0;sem match válido;Qwen3.5-4B-QLoRA
ID_5187181156228197;8;arc-related rocks of the serra da bolívia;magmatic arc (rej);0.719;0;sem match válido;Qwen3.5-4B-QLoRA
ID_5187181156228197;9;arc-related rocks of the serra da prata;magmatic arc (rej);0.756;0;sem match válido;Qwen3.5-4B-QLoRA
ID_5187181156228197;10;arc-related rocks of the southern;magmatic arc (rej);0.774;0;sem match válido;Qwen3.5-4B-QLoRA
ID_5187181156228197;11;arc-related rocks of the southern ribeira;magmatic arc (rej);0.706;0;sem match válido;Qwen3.5-4B-QLoRA
ID_5187181156228197;12;arc-related rocks of the southernmost;magmatic arc (rej);0.776;0;sem match válido;Qwen3.5-4B-QLoRA
ID_5187181156228197;13;arc-related rocks of the southernmost ribeira;magmatic arc (rej);0.686;0;sem match válido;Qwen3.5-4B-QLoRA
ID_5187181156228197;14;arc-related rocks of the serra da;magmatic arc (rej);0.716;0;sem match válido;Qwen3.5-4B-QLoRA
ID_5187181156228197;15;arc-related rocks of the serra da prata arcs;magmatic arc (rej);0.794;0;sem match válido;Qwen3.5-4B-QLoRA
ID_5187181156228197;16;arc-related rocks of the serra da prata arcs are located;magmatic arc (rej);0.742;0;sem match válido;Qwen3.5-4B-QLoRA
ID_5187181156228197;17;arc-related rocks of the serra da prata arcs are located easternmost;magmatic arc (rej);0.686;0;sem match válido;Qwen3.5-4B-QLoRA
ID_5187181156228197;18;arc-related rocks of the serra da prata arcs display;magmatic arc (rej);0.763;0;sem match válido;Qwen3.5-4B-QLoRA
ID_5187181156228197;19;arc-related rocks of the serra da prata arcs display contrasting;magmatic arc (rej);0.736;0;sem match válido;Qwen3.5-4B-QLoRA
ID_5187181156228197;20;arc-related rocks of the serra da prata arcs display contrasting more;magmatic arc (rej);0.715;0;sem match válido;Qwen3.5-4B-QLoRA
ID_5265254209364825;1;built-in self-test;built-in self-test;1.000;3;match válido;Qwen3.5-4B-QLoRA
ID_5265254209364825;2;fault detection;fault diagnosis;0.891;3;match válido;Qwen3.5-4B-QLoRA
ID_5265254209364825;3;fault tolerance;fault diagnosis (rej);0.702;0;sem match válido;Qwen3.5-4B-QLoRA
ID_5265254209364825;4;fault-tolerant microprocessor;integrated circuit design (rej);0.496;0;sem match válido;Qwen3.5-4B-QLoRA
ID_5265254209364825;5;field programmable analog arrays;field programmable analog;0.819;3;match válido;Qwen3.5-4B-QLoRA
ID_5265254209364825;6;fpaa;fpaas;0.972;3;match válido;Qwen3.5-4B-QLoRA
ID_5265254209364825;7;fpaa programming;fpaas (rej);0.812;0;sem match válido;Qwen3.5-4B-QLoRA
ID_5265254209364825;8;fpaa programming bitstream;fpaas (rej);0.574;0;sem match válido;Qwen3.5-4B-QLoRA
ID_5265254209364825;9;fpaa programming resources;fpaas (rej);0.723;0;sem match válido;Qwen3.5-4B-QLoRA
ID_5265254209364825;10;fpaa programming section;fpaas (rej);0.765;0;sem match válido;Qwen3.5-4B-QLoRA
ID_5265254209364825;11;fpaa programming structures;fpaas (rej);0.717;0;sem match válido;Qwen3.5-4B-QLoRA
ID_5265254209364825;12;fpaa programming technology;fpaas (rej);0.730;0;sem match válido;Qwen3.5-4B-QLoRA
ID_5265254209364825;13;fpaa programming technologies;fpaas (rej);0.728;0;sem match válido;Qwen3.5-4B-QLoRA
ID_5265254209364825;14;fpaa programming vector;fpaas (rej);0.716;0;sem match válido;Qwen3.5-4B-QLoRA
ID_5265254209364825;15;fpaa programming vectors;fpaas (rej);0.729;0;sem match válido;Qwen3.5-4B-QLoRA
ID_5265254209364825;16;;;;;;Qwen3.5-4B-QLoRA
ID_5265254209364825;17;;;;;;Qwen3.5-4B-QLoRA
ID_5265254209364825;18;;;;;;Qwen3.5-4B-QLoRA
ID_5265254209364825;19;;;;;;Qwen3.5-4B-QLoRA
ID_5265254209364825;20;;;;;;Qwen3.5-4B-QLoRA
ID_5317385915649516;1;brachiaria brizantha;tropical forages (rej);0.492;0;sem match válido;Qwen3.5-4B-QLoRA
ID_5317385915649516;2;capim marandu;marandu grass;0.756;3;match válido;Qwen3.5-4B-QLoRA
ID_5317385915649516;3;cell wall;cellulase (rej);0.654;0;sem match válido;Qwen3.5-4B-QLoRA
ID_5317385915649516;4;degradability;degradability;1.000;3;match válido;Qwen3.5-4B-QLoRA
ID_5317385915649516;5;dry matter;dry matter;1.000;3;match válido;Qwen3.5-4B-QLoRA
ID_5317385915649516;6;effective degradability;degradability (rej);0.926;0;sem match válido;Qwen3.5-4B-QLoRA
ID_5317385915649516;7;effective degradability (ed);degradability (rej);0.873;0;sem match válido;Qwen3.5-4B-QLoRA
ID_5317385915649516;8;fermentation;síntese microbiana (rej);0.552;0;sem match válido;Qwen3.5-4B-QLoRA
ID_5317385915649516;9;fermentation kinetics;síntese microbiana (rej);0.496;0;sem match válido;Qwen3.5-4B-QLoRA
ID_5317385915649516;10;feed;bovinos alimentados (rej);0.720;0;sem match válido;Qwen3.5-4B-QLoRA
ID_5317385915649516;11;forage;tropical forages (rej);0.650;0;sem match válido;Qwen3.5-4B-QLoRA
ID_5317385915649516;12;forage degradation;degradability (rej);0.526;0;sem match válido;Qwen3.5-4B-QLoRA
ID_5317385915649516;13;fracionamento de carboidratos;water soluble carbohydrates (rej);0.677;0;sem match válido;Qwen3.5-4B-QLoRA
ID_5317385915649516;14;fracionamento de carboidratos e proteína;protein sources (rej);0.719;0;sem match válido;Qwen3.5-4B-QLoRA
ID_5317385915649516;15;fracionamento de carboidratos e proteína da matéria seca;crude protein (rej);0.744;0;sem match válido;Qwen3.5-4B-QLoRA
ID_5317385915649516;16;fungal growth;síntese microbiana (rej);0.494;0;sem match válido;Qwen3.5-4B-QLoRA
ID_5317385915649516;17;heifer;marandu grass (rej);0.450;0;sem match válido;Qwen3.5-4B-QLoRA
ID_5317385915649516;18;heifers fed diet;bovinos alimentados;0.767;3;match válido;Qwen3.5-4B-QLoRA
ID_5317385915649516;19;in vitro gas production;methane emission (rej);0.532;0;sem match válido;Qwen3.5-4B-QLoRA
ID_5317385915649516;20;in vitro gas production potential;methane emission (rej);0.549;0;sem match válido;Qwen3.5-4B-QLoRA
ID_5368167403557640;1;finite element;finite elements (rej);0.968;0;sem match válido;Qwen3.5-4B-QLoRA
ID_5368167403557640;2;finite element method;finite element method;1.000;3;match válido;Qwen3.5-4B-QLoRA
ID_5368167403557640;3;finite element methods;finite element method (rej);0.984;0;sem match válido;Qwen3.5-4B-QLoRA
ID_5368167403557640;4;finite elements;finite elements;1.000;3;match válido;Qwen3.5-4B-QLoRA
ID_5368167403557640;5;finite volume discretization;finite elements (rej);0.586;0;sem match válido;Qwen3.5-4B-QLoRA
ID_5368167403557640;6;hermite finite element;finite elements (rej);0.826;0;sem match válido;Qwen3.5-4B-QLoRA
ID_5368167403557640;7;hermite interpolation;partitioned analysis (rej);0.495;0;sem match válido;Qwen3.5-4B-QLoRA
ID_5368167403557640;8;hermite interpolation element;finite elements (rej);0.583;0;sem match válido;Qwen3.5-4B-QLoRA
ID_5368167403557640;9;incompressible flows;incompressible flow;0.974;3;match válido;Qwen3.5-4B-QLoRA
ID_5368167403557640;10;incompressible flows problems;incompressible flow (rej);0.926;0;sem match válido;Qwen3.5-4B-QLoRA
ID_5368167403557640;11;incompressible low-reynolds-number flows;incompressible flow (rej);0.676;0;sem match válido;Qwen3.5-4B-QLoRA
ID_5368167403557640;12;interpolation;partitioned analysis (rej);0.524;0;sem match válido;Qwen3.5-4B-QLoRA
ID_5368167403557640;13;interpolation order;partitioned analysis (rej);0.529;0;sem match válido;Qwen3.5-4B-QLoRA
ID_5368167403557640;14;lagrange finite element;finite elements (rej);0.836;0;sem match válido;Qwen3.5-4B-QLoRA
ID_5368167403557640;15;lagrange finite elements;finite elements (rej);0.845;0;sem match válido;Qwen3.5-4B-QLoRA
ID_5368167403557640;16;linear system;reynolds equation (rej);0.446;0;sem match válido;Qwen3.5-4B-QLoRA
ID_5368167403557640;17;meshless shapes;unstructured mesh generation;0.750;2;match válido;Qwen3.5-4B-QLoRA
ID_5368167403557640;18;moving-least-squares surfaces;tracking with moving-least-squares (rej);0.719;0;sem match válido;Qwen3.5-4B-QLoRA
ID_5368167403557640;19;moving textures;tracking with moving-least-squares (rej);0.495;0;sem match válido;Qwen3.5-4B-QLoRA
ID_5368167403557640;20;multidimensional stokes system;two-fluid model (rej);0.494;0;sem match válido;Qwen3.5-4B-QLoRA
ID_5424781102486268;1;2d electrophoresis;transmission electron microscopy (rej);0.452;0;sem match válido;Qwen3.5-4B-QLoRA
ID_5424781102486268;2;2d gel electrophoresis;magnetic fluids (rej);0.424;0;sem match válido;Qwen3.5-4B-QLoRA
ID_5424781102486268;3;2d gel electrophoresis and mass spectrometry;mass spectrometry (rej);0.575;0;sem match válido;Qwen3.5-4B-QLoRA
ID_5424781102486268;4;2d gel electrophoresis coupled with mass spectrometry;mass spectrometry (rej);0.536;0;sem match válido;Qwen3.5-4B-QLoRA
ID_5424781102486268;5;2d gel electrophoresis and mass;magnetic fluids (rej);0.479;0;sem match válido;Qwen3.5-4B-QLoRA
ID_5424781102486268;6;2d gel electrophoresis coupled;magnetic fluids (rej);0.422;0;sem match válido;Qwen3.5-4B-QLoRA
ID_5424781102486268;7;antioxidant enzyme activities;β-xylanase purification (rej);0.502;0;sem match válido;Qwen3.5-4B-QLoRA
ID_5424781102486268;8;antioxidant enzymes;β-xylanase purification (rej);0.517;0;sem match válido;Qwen3.5-4B-QLoRA
ID_5424781102486268;9;atomic force microscopy;atomic force microscopy;1.000;3;match válido;Qwen3.5-4B-QLoRA
ID_5424781102486268;10;biocompatible agent;biocompatibility;0.789;3;match válido;Qwen3.5-4B-QLoRA
ID_5424781102486268;11;biocompatible nanoparticles;biocompatibility (rej);0.589;0;sem match válido;Qwen3.5-4B-QLoRA
ID_5424781102486268;12;biocompatible nanoparticles surface-treated;biocompatibility (rej);0.518;0;sem match válido;Qwen3.5-4B-QLoRA
ID_5424781102486268;13;biocompatible nanoparticles surface-treated with polyaspartic;biocompatibility (rej);0.481;0;sem match válido;Qwen3.5-4B-QLoRA
ID_5424781102486268;14;biocompatible nanoparticles surface-treated with polyaspartic acid;polyunsaturated fatty acids (rej);0.508;0;sem match válido;Qwen3.5-4B-QLoRA
ID_5424781102486268;15;biocompatible nanoparticles surface-coated;biocompatibility (rej);0.519;0;sem match válido;Qwen3.5-4B-QLoRA
ID_5424781102486268;16;biocompatible nanoparticles surface-coated with polyaspartic;biocompatibility (rej);0.491;0;sem match válido;Qwen3.5-4B-QLoRA
ID_5424781102486268;17;biocompatible nanoparticles surface-coated with polyaspartic acid;polyunsaturated fatty acids (rej);0.517;0;sem match válido;Qwen3.5-4B-QLoRA
ID_5424781102486268;18;cell surface;cell;0.798;3;match válido;Qwen3.5-4B-QLoRA
ID_5424781102486268;19;dendrimers;dermaseptins from phyllomedusa (rej);0.425;0;sem match válido;Qwen3.5-4B-QLoRA
ID_5424781102486268;20;electron microscopy;transmission electron microscopy;0.877;2;match válido;Qwen3.5-4B-QLoRA
ID_5465930712415985;1;biodiversity;taxonomy (rej);0.680;0;sem match válido;Qwen3.5-4B-QLoRA
ID_5465930712415985;2;brazil;tropical forest (rej);0.482;0;sem match válido;Qwen3.5-4B-QLoRA
ID_5465930712415985;3;brazilian flora;vegetation types (rej);0.710;0;sem match válido;Qwen3.5-4B-QLoRA
ID_5465930712415985;4;brazilian vegetation;tropical forest;0.776;2;match válido;Qwen3.5-4B-QLoRA
ID_5465930712415985;5;caatinga;abarema (rej);0.579;0;sem match válido;Qwen3.5-4B-QLoRA
ID_5465930712415985;6;classification;taxonomy (rej);0.662;0;sem match válido;Qwen3.5-4B-QLoRA
ID_5465930712415985;7;classification and phylogeny;taxonomy;0.881;3;match válido;Qwen3.5-4B-QLoRA
ID_5465930712415985;8;composição florística;composição florística;1.000;2;match válido;Qwen3.5-4B-QLoRA
ID_5465930712415985;9;conservation;list highlights conservation (rej);0.729;0;sem match válido;Qwen3.5-4B-QLoRA
ID_5465930712415985;10;conservation challenges;list highlights conservation (rej);0.663;0;sem match válido;Qwen3.5-4B-QLoRA
ID_5465930712415985;11;conservation genetics;list highlights conservation (rej);0.585;0;sem match válido;Qwen3.5-4B-QLoRA
ID_5465930712415985;12;eugenia;subtribes eugeniinae;0.840;2;match válido;Qwen3.5-4B-QLoRA
ID_5465930712415985;13;flora;arbustivas e arbóreas;0.794;2;match válido;Qwen3.5-4B-QLoRA
ID_5465930712415985;14;floristic composition;florística e estrutura;0.805;2;match válido;Qwen3.5-4B-QLoRA
ID_5465930712415985;15;floristic inventory;florística e estrutura (rej);0.617;0;sem match válido;Qwen3.5-4B-QLoRA
ID_5465930712415985;16;floristic list;composição florística (rej);0.777;0;sem match válido;Qwen3.5-4B-QLoRA
ID_5465930712415985;17;floristic survey;florística e estrutura (rej);0.665;0;sem match válido;Qwen3.5-4B-QLoRA
ID_5465930712415985;18;fruit morphology;flowering and fruiting;0.758;2;match válido;Qwen3.5-4B-QLoRA
ID_5465930712415985;19;fruit types;flowering and fruiting (rej);0.733;0;sem match válido;Qwen3.5-4B-QLoRA
ID_5465930712415985;20;geographic distribution;geographic distributions;0.984;2;match válido;Qwen3.5-4B-QLoRA
ID_5554472337681978;1;aliphatic hydrocarbons;organic carbon (rej);0.474;0;sem match válido;Qwen3.5-4B-QLoRA
ID_5554472337681978;2;aliphatic hydrocarbons distribution;organic carbon (rej);0.430;0;sem match válido;Qwen3.5-4B-QLoRA
ID_5554472337681978;3;aliphatic hydrocarbons in sediments;sedimentary organic matter (rej);0.745;0;sem match válido;Qwen3.5-4B-QLoRA
ID_5554472337681978;4;black carbon;organic carbon (rej);0.691;0;sem match válido;Qwen3.5-4B-QLoRA
ID_5554472337681978;5;black carbon contents;organic carbon (rej);0.716;0;sem match válido;Qwen3.5-4B-QLoRA
ID_5554472337681978;6;black carbon distribution;organic carbon (rej);0.623;0;sem match válido;Qwen3.5-4B-QLoRA
ID_5554472337681978;7;black carbon in mangrove;organic carbon (rej);0.564;0;sem match válido;Qwen3.5-4B-QLoRA
ID_5554472337681978;8;black carbon source;organic carbon (rej);0.659;0;sem match válido;Qwen3.5-4B-QLoRA
ID_5554472337681978;9;black carbon sources;organic carbon (rej);0.668;0;sem match válido;Qwen3.5-4B-QLoRA
ID_5554472337681978;10;continental shelf;complexo estuarino-lagunar (rej);0.521;0;sem match válido;Qwen3.5-4B-QLoRA
ID_5554472337681978;11;continental shelf sediments;sedimentos superficiais;0.797;2;match válido;Qwen3.5-4B-QLoRA
ID_5554472337681978;12;coprostanol;coprostanol;1.000;3;match válido;Qwen3.5-4B-QLoRA
ID_5554472337681978;13;coprostanol concentration;coprostanol (rej);0.841;0;sem match válido;Qwen3.5-4B-QLoRA
ID_5554472337681978;14;coprostanol levels;coprostanol (rej);0.800;0;sem match válido;Qwen3.5-4B-QLoRA
ID_5554472337681978;15;coprostanol levels increased;coprostanol (rej);0.650;0;sem match válido;Qwen3.5-4B-QLoRA
ID_5554472337681978;16;coprostanol–cholesterol ratios;coprostanol (rej);0.666;0;sem match válido;Qwen3.5-4B-QLoRA
ID_5554472337681978;17;coprostanol–cholesterol ratios increased;lipid biomarkers (rej);0.551;0;sem match válido;Qwen3.5-4B-QLoRA
ID_5554472337681978;18;coprostanol-based diagnostic ratios;coprostanol (rej);0.677;0;sem match válido;Qwen3.5-4B-QLoRA
ID_5554472337681978;19;coprostanol-based diagnostic ratios revealed;coprostanol (rej);0.651;0;sem match válido;Qwen3.5-4B-QLoRA
ID_5554472337681978;20;continental shelf area;complexo estuarino-lagunar (rej);0.510;0;sem match válido;Qwen3.5-4B-QLoRA
ID_5717546460597615;1;acoustic reflectors;acoustic reflectors;1.000;3;match válido;Qwen3.5-4B-QLoRA
ID_5717546460597615;2;acoustic sub-bottom profiles;acoustic reflectors (rej);0.672;0;sem match válido;Qwen3.5-4B-QLoRA
ID_5717546460597615;3;acoustic sub-bottom profiles and submarine;morfologia submarina (rej);0.730;0;sem match válido;Qwen3.5-4B-QLoRA
ID_5717546460597615;4;acoustic sub-bottom profiler;acoustic reflectors (rej);0.677;0;sem match válido;Qwen3.5-4B-QLoRA
ID_5717546460597615;5;acoustic sub-bottom profiler and sedimentary;manto sedimentario (rej);0.655;0;sem match válido;Qwen3.5-4B-QLoRA
ID_5717546460597615;6;acoustic sub-bottom profiler and submarine;morfologia submarina (rej);0.713;0;sem match válido;Qwen3.5-4B-QLoRA
ID_5717546460597615;7;acoustic sub-bottom profilers;acoustic reflectors (rej);0.694;0;sem match válido;Qwen3.5-4B-QLoRA
ID_5717546460597615;8;acoustic sub-bottoms;acoustic reflectors (rej);0.707;0;sem match válido;Qwen3.5-4B-QLoRA
ID_5717546460597615;9;acoustic subbottom;acoustic reflectors (rej);0.718;0;sem match válido;Qwen3.5-4B-QLoRA
ID_5717546460597615;10;acoustic subbottom profiler;acoustic reflectors (rej);0.670;0;sem match válido;Qwen3.5-4B-QLoRA
ID_5717546460597615;11;acoustic subbottoms;acoustic reflectors (rej);0.722;0;sem match válido;Qwen3.5-4B-QLoRA
ID_5717546460597615;12;acoustic subbottoms and sedimentary;manto sedimentario (rej);0.699;0;sem match válido;Qwen3.5-4B-QLoRA
ID_5717546460597615;13;acoustic subbottoms and sedimentary system;manto sedimentario (rej);0.688;0;sem match válido;Qwen3.5-4B-QLoRA
ID_5717546460597615;14;acoustic subbottoms and submarine;submarina e fácies;0.788;3;match válido;Qwen3.5-4B-QLoRA
ID_5717546460597615;15;;;;;;Qwen3.5-4B-QLoRA
ID_5717546460597615;16;;;;;;Qwen3.5-4B-QLoRA
ID_5717546460597615;17;;;;;;Qwen3.5-4B-QLoRA
ID_5717546460597615;18;;;;;;Qwen3.5-4B-QLoRA
ID_5717546460597615;19;;;;;;Qwen3.5-4B-QLoRA
ID_5717546460597615;20;;;;;;Qwen3.5-4B-QLoRA
ID_5832250655889116;1;bone marrow mononuclear cells;bone marrow mononuclear;0.969;3;match válido;Qwen3.5-4B-QLoRA
ID_5832250655889116;2;cell therapy;stem cells (rej);0.704;0;sem match válido;Qwen3.5-4B-QLoRA
ID_5832250655889116;3;cns damage;acidentes vasculares (rej);0.442;0;sem match válido;Qwen3.5-4B-QLoRA
ID_5832250655889116;4;cns regeneration;regeneration;0.770;3;match válido;Qwen3.5-4B-QLoRA
ID_5832250655889116;5;developmental neurobiology;brain-derived neurotrophic factor (rej);0.607;0;sem match válido;Qwen3.5-4B-QLoRA
ID_5832250655889116;6;glial cell proliferation;radial glia-like cells (rej);0.831;0;sem match válido;Qwen3.5-4B-QLoRA
ID_5832250655889116;7;glial cells;radial glia-like cells;0.900;2;match válido;Qwen3.5-4B-QLoRA
ID_5832250655889116;8;glial cell survival;radial glia-like cells (rej);0.764;0;sem match válido;Qwen3.5-4B-QLoRA
ID_5832250655889116;9;glutamate;9-o-acetyl gd3 (rej);0.653;0;sem match válido;Qwen3.5-4B-QLoRA
ID_5832250655889116;10;ganglioside;9-o-acetyl gangliosides (rej);0.574;0;sem match válido;Qwen3.5-4B-QLoRA
ID_5832250655889116;11;ganglioside 9-o-acetyl gd3;9-o-acetyl gd3 gangliosides;0.969;3;match válido;Qwen3.5-4B-QLoRA
ID_5832250655889116;12;ganglioside 9-o-acetyl gd3 ganglioside;9-o-acetyl gangliosides;0.872;3;match válido;Qwen3.5-4B-QLoRA
ID_5832250655889116;13;hippocampus;subventricular zone neurons (rej);0.609;0;sem match válido;Qwen3.5-4B-QLoRA
ID_5832250655889116;14;neural stem cell;stem cells (rej);0.827;0;sem match válido;Qwen3.5-4B-QLoRA
ID_5832250655889116;15;neural stem cells;stem cells;0.847;3;match válido;Qwen3.5-4B-QLoRA
ID_5832250655889116;16;neurodegeneration;brain-derived neurotrophic factor (rej);0.666;0;sem match válido;Qwen3.5-4B-QLoRA
ID_5832250655889116;17;neurogenesis;stem cells (rej);0.613;0;sem match válido;Qwen3.5-4B-QLoRA
ID_5832250655889116;18;neuron migration;neuronal migration (rej);0.980;0;sem match válido;Qwen3.5-4B-QLoRA
ID_5832250655889116;19;neuron migration and neurite;neuronal migration (rej);0.904;0;sem match válido;Qwen3.5-4B-QLoRA
ID_5832250655889116;20;neuronal migration;neuronal migration;1.000;1;match válido;Qwen3.5-4B-QLoRA
ID_5832558504922244;1;aerostatic porous bearing;aerostatic porous bearing;1.000;3;match válido;Qwen3.5-4B-QLoRA
ID_5832558504922244;2;aerostatic porous bearings;aerostatic porous bearing (rej);0.981;0;sem match válido;Qwen3.5-4B-QLoRA
ID_5832558504922244;3;bone reconstruction;tibialis anterior (rej);0.572;0;sem match válido;Qwen3.5-4B-QLoRA
ID_5832558504922244;4;bone tissue engineering;tibialis anterior (rej);0.478;0;sem match válido;Qwen3.5-4B-QLoRA
ID_5832558504922244;5;ceramic;structural ceramics;0.890;2;match válido;Qwen3.5-4B-QLoRA
ID_5832558504922244;6;ceramic matrix;structural ceramics (rej);0.753;0;sem match válido;Qwen3.5-4B-QLoRA
ID_5832558504922244;7;ceramic scaffolds;structural ceramics (rej);0.794;0;sem match válido;Qwen3.5-4B-QLoRA
ID_5832558504922244;8;ceramics;ceramic spheres;0.817;3;match válido;Qwen3.5-4B-QLoRA
ID_5832558504922244;9;finite element;numerical analysis (rej);0.459;0;sem match válido;Qwen3.5-4B-QLoRA
ID_5832558504922244;10;finite element method;methodology (rej);0.454;0;sem match válido;Qwen3.5-4B-QLoRA
ID_5832558504922244;11;green machining;utilizando uma máquina (rej);0.474;0;sem match válido;Qwen3.5-4B-QLoRA
ID_5832558504922244;12;hydroxyapatite;prensagem isostática utilizando (rej);0.416;0;sem match válido;Qwen3.5-4B-QLoRA
ID_5832558504922244;13;isostatic pressing;prensagem isostática utilizando (rej);0.660;0;sem match válido;Qwen3.5-4B-QLoRA
ID_5832558504922244;14;isostatic press;prensagem isostática utilizando (rej);0.747;0;sem match válido;Qwen3.5-4B-QLoRA
ID_5832558504922244;15;manufacturing;utilizando uma máquina (rej);0.599;0;sem match válido;Qwen3.5-4B-QLoRA
ID_5832558504922244;16;manufacturing processes;utilizando uma máquina (rej);0.595;0;sem match válido;Qwen3.5-4B-QLoRA
ID_5832558504922244;17;mechanical properties;structural ceramics (rej);0.534;0;sem match válido;Qwen3.5-4B-QLoRA
ID_5832558504922244;18;mechanical reliability;máquina de ensaio (rej);0.540;0;sem match válido;Qwen3.5-4B-QLoRA
ID_5832558504922244;19;mechanical tool-workpiece interaction;utilizando uma máquina (rej);0.628;0;sem match válido;Qwen3.5-4B-QLoRA
ID_5832558504922244;20;mechanical tool-workpiece interactions;utilizando uma máquina (rej);0.591;0;sem match válido;Qwen3.5-4B-QLoRA
ID_5871402136758674;1;cosmic microwave background;cosmic microwave background;1.000;3;match válido;Qwen3.5-4B-QLoRA
ID_5871402136758674;2;cosmic microwave background power spectrum;cosmic microwave background (rej);0.918;0;sem match válido;Qwen3.5-4B-QLoRA
ID_5871402136758674;3;cosmology;perform cosmological parameter;0.802;2;match válido;Qwen3.5-4B-QLoRA
ID_5871402136758674;4;cosmology: observations;cosmology: observations;1.000;2;match válido;Qwen3.5-4B-QLoRA
ID_5871402136758674;5;galaxy emission;cosmic microwave background (rej);0.615;0;sem match válido;Qwen3.5-4B-QLoRA
ID_5871402136758674;6;galactic synchrotron spectral index;cosmology: observations (rej);0.553;0;sem match válido;Qwen3.5-4B-QLoRA
ID_5871402136758674;7;microwave background power spectrum;cosmic microwave background (rej);0.795;0;sem match válido;Qwen3.5-4B-QLoRA
ID_5871402136758674;8;microwave background radiation;cosmic microwave background (rej);0.868;0;sem match válido;Qwen3.5-4B-QLoRA
ID_5871402136758674;9;microwave background studies;cosmic microwave background (rej);0.823;0;sem match válido;Qwen3.5-4B-QLoRA
ID_5871402136758674;10;microwave background studies: observations;cosmic microwave background (rej);0.850;0;sem match válido;Qwen3.5-4B-QLoRA
ID_5871402136758674;11;microwave background: polarization;cosmic microwave background (rej);0.778;0;sem match válido;Qwen3.5-4B-QLoRA
ID_5871402136758674;12;microwave background: radio;cosmic microwave background (rej);0.801;0;sem match válido;Qwen3.5-4B-QLoRA
ID_5871402136758674;13;microwave background: spectral index;cosmic microwave background (rej);0.808;0;sem match válido;Qwen3.5-4B-QLoRA
ID_5871402136758674;14;microwave background: studies;microwave bachkground anisotropy;0.759;3;match válido;Qwen3.5-4B-QLoRA
ID_5871402136758674;15;microwave background: theory;cosmic microwave background (rej);0.883;0;sem match válido;Qwen3.5-4B-QLoRA
ID_5871402136758674;16;microwave background: universe;cosmic microwave background (rej);0.965;0;sem match válido;Qwen3.5-4B-QLoRA
ID_5871402136758674;17;optical design;optical design;1.000;1;match válido;Qwen3.5-4B-QLoRA
ID_5871402136758674;18;radio astronomy;cosmic microwave background (rej);0.568;0;sem match válido;Qwen3.5-4B-QLoRA
ID_5871402136758674;19;radio astronomy: instruments;cosmic microwave background (rej);0.543;0;sem match válido;Qwen3.5-4B-QLoRA
ID_5871402136758674;20;radio astronomy: surveys;cosmology: observations (rej);0.550;0;sem match válido;Qwen3.5-4B-QLoRA
ID_5898801580033554;1;bicluster graph;graph (rej);0.765;0;sem match válido;Qwen3.5-4B-QLoRA
ID_5898801580033554;2;bicluster graph editing;particionamento de grafos (rej);0.707;0;sem match válido;Qwen3.5-4B-QLoRA
ID_5898801580033554;3;biclique;cycle transversals (rej);0.491;0;sem match válido;Qwen3.5-4B-QLoRA
ID_5898801580033554;4;cluster graph;clique-helly graphs;0.784;3;match válido;Qwen3.5-4B-QLoRA
ID_5898801580033554;5;cluster graph editing;clique graph (rej);0.715;0;sem match válido;Qwen3.5-4B-QLoRA
ID_5898801580033554;6;graph editing;graph (rej);0.782;0;sem match válido;Qwen3.5-4B-QLoRA
ID_5898801580033554;7;graph powers;graph (rej);0.821;0;sem match válido;Qwen3.5-4B-QLoRA
ID_5898801580033554;8;graph solution;graph;0.874;3;match válido;Qwen3.5-4B-QLoRA
ID_5898801580033554;9;interconnection networks;intersecting sets (rej);0.457;0;sem match válido;Qwen3.5-4B-QLoRA
ID_5898801580033554;10;modular decomposition;computational complexity (rej);0.391;0;sem match válido;Qwen3.5-4B-QLoRA
ID_5898801580033554;11;network design;wireless sensor (rej);0.396;0;sem match válido;Qwen3.5-4B-QLoRA
ID_5898801580033554;12;network selection;wireless sensor (rej);0.356;0;sem match válido;Qwen3.5-4B-QLoRA
ID_5898801580033554;13;networks with bounded;proper interval graph (rej);0.542;0;sem match válido;Qwen3.5-4B-QLoRA
ID_5898801580033554;14;parameterized complexity;computational complexity;0.830;3;match válido;Qwen3.5-4B-QLoRA
ID_5898801580033554;15;parameterized tractability;computational complexity (rej);0.509;0;sem match válido;Qwen3.5-4B-QLoRA
ID_5898801580033554;16;p4-laden graphs;graph (rej);0.754;0;sem match válido;Qwen3.5-4B-QLoRA
ID_5898801580033554;17;p4-sparse and p4-tidy;strong p-helly (rej);0.554;0;sem match válido;Qwen3.5-4B-QLoRA
ID_5898801580033554;18;p4-tidy graphs;graph (rej);0.762;0;sem match válido;Qwen3.5-4B-QLoRA
ID_5898801580033554;19;parameterized bicluster editing;cycle transversals (rej);0.471;0;sem match válido;Qwen3.5-4B-QLoRA
ID_5898801580033554;20;parameterized cluster editing;clique-helly graphs (rej);0.454;0;sem match válido;Qwen3.5-4B-QLoRA
ID_5936682335701497;1;automatic document classification;automatic document classification;1.000;3;match válido;Qwen3.5-4B-QLoRA
ID_5936682335701497;2;automatic document classification temporally;automatic document classification (rej);0.879;0;sem match válido;Qwen3.5-4B-QLoRA
ID_5936682335701497;3;automatic document classification temporally robust;automatic document classification (rej);0.795;0;sem match válido;Qwen3.5-4B-QLoRA
ID_5936682335701497;4;automatic document classification temporally-robust;automatic document classification (rej);0.845;0;sem match válido;Qwen3.5-4B-QLoRA
ID_5936682335701497;5;automatic document classification–temporally robust;automatic document classification (rej);0.858;0;sem match válido;Qwen3.5-4B-QLoRA
ID_5936682335701497;6;automatic document classification–temporally-robust;automatic document classification (rej);0.907;0;sem match válido;Qwen3.5-4B-QLoRA
ID_5936682335701497;7;automatic document classification–temporally-robust classification;automatic document classification (rej);0.900;0;sem match válido;Qwen3.5-4B-QLoRA
ID_5936682335701497;8;automatic document classification–temporally-robust classification method;automatic document classification (rej);0.889;0;sem match válido;Qwen3.5-4B-QLoRA
ID_5936682335701497;9;automatic document classification–temporally-robust classification methods;automatic document classification (rej);0.893;0;sem match válido;Qwen3.5-4B-QLoRA
ID_5936682335701497;10;;;;;;Qwen3.5-4B-QLoRA
ID_5936682335701497;11;;;;;;Qwen3.5-4B-QLoRA
ID_5936682335701497;12;;;;;;Qwen3.5-4B-QLoRA
ID_5936682335701497;13;;;;;;Qwen3.5-4B-QLoRA
ID_5936682335701497;14;;;;;;Qwen3.5-4B-QLoRA
ID_5936682335701497;15;;;;;;Qwen3.5-4B-QLoRA
ID_5936682335701497;16;;;;;;Qwen3.5-4B-QLoRA
ID_5936682335701497;17;;;;;;Qwen3.5-4B-QLoRA
ID_5936682335701497;18;;;;;;Qwen3.5-4B-QLoRA
ID_5936682335701497;19;;;;;;Qwen3.5-4B-QLoRA
ID_5936682335701497;20;;;;;;Qwen3.5-4B-QLoRA
ID_5957855817378897;1;adaptive consensus protocols;robust adaptive consensus;0.842;3;match válido;Qwen3.5-4B-QLoRA
ID_5957855817378897;2;adaptive consensus services;robust adaptive consensus (rej);0.836;0;sem match válido;Qwen3.5-4B-QLoRA
ID_5957855817378897;3;adaptive failure detectors;software fault tolerance (rej);0.553;0;sem match válido;Qwen3.5-4B-QLoRA
ID_5957855817378897;4;adaptive failure detection;software fault tolerance (rej);0.601;0;sem match válido;Qwen3.5-4B-QLoRA
ID_5957855817378897;5;adaptive failure detection oracles;robust adaptive consensus (rej);0.520;0;sem match válido;Qwen3.5-4B-QLoRA
ID_5957855817378897;6;;;;;;Qwen3.5-4B-QLoRA
ID_5957855817378897;7;;;;;;Qwen3.5-4B-QLoRA
ID_5957855817378897;8;;;;;;Qwen3.5-4B-QLoRA
ID_5957855817378897;9;;;;;;Qwen3.5-4B-QLoRA
ID_5957855817378897;10;;;;;;Qwen3.5-4B-QLoRA
ID_5957855817378897;11;;;;;;Qwen3.5-4B-QLoRA
ID_5957855817378897;12;;;;;;Qwen3.5-4B-QLoRA
ID_5957855817378897;13;;;;;;Qwen3.5-4B-QLoRA
ID_5957855817378897;14;;;;;;Qwen3.5-4B-QLoRA
ID_5957855817378897;15;;;;;;Qwen3.5-4B-QLoRA
ID_5957855817378897;16;;;;;;Qwen3.5-4B-QLoRA
ID_5957855817378897;17;;;;;;Qwen3.5-4B-QLoRA
ID_5957855817378897;18;;;;;;Qwen3.5-4B-QLoRA
ID_5957855817378897;19;;;;;;Qwen3.5-4B-QLoRA
ID_5957855817378897;20;;;;;;Qwen3.5-4B-QLoRA
ID_6029111646602279;1;lipid-core nanocapsules;lipid-core nanocapsules;1.000;3;match válido;Qwen3.5-4B-QLoRA
ID_6029111646602279;2;lipid-core nanocapsules as a nanomedicine;lipid-core nanocapsules (rej);0.951;0;sem match válido;Qwen3.5-4B-QLoRA
ID_6029111646602279;3;lipid-core nanocapsules for parenteral;lipid-core nanocapsules (rej);0.919;0;sem match válido;Qwen3.5-4B-QLoRA
ID_6029111646602279;4;lipid-core nanocapsules for topical;lipid-core nanocapsules (rej);0.967;0;sem match válido;Qwen3.5-4B-QLoRA
ID_6029111646602279;5;lipid-core nanocapsules improving photostability;lipid-core nanocapsules (rej);0.830;0;sem match válido;Qwen3.5-4B-QLoRA
ID_6029111646602279;6;lipid-core nanocapsules presenting a longer antitumor efficiency;lipid-core nanocapsules (rej);0.794;0;sem match válido;Qwen3.5-4B-QLoRA
ID_6029111646602279;7;lipid-core nanocapsules with improved photostability;lipid-core nanocapsules (rej);0.874;0;sem match válido;Qwen3.5-4B-QLoRA
ID_6029111646602279;8;lipid-core nanocapsules’;lipid-core nanocapsules (rej);0.998;0;sem match válido;Qwen3.5-4B-QLoRA
ID_6029111646602279;9;lipid-core nanocapsules’ parenteral;lipid-core nanocapsules (rej);0.935;0;sem match válido;Qwen3.5-4B-QLoRA
ID_6029111646602279;10;lipid-core nanocapsules’ parenteral administration;lipid-core nanocapsules (rej);0.899;0;sem match válido;Qwen3.5-4B-QLoRA
ID_6029111646602279;11;;;;;;Qwen3.5-4B-QLoRA
ID_6029111646602279;12;;;;;;Qwen3.5-4B-QLoRA
ID_6029111646602279;13;;;;;;Qwen3.5-4B-QLoRA
ID_6029111646602279;14;;;;;;Qwen3.5-4B-QLoRA
ID_6029111646602279;15;;;;;;Qwen3.5-4B-QLoRA
ID_6029111646602279;16;;;;;;Qwen3.5-4B-QLoRA
ID_6029111646602279;17;;;;;;Qwen3.5-4B-QLoRA
ID_6029111646602279;18;;;;;;Qwen3.5-4B-QLoRA
ID_6029111646602279;19;;;;;;Qwen3.5-4B-QLoRA
ID_6029111646602279;20;;;;;;Qwen3.5-4B-QLoRA
ID_6046165866539973;1;dopamine;sympathetic neurons (rej);0.448;0;sem match válido;Qwen3.5-4B-QLoRA
ID_6046165866539973;2;glial cells;müller glia (rej);0.715;0;sem match válido;Qwen3.5-4B-QLoRA
ID_6046165866539973;3;glia;müller glia (rej);0.856;0;sem match válido;Qwen3.5-4B-QLoRA
ID_6046165866539973;4;glial cells in culture;müller glia (rej);0.652;0;sem match válido;Qwen3.5-4B-QLoRA
ID_6046165866539973;5;glial fibrillary acidic;müller glia (rej);0.566;0;sem match válido;Qwen3.5-4B-QLoRA
ID_6046165866539973;6;glial cells obtained;müller glia (rej);0.667;0;sem match válido;Qwen3.5-4B-QLoRA
ID_6046165866539973;7;glial cells purified;müller glia (rej);0.668;0;sem match válido;Qwen3.5-4B-QLoRA
ID_6046165866539973;8;glia cells;müller glia (rej);0.735;0;sem match válido;Qwen3.5-4B-QLoRA
ID_6046165866539973;9;glutamate;müller glia (rej);0.679;0;sem match válido;Qwen3.5-4B-QLoRA
ID_6046165866539973;10;glutamate receptor antagonists;excitatory amino acids (rej);0.485;0;sem match válido;Qwen3.5-4B-QLoRA
ID_6046165866539973;11;glutamine synthetase;excitatory amino acids (rej);0.583;0;sem match válido;Qwen3.5-4B-QLoRA
ID_6046165866539973;12;glutamine synthetase positive;excitatory amino acids (rej);0.569;0;sem match válido;Qwen3.5-4B-QLoRA
ID_6046165866539973;13;müller cells;müller cells;1.000;2;match válido;Qwen3.5-4B-QLoRA
ID_6046165866539973;14;müller glia;müller glia;1.000;3;match válido;Qwen3.5-4B-QLoRA
ID_6046165866539973;15;neurogenesis;nerve growth factor (rej);0.613;0;sem match válido;Qwen3.5-4B-QLoRA
ID_6046165866539973;16;neuron–glia;sympathetic neurons (rej);0.702;0;sem match válido;Qwen3.5-4B-QLoRA
ID_6046165866539973;17;neurotransmitter uptake;excitatory amino acids (rej);0.518;0;sem match válido;Qwen3.5-4B-QLoRA
ID_6046165866539973;18;neurotransmitter uptake activity;excitatory amino acids (rej);0.527;0;sem match válido;Qwen3.5-4B-QLoRA
ID_6046165866539973;19;neurotransmitter uptake in muller;excitatory amino acids (rej);0.520;0;sem match válido;Qwen3.5-4B-QLoRA
ID_6046165866539973;20;neurotransmitter uptake in muller cells;sympathetic neuronal survival (rej);0.574;0;sem match válido;Qwen3.5-4B-QLoRA
ID_6072951820735063;1;análise de registros;analysis (rej);0.672;0;sem match válido;Qwen3.5-4B-QLoRA
ID_6072951820735063;2;drug adverse reactions;reações adversas causadas;0.874;2;match válido;Qwen3.5-4B-QLoRA
ID_6072951820735063;3;drug information;uso de medicamentos (rej);0.743;0;sem match válido;Qwen3.5-4B-QLoRA
ID_6072951820735063;4;farmacovigilance;pharmacovigilance;0.950;2;match válido;Qwen3.5-4B-QLoRA
ID_6072951820735063;5;farmacovigilância;pharmacovigilance centre;0.788;2;match válido;Qwen3.5-4B-QLoRA
ID_6072951820735063;6;medicamentos em pacientes;uso de medicamentos;0.890;2;match válido;Qwen3.5-4B-QLoRA
ID_6072951820735063;7;medicamentos prescritos;medicamentos prescritos;1.000;2;match válido;Qwen3.5-4B-QLoRA
ID_6072951820735063;8;medicamentos racionais;fármacos que atuam;0.753;2;match válido;Qwen3.5-4B-QLoRA
ID_6072951820735063;9;medicamentos racionais e adequação;adequação dos medicamentos;0.909;2;match válido;Qwen3.5-4B-QLoRA
ID_6072951820735063;10;medicamentos racionais prescritos;medicamentos contínuos;0.806;2;match válido;Qwen3.5-4B-QLoRA
ID_6072951820735063;11;medicamentos racionais prescritos para idosos;prescritos para idosos (rej);0.915;0;sem match válido;Qwen3.5-4B-QLoRA
ID_6072951820735063;12;medicamentos prescritos para idosos;prescritos para idosos;0.961;2;match válido;Qwen3.5-4B-QLoRA
ID_6072951820735063;13;medicamentos prescritos para idosos em um hospital público;prescritos para idosos (rej);0.865;0;sem match válido;Qwen3.5-4B-QLoRA
ID_6072951820735063;14;medicamentos prescritos para idosos: perfil;prescritos para idosos (rej);0.945;0;sem match válido;Qwen3.5-4B-QLoRA
ID_6072951820735063;15;medicamentos prescritos para idosos: perfil epidemiológico;prescritos para idosos (rej);0.897;0;sem match válido;Qwen3.5-4B-QLoRA
ID_6072951820735063;16;;;;;;Qwen3.5-4B-QLoRA
ID_6072951820735063;17;;;;;;Qwen3.5-4B-QLoRA
ID_6072951820735063;18;;;;;;Qwen3.5-4B-QLoRA
ID_6072951820735063;19;;;;;;Qwen3.5-4B-QLoRA
ID_6072951820735063;20;;;;;;Qwen3.5-4B-QLoRA
ID_6171517695707255;1;dna-binding domain;protein–dna complex (rej);0.674;0;sem match válido;Qwen3.5-4B-QLoRA
ID_6171517695707255;2;high-resolution nmr;signal transduction (rej);0.300;0;sem match válido;Qwen3.5-4B-QLoRA
ID_6171517695707255;3;human glucokinase;protein–dna complex (rej);0.383;0;sem match válido;Qwen3.5-4B-QLoRA
ID_6171517695707255;4;human glucokinase conformational;protein–dna complex (rej);0.520;0;sem match válido;Qwen3.5-4B-QLoRA
ID_6171517695707255;5;human glucokinase conformational heterogeneity;protein–dna complex (rej);0.524;0;sem match válido;Qwen3.5-4B-QLoRA
ID_6171517695707255;6;human glucokinase from high-resolution;protein–dna complex (rej);0.337;0;sem match válido;Qwen3.5-4B-QLoRA
ID_6171517695707255;7;nuclear magnetic resonance;coiled-coil (rej);0.287;0;sem match válido;Qwen3.5-4B-QLoRA
ID_6171517695707255;8;nuclear magnetic resonance studies;coiled-coil (rej);0.241;0;sem match válido;Qwen3.5-4B-QLoRA
ID_6171517695707255;9;protein dna complex;protein-dna complex;0.959;2;match válido;Qwen3.5-4B-QLoRA
ID_6171517695707255;10;protein–dna complex;protein–dna complex;1.000;2;match válido;Qwen3.5-4B-QLoRA
ID_6171517695707255;11;protein–dna interactions;protein–dna recognition;0.775;3;match válido;Qwen3.5-4B-QLoRA
ID_6171517695707255;12;recognition helix;protein–dna recognition (rej);0.625;0;sem match válido;Qwen3.5-4B-QLoRA
ID_6171517695707255;13;resonance assignment;signal transduction (rej);0.415;0;sem match válido;Qwen3.5-4B-QLoRA
ID_6171517695707255;14;resonance assignment and molecular;protein–dna complex (rej);0.494;0;sem match válido;Qwen3.5-4B-QLoRA
ID_6171517695707255;15;solution structure;crystal structure (rej);0.514;0;sem match válido;Qwen3.5-4B-QLoRA
ID_6171517695707255;16;solution structure determination;crystal structure (rej);0.476;0;sem match válido;Qwen3.5-4B-QLoRA
ID_6171517695707255;17;solution structure of;crystal structure (rej);0.542;0;sem match válido;Qwen3.5-4B-QLoRA
ID_6171517695707255;18;solution structure studies;crystal structure (rej);0.502;0;sem match válido;Qwen3.5-4B-QLoRA
ID_6171517695707255;19;structural studies;crystal structure (rej);0.473;0;sem match válido;Qwen3.5-4B-QLoRA
ID_6171517695707255;20;structure determination;crystal structure (rej);0.521;0;sem match válido;Qwen3.5-4B-QLoRA
ID_6175285839739641;1;astrocyte;astroglial cells (rej);0.815;0;sem match válido;Qwen3.5-4B-QLoRA
ID_6175285839739641;2;astrocyte extracellular matrix;astroglial cells (rej);0.850;0;sem match válido;Qwen3.5-4B-QLoRA
ID_6175285839739641;3;astrocyte niche;astroglial cells;0.855;2;match válido;Qwen3.5-4B-QLoRA
ID_6175285839739641;4;cerebellar astrocyte;astroglial cells (rej);0.768;0;sem match válido;Qwen3.5-4B-QLoRA
ID_6175285839739641;5;extracellular matrix;extracellular matrix;1.000;3;match válido;Qwen3.5-4B-QLoRA
ID_6175285839739641;6;extracellular matrix organization;extracellular matrix protein;0.854;2;match válido;Qwen3.5-4B-QLoRA
ID_6175285839739641;7;fibronectin;glial cells (rej);0.422;0;sem match válido;Qwen3.5-4B-QLoRA
ID_6175285839739641;8;human placenta-derived mesenchymal stem;skin-derived mesenchymal stromal (rej);0.604;0;sem match válido;Qwen3.5-4B-QLoRA
ID_6175285839739641;9;human placenta-derived mesenchymal stem cells;stem cell (rej);0.676;0;sem match válido;Qwen3.5-4B-QLoRA
ID_6175285839739641;10;neural crest;neural crest;1.000;3;match válido;Qwen3.5-4B-QLoRA
ID_6175285839739641;11;neural crest stem;neural crest (rej);0.928;0;sem match válido;Qwen3.5-4B-QLoRA
ID_6175285839739641;12;neural crest stem cells;stem cell;0.765;3;match válido;Qwen3.5-4B-QLoRA
ID_6175285839739641;13;neural crest progenitors;neural crest progenitors;1.000;3;match válido;Qwen3.5-4B-QLoRA
ID_6175285839739641;14;neural crest progenitor cells;neural crest progenitors (rej);0.912;0;sem match válido;Qwen3.5-4B-QLoRA
ID_6175285839739641;15;neural crest cells;neural crest cells;1.000;3;match válido;Qwen3.5-4B-QLoRA
ID_6175285839739641;16;neural crest-derived progenitors;neural crest progenitors (rej);0.974;0;sem match válido;Qwen3.5-4B-QLoRA
ID_6175285839739641;17;neural crest-derived progenitor cells;neural crest progenitors (rej);0.863;0;sem match válido;Qwen3.5-4B-QLoRA
ID_6175285839739641;18;neural crest-derived progenitor cells from;neural crest progenitors (rej);0.845;0;sem match válido;Qwen3.5-4B-QLoRA
ID_6175285839739641;19;neural crest-derived progenitors from;neural crest progenitors (rej);0.949;0;sem match válido;Qwen3.5-4B-QLoRA
ID_6175285839739641;20;neural crest-derived progenitors from human;neural crest progenitors (rej);0.926;0;sem match válido;Qwen3.5-4B-QLoRA
ID_6201224121456969;1;animal conservation;animais silvestres;0.754;3;match válido;Qwen3.5-4B-QLoRA
ID_6201224121456969;2;animal genetic resources;genetic resources (rej);0.879;0;sem match válido;Qwen3.5-4B-QLoRA
ID_6201224121456969;3;animal production;reprodutiva de vacas (rej);0.742;0;sem match válido;Qwen3.5-4B-QLoRA
ID_6201224121456969;4;breeding;reprodutivo de ovinos (rej);0.744;0;sem match válido;Qwen3.5-4B-QLoRA
ID_6201224121456969;5;breeding season;reprodutiva de vacas (rej);0.587;0;sem match válido;Qwen3.5-4B-QLoRA
ID_6201224121456969;6;cluster analysis;statistical analyses (rej);0.516;0;sem match válido;Qwen3.5-4B-QLoRA
ID_6201224121456969;7;cluster evaluation;técnicas de avaliação (rej);0.543;0;sem match válido;Qwen3.5-4B-QLoRA
ID_6201224121456969;8;conservation;animais silvestres (rej);0.520;0;sem match válido;Qwen3.5-4B-QLoRA
ID_6201224121456969;9;conservation and genetic;genetic resources (rej);0.781;0;sem match válido;Qwen3.5-4B-QLoRA
ID_6201224121456969;10;genetic distance;genetic distance;1.000;3;match válido;Qwen3.5-4B-QLoRA
ID_6201224121456969;11;genetic distances;genetic distance (rej);0.989;0;sem match válido;Qwen3.5-4B-QLoRA
ID_6201224121456969;12;genetic diversity;genetic diversity;1.000;3;match válido;Qwen3.5-4B-QLoRA
ID_6201224121456969;13;genetic relationships;genetic relationships;1.000;3;match válido;Qwen3.5-4B-QLoRA
ID_6201224121456969;14;goat;goat;1.000;3;match válido;Qwen3.5-4B-QLoRA
ID_6201224121456969;15;goat populations;goat populations;1.000;3;match válido;Qwen3.5-4B-QLoRA
ID_6201224121456969;16;goats;saanen dairy goats;0.879;2;match válido;Qwen3.5-4B-QLoRA
ID_6201224121456969;17;genetic cluster divergence;genetic distance (rej);0.672;0;sem match válido;Qwen3.5-4B-QLoRA
ID_6201224121456969;18;genetic resources;genetic resources;1.000;3;match válido;Qwen3.5-4B-QLoRA
ID_6201224121456969;19;genotype;genetic relationship;0.847;3;match válido;Qwen3.5-4B-QLoRA
ID_6201224121456969;20;hardy-weinberg equilibrium;valores energéticos (rej);0.356;0;sem match válido;Qwen3.5-4B-QLoRA
ID_6217509029802638;1;automated system;timed automata (rej);0.628;0;sem match válido;Qwen3.5-4B-QLoRA
ID_6217509029802638;2;benchmarking;testing methodology (rej);0.643;0;sem match válido;Qwen3.5-4B-QLoRA
ID_6217509029802638;3;communication software;communication systems;0.812;1;match válido;Qwen3.5-4B-QLoRA
ID_6217509029802638;4;conformance testing;conformance testing process (rej);0.979;0;sem match válido;Qwen3.5-4B-QLoRA
ID_6217509029802638;5;conformance testing process;conformance testing process;1.000;3;match válido;Qwen3.5-4B-QLoRA
ID_6217509029802638;6;development;formal specification (rej);0.478;0;sem match válido;Qwen3.5-4B-QLoRA
ID_6217509029802638;7;finite state machine;finite state machines;0.983;2;match válido;Qwen3.5-4B-QLoRA
ID_6217509029802638;8;finite state-machine verification;finite state machines (rej);0.782;0;sem match válido;Qwen3.5-4B-QLoRA
ID_6217509029802638;9;fault injection;test generation (rej);0.347;0;sem match válido;Qwen3.5-4B-QLoRA
ID_6217509029802638;10;finite state-machine;finite state machines (rej);0.972;0;sem match válido;Qwen3.5-4B-QLoRA
ID_6217509029802638;11;finite-state machine;finite state machines (rej);0.958;0;sem match válido;Qwen3.5-4B-QLoRA
ID_6217509029802638;12;ground station automation;finite state machines (rej);0.441;0;sem match válido;Qwen3.5-4B-QLoRA
ID_6217509029802638;13;interface;embedded software (rej);0.527;0;sem match válido;Qwen3.5-4B-QLoRA
ID_6217509029802638;14;model checking;model checking;1.000;2;match válido;Qwen3.5-4B-QLoRA
ID_6217509029802638;15;model-based testing;model based testing;0.994;3;match válido;Qwen3.5-4B-QLoRA
ID_6217509029802638;16;object-oriented satellite;space applications software (rej);0.452;0;sem match válido;Qwen3.5-4B-QLoRA
ID_6217509029802638;17;packet utilization standard;packet utilization standard (pus) (rej);0.904;0;sem match válido;Qwen3.5-4B-QLoRA
ID_6217509029802638;18;packet utilization standard (pus);packet utilization standard (pus);1.000;2;match válido;Qwen3.5-4B-QLoRA
ID_6217509029802638;19;pilot project;test generation (rej);0.527;0;sem match válido;Qwen3.5-4B-QLoRA
ID_6217509029802638;20;pilot project for the establishment;test generation (rej);0.468;0;sem match válido;Qwen3.5-4B-QLoRA
ID_6284168579617066;1;band structure;band gap (rej);0.725;0;sem match válido;Qwen3.5-4B-QLoRA
ID_6284168579617066;2;density functional theory;density functional theory;1.000;3;match válido;Qwen3.5-4B-QLoRA
ID_6284168579617066;3;density functional theory calculations;density functional calculations;0.965;3;match válido;Qwen3.5-4B-QLoRA
ID_6284168579617066;4;density functional theory-based calculations;density functional calculations (rej);0.957;0;sem match válido;Qwen3.5-4B-QLoRA
ID_6284168579617066;5;electronic structure;electronic structure;1.000;3;match válido;Qwen3.5-4B-QLoRA
ID_6284168579617066;6;first-principles calculations;theoretical analysis (rej);0.627;0;sem match válido;Qwen3.5-4B-QLoRA
ID_6284168579617066;7;first-principles simulations;theoretical analysis (rej);0.689;0;sem match válido;Qwen3.5-4B-QLoRA
ID_6284168579617066;8;photoluminescence;photoluminescence;1.000;3;match válido;Qwen3.5-4B-QLoRA
ID_6284168579617066;9;photoluminescence emission;photoluminescence (rej);0.967;0;sem match válido;Qwen3.5-4B-QLoRA
ID_6284168579617066;10;periodic first-principles calculations;theoretical analysis (rej);0.581;0;sem match válido;Qwen3.5-4B-QLoRA
ID_6284168579617066;11;quantum mechanical calculations;quantum mechanical calculations;1.000;3;match válido;Qwen3.5-4B-QLoRA
ID_6284168579617066;12;structural and optical;optical properties (rej);0.820;0;sem match válido;Qwen3.5-4B-QLoRA
ID_6284168579617066;13;structural and optical properties;optical properties;0.902;3;match válido;Qwen3.5-4B-QLoRA
ID_6284168579617066;14;structural and optical properties of zn;optical properties (rej);0.677;0;sem match válido;Qwen3.5-4B-QLoRA
ID_6284168579617066;15;structural and optical properties–;optical properties (rej);0.897;0;sem match válido;Qwen3.5-4B-QLoRA
ID_6284168579617066;16;;;;;;Qwen3.5-4B-QLoRA
ID_6284168579617066;17;;;;;;Qwen3.5-4B-QLoRA
ID_6284168579617066;18;;;;;;Qwen3.5-4B-QLoRA
ID_6284168579617066;19;;;;;;Qwen3.5-4B-QLoRA
ID_6284168579617066;20;;;;;;Qwen3.5-4B-QLoRA
ID_6286838179330044;1;bacterial diversity;bacterial diversity;1.000;3;match válido;Qwen3.5-4B-QLoRA
ID_6286838179330044;2;bacterial diversity in rhizosphere;microbial diversity;0.757;3;match válido;Qwen3.5-4B-QLoRA
ID_6286838179330044;3;bacterial diversity in rhizosphere soil;rhizosphere soil;0.794;2;match válido;Qwen3.5-4B-QLoRA
ID_6286838179330044;4;bacterial diversity in tree;bacterial diversity (rej);0.772;0;sem match válido;Qwen3.5-4B-QLoRA
ID_6286838179330044;5;bacterial diversity in tree canopies;tree canopies;0.796;2;match válido;Qwen3.5-4B-QLoRA
ID_6286838179330044;6;bacterial diversity in tree leaf;bacterial diversity (rej);0.716;0;sem match válido;Qwen3.5-4B-QLoRA
ID_6286838179330044;7;bacterial diversity in tree leaf canopies;tree canopies (rej);0.773;0;sem match válido;Qwen3.5-4B-QLoRA
ID_6286838179330044;8;bacterial diversity in tree leaf phyllosphere;mangrove bacterial diversity (rej);0.689;0;sem match válido;Qwen3.5-4B-QLoRA
ID_6286838179330044;9;bacterial diversity in tree leaf phyllosphere of a tropical;mangrove bacterial diversity (rej);0.721;0;sem match válido;Qwen3.5-4B-QLoRA
ID_6286838179330044;10;bacterial diversity in tree leaf phyllosphere of tropical;mangrove bacterial diversity (rej);0.725;0;sem match válido;Qwen3.5-4B-QLoRA
ID_6286838179330044;11;bacterial diversity in tree leaf phyllosphere of tropical atlantic;mangrove bacterial diversity (rej);0.746;0;sem match válido;Qwen3.5-4B-QLoRA
ID_6286838179330044;12;bacterial diversity in tree leaf phyllosphere of tropical atlantic forest;mangrove bacterial diversity (rej);0.748;0;sem match válido;Qwen3.5-4B-QLoRA
ID_6286838179330044;13;bacterial diversity in tree leaf phyllosphere of tropical atlantic forest canopy;mangrove bacterial diversity (rej);0.739;0;sem match válido;Qwen3.5-4B-QLoRA
ID_6286838179330044;14;bacterial diversity in tree leaf phyllosphere of tropical atlantic forest canopy of a;mangrove bacterial diversity (rej);0.736;0;sem match válido;Qwen3.5-4B-QLoRA
ID_6286838179330044;15;bacterial diversity in tree leaf phyllosphere of tropical atlantic forest canopy of a tropical;mangrove bacterial diversity (rej);0.734;0;sem match válido;Qwen3.5-4B-QLoRA
ID_6286838179330044;16;bacterial diversity in tree leaf phyllosphere of tropical atlantic forest canopy of a tropical atlantic;mangrove bacterial diversity (rej);0.733;0;sem match válido;Qwen3.5-4B-QLoRA
ID_6286838179330044;17;bacterial diversity in tree leaf phyllosphere of tropical atlantic forest canopy of a tropical atlantic forest;mangrove bacterial diversity (rej);0.730;0;sem match válido;Qwen3.5-4B-QLoRA
ID_6286838179330044;18;bacterial diversity in tree leaf phyllosphere of tropical atlantic forest canopy of a tropical atlantic forest canopy;mangrove bacterial diversity (rej);0.729;0;sem match válido;Qwen3.5-4B-QLoRA
ID_6286838179330044;19;;;;;;Qwen3.5-4B-QLoRA
ID_6286838179330044;20;;;;;;Qwen3.5-4B-QLoRA
ID_6306096928606380;1;interstellar magnetic field;interstellar magnetic field;1.000;3;match válido;Qwen3.5-4B-QLoRA
ID_6306096928606380;2;interstellar polarization;interstellar polarization;1.000;3;match válido;Qwen3.5-4B-QLoRA
ID_6306096928606380;3;interstellar polarization degree;interstellar polarization (rej);0.975;0;sem match válido;Qwen3.5-4B-QLoRA
ID_6306096928606380;4;interstellar polarization fraction;interstellar polarization (rej);0.949;0;sem match válido;Qwen3.5-4B-QLoRA
ID_6306096928606380;5;interstellar polarization measurements;interstellar polarization (rej);0.955;0;sem match válido;Qwen3.5-4B-QLoRA
ID_6306096928606380;6;interstellar polarization studies;interstellar polarization (rej);0.982;0;sem match válido;Qwen3.5-4B-QLoRA
ID_6306096928606380;7;interstellar polarization tensor;interstellar polarization (rej);0.914;0;sem match válido;Qwen3.5-4B-QLoRA
ID_6306096928606380;8;interstellar polarization vector;interstellar polarization (rej);0.951;0;sem match válido;Qwen3.5-4B-QLoRA
ID_6306096928606380;9;interstellar polarization vectors;optical polarimetry;0.762;3;match válido;Qwen3.5-4B-QLoRA
ID_6306096928606380;10;interstellar polarization vectors distribution;interstellar polarization (rej);0.904;0;sem match válido;Qwen3.5-4B-QLoRA
ID_6306096928606380;11;interstellar polarization: optical;optical polarization;0.854;3;match válido;Qwen3.5-4B-QLoRA
ID_6306096928606380;12;interstellar polarization: polarization;polarization;0.786;3;match válido;Qwen3.5-4B-QLoRA
ID_6306096928606380;13;interstellar polarization: statistics;interstellar polarization (rej);0.975;0;sem match válido;Qwen3.5-4B-QLoRA
ID_6306096928606380;14;interstellar polarization: vector;interstellar polarization (rej);0.956;0;sem match válido;Qwen3.5-4B-QLoRA
ID_6306096928606380;15;interstellar polarization: vector distribution;interstellar polarization (rej);0.919;0;sem match válido;Qwen3.5-4B-QLoRA
ID_6306096928606380;16;interstellar polarization: vector magnitude;interstellar polarization (rej);0.933;0;sem match válido;Qwen3.5-4B-QLoRA
ID_6306096928606380;17;interstellar polarization: vector magnitude distribution;interstellar polarization (rej);0.899;0;sem match válido;Qwen3.5-4B-QLoRA
ID_6306096928606380;18;interstellar polarization: vector magnitude measurements;interstellar polarization (rej);0.914;0;sem match válido;Qwen3.5-4B-QLoRA
ID_6306096928606380;19;interstellar polarization: vector magnitude studies;interstellar polarization (rej);0.923;0;sem match válido;Qwen3.5-4B-QLoRA
ID_6306096928606380;20;interstellar polarization: vector magnitude tensor;interstellar polarization (rej);0.858;0;sem match válido;Qwen3.5-4B-QLoRA
ID_6309609498284949;1;antibodies to neospora;frequência de anticorpos (rej);0.699;0;sem match válido;Qwen3.5-4B-QLoRA
ID_6309609498284949;2;astrocyte and microglia;astrocyte and microglia;1.000;1;match válido;Qwen3.5-4B-QLoRA
ID_6309609498284949;3;cattle;abortion in cattle (rej);0.705;0;sem match válido;Qwen3.5-4B-QLoRA
ID_6309609498284949;4;cattle abortion;abortion in cattle;0.991;1;match válido;Qwen3.5-4B-QLoRA
ID_6309609498284949;5;cattle and dogs;dog (rej);0.630;0;sem match válido;Qwen3.5-4B-QLoRA
ID_6309609498284949;6;central nervous system;neural cells (rej);0.597;0;sem match válido;Qwen3.5-4B-QLoRA
ID_6309609498284949;7;cns;neospora (rej);0.468;0;sem match válido;Qwen3.5-4B-QLoRA
ID_6309609498284949;8;dog;dog;1.000;2;match válido;Qwen3.5-4B-QLoRA
ID_6309609498284949;9;dogs;dog (rej);0.922;0;sem match válido;Qwen3.5-4B-QLoRA
ID_6309609498284949;10;dogs and abortion;abortion in cattle (rej);0.756;0;sem match válido;Qwen3.5-4B-QLoRA
ID_6309609498284949;11;dogs, abortion;abortion in cattle (rej);0.764;0;sem match válido;Qwen3.5-4B-QLoRA
ID_6309609498284949;12;glial cells;glial cells;1.000;2;match válido;Qwen3.5-4B-QLoRA
ID_6309609498284949;13;glial cells primary;primary glial cell;0.990;2;match válido;Qwen3.5-4B-QLoRA
ID_6309609498284949;14;glial cell;rat gliocytes;0.832;2;match válido;Qwen3.5-4B-QLoRA
ID_6309609498284949;15;glial cells primary cultures;glial cells (rej);0.920;0;sem match válido;Qwen3.5-4B-QLoRA
ID_6309609498284949;16;indirect immunofluorescent antibody;immune response (rej);0.716;0;sem match válido;Qwen3.5-4B-QLoRA
ID_6309609498284949;17;indirect immunofluorescent antibody test;frequência de anticorpos (rej);0.715;0;sem match válido;Qwen3.5-4B-QLoRA
ID_6309609498284949;18;intermediate host;parasite relationship (rej);0.388;0;sem match válido;Qwen3.5-4B-QLoRA
ID_6309609498284949;19;isoschizomeric dna fragments;neospora (rej);0.557;0;sem match válido;Qwen3.5-4B-QLoRA
ID_6309609498284949;20;isoschizomeric dna fragments of neospora;reagentes para neospora (rej);0.695;0;sem match válido;Qwen3.5-4B-QLoRA
ID_6372649810646310;1;analgesic activity;antinociceptive activities (rej);0.643;0;sem match válido;Qwen3.5-4B-QLoRA
ID_6372649810646310;2;essential oil;essential oil;1.000;3;match válido;Qwen3.5-4B-QLoRA
ID_6372649810646310;3;essential oils;óleo de grãos;0.759;2;match válido;Qwen3.5-4B-QLoRA
ID_6372649810646310;4;essential oils from tetradenia;essential oil (rej);0.683;0;sem match válido;Qwen3.5-4B-QLoRA
ID_6372649810646310;5;gas chromatography;gas chromatography;1.000;2;match válido;Qwen3.5-4B-QLoRA
ID_6372649810646310;6;gas chromatography–mass spectrometry;gas chromatography-mass;0.958;3;match válido;Qwen3.5-4B-QLoRA
ID_6372649810646310;7;gas chromatography–mass spectrometry analyses;gas chromatography-mass (rej);0.948;0;sem match válido;Qwen3.5-4B-QLoRA
ID_6372649810646310;8;natural products;crude extract (rej);0.564;0;sem match válido;Qwen3.5-4B-QLoRA
ID_6372649810646310;9;phytochemical screening;thin-layer chromatography assay (rej);0.546;0;sem match válido;Qwen3.5-4B-QLoRA
ID_6372649810646310;10;phytochemicals;chemical (rej);0.681;0;sem match válido;Qwen3.5-4B-QLoRA
ID_6372649810646310;11;phytotherapy;treatment (rej);0.547;0;sem match válido;Qwen3.5-4B-QLoRA
ID_6372649810646310;12;principal components analysis;quantitative determination (rej);0.493;0;sem match válido;Qwen3.5-4B-QLoRA
ID_6372649810646310;13;safety and toxicity;volatile compounds (rej);0.540;0;sem match válido;Qwen3.5-4B-QLoRA
ID_6372649810646310;14;solvent extraction;crude extract (rej);0.680;0;sem match válido;Qwen3.5-4B-QLoRA
ID_6372649810646310;15;tetradenia riparia;tetranorfriedolabdane from vellozia (rej);0.748;0;sem match válido;Qwen3.5-4B-QLoRA
ID_6372649810646310;16;volatile compounds;volatile compounds;1.000;3;match válido;Qwen3.5-4B-QLoRA
ID_6372649810646310;17;volatile constituents;chemical composition;0.751;3;match válido;Qwen3.5-4B-QLoRA
ID_6372649810646310;18;volatile organic compounds;chemical;0.777;2;match válido;Qwen3.5-4B-QLoRA
ID_6372649810646310;19;volatiles compounds;volatile compounds (rej);0.994;0;sem match válido;Qwen3.5-4B-QLoRA
ID_6372649810646310;20;volatile precursors;volatile compounds (rej);0.809;0;sem match válido;Qwen3.5-4B-QLoRA
ID_6377288674588197;1;bioinspired iron complexes;iron complexes (rej);0.829;0;sem match válido;Qwen3.5-4B-QLoRA
ID_6377288674588197;2;bioinorganic chemistry;biomimetic catalyst (rej);0.704;0;sem match válido;Qwen3.5-4B-QLoRA
ID_6377288674588197;3;catalytic activity;catalytic activity;1.000;2;match válido;Qwen3.5-4B-QLoRA
ID_6377288674588197;4;catalytic oxidation;oxidation;0.852;2;match válido;Qwen3.5-4B-QLoRA
ID_6377288674588197;5;cyclohexane oxidation;cyclohexane oxidation;1.000;3;match válido;Qwen3.5-4B-QLoRA
ID_6377288674588197;6;diiron complex;complex (rej);0.579;0;sem match válido;Qwen3.5-4B-QLoRA
ID_6377288674588197;7;diiron enzyme;selective cyclohexane oxidation (rej);0.571;0;sem match válido;Qwen3.5-4B-QLoRA
ID_6377288674588197;8;iron;iron;1.000;2;match válido;Qwen3.5-4B-QLoRA
ID_6377288674588197;9;iron complexes;iron complexes;1.000;2;match válido;Qwen3.5-4B-QLoRA
ID_6377288674588197;10;iron(iii) complexes;iron complexes (rej);0.980;0;sem match válido;Qwen3.5-4B-QLoRA
ID_6377288674588197;11;methane monooxygenase;methane monooxygenase;1.000;3;match válido;Qwen3.5-4B-QLoRA
ID_6377288674588197;12;non-heme diiron enzyme;biomimetic catalyst (rej);0.541;0;sem match válido;Qwen3.5-4B-QLoRA
ID_6377288674588197;13;purple acid phosphatase;purple acid (rej);0.768;0;sem match válido;Qwen3.5-4B-QLoRA
ID_6377288674588197;14;purple acid phosphatases;purple acid;0.804;3;match válido;Qwen3.5-4B-QLoRA
ID_6377288674588197;15;ruthenium-based derivatives;tetranuclear iron complex (rej);0.589;0;sem match válido;Qwen3.5-4B-QLoRA
ID_6377288674588197;16;synthesis and characterization;synthesis and characterization;1.000;2;match válido;Qwen3.5-4B-QLoRA
ID_6377288674588197;17;tetranuclear iron complex;tetranuclear iron complex;1.000;3;match válido;Qwen3.5-4B-QLoRA
ID_6377288674588197;18;tetranuclear iron(iii) cluster;tetranuclear iron complex (rej);0.911;0;sem match válido;Qwen3.5-4B-QLoRA
ID_6377288674588197;19;tetranuclear iron(iii) cluster complexes;tetranuclear iron complex (rej);0.898;0;sem match válido;Qwen3.5-4B-QLoRA
ID_6377288674588197;20;unsymmetrical dinucleating ligand;unsymmetric ligand;0.872;2;match válido;Qwen3.5-4B-QLoRA
ID_6473783273255196;1;comerciantes ambulantes;venda ambulante (rej);0.900;0;sem match válido;Qwen3.5-4B-QLoRA
ID_6473783273255196;2;comércio ambulante;venda ambulante;0.937;3;match válido;Qwen3.5-4B-QLoRA
ID_6473783273255196;3;direito;ici c´est (rej);0.694;0;sem match válido;Qwen3.5-4B-QLoRA
ID_6473783273255196;4;informal economy;informality (rej);0.634;0;sem match válido;Qwen3.5-4B-QLoRA
ID_6473783273255196;5;informal merchants;venda ambulante (rej);0.717;0;sem match válido;Qwen3.5-4B-QLoRA
ID_6473783273255196;6;mercados informais;informality (rej);0.602;0;sem match válido;Qwen3.5-4B-QLoRA
ID_6473783273255196;7;mercadorias e seus;venda ambulante (rej);0.770;0;sem match válido;Qwen3.5-4B-QLoRA
ID_6473783273255196;8;mercados informais e economia;economic anthropology (rej);0.581;0;sem match válido;Qwen3.5-4B-QLoRA
ID_6473783273255196;9;mercados informais e economia popular;economic anthropology (rej);0.553;0;sem match válido;Qwen3.5-4B-QLoRA
ID_6473783273255196;10;mercados informais e economia popular: possíveis fronteiras;economic anthropology (rej);0.543;0;sem match válido;Qwen3.5-4B-QLoRA
ID_6473783273255196;11;moralidade;ethical and aesthetic (rej);0.730;0;sem match válido;Qwen3.5-4B-QLoRA
ID_6473783273255196;12;public space;públicos e representações (rej);0.647;0;sem match válido;Qwen3.5-4B-QLoRA
ID_6473783273255196;13;public sphere;públicos e representações;0.814;2;match válido;Qwen3.5-4B-QLoRA
ID_6473783273255196;14;segurança pública;paradoxos na segurança;0.768;3;match válido;Qwen3.5-4B-QLoRA
ID_6473783273255196;15;social conflict;conflits et techniques (rej);0.647;0;sem match válido;Qwen3.5-4B-QLoRA
ID_6473783273255196;16;social inequalities;mudanças sociais dirigidas (rej);0.560;0;sem match válido;Qwen3.5-4B-QLoRA
ID_6473783273255196;17;social security;paradoxos na segurança (rej);0.436;0;sem match válido;Qwen3.5-4B-QLoRA
ID_6473783273255196;18;social security policies;paradoxos na segurança (rej);0.410;0;sem match válido;Qwen3.5-4B-QLoRA
ID_6473783273255196;19;social security system;paradoxos na segurança (rej);0.399;0;sem match válido;Qwen3.5-4B-QLoRA
ID_6473783273255196;20;social security systems;paradoxos na segurança (rej);0.420;0;sem match válido;Qwen3.5-4B-QLoRA
ID_6499108085922209;1;artificial intelligence;artificial intelligence;1.000;3;match válido;Qwen3.5-4B-QLoRA
ID_6499108085922209;2;diabetic retinopathy;diagnosis (rej);0.357;0;sem match válido;Qwen3.5-4B-QLoRA
ID_6499108085922209;3;diagnosis;diagnosis;1.000;2;match válido;Qwen3.5-4B-QLoRA
ID_6499108085922209;4;diagnostic reasoning;diagnosis (rej);0.651;0;sem match válido;Qwen3.5-4B-QLoRA
ID_6499108085922209;5;expert systems;expert systems;1.000;1;match válido;Qwen3.5-4B-QLoRA
ID_6499108085922209;6;expert systems engineering;expert systems (rej);0.831;0;sem match válido;Qwen3.5-4B-QLoRA
ID_6499108085922209;7;expert systems methodology;expert systems (rej);0.944;0;sem match válido;Qwen3.5-4B-QLoRA
ID_6499108085922209;8;knowledge acquisition;expert systems (rej);0.381;0;sem match válido;Qwen3.5-4B-QLoRA
ID_6499108085922209;9;machine learning;artificial intelligence (rej);0.694;0;sem match válido;Qwen3.5-4B-QLoRA
ID_6499108085922209;10;machine learning techniques;artificial intelligence (rej);0.648;0;sem match válido;Qwen3.5-4B-QLoRA
ID_6499108085922209;11;medical decision support;health care (rej);0.665;0;sem match válido;Qwen3.5-4B-QLoRA
ID_6499108085922209;12;medical informatics;health care (rej);0.575;0;sem match válido;Qwen3.5-4B-QLoRA
ID_6499108085922209;13;medical informatics systems;health care (rej);0.571;0;sem match válido;Qwen3.5-4B-QLoRA
ID_6499108085922209;14;medical informatics technology;medical image processing (rej);0.583;0;sem match válido;Qwen3.5-4B-QLoRA
ID_6499108085922209;15;medical informatics tools;medical image processing (rej);0.569;0;sem match válido;Qwen3.5-4B-QLoRA
ID_6499108085922209;16;;;;;;Qwen3.5-4B-QLoRA
ID_6499108085922209;17;;;;;;Qwen3.5-4B-QLoRA
ID_6499108085922209;18;;;;;;Qwen3.5-4B-QLoRA
ID_6499108085922209;19;;;;;;Qwen3.5-4B-QLoRA
ID_6499108085922209;20;;;;;;Qwen3.5-4B-QLoRA
ID_6532338737692493;1;fault injection;fault injection;1.000;3;match válido;Qwen3.5-4B-QLoRA
ID_6532338737692493;2;fault tolerance;fault tolerance;1.000;3;match válido;Qwen3.5-4B-QLoRA
ID_6532338737692493;3;fault tolerant techniques;hybrid fault tolerance techniques;0.897;3;match válido;Qwen3.5-4B-QLoRA
ID_6532338737692493;4;fault-tolerant techniques;fault tolerance techniques;0.955;3;match válido;Qwen3.5-4B-QLoRA
ID_6532338737692493;5;fault-tolerant systems;software-based fault tolerant;0.825;3;match válido;Qwen3.5-4B-QLoRA
ID_6532338737692493;6;hardware and software;microprocessor chips (rej);0.630;0;sem match válido;Qwen3.5-4B-QLoRA
ID_6532338737692493;7;hardware-based fault tolerance;fault tolerance techniques (rej);0.852;0;sem match válido;Qwen3.5-4B-QLoRA
ID_6532338737692493;8;hardware-based fault-tolerant techniques;fault tolerance techniques (rej);0.829;0;sem match válido;Qwen3.5-4B-QLoRA
ID_6532338737692493;9;hardware-based fault-tolerant systems;software-based fault tolerant (rej);0.811;0;sem match válido;Qwen3.5-4B-QLoRA
ID_6532338737692493;10;hardware-based fault-tolerance;fault tolerance techniques (rej);0.838;0;sem match válido;Qwen3.5-4B-QLoRA
ID_6532338737692493;11;hardware-based fault-tolerance techniques;fault tolerance techniques (rej);0.878;0;sem match válido;Qwen3.5-4B-QLoRA
ID_6532338737692493;12;hardware-based fault-tolerance systems;fault tolerance techniques (rej);0.830;0;sem match válido;Qwen3.5-4B-QLoRA
ID_6532338737692493;13;;;;;;Qwen3.5-4B-QLoRA
ID_6532338737692493;14;;;;;;Qwen3.5-4B-QLoRA
ID_6532338737692493;15;;;;;;Qwen3.5-4B-QLoRA
ID_6532338737692493;16;;;;;;Qwen3.5-4B-QLoRA
ID_6532338737692493;17;;;;;;Qwen3.5-4B-QLoRA
ID_6532338737692493;18;;;;;;Qwen3.5-4B-QLoRA
ID_6532338737692493;19;;;;;;Qwen3.5-4B-QLoRA
ID_6532338737692493;20;;;;;;Qwen3.5-4B-QLoRA
ID_6535298436643783;1;crystal structure;crystalline solids (rej);0.875;0;sem match válido;Qwen3.5-4B-QLoRA
ID_6535298436643783;2;crystal structures;crystalline solids;0.878;1;match válido;Qwen3.5-4B-QLoRA
ID_6535298436643783;3;heterogeneous catalysis;triethylamine-catalyzed transesterification (rej);0.599;0;sem match válido;Qwen3.5-4B-QLoRA
ID_6535298436643783;4;nucleosides;8-naphthalic acid monoesters (rej);0.559;0;sem match válido;Qwen3.5-4B-QLoRA
ID_6535298436643783;5;solvolytic transformation;solvolysis;0.766;1;match válido;Qwen3.5-4B-QLoRA
ID_6535298436643783;6;stereoselective synthesis;stereodivergent synthesis;0.944;1;match válido;Qwen3.5-4B-QLoRA
ID_6535298436643783;7;stereoselectivity;stereodivergent synthesis (rej);0.795;0;sem match válido;Qwen3.5-4B-QLoRA
ID_6535298436643783;8;synthesis;synthesis;1.000;3;match válido;Qwen3.5-4B-QLoRA
ID_6535298436643783;9;acetylation;vinyl acetate (rej);0.683;0;sem match válido;Qwen3.5-4B-QLoRA
ID_6535298436643783;10;alkyl 1,8-naphthalic acid;8-naphthalic acid monoesters;0.830;1;match válido;Qwen3.5-4B-QLoRA
ID_6535298436643783;11;crystallographic data;crystalline solids (rej);0.729;0;sem match válido;Qwen3.5-4B-QLoRA
ID_6535298436643783;12;dft calculations;-sigmatropic shift (rej);0.407;0;sem match válido;Qwen3.5-4B-QLoRA
ID_6535298436643783;13;dft level;reduction (rej);0.370;0;sem match válido;Qwen3.5-4B-QLoRA
ID_6535298436643783;14;gaussian-basis sets;-sigmatropic shift (rej);0.419;0;sem match válido;Qwen3.5-4B-QLoRA
ID_6535298436643783;15;gaussian-based;-sigmatropic shift (rej);0.399;0;sem match válido;Qwen3.5-4B-QLoRA
ID_6535298436643783;16;gaussian-basis set;simple conditions (rej);0.390;0;sem match válido;Qwen3.5-4B-QLoRA
ID_6535298436643783;17;gaussian-based sets;-sigmatropic shift (rej);0.367;0;sem match válido;Qwen3.5-4B-QLoRA
ID_6535298436643783;18;kinetic and theoretical;reaction mechanisms (rej);0.467;0;sem match válido;Qwen3.5-4B-QLoRA
ID_6535298436643783;19;molecular sieve;synthesis (rej);0.489;0;sem match válido;Qwen3.5-4B-QLoRA
ID_6535298436643783;20;molecular sieves;synthesis (rej);0.497;0;sem match válido;Qwen3.5-4B-QLoRA
ID_6555511233950866;1;aerobic stability;seleção para peso (rej);0.363;0;sem match válido;Qwen3.5-4B-QLoRA
ID_6555511233950866;2;animal performance;zebu e caracu (rej);0.384;0;sem match válido;Qwen3.5-4B-QLoRA
ID_6555511233950866;3;animal supplementation;feeding managements (rej);0.576;0;sem match válido;Qwen3.5-4B-QLoRA
ID_6555511233950866;4;brachiaria brizantha;zebu e caracu (rej);0.437;0;sem match válido;Qwen3.5-4B-QLoRA
ID_6555511233950866;5;brachiaria brizantha cv. marandu;zebu e caracu (rej);0.481;0;sem match válido;Qwen3.5-4B-QLoRA
ID_6555511233950866;6;brachiaria brizantha cv. marandu pastures;sorghum sudan grass (rej);0.540;0;sem match válido;Qwen3.5-4B-QLoRA
ID_6555511233950866;7;brachiaria brizantha cv. marandu pastures managed;cultivars were evaluated (rej);0.530;0;sem match válido;Qwen3.5-4B-QLoRA
ID_6555511233950866;8;brachiaria brizantha cv. marandu pastures managed under;cultivars were evaluated (rej);0.524;0;sem match válido;Qwen3.5-4B-QLoRA
ID_6555511233950866;9;brachiaria brizantha cv. marandu pastures under;sorghum sudan grass (rej);0.556;0;sem match válido;Qwen3.5-4B-QLoRA
ID_6555511233950866;10;canopy characteristics;zebu e caracu (rej);0.534;0;sem match válido;Qwen3.5-4B-QLoRA
ID_6555511233950866;11;canopy height;zebu e caracu (rej);0.463;0;sem match válido;Qwen3.5-4B-QLoRA
ID_6555511233950866;12;carcass characteristics;meat tenderness (rej);0.580;0;sem match válido;Qwen3.5-4B-QLoRA
ID_6555511233950866;13;carcass quality;meat tenderness (rej);0.625;0;sem match válido;Qwen3.5-4B-QLoRA
ID_6555511233950866;14;continuous stocking;silagem (rej);0.436;0;sem match válido;Qwen3.5-4B-QLoRA
ID_6555511233950866;15;dietary supplementation;digestibility (rej);0.544;0;sem match válido;Qwen3.5-4B-QLoRA
ID_6555511233950866;16;dry matter;zebu e caracu (rej);0.440;0;sem match válido;Qwen3.5-4B-QLoRA
ID_6555511233950866;17;dry matter yield;degradabilidade ruminal (rej);0.392;0;sem match válido;Qwen3.5-4B-QLoRA
ID_6555511233950866;18;grazing;sorghum sudan grass (rej);0.560;0;sem match válido;Qwen3.5-4B-QLoRA
ID_6555511233950866;19;grazing intensity;sorghum sudan grass (rej);0.482;0;sem match válido;Qwen3.5-4B-QLoRA
ID_6555511233950866;20;grazing management;feeding managements (rej);0.548;0;sem match válido;Qwen3.5-4B-QLoRA
ID_6723353746838236;1;antiretroviral therapy;antiretroviral drugs;0.930;2;match válido;Qwen3.5-4B-QLoRA
ID_6723353746838236;2;bacterial vaginosis;infection (rej);0.705;0;sem match válido;Qwen3.5-4B-QLoRA
ID_6723353746838236;3;condyloma acuminatum;tratamento do condiloma (rej);0.655;0;sem match válido;Qwen3.5-4B-QLoRA
ID_6723353746838236;4;human papillomavirus;vírus da imunodeficiência (rej);0.695;0;sem match válido;Qwen3.5-4B-QLoRA
ID_6723353746838236;5;pregnancy;pregnancy;1.000;2;match válido;Qwen3.5-4B-QLoRA
ID_6723353746838236;6;probiotic lactobacilli;infection (rej);0.389;0;sem match válido;Qwen3.5-4B-QLoRA
ID_6723353746838236;7;probiotic treatment;tratamento do condiloma (rej);0.531;0;sem match válido;Qwen3.5-4B-QLoRA
ID_6723353746838236;8;probiotic treatment of bacterial;infection (rej);0.493;0;sem match válido;Qwen3.5-4B-QLoRA
ID_6723353746838236;9;probiotic treatment of vulvovaginal;tratamento do condiloma (rej);0.590;0;sem match válido;Qwen3.5-4B-QLoRA
ID_6723353746838236;10;severe maternal morbidity;pregnant women (rej);0.646;0;sem match válido;Qwen3.5-4B-QLoRA
ID_6723353746838236;11;severe maternal outcomes;prenatal care (rej);0.702;0;sem match válido;Qwen3.5-4B-QLoRA
ID_6723353746838236;12;severe perineal injuries;squamous intraepithelial lesions (rej);0.593;0;sem match válido;Qwen3.5-4B-QLoRA
ID_6723353746838236;13;severe preeclampsia;pregnancy (rej);0.704;0;sem match válido;Qwen3.5-4B-QLoRA
ID_6723353746838236;14;severe perineal;prognóstico perinatal (rej);0.615;0;sem match válido;Qwen3.5-4B-QLoRA
ID_6723353746838236;15;severe preeclampsia and eclampsia;infections during pregnancy (rej);0.678;0;sem match válido;Qwen3.5-4B-QLoRA
ID_6723353746838236;16;severe preeclampsia and eclampsia and maternal near miss;pregnancy (rej);0.720;0;sem match válido;Qwen3.5-4B-QLoRA
ID_6723353746838236;17;severe preeclampsia and eclampsia and maternal near miss and death;pregnancy (rej);0.680;0;sem match válido;Qwen3.5-4B-QLoRA
ID_6723353746838236;18;severe preeclampsia and eclampsia and maternal near miss and death among women;pregnant women (rej);0.693;0;sem match válido;Qwen3.5-4B-QLoRA
ID_6723353746838236;19;severe preeclampsia and eclampsia and maternal near miss and death among women with severe hypertensive disorders;pregnant women (rej);0.595;0;sem match válido;Qwen3.5-4B-QLoRA
ID_6723353746838236;20;severe perineal injuries among women;prognóstico perinatal (rej);0.564;0;sem match válido;Qwen3.5-4B-QLoRA
ID_6751513272539561;1;economic determinants;monetary policies (rej);0.551;0;sem match válido;Qwen3.5-4B-QLoRA
ID_6751513272539561;2;health economics;sustentabilidade da previdência (rej);0.514;0;sem match válido;Qwen3.5-4B-QLoRA
ID_6751513272539561;3;health policy;sustentabilidade da previdência (rej);0.431;0;sem match válido;Qwen3.5-4B-QLoRA
ID_6751513272539561;4;health services;seguro-desemprego no brasil (rej);0.328;0;sem match válido;Qwen3.5-4B-QLoRA
ID_6751513272539561;5;health services market;cost utility (rej);0.377;0;sem match válido;Qwen3.5-4B-QLoRA
ID_6751513272539561;6;health technology;sustentabilidade da previdência (rej);0.345;0;sem match válido;Qwen3.5-4B-QLoRA
ID_6751513272539561;7;health technology assessment;methodology (rej);0.416;0;sem match válido;Qwen3.5-4B-QLoRA
ID_6751513272539561;8;healthcare providers;seguro-desemprego no brasil (rej);0.370;0;sem match válido;Qwen3.5-4B-QLoRA
ID_6751513272539561;9;moral hazard;presumed consent law (rej);0.522;0;sem match válido;Qwen3.5-4B-QLoRA
ID_6751513272539561;10;private health insurance;seguro-desemprego no brasil (rej);0.470;0;sem match válido;Qwen3.5-4B-QLoRA
ID_6751513272539561;11;private health insurance market;seguro-desemprego no brasil (rej);0.452;0;sem match válido;Qwen3.5-4B-QLoRA
ID_6751513272539561;12;private insurance;seguro-desemprego no brasil (rej);0.498;0;sem match válido;Qwen3.5-4B-QLoRA
ID_6751513272539561;13;public-private partnerships;institutional architecture (rej);0.400;0;sem match válido;Qwen3.5-4B-QLoRA
ID_6751513272539561;14;regulation;targeting regimes affects (rej);0.493;0;sem match válido;Qwen3.5-4B-QLoRA
ID_6751513272539561;15;risk adjustment;sustentabilidade da previdência (rej);0.506;0;sem match válido;Qwen3.5-4B-QLoRA
ID_6751513272539561;16;risk adjustment models;sustentabilidade da previdência (rej);0.517;0;sem match válido;Qwen3.5-4B-QLoRA
ID_6751513272539561;17;risk adjustment models performance;empirical analysis (rej);0.498;0;sem match válido;Qwen3.5-4B-QLoRA
ID_6751513272539561;18;risk adjustment performance;sustentabilidade da previdência (rej);0.474;0;sem match válido;Qwen3.5-4B-QLoRA
ID_6751513272539561;19;risk adjustment performance measure;empirical analysis (rej);0.501;0;sem match válido;Qwen3.5-4B-QLoRA
ID_6751513272539561;20;risk adjustment performance measures;empirical analysis (rej);0.495;0;sem match válido;Qwen3.5-4B-QLoRA
ID_6785547194105600;1;compact h ii region;km (rej);0.467;0;sem match válido;Qwen3.5-4B-QLoRA
ID_6785547194105600;2;eta carinae;eta carinae;1.000;3;match válido;Qwen3.5-4B-QLoRA
ID_6785547194105600;3;galactic h ii regions;homunculus nebula (rej);0.590;0;sem match válido;Qwen3.5-4B-QLoRA
ID_6785547194105600;4;galactic hii regions;homunculus nebula (rej);0.616;0;sem match válido;Qwen3.5-4B-QLoRA
ID_6785547194105600;5;galactic hii regions: individual;homunculus nebula (rej);0.592;0;sem match válido;Qwen3.5-4B-QLoRA
ID_6785547194105600;6;h ii regions;km (rej);0.486;0;sem match válido;Qwen3.5-4B-QLoRA
ID_6785547194105600;7;hii regions;km (rej);0.408;0;sem match válido;Qwen3.5-4B-QLoRA
ID_6785547194105600;8;high spatial resolution;km (rej);0.433;0;sem match válido;Qwen3.5-4B-QLoRA
ID_6785547194105600;9;infrared excess;infrared: stars (rej);0.768;0;sem match válido;Qwen3.5-4B-QLoRA
ID_6785547194105600;10;infrared images;infrared: stars (rej);0.782;0;sem match válido;Qwen3.5-4B-QLoRA
ID_6785547194105600;11;infrared photometry;infrared: stars (rej);0.695;0;sem match válido;Qwen3.5-4B-QLoRA
ID_6785547194105600;12;infrared spectra;infrared: stars;0.843;3;match válido;Qwen3.5-4B-QLoRA
ID_6785547194105600;13;infrared spectroscopy;infrared: stars (rej);0.820;0;sem match válido;Qwen3.5-4B-QLoRA
ID_6785547194105600;14;infrared spectral region;infrared: stars (rej);0.791;0;sem match válido;Qwen3.5-4B-QLoRA
ID_6785547194105600;15;massive star birth;stars: formation;0.785;3;match válido;Qwen3.5-4B-QLoRA
ID_6785547194105600;16;massive stars;massive stars;1.000;3;match válido;Qwen3.5-4B-QLoRA
ID_6785547194105600;17;massive young stellar;massive stars (rej);0.859;0;sem match válido;Qwen3.5-4B-QLoRA
ID_6785547194105600;18;massive young stellar objects;massive stars (rej);0.857;0;sem match válido;Qwen3.5-4B-QLoRA
ID_6785547194105600;19;maser effects;eta carinae (rej);0.346;0;sem match válido;Qwen3.5-4B-QLoRA
ID_6785547194105600;20;near-infrared integral field;near-infrared integral field;1.000;2;match válido;Qwen3.5-4B-QLoRA
ID_6799776599317117;1;artificial neural networks;neural network simulation;0.863;3;match válido;Qwen3.5-4B-QLoRA
ID_6799776599317117;2;evolutionary algorithms;genetic algorithm (rej);0.834;0;sem match válido;Qwen3.5-4B-QLoRA
ID_6799776599317117;3;evolutionary computation;genetic algorithm (rej);0.694;0;sem match válido;Qwen3.5-4B-QLoRA
ID_6799776599317117;4;evolutionary optimization;optimization;0.787;2;match válido;Qwen3.5-4B-QLoRA
ID_6799776599317117;5;genetic algorithm;genetic algorithm;1.000;3;match válido;Qwen3.5-4B-QLoRA
ID_6799776599317117;6;genetic algorithms;genetic algorithm (rej);0.994;0;sem match válido;Qwen3.5-4B-QLoRA
ID_6799776599317117;7;genetic programming;genetic algorithm (rej);0.864;0;sem match válido;Qwen3.5-4B-QLoRA
ID_6799776599317117;8;genetic programming systems;genetic algorithm (rej);0.850;0;sem match válido;Qwen3.5-4B-QLoRA
ID_6799776599317117;9;genetic programming systems (gps);genetic algorithm (rej);0.757;0;sem match válido;Qwen3.5-4B-QLoRA
ID_6799776599317117;10;;;;;;Qwen3.5-4B-QLoRA
ID_6799776599317117;11;;;;;;Qwen3.5-4B-QLoRA
ID_6799776599317117;12;;;;;;Qwen3.5-4B-QLoRA
ID_6799776599317117;13;;;;;;Qwen3.5-4B-QLoRA
ID_6799776599317117;14;;;;;;Qwen3.5-4B-QLoRA
ID_6799776599317117;15;;;;;;Qwen3.5-4B-QLoRA
ID_6799776599317117;16;;;;;;Qwen3.5-4B-QLoRA
ID_6799776599317117;17;;;;;;Qwen3.5-4B-QLoRA
ID_6799776599317117;18;;;;;;Qwen3.5-4B-QLoRA
ID_6799776599317117;19;;;;;;Qwen3.5-4B-QLoRA
ID_6799776599317117;20;;;;;;Qwen3.5-4B-QLoRA
ID_6911356765220023;1;brownian dynamics;brownian particle;0.774;3;match válido;Qwen3.5-4B-QLoRA
ID_6911356765220023;2;cell dynamical system;reduced dynamics simulation (rej);0.381;0;sem match válido;Qwen3.5-4B-QLoRA
ID_6911356765220023;3;exact nonequilibrium work;kinetic equations (rej);0.607;0;sem match válido;Qwen3.5-4B-QLoRA
ID_6911356765220023;4;exact nonequilibrium work generating function;kinetic equations (rej);0.532;0;sem match válido;Qwen3.5-4B-QLoRA
ID_6911356765220023;5;exact nonequilibrium work generating functions;kinetic equations (rej);0.548;0;sem match válido;Qwen3.5-4B-QLoRA
ID_6911356765220023;6;exact time-averaged thermal conductance;time-averaged thermal conductance;0.975;3;match válido;Qwen3.5-4B-QLoRA
ID_6911356765220023;7;exact time-average distribution;time averaging;0.801;3;match válido;Qwen3.5-4B-QLoRA
ID_6911356765220023;8;granular gas;granular gas;1.000;3;match válido;Qwen3.5-4B-QLoRA
ID_6911356765220023;9;granular gases;granular gas (rej);0.938;0;sem match válido;Qwen3.5-4B-QLoRA
ID_6911356765220023;10;granular system;smooth granular systems (rej);0.885;0;sem match válido;Qwen3.5-4B-QLoRA
ID_6911356765220023;11;granular systems;smooth granular systems;0.893;3;match válido;Qwen3.5-4B-QLoRA
ID_6911356765220023;12;granular transport;quasielastic granular particle (rej);0.665;0;sem match válido;Qwen3.5-4B-QLoRA
ID_6911356765220023;13;granular transport model;smooth granular systems (rej);0.602;0;sem match válido;Qwen3.5-4B-QLoRA
ID_6911356765220023;14;granular systems under shear;smooth granular systems (rej);0.740;0;sem match válido;Qwen3.5-4B-QLoRA
ID_6911356765220023;15;granular temperature;granular temperature;1.000;3;match válido;Qwen3.5-4B-QLoRA
ID_6911356765220023;16;heat flux probability density;temperature coexistence (rej);0.620;0;sem match válido;Qwen3.5-4B-QLoRA
ID_6911356765220023;17;heat flux probability density function;thermal conductance (rej);0.621;0;sem match válido;Qwen3.5-4B-QLoRA
ID_6911356765220023;18;heat flux probability density functions;thermal conductance (rej);0.616;0;sem match válido;Qwen3.5-4B-QLoRA
ID_6911356765220023;19;hierarchical lattices;pattern formation (rej);0.562;0;sem match válido;Qwen3.5-4B-QLoRA
ID_6911356765220023;20;injected power;type-ii superconducting systems (rej);0.299;0;sem match válido;Qwen3.5-4B-QLoRA
ID_7014991384513854;1;complex networks;social networks (rej);0.623;0;sem match válido;Qwen3.5-4B-QLoRA
ID_7014991384513854;2;online social networks;online social networks;1.000;3;match válido;Qwen3.5-4B-QLoRA
ID_7014991384513854;3;online video sharing;online video sharing;1.000;3;match válido;Qwen3.5-4B-QLoRA
ID_7014991384513854;4;online video sharing systems;video sharing websites;0.924;2;match válido;Qwen3.5-4B-QLoRA
ID_7014991384513854;5;online video social networks;social networking (online);0.776;3;match válido;Qwen3.5-4B-QLoRA
ID_7014991384513854;6;;;;;;Qwen3.5-4B-QLoRA
ID_7014991384513854;7;;;;;;Qwen3.5-4B-QLoRA
ID_7014991384513854;8;;;;;;Qwen3.5-4B-QLoRA
ID_7014991384513854;9;;;;;;Qwen3.5-4B-QLoRA
ID_7014991384513854;10;;;;;;Qwen3.5-4B-QLoRA
ID_7014991384513854;11;;;;;;Qwen3.5-4B-QLoRA
ID_7014991384513854;12;;;;;;Qwen3.5-4B-QLoRA
ID_7014991384513854;13;;;;;;Qwen3.5-4B-QLoRA
ID_7014991384513854;14;;;;;;Qwen3.5-4B-QLoRA
ID_7014991384513854;15;;;;;;Qwen3.5-4B-QLoRA
ID_7014991384513854;16;;;;;;Qwen3.5-4B-QLoRA
ID_7014991384513854;17;;;;;;Qwen3.5-4B-QLoRA
ID_7014991384513854;18;;;;;;Qwen3.5-4B-QLoRA
ID_7014991384513854;19;;;;;;Qwen3.5-4B-QLoRA
ID_7014991384513854;20;;;;;;Qwen3.5-4B-QLoRA
ID_7026313596468626;1;branch-and-bound;branch and bound;0.967;1;match válido;Qwen3.5-4B-QLoRA
ID_7026313596468626;2;branch-and-bound algorithm;branch and bound (rej);0.760;0;sem match válido;Qwen3.5-4B-QLoRA
ID_7026313596468626;3;branch-and-bound algorithm for two-stage;branch and bound (rej);0.652;0;sem match válido;Qwen3.5-4B-QLoRA
ID_7026313596468626;4;capacity expansion;capacity expansion;1.000;2;match válido;Qwen3.5-4B-QLoRA
ID_7026313596468626;5;computational complexity;polynomial formulation (rej);0.568;0;sem match válido;Qwen3.5-4B-QLoRA
ID_7026313596468626;6;degree constrained minimum;restricted problem (rej);0.547;0;sem match válido;Qwen3.5-4B-QLoRA
ID_7026313596468626;7;disjunctive combinatorial branch;disjunctive combinatorial branch;1.000;1;match válido;Qwen3.5-4B-QLoRA
ID_7026313596468626;8;enhancing a branch;branch and bound (rej);0.678;0;sem match válido;Qwen3.5-4B-QLoRA
ID_7026313596468626;9;enumeration of r-modular;polynomial formulation (rej);0.499;0;sem match válido;Qwen3.5-4B-QLoRA
ID_7026313596468626;10;expert;restricted problem (rej);0.276;0;sem match válido;Qwen3.5-4B-QLoRA
ID_7026313596468626;11;heuristic;lagrangian heuristic;0.788;2;match válido;Qwen3.5-4B-QLoRA
ID_7026313596468626;12;heurística baseada;lagrangian heuristic (rej);0.762;0;sem match válido;Qwen3.5-4B-QLoRA
ID_7026313596468626;13;integer programming;stochastic integer programming;0.751;3;match válido;Qwen3.5-4B-QLoRA
ID_7026313596468626;14;integer programming based heuristic;stochastic integer programming (rej);0.634;0;sem match válido;Qwen3.5-4B-QLoRA
ID_7026313596468626;15;linear programming;polynomial formulation (rej);0.581;0;sem match válido;Qwen3.5-4B-QLoRA
ID_7026313596468626;16;linear programming based;polynomial formulation (rej);0.539;0;sem match válido;Qwen3.5-4B-QLoRA
ID_7026313596468626;17;multi-service multi-facility network;multi-facility network design (rej);0.867;0;sem match válido;Qwen3.5-4B-QLoRA
ID_7026313596468626;18;multi-service multi-facility network design;multi-facility network design;0.946;2;match válido;Qwen3.5-4B-QLoRA
ID_7026313596468626;19;network design;network design;1.000;2;match válido;Qwen3.5-4B-QLoRA
ID_7026313596468626;20;network design topology;network capacity design;0.792;3;match válido;Qwen3.5-4B-QLoRA
ID_7034773971317045;1;microwave-assisted acid digestion;microwave-assisted digestion (rej);0.912;0;sem match válido;Qwen3.5-4B-QLoRA
ID_7034773971317045;2;microwave-assisted decomposition;microondas com radiação (rej);0.731;0;sem match válido;Qwen3.5-4B-QLoRA
ID_7034773971317045;3;microwave-assisted wet digestion;microwave-assisted digestion;0.934;3;match válido;Qwen3.5-4B-QLoRA
ID_7034773971317045;4;microwave-assisted wet digestion procedures;microwave-assisted digestion (rej);0.914;0;sem match válido;Qwen3.5-4B-QLoRA
ID_7034773971317045;5;microwave-assisted wet digestion techniques;microwave-assisted digestion (rej);0.915;0;sem match válido;Qwen3.5-4B-QLoRA
ID_7034773971317045;6;microwave-assisted wet digestion using diluted nitric acid;microwave-assisted digestion (rej);0.834;0;sem match válido;Qwen3.5-4B-QLoRA
ID_7034773971317045;7;microwave-assisted wet digestion using diluted nitric acid solutions;microwave-assisted digestion (rej);0.824;0;sem match válido;Qwen3.5-4B-QLoRA
ID_7034773971317045;8;microwave-assisted wet digestion with diluted nitric acid;microwave-assisted digestion (rej);0.832;0;sem match válido;Qwen3.5-4B-QLoRA
ID_7034773971317045;9;microwave-assisted wet digestion with diluted nitric acid solutions;microwave-assisted digestion (rej);0.822;0;sem match válido;Qwen3.5-4B-QLoRA
ID_7034773971317045;10;microwave-assisted wet digestion with diluted nitric acid solutions (nitric acid concentration);microwave-assisted digestion (rej);0.771;0;sem match válido;Qwen3.5-4B-QLoRA
ID_7034773971317045;11;;;;;;Qwen3.5-4B-QLoRA
ID_7034773971317045;12;;;;;;Qwen3.5-4B-QLoRA
ID_7034773971317045;13;;;;;;Qwen3.5-4B-QLoRA
ID_7034773971317045;14;;;;;;Qwen3.5-4B-QLoRA
ID_7034773971317045;15;;;;;;Qwen3.5-4B-QLoRA
ID_7034773971317045;16;;;;;;Qwen3.5-4B-QLoRA
ID_7034773971317045;17;;;;;;Qwen3.5-4B-QLoRA
ID_7034773971317045;18;;;;;;Qwen3.5-4B-QLoRA
ID_7034773971317045;19;;;;;;Qwen3.5-4B-QLoRA
ID_7034773971317045;20;;;;;;Qwen3.5-4B-QLoRA
ID_7053039409324203;1;apocynaceae;subfamily apocynoideae;0.808;1;match válido;Qwen3.5-4B-QLoRA
ID_7053039409324203;2;calycine colleters;calycine colleters;1.000;3;match válido;Qwen3.5-4B-QLoRA
ID_7053039409324203;3;calycine colleters of apocynaceae;calycine colleters (rej);0.740;0;sem match válido;Qwen3.5-4B-QLoRA
ID_7053039409324203;4;character evolution;morphological differences (rej);0.475;0;sem match válido;Qwen3.5-4B-QLoRA
ID_7053039409324203;5;character evolution of tabernaemontaneae;rauvolfioideae (rej);0.568;0;sem match válido;Qwen3.5-4B-QLoRA
ID_7053039409324203;6;character evolution in mesechiteae;mesechiteae (rej);0.706;0;sem match válido;Qwen3.5-4B-QLoRA
ID_7053039409324203;7;character evolution in mesechiteae (apocynaceae);mesechiteae (rej);0.642;0;sem match válido;Qwen3.5-4B-QLoRA
ID_7053039409324203;8;character evolution of tabernaemontaneae (apocynaceae);subfamily apocynoideae (rej);0.641;0;sem match válido;Qwen3.5-4B-QLoRA
ID_7053039409324203;9;calycine colleters belonging;calycine colleters (rej);0.916;0;sem match válido;Qwen3.5-4B-QLoRA
ID_7053039409324203;10;calycine colleters of seven;calycine colleters (rej);0.943;0;sem match válido;Qwen3.5-4B-QLoRA
ID_7053039409324203;11;calycine colleters of seven species;calycine colleters (rej);0.875;0;sem match válido;Qwen3.5-4B-QLoRA
ID_7053039409324203;12;calycine colleters of seven species of apocynaceae;calycine colleters (rej);0.702;0;sem match válido;Qwen3.5-4B-QLoRA
ID_7053039409324203;13;calycine colleters of seven species of apocynaceae (apocynoideae);subfamily apocynoideae (rej);0.699;0;sem match válido;Qwen3.5-4B-QLoRA
ID_7053039409324203;14;calycine colleters of seven species of apocynaceae (apocynoideae) from brazil;subfamily apocynoideae (rej);0.650;0;sem match válido;Qwen3.5-4B-QLoRA
ID_7053039409324203;15;;;;;;Qwen3.5-4B-QLoRA
ID_7053039409324203;16;;;;;;Qwen3.5-4B-QLoRA
ID_7053039409324203;17;;;;;;Qwen3.5-4B-QLoRA
ID_7053039409324203;18;;;;;;Qwen3.5-4B-QLoRA
ID_7053039409324203;19;;;;;;Qwen3.5-4B-QLoRA
ID_7053039409324203;20;;;;;;Qwen3.5-4B-QLoRA
ID_7057449448661416;1;brazilian housing;brazilian housing policy (rej);0.885;0;sem match válido;Qwen3.5-4B-QLoRA
ID_7057449448661416;2;brazilian housing finance;brazilian housing finance;1.000;3;match válido;Qwen3.5-4B-QLoRA
ID_7057449448661416;3;brazilian housing policy;brazilian housing policy;1.000;3;match válido;Qwen3.5-4B-QLoRA
ID_7057449448661416;4;brazilian housing system;brazilian housing policy (rej);0.915;0;sem match válido;Qwen3.5-4B-QLoRA
ID_7057449448661416;5;brazilian housing-related interest rate;brazilian housing finance (rej);0.879;0;sem match válido;Qwen3.5-4B-QLoRA
ID_7057449448661416;6;brazilian housing-related interest rate mechanism;brazilian housing finance (rej);0.864;0;sem match válido;Qwen3.5-4B-QLoRA
ID_7057449448661416;7;brazilian housing-related interest rates;brazilian housing finance (rej);0.877;0;sem match válido;Qwen3.5-4B-QLoRA
ID_7057449448661416;8;brazilian housing-related interest rates mechanism;brazilian housing finance (rej);0.862;0;sem match válido;Qwen3.5-4B-QLoRA
ID_7057449448661416;9;brazilian housing-related interest rates system;brazilian housing finance (rej);0.883;0;sem match válido;Qwen3.5-4B-QLoRA
ID_7057449448661416;10;;;;;;Qwen3.5-4B-QLoRA
ID_7057449448661416;11;;;;;;Qwen3.5-4B-QLoRA
ID_7057449448661416;12;;;;;;Qwen3.5-4B-QLoRA
ID_7057449448661416;13;;;;;;Qwen3.5-4B-QLoRA
ID_7057449448661416;14;;;;;;Qwen3.5-4B-QLoRA
ID_7057449448661416;15;;;;;;Qwen3.5-4B-QLoRA
ID_7057449448661416;16;;;;;;Qwen3.5-4B-QLoRA
ID_7057449448661416;17;;;;;;Qwen3.5-4B-QLoRA
ID_7057449448661416;18;;;;;;Qwen3.5-4B-QLoRA
ID_7057449448661416;19;;;;;;Qwen3.5-4B-QLoRA
ID_7057449448661416;20;;;;;;Qwen3.5-4B-QLoRA
ID_7088639503480810;1;base excision repair;base excision repair;1.000;3;match válido;Qwen3.5-4B-QLoRA
ID_7088639503480810;2;base excision repair pathway;dna base excision;0.796;3;match válido;Qwen3.5-4B-QLoRA
ID_7088639503480810;3;base excision repair proteins;nucleotide excision repair (rej);0.749;0;sem match válido;Qwen3.5-4B-QLoRA
ID_7088639503480810;4;base excision repair-related proteins;nucleotide excision repair (rej);0.731;0;sem match válido;Qwen3.5-4B-QLoRA
ID_7088639503480810;5;base excision repair-associated proteins;nucleotide excision repair (rej);0.718;0;sem match válido;Qwen3.5-4B-QLoRA
ID_7088639503480810;6;dna damage;oxidative dna damage (rej);0.749;0;sem match válido;Qwen3.5-4B-QLoRA
ID_7088639503480810;7;dna repair;dna repair;1.000;3;match válido;Qwen3.5-4B-QLoRA
ID_7088639503480810;8;dna repair pathway;dna repair (rej);0.805;0;sem match válido;Qwen3.5-4B-QLoRA
ID_7088639503480810;9;dna repair-related proteins;mitochondrial dna damage (rej);0.667;0;sem match válido;Qwen3.5-4B-QLoRA
ID_7088639503480810;10;dna repair-associated proteins;dna repair (rej);0.644;0;sem match válido;Qwen3.5-4B-QLoRA
ID_7088639503480810;11;mitochondrial dna repair;mitochondrial repair;0.944;3;match válido;Qwen3.5-4B-QLoRA
ID_7088639503480810;12;mitochondrial dna stability;mitochondrial function;0.835;2;match válido;Qwen3.5-4B-QLoRA
ID_7088639503480810;13;mitochondrial dna mutations;mitochondrial base excision;0.754;3;match válido;Qwen3.5-4B-QLoRA
ID_7088639503480810;14;mitochondrial dna repair proteins;mitochondrial repair (rej);0.891;0;sem match válido;Qwen3.5-4B-QLoRA
ID_7088639503480810;15;mitochondrial dna repair-related proteins;mitochondrial repair (rej);0.878;0;sem match válido;Qwen3.5-4B-QLoRA
ID_7088639503480810;16;mitochondrial dna repair-associated proteins;mitochondrial repair (rej);0.861;0;sem match válido;Qwen3.5-4B-QLoRA
ID_7088639503480810;17;mitochondrial dna replication;mammalian mitochondria;0.836;2;match válido;Qwen3.5-4B-QLoRA
ID_7088639503480810;18;mitochondrial dna replication proteins;mammalian mitochondria (rej);0.822;0;sem match válido;Qwen3.5-4B-QLoRA
ID_7088639503480810;19;mitochondrial dna repair pathway;mitochondrial dna damage;0.870;3;match válido;Qwen3.5-4B-QLoRA
ID_7088639503480810;20;;;;;;Qwen3.5-4B-QLoRA
ID_7090419604571199;1;budding efficiency;produção de mudas (rej);0.450;0;sem match válido;Qwen3.5-4B-QLoRA
ID_7090419604571199;2;citrus;citrus;1.000;3;match válido;Qwen3.5-4B-QLoRA
ID_7090419604571199;3;citrus sinensis;citrus (rej);0.821;0;sem match válido;Qwen3.5-4B-QLoRA
ID_7090419604571199;4;citrus sinensis l.;citrus (rej);0.809;0;sem match válido;Qwen3.5-4B-QLoRA
ID_7090419604571199;5;citrus sinensis (l.) osbeck;citrus (rej);0.728;0;sem match válido;Qwen3.5-4B-QLoRA
ID_7090419604571199;6;citrus sinensis osbeck;citrus (rej);0.756;0;sem match válido;Qwen3.5-4B-QLoRA
ID_7090419604571199;7;citrus trifoliata;poncirus trifoliata;0.821;2;match válido;Qwen3.5-4B-QLoRA
ID_7090419604571199;8;citrus trifoliata (l.) raf.;poncirus trifoliata (rej);0.805;0;sem match válido;Qwen3.5-4B-QLoRA
ID_7090419604571199;9;citrus trifoliata (l.) raf. seedlings;poncirus trifoliata (rej);0.755;0;sem match válido;Qwen3.5-4B-QLoRA
ID_7090419604571199;10;citrus trifoliata (l.) raf. seedlings production;cultivar (rej);0.715;0;sem match válido;Qwen3.5-4B-QLoRA
ID_7090419604571199;11;citrus trifoliata rootstock;poncirus trifoliata (rej);0.789;0;sem match válido;Qwen3.5-4B-QLoRA
ID_7090419604571199;12;citrus trifoliata seedling;poncirus trifoliata (rej);0.750;0;sem match válido;Qwen3.5-4B-QLoRA
ID_7090419604571199;13;citrus trifoliata seedling production;cultivar (rej);0.729;0;sem match válido;Qwen3.5-4B-QLoRA
ID_7090419604571199;14;citrus trifoliata seeds;poncirus trifoliata (rej);0.752;0;sem match válido;Qwen3.5-4B-QLoRA
ID_7090419604571199;15;citrus trifoliata seeds conservation;citrus (rej);0.675;0;sem match válido;Qwen3.5-4B-QLoRA
ID_7090419604571199;16;citrus trifoliata seedlings;poncirus trifoliata (rej);0.757;0;sem match válido;Qwen3.5-4B-QLoRA
ID_7090419604571199;17;citrus trifoliata seedlings production;cultivar (rej);0.722;0;sem match válido;Qwen3.5-4B-QLoRA
ID_7090419604571199;18;citrus trifoliata seeds germination;poncirus trifoliata (rej);0.702;0;sem match válido;Qwen3.5-4B-QLoRA
ID_7090419604571199;19;citrus trifoliata seeds germination and growth;poncirus trifoliata (rej);0.685;0;sem match válido;Qwen3.5-4B-QLoRA
ID_7090419604571199;20;citrus trifoliata seeds germination percentage;cultivar (rej);0.656;0;sem match válido;Qwen3.5-4B-QLoRA
ID_7216933992248038;1;autoimmune disease;autoimmune disease;1.000;3;match válido;Qwen3.5-4B-QLoRA
ID_7216933992248038;2;heart disease;heart lesions;0.865;3;match válido;Qwen3.5-4B-QLoRA
ID_7216933992248038;3;heart tissue;heart tissue;1.000;3;match válido;Qwen3.5-4B-QLoRA
ID_7216933992248038;4;heart tissue-derived;heart tissue proteins;0.832;3;match válido;Qwen3.5-4B-QLoRA
ID_7216933992248038;5;intralesional t cell;peripheral t cells;0.912;3;match válido;Qwen3.5-4B-QLoRA
ID_7216933992248038;6;molecular mimicry;molecular mimicry;1.000;3;match válido;Qwen3.5-4B-QLoRA
ID_7216933992248038;7;molecular mimicry and rheumatic;molecular mimicry (rej);0.692;0;sem match válido;Qwen3.5-4B-QLoRA
ID_7216933992248038;8;molecular mimicry between streptococcal;streptococcal group;0.839;3;match válido;Qwen3.5-4B-QLoRA
ID_7216933992248038;9;mitral valve;trigger heart valve (rej);0.634;0;sem match válido;Qwen3.5-4B-QLoRA
ID_7216933992248038;10;mitral valve t cell;heart-infiltrating t cell;0.765;3;match válido;Qwen3.5-4B-QLoRA
ID_7216933992248038;11;nuclear factor of kappa;tnfa-308 (rej);0.316;0;sem match válido;Qwen3.5-4B-QLoRA
ID_7216933992248038;12;obsessive-compulsive disorder;obsessive-compulsive disorder;1.000;2;match válido;Qwen3.5-4B-QLoRA
ID_7216933992248038;13;obsessive-compulsive spectrum disorders;obsessive-compulsive disorder (rej);0.925;0;sem match válido;Qwen3.5-4B-QLoRA
ID_7216933992248038;14;obsessive-compulsive spectrum disorders and rheumatic;obsessive-compulsive disorder (rej);0.794;0;sem match válido;Qwen3.5-4B-QLoRA
ID_7216933992248038;15;rheumatic heart disease;rheumatic heart disease;1.000;3;match válido;Qwen3.5-4B-QLoRA
ID_7216933992248038;16;rheumatic heart disease patients;rheumatic heart;0.921;2;match válido;Qwen3.5-4B-QLoRA
ID_7216933992248038;17;rheumatic heart disease: 15;rheumatic heart disease (rej);0.953;0;sem match válido;Qwen3.5-4B-QLoRA
ID_7216933992248038;18;rheumatic fever;rheumatic fever;1.000;3;match válido;Qwen3.5-4B-QLoRA
ID_7216933992248038;19;rheumatic fever patients;rheumatic fever (rej);0.965;0;sem match válido;Qwen3.5-4B-QLoRA
ID_7216933992248038;20;rheumatic heart disease: 15 years;rheumatic heart disease (rej);0.944;0;sem match válido;Qwen3.5-4B-QLoRA
ID_7233767393471644;1;carbohydrate expression;cytodifferentiation stages (rej);0.338;0;sem match válido;Qwen3.5-4B-QLoRA
ID_7233767393471644;2;concanavalin a;cytodifferentiation stages (rej);0.304;0;sem match válido;Qwen3.5-4B-QLoRA
ID_7233767393471644;3;cytotoxicity;cytodifferentiation stages (rej);0.705;0;sem match válido;Qwen3.5-4B-QLoRA
ID_7233767393471644;4;cytokines;cytodifferentiation stages (rej);0.701;0;sem match válido;Qwen3.5-4B-QLoRA
ID_7233767393471644;5;differential diagnosis;inflammation (rej);0.368;0;sem match válido;Qwen3.5-4B-QLoRA
ID_7233767393471644;6;evaluation;quantify her-2 (rej);0.430;0;sem match válido;Qwen3.5-4B-QLoRA
ID_7233767393471644;7;expression patterns;morphological stages (rej);0.368;0;sem match válido;Qwen3.5-4B-QLoRA
ID_7233767393471644;8;galectin;sialylation (rej);0.455;0;sem match válido;Qwen3.5-4B-QLoRA
ID_7233767393471644;9;histochemistry reveals sna;lectin histochemistry (rej);0.718;0;sem match válido;Qwen3.5-4B-QLoRA
ID_7233767393471644;10;immunohistochemistry;immunohistochemistry;1.000;2;match válido;Qwen3.5-4B-QLoRA
ID_7233767393471644;11;immunohistochemical analyses;immunohistochemistry (rej);0.944;0;sem match válido;Qwen3.5-4B-QLoRA
ID_7233767393471644;12;lectin;leptin receptor (rej);0.807;0;sem match válido;Qwen3.5-4B-QLoRA
ID_7233767393471644;13;lectin histochemistry;lectin histochemistry;1.000;1;match válido;Qwen3.5-4B-QLoRA
ID_7233767393471644;14;lectin ligands;leptin receptor (rej);0.839;0;sem match válido;Qwen3.5-4B-QLoRA
ID_7233767393471644;15;lectins;leptin receptor (rej);0.657;0;sem match válido;Qwen3.5-4B-QLoRA
ID_7233767393471644;16;leptin;leptin receptor (rej);0.798;0;sem match válido;Qwen3.5-4B-QLoRA
ID_7233767393471644;17;leptin and lepr;leptin receptor;0.887;1;match válido;Qwen3.5-4B-QLoRA
ID_7233767393471644;18;leukocyte;leptin receptor (rej);0.705;0;sem match válido;Qwen3.5-4B-QLoRA
ID_7233767393471644;19;lymphoproliferative stimulation;leptin receptor (rej);0.493;0;sem match válido;Qwen3.5-4B-QLoRA
ID_7233767393471644;20;magnetic parkia pendula;parotid gland mucoepidermoid (rej);0.344;0;sem match válido;Qwen3.5-4B-QLoRA
ID_7249500407405478;1;brazilian clay;brazilian clay;1.000;2;match válido;Qwen3.5-4B-QLoRA
ID_7249500407405478;2;nanocomposites;nanocompósitos;0.946;3;match válido;Qwen3.5-4B-QLoRA
ID_7249500407405478;3;nanocomposites of nitrile;nanocompósitos (rej);0.734;0;sem match válido;Qwen3.5-4B-QLoRA
ID_7249500407405478;4;nanocomposites of polyethylene;polyethylene;0.866;2;match válido;Qwen3.5-4B-QLoRA
ID_7249500407405478;5;;;;;;Qwen3.5-4B-QLoRA
ID_7249500407405478;6;;;;;;Qwen3.5-4B-QLoRA
ID_7249500407405478;7;;;;;;Qwen3.5-4B-QLoRA
ID_7249500407405478;8;;;;;;Qwen3.5-4B-QLoRA
ID_7249500407405478;9;;;;;;Qwen3.5-4B-QLoRA
ID_7249500407405478;10;;;;;;Qwen3.5-4B-QLoRA
ID_7249500407405478;11;;;;;;Qwen3.5-4B-QLoRA
ID_7249500407405478;12;;;;;;Qwen3.5-4B-QLoRA
ID_7249500407405478;13;;;;;;Qwen3.5-4B-QLoRA
ID_7249500407405478;14;;;;;;Qwen3.5-4B-QLoRA
ID_7249500407405478;15;;;;;;Qwen3.5-4B-QLoRA
ID_7249500407405478;16;;;;;;Qwen3.5-4B-QLoRA
ID_7249500407405478;17;;;;;;Qwen3.5-4B-QLoRA
ID_7249500407405478;18;;;;;;Qwen3.5-4B-QLoRA
ID_7249500407405478;19;;;;;;Qwen3.5-4B-QLoRA
ID_7249500407405478;20;;;;;;Qwen3.5-4B-QLoRA
ID_7254844415865063;1;aqueous suspension copolymerization;suspension polymerization (rej);0.856;0;sem match válido;Qwen3.5-4B-QLoRA
ID_7254844415865063;2;aqueous suspension polymerization;suspension polymerization;0.941;3;match válido;Qwen3.5-4B-QLoRA
ID_7254844415865063;3;aqueous suspension polymerizations;suspension polymerization (rej);0.933;0;sem match válido;Qwen3.5-4B-QLoRA
ID_7254844415865063;4;chemical modification;chemical modification;1.000;2;match válido;Qwen3.5-4B-QLoRA
ID_7254844415865063;5;copolymer;porous copolymers network (rej);0.777;0;sem match válido;Qwen3.5-4B-QLoRA
ID_7254844415865063;6;copolymer beads;porous copolymers network (rej);0.697;0;sem match válido;Qwen3.5-4B-QLoRA
ID_7254844415865063;7;copolymer networks;porous copolymers network;0.844;3;match válido;Qwen3.5-4B-QLoRA
ID_7254844415865063;8;copolymerization;porous copolymers network (rej);0.732;0;sem match válido;Qwen3.5-4B-QLoRA
ID_7254844415865063;9;cross-linked resin;resíduo de polietileno (rej);0.626;0;sem match válido;Qwen3.5-4B-QLoRA
ID_7254844415865063;10;crosslinked copolymers;porous copolymers network (rej);0.696;0;sem match válido;Qwen3.5-4B-QLoRA
ID_7254844415865063;11;crosslinked resins;resíduo de polietileno (rej);0.593;0;sem match válido;Qwen3.5-4B-QLoRA
ID_7254844415865063;12;divinylbenzene;catalysis (rej);0.518;0;sem match válido;Qwen3.5-4B-QLoRA
ID_7254844415865063;13;functional porous microbeads;porous structure (rej);0.686;0;sem match válido;Qwen3.5-4B-QLoRA
ID_7254844415865063;14;infrared spectrometry;pyrene photochemical species (rej);0.407;0;sem match válido;Qwen3.5-4B-QLoRA
ID_7254844415865063;15;ir spectroscopy;catalysis (rej);0.548;0;sem match válido;Qwen3.5-4B-QLoRA
ID_7254844415865063;16;microscopic characterization;surface layer (rej);0.454;0;sem match válido;Qwen3.5-4B-QLoRA
ID_7254844415865063;17;network resin;porous copolymers network (rej);0.650;0;sem match válido;Qwen3.5-4B-QLoRA
ID_7254844415865063;18;network resins;porous copolymers network (rej);0.673;0;sem match válido;Qwen3.5-4B-QLoRA
ID_7254844415865063;19;networks based;porous copolymers network (rej);0.395;0;sem match válido;Qwen3.5-4B-QLoRA
ID_7254844415865063;20;optical microscopy;pyrene photochemical species (rej);0.386;0;sem match válido;Qwen3.5-4B-QLoRA
ID_7269889225548975;1;cosmology;cosmological particle production (rej);0.736;0;sem match válido;Qwen3.5-4B-QLoRA
ID_7269889225548975;2;dark energy;dark energy;1.000;3;match válido;Qwen3.5-4B-QLoRA
ID_7269889225548975;3;dark matter;dark matter;1.000;2;match válido;Qwen3.5-4B-QLoRA
ID_7269889225548975;4;dark sector;dark interaction (rej);0.719;0;sem match válido;Qwen3.5-4B-QLoRA
ID_7269889225548975;5;gravitational collapse;gravitational collapse;1.000;3;match válido;Qwen3.5-4B-QLoRA
ID_7269889225548975;6;gravitational waves;gravitational collapse (rej);0.782;0;sem match válido;Qwen3.5-4B-QLoRA
ID_7269889225548975;7;gravitation and cosmology;gravitational collapse (rej);0.694;0;sem match válido;Qwen3.5-4B-QLoRA
ID_7269889225548975;8;interacting vacuum energy;interacting vacuum energy;1.000;3;match válido;Qwen3.5-4B-QLoRA
ID_7269889225548975;9;open system cosmology;cosmological particle production (rej);0.640;0;sem match válido;Qwen3.5-4B-QLoRA
ID_7269889225548975;10;particle production;particle production;1.000;3;match válido;Qwen3.5-4B-QLoRA
ID_7269889225548975;11;scalar perturbations;tensorial perturbations (rej);0.607;0;sem match válido;Qwen3.5-4B-QLoRA
ID_7269889225548975;12;universe;naked singularity (rej);0.577;0;sem match válido;Qwen3.5-4B-QLoRA
ID_7269889225548975;13;vacuum energy;interacting vacuum energy (rej);0.925;0;sem match válido;Qwen3.5-4B-QLoRA
ID_7269889225548975;14;vacuum energy density;vacuum energy density;1.000;3;match válido;Qwen3.5-4B-QLoRA
ID_7269889225548975;15;vacuum energy model;decaying vacuum model;0.762;3;match válido;Qwen3.5-4B-QLoRA
ID_7269889225548975;16;gravitation and relativistic stars;gravitational collapse (rej);0.624;0;sem match válido;Qwen3.5-4B-QLoRA
ID_7269889225548975;17;gravitation and relativistic cosmology;gravitational collapse (rej);0.645;0;sem match válido;Qwen3.5-4B-QLoRA
ID_7269889225548975;18;;;;;;Qwen3.5-4B-QLoRA
ID_7269889225548975;19;;;;;;Qwen3.5-4B-QLoRA
ID_7269889225548975;20;;;;;;Qwen3.5-4B-QLoRA
ID_7299082066704598;1;amazonian forest;amazonian forest;1.000;3;match válido;Qwen3.5-4B-QLoRA
ID_7299082066704598;2;amazonian forest fragments;amazonian forest (rej);0.896;0;sem match válido;Qwen3.5-4B-QLoRA
ID_7299082066704598;3;amazonian forest fragments: a;amazonian forest (rej);0.899;0;sem match válido;Qwen3.5-4B-QLoRA
ID_7299082066704598;4;amazonian forest fragments: long-term;amazonian forest (rej);0.869;0;sem match válido;Qwen3.5-4B-QLoRA
ID_7299082066704598;5;amazonian forest fragments: a 32-year;amazonian forest (rej);0.887;0;sem match válido;Qwen3.5-4B-QLoRA
ID_7299082066704598;6;amazonian forest fragments: long-term changes;amazonian forest (rej);0.851;0;sem match válido;Qwen3.5-4B-QLoRA
ID_7299082066704598;7;biodiversity;species extinctions (rej);0.684;0;sem match válido;Qwen3.5-4B-QLoRA
ID_7299082066704598;8;biodiversity conservation;species extinctions (rej);0.662;0;sem match válido;Qwen3.5-4B-QLoRA
ID_7299082066704598;9;central amazon;amazon;0.900;2;match válido;Qwen3.5-4B-QLoRA
ID_7299082066704598;10;central amazonia;amazonian forest (rej);0.829;0;sem match válido;Qwen3.5-4B-QLoRA
ID_7299082066704598;11;edge effects;edge effects;1.000;3;match válido;Qwen3.5-4B-QLoRA
ID_7299082066704598;12;fragmentation;species in fragments (rej);0.615;0;sem match válido;Qwen3.5-4B-QLoRA
ID_7299082066704598;13;fragmentation effects;edge effects (rej);0.541;0;sem match válido;Qwen3.5-4B-QLoRA
ID_7299082066704598;14;forest fragmentation;secondary forests (rej);0.733;0;sem match válido;Qwen3.5-4B-QLoRA
ID_7299082066704598;15;forest fragments;secondary forests (rej);0.741;0;sem match válido;Qwen3.5-4B-QLoRA
ID_7299082066704598;16;forest tree;tropical forest tree;0.854;3;match válido;Qwen3.5-4B-QLoRA
ID_7299082066704598;17;forest tree saplings;mature forests (rej);0.781;0;sem match válido;Qwen3.5-4B-QLoRA
ID_7299082066704598;18;forest tree saplings with;mature forests (rej);0.756;0;sem match válido;Qwen3.5-4B-QLoRA
ID_7299082066704598;19;forest tree species;mature forests;0.812;3;match válido;Qwen3.5-4B-QLoRA
ID_7299082066704598;20;forest tree species with;pioneer tree species;0.787;3;match válido;Qwen3.5-4B-QLoRA
ID_7305428791149745;1;crystal structure;crystal structure;1.000;3;match válido;Qwen3.5-4B-QLoRA
ID_7305428791149745;2;crystallization;crystal structure (rej);0.871;0;sem match válido;Qwen3.5-4B-QLoRA
ID_7305428791149745;3;crystallization and structure;solving macromolecular crystal;0.765;3;match válido;Qwen3.5-4B-QLoRA
ID_7305428791149745;4;crystallography;crystallographic structures;0.912;3;match válido;Qwen3.5-4B-QLoRA
ID_7305428791149745;5;human catalase;protein (rej);0.319;0;sem match válido;Qwen3.5-4B-QLoRA
ID_7305428791149745;6;leucurolysin-a;quick cryo-soaking (rej);0.291;0;sem match válido;Qwen3.5-4B-QLoRA
ID_7305428791149745;7;leucurolysin-a crystal structure;crystal structure (rej);0.671;0;sem match válido;Qwen3.5-4B-QLoRA
ID_7305428791149745;8;leucurolysin-a crystallization;solving macromolecular crystal (rej);0.631;0;sem match válido;Qwen3.5-4B-QLoRA
ID_7305428791149745;9;leucurolysin-a x-ray diffraction;x-ray diffraction studies (rej);0.706;0;sem match válido;Qwen3.5-4B-QLoRA
ID_7305428791149745;10;leucurolysin-a x-ray diffraction studies;x-ray diffraction studies (rej);0.750;0;sem match válido;Qwen3.5-4B-QLoRA
ID_7305428791149745;11;leucurolysin-a x-ray studies;preliminary x-ray analysis (rej);0.492;0;sem match válido;Qwen3.5-4B-QLoRA
ID_7305428791149745;12;leucurolysin-a x-ray structure;x-ray structure (rej);0.615;0;sem match válido;Qwen3.5-4B-QLoRA
ID_7305428791149745;13;leucurolysin-a x-ray structure studies;x-ray structure (rej);0.622;0;sem match válido;Qwen3.5-4B-QLoRA
ID_7305428791149745;14;;;;;;Qwen3.5-4B-QLoRA
ID_7305428791149745;15;;;;;;Qwen3.5-4B-QLoRA
ID_7305428791149745;16;;;;;;Qwen3.5-4B-QLoRA
ID_7305428791149745;17;;;;;;Qwen3.5-4B-QLoRA
ID_7305428791149745;18;;;;;;Qwen3.5-4B-QLoRA
ID_7305428791149745;19;;;;;;Qwen3.5-4B-QLoRA
ID_7305428791149745;20;;;;;;Qwen3.5-4B-QLoRA
ID_7312223977002681;1;condensed matter: electrical, magnetic and optical;condensed matter: structural, mechanical & thermal  (rej);0.765;0;sem match válido;Qwen3.5-4B-QLoRA
ID_7312223977002681;2;condensed matter: structural, mechanical & thermal;condensed matter: structural, mechanical & thermal ;1.000;2;match válido;Qwen3.5-4B-QLoRA
ID_7312223977002681;3;;;;;;Qwen3.5-4B-QLoRA
ID_7312223977002681;4;;;;;;Qwen3.5-4B-QLoRA
ID_7312223977002681;5;;;;;;Qwen3.5-4B-QLoRA
ID_7312223977002681;6;;;;;;Qwen3.5-4B-QLoRA
ID_7312223977002681;7;;;;;;Qwen3.5-4B-QLoRA
ID_7312223977002681;8;;;;;;Qwen3.5-4B-QLoRA
ID_7312223977002681;9;;;;;;Qwen3.5-4B-QLoRA
ID_7312223977002681;10;;;;;;Qwen3.5-4B-QLoRA
ID_7312223977002681;11;;;;;;Qwen3.5-4B-QLoRA
ID_7312223977002681;12;;;;;;Qwen3.5-4B-QLoRA
ID_7312223977002681;13;;;;;;Qwen3.5-4B-QLoRA
ID_7312223977002681;14;;;;;;Qwen3.5-4B-QLoRA
ID_7312223977002681;15;;;;;;Qwen3.5-4B-QLoRA
ID_7312223977002681;16;;;;;;Qwen3.5-4B-QLoRA
ID_7312223977002681;17;;;;;;Qwen3.5-4B-QLoRA
ID_7312223977002681;18;;;;;;Qwen3.5-4B-QLoRA
ID_7312223977002681;19;;;;;;Qwen3.5-4B-QLoRA
ID_7312223977002681;20;;;;;;Qwen3.5-4B-QLoRA
ID_7430030311775522;1;brazilian metropolises;urban infrastructure (rej);0.576;0;sem match válido;Qwen3.5-4B-QLoRA
ID_7430030311775522;2;comparando estruturas sociais;social structure;0.926;3;match válido;Qwen3.5-4B-QLoRA
ID_7430030311775522;3;desigualdades sociais;social structure (rej);0.611;0;sem match válido;Qwen3.5-4B-QLoRA
ID_7430030311775522;4;personal networks;personal networks;1.000;3;match válido;Qwen3.5-4B-QLoRA
ID_7430030311775522;5;poverty;urban poverty (rej);0.843;0;sem match válido;Qwen3.5-4B-QLoRA
ID_7430030311775522;6;poverty and sociability;urban poverty (rej);0.733;0;sem match válido;Qwen3.5-4B-QLoRA
ID_7430030311775522;7;public policies;public policies;1.000;3;match válido;Qwen3.5-4B-QLoRA
ID_7430030311775522;8;redes sociais;redes sociais;1.000;3;match válido;Qwen3.5-4B-QLoRA
ID_7430030311775522;9;residential segregation;urban sociology (rej);0.596;0;sem match válido;Qwen3.5-4B-QLoRA
ID_7430030311775522;10;redes sociais e acesso;social network;0.848;3;match válido;Qwen3.5-4B-QLoRA
ID_7430030311775522;11;social network analysis;social network analysis;1.000;3;match válido;Qwen3.5-4B-QLoRA
ID_7430030311775522;12;social networks;social networks;1.000;3;match válido;Qwen3.5-4B-QLoRA
ID_7430030311775522;13;social networks and urban;social networks (rej);0.805;0;sem match válido;Qwen3.5-4B-QLoRA
ID_7430030311775522;14;social stratification;social structure (rej);0.795;0;sem match válido;Qwen3.5-4B-QLoRA
ID_7430030311775522;15;social segregation;social structure (rej);0.655;0;sem match válido;Qwen3.5-4B-QLoRA
ID_7430030311775522;16;sociability;social structure (rej);0.617;0;sem match válido;Qwen3.5-4B-QLoRA
ID_7430030311775522;17;sociability in brazilian;social structure (rej);0.519;0;sem match válido;Qwen3.5-4B-QLoRA
ID_7430030311775522;18;sociability in brazilian metropolises;urban sociology (rej);0.672;0;sem match válido;Qwen3.5-4B-QLoRA
ID_7430030311775522;19;urban poverty;urban poverty;1.000;3;match válido;Qwen3.5-4B-QLoRA
ID_7430030311775522;20;urban poverty in;urban poverty (rej);0.993;0;sem match válido;Qwen3.5-4B-QLoRA
ID_7456235597127456;1;deep levels fine;stoichiometric layer (rej);0.407;0;sem match válido;Qwen3.5-4B-QLoRA
ID_7456235597127456;2;deep level transient;stoichiometric layer (rej);0.408;0;sem match válido;Qwen3.5-4B-QLoRA
ID_7456235597127456;3;electrical activation;electrical activation;1.000;3;match válido;Qwen3.5-4B-QLoRA
ID_7456235597127456;4;electrical characterization;electrical characteristics (rej);0.933;0;sem match válido;Qwen3.5-4B-QLoRA
ID_7456235597127456;5;electrical properties;electrical characteristics;0.955;3;match válido;Qwen3.5-4B-QLoRA
ID_7456235597127456;6;electrical stability;electrical characteristics (rej);0.715;0;sem match válido;Qwen3.5-4B-QLoRA
ID_7456235597127456;7;interface states;electrical activation (rej);0.427;0;sem match válido;Qwen3.5-4B-QLoRA
ID_7456235597127456;8;ion beam synthesis;silicon (rej);0.383;0;sem match válido;Qwen3.5-4B-QLoRA
ID_7456235597127456;9;ion implantation;silicon (rej);0.400;0;sem match válido;Qwen3.5-4B-QLoRA
ID_7456235597127456;10;isolation process;thermal treatment (rej);0.318;0;sem match válido;Qwen3.5-4B-QLoRA
ID_7456235597127456;11;majority carriers;tem (rej);0.331;0;sem match válido;Qwen3.5-4B-QLoRA
ID_7456235597127456;12;majority carrier dlts;tem (rej);0.366;0;sem match válido;Qwen3.5-4B-QLoRA
ID_7456235597127456;13;nanowire growth;silicon carbide (rej);0.403;0;sem match válido;Qwen3.5-4B-QLoRA
ID_7456235597127456;14;n-type and p-type;n-type gaas layers (rej);0.474;0;sem match válido;Qwen3.5-4B-QLoRA
ID_7456235597127456;15;oxide film deposition;silicon carbide (rej);0.461;0;sem match válido;Qwen3.5-4B-QLoRA
ID_7456235597127456;16;oxide films;silicon carbide (rej);0.510;0;sem match válido;Qwen3.5-4B-QLoRA
ID_7456235597127456;17;oxide films deposition;silicon carbide (rej);0.471;0;sem match válido;Qwen3.5-4B-QLoRA
ID_7456235597127456;18;oxide films thermally;silicon carbide (rej);0.514;0;sem match válido;Qwen3.5-4B-QLoRA
ID_7456235597127456;19;oxide films thermally grown;silicon carbide (rej);0.466;0;sem match válido;Qwen3.5-4B-QLoRA
ID_7456235597127456;20;oxide layer;n-type gaas layers (rej);0.620;0;sem match válido;Qwen3.5-4B-QLoRA
ID_7464190101117707;1;dengue virus;dengue virus;1.000;3;match válido;Qwen3.5-4B-QLoRA
ID_7464190101117707;2;dengue virus fusion;dengue virus fusion;1.000;1;match válido;Qwen3.5-4B-QLoRA
ID_7464190101117707;3;dengue virus fusion peptide;dengue virus infection;0.798;3;match válido;Qwen3.5-4B-QLoRA
ID_7464190101117707;4;dengue virus fusion peptides;virus fusion peptide;0.804;2;match válido;Qwen3.5-4B-QLoRA
ID_7464190101117707;5;dengue virus ns3;dengue virus ns1;0.951;2;match válido;Qwen3.5-4B-QLoRA
ID_7464190101117707;6;dengue virus ns3 protein;dengue virus ns1 (rej);0.893;0;sem match válido;Qwen3.5-4B-QLoRA
ID_7464190101117707;7;dengue virus ns3 serine protease;dengue virus ns1 (rej);0.795;0;sem match válido;Qwen3.5-4B-QLoRA
ID_7464190101117707;8;dengue virus ns3 serine protease inhibitors;dengue virus ns1 (rej);0.736;0;sem match válido;Qwen3.5-4B-QLoRA
ID_7464190101117707;9;dengue virus ns3 serine proteases;dengue virus ns1 (rej);0.764;0;sem match válido;Qwen3.5-4B-QLoRA
ID_7464190101117707;10;dengue virus ns3 serine proteases inhibitors;inhibitors of dengue (rej);0.728;0;sem match válido;Qwen3.5-4B-QLoRA
ID_7464190101117707;11;;;;;;Qwen3.5-4B-QLoRA
ID_7464190101117707;12;;;;;;Qwen3.5-4B-QLoRA
ID_7464190101117707;13;;;;;;Qwen3.5-4B-QLoRA
ID_7464190101117707;14;;;;;;Qwen3.5-4B-QLoRA
ID_7464190101117707;15;;;;;;Qwen3.5-4B-QLoRA
ID_7464190101117707;16;;;;;;Qwen3.5-4B-QLoRA
ID_7464190101117707;17;;;;;;Qwen3.5-4B-QLoRA
ID_7464190101117707;18;;;;;;Qwen3.5-4B-QLoRA
ID_7464190101117707;19;;;;;;Qwen3.5-4B-QLoRA
ID_7464190101117707;20;;;;;;Qwen3.5-4B-QLoRA
ID_7471111924336519;1;connection admission control;connection admission control;1.000;2;match válido;Qwen3.5-4B-QLoRA
ID_7471111924336519;2;network performance evaluation;network performance evaluation;1.000;3;match válido;Qwen3.5-4B-QLoRA
ID_7471111924336519;3;network topologies;core network (rej);0.705;0;sem match válido;Qwen3.5-4B-QLoRA
ID_7471111924336519;4;networks with densely;core network (rej);0.646;0;sem match válido;Qwen3.5-4B-QLoRA
ID_7471111924336519;5;openflow;availability (rej);0.375;0;sem match válido;Qwen3.5-4B-QLoRA
ID_7471111924336519;6;openflow power hog;performance and availability (rej);0.397;0;sem match válido;Qwen3.5-4B-QLoRA
ID_7471111924336519;7;performance evaluation;performability;0.760;3;match válido;Qwen3.5-4B-QLoRA
ID_7471111924336519;8;performance evaluation tools;network performance evaluation (rej);0.724;0;sem match válido;Qwen3.5-4B-QLoRA
ID_7471111924336519;9;performance metrics;performability (rej);0.748;0;sem match válido;Qwen3.5-4B-QLoRA
ID_7471111924336519;10;software-defined networking;core network (rej);0.605;0;sem match válido;Qwen3.5-4B-QLoRA
ID_7471111924336519;11;software-defined networking (sdn);evolving sdn (rej);0.591;0;sem match válido;Qwen3.5-4B-QLoRA
ID_7471111924336519;12;software-defined networking (sdn) based;core network (rej);0.596;0;sem match válido;Qwen3.5-4B-QLoRA
ID_7471111924336519;13;;;;;;Qwen3.5-4B-QLoRA
ID_7471111924336519;14;;;;;;Qwen3.5-4B-QLoRA
ID_7471111924336519;15;;;;;;Qwen3.5-4B-QLoRA
ID_7471111924336519;16;;;;;;Qwen3.5-4B-QLoRA
ID_7471111924336519;17;;;;;;Qwen3.5-4B-QLoRA
ID_7471111924336519;18;;;;;;Qwen3.5-4B-QLoRA
ID_7471111924336519;19;;;;;;Qwen3.5-4B-QLoRA
ID_7471111924336519;20;;;;;;Qwen3.5-4B-QLoRA
ID_7506578377321090;1;bancos ativos;yield (rej);0.243;0;sem match válido;Qwen3.5-4B-QLoRA
ID_7506578377321090;2;citrus;citrus;1.000;2;match válido;Qwen3.5-4B-QLoRA
ID_7506578377321090;3;genetic divergence;diversidade genética;0.779;3;match válido;Qwen3.5-4B-QLoRA
ID_7506578377321090;4;genetic mapping;genetic markers (rej);0.804;0;sem match válido;Qwen3.5-4B-QLoRA
ID_7506578377321090;5;genetic mapping studies;genetic markers;0.824;2;match válido;Qwen3.5-4B-QLoRA
ID_7506578377321090;6;genomic analyses;genetic markers (rej);0.744;0;sem match válido;Qwen3.5-4B-QLoRA
ID_7506578377321090;7;genomic comparisons;genetic markers (rej);0.790;0;sem match válido;Qwen3.5-4B-QLoRA
ID_7506578377321090;8;genomic map;genetic markers (rej);0.618;0;sem match válido;Qwen3.5-4B-QLoRA
ID_7506578377321090;9;genomic maps;genetic markers (rej);0.616;0;sem match válido;Qwen3.5-4B-QLoRA
ID_7506578377321090;10;genomic map construction;genetic markers (rej);0.572;0;sem match válido;Qwen3.5-4B-QLoRA
ID_7506578377321090;11;genomic maps of citrus;citrus (rej);0.728;0;sem match válido;Qwen3.5-4B-QLoRA
ID_7506578377321090;12;genomic map construction strategy;genetic markers (rej);0.526;0;sem match válido;Qwen3.5-4B-QLoRA
ID_7506578377321090;13;genomic map construction strategies;genetic markers (rej);0.539;0;sem match válido;Qwen3.5-4B-QLoRA
ID_7506578377321090;14;;;;;;Qwen3.5-4B-QLoRA
ID_7506578377321090;15;;;;;;Qwen3.5-4B-QLoRA
ID_7506578377321090;16;;;;;;Qwen3.5-4B-QLoRA
ID_7506578377321090;17;;;;;;Qwen3.5-4B-QLoRA
ID_7506578377321090;18;;;;;;Qwen3.5-4B-QLoRA
ID_7506578377321090;19;;;;;;Qwen3.5-4B-QLoRA
ID_7506578377321090;20;;;;;;Qwen3.5-4B-QLoRA
ID_7527179767450432;1;genetic diversity;genetic diversity;1.000;2;match válido;Qwen3.5-4B-QLoRA
ID_7527179767450432;2;genetic mapping;genetic map;0.950;3;match válido;Qwen3.5-4B-QLoRA
ID_7527179767450432;3;genetic variability;genetic similarity;0.785;2;match válido;Qwen3.5-4B-QLoRA
ID_7527179767450432;4;genomic diversity;genetic diversity (rej);0.908;0;sem match válido;Qwen3.5-4B-QLoRA
ID_7527179767450432;5;genomic resources;genetic map (rej);0.675;0;sem match válido;Qwen3.5-4B-QLoRA
ID_7527179767450432;6;genomic resources of common;genetic map (rej);0.665;0;sem match válido;Qwen3.5-4B-QLoRA
ID_7527179767450432;7;genomic variation;genetic diversity (rej);0.806;0;sem match válido;Qwen3.5-4B-QLoRA
ID_7527179767450432;8;genotyping;genetic map (rej);0.749;0;sem match válido;Qwen3.5-4B-QLoRA
ID_7527179767450432;9;genotyping costs;genetic map (rej);0.545;0;sem match válido;Qwen3.5-4B-QLoRA
ID_7527179767450432;10;genotyping costs in soybean;tropical maize germplasm (rej);0.502;0;sem match válido;Qwen3.5-4B-QLoRA
ID_7527179767450432;11;genotyping costs in sugarcane;sugarcane transcriptome (rej);0.677;0;sem match válido;Qwen3.5-4B-QLoRA
ID_7527179767450432;12;genotypic characterization;genetic diversity (rej);0.784;0;sem match válido;Qwen3.5-4B-QLoRA
ID_7527179767450432;13;genotypic parameters;genetic diversity (rej);0.734;0;sem match válido;Qwen3.5-4B-QLoRA
ID_7527179767450432;14;genotypic variability;genetic diversity (rej);0.822;0;sem match válido;Qwen3.5-4B-QLoRA
ID_7527179767450432;15;genotyping errors;genetic map (rej);0.630;0;sem match válido;Qwen3.5-4B-QLoRA
ID_7527179767450432;16;genotyping errors in sugarcane;sugarcane transcriptome;0.761;1;match válido;Qwen3.5-4B-QLoRA
ID_7527179767450432;17;genotyping errors in soybean;tropical maize germplasm (rej);0.588;0;sem match válido;Qwen3.5-4B-QLoRA
ID_7527179767450432;18;;;;;;Qwen3.5-4B-QLoRA
ID_7527179767450432;19;;;;;;Qwen3.5-4B-QLoRA
ID_7527179767450432;20;;;;;;Qwen3.5-4B-QLoRA
ID_7532334620264577;1;acute renal failure;chronic kidney failure (rej);0.914;0;sem match válido;Qwen3.5-4B-QLoRA
ID_7532334620264577;2;chronic kidney;kidney;0.883;3;match válido;Qwen3.5-4B-QLoRA
ID_7532334620264577;3;chronic renal failure;chronic kidney failure;0.969;3;match válido;Qwen3.5-4B-QLoRA
ID_7532334620264577;4;endotoxin;nephrotoxicity (rej);0.550;0;sem match válido;Qwen3.5-4B-QLoRA
ID_7532334620264577;5;insulin secretion;perfil lipídico (rej);0.394;0;sem match válido;Qwen3.5-4B-QLoRA
ID_7532334620264577;6;insulin secretion and release;renal biological activity (rej);0.359;0;sem match válido;Qwen3.5-4B-QLoRA
ID_7532334620264577;7;isolated perfused rat;perfused rat kidneys (rej);0.653;0;sem match válido;Qwen3.5-4B-QLoRA
ID_7532334620264577;8;isolated perfused rat kidney;perfused rat kidneys;0.957;3;match válido;Qwen3.5-4B-QLoRA
ID_7532334620264577;9;isolated perfused rat mesenteric;perfused rat kidneys (rej);0.631;0;sem match válido;Qwen3.5-4B-QLoRA
ID_7532334620264577;10;isolated perfused rat mesenteric blood;perfused rat kidneys (rej);0.614;0;sem match válido;Qwen3.5-4B-QLoRA
ID_7532334620264577;11;leptospirosis;nephrotoxicity (rej);0.522;0;sem match válido;Qwen3.5-4B-QLoRA
ID_7532334620264577;12;leptospirosis-associated renal damage;chronic kidney failure (rej);0.690;0;sem match válido;Qwen3.5-4B-QLoRA
ID_7532334620264577;13;lactose affinity;natriuretic peptide (rej);0.428;0;sem match válido;Qwen3.5-4B-QLoRA
ID_7532334620264577;14;leishmaniasis;venom (rej);0.525;0;sem match válido;Qwen3.5-4B-QLoRA
ID_7532334620264577;15;leishmaniasis after specific;perfil lipídico (rej);0.465;0;sem match válido;Qwen3.5-4B-QLoRA
ID_7532334620264577;16;leishmaniasis and leprosy;nephrotoxicity (rej);0.407;0;sem match válido;Qwen3.5-4B-QLoRA
ID_7532334620264577;17;leishmaniasis and leprosy patients;nephrotoxicity (rej);0.388;0;sem match válido;Qwen3.5-4B-QLoRA
ID_7532334620264577;18;leishmaniasis and leprosy patients’;nephrotoxicity (rej);0.383;0;sem match válido;Qwen3.5-4B-QLoRA
ID_7532334620264577;19;leishmaniasis and leprosy’s;nephrotoxicity (rej);0.398;0;sem match válido;Qwen3.5-4B-QLoRA
ID_7532334620264577;20;leishmaniasis and leprosy’s patients;nephrotoxicity (rej);0.382;0;sem match válido;Qwen3.5-4B-QLoRA
ID_7572366766177648;1;amperometric sensor;amperometric sensor;1.000;3;match válido;Qwen3.5-4B-QLoRA
ID_7572366766177648;2;amperometric sensors;amperometric biosensor;0.843;3;match válido;Qwen3.5-4B-QLoRA
ID_7572366766177648;3;biosensor;biosensor;1.000;3;match válido;Qwen3.5-4B-QLoRA
ID_7572366766177648;4;carbon paste;modified carbon paste;0.956;3;match válido;Qwen3.5-4B-QLoRA
ID_7572366766177648;5;carbon paste electrode;carbon paste electrode;1.000;3;match válido;Qwen3.5-4B-QLoRA
ID_7572366766177648;6;carbon paste electrodes;carbon paste electrode (rej);0.991;0;sem match válido;Qwen3.5-4B-QLoRA
ID_7572366766177648;7;carbon paste electrodes modified;chemically modified electrodes;0.800;3;match válido;Qwen3.5-4B-QLoRA
ID_7572366766177648;8;carbon paste electrodes modified with;modified electrodes;0.767;3;match válido;Qwen3.5-4B-QLoRA
ID_7572366766177648;9;cyclic voltammetry;voltammetric sensor (rej);0.615;0;sem match válido;Qwen3.5-4B-QLoRA
ID_7572366766177648;10;electrocatalytic oxidation;electrocatalytic oxidation;1.000;3;match válido;Qwen3.5-4B-QLoRA
ID_7572366766177648;11;electrocatalytic oxidation reaction;electrocatalytic oxidation (rej);0.978;0;sem match válido;Qwen3.5-4B-QLoRA
ID_7572366766177648;12;electrocatalysis;electrocatalysis;1.000;3;match válido;Qwen3.5-4B-QLoRA
ID_7572366766177648;13;electrochemical and spectroscopic;electrochemical study;0.896;3;match válido;Qwen3.5-4B-QLoRA
ID_7572366766177648;14;electrochemical impedance;electrochemical property;0.830;3;match válido;Qwen3.5-4B-QLoRA
ID_7572366766177648;15;electrochemical impedance spectroscopy;electrochemical properties;0.801;3;match válido;Qwen3.5-4B-QLoRA
ID_7572366766177648;16;electrochemical impedance spectroscopy (eis);electroanalysis;0.780;3;match válido;Qwen3.5-4B-QLoRA
ID_7572366766177648;17;electrochemical impedance spectroscopy (eisz);electrochemical behavior;0.782;2;match válido;Qwen3.5-4B-QLoRA
ID_7572366766177648;18;electrochemical sensor;electrochemical sensor;1.000;3;match válido;Qwen3.5-4B-QLoRA
ID_7572366766177648;19;electrochemical sensors;electrochemical detection;0.882;3;match válido;Qwen3.5-4B-QLoRA
ID_7572366766177648;20;electrochemical sensors based;electrochemical sensor (rej);0.979;0;sem match válido;Qwen3.5-4B-QLoRA
ID_7594033934995220;1;asteraceae;taxons da flora (rej);0.658;0;sem match válido;Qwen3.5-4B-QLoRA
ID_7594033934995220;2;caatinga;zona da mata (rej);0.511;0;sem match válido;Qwen3.5-4B-QLoRA
ID_7594033934995220;3;florística preliminar;florística em trechos (rej);0.863;0;sem match válido;Qwen3.5-4B-QLoRA
ID_7594033934995220;4;florística preliminar e arquitetura;florística em trechos (rej);0.771;0;sem match válido;Qwen3.5-4B-QLoRA
ID_7594033934995220;5;floristicas entre localidades;florística em trechos (rej);0.823;0;sem match válido;Qwen3.5-4B-QLoRA
ID_7594033934995220;6;floristicos de trechos;florística em trechos;0.944;1;match válido;Qwen3.5-4B-QLoRA
ID_7594033934995220;7;floristicos nos domínios;inventário florístico;0.821;3;match válido;Qwen3.5-4B-QLoRA
ID_7594033934995220;8;;;;;;Qwen3.5-4B-QLoRA
ID_7594033934995220;9;;;;;;Qwen3.5-4B-QLoRA
ID_7594033934995220;10;;;;;;Qwen3.5-4B-QLoRA
ID_7594033934995220;11;;;;;;Qwen3.5-4B-QLoRA
ID_7594033934995220;12;;;;;;Qwen3.5-4B-QLoRA
ID_7594033934995220;13;;;;;;Qwen3.5-4B-QLoRA
ID_7594033934995220;14;;;;;;Qwen3.5-4B-QLoRA
ID_7594033934995220;15;;;;;;Qwen3.5-4B-QLoRA
ID_7594033934995220;16;;;;;;Qwen3.5-4B-QLoRA
ID_7594033934995220;17;;;;;;Qwen3.5-4B-QLoRA
ID_7594033934995220;18;;;;;;Qwen3.5-4B-QLoRA
ID_7594033934995220;19;;;;;;Qwen3.5-4B-QLoRA
ID_7594033934995220;20;;;;;;Qwen3.5-4B-QLoRA
ID_7606805059403041;1;air traffic control;air traffic control;1.000;3;match válido;Qwen3.5-4B-QLoRA
ID_7606805059403041;2;code inspection;inspection checklist;0.763;2;match válido;Qwen3.5-4B-QLoRA
ID_7606805059403041;3;computer systems;segurança em sistemas (rej);0.538;0;sem match válido;Qwen3.5-4B-QLoRA
ID_7606805059403041;4;critical applications;safety-critical applications (rej);0.646;0;sem match válido;Qwen3.5-4B-QLoRA
ID_7606805059403041;5;critical systems;segurança em sistemas (rej);0.551;0;sem match válido;Qwen3.5-4B-QLoRA
ID_7606805059403041;6;critical systems safety;safety-critical;0.851;3;match válido;Qwen3.5-4B-QLoRA
ID_7606805059403041;7;critical systems security;segurança em sistemas;0.916;3;match válido;Qwen3.5-4B-QLoRA
ID_7606805059403041;8;defense programming;security concept (rej);0.601;0;sem match válido;Qwen3.5-4B-QLoRA
ID_7606805059403041;9;engineering education;requisitos em projetos (rej);0.420;0;sem match válido;Qwen3.5-4B-QLoRA
ID_7606805059403041;10;formal parameter synthesis;proposed methodology (rej);0.515;0;sem match válido;Qwen3.5-4B-QLoRA
ID_7606805059403041;11;global air traffic;air traffic system;0.813;3;match válido;Qwen3.5-4B-QLoRA
ID_7606805059403041;12;integration of autonomous;autonomous uass (rej);0.750;0;sem match válido;Qwen3.5-4B-QLoRA
ID_7606805059403041;13;information systems;segurança em sistemas (rej);0.520;0;sem match válido;Qwen3.5-4B-QLoRA
ID_7606805059403041;14;inspection for safety-critical;safety assessment;0.860;3;match válido;Qwen3.5-4B-QLoRA
ID_7606805059403041;15;knowledge-based systems;proposed methodology (rej);0.366;0;sem match válido;Qwen3.5-4B-QLoRA
ID_7606805059403041;16;knowledge-based systems engineering;software development management (rej);0.455;0;sem match válido;Qwen3.5-4B-QLoRA
ID_7606805059403041;17;multiagent paradigm;atm (rej);0.467;0;sem match válido;Qwen3.5-4B-QLoRA
ID_7606805059403041;18;;;;;;Qwen3.5-4B-QLoRA
ID_7606805059403041;19;;;;;;Qwen3.5-4B-QLoRA
ID_7606805059403041;20;;;;;;Qwen3.5-4B-QLoRA
ID_7721483148298785;1;bacias hidrográficas;river basins;0.868;2;match válido;Qwen3.5-4B-QLoRA
ID_7721483148298785;2;basin;river basins (rej);0.565;0;sem match válido;Qwen3.5-4B-QLoRA
ID_7721483148298785;3;basin hydrology;hydrological model;0.822;3;match válido;Qwen3.5-4B-QLoRA
ID_7721483148298785;4;brazil;bacia amazônica (rej);0.575;0;sem match válido;Qwen3.5-4B-QLoRA
ID_7721483148298785;5;climate change;hydrological model (rej);0.369;0;sem match válido;Qwen3.5-4B-QLoRA
ID_7721483148298785;6;climate change impacts;hydrological model (rej);0.358;0;sem match válido;Qwen3.5-4B-QLoRA
ID_7721483148298785;7;climate-induced socio-hydrological transition;hydrological model (rej);0.560;0;sem match válido;Qwen3.5-4B-QLoRA
ID_7721483148298785;8;data-driven hydrological modeling;hydrological modelling;0.918;3;match válido;Qwen3.5-4B-QLoRA
ID_7721483148298785;9;desertification;semiarid region (rej);0.505;0;sem match válido;Qwen3.5-4B-QLoRA
ID_7721483148298785;10;desertification susceptibility;semiarid region (rej);0.437;0;sem match válido;Qwen3.5-4B-QLoRA
ID_7721483148298785;11;estimation of evapotranspiration;hydrological model (rej);0.510;0;sem match válido;Qwen3.5-4B-QLoRA
ID_7721483148298785;12;estimation of evapotranspiration rate;hydrological model (rej);0.497;0;sem match válido;Qwen3.5-4B-QLoRA
ID_7721483148298785;13;evapotranspiration;hydrological model (rej);0.445;0;sem match válido;Qwen3.5-4B-QLoRA
ID_7721483148298785;14;evapotranspiration rate;hydrological model (rej);0.461;0;sem match válido;Qwen3.5-4B-QLoRA
ID_7721483148298785;15;flood;river basins (rej);0.586;0;sem match válido;Qwen3.5-4B-QLoRA
ID_7721483148298785;16;flood forecasting;hydrological modelling (rej);0.655;0;sem match válido;Qwen3.5-4B-QLoRA
ID_7721483148298785;17;flood risk;hydrological model (rej);0.548;0;sem match válido;Qwen3.5-4B-QLoRA
ID_7721483148298785;18;flood risk management;hydrological model (rej);0.543;0;sem match válido;Qwen3.5-4B-QLoRA
ID_7721483148298785;19;floods;river basins (rej);0.628;0;sem match válido;Qwen3.5-4B-QLoRA
ID_7721483148298785;20;flash flood;river basins (rej);0.468;0;sem match válido;Qwen3.5-4B-QLoRA
ID_7740917144757410;1;artificial satellites;artificial satellite;0.969;3;match válido;Qwen3.5-4B-QLoRA
ID_7740917144757410;2;artificial satellites dynamics;rotational motion of artificial satellites;0.851;3;match válido;Qwen3.5-4B-QLoRA
ID_7740917144757410;3;artificial satellites orbits;orbitais de satélites;0.917;1;match válido;Qwen3.5-4B-QLoRA
ID_7740917144757410;4;critical inclination;critical inclination;1.000;3;match válido;Qwen3.5-4B-QLoRA
ID_7740917144757410;5;critical semi-major axis;critical inclination (rej);0.529;0;sem match válido;Qwen3.5-4B-QLoRA
ID_7740917144757410;6;determinação de órbita;orbit determination;0.967;3;match válido;Qwen3.5-4B-QLoRA
ID_7740917144757410;7;dynamics of artificial;equations of motion (rej);0.608;0;sem match válido;Qwen3.5-4B-QLoRA
ID_7740917144757410;8;dynamics of satellites;órbitas de satélites;0.836;3;match válido;Qwen3.5-4B-QLoRA
ID_7740917144757410;9;equation;equations of motion (rej);0.625;0;sem match válido;Qwen3.5-4B-QLoRA
ID_7740917144757410;10;equilibrium point;stability (rej);0.559;0;sem match válido;Qwen3.5-4B-QLoRA
ID_7740917144757410;11;equilibrium points;lagrange points (rej);0.575;0;sem match válido;Qwen3.5-4B-QLoRA
ID_7740917144757410;12;extended kalman filter;unscented kalman filter;0.846;3;match válido;Qwen3.5-4B-QLoRA
ID_7740917144757410;13;extended kalman filters;unscented kalman filter (rej);0.842;0;sem match válido;Qwen3.5-4B-QLoRA
ID_7740917144757410;14;frozen orbits;frozen orbits;1.000;3;match válido;Qwen3.5-4B-QLoRA
ID_7740917144757410;15;gravity gradient;gravity gradient;1.000;3;match válido;Qwen3.5-4B-QLoRA
ID_7740917144757410;16;gravity gradient torque;gravity gradient (rej);0.885;0;sem match válido;Qwen3.5-4B-QLoRA
ID_7740917144757410;17;gravity gradient torque perturbation;gravity gradient (rej);0.820;0;sem match válido;Qwen3.5-4B-QLoRA
ID_7740917144757410;18;gravity gradient torque perturbation theory;gravity gradient (rej);0.760;0;sem match válido;Qwen3.5-4B-QLoRA
ID_7740917144757410;19;gravity gradient theory;gravity gradient (rej);0.951;0;sem match válido;Qwen3.5-4B-QLoRA
ID_7740917144757410;20;gps constellation;gps satellites;0.778;3;match válido;Qwen3.5-4B-QLoRA
ID_7881527576747420;1;connective tissue;connective tissue;1.000;3;match válido;Qwen3.5-4B-QLoRA
ID_7881527576747420;2;connective tissue papillae;connective tissue (rej);0.766;0;sem match válido;Qwen3.5-4B-QLoRA
ID_7881527576747420;3;connective tissue papillae layer;connective tissue (rej);0.744;0;sem match válido;Qwen3.5-4B-QLoRA
ID_7881527576747420;4;connective tissue papillae layers;connective tissue (rej);0.744;0;sem match válido;Qwen3.5-4B-QLoRA
ID_7881527576747420;5;connective tissue papillae of tongue;tongue papillae;0.860;2;match válido;Qwen3.5-4B-QLoRA
ID_7881527576747420;6;connective tissue papillae’s;filiform papillae;0.756;2;match válido;Qwen3.5-4B-QLoRA
ID_7881527576747420;7;connective tissue papillae’s layer;filiform papillae (rej);0.731;0;sem match válido;Qwen3.5-4B-QLoRA
ID_7881527576747420;8;connective tissue’s papillae;connective tissue (rej);0.789;0;sem match válido;Qwen3.5-4B-QLoRA
ID_7881527576747420;9;connective tissue’s papillae layer;connective tissue (rej);0.764;0;sem match válido;Qwen3.5-4B-QLoRA
ID_7881527576747420;10;connective tissue’s papillae’s layer;connective tissue (rej);0.758;0;sem match válido;Qwen3.5-4B-QLoRA
ID_7881527576747420;11;connective tissue’s papillae’s layers;connective tissue (rej);0.756;0;sem match válido;Qwen3.5-4B-QLoRA
ID_7881527576747420;12;;;;;;Qwen3.5-4B-QLoRA
ID_7881527576747420;13;;;;;;Qwen3.5-4B-QLoRA
ID_7881527576747420;14;;;;;;Qwen3.5-4B-QLoRA
ID_7881527576747420;15;;;;;;Qwen3.5-4B-QLoRA
ID_7881527576747420;16;;;;;;Qwen3.5-4B-QLoRA
ID_7881527576747420;17;;;;;;Qwen3.5-4B-QLoRA
ID_7881527576747420;18;;;;;;Qwen3.5-4B-QLoRA
ID_7881527576747420;19;;;;;;Qwen3.5-4B-QLoRA
ID_7881527576747420;20;;;;;;Qwen3.5-4B-QLoRA
ID_7927416076958362;1;galaxy: structure;galaxy: structure;1.000;3;match válido;Qwen3.5-4B-QLoRA
ID_7927416076958362;2;galaxy: kinematics and dynamics;galaxy: structure (rej);0.758;0;sem match válido;Qwen3.5-4B-QLoRA
ID_7927416076958362;3;galactic structure;galaxy: structure (rej);0.948;0;sem match válido;Qwen3.5-4B-QLoRA
ID_7927416076958362;4;galactic structure, spiral arms;galaxy: structure (rej);0.836;0;sem match válido;Qwen3.5-4B-QLoRA
ID_7927416076958362;5;galactic structure, spiral arms, corotation;galaxy: structure (rej);0.831;0;sem match válido;Qwen3.5-4B-QLoRA
ID_7927416076958362;6;galactic structure, spiral arms, corotation radius;galaxy: structure (rej);0.806;0;sem match válido;Qwen3.5-4B-QLoRA
ID_7927416076958362;7;galactic spiral structure;spiral structure;0.848;3;match válido;Qwen3.5-4B-QLoRA
ID_7927416076958362;8;galaxy: spiral structure;galaxy: structure (rej);0.883;0;sem match válido;Qwen3.5-4B-QLoRA
ID_7927416076958362;9;galaxy: spiral structure, corotation;galaxy: structure (rej);0.851;0;sem match válido;Qwen3.5-4B-QLoRA
ID_7927416076958362;10;galaxy: spiral structure, corotation radius;galaxy: structure (rej);0.817;0;sem match válido;Qwen3.5-4B-QLoRA
ID_7927416076958362;11;galaxy: structure, spiral arms;galaxy: structure (rej);0.892;0;sem match válido;Qwen3.5-4B-QLoRA
ID_7927416076958362;12;galaxy: spiral structure, spiral arms;galaxy: structure (rej);0.836;0;sem match válido;Qwen3.5-4B-QLoRA
ID_7927416076958362;13;galaxy: spiral structure, spiral arms, corotation;galaxy: structure (rej);0.828;0;sem match válido;Qwen3.5-4B-QLoRA
ID_7927416076958362;14;galaxy: spiral structure, spiral arms, corotation radius;galaxy: structure (rej);0.812;0;sem match válido;Qwen3.5-4B-QLoRA
ID_7927416076958362;15;galaxy: spiral structure, spiral arms, corotation radius, spiral pattern rotation speed;spiral structure (rej);0.779;0;sem match válido;Qwen3.5-4B-QLoRA
ID_7927416076958362;16;galaxy: spiral structure, spiral arms, spiral pattern rotation speed;spiral structure (rej);0.788;0;sem match válido;Qwen3.5-4B-QLoRA
ID_7927416076958362;17;galaxy: spiral structure, spiral arms, spiral pattern rotation speed, spiral pattern rotation;spiral pattern rotation;0.799;3;match válido;Qwen3.5-4B-QLoRA
ID_7927416076958362;18;galaxy: spiral structure, spiral arms, spiral pattern rotation speed, spiral pattern rotation speed;spiral structure (rej);0.802;0;sem match válido;Qwen3.5-4B-QLoRA
ID_7927416076958362;19;galaxy: spiral structure, spiral arms, spiral pattern rotation speed, spiral pattern rotation speed, spiral structure;spiral structure (rej);0.813;0;sem match válido;Qwen3.5-4B-QLoRA
ID_7927416076958362;20;galaxy: spiral structure, spiral arms, spiral pattern rotation speed, spiral pattern rotation speed, spiral structure, spiral arms;spiral structure (rej);0.793;0;sem match válido;Qwen3.5-4B-QLoRA
ID_7927685281122435;1;acoustic wave equation;wave equation method;0.798;3;match válido;Qwen3.5-4B-QLoRA
ID_7927685281122435;2;chebyshev expansion;rapid expansion (rej);0.593;0;sem match válido;Qwen3.5-4B-QLoRA
ID_7927685281122435;3;depth migration;depth migration;1.000;2;match válido;Qwen3.5-4B-QLoRA
ID_7927685281122435;4;depth migration using complex;prestack depth migration;0.828;3;match válido;Qwen3.5-4B-QLoRA
ID_7927685281122435;5;elastic wave equation;wave equation;0.829;2;match válido;Qwen3.5-4B-QLoRA
ID_7927685281122435;6;finite-difference;recursive spatial derivative (rej);0.491;0;sem match válido;Qwen3.5-4B-QLoRA
ID_7927685281122435;7;hybrid pseudospectral/finite-difference scheme;split-step phase shift plus interpolation (rej);0.550;0;sem match válido;Qwen3.5-4B-QLoRA
ID_7927685281122435;8;inverse scattering transform;wave equation migration (rej);0.512;0;sem match válido;Qwen3.5-4B-QLoRA
ID_7927685281122435;9;inverse wave transform;wave equation (rej);0.736;0;sem match válido;Qwen3.5-4B-QLoRA
ID_7927685281122435;10;inverse wavelet transform;wave equation (rej);0.714;0;sem match válido;Qwen3.5-4B-QLoRA
ID_7927685281122435;11;imageamento sismico;pré-empilhamento em profundidade (rej);0.450;0;sem match válido;Qwen3.5-4B-QLoRA
ID_7927685281122435;12;imaging condition;stabilized least-squares imaging (rej);0.640;0;sem match válido;Qwen3.5-4B-QLoRA
ID_7927685281122435;13;migracao de dados;prestack migration (rej);0.780;0;sem match válido;Qwen3.5-4B-QLoRA
ID_7927685281122435;14;migracao em profundidade;depth migration (rej);0.872;0;sem match válido;Qwen3.5-4B-QLoRA
ID_7927685281122435;15;migracao em meios;migration;0.944;3;match válido;Qwen3.5-4B-QLoRA
ID_7927685281122435;16;migracao em duas;migration (rej);0.872;0;sem match válido;Qwen3.5-4B-QLoRA
ID_7927685281122435;17;migracao pre-empilhamento;migração pré-empilhamento;0.988;2;match válido;Qwen3.5-4B-QLoRA
ID_7927685281122435;18;migracao reversa;prestack migration;0.802;2;match válido;Qwen3.5-4B-QLoRA
ID_7927685281122435;19;migracao reversa no;migration (rej);0.833;0;sem match válido;Qwen3.5-4B-QLoRA
ID_7927685281122435;20;migracao sismica;migração pré-empilhamento (rej);0.684;0;sem match válido;Qwen3.5-4B-QLoRA
ID_7930540518087267;1;broiler chickens;broiler chicks;0.865;3;match válido;Qwen3.5-4B-QLoRA
ID_7930540518087267;2;broiler performance;broiler chicks (rej);0.589;0;sem match válido;Qwen3.5-4B-QLoRA
ID_7930540518087267;3;digestibility;digestibility;1.000;2;match válido;Qwen3.5-4B-QLoRA
ID_7930540518087267;4;digestible lysine levels;ácido l-glutâmico (rej);0.658;0;sem match válido;Qwen3.5-4B-QLoRA
ID_7930540518087267;5;energy requirements;valores energéticos;0.812;3;match válido;Qwen3.5-4B-QLoRA
ID_7930540518087267;6;feed conversion ratio;alternative feedstuffs (rej);0.575;0;sem match válido;Qwen3.5-4B-QLoRA
ID_7930540518087267;7;industrial amino acids;amino acids;0.912;2;match válido;Qwen3.5-4B-QLoRA
ID_7930540518087267;8;lysine levels;ácido l-glutâmico (rej);0.684;0;sem match válido;Qwen3.5-4B-QLoRA
ID_7930540518087267;9;metabolizable energy;valores energéticos (rej);0.656;0;sem match válido;Qwen3.5-4B-QLoRA
ID_7930540518087267;10;nutrition;nutrition;1.000;1;match válido;Qwen3.5-4B-QLoRA
ID_7930540518087267;11;nutrition and feed;nutritional requirement;0.886;2;match válido;Qwen3.5-4B-QLoRA
ID_7930540518087267;12;performance;performance;1.000;3;match válido;Qwen3.5-4B-QLoRA
ID_7930540518087267;13;performance and yield;performance (rej);0.682;0;sem match válido;Qwen3.5-4B-QLoRA
ID_7930540518087267;14;performance characteristics;performance (rej);0.853;0;sem match válido;Qwen3.5-4B-QLoRA
ID_7930540518087267;15;poedeiras leves;frangos de corte (rej);0.726;0;sem match válido;Qwen3.5-4B-QLoRA
ID_7930540518087267;16;protein requirements;ideal protein;0.786;3;match válido;Qwen3.5-4B-QLoRA
ID_7930540518087267;17;quail;poultry (rej);0.588;0;sem match válido;Qwen3.5-4B-QLoRA
ID_7930540518087267;18;quail chicks;poultry;0.768;2;match válido;Qwen3.5-4B-QLoRA
ID_7930540518087267;19;quail chicks performance;poultry (rej);0.720;0;sem match válido;Qwen3.5-4B-QLoRA
ID_7930540518087267;20;quail diets;poultry (rej);0.640;0;sem match válido;Qwen3.5-4B-QLoRA
ID_7967486980814458;1;bipolar disorder;bipolar disorder;1.000;3;match válido;Qwen3.5-4B-QLoRA
ID_7967486980814458;2;bipolar disorder patients;bipolar disorder (rej);0.964;0;sem match válido;Qwen3.5-4B-QLoRA
ID_7967486980814458;3;biological rhythms;rhythm score (rej);0.669;0;sem match válido;Qwen3.5-4B-QLoRA
ID_7967486980814458;4;brain-derived neurotrophic factor;serum brain-derived neurotrophic;0.847;2;match válido;Qwen3.5-4B-QLoRA
ID_7967486980814458;5;cognition;cognitive impairment (rej);0.726;0;sem match válido;Qwen3.5-4B-QLoRA
ID_7967486980814458;6;cognition and memory;cognitive impairment (rej);0.645;0;sem match válido;Qwen3.5-4B-QLoRA
ID_7967486980814458;7;depression;depression;1.000;3;match válido;Qwen3.5-4B-QLoRA
ID_7967486980814458;8;depression and bipolar;bipolar disorder (rej);0.943;0;sem match válido;Qwen3.5-4B-QLoRA
ID_7967486980814458;9;depressive episodes;depression (rej);0.880;0;sem match válido;Qwen3.5-4B-QLoRA
ID_7967486980814458;10;diagnosis;analyzing patients (rej);0.684;0;sem match válido;Qwen3.5-4B-QLoRA
ID_7967486980814458;11;drug-free patients;drug-free and medicated;0.896;2;match válido;Qwen3.5-4B-QLoRA
ID_7967486980814458;12;euthymia;pathophysiology (rej);0.553;0;sem match válido;Qwen3.5-4B-QLoRA
ID_7967486980814458;13;executive function;strategies in episodic (rej);0.435;0;sem match válido;Qwen3.5-4B-QLoRA
ID_7967486980814458;14;family caregivers;disability (rej);0.445;0;sem match válido;Qwen3.5-4B-QLoRA
ID_7967486980814458;15;functional impairment;cognitive impairment;0.787;3;match válido;Qwen3.5-4B-QLoRA
ID_7967486980814458;16;hippocampal neurotrophin-3 levels;serum and hippocampal;0.801;3;match válido;Qwen3.5-4B-QLoRA
ID_7967486980814458;17;incidental contextual memory;short functioning (rej);0.450;0;sem match válido;Qwen3.5-4B-QLoRA
ID_7967486980814458;18;manic and depressive;manic and depressive;1.000;2;match válido;Qwen3.5-4B-QLoRA
ID_7967486980814458;19;memory;short functioning (rej);0.454;0;sem match válido;Qwen3.5-4B-QLoRA
ID_7967486980814458;20;memory deficits;cognitive impairment (rej);0.647;0;sem match válido;Qwen3.5-4B-QLoRA
ID_8047078292358267;1;allelopathy;allelopathy;1.000;3;match válido;Qwen3.5-4B-QLoRA
ID_8047078292358267;2;allelopathic effect;allelophatic effects;0.949;3;match válido;Qwen3.5-4B-QLoRA
ID_8047078292358267;3;essential oil;naftoquinonas do caule (rej);0.554;0;sem match válido;Qwen3.5-4B-QLoRA
ID_8047078292358267;4;essential oils;naftoquinonas do caule (rej);0.549;0;sem match válido;Qwen3.5-4B-QLoRA
ID_8047078292358267;5;furoquinoline alkaloid;coumarins and alkaloids;0.802;3;match válido;Qwen3.5-4B-QLoRA
ID_8047078292358267;6;furoquinoline alkaloids;coumarins and alkaloids (rej);0.800;0;sem match válido;Qwen3.5-4B-QLoRA
ID_8047078292358267;7;furoquinoline alkaloids from zanthoxylum;zanthoxylum rhoifolium (rej);0.745;0;sem match válido;Qwen3.5-4B-QLoRA
ID_8047078292358267;8;germination inhibition;germination;0.779;3;match válido;Qwen3.5-4B-QLoRA
ID_8047078292358267;9;inhibition of germination;seed germination;0.763;3;match válido;Qwen3.5-4B-QLoRA
ID_8047078292358267;10;inhibitory effect;inhibitory potential;0.827;2;match válido;Qwen3.5-4B-QLoRA
ID_8047078292358267;11;inhibitory allelopathic effects;allelopathic activity (rej);0.848;0;sem match válido;Qwen3.5-4B-QLoRA
ID_8047078292358267;12;nuclear magnetic resonance;13c nmr spectral (rej);0.545;0;sem match válido;Qwen3.5-4B-QLoRA
ID_8047078292358267;13;nuclear magnetic resonance spectra;nmr spectral data (rej);0.661;0;sem match válido;Qwen3.5-4B-QLoRA
ID_8047078292358267;14;phragmalin limonoids;protolimonoid. (rej);0.658;0;sem match válido;Qwen3.5-4B-QLoRA
ID_8047078292358267;15;potential allelopathic;allelopathic activity;0.881;3;match válido;Qwen3.5-4B-QLoRA
ID_8047078292358267;16;potential allelopathic effect;allelophatic effects (rej);0.927;0;sem match válido;Qwen3.5-4B-QLoRA
ID_8047078292358267;17;protolimonoid and lignans;protolimonoid and lignans;1.000;3;match válido;Qwen3.5-4B-QLoRA
ID_8047078292358267;18;rotene;timbó (rej);0.722;0;sem match válido;Qwen3.5-4B-QLoRA
ID_8047078292358267;19;rotene and limonoid;rotenoid;0.794;3;match válido;Qwen3.5-4B-QLoRA
ID_8047078292358267;20;rotene and swietephragmin;rotenoid (rej);0.743;0;sem match válido;Qwen3.5-4B-QLoRA
ID_8049184468038869;1;acute coronary syndrome;coronary;0.845;2;match válido;Qwen3.5-4B-QLoRA
ID_8049184468038869;2;acute coronary syndromes;coronary (rej);0.829;0;sem match válido;Qwen3.5-4B-QLoRA
ID_8049184468038869;3;acute myocardial infarction;myocardial infarction;0.982;3;match válido;Qwen3.5-4B-QLoRA
ID_8049184468038869;4;autonomic dysfunction;autonomic dysfunction;1.000;3;match válido;Qwen3.5-4B-QLoRA
ID_8049184468038869;5;autonomic dysfunction and oxidative;autonomic dysfunction (rej);0.750;0;sem match válido;Qwen3.5-4B-QLoRA
ID_8049184468038869;6;cardiovascular autonomic dysfunction;cardiovascular autonomic dysfunction;1.000;3;match válido;Qwen3.5-4B-QLoRA
ID_8049184468038869;7;cardiovascular autonomic modulation;cardiovascular autonomic control;0.906;3;match válido;Qwen3.5-4B-QLoRA
ID_8049184468038869;8;cardiovascular autonomic responses;cardiovascular and autonomic;0.929;3;match válido;Qwen3.5-4B-QLoRA
ID_8049184468038869;9;cardiovascular responses;cardiac function;0.800;3;match válido;Qwen3.5-4B-QLoRA
ID_8049184468038869;10;cardiovascular system;cardiovascular dysfunction;0.851;3;match válido;Qwen3.5-4B-QLoRA
ID_8049184468038869;11;diabetes;diabetes;1.000;3;match válido;Qwen3.5-4B-QLoRA
ID_8049184468038869;12;diabetic patients;diabetes mellitus;0.898;3;match válido;Qwen3.5-4B-QLoRA
ID_8049184468038869;13;endothelial dysfunction;venous endothelial function (rej);0.823;0;sem match válido;Qwen3.5-4B-QLoRA
ID_8049184468038869;14;endothelial dysfunction in diabetes;diabetes mellitus (rej);0.804;0;sem match válido;Qwen3.5-4B-QLoRA
ID_8049184468038869;15;endothelial dysfunction in patients;venous endothelial function (rej);0.771;0;sem match válido;Qwen3.5-4B-QLoRA
ID_8049184468038869;16;endothelial function;venous endothelial function;0.905;3;match válido;Qwen3.5-4B-QLoRA
ID_8049184468038869;17;endothelial function and autonomic;venous endothelial function (rej);0.784;0;sem match válido;Qwen3.5-4B-QLoRA
ID_8049184468038869;18;endothelial function and autonomic modulation;venous endothelial function (rej);0.752;0;sem match válido;Qwen3.5-4B-QLoRA
ID_8049184468038869;19;endothelial function in diabetes;diabetes mellitus (rej);0.787;0;sem match válido;Qwen3.5-4B-QLoRA
ID_8049184468038869;20;endothelial function in patients;venous endothelial function (rej);0.875;0;sem match válido;Qwen3.5-4B-QLoRA
ID_8192385731123737;1;gene silencing;gene knockdown effect (rej);0.718;0;sem match válido;Qwen3.5-4B-QLoRA
ID_8192385731123737;2;lipoplex;lipofection;0.862;1;match válido;Qwen3.5-4B-QLoRA
ID_8192385731123737;3;liposomal anticancer drug;cationic liposome (rej);0.669;0;sem match válido;Qwen3.5-4B-QLoRA
ID_8192385731123737;4;metronomic chemotherapy;sirna-based cancer therapy (rej);0.424;0;sem match válido;Qwen3.5-4B-QLoRA
ID_8192385731123737;5;pegylated liposomal doxorubicin;cationic liposomes (rej);0.651;0;sem match válido;Qwen3.5-4B-QLoRA
ID_8192385731123737;6;pluronic f-127 gels;pluronic f-127;0.784;2;match válido;Qwen3.5-4B-QLoRA
ID_8192385731123737;7;pluronic f-127 gels containing;pluronic f-127 (rej);0.716;0;sem match válido;Qwen3.5-4B-QLoRA
ID_8192385731123737;8;pluronic f127 gel formulations;pluronic f-127 (rej);0.696;0;sem match válido;Qwen3.5-4B-QLoRA
ID_8192385731123737;9;pluronic f127 gel formulations containing;pluronic f-127 (rej);0.651;0;sem match válido;Qwen3.5-4B-QLoRA
ID_8192385731123737;10;pluronic f127 gels;pluronic f-127 (rej);0.738;0;sem match válido;Qwen3.5-4B-QLoRA
ID_8192385731123737;11;pluronic f127 gels following;pluronic f-127 (rej);0.737;0;sem match válido;Qwen3.5-4B-QLoRA
ID_8192385731123737;12;pluronic f127 gels following subcutaneous;pluronic f-127 (rej);0.607;0;sem match válido;Qwen3.5-4B-QLoRA
ID_8192385731123737;13;pluronic f127 gel formulations containing insulin–plga;insulin-loaded pluronic f-127;0.844;1;match válido;Qwen3.5-4B-QLoRA
ID_8192385731123737;14;pluronic f127 gels containing unsaturated;pluronic f-127 (rej);0.611;0;sem match válido;Qwen3.5-4B-QLoRA
ID_8192385731123737;15;pluronic f127 gel formulations containing insulin–plga nanoparticles;insulin-loaded pluronic f-127 (rej);0.751;0;sem match válido;Qwen3.5-4B-QLoRA
ID_8192385731123737;16;pluronic f127 gels following subcutaneous administration;subcutaneous administration (rej);0.618;0;sem match válido;Qwen3.5-4B-QLoRA
ID_8192385731123737;17;pluronic f127 gels containing unsaturated fatty;unsaturated fatty acids (rej);0.653;0;sem match válido;Qwen3.5-4B-QLoRA
ID_8192385731123737;18;pluronic f127 gel formulations containing insulin–plga nanoparticles by an almost constant;insulin-loaded pluronic f-127 (rej);0.751;0;sem match válido;Qwen3.5-4B-QLoRA
ID_8192385731123737;19;pluronic f127 gels containing unsaturated fatty acids;unsaturated fatty acids (rej);0.725;0;sem match válido;Qwen3.5-4B-QLoRA
ID_8192385731123737;20;pluronic f127 gel formulations containing insulin–plga nanoparticles by surface-bound insulin;insulin-loaded pluronic f-127 (rej);0.751;0;sem match válido;Qwen3.5-4B-QLoRA
ID_8209219651894646;1;atmosphere modified;ozone (rej);0.629;0;sem match válido;Qwen3.5-4B-QLoRA
ID_8209219651894646;2;atmosphere modified packaging;ozone (rej);0.487;0;sem match válido;Qwen3.5-4B-QLoRA
ID_8209219651894646;3;atmosphere packaging;ozone (rej);0.547;0;sem match válido;Qwen3.5-4B-QLoRA
ID_8209219651894646;4;fresh-cut crisphead lettuce;qualidade de alface (rej);0.578;0;sem match válido;Qwen3.5-4B-QLoRA
ID_8209219651894646;5;fresh-cut lettuce;qualidade de alface (rej);0.594;0;sem match válido;Qwen3.5-4B-QLoRA
ID_8209219651894646;6;modified atmosphere;ozone (rej);0.611;0;sem match válido;Qwen3.5-4B-QLoRA
ID_8209219651894646;7;modified atmosphere packaging;ozone (rej);0.490;0;sem match válido;Qwen3.5-4B-QLoRA
ID_8209219651894646;8;postharvest;utilizando-se o extravasamento (rej);0.606;0;sem match válido;Qwen3.5-4B-QLoRA
ID_8209219651894646;9;postharvest storage;utilizando-se o extravasamento (rej);0.330;0;sem match válido;Qwen3.5-4B-QLoRA
ID_8209219651894646;10;pre-harvest;utilizando-se o extravasamento (rej);0.389;0;sem match válido;Qwen3.5-4B-QLoRA
ID_8209219651894646;11;pre-harvest treatments;qualidade de alface (rej);0.447;0;sem match válido;Qwen3.5-4B-QLoRA
ID_8209219651894646;12;pre-harvest treatments effects;qualidade de alface (rej);0.439;0;sem match válido;Qwen3.5-4B-QLoRA
ID_8209219651894646;13;quality attributes;qualidade de alface (rej);0.461;0;sem match válido;Qwen3.5-4B-QLoRA
ID_8209219651894646;14;quality attributes of tomatoes;qualidade de alface (rej);0.722;0;sem match válido;Qwen3.5-4B-QLoRA
ID_8209219651894646;15;respiration rate;respiration;0.888;1;match válido;Qwen3.5-4B-QLoRA
ID_8209219651894646;16;shelf life;utilizando-se o extravasamento (rej);0.287;0;sem match válido;Qwen3.5-4B-QLoRA
ID_8209219651894646;17;tomatoes submitted;qualidade de alface (rej);0.521;0;sem match válido;Qwen3.5-4B-QLoRA
ID_8209219651894646;18;vegetable;qualidade de alface (rej);0.696;0;sem match válido;Qwen3.5-4B-QLoRA
ID_8209219651894646;19;vegetable production;qualidade de alface (rej);0.628;0;sem match válido;Qwen3.5-4B-QLoRA
ID_8209219651894646;20;vegetable processing;qualidade de alface (rej);0.652;0;sem match válido;Qwen3.5-4B-QLoRA
ID_8237569228020224;1;dna unzipping;reversible tegumental damage (rej);0.271;0;sem match válido;Qwen3.5-4B-QLoRA
ID_8237569228020224;2;free energy;metabolism (rej);0.383;0;sem match válido;Qwen3.5-4B-QLoRA
ID_8237569228020224;3;free energies;kinetic mechanism (rej);0.378;0;sem match válido;Qwen3.5-4B-QLoRA
ID_8237569228020224;4;free energies in dna;molecular target (rej);0.453;0;sem match válido;Qwen3.5-4B-QLoRA
ID_8237569228020224;5;human thymidine phosphorylase;tetrathyridia development (rej);0.571;0;sem match válido;Qwen3.5-4B-QLoRA
ID_8237569228020224;6;kinetic mechanism;kinetic mechanism;1.000;2;match válido;Qwen3.5-4B-QLoRA
ID_8237569228020224;7;monte carlo method;vitro segmentation induction (rej);0.344;0;sem match válido;Qwen3.5-4B-QLoRA
ID_8237569228020224;8;monte carlo simulations;vitro segmentation induction (rej);0.335;0;sem match válido;Qwen3.5-4B-QLoRA
ID_8237569228020224;9;optical tweezers;tetrathyridia development (rej);0.330;0;sem match válido;Qwen3.5-4B-QLoRA
ID_8237569228020224;10;optical tweezers method;vitro segmentation induction (rej);0.319;0;sem match válido;Qwen3.5-4B-QLoRA
ID_8237569228020224;11;purine and pyrimidine;pyrimidine nucleotide metabolism (rej);0.659;0;sem match válido;Qwen3.5-4B-QLoRA
ID_8237569228020224;12;purine nucleotide metabolism;pyrimidine nucleotide metabolism (rej);0.735;0;sem match válido;Qwen3.5-4B-QLoRA
ID_8237569228020224;13;purine nucleotide metabolism in mollicutes;pyrimidine nucleotide metabolism (rej);0.658;0;sem match válido;Qwen3.5-4B-QLoRA
ID_8237569228020224;14;pyrimidine nucleotide metabolism;pyrimidine nucleotide metabolism;1.000;3;match válido;Qwen3.5-4B-QLoRA
ID_8237569228020224;15;salt dependent base-pair;isothermal titration calorimetry (rej);0.423;0;sem match válido;Qwen3.5-4B-QLoRA
ID_8237569228020224;16;salt corrections;isothermal titration calorimetry (rej);0.407;0;sem match válido;Qwen3.5-4B-QLoRA
ID_8237569228020224;17;single-molecule mechanics;kinetic mechanism (rej);0.539;0;sem match válido;Qwen3.5-4B-QLoRA
ID_8237569228020224;18;single-molecule mechanics of dna;molecular target (rej);0.601;0;sem match válido;Qwen3.5-4B-QLoRA
ID_8237569228020224;19;single-molecule mechanics of rna;molecular target (rej);0.552;0;sem match válido;Qwen3.5-4B-QLoRA
ID_8237569228020224;20;single-molecule derivation;molecular target (rej);0.566;0;sem match válido;Qwen3.5-4B-QLoRA
ID_8241999499678979;1;atlantic forest;atlantic forest;1.000;3;match válido;Qwen3.5-4B-QLoRA
ID_8241999499678979;2;atlantic rain forest;atlantic forest (rej);0.907;0;sem match válido;Qwen3.5-4B-QLoRA
ID_8241999499678979;3;brazilian amazon;amazonia;0.882;3;match válido;Qwen3.5-4B-QLoRA
ID_8241999499678979;4;carbon stocks;carbon;0.819;3;match válido;Qwen3.5-4B-QLoRA
ID_8241999499678979;5;carbono e nitrogênio;carbon and nitrogen;0.976;3;match válido;Qwen3.5-4B-QLoRA
ID_8241999499678979;6;co2 fluxes;carbon dynamics (rej);0.658;0;sem match válido;Qwen3.5-4B-QLoRA
ID_8241999499678979;7;ecological niches;species (rej);0.626;0;sem match válido;Qwen3.5-4B-QLoRA
ID_8241999499678979;8;estudos comparativos;study (rej);0.711;0;sem match válido;Qwen3.5-4B-QLoRA
ID_8241999499678979;9;florestas nativas;upland forests;0.836;1;match válido;Qwen3.5-4B-QLoRA
ID_8241999499678979;10;food web;orgânica do solo (rej);0.334;0;sem match válido;Qwen3.5-4B-QLoRA
ID_8241999499678979;11;food webs;orgânica do solo (rej);0.323;0;sem match válido;Qwen3.5-4B-QLoRA
ID_8241999499678979;12;food webs analysis;orgânica do solo (rej);0.357;0;sem match válido;Qwen3.5-4B-QLoRA
ID_8241999499678979;13;humic acids;humic acids;1.000;1;match válido;Qwen3.5-4B-QLoRA
ID_8241999499678979;14;humic substances;humic acids (rej);0.885;0;sem match válido;Qwen3.5-4B-QLoRA
ID_8241999499678979;15;isotopes;carbon isotopes;0.832;3;match válido;Qwen3.5-4B-QLoRA
ID_8241999499678979;16;isotopic composition;isotopic composition;1.000;3;match válido;Qwen3.5-4B-QLoRA
ID_8241999499678979;17;isotopic signatures;isotopic composition (rej);0.751;0;sem match válido;Qwen3.5-4B-QLoRA
ID_8241999499678979;18;litterfall;sewage (rej);0.493;0;sem match válido;Qwen3.5-4B-QLoRA
ID_8241999499678979;19;litterfall production;sewage (rej);0.566;0;sem match válido;Qwen3.5-4B-QLoRA
ID_8241999499678979;20;litterfall quality;sewage (rej);0.580;0;sem match válido;Qwen3.5-4B-QLoRA
ID_8391627429679768;1;abrolhos reefs;recifes em franja;0.842;3;match válido;Qwen3.5-4B-QLoRA
ID_8391627429679768;2;coral bleaching;coral bleaching;1.000;3;match válido;Qwen3.5-4B-QLoRA
ID_8391627429679768;3;coral density band;reef corals (rej);0.813;0;sem match válido;Qwen3.5-4B-QLoRA
ID_8391627429679768;4;coral growth;reef corals (rej);0.852;0;sem match válido;Qwen3.5-4B-QLoRA
ID_8391627429679768;5;coral reefs;coral reefs;1.000;3;match válido;Qwen3.5-4B-QLoRA
ID_8391627429679768;6;coral reef;coral reef;1.000;3;match válido;Qwen3.5-4B-QLoRA
ID_8391627429679768;7;coral reefs monitoring;recifes de corais;0.872;3;match válido;Qwen3.5-4B-QLoRA
ID_8391627429679768;8;coral reef monitoring;coral reef (rej);0.873;0;sem match válido;Qwen3.5-4B-QLoRA
ID_8391627429679768;9;coral reef monitoring program;reef development;0.751;3;match válido;Qwen3.5-4B-QLoRA
ID_8391627429679768;10;coral reef system;reef corals;0.937;3;match válido;Qwen3.5-4B-QLoRA
ID_8391627429679768;11;coral species;coral species;1.000;3;match válido;Qwen3.5-4B-QLoRA
ID_8391627429679768;12;coral species composition;stony corals;0.838;3;match válido;Qwen3.5-4B-QLoRA
ID_8391627429679768;13;coral species diversity;reef coral mussismilia;0.809;3;match válido;Qwen3.5-4B-QLoRA
ID_8391627429679768;14;coral species richness;coral species (rej);0.913;0;sem match válido;Qwen3.5-4B-QLoRA
ID_8391627429679768;15;coral species richness index;coral species (rej);0.851;0;sem match válido;Qwen3.5-4B-QLoRA
ID_8391627429679768;16;coral species richness index (csri);coral species (rej);0.811;0;sem match válido;Qwen3.5-4B-QLoRA
ID_8391627429679768;17;;;;;;Qwen3.5-4B-QLoRA
ID_8391627429679768;18;;;;;;Qwen3.5-4B-QLoRA
ID_8391627429679768;19;;;;;;Qwen3.5-4B-QLoRA
ID_8391627429679768;20;;;;;;Qwen3.5-4B-QLoRA
ID_8457699943400994;1;abdominal obesity;body mass index (rej);0.626;0;sem match válido;Qwen3.5-4B-QLoRA
ID_8457699943400994;2;cervical length;waist circumference (rej);0.566;0;sem match válido;Qwen3.5-4B-QLoRA
ID_8457699943400994;3;climacteric;estudo de coorte (rej);0.637;0;sem match válido;Qwen3.5-4B-QLoRA
ID_8457699943400994;4;climacteric women;post-menopausal women (rej);0.680;0;sem match válido;Qwen3.5-4B-QLoRA
ID_8457699943400994;5;central obesity;body mass index (rej);0.615;0;sem match válido;Qwen3.5-4B-QLoRA
ID_8457699943400994;6;central adiposity;estudo de coorte (rej);0.508;0;sem match válido;Qwen3.5-4B-QLoRA
ID_8457699943400994;7;cross-sectional study;estudo de coorte (rej);0.472;0;sem match válido;Qwen3.5-4B-QLoRA
ID_8457699943400994;8;diabetes mellitus;mulheres hipertensas (rej);0.565;0;sem match válido;Qwen3.5-4B-QLoRA
ID_8457699943400994;9;hirsute women;post-menopausal women (rej);0.644;0;sem match válido;Qwen3.5-4B-QLoRA
ID_8457699943400994;10;hirsutism;estudo de coorte (rej);0.622;0;sem match válido;Qwen3.5-4B-QLoRA
ID_8457699943400994;11;hirsutism regressed;estudo de coorte (rej);0.549;0;sem match válido;Qwen3.5-4B-QLoRA
ID_8457699943400994;12;idiopathic hirsutism;estudo de coorte (rej);0.534;0;sem match válido;Qwen3.5-4B-QLoRA
ID_8457699943400994;13;menopause;menopause status;0.952;3;match válido;Qwen3.5-4B-QLoRA
ID_8457699943400994;14;menopause transition;menopausal status;0.882;3;match válido;Qwen3.5-4B-QLoRA
ID_8457699943400994;15;obesity;body mass index (rej);0.673;0;sem match válido;Qwen3.5-4B-QLoRA
ID_8457699943400994;16;ovarian volume;ovarian volume;1.000;3;match válido;Qwen3.5-4B-QLoRA
ID_8457699943400994;17;physical activity;habitual physical activity;0.865;3;match válido;Qwen3.5-4B-QLoRA
ID_8457699943400994;18;pregnancy;menopausal status (rej);0.487;0;sem match válido;Qwen3.5-4B-QLoRA
ID_8457699943400994;19;pregnant women;post-menopausal women (rej);0.591;0;sem match válido;Qwen3.5-4B-QLoRA
ID_8457699943400994;20;preterm labor;postmenopausal (rej);0.428;0;sem match válido;Qwen3.5-4B-QLoRA
ID_8479803539567479;1;dna fragmentation;dna fragmentation;1.000;1;match válido;Qwen3.5-4B-QLoRA
ID_8479803539567479;2;mitochondrial activity;mitochondria/metabolism;0.916;1;match válido;Qwen3.5-4B-QLoRA
ID_8479803539567479;3;sperm dna fragmentation;sperm dna fragmentation;1.000;3;match válido;Qwen3.5-4B-QLoRA
ID_8479803539567479;4;sperm mitochondrial activity;sperm nuclear dna (rej);0.773;0;sem match válido;Qwen3.5-4B-QLoRA
ID_8479803539567479;5;sperm nuclear dna;sperm nuclear dna;1.000;3;match válido;Qwen3.5-4B-QLoRA
ID_8479803539567479;6;sperm quality;sperm dna integrity;0.871;3;match válido;Qwen3.5-4B-QLoRA
ID_8479803539567479;7;testicular germ cell;testicular cancer (rej);0.696;0;sem match válido;Qwen3.5-4B-QLoRA
ID_8479803539567479;8;testicular germ cell tumors;testicular cancer;0.864;2;match válido;Qwen3.5-4B-QLoRA
ID_8479803539567479;9;varicocele;varicocele correction (rej);0.775;0;sem match válido;Qwen3.5-4B-QLoRA
ID_8479803539567479;10;varicocele grades;varicocele correction (rej);0.716;0;sem match válido;Qwen3.5-4B-QLoRA
ID_8479803539567479;11;varicocele on sperm;aspects of sperm;0.797;1;match válido;Qwen3.5-4B-QLoRA
ID_8479803539567479;12;varicocele presenting lower;varicocele correction (rej);0.771;0;sem match válido;Qwen3.5-4B-QLoRA
ID_8479803539567479;13;varicocele presenting lower sperm;aspects of sperm (rej);0.688;0;sem match válido;Qwen3.5-4B-QLoRA
ID_8479803539567479;14;varicocele presenting lower sperm concentration;aspects of sperm (rej);0.672;0;sem match válido;Qwen3.5-4B-QLoRA
ID_8479803539567479;15;varicocele repair;varicocele correction;0.874;3;match válido;Qwen3.5-4B-QLoRA
ID_8479803539567479;16;varicocele group;varicocele correction (rej);0.741;0;sem match válido;Qwen3.5-4B-QLoRA
ID_8479803539567479;17;varicocele patients;varicocele correction (rej);0.740;0;sem match válido;Qwen3.5-4B-QLoRA
ID_8479803539567479;18;varicocele patients with;varicocele correction (rej);0.726;0;sem match válido;Qwen3.5-4B-QLoRA
ID_8479803539567479;19;varicocele patients’ sperm;aspects of sperm (rej);0.695;0;sem match válido;Qwen3.5-4B-QLoRA
ID_8479803539567479;20;varicocele patients’ sperm dna;aspects of sperm (rej);0.716;0;sem match válido;Qwen3.5-4B-QLoRA
ID_8496716957724133;1;asteroseismology;seismological studies (rej);0.362;0;sem match válido;Qwen3.5-4B-QLoRA
ID_8496716957724133;2;astrophysics and astroparticles;stellar structure (rej);0.677;0;sem match válido;Qwen3.5-4B-QLoRA
ID_8496716957724133;3;astrophysics, astroparticles and cosmology;stellar structure (rej);0.655;0;sem match válido;Qwen3.5-4B-QLoRA
ID_8496716957724133;4;crystallization;dense matter (rej);0.419;0;sem match válido;Qwen3.5-4B-QLoRA
ID_8496716957724133;5;evolution;evolutionary timescale (rej);0.756;0;sem match válido;Qwen3.5-4B-QLoRA
ID_8496716957724133;6;evolutionary models;evolutionary timescale;0.779;3;match válido;Qwen3.5-4B-QLoRA
ID_8496716957724133;7;galactic disk;stellar structure (rej);0.766;0;sem match válido;Qwen3.5-4B-QLoRA
ID_8496716957724133;8;hydrogen atmosphere pulsating;atmosphere white dwarf (rej);0.575;0;sem match válido;Qwen3.5-4B-QLoRA
ID_8496716957724133;9;hydrogen atmosphere white dwarf;atmosphere white dwarf;0.887;3;match válido;Qwen3.5-4B-QLoRA
ID_8496716957724133;10;magnetic fields;stars: magnetic field;0.827;3;match válido;Qwen3.5-4B-QLoRA
ID_8496716957724133;11;massive pulsating da;stellar mass (rej);0.610;0;sem match válido;Qwen3.5-4B-QLoRA
ID_8496716957724133;12;neutron star crusts;stellar structure (rej);0.686;0;sem match válido;Qwen3.5-4B-QLoRA
ID_8496716957724133;13;pulsating da white dwarf;white dwarf;0.861;3;match válido;Qwen3.5-4B-QLoRA
ID_8496716957724133;14;pulsating da white dwarfs;stars: white dwarfs;0.858;3;match válido;Qwen3.5-4B-QLoRA
ID_8496716957724133;15;pulsating white dwarf;pulsating white dwarf;1.000;3;match válido;Qwen3.5-4B-QLoRA
ID_8496716957724133;16;pulsating white dwarf stars;white dwarf stars;0.947;2;match válido;Qwen3.5-4B-QLoRA
ID_8496716957724133;17;pulsation properties;nonradial g-mode pulsations (rej);0.701;0;sem match válido;Qwen3.5-4B-QLoRA
ID_8496716957724133;18;seismology;seismological studies;0.977;3;match válido;Qwen3.5-4B-QLoRA
ID_8496716957724133;19;stellar interiors;stellar structure;0.833;3;match válido;Qwen3.5-4B-QLoRA
ID_8496716957724133;20;theoretical evolutionary models;theoretical evolutionary models;1.000;3;match válido;Qwen3.5-4B-QLoRA
ID_8586805521593519;1;amazon craton;amazon craton;1.000;3;match válido;Qwen3.5-4B-QLoRA
ID_8586805521593519;2;amazonian craton;amazon craton (rej);0.972;0;sem match válido;Qwen3.5-4B-QLoRA
ID_8586805521593519;3;amazonian craton evolution;amazon craton (rej);0.819;0;sem match válido;Qwen3.5-4B-QLoRA
ID_8586805521593519;4;amazonian craton geology;amazon craton (rej);0.773;0;sem match válido;Qwen3.5-4B-QLoRA
ID_8586805521593519;5;amazonian craton geotectonics;amazon craton (rej);0.729;0;sem match válido;Qwen3.5-4B-QLoRA
ID_8586805521593519;6;amazonian craton metamorphism;amazon craton (rej);0.814;0;sem match válido;Qwen3.5-4B-QLoRA
ID_8586805521593519;7;amazonian craton structure;amazon craton (rej);0.857;0;sem match válido;Qwen3.5-4B-QLoRA
ID_8586805521593519;8;amazonian craton tectonics;amazon craton (rej);0.734;0;sem match válido;Qwen3.5-4B-QLoRA
ID_8586805521593519;9;;;;;;Qwen3.5-4B-QLoRA
ID_8586805521593519;10;;;;;;Qwen3.5-4B-QLoRA
ID_8586805521593519;11;;;;;;Qwen3.5-4B-QLoRA
ID_8586805521593519;12;;;;;;Qwen3.5-4B-QLoRA
ID_8586805521593519;13;;;;;;Qwen3.5-4B-QLoRA
ID_8586805521593519;14;;;;;;Qwen3.5-4B-QLoRA
ID_8586805521593519;15;;;;;;Qwen3.5-4B-QLoRA
ID_8586805521593519;16;;;;;;Qwen3.5-4B-QLoRA
ID_8586805521593519;17;;;;;;Qwen3.5-4B-QLoRA
ID_8586805521593519;18;;;;;;Qwen3.5-4B-QLoRA
ID_8586805521593519;19;;;;;;Qwen3.5-4B-QLoRA
ID_8586805521593519;20;;;;;;Qwen3.5-4B-QLoRA
ID_8647270006257055;1;brazilian savanna;brazilian savanna;1.000;3;match válido;Qwen3.5-4B-QLoRA
ID_8647270006257055;2;brazilian savanna biome;brazilian savanna (rej);0.893;0;sem match válido;Qwen3.5-4B-QLoRA
ID_8647270006257055;3;cerrado;cerrado biome (rej);0.517;0;sem match válido;Qwen3.5-4B-QLoRA
ID_8647270006257055;4;cattle raising;cultivated pastures (rej);0.526;0;sem match válido;Qwen3.5-4B-QLoRA
ID_8647270006257055;5;cattle ranching;cultivated pastures (rej);0.578;0;sem match válido;Qwen3.5-4B-QLoRA
ID_8647270006257055;6;cultivated pastures;cultivated pastures;1.000;3;match válido;Qwen3.5-4B-QLoRA
ID_8647270006257055;7;enhanced vegetation index;vegetation index;0.903;3;match válido;Qwen3.5-4B-QLoRA
ID_8647270006257055;8;land cover mapping;land cover mapping;1.000;3;match válido;Qwen3.5-4B-QLoRA
ID_8647270006257055;9;land cover monitoring;land cover (rej);0.748;0;sem match válido;Qwen3.5-4B-QLoRA
ID_8647270006257055;10;land use;land use;1.000;3;match válido;Qwen3.5-4B-QLoRA
ID_8647270006257055;11;large-scale biosphere-atmosphere experiment;cerrado biome (rej);0.498;0;sem match válido;Qwen3.5-4B-QLoRA
ID_8647270006257055;12;modis;ndvi and evi (rej);0.404;0;sem match válido;Qwen3.5-4B-QLoRA
ID_8647270006257055;13;modis ndvi;ndvi and evi (rej);0.617;0;sem match válido;Qwen3.5-4B-QLoRA
ID_8647270006257055;14;modis vegetation;índices de vegetação (rej);0.747;0;sem match válido;Qwen3.5-4B-QLoRA
ID_8647270006257055;15;modis vegetation indices;vegetation indices;0.900;2;match válido;Qwen3.5-4B-QLoRA
ID_8647270006257055;16;modis-based % green;vegetation index (rej);0.420;0;sem match válido;Qwen3.5-4B-QLoRA
ID_8647270006257055;17;neotropical savanna;brazilian savanna (rej);0.705;0;sem match válido;Qwen3.5-4B-QLoRA
ID_8647270006257055;18;neotropical savanna biome;brazilian savanna (rej);0.680;0;sem match válido;Qwen3.5-4B-QLoRA
ID_8647270006257055;19;normalized difference vegetation;índices de vegetação (rej);0.720;0;sem match válido;Qwen3.5-4B-QLoRA
ID_8647270006257055;20;optical and radar;synthetic aperture radar;0.812;1;match válido;Qwen3.5-4B-QLoRA
ID_8659496864305621;1;biosensor;potentiometric sensor (rej);0.624;0;sem match válido;Qwen3.5-4B-QLoRA
ID_8659496864305621;2;biosensor surface;potentiometric sensor (rej);0.597;0;sem match válido;Qwen3.5-4B-QLoRA
ID_8659496864305621;3;biosensors;potentiometric sensor (rej);0.638;0;sem match válido;Qwen3.5-4B-QLoRA
ID_8659496864305621;4;carbon nanotubes;carbon nanotubes;1.000;1;match válido;Qwen3.5-4B-QLoRA
ID_8659496864305621;5;detection limit;stripping voltammetry (rej);0.445;0;sem match válido;Qwen3.5-4B-QLoRA
ID_8659496864305621;6;electrochemical biosensor;electrochemical detection (rej);0.810;0;sem match válido;Qwen3.5-4B-QLoRA
ID_8659496864305621;7;electrochemical sensors;electrochemical detection;0.882;3;match válido;Qwen3.5-4B-QLoRA
ID_8659496864305621;8;electrochemical sensors and biosensors;electrochemical detection (rej);0.820;0;sem match válido;Qwen3.5-4B-QLoRA
ID_8659496864305621;9;electrochemical quartz crystal;electrochemical quartz crystal;1.000;3;match válido;Qwen3.5-4B-QLoRA
ID_8659496864305621;10;electrochemical quartz crystal microbalance;quartz crystal microbalance;0.897;3;match válido;Qwen3.5-4B-QLoRA
ID_8659496864305621;11;electrochemical quartz crystal microbalance (eqcm);quartz microbalance;0.815;2;match válido;Qwen3.5-4B-QLoRA
ID_8659496864305621;12;electrochemical quartz crystal microgravimetry;electrochemical quartz crystal (rej);0.879;0;sem match válido;Qwen3.5-4B-QLoRA
ID_8659496864305621;13;electrogravimetry;electrochromic properties;0.794;2;match válido;Qwen3.5-4B-QLoRA
ID_8659496864305621;14;electrogravimetric technique;electrochromic properties (rej);0.724;0;sem match válido;Qwen3.5-4B-QLoRA
ID_8659496864305621;15;electrogravimetric technique (eqcm);electrochromic properties (rej);0.716;0;sem match válido;Qwen3.5-4B-QLoRA
ID_8659496864305621;16;electrogravimetry technique;electrochromic properties (rej);0.757;0;sem match válido;Qwen3.5-4B-QLoRA
ID_8659496864305621;17;electrogravimetry technique (eqcm);electrochromic properties (rej);0.740;0;sem match válido;Qwen3.5-4B-QLoRA
ID_8659496864305621;18;electrochemical flow cell;electrochromic properties (rej);0.710;0;sem match válido;Qwen3.5-4B-QLoRA
ID_8659496864305621;19;electrochemical flow cells;electrochromic properties (rej);0.706;0;sem match válido;Qwen3.5-4B-QLoRA
ID_8659496864305621;20;;;;;;Qwen3.5-4B-QLoRA
ID_8696858608013659;1;atmospheric boundary layer;atmospheric boundary layer;1.000;3;match válido;Qwen3.5-4B-QLoRA
ID_8696858608013659;2;atmospheric turbulence;turbulence;0.940;3;match válido;Qwen3.5-4B-QLoRA
ID_8696858608013659;3;atmospheric turbulence parameters;turbulence intensity parameters;0.922;2;match válido;Qwen3.5-4B-QLoRA
ID_8696858608013659;4;boundary layer;convective boundary layer;0.903;2;match válido;Qwen3.5-4B-QLoRA
ID_8696858608013659;5;energy fluxes;turbulent kinetic energy (rej);0.767;0;sem match válido;Qwen3.5-4B-QLoRA
ID_8696858608013659;6;large-eddy simulation;large-eddy simulation;1.000;2;match válido;Qwen3.5-4B-QLoRA
ID_8696858608013659;7;planetary boundary layer;atmospheric boundary layer (rej);0.752;0;sem match válido;Qwen3.5-4B-QLoRA
ID_8696858608013659;8;planetary boundary layer adjustment;atmospheric boundary layer (rej);0.711;0;sem match válido;Qwen3.5-4B-QLoRA
ID_8696858608013659;9;planetary boundary layer structure;atmospheric boundary layer (rej);0.727;0;sem match válido;Qwen3.5-4B-QLoRA
ID_8696858608013659;10;planetary boundary layer theory;atmospheric boundary layer (rej);0.740;0;sem match válido;Qwen3.5-4B-QLoRA
ID_8696858608013659;11;planetary boundary layer vertical profiles;atmospheric boundary layer (rej);0.735;0;sem match válido;Qwen3.5-4B-QLoRA
ID_8696858608013659;12;planetary boundary layer wind;atmospheric boundary layer (rej);0.799;0;sem match válido;Qwen3.5-4B-QLoRA
ID_8696858608013659;13;planetary boundary layer wind shear;atmospheric boundary layer (rej);0.707;0;sem match válido;Qwen3.5-4B-QLoRA
ID_8696858608013659;14;planetary boundary layer wind shear profiles;atmospheric boundary layer (rej);0.688;0;sem match válido;Qwen3.5-4B-QLoRA
ID_8696858608013659;15;planetary boundary layer wind speed;atmospheric boundary layer (rej);0.742;0;sem match válido;Qwen3.5-4B-QLoRA
ID_8696858608013659;16;planetary boundary layer turbulent;atmospheric boundary layer (rej);0.755;0;sem match válido;Qwen3.5-4B-QLoRA
ID_8696858608013659;17;planetary boundary layer turbulent kinetic;turbulent kinetic energy (rej);0.730;0;sem match válido;Qwen3.5-4B-QLoRA
ID_8696858608013659;18;planetary boundary layer turbulent kinetic energy;turbulent kinetic energy;0.840;3;match válido;Qwen3.5-4B-QLoRA
ID_8696858608013659;19;planetary boundary layer turbulent kinetic energy spectra;turbulent kinetic energy (rej);0.762;0;sem match válido;Qwen3.5-4B-QLoRA
ID_8696858608013659;20;planetary boundary layer turbulent length scales;turbulent scales;0.757;3;match válido;Qwen3.5-4B-QLoRA
ID_8703127071027272;1;ab initio calculations;first-principles calculations (rej);0.601;0;sem match válido;Qwen3.5-4B-QLoRA
ID_8703127071027272;2;ab initio density functional;density functional (rej);0.810;0;sem match válido;Qwen3.5-4B-QLoRA
ID_8703127071027272;3;ab initio density functional theory;density functional theory (rej);0.872;0;sem match válido;Qwen3.5-4B-QLoRA
ID_8703127071027272;4;band offsets;band gap (rej);0.640;0;sem match válido;Qwen3.5-4B-QLoRA
ID_8703127071027272;5;band structure;band gap (rej);0.725;0;sem match válido;Qwen3.5-4B-QLoRA
ID_8703127071027272;6;band structure calculations;band gap (rej);0.601;0;sem match válido;Qwen3.5-4B-QLoRA
ID_8703127071027272;7;band gaps;band gap;0.980;3;match válido;Qwen3.5-4B-QLoRA
ID_8703127071027272;8;band offsets in the;band gap (rej);0.674;0;sem match válido;Qwen3.5-4B-QLoRA
ID_8703127071027272;9;bulk band gaps;band gap (rej);0.856;0;sem match válido;Qwen3.5-4B-QLoRA
ID_8703127071027272;10;calculation of the;first-principles calculations (rej);0.684;0;sem match válido;Qwen3.5-4B-QLoRA
ID_8703127071027272;11;charge trapping levels;threshold voltages (rej);0.505;0;sem match válido;Qwen3.5-4B-QLoRA
ID_8703127071027272;12;density functional;density functional;1.000;3;match válido;Qwen3.5-4B-QLoRA
ID_8703127071027272;13;density functional theory;density functional theory;1.000;3;match válido;Qwen3.5-4B-QLoRA
ID_8703127071027272;14;density functional theory calculations;first-principles density functional;0.835;3;match válido;Qwen3.5-4B-QLoRA
ID_8703127071027272;15;electronic properties;electronic properties;1.000;3;match válido;Qwen3.5-4B-QLoRA
ID_8703127071027272;16;field emission;fermi level (rej);0.426;0;sem match válido;Qwen3.5-4B-QLoRA
ID_8703127071027272;17;first-principles calculation;first-principles calculations;0.993;3;match válido;Qwen3.5-4B-QLoRA
ID_8703127071027272;18;first-principles study;first-principles;0.936;3;match válido;Qwen3.5-4B-QLoRA
ID_8703127071027272;19;high-k;hfo2-si (rej);0.382;0;sem match válido;Qwen3.5-4B-QLoRA
ID_8703127071027272;20;high-k dielectrics;gate dielectric (rej);0.587;0;sem match válido;Qwen3.5-4B-QLoRA
ID_8884890472193474;1;quantum correlations;quantum correlations;1.000;3;match válido;Qwen3.5-4B-QLoRA
ID_8884890472193474;2;quantum discord;quantum discord;1.000;3;match válido;Qwen3.5-4B-QLoRA
ID_8884890472193474;3;quantum information;quantum computation (rej);0.807;0;sem match válido;Qwen3.5-4B-QLoRA
ID_8884890472193474;4;quantum information theory;quantum computation (rej);0.741;0;sem match válido;Qwen3.5-4B-QLoRA
ID_8884890472193474;5;quantum measurement;measurement-based quantum computation;0.932;3;match válido;Qwen3.5-4B-QLoRA
ID_8884890472193474;6;quantum mutual information;quantum systems (rej);0.662;0;sem match válido;Qwen3.5-4B-QLoRA
ID_8884890472193474;7;quantum phase transitions;quantum systems (rej);0.727;0;sem match válido;Qwen3.5-4B-QLoRA
ID_8884890472193474;8;quantum-to-classical transition;quantum systems (rej);0.740;0;sem match válido;Qwen3.5-4B-QLoRA
ID_8884890472193474;9;sudden death;sudden death;1.000;2;match válido;Qwen3.5-4B-QLoRA
ID_8884890472193474;10;wigner-yanase skew information;quantum discord (rej);0.415;0;sem match válido;Qwen3.5-4B-QLoRA
ID_8884890472193474;11;environment;entanglement (rej);0.371;0;sem match válido;Qwen3.5-4B-QLoRA
ID_8884890472193474;12;open quantum systems;open quantum systems;1.000;3;match válido;Qwen3.5-4B-QLoRA
ID_8884890472193474;13;quantum computation;quantum computation;1.000;3;match válido;Qwen3.5-4B-QLoRA
ID_8884890472193474;14;quantum coherence;quantum discord (rej);0.750;0;sem match válido;Qwen3.5-4B-QLoRA
ID_8884890472193474;15;quantum dynamics;quantum discord dynamics;0.836;3;match válido;Qwen3.5-4B-QLoRA
ID_8884890472193474;16;quantum entanglement;two-qubit entanglement;0.793;2;match válido;Qwen3.5-4B-QLoRA
ID_8884890472193474;17;quantum information processing;quantum computation (rej);0.783;0;sem match válido;Qwen3.5-4B-QLoRA
ID_8884890472193474;18;quantum phase;quantum systems (rej);0.809;0;sem match válido;Qwen3.5-4B-QLoRA
ID_8884890472193474;19;quantum process;quantum logic operations;0.769;2;match válido;Qwen3.5-4B-QLoRA
ID_8884890472193474;20;quantum state;quantum systems;0.851;1;match válido;Qwen3.5-4B-QLoRA
ID_8970751075617926;1;acute lymphoblastic leukemia;acute lymphoblastic leukemia;1.000;3;match válido;Qwen3.5-4B-QLoRA
ID_8970751075617926;2;acute lymphoblastic leukemia l3;acute lymphoblastic leukemia (rej);0.944;0;sem match válido;Qwen3.5-4B-QLoRA
ID_8970751075617926;3;acute myeloid leukemia;acute myeloid leukemia;1.000;3;match válido;Qwen3.5-4B-QLoRA
ID_8970751075617926;4;acute myeloid leukemia fab;chronic myeloid leukemia;0.953;3;match válido;Qwen3.5-4B-QLoRA
ID_8970751075617926;5;brazilian patients;refractory anemia (rej);0.374;0;sem match válido;Qwen3.5-4B-QLoRA
ID_8970751075617926;6;childhood acute lymphoblastic;acute lymphoblastic leukemia (rej);0.731;0;sem match válido;Qwen3.5-4B-QLoRA
ID_8970751075617926;7;childhood acute myeloid;acute myeloid leukemia (rej);0.645;0;sem match válido;Qwen3.5-4B-QLoRA
ID_8970751075617926;8;childhood acute myeloid leukemia;acute myeloid leukemia (rej);0.895;0;sem match válido;Qwen3.5-4B-QLoRA
ID_8970751075617926;9;childhood acute promyelocytic;severe aplastic anemia (rej);0.466;0;sem match válido;Qwen3.5-4B-QLoRA
ID_8970751075617926;10;childhood acute promyelocytic leukemia;acute myeloid leukemia (rej);0.735;0;sem match válido;Qwen3.5-4B-QLoRA
ID_8970751075617926;11;childhood acute promyelocytic leukemia fab;acute myeloid leukemia (rej);0.716;0;sem match válido;Qwen3.5-4B-QLoRA
ID_8970751075617926;12;childhood acute promyelocytic leukemia fab m3;acute myeloid leukemia (rej);0.722;0;sem match válido;Qwen3.5-4B-QLoRA
ID_8970751075617926;13;childhood acute promyelocytic leukemia fab m3a;acute myeloid leukemia (rej);0.718;0;sem match válido;Qwen3.5-4B-QLoRA
ID_8970751075617926;14;childhood acute promyelocytic leukemia fab m3b;acute myeloid leukemia (rej);0.723;0;sem match válido;Qwen3.5-4B-QLoRA
ID_8970751075617926;15;childhood acute promyelocytic leukemia fab m3c;acute myeloid leukemia (rej);0.725;0;sem match válido;Qwen3.5-4B-QLoRA
ID_8970751075617926;16;childhood acute promyelocytic leukemia fab m5;acute myeloid leukemia (rej);0.727;0;sem match válido;Qwen3.5-4B-QLoRA
ID_8970751075617926;17;childhood acute promyelocytic leukemia fab m5a;acute myeloid leukemia (rej);0.721;0;sem match válido;Qwen3.5-4B-QLoRA
ID_8970751075617926;18;childhood acute promyelocytic leukemia fab m5b;acute myeloid leukemia (rej);0.724;0;sem match válido;Qwen3.5-4B-QLoRA
ID_8970751075617926;19;childhood acute promyelocytic leukemia fab m5c;acute myeloid leukemia (rej);0.723;0;sem match válido;Qwen3.5-4B-QLoRA
ID_8970751075617926;20;childhood acute promyelocytic leukemia fab m5d;acute myeloid leukemia (rej);0.724;0;sem match válido;Qwen3.5-4B-QLoRA
ID_9092587237114334;1;contact map matching;residue contacts (rej);0.459;0;sem match válido;Qwen3.5-4B-QLoRA
ID_9092587237114334;2;contact maps;residue contacts (rej);0.536;0;sem match válido;Qwen3.5-4B-QLoRA
ID_9092587237114334;3;data mining;data mining;1.000;3;match válido;Qwen3.5-4B-QLoRA
ID_9092587237114334;4;information retrieval;retrieving information;0.951;3;match válido;Qwen3.5-4B-QLoRA
ID_9092587237114334;5;protein structural comparison;protein structural (rej);0.918;0;sem match válido;Qwen3.5-4B-QLoRA
ID_9092587237114334;6;protein structural signatures;protein structural (rej);0.900;0;sem match válido;Qwen3.5-4B-QLoRA
ID_9092587237114334;7;protein structure similarity;protein structure similarity;1.000;3;match válido;Qwen3.5-4B-QLoRA
ID_9092587237114334;8;protein structure similarity analysis;protein structure similarity (rej);0.963;0;sem match válido;Qwen3.5-4B-QLoRA
ID_9092587237114334;9;protein structural classification;protein structural (rej);0.919;0;sem match válido;Qwen3.5-4B-QLoRA
ID_9092587237114334;10;protein structural classification method;protein structural (rej);0.866;0;sem match válido;Qwen3.5-4B-QLoRA
ID_9092587237114334;11;protein structure similarity using;protein structure similarity (rej);0.980;0;sem match válido;Qwen3.5-4B-QLoRA
ID_9092587237114334;12;protein structure similarity using levenshtein;protein structure similarity (rej);0.815;0;sem match válido;Qwen3.5-4B-QLoRA
ID_9092587237114334;13;protein structure similarity using levenshtein distance;protein structure similarity (rej);0.796;0;sem match válido;Qwen3.5-4B-QLoRA
ID_9092587237114334;14;protein structure similarity using linear algebra;protein structure similarity (rej);0.862;0;sem match válido;Qwen3.5-4B-QLoRA
ID_9092587237114334;15;protein structure similarity using singular value decomposition;protein structure similarity (rej);0.843;0;sem match válido;Qwen3.5-4B-QLoRA
ID_9092587237114334;16;protein structure;protein structural;0.962;1;match válido;Qwen3.5-4B-QLoRA
ID_9092587237114334;17;protein structure similarity using singular value;protein structure similarity (rej);0.888;0;sem match válido;Qwen3.5-4B-QLoRA
ID_9092587237114334;18;;;;;;Qwen3.5-4B-QLoRA
ID_9092587237114334;19;;;;;;Qwen3.5-4B-QLoRA
ID_9092587237114334;20;;;;;;Qwen3.5-4B-QLoRA
ID_9273702863744424;1;atmospheric transport;atmospheric modeling (rej);0.757;0;sem match válido;Qwen3.5-4B-QLoRA
ID_9273702863744424;2;biomass burning;biomass burning;1.000;3;match válido;Qwen3.5-4B-QLoRA
ID_9273702863744424;3;climate change;climate change;1.000;3;match válido;Qwen3.5-4B-QLoRA
ID_9273702863744424;4;climate variability;mudanças climáticas;0.768;3;match válido;Qwen3.5-4B-QLoRA
ID_9273702863744424;5;climate variability and predictability;climate modeling (rej);0.758;0;sem match válido;Qwen3.5-4B-QLoRA
ID_9273702863744424;6;coupled aerosol and tracer;biomass burning aerosols (rej);0.666;0;sem match válido;Qwen3.5-4B-QLoRA
ID_9273702863744424;7;global climate model;climate modeling;0.878;3;match válido;Qwen3.5-4B-QLoRA
ID_9273702863744424;8;low level jet;atmospheric modeling (rej);0.468;0;sem match válido;Qwen3.5-4B-QLoRA
ID_9273702863744424;9;mesoscale convective systems;waves through resonance (rej);0.371;0;sem match válido;Qwen3.5-4B-QLoRA
ID_9273702863744424;10;model intercomparison;numerical modeling (rej);0.586;0;sem match válido;Qwen3.5-4B-QLoRA
ID_9273702863744424;11;monsoon;south america monsoon;0.830;3;match válido;Qwen3.5-4B-QLoRA
ID_9273702863744424;12;monsoon experiment;south america monsoon (rej);0.724;0;sem match válido;Qwen3.5-4B-QLoRA
ID_9273702863744424;13;monsoon experiment south;south america monsoon (rej);0.752;0;sem match válido;Qwen3.5-4B-QLoRA
ID_9273702863744424;14;monsoon system;south america monsoon (rej);0.798;0;sem match válido;Qwen3.5-4B-QLoRA
ID_9273702863744424;15;regional atmospheric modeling;regional atmospheric modeling;1.000;3;match válido;Qwen3.5-4B-QLoRA
ID_9273702863744424;16;regional atmospheric modeling system;atmospheric modeling;0.882;3;match válido;Qwen3.5-4B-QLoRA
ID_9273702863744424;17;regional atmospheric modeling system (rams);regional atmospheric modeling (rej);0.907;0;sem match válido;Qwen3.5-4B-QLoRA
ID_9273702863744424;18;regional atmospheric modeling system (rams) coupled;regional atmospheric modeling (rej);0.878;0;sem match válido;Qwen3.5-4B-QLoRA
ID_9273702863744424;19;regional atmospheric modeling system-based;regional atmospheric modeling (rej);0.970;0;sem match válido;Qwen3.5-4B-QLoRA
ID_9273702863744424;20;regional atmospheric modeling system-based model;regional atmospheric modeling (rej);0.954;0;sem match válido;Qwen3.5-4B-QLoRA
ID_9274817658247444;1;affine arithmetic;triangulations with affine (rej);0.728;0;sem match válido;Qwen3.5-4B-QLoRA
ID_9274817658247444;2;affine arithmetic method;triangulations with affine (rej);0.693;0;sem match válido;Qwen3.5-4B-QLoRA
ID_9274817658247444;3;affine arithmetic methods;triangulations with affine (rej);0.706;0;sem match válido;Qwen3.5-4B-QLoRA
ID_9274817658247444;4;affine arithmetic-based methods;triangulations with affine (rej);0.680;0;sem match válido;Qwen3.5-4B-QLoRA
ID_9274817658247444;5;affine arithmetic-based polygonal approximation;polygonal approximation;0.865;3;match válido;Qwen3.5-4B-QLoRA
ID_9274817658247444;6;affine arithmetic-based polygonal approximation methods;polygonal approximation (rej);0.852;0;sem match válido;Qwen3.5-4B-QLoRA
ID_9274817658247444;7;affine arithmetic-based polygonal approximations;polygonal approximation (rej);0.862;0;sem match válido;Qwen3.5-4B-QLoRA
ID_9274817658247444;8;affine arithmetic-based polygonal approximation scheme;polygonal approximation (rej);0.857;0;sem match válido;Qwen3.5-4B-QLoRA
ID_9274817658247444;9;;;;;;Qwen3.5-4B-QLoRA
ID_9274817658247444;10;;;;;;Qwen3.5-4B-QLoRA
ID_9274817658247444;11;;;;;;Qwen3.5-4B-QLoRA
ID_9274817658247444;12;;;;;;Qwen3.5-4B-QLoRA
ID_9274817658247444;13;;;;;;Qwen3.5-4B-QLoRA
ID_9274817658247444;14;;;;;;Qwen3.5-4B-QLoRA
ID_9274817658247444;15;;;;;;Qwen3.5-4B-QLoRA
ID_9274817658247444;16;;;;;;Qwen3.5-4B-QLoRA
ID_9274817658247444;17;;;;;;Qwen3.5-4B-QLoRA
ID_9274817658247444;18;;;;;;Qwen3.5-4B-QLoRA
ID_9274817658247444;19;;;;;;Qwen3.5-4B-QLoRA
ID_9274817658247444;20;;;;;;Qwen3.5-4B-QLoRA
ID_9350794843721516;1;adsorption;adsorption;1.000;3;match válido;Qwen3.5-4B-QLoRA
ID_9350794843721516;2;clay minerals;clay mineral;0.994;3;match válido;Qwen3.5-4B-QLoRA
ID_9350794843721516;3;clay minerals and their;clay;0.828;3;match válido;Qwen3.5-4B-QLoRA
ID_9350794843721516;4;clay minerals: characterization;clay fraction minerals;0.906;2;match válido;Qwen3.5-4B-QLoRA
ID_9350794843721516;5;dissolution;selective dissolution (rej);0.760;0;sem match válido;Qwen3.5-4B-QLoRA
ID_9350794843721516;6;dissolution procedures;selective dissolution (rej);0.768;0;sem match válido;Qwen3.5-4B-QLoRA
ID_9350794843721516;7;dissolução seletiva;selective dissolution;0.912;3;match válido;Qwen3.5-4B-QLoRA
ID_9350794843721516;8;magnetite;mineralogy (rej);0.491;0;sem match válido;Qwen3.5-4B-QLoRA
ID_9350794843721516;9;mineralogy;mineralogy;1.000;2;match válido;Qwen3.5-4B-QLoRA
ID_9350794843721516;10;mineralogical horizon;predominant mineral;0.751;3;match válido;Qwen3.5-4B-QLoRA
ID_9350794843721516;11;mineralogical horizon (a);mineralogy (rej);0.848;0;sem match válido;Qwen3.5-4B-QLoRA
ID_9350794843721516;12;mineralogical horizon (b);mineralogy (rej);0.825;0;sem match válido;Qwen3.5-4B-QLoRA
ID_9350794843721516;13;mineralogical horizon (c);mineralogy (rej);0.827;0;sem match válido;Qwen3.5-4B-QLoRA
ID_9350794843721516;14;mineralogical horizon (d);mineralogy (rej);0.837;0;sem match válido;Qwen3.5-4B-QLoRA
ID_9350794843721516;15;mineralogical horizon (e);mineralogy (rej);0.824;0;sem match válido;Qwen3.5-4B-QLoRA
ID_9350794843721516;16;mineralogical horizon (f);mineralogy (rej);0.805;0;sem match válido;Qwen3.5-4B-QLoRA
ID_9350794843721516;17;mineralogical horizon (g);mineralogy (rej);0.821;0;sem match válido;Qwen3.5-4B-QLoRA
ID_9350794843721516;18;mineralogical horizon (h);mineralogy (rej);0.817;0;sem match válido;Qwen3.5-4B-QLoRA
ID_9350794843721516;19;mineralogical horizon (i);mineralogy (rej);0.848;0;sem match válido;Qwen3.5-4B-QLoRA
ID_9350794843721516;20;mineralogical horizon (j);mineralogy (rej);0.800;0;sem match válido;Qwen3.5-4B-QLoRA
ID_9430398566741698;1;brazilian teratogen information;teratogenicity (rej);0.643;0;sem match válido;Qwen3.5-4B-QLoRA
ID_9430398566741698;2;brazilian teratogen information service;teratógeno (rej);0.524;0;sem match válido;Qwen3.5-4B-QLoRA
ID_9430398566741698;3;brazilian teratogen information service (siat);teratógeno (rej);0.490;0;sem match válido;Qwen3.5-4B-QLoRA
ID_9430398566741698;4;congenital malformations;congenital disorders;0.913;3;match válido;Qwen3.5-4B-QLoRA
ID_9430398566741698;5;congenital malformations and teratogenic agents;congenital anomalies (rej);0.725;0;sem match válido;Qwen3.5-4B-QLoRA
ID_9430398566741698;6;congenital malformations and teratogenic agents in brazil;congenital anomalies (rej);0.684;0;sem match válido;Qwen3.5-4B-QLoRA
ID_9430398566741698;7;congenital malformations and teratogenicity;congenital anomalies (rej);0.799;0;sem match válido;Qwen3.5-4B-QLoRA
ID_9430398566741698;8;congenital malformations and teratogenicity in brazil;congenital anomalies (rej);0.755;0;sem match válido;Qwen3.5-4B-QLoRA
ID_9430398566741698;9;congenital malformations and teratogenicity: prenatal diagnosis;congenital anomalies (rej);0.796;0;sem match válido;Qwen3.5-4B-QLoRA
ID_9430398566741698;10;congenital malformations: prenatal diagnosis;congenital anomalies;0.873;3;match válido;Qwen3.5-4B-QLoRA
ID_9430398566741698;11;congenital malformations: prenatal diagnosis and genetic counseling;congenital disorders (rej);0.804;0;sem match válido;Qwen3.5-4B-QLoRA
ID_9430398566741698;12;congenital malformations: prenatal diagnosis: prenatal diagnosis;prenatal diagnosis;0.817;3;match válido;Qwen3.5-4B-QLoRA
ID_9430398566741698;13;;;;;;Qwen3.5-4B-QLoRA
ID_9430398566741698;14;;;;;;Qwen3.5-4B-QLoRA
ID_9430398566741698;15;;;;;;Qwen3.5-4B-QLoRA
ID_9430398566741698;16;;;;;;Qwen3.5-4B-QLoRA
ID_9430398566741698;17;;;;;;Qwen3.5-4B-QLoRA
ID_9430398566741698;18;;;;;;Qwen3.5-4B-QLoRA
ID_9430398566741698;19;;;;;;Qwen3.5-4B-QLoRA
ID_9430398566741698;20;;;;;;Qwen3.5-4B-QLoRA
ID_9542837933586912;1;complexity;interference patterns (rej);0.353;0;sem match válido;Qwen3.5-4B-QLoRA
ID_9542837933586912;2;condensed matter: electrical, magnetic and optical;directed photoluminescent emission (rej);0.510;0;sem match válido;Qwen3.5-4B-QLoRA
ID_9542837933586912;3;condensed matter: structural, mechanical & thermal;lattice dynamics (rej);0.454;0;sem match válido;Qwen3.5-4B-QLoRA
ID_9542837933586912;4;;;;;;Qwen3.5-4B-QLoRA
ID_9542837933586912;5;;;;;;Qwen3.5-4B-QLoRA
ID_9542837933586912;6;;;;;;Qwen3.5-4B-QLoRA
ID_9542837933586912;7;;;;;;Qwen3.5-4B-QLoRA
ID_9542837933586912;8;;;;;;Qwen3.5-4B-QLoRA
ID_9542837933586912;9;;;;;;Qwen3.5-4B-QLoRA
ID_9542837933586912;10;;;;;;Qwen3.5-4B-QLoRA
ID_9542837933586912;11;;;;;;Qwen3.5-4B-QLoRA
ID_9542837933586912;12;;;;;;Qwen3.5-4B-QLoRA
ID_9542837933586912;13;;;;;;Qwen3.5-4B-QLoRA
ID_9542837933586912;14;;;;;;Qwen3.5-4B-QLoRA
ID_9542837933586912;15;;;;;;Qwen3.5-4B-QLoRA
ID_9542837933586912;16;;;;;;Qwen3.5-4B-QLoRA
ID_9542837933586912;17;;;;;;Qwen3.5-4B-QLoRA
ID_9542837933586912;18;;;;;;Qwen3.5-4B-QLoRA
ID_9542837933586912;19;;;;;;Qwen3.5-4B-QLoRA
ID_9542837933586912;20;;;;;;Qwen3.5-4B-QLoRA
ID_9763437636509266;1;animal model;animal model;1.000;2;match válido;Qwen3.5-4B-QLoRA
ID_9763437636509266;2;experimental model;animal model (rej);0.627;0;sem match válido;Qwen3.5-4B-QLoRA
ID_9763437636509266;3;experimental models;animal model (rej);0.626;0;sem match válido;Qwen3.5-4B-QLoRA
ID_9763437636509266;4;experimental study;animal model (rej);0.457;0;sem match válido;Qwen3.5-4B-QLoRA
ID_9763437636509266;5;intra-vaginal pressure measurements;vaginal-pressure measurements;0.956;3;match válido;Qwen3.5-4B-QLoRA
ID_9763437636509266;6;intrapleural pressure;pressure monitoring (rej);0.639;0;sem match válido;Qwen3.5-4B-QLoRA
ID_9763437636509266;7;intrapleural pressure monitoring;pressure monitoring (rej);0.823;0;sem match válido;Qwen3.5-4B-QLoRA
ID_9763437636509266;8;intrapleural pressure monitoring system;pressure monitoring;0.858;3;match válido;Qwen3.5-4B-QLoRA
ID_9763437636509266;9;intragastric pressure;gastric yield pressure;0.805;3;match válido;Qwen3.5-4B-QLoRA
ID_9763437636509266;10;intragastric pressure and volume;gastric yield pressure (rej);0.777;0;sem match válido;Qwen3.5-4B-QLoRA
ID_9763437636509266;11;intragastric pressure-volume;gastric yield pressure (rej);0.772;0;sem match válido;Qwen3.5-4B-QLoRA
ID_9763437636509266;12;intragastric pressure–volume;gastric yield pressure (rej);0.779;0;sem match válido;Qwen3.5-4B-QLoRA
ID_9763437636509266;13;intragastric pressure–volume recordings;gastric yield pressure (rej);0.712;0;sem match válido;Qwen3.5-4B-QLoRA
ID_9763437636509266;14;intragastric pressure–volume recordings system;pressure monitoring (rej);0.683;0;sem match válido;Qwen3.5-4B-QLoRA
ID_9763437636509266;15;manometry;pressure monitoring (rej);0.504;0;sem match válido;Qwen3.5-4B-QLoRA
ID_9763437636509266;16;obstructive ventilatory defects;tracheal stenosis (rej);0.620;0;sem match válido;Qwen3.5-4B-QLoRA
ID_9763437636509266;17;pleural empyema;tracheal stenosis (rej);0.413;0;sem match válido;Qwen3.5-4B-QLoRA
ID_9763437636509266;18;pleural fluid;tracheal stenosis (rej);0.447;0;sem match válido;Qwen3.5-4B-QLoRA
ID_9763437636509266;19;pleural fluid volume;gastric yield volume (rej);0.432;0;sem match válido;Qwen3.5-4B-QLoRA
ID_9763437636509266;20;pleural fluid–volume;pre- and post-bronchodilator (rej);0.433;0;sem match válido;Qwen3.5-4B-QLoRA
ID_9836776931160228;1;finite state machine;finite state machine;1.000;3;match válido;Qwen3.5-4B-QLoRA
ID_9836776931160228;2;finite state machines;finite state machines;1.000;3;match válido;Qwen3.5-4B-QLoRA
ID_9836776931160228;3;model-based testing;test analysis;0.767;2;match válido;Qwen3.5-4B-QLoRA
ID_9836776931160228;4;model-based testing process;testing tool (rej);0.741;0;sem match válido;Qwen3.5-4B-QLoRA
ID_9836776931160228;5;model-based testing tools;testing tool;0.797;2;match válido;Qwen3.5-4B-QLoRA
ID_9836776931160228;6;mutation testing;mutation testing;1.000;2;match válido;Qwen3.5-4B-QLoRA
ID_9836776931160228;7;mutation testing cost reduction;mutation testing (rej);0.738;0;sem match válido;Qwen3.5-4B-QLoRA
ID_9836776931160228;8;mutation testing environment;mutation testing (rej);0.920;0;sem match válido;Qwen3.5-4B-QLoRA
ID_9836776931160228;9;mutation testing process;mutation testing (rej);0.978;0;sem match válido;Qwen3.5-4B-QLoRA
ID_9836776931160228;10;mutation testing tools;mutation testing (rej);0.967;0;sem match válido;Qwen3.5-4B-QLoRA
ID_9836776931160228;11;mutation testing application;mutation testing (rej);0.970;0;sem match válido;Qwen3.5-4B-QLoRA
ID_9836776931160228;12;mutation testing cost;mutation testing (rej);0.763;0;sem match válido;Qwen3.5-4B-QLoRA
ID_9836776931160228;13;mutation testing application cost;mutation testing (rej);0.734;0;sem match válido;Qwen3.5-4B-QLoRA
ID_9836776931160228;14;mutation testing cost reduction process;mutation testing (rej);0.737;0;sem match válido;Qwen3.5-4B-QLoRA
ID_9836776931160228;15;mutation testing tools cost reduction;mutation testing (rej);0.724;0;sem match válido;Qwen3.5-4B-QLoRA
ID_9836776931160228;16;mutation testing tools cost reduction process;mutation testing (rej);0.711;0;sem match válido;Qwen3.5-4B-QLoRA
ID_9836776931160228;17;;;;;;Qwen3.5-4B-QLoRA
ID_9836776931160228;18;;;;;;Qwen3.5-4B-QLoRA
ID_9836776931160228;19;;;;;;Qwen3.5-4B-QLoRA
ID_9836776931160228;20;;;;;;Qwen3.5-4B-QLoRA
ID_9848311210578810;1;crystallite size;crystal structure;0.859;3;match válido;Qwen3.5-4B-QLoRA
ID_9848311210578810;2;electronic structure;electronic structure;1.000;3;match válido;Qwen3.5-4B-QLoRA
ID_9848311210578810;3;highly efficient photocatalysts;photoluminescent properties (rej);0.597;0;sem match válido;Qwen3.5-4B-QLoRA
ID_9848311210578810;4;magnetic properties;condensed matter: electrical, magnetic and optical  (rej);0.692;0;sem match válido;Qwen3.5-4B-QLoRA
ID_9848311210578810;5;microwave hydrothermal synthesis;microwave (rej);0.672;0;sem match válido;Qwen3.5-4B-QLoRA
ID_9848311210578810;6;microwave-assisted hydrothermal;microwave (rej);0.674;0;sem match válido;Qwen3.5-4B-QLoRA
ID_9848311210578810;7;microwave-assisted hydrothermal method;microwave (rej);0.634;0;sem match válido;Qwen3.5-4B-QLoRA
ID_9848311210578810;8;microwave-assisted hydrothermal synthesis;microwave (rej);0.608;0;sem match válido;Qwen3.5-4B-QLoRA
ID_9848311210578810;9;microwave-assisted solvothermal;microwave (rej);0.743;0;sem match válido;Qwen3.5-4B-QLoRA
ID_9848311210578810;10;morphology;formation (rej);0.576;0;sem match válido;Qwen3.5-4B-QLoRA
ID_9848311210578810;11;nanoparticles;microstructure (rej);0.524;0;sem match válido;Qwen3.5-4B-QLoRA
ID_9848311210578810;12;nanorods;microstructure (rej);0.606;0;sem match válido;Qwen3.5-4B-QLoRA
ID_9848311210578810;13;photoluminescence;photoluminescence;1.000;3;match válido;Qwen3.5-4B-QLoRA
ID_9848311210578810;14;photoluminescence properties;photoluminescent properties;0.986;3;match válido;Qwen3.5-4B-QLoRA
ID_9848311210578810;15;photocatalytic activity;photoluminescent behavior (rej);0.730;0;sem match válido;Qwen3.5-4B-QLoRA
ID_9848311210578810;16;photocatalytic properties;photoluminescent properties (rej);0.792;0;sem match válido;Qwen3.5-4B-QLoRA
ID_9848311210578810;17;photocatalytic performance;photoluminescent behavior (rej);0.709;0;sem match válido;Qwen3.5-4B-QLoRA
ID_9848311210578810;18;photocatalysis;photoluminescence (rej);0.693;0;sem match válido;Qwen3.5-4B-QLoRA
ID_9848311210578810;19;quantum mechanical calculations;theoretical and experimental (rej);0.504;0;sem match válido;Qwen3.5-4B-QLoRA
ID_9848311210578810;20;scanning electron microscopy;scanning electron microscopy;1.000;3;match válido;Qwen3.5-4B-QLoRA
ID_9856332816841794;1;blood gases;ventilatory response (rej);0.523;0;sem match válido;Qwen3.5-4B-QLoRA
ID_9856332816841794;2;cardiopulmonary function;ventricular haemodynamics;0.752;3;match válido;Qwen3.5-4B-QLoRA
ID_9856332816841794;3;chronic chagas' disease;mesopneumonia (rej);0.419;0;sem match válido;Qwen3.5-4B-QLoRA
ID_9856332816841794;4;chronic chagasic;posterior vena cava (rej);0.425;0;sem match válido;Qwen3.5-4B-QLoRA
ID_9856332816841794;5;chronic chagasic cardiomyopathy;ventricular haemodynamics (rej);0.544;0;sem match válido;Qwen3.5-4B-QLoRA
ID_9856332816841794;6;exercise capacity;respiration (rej);0.365;0;sem match válido;Qwen3.5-4B-QLoRA
ID_9856332816841794;7;gastrointestinal transit;stomach and intestine;0.823;1;match válido;Qwen3.5-4B-QLoRA
ID_9856332816841794;8;granulocyte colony-stimulating factor;metabolic response (rej);0.337;0;sem match válido;Qwen3.5-4B-QLoRA
ID_9856332816841794;9;heart;ventricular haemodynamics (rej);0.552;0;sem match válido;Qwen3.5-4B-QLoRA
ID_9856332816841794;10;heart rate;ventricular haemodynamics (rej);0.683;0;sem match válido;Qwen3.5-4B-QLoRA
ID_9856332816841794;11;heart rate variability;ventricular haemodynamics (rej);0.659;0;sem match válido;Qwen3.5-4B-QLoRA
ID_9856332816841794;12;hypoxia;responses to hypoxia;0.927;3;match válido;Qwen3.5-4B-QLoRA
ID_9856332816841794;13;lungs and mesopneumonia;mesopneumonia (rej);0.831;0;sem match válido;Qwen3.5-4B-QLoRA
ID_9856332816841794;14;metabolic response;metabolic response;1.000;3;match válido;Qwen3.5-4B-QLoRA
ID_9856332816841794;15;mesopneumonia;mesopneumonia;1.000;3;match válido;Qwen3.5-4B-QLoRA
ID_9856332816841794;16;mesopneumonia of scincomorph;mesopneumonia (rej);0.790;0;sem match válido;Qwen3.5-4B-QLoRA
ID_9856332816841794;17;morphometric analyses;morphology (rej);0.540;0;sem match válido;Qwen3.5-4B-QLoRA
ID_9856332816841794;18;morphometric diffusing capacity;spatial distribution (rej);0.375;0;sem match válido;Qwen3.5-4B-QLoRA
ID_9856332816841794;19;oxygen consumption;ventilation and breathing (rej);0.657;0;sem match válido;Qwen3.5-4B-QLoRA
ID_9856332816841794;20;pulmonary emphysema;pulmonary structure (rej);0.666;0;sem match válido;Qwen3.5-4B-QLoRA
