Autor;Rank;Tag_Predita;Melhor_Match_Gabarito;Similaridade;Peso;Match_Status;Modelo
ID_9350794843721516;1;Ensino de Quimica;professores de química;0.888;1;match válido;Qwen3.5-4B
ID_9350794843721516;2;Formacao de Professores;professores de química (rej);0.670;0;sem match válido;Qwen3.5-4B
ID_9350794843721516;3;Didatica;remoção do corante (rej);0.414;0;sem match válido;Qwen3.5-4B
ID_9350794843721516;4;Pibid;corante reativo azul (rej);0.403;0;sem match válido;Qwen3.5-4B
ID_9350794843721516;5;Mineralogia;mineralogy;0.975;2;match válido;Qwen3.5-4B
ID_9350794843721516;6;Argilas;argila de solos (rej);0.721;0;sem match válido;Qwen3.5-4B
ID_9350794843721516;7;Solos;adsorção em diferentes (rej);0.421;0;sem match válido;Qwen3.5-4B
ID_9350794843721516;8;Toposequencia;remoção do corante (rej);0.603;0;sem match válido;Qwen3.5-4B
ID_9350794843721516;9;Area Superficial Especifica;specific surface (rej);0.702;0;sem match válido;Qwen3.5-4B
ID_9350794843721516;10;Capacidade de Troca Cationica;effective cation exchange (rej);0.578;0;sem match válido;Qwen3.5-4B
ID_9350794843721516;11;Oxidos de Ferro;free iron (rej);0.700;0;sem match válido;Qwen3.5-4B
ID_9350794843721516;12;Maghemita;argila de solos (rej);0.438;0;sem match válido;Qwen3.5-4B
ID_9350794843721516;13;Magnetita;specific surface (rej);0.403;0;sem match válido;Qwen3.5-4B
ID_9350794843721516;14;Nanoparticulas;low cristalinity aluminosilicate (rej);0.455;0;sem match válido;Qwen3.5-4B
ID_9350794843721516;15;Adsorcao;adsorção em diferentes;0.816;1;match válido;Qwen3.5-4B
ID_9350794843721516;16;Metais Pesados;remoção do corante (rej);0.651;0;sem match válido;Qwen3.5-4B
ID_9350794843721516;17;Lignina;functionalized formic lignin (rej);0.700;0;sem match válido;Qwen3.5-4B
ID_9350794843721516;18;Biossorcao;gibbsite and organic carbon (rej);0.428;0;sem match válido;Qwen3.5-4B
ID_9350794843721516;19;Corantes;corante reativo azul (rej);0.601;0;sem match válido;Qwen3.5-4B
ID_9350794843721516;20;Carboximetilada;diferentes materiais (rej);0.498;0;sem match válido;Qwen3.5-4B
ID_6284168579617066;1;DFT;dft;0.962;3;match válido;Qwen3.5-4B
ID_6284168579617066;2;B3LYP;dft (rej);0.376;0;sem match válido;Qwen3.5-4B
ID_6284168579617066;3;photoluminescence;photoluminescence;1.000;3;match válido;Qwen3.5-4B
ID_6284168579617066;4;nanoparticles;semiconducting surfaces (rej);0.524;0;sem match válido;Qwen3.5-4B
ID_6284168579617066;5;TiO2;titanium oxide (rej);0.568;0;sem match válido;Qwen3.5-4B
ID_6284168579617066;6;ZnS;dft (rej);0.537;0;sem match válido;Qwen3.5-4B
ID_6284168579617066;7;ZnO;dft (rej);0.472;0;sem match válido;Qwen3.5-4B
ID_6284168579617066;8;CdSe;dft (rej);0.589;0;sem match válido;Qwen3.5-4B
ID_6284168579617066;9;CdS;dft (rej);0.584;0;sem match válido;Qwen3.5-4B
ID_6284168579617066;10;CaTiO3;surfaces of anatase (rej);0.403;0;sem match válido;Qwen3.5-4B
ID_6284168579617066;11;BaZrO3;surface (rej);0.395;0;sem match válido;Qwen3.5-4B
ID_6284168579617066;12;SnO2;tin dioxide (rej);0.451;0;sem match válido;Qwen3.5-4B
ID_6284168579617066;13;GaN;dft (rej);0.414;0;sem match válido;Qwen3.5-4B
ID_6284168579617066;14;perovskite;zinc sulfide (rej);0.371;0;sem match válido;Qwen3.5-4B
ID_6284168579617066;15;microwave-assisted;electronic structures (rej);0.418;0;sem match válido;Qwen3.5-4B
ID_6284168579617066;16;hydrothermal;surface (rej);0.373;0;sem match válido;Qwen3.5-4B
ID_6284168579617066;17;solvothermal;zinc sulfide (rej);0.438;0;sem match válido;Qwen3.5-4B
ID_6284168579617066;18;order-disorder;structural order–disorder;0.853;2;match válido;Qwen3.5-4B
ID_6284168579617066;19;doping;dft (rej);0.357;0;sem match válido;Qwen3.5-4B
ID_6284168579617066;20;oxygen-vacancy;oxygen vacancies;0.792;3;match válido;Qwen3.5-4B
ID_9848311210578810;1;tag1;rietveld refinement (rej);0.381;0;sem match válido;Qwen3.5-4B
ID_9848311210578810;2;tag2;rietveld refinement (rej);0.363;0;sem match válido;Qwen3.5-4B
ID_9848311210578810;3;"mantenha o IDIOMA das publicações nas tags — se as publicações estão em português, as tags devem estar em português; se estão em inglês, em inglês.";influence (rej);0.223;0;sem match válido;Qwen3.5-4B
ID_9848311210578810;4;Efeito do Residuo de carbono...;effect (rej);0.515;0;sem match válido;Qwen3.5-4B
ID_9848311210578810;5;Sintese;varistor (rej);0.673;0;sem match válido;Qwen3.5-4B
ID_9848311210578810;6;Engenharia de Materiais;tin oxide (rej);0.561;0;sem match válido;Qwen3.5-4B
ID_9848311210578810;7;mantenha o IDIOMA das publicações nas tags;influence (rej);0.316;0;sem match válido;Qwen3.5-4B
ID_9848311210578810;8;"se as publicações estão em português, as tags devem estar em português; se estão em inglês, em inglês.";influence (rej);0.206;0;sem match válido;Qwen3.5-4B
ID_9848311210578810;9;language of the publication;relation (rej);0.368;0;sem match válido;Qwen3.5-4B
ID_9848311210578810;10;Efeito do Residuo...;effect (rej);0.631;0;sem match válido;Qwen3.5-4B
ID_9848311210578810;11;;;;;;Qwen3.5-4B
ID_9848311210578810;12;;;;;;Qwen3.5-4B
ID_9848311210578810;13;;;;;;Qwen3.5-4B
ID_9848311210578810;14;;;;;;Qwen3.5-4B
ID_9848311210578810;15;;;;;;Qwen3.5-4B
ID_9848311210578810;16;;;;;;Qwen3.5-4B
ID_9848311210578810;17;;;;;;Qwen3.5-4B
ID_9848311210578810;18;;;;;;Qwen3.5-4B
ID_9848311210578810;19;;;;;;Qwen3.5-4B
ID_9848311210578810;20;;;;;;Qwen3.5-4B
ID_0144465590218939;1;assistant;pparα (rej);0.409;0;sem match válido;Qwen3.5-4B
ID_0144465590218939;2;"The output must be a JSON object with a ""tags"" array.";akt (rej);0.095;0;sem match válido;Qwen3.5-4B
ID_0144465590218939;3;though some are in English).;pparα (rej);0.340;0;sem match válido;Qwen3.5-4B
ID_0144465590218939;4;Tags should be short (1-3 words);pparα (rej);0.240;0;sem match válido;Qwen3.5-4B
ID_0144465590218939;5;specific;pparα (rej);0.487;0;sem match válido;Qwen3.5-4B
ID_0144465590218939;6;and descriptive.;pparα (rej);0.404;0;sem match válido;Qwen3.5-4B
ID_0144465590218939;7;**Analysis of Publications:**;pparα (rej);0.374;0;sem match válido;Qwen3.5-4B
ID_0144465590218939;8;Insulin Sensitivity;insulin secretion;0.799;3;match válido;Qwen3.5-4B
ID_0144465590218939;9;PI3K;pparα (rej);0.474;0;sem match válido;Qwen3.5-4B
ID_0144465590218939;10;AKT;pparα;0.838;1;match válido;Qwen3.5-4B
ID_0144465590218939;11;Muscle;obesity (rej);0.364;0;sem match válido;Qwen3.5-4B
ID_0144465590218939;12;Liver;pancreatic islet (rej);0.410;0;sem match válido;Qwen3.5-4B
ID_0144465590218939;13;Rats.;early lactating rats (rej);0.583;0;sem match válido;Qwen3.5-4B
ID_0144465590218939;14;Insulin Receptor;insulin receptor;0.976;3;match válido;Qwen3.5-4B
ID_0144465590218939;15;Hypothalamus;phosphorylation status (rej);0.399;0;sem match válido;Qwen3.5-4B
ID_0144465590218939;16;Tyrosine Phosphorylation;tyrosine phosphorylation;0.959;2;match válido;Qwen3.5-4B
ID_0144465590218939;17;Signaling.;signal transduction pathway (rej);0.585;0;sem match válido;Qwen3.5-4B
ID_0144465590218939;18;Arginase;pparα (rej);0.542;0;sem match válido;Qwen3.5-4B
ID_0144465590218939;19;Oxidative Stress;oxidative stress response;0.897;3;match válido;Qwen3.5-4B
ID_0144465590218939;20;Asthma;renal hypertension (rej);0.316;0;sem match válido;Qwen3.5-4B
ID_0174325304693036;1;tag1;co-expression of mct1 (rej);0.289;0;sem match válido;Qwen3.5-4B
ID_0174325304693036;2;tag2;cabeça e pescoço (rej);0.265;0;sem match válido;Qwen3.5-4B
ID_0174325304693036;3;;;;;;Qwen3.5-4B
ID_0174325304693036;4;;;;;;Qwen3.5-4B
ID_0174325304693036;5;;;;;;Qwen3.5-4B
ID_0174325304693036;6;;;;;;Qwen3.5-4B
ID_0174325304693036;7;;;;;;Qwen3.5-4B
ID_0174325304693036;8;;;;;;Qwen3.5-4B
ID_0174325304693036;9;;;;;;Qwen3.5-4B
ID_0174325304693036;10;;;;;;Qwen3.5-4B
ID_0174325304693036;11;;;;;;Qwen3.5-4B
ID_0174325304693036;12;;;;;;Qwen3.5-4B
ID_0174325304693036;13;;;;;;Qwen3.5-4B
ID_0174325304693036;14;;;;;;Qwen3.5-4B
ID_0174325304693036;15;;;;;;Qwen3.5-4B
ID_0174325304693036;16;;;;;;Qwen3.5-4B
ID_0174325304693036;17;;;;;;Qwen3.5-4B
ID_0174325304693036;18;;;;;;Qwen3.5-4B
ID_0174325304693036;19;;;;;;Qwen3.5-4B
ID_0174325304693036;20;;;;;;Qwen3.5-4B
ID_0229339143607870;1;Schistosoma mansoni;schistosoma mansoni;0.996;3;match válido;Qwen3.5-4B
ID_0229339143607870;2;Schistosoma japonicum;schistosoma japonicum;0.997;2;match válido;Qwen3.5-4B
ID_0229339143607870;3;Trypanosoma cruzi;trypanosoma cruzi;0.994;3;match válido;Qwen3.5-4B
ID_0229339143607870;4;multiple sclerosis;stages of schistosoma (rej);0.468;0;sem match válido;Qwen3.5-4B
ID_0229339143607870;5;natalizumab;rna-seq (rej);0.498;0;sem match válido;Qwen3.5-4B
ID_0229339143607870;6;adverse events;tegument (rej);0.539;0;sem match válido;Qwen3.5-4B
ID_0229339143607870;7;immunoglobulin;characterization and immunolocalization (rej);0.727;0;sem match válido;Qwen3.5-4B
ID_0229339143607870;8;postpartum treatment;tegument (rej);0.167;0;sem match válido;Qwen3.5-4B
ID_0229339143607870;9;antibodies;characterization and immunolocalization (rej);0.720;0;sem match válido;Qwen3.5-4B
ID_0229339143607870;10;monoclonal;repetitive elements (rej);0.417;0;sem match válido;Qwen3.5-4B
ID_0229339143607870;11;ATPDase;apyrase (rej);0.459;0;sem match válido;Qwen3.5-4B
ID_0229339143607870;12;apyrase;apyrase;1.000;3;match válido;Qwen3.5-4B
ID_0229339143607870;13;RACK;tegument (rej);0.460;0;sem match válido;Qwen3.5-4B
ID_0229339143607870;14;PfRACK;apyrase (rej);0.485;0;sem match válido;Qwen3.5-4B
ID_0229339143607870;15;septin;tegument (rej);0.462;0;sem match válido;Qwen3.5-4B
ID_0229339143607870;16;SmSEPT10;tegument (rej);0.414;0;sem match válido;Qwen3.5-4B
ID_0229339143607870;17;SmSEPT5;tegument (rej);0.377;0;sem match válido;Qwen3.5-4B
ID_0229339143607870;18;SmSEPT7;tegument (rej);0.392;0;sem match válido;Qwen3.5-4B
ID_0229339143607870;19;transcriptome;transcriptome;1.000;3;match válido;Qwen3.5-4B
ID_0229339143607870;20;RNA-seq;transcriptome (rej);0.710;0;sem match válido;Qwen3.5-4B
ID_0535860239259102;1;Amazonia;amazonia;0.984;2;match válido;Qwen3.5-4B
ID_0535860239259102;2;floresta tropical;tropical forest;0.994;2;match válido;Qwen3.5-4B
ID_0535860239259102;3;floresta amazônica;amazonian forest;0.954;2;match válido;Qwen3.5-4B
ID_0535860239259102;4;Pantanal;tropical south (rej);0.365;0;sem match válido;Qwen3.5-4B
ID_0535860239259102;5;Camada Limite Superficial;surface layer (rej);0.499;0;sem match válido;Qwen3.5-4B
ID_0535860239259102;6;Micrometeorologia;terrestrial biosphere (rej);0.544;0;sem match válido;Qwen3.5-4B
ID_0535860239259102;7;Fluxos de Carbono;terrestrial carbon exchange;0.827;3;match válido;Qwen3.5-4B
ID_0535860239259102;8;Fluxos de Energia;variations in energy;0.787;1;match válido;Qwen3.5-4B
ID_0535860239259102;9;Fluxos Turbulentos;turbulence;0.856;2;match válido;Qwen3.5-4B
ID_0535860239259102;10;Correlação de Eddy;eddy covariance;0.784;3;match válido;Qwen3.5-4B
ID_0535860239259102;11;Balanco de Radiacao;net radiation (rej);0.615;0;sem match válido;Qwen3.5-4B
ID_0535860239259102;12;Evapotranspiracao;evapotranspiration;0.920;2;match válido;Qwen3.5-4B
ID_0535860239259102;13;Biomassa;energy and carbon (rej);0.683;0;sem match válido;Qwen3.5-4B
ID_0535860239259102;14;Ciclo do Carbono;energy and carbon;0.799;3;match válido;Qwen3.5-4B
ID_0535860239259102;15;Clima;seasonal variations (rej);0.653;0;sem match válido;Qwen3.5-4B
ID_0535860239259102;16;Mudancas Climaticas;terrestrial carbon exchange (rej);0.626;0;sem match válido;Qwen3.5-4B
ID_0535860239259102;17;Secas;tropical south (rej);0.486;0;sem match válido;Qwen3.5-4B
ID_0535860239259102;18;Floresta;forest;0.954;2;match válido;Qwen3.5-4B
ID_0535860239259102;19;Pastagem;scintillometer (rej);0.466;0;sem match válido;Qwen3.5-4B
ID_0535860239259102;20;Albedo;smoke and clouds (rej);0.446;0;sem match válido;Qwen3.5-4B
ID_0848413770343284;1;Multiple sclerosis;inflammation and thrombosis (rej);0.469;0;sem match válido;Qwen3.5-4B
ID_0848413770343284;2;Natalizumab;venom (rej);0.703;0;sem match válido;Qwen3.5-4B
ID_0848413770343284;3;Adverse events;venom (rej);0.404;0;sem match válido;Qwen3.5-4B
ID_0848413770343284;4;Immunoglobulin;inhibits inflammation (rej);0.540;0;sem match válido;Qwen3.5-4B
ID_0848413770343284;5;Postpartum treatment;venom (rej);0.293;0;sem match válido;Qwen3.5-4B
ID_0848413770343284;6;Melanoma;salivary gland (rej);0.475;0;sem match válido;Qwen3.5-4B
ID_0848413770343284;7;Thrombomodulin;thrombin;0.859;3;match válido;Qwen3.5-4B
ID_0848413770343284;8;Cell migration;tissue factor expression (rej);0.373;0;sem match válido;Qwen3.5-4B
ID_0848413770343284;9;Vascular endothelial growth factor;angiogenesis (rej);0.632;0;sem match válido;Qwen3.5-4B
ID_0848413770343284;10;Interleukin-8;b16f10-assembled prothrombinase complex (rej);0.435;0;sem match válido;Qwen3.5-4B
ID_0848413770343284;11;Tissue factor;tissue factor;0.970;3;match válido;Qwen3.5-4B
ID_0848413770343284;12;Phosphatidylserine;phosphatidylserine;0.992;3;match válido;Qwen3.5-4B
ID_0848413770343284;13;Chagas disease;venom (rej);0.381;0;sem match válido;Qwen3.5-4B
ID_0848413770343284;14;Trypanosoma cruzi;bothrops jararaca snakes (rej);0.381;0;sem match válido;Qwen3.5-4B
ID_0848413770343284;15;Platelet-activating factor;prothrombin activation (rej);0.639;0;sem match válido;Qwen3.5-4B
ID_0848413770343284;16;Platelet aggregation;blood coagulation (rej);0.581;0;sem match válido;Qwen3.5-4B
ID_0848413770343284;17;Malaria;parasitized red blood (rej);0.465;0;sem match válido;Qwen3.5-4B
ID_0848413770343284;18;Plasmodium falciparum;phosphatidylserine (rej);0.400;0;sem match válido;Qwen3.5-4B
ID_0848413770343284;19;Mosquito saliva;venom (rej);0.484;0;sem match válido;Qwen3.5-4B
ID_0848413770343284;20;Anticoagulant;venom (rej);0.591;0;sem match válido;Qwen3.5-4B
ID_1041565102315246;1;Esclerose multipla;sun: flares (rej);0.276;0;sem match válido;Qwen3.5-4B
ID_1041565102315246;2;Natalizumab;surface (rej);0.433;0;sem match válido;Qwen3.5-4B
ID_1041565102315246;3;Eventos adversos;sun: flares (rej);0.314;0;sem match válido;Qwen3.5-4B
ID_1041565102315246;4;Imunoglobulinas;surface (rej);0.110;0;sem match válido;Qwen3.5-4B
ID_1041565102315246;5;Tratamento pós-parto;surface (rej);0.118;0;sem match válido;Qwen3.5-4B
ID_1041565102315246;6;Eclampsia;surface (rej);0.191;0;sem match válido;Qwen3.5-4B
ID_1041565102315246;7;Física solar;solar radius;0.831;2;match válido;Qwen3.5-4B
ID_1041565102315246;8;Erupções solares;solar flares;0.855;3;match válido;Qwen3.5-4B
ID_1041565102315246;9;Emissão radio;submillimeter array radio (rej);0.635;0;sem match válido;Qwen3.5-4B
ID_1041565102315246;10;Ondas submilimétricas;submillimeter spectral component (rej);0.747;0;sem match válido;Qwen3.5-4B
ID_1041565102315246;11;Telescópio solar;solar flare (rej);0.758;0;sem match válido;Qwen3.5-4B
ID_1041565102315246;12;Observações solares;sun: solar flares;0.886;3;match válido;Qwen3.5-4B
ID_1041565102315246;13;Flares solares;solar flare;0.962;3;match válido;Qwen3.5-4B
ID_1041565102315246;14;Elétrons não térmicos;radiation mechanisms: non-thermal (rej);0.624;0;sem match válido;Qwen3.5-4B
ID_1041565102315246;15;Giroassincrotron;starspots on corot-2 (rej);0.470;0;sem match válido;Qwen3.5-4B
ID_1041565102315246;16;Campo magnético solar;solar flare (rej);0.716;0;sem match válido;Qwen3.5-4B
ID_1041565102315246;17;Atmosfera solar;solar atmospheric model;0.877;3;match válido;Qwen3.5-4B
ID_1041565102315246;18;Regiões ativas;active region;0.776;2;match válido;Qwen3.5-4B
ID_1041565102315246;19;Ciclo solar;solar flare (rej);0.820;0;sem match válido;Qwen3.5-4B
ID_1041565102315246;20;Raios X;x-ray observations (rej);0.721;0;sem match válido;Qwen3.5-4B
ID_1305553577433058;1;Multiple Sclerosis;necrosis (rej);0.483;0;sem match válido;Qwen3.5-4B
ID_1305553577433058;2;Natalizumab;vitro (rej);0.583;0;sem match válido;Qwen3.5-4B
ID_1305553577433058;3;Adverse Events;toxicity (rej);0.529;0;sem match válido;Qwen3.5-4B
ID_1305553577433058;4;Immunoglobulin;cultured human lymphocytes (rej);0.515;0;sem match válido;Qwen3.5-4B
ID_1305553577433058;5;Cancer Cell Lines;cancer cell lines;0.994;3;match válido;Qwen3.5-4B
ID_1305553577433058;6;Naphthoquinones;phenolic compounds (rej);0.580;0;sem match válido;Qwen3.5-4B
ID_1305553577433058;7;Cytotoxicity;cytotoxic activity;0.946;3;match válido;Qwen3.5-4B
ID_1305553577433058;8;Anticancer;antitumor activity;0.851;3;match válido;Qwen3.5-4B
ID_1305553577433058;9;Polyketides;piplartine (rej);0.553;0;sem match válido;Qwen3.5-4B
ID_1305553577433058;10;Lapachone;lapachol;0.958;3;match válido;Qwen3.5-4B
ID_1305553577433058;11;Beta-lapachone;lapachol (rej);0.729;0;sem match válido;Qwen3.5-4B
ID_1305553577433058;12;Fluorescent Probes;vitro (rej);0.545;0;sem match válido;Qwen3.5-4B
ID_1305553577433058;13;Essential Oils;essential oil;0.967;2;match válido;Qwen3.5-4B
ID_1305553577433058;14;Antitumor;antitumor;0.988;3;match válido;Qwen3.5-4B
ID_1305553577433058;15;Brazilian Plants;brazilian cerrado plant;0.936;3;match válido;Qwen3.5-4B
ID_1305553577433058;16;Propolis;vitro (rej);0.548;0;sem match válido;Qwen3.5-4B
ID_1305553577433058;17;Medicinal Plants;leaves of acnistius (rej);0.630;0;sem match válido;Qwen3.5-4B
ID_1305553577433058;18;Apoptosis;apoptosis;0.990;3;match válido;Qwen3.5-4B
ID_1305553577433058;19;DNA Damage;genotoxicity (rej);0.638;0;sem match válido;Qwen3.5-4B
ID_1305553577433058;20;Marine Fungi;sea urchin embryos (rej);0.511;0;sem match válido;Qwen3.5-4B
ID_1351748125964309;1;Mata Atlantica;atlantic forest (rej);0.697;0;sem match válido;Qwen3.5-4B
ID_1351748125964309;2;conservacao da biodiversidade;tropical biodiversity (rej);0.747;0;sem match válido;Qwen3.5-4B
ID_1351748125964309;3;fragmentacao de habitat;habitat fragmentation;0.940;3;match válido;Qwen3.5-4B
ID_1351748125964309;4;pequenos mamiferos;small mammal species;0.900;2;match válido;Qwen3.5-4B
ID_1351748125964309;5;mamiferos;terrestrial rodents;0.760;2;match válido;Qwen3.5-4B
ID_1351748125964309;6;roedores;terrestrial rodents (rej);0.647;0;sem match válido;Qwen3.5-4B
ID_1351748125964309;7;marsupiais;terrestrial rodents (rej);0.531;0;sem match válido;Qwen3.5-4B
ID_1351748125964309;8;ecologia da paisagem;habitat loss (rej);0.721;0;sem match válido;Qwen3.5-4B
ID_1351748125964309;9;ecologia de comunidades;habitat loss (rej);0.631;0;sem match válido;Qwen3.5-4B
ID_1351748125964309;10;biodiversidade;tropical biodiversity;0.799;2;match válido;Qwen3.5-4B
ID_1351748125964309;11;agrofloresta;wildlife-friendly agriculture (rej);0.518;0;sem match válido;Qwen3.5-4B
ID_1351748125964309;12;cacau;terrestrial rodents (rej);0.411;0;sem match válido;Qwen3.5-4B
ID_1351748125964309;13;estradas;landscape connectivity (rej);0.522;0;sem match válido;Qwen3.5-4B
ID_1351748125964309;14;corredores ecologicos;forest (rej);0.574;0;sem match válido;Qwen3.5-4B
ID_1351748125964309;15;metamamiferos;terrestrial rodents (rej);0.363;0;sem match válido;Qwen3.5-4B
ID_1351748125964309;16;metapopulacoes;terrestrial rodents (rej);0.454;0;sem match válido;Qwen3.5-4B
ID_1351748125964309;17;dinamicas populacionais;fragmentation (rej);0.393;0;sem match válido;Qwen3.5-4B
ID_1351748125964309;18;ecologia comportamental;habitat loss (rej);0.491;0;sem match válido;Qwen3.5-4B
ID_1351748125964309;19;reproducao;terrestrial rodents (rej);0.432;0;sem match válido;Qwen3.5-4B
ID_1351748125964309;20;movimento animal;terrestrial rodents (rej);0.549;0;sem match válido;Qwen3.5-4B
ID_1827829018668226;1;Aspect-Oriented Software Development;aspect-oriented software;0.892;3;match válido;Qwen3.5-4B
ID_1827829018668226;2;Software Architecture;software architecture;0.992;3;match válido;Qwen3.5-4B
ID_1827829018668226;3;Architectural Styles;design (rej);0.678;0;sem match válido;Qwen3.5-4B
ID_1827829018668226;4;ADL;empirical studies (rej);0.314;0;sem match válido;Qwen3.5-4B
ID_1827829018668226;5;AspectualACME;objects and agents (rej);0.553;0;sem match válido;Qwen3.5-4B
ID_1827829018668226;6;Multi-Agent Systems;multi-agent systems;0.973;2;match válido;Qwen3.5-4B
ID_1827829018668226;7;Multi-Agent Architectures;engineering multi-agent systems;0.849;2;match válido;Qwen3.5-4B
ID_1827829018668226;8;Dynamic Reconfiguration;model composition (rej);0.434;0;sem match válido;Qwen3.5-4B
ID_1827829018668226;9;Generic Connector;crosscutting interfaces (rej);0.529;0;sem match válido;Qwen3.5-4B
ID_1827829018668226;10;Crosscutting Interfaces;crosscutting interfaces;0.991;3;match válido;Qwen3.5-4B
ID_1827829018668226;11;ACME;objects and agents (rej);0.328;0;sem match válido;Qwen3.5-4B
ID_1827829018668226;12;Variability Management;requirements management (rej);0.517;0;sem match válido;Qwen3.5-4B
ID_1827829018668226;13;Software Visualization;software design (rej);0.682;0;sem match válido;Qwen3.5-4B
ID_1827829018668226;14;Modularity;modularity assessment;0.874;3;match válido;Qwen3.5-4B
ID_1827829018668226;15;Empirical Studies;empirical studies;0.834;3;match válido;Qwen3.5-4B
ID_1827829018668226;16;Model Composition;model composition;0.986;2;match válido;Qwen3.5-4B
ID_1827829018668226;17;Software Engineering;software engineering;0.997;3;match válido;Qwen3.5-4B
ID_1827829018668226;18;Brazilian Research Community;empirical studies (rej);0.463;0;sem match válido;Qwen3.5-4B
ID_1827829018668226;19;AOSD-BR;software architecture (rej);0.346;0;sem match válido;Qwen3.5-4B
ID_1827829018668226;20;Aspect Patterns;design patterns;0.763;3;match válido;Qwen3.5-4B
ID_1885766127325722;1;tag1;aim (rej);0.330;0;sem match válido;Qwen3.5-4B
ID_1885766127325722;2;tag2;specific combination (rej);0.320;0;sem match válido;Qwen3.5-4B
ID_1885766127325722;3;Fixacao Biologica de Nitrogenio;nitrogenase activity;0.863;1;match válido;Qwen3.5-4B
ID_1885766127325722;4;Avaliacao da eficiencia...;technical approaches (rej);0.470;0;sem match válido;Qwen3.5-4B
ID_1885766127325722;5;Multiple sclerosis...;tissue culture (rej);0.201;0;sem match válido;Qwen3.5-4B
ID_1885766127325722;6;AFLP, Diversidade genetica...;species (rej);0.474;0;sem match válido;Qwen3.5-4B
ID_1885766127325722;7;Ocratoxina...;oriza (rej);0.564;0;sem match válido;Qwen3.5-4B
ID_1885766127325722;8;Culturable bacterial pool...;quantification of aspergillus (rej);0.499;0;sem match válido;Qwen3.5-4B
ID_1885766127325722;9;Producao de beta-(1 3)-glucanase...;protein (rej);0.449;0;sem match válido;Qwen3.5-4B
ID_1885766127325722;10;Fixacao Biologica de Nitrogenio...;nitrogenase activity (rej);0.763;0;sem match válido;Qwen3.5-4B
ID_1885766127325722;11;"IMPORTANTE: mantenha o IDIOMA das publicações nas tags — se as publicações estão em português, as tags devem estar em português; se estão em inglês, em inglês.";amazonense (rej);0.301;0;sem match válido;Qwen3.5-4B
ID_1885766127325722;12;"se as publicações estão em português, as tags devem estar em português; se estão em inglês, em inglês.";amazonense (rej);0.382;0;sem match válido;Qwen3.5-4B
ID_1885766127325722;13;AFLP, Diversidade genetica;species (rej);0.480;0;sem match válido;Qwen3.5-4B
ID_1885766127325722;14;Ocratoxina;oriza (rej);0.570;0;sem match válido;Qwen3.5-4B
ID_1885766127325722;15;Canal-de-acucar;moisture (rej);0.542;0;sem match válido;Qwen3.5-4B
ID_1885766127325722;16;Analise as publicações a seguir;contribution (rej);0.414;0;sem match válido;Qwen3.5-4B
ID_1885766127325722;17;bioremediation, Bioemulsifier;tissue culture (rej);0.557;0;sem match válido;Qwen3.5-4B
ID_1885766127325722;18;fixacao biologica de nitrogenio;inoculated with nitrogen-fixing;0.863;1;match válido;Qwen3.5-4B
ID_1885766127325722;19;se as publicações estão em português...;amazonense (rej);0.498;0;sem match válido;Qwen3.5-4B
ID_1885766127325722;20;;;;;;Qwen3.5-4B
ID_2129963760543898;1;Orchidaceae;família orchidaceae;0.956;3;match válido;Qwen3.5-4B
ID_2129963760543898;2;Cattleya;espinhaço (rej);0.413;0;sem match válido;Qwen3.5-4B
ID_2129963760543898;3;Filogenia Molecular;molecular phylogeny;0.806;3;match válido;Qwen3.5-4B
ID_2129963760543898;4;Taxonomia;taxonomy;0.972;3;match válido;Qwen3.5-4B
ID_2129963760543898;5;Microsatelites;microsatellite markers;0.798;3;match válido;Qwen3.5-4B
ID_2129963760543898;6;Genetica da Conservacao;conservation genetics;0.944;3;match válido;Qwen3.5-4B
ID_2129963760543898;7;Atlantic Forest;atlantic forest;0.979;3;match válido;Qwen3.5-4B
ID_2129963760543898;8;Eriocaulaceae;bulbophyllum (rej);0.597;0;sem match válido;Qwen3.5-4B
ID_2129963760543898;9;Paepalanthoideae;filogenia (rej);0.568;0;sem match válido;Qwen3.5-4B
ID_2129963760543898;10;DNA barcoding;unique genetic patterns (rej);0.551;0;sem match válido;Qwen3.5-4B
ID_2129963760543898;11;ITS;its;0.964;2;match válido;Qwen3.5-4B
ID_2129963760543898;12;Plastid DNA;molecular phylogeny (rej);0.491;0;sem match válido;Qwen3.5-4B
ID_2129963760543898;13;Nuclear DNA;unique genetic patterns (rej);0.545;0;sem match válido;Qwen3.5-4B
ID_2129963760543898;14;Morfometria;morphometrics;0.935;3;match válido;Qwen3.5-4B
ID_2129963760543898;15;Biogeografia;phylogeny (rej);0.623;0;sem match válido;Qwen3.5-4B
ID_2129963760543898;16;Morfologia;morphology;0.960;1;match válido;Qwen3.5-4B
ID_2129963760543898;17;Sistema Filogenetico;phylogeny (rej);0.745;0;sem match válido;Qwen3.5-4B
ID_2129963760543898;18;Chloraeinae;bulbophyllum (rej);0.524;0;sem match válido;Qwen3.5-4B
ID_2129963760543898;19;Habenaria;species of habenaria (rej);0.716;0;sem match válido;Qwen3.5-4B
ID_2129963760543898;20;Leguminosae;bulbophyllum (rej);0.686;0;sem match válido;Qwen3.5-4B
ID_2220699289355930;1;Mentha piperita;swietenia macrophylla (rej);0.526;0;sem match válido;Qwen3.5-4B
ID_2220699289355930;2;nutricao mineral;mineral nutrition;0.955;3;match válido;Qwen3.5-4B
ID_2220699289355930;3;micronutrientes;mineral nutrition (rej);0.606;0;sem match válido;Qwen3.5-4B
ID_2220699289355930;4;Macronutrientes;latossolo (rej);0.506;0;sem match válido;Qwen3.5-4B
ID_2220699289355930;5;Calagem;seca e acúmulo (rej);0.623;0;sem match válido;Qwen3.5-4B
ID_2220699289355930;6;Fosforo;phosphorus;0.922;3;match válido;Qwen3.5-4B
ID_2220699289355930;7;Adubacao;latossolo (rej);0.411;0;sem match válido;Qwen3.5-4B
ID_2220699289355930;8;Latossolo Amarelo;latossolo (rej);0.616;0;sem match válido;Qwen3.5-4B
ID_2220699289355930;9;Amazonia;amazon basin;0.907;2;match válido;Qwen3.5-4B
ID_2220699289355930;10;Solo Tropical;tropical soil (rej);0.698;0;sem match válido;Qwen3.5-4B
ID_2220699289355930;11;Biomassa microbiana;biomassa microbiana;0.989;2;match válido;Qwen3.5-4B
ID_2220699289355930;12;Atividade microbiana;microbial biomass;0.754;3;match válido;Qwen3.5-4B
ID_2220699289355930;13;Ciclo do Carbono;soil carbon stock (rej);0.594;0;sem match válido;Qwen3.5-4B
ID_2220699289355930;14;Ciclo do Nitrogenio;nitrogênio da biomassa (rej);0.746;0;sem match válido;Qwen3.5-4B
ID_2220699289355930;15;Crescimento vegetal;áreas de cultivo (rej);0.758;0;sem match válido;Qwen3.5-4B
ID_2220699289355930;16;Sistemas agroflorestais;áreas de cultivo;0.802;1;match válido;Qwen3.5-4B
ID_2220699289355930;17;Uso da terra;land use;0.933;2;match válido;Qwen3.5-4B
ID_2220699289355930;18;Pastoreio;seca e acúmulo (rej);0.547;0;sem match válido;Qwen3.5-4B
ID_2220699289355930;19;Deforestacao;forest conversion;0.770;2;match válido;Qwen3.5-4B
ID_2220699289355930;20;Copaiba;tropical soil (rej);0.549;0;sem match válido;Qwen3.5-4B
ID_2324159515825927;1;Fusão nuclear;fusion processes;0.759;3;match válido;Qwen3.5-4B
ID_2324159515825927;2;Reações nucleares;nuclear reactions;0.987;3;match válido;Qwen3.5-4B
ID_2324159515825927;3;Núcleos fracamente ligados;weakly bound nuclei;0.890;3;match válido;Qwen3.5-4B
ID_2324159515825927;4;Desintegração;fragmentation;0.750;3;match válido;Qwen3.5-4B
ID_2324159515825927;5;Potencial de polarização;thermal fluctuation effects (rej);0.489;0;sem match válido;Qwen3.5-4B
ID_2324159515825927;6;Potencial óptico;dynamical effects (rej);0.415;0;sem match válido;Qwen3.5-4B
ID_2324159515825927;7;Colisão de íons pesados;heavy-ion collisions;0.928;3;match válido;Qwen3.5-4B
ID_2324159515825927;8;Potencial dinâmico;dynamical effects (rej);0.723;0;sem match válido;Qwen3.5-4B
ID_2324159515825927;9;Potencial estático;dynamical effects (rej);0.507;0;sem match válido;Qwen3.5-4B
ID_2324159515825927;10;Potencial de Coulomb;octupole correlations (rej);0.488;0;sem match válido;Qwen3.5-4B
ID_2324159515825927;11;Potencial de deformação;dynamical effects (rej);0.487;0;sem match válido;Qwen3.5-4B
ID_2324159515825927;12;Dinâmica nuclear;nuclear multifragmentation;0.820;3;match válido;Qwen3.5-4B
ID_2324159515825927;13;Física nuclear;nuclear physics ;0.990;3;match válido;Qwen3.5-4B
ID_2324159515825927;14;Cálculo semiclássico;fragmentation (rej);0.433;0;sem match válido;Qwen3.5-4B
ID_2324159515825927;15;Cálculo quântico;quantum computation;0.821;3;match válido;Qwen3.5-4B
ID_2324159515825927;16;Núcleos exóticos;weakly bound nuclei (rej);0.482;0;sem match válido;Qwen3.5-4B
ID_2324159515825927;17;Núcleos de alóides;weakly bound nuclei (rej);0.742;0;sem match válido;Qwen3.5-4B
ID_2324159515825927;18;Núcleos de halo;weakly bound nuclei (rej);0.595;0;sem match válido;Qwen3.5-4B
ID_2324159515825927;19;Núcleos radioativos;nuclear physics  (rej);0.764;0;sem match válido;Qwen3.5-4B
ID_2324159515825927;20;Núcleos de deuteron;weakly bound nuclei (rej);0.622;0;sem match válido;Qwen3.5-4B
ID_2627414712422817;1;Multiple sclerosis;ssr (rej);0.321;0;sem match válido;Qwen3.5-4B
ID_2627414712422817;2;Natalizumab;genus (rej);0.658;0;sem match válido;Qwen3.5-4B
ID_2627414712422817;3;Adverse events;variability found (rej);0.295;0;sem match válido;Qwen3.5-4B
ID_2627414712422817;4;Immunoglobulin;myostatin (rej);0.478;0;sem match válido;Qwen3.5-4B
ID_2627414712422817;5;Xylella fastidiosa;plant pathogen xylella;0.785;2;match válido;Qwen3.5-4B
ID_2627414712422817;6;Genome sequence;genetic diversity (rej);0.642;0;sem match válido;Qwen3.5-4B
ID_2627414712422817;7;Citrus genomics;plant geneticists (rej);0.684;0;sem match válido;Qwen3.5-4B
ID_2627414712422817;8;CitEST project;poncirus (rej);0.483;0;sem match válido;Qwen3.5-4B
ID_2627414712422817;9;Transcriptomics;variations at dna (rej);0.501;0;sem match válido;Qwen3.5-4B
ID_2627414712422817;10;Bioinformatics;database (rej);0.495;0;sem match válido;Qwen3.5-4B
ID_2627414712422817;11;EST analysis;isolation and characterization (rej);0.428;0;sem match válido;Qwen3.5-4B
ID_2627414712422817;12;Microsatellites;microsatellite markers;0.864;3;match válido;Qwen3.5-4B
ID_2627414712422817;13;SSR markers;ssr (rej);0.731;0;sem match válido;Qwen3.5-4B
ID_2627414712422817;14;Linkage mapping;database (rej);0.414;0;sem match válido;Qwen3.5-4B
ID_2627414712422817;15;Comparative genomics;genetic diversity (rej);0.632;0;sem match válido;Qwen3.5-4B
ID_2627414712422817;16;Gene prediction;genetic diversity (rej);0.636;0;sem match válido;Qwen3.5-4B
ID_2627414712422817;17;Gene expression;genetic diversity (rej);0.649;0;sem match válido;Qwen3.5-4B
ID_2627414712422817;18;WRKY proteins;presumed myostatin protein (rej);0.540;0;sem match válido;Qwen3.5-4B
ID_2627414712422817;19;Plant stress;plant pathogen (rej);0.594;0;sem match válido;Qwen3.5-4B
ID_2627414712422817;20;Plant pathogen;plant pathogen;0.999;1;match válido;Qwen3.5-4B
ID_2653769170795641;1;Multiple Sclerosis;neurospora crassa (rej);0.467;0;sem match válido;Qwen3.5-4B
ID_2653769170795641;2;Natalizumab;xylella fastidiosa (rej);0.705;0;sem match válido;Qwen3.5-4B
ID_2653769170795641;3;Adverse Events;development (rej);0.313;0;sem match válido;Qwen3.5-4B
ID_2653769170795641;4;Immunoglobulin;threonine phosphatases (rej);0.302;0;sem match válido;Qwen3.5-4B
ID_2653769170795641;5;Postpartum Treatment;development (rej);0.170;0;sem match válido;Qwen3.5-4B
ID_2653769170795641;6;Metagenomic Analysis;transcription profiling (rej);0.626;0;sem match válido;Qwen3.5-4B
ID_2653769170795641;7;Biomass Degradation;biomass degradation;0.976;2;match válido;Qwen3.5-4B
ID_2653769170795641;8;Microbial Communities;social amoeba (rej);0.615;0;sem match válido;Qwen3.5-4B
ID_2653769170795641;9;Composting Operation;biomass degradation (rej);0.524;0;sem match válido;Qwen3.5-4B
ID_2653769170795641;10;Human Transcriptome;transcription profiling;0.789;3;match válido;Qwen3.5-4B
ID_2653769170795641;11;Expressed Sequence Tags;sugarcane expressed sequence (rej);0.482;0;sem match válido;Qwen3.5-4B
ID_2653769170795641;12;Cancer Research;transcription profiling (rej);0.285;0;sem match válido;Qwen3.5-4B
ID_2653769170795641;13;Prostate Cancer;neurospora crassa (rej);0.145;0;sem match válido;Qwen3.5-4B
ID_2653769170795641;14;Head and Neck Tumors;neurospora crassa (rej);0.435;0;sem match válido;Qwen3.5-4B
ID_2653769170795641;15;Thyroid Cancer;tyrosine phosphorylation (rej);0.326;0;sem match válido;Qwen3.5-4B
ID_2653769170795641;16;Gene Expression;genome sequence (rej);0.738;0;sem match válido;Qwen3.5-4B
ID_2653769170795641;17;Microarray Analysis;mrna levels (rej);0.413;0;sem match válido;Qwen3.5-4B
ID_2653769170795641;18;DNA Microarray;genome sequence (rej);0.614;0;sem match válido;Qwen3.5-4B
ID_2653769170795641;19;Non-coding RNAs;transcription profiling (rej);0.569;0;sem match válido;Qwen3.5-4B
ID_2653769170795641;20;Intronic Transcripts;transcription profiling (rej);0.615;0;sem match válido;Qwen3.5-4B
ID_3091742095568302;1;Multiple Sclerosis;inflammation (rej);0.592;0;sem match válido;Qwen3.5-4B
ID_3091742095568302;2;Natalizumab;skin (rej);0.583;0;sem match válido;Qwen3.5-4B
ID_3091742095568302;3;Adverse Events;risk factors (rej);0.571;0;sem match válido;Qwen3.5-4B
ID_3091742095568302;4;Amyotrophic Lateral Sclerosis;inflammation (rej);0.553;0;sem match válido;Qwen3.5-4B
ID_3091742095568302;5;Intestinal Mucositis;intestinal epithelial cell (rej);0.636;0;sem match válido;Qwen3.5-4B
ID_3091742095568302;6;Nitric Oxide;nitric oxide;0.959;3;match válido;Qwen3.5-4B
ID_3091742095568302;7;Inducible Nitric Oxide Synthase;nitric oxide synthase;0.931;2;match válido;Qwen3.5-4B
ID_3091742095568302;8;Irinotecan;retinol (rej);0.434;0;sem match válido;Qwen3.5-4B
ID_3091742095568302;9;Methotrexate;clostridium difficile toxin a (rej);0.472;0;sem match válido;Qwen3.5-4B
ID_3091742095568302;10;5-Fluorouracil;retinol (rej);0.454;0;sem match válido;Qwen3.5-4B
ID_3091742095568302;11;Infliximab;inflammation (rej);0.457;0;sem match válido;Qwen3.5-4B
ID_3091742095568302;12;Cytokines;vitamin c (rej);0.544;0;sem match válido;Qwen3.5-4B
ID_3091742095568302;13;TNF-alpha;serological and molecular (rej);0.411;0;sem match válido;Qwen3.5-4B
ID_3091742095568302;14;Interleukin-4;inflammation (rej);0.488;0;sem match válido;Qwen3.5-4B
ID_3091742095568302;15;Periodontitis;experimental periodontitis;0.883;2;match válido;Qwen3.5-4B
ID_3091742095568302;16;Simvastatin;retinol (rej);0.487;0;sem match válido;Qwen3.5-4B
ID_3091742095568302;17;Etoricoxib;proliferation (rej);0.429;0;sem match válido;Qwen3.5-4B
ID_3091742095568302;18;Glutamine;alanyl-glutamine;0.786;3;match válido;Qwen3.5-4B
ID_3091742095568302;19;Apolipoprotein E;apoptosis (rej);0.539;0;sem match válido;Qwen3.5-4B
ID_3091742095568302;20;Growth;proliferation (rej);0.622;0;sem match válido;Qwen3.5-4B
ID_3387018530825694;1;Engenharia de Software;software engineering;0.986;3;match válido;Qwen3.5-4B
ID_3387018530825694;2;Desenvolvimento Baseado em Componentes;aspect-oriented programming (rej);0.575;0;sem match válido;Qwen3.5-4B
ID_3387018530825694;3;Design Patterns;structured programming (rej);0.518;0;sem match válido;Qwen3.5-4B
ID_3387018530825694;4;Aspect Oriented Programming;aspect-oriented programming;0.955;2;match válido;Qwen3.5-4B
ID_3387018530825694;5;Aspect Oriented Software Development;software engineering (rej);0.802;0;sem match válido;Qwen3.5-4B
ID_3387018530825694;6;Multi Agent Systems;especificação de sistemas (rej);0.523;0;sem match válido;Qwen3.5-4B
ID_3387018530825694;7;Software Testing;software engineering (rej);0.621;0;sem match válido;Qwen3.5-4B
ID_3387018530825694;8;Multi Agent Testing;verification (rej);0.519;0;sem match válido;Qwen3.5-4B
ID_3387018530825694;9;Framework;structured programming (rej);0.554;0;sem match válido;Qwen3.5-4B
ID_3387018530825694;10;Software Measurement;software engineering (rej);0.676;0;sem match válido;Qwen3.5-4B
ID_3387018530825694;11;Qualidade de Software;software engineering (rej);0.738;0;sem match válido;Qwen3.5-4B
ID_3387018530825694;12;Reusabilidade;modularity (rej);0.478;0;sem match válido;Qwen3.5-4B
ID_3387018530825694;13;Manutenção de Software;software engineering (rej);0.820;0;sem match válido;Qwen3.5-4B
ID_3387018530825694;14;Análise Estática;static analysis (rej);0.646;0;sem match válido;Qwen3.5-4B
ID_3387018530825694;15;Arquitetura de Software;software engineering (rej);0.895;0;sem match válido;Qwen3.5-4B
ID_3387018530825694;16;Ontologias;separation of concerns (rej);0.363;0;sem match válido;Qwen3.5-4B
ID_3387018530825694;17;Redes Neurais;structured programming (rej);0.434;0;sem match válido;Qwen3.5-4B
ID_3387018530825694;18;Data Mining;case tools (rej);0.350;0;sem match válido;Qwen3.5-4B
ID_3387018530825694;19;Sistemas Distribuídos;especificação de sistemas (rej);0.562;0;sem match válido;Qwen3.5-4B
ID_3387018530825694;20;Sistemas Multiagentes;especificação de sistemas (rej);0.657;0;sem match válido;Qwen3.5-4B
ID_3837157956819433;1;tag1;dy-bocs (rej);0.430;0;sem match válido;Qwen3.5-4B
ID_3837157956819433;2;tag2;dy-bocs (rej);0.495;0;sem match válido;Qwen3.5-4B
ID_3837157956819433;3;;;;;;Qwen3.5-4B
ID_3837157956819433;4;;;;;;Qwen3.5-4B
ID_3837157956819433;5;;;;;;Qwen3.5-4B
ID_3837157956819433;6;;;;;;Qwen3.5-4B
ID_3837157956819433;7;;;;;;Qwen3.5-4B
ID_3837157956819433;8;;;;;;Qwen3.5-4B
ID_3837157956819433;9;;;;;;Qwen3.5-4B
ID_3837157956819433;10;;;;;;Qwen3.5-4B
ID_3837157956819433;11;;;;;;Qwen3.5-4B
ID_3837157956819433;12;;;;;;Qwen3.5-4B
ID_3837157956819433;13;;;;;;Qwen3.5-4B
ID_3837157956819433;14;;;;;;Qwen3.5-4B
ID_3837157956819433;15;;;;;;Qwen3.5-4B
ID_3837157956819433;16;;;;;;Qwen3.5-4B
ID_3837157956819433;17;;;;;;Qwen3.5-4B
ID_3837157956819433;18;;;;;;Qwen3.5-4B
ID_3837157956819433;19;;;;;;Qwen3.5-4B
ID_3837157956819433;20;;;;;;Qwen3.5-4B
ID_3919711591553904;1;tag1;ang ii (rej);0.484;0;sem match válido;Qwen3.5-4B
ID_3919711591553904;2;tag2;ang ii (rej);0.376;0;sem match válido;Qwen3.5-4B
ID_3919711591553904;3;maintain the LANGUAGE of the publications;study (rej);0.296;0;sem match válido;Qwen3.5-4B
ID_3919711591553904;4;;;;;;Qwen3.5-4B
ID_3919711591553904;5;;;;;;Qwen3.5-4B
ID_3919711591553904;6;;;;;;Qwen3.5-4B
ID_3919711591553904;7;;;;;;Qwen3.5-4B
ID_3919711591553904;8;;;;;;Qwen3.5-4B
ID_3919711591553904;9;;;;;;Qwen3.5-4B
ID_3919711591553904;10;;;;;;Qwen3.5-4B
ID_3919711591553904;11;;;;;;Qwen3.5-4B
ID_3919711591553904;12;;;;;;Qwen3.5-4B
ID_3919711591553904;13;;;;;;Qwen3.5-4B
ID_3919711591553904;14;;;;;;Qwen3.5-4B
ID_3919711591553904;15;;;;;;Qwen3.5-4B
ID_3919711591553904;16;;;;;;Qwen3.5-4B
ID_3919711591553904;17;;;;;;Qwen3.5-4B
ID_3919711591553904;18;;;;;;Qwen3.5-4B
ID_3919711591553904;19;;;;;;Qwen3.5-4B
ID_3919711591553904;20;;;;;;Qwen3.5-4B
ID_4765080870408661;1;modelagem multinivel;modelos multinível;0.919;3;match válido;Qwen3.5-4B
ID_4765080870408661;2;interoperabilidade semantica;interoperable and semantically;0.946;1;match válido;Qwen3.5-4B
ID_4765080870408661;3;informatica em saude;ubiquitous computing;0.786;3;match válido;Qwen3.5-4B
ID_4765080870408661;4;sistemas de informacao em saude;sistemas de informação;0.938;3;match válido;Qwen3.5-4B
ID_4765080870408661;5;terminologias medicas;prehospital care (rej);0.542;0;sem match válido;Qwen3.5-4B
ID_4765080870408661;6;classificacao internacional de doencas;prevalências de doenças (rej);0.585;0;sem match válido;Qwen3.5-4B
ID_4765080870408661;7;arquitetura de sistemas;sistemas de informação (rej);0.647;0;sem match válido;Qwen3.5-4B
ID_4765080870408661;8;agentes inteligentes;sistemas de informação (rej);0.457;0;sem match válido;Qwen3.5-4B
ID_4765080870408661;9;openEHR;openehr;0.977;3;match válido;Qwen3.5-4B
ID_4765080870408661;10;archetypes;óbitos e proporção (rej);0.393;0;sem match válido;Qwen3.5-4B
ID_4765080870408661;11;XML em saude;interoperable and semantically (rej);0.407;0;sem match válido;Qwen3.5-4B
ID_4765080870408661;12;tuberculose;tuberculosis;0.988;2;match válido;Qwen3.5-4B
ID_4765080870408661;13;neurologia;cognitive deficit (rej);0.532;0;sem match válido;Qwen3.5-4B
ID_4765080870408661;14;esclerose multipla;prevalências de doenças (rej);0.494;0;sem match válido;Qwen3.5-4B
ID_4765080870408661;15;natalizumab;sub-registros de óbitos (rej);0.422;0;sem match válido;Qwen3.5-4B
ID_4765080870408661;16;eventos adversos;prevalências de doenças (rej);0.549;0;sem match válido;Qwen3.5-4B
ID_4765080870408661;17;doencas cronicas;prevalências de doenças (rej);0.720;0;sem match válido;Qwen3.5-4B
ID_4765080870408661;18;mortalidade e morbidade;morbidity and mortality;0.979;3;match válido;Qwen3.5-4B
ID_4765080870408661;19;indicadores de saude;mortality indicators (rej);0.700;0;sem match válido;Qwen3.5-4B
ID_4765080870408661;20;epidemiologia;prevalências de doenças (rej);0.723;0;sem match válido;Qwen3.5-4B
ID_5465930712415985;1;Taxonomia Vegetal;leguminosae arbustivas;0.806;3;match válido;Qwen3.5-4B
ID_5465930712415985;2;Flora Brasileira;vegetation types (rej);0.737;0;sem match válido;Qwen3.5-4B
ID_5465930712415985;3;Leguminosae;studies in leguminosae (rej);0.740;0;sem match válido;Qwen3.5-4B
ID_5465930712415985;4;Fabaceae;arbustivas e arbóreas (rej);0.671;0;sem match válido;Qwen3.5-4B
ID_5465930712415985;5;Mimosoideae;types of marambaia (rej);0.562;0;sem match válido;Qwen3.5-4B
ID_5465930712415985;6;Mata Atlantica;atlantic forest (rej);0.697;0;sem match válido;Qwen3.5-4B
ID_5465930712415985;7;Caatinga;abarema (rej);0.548;0;sem match válido;Qwen3.5-4B
ID_5465930712415985;8;Restinga;abarema (rej);0.676;0;sem match válido;Qwen3.5-4B
ID_5465930712415985;9;Senegalia;morim (rej);0.356;0;sem match válido;Qwen3.5-4B
ID_5465930712415985;10;Abarema;abarema;0.915;3;match válido;Qwen3.5-4B
ID_5465930712415985;11;Eugenia;subtribes eugeniinae (rej);0.747;0;sem match válido;Qwen3.5-4B
ID_5465930712415985;12;Myrtaceae;myrtinae;0.778;2;match válido;Qwen3.5-4B
ID_5465930712415985;13;Floristica;composição florística;0.901;2;match válido;Qwen3.5-4B
ID_5465930712415985;14;Biodiversidade;taxonomy (rej);0.668;0;sem match válido;Qwen3.5-4B
ID_5465930712415985;15;Endemismo;abarema (rej);0.632;0;sem match válido;Qwen3.5-4B
ID_5465930712415985;16;Conservacao;list highlights conservation (rej);0.651;0;sem match válido;Qwen3.5-4B
ID_5465930712415985;17;Parque Nacional;parque nacional;0.861;2;match válido;Qwen3.5-4B
ID_5465930712415985;18;Itatiaia;abarema (rej);0.551;0;sem match válido;Qwen3.5-4B
ID_5465930712415985;19;Rio de Janeiro;tropical forest (rej);0.384;0;sem match válido;Qwen3.5-4B
ID_5465930712415985;20;Brasil;tropical forest (rej);0.491;0;sem match válido;Qwen3.5-4B
ID_5871402136758674;1;Multiple Sclerosis;scientific goals (rej);0.198;0;sem match válido;Qwen3.5-4B
ID_5871402136758674;2;Natalizumab;background emission anisotropy (rej);0.402;0;sem match válido;Qwen3.5-4B
ID_5871402136758674;3;Adverse Events;fenômeno das mudanças (rej);0.495;0;sem match válido;Qwen3.5-4B
ID_5871402136758674;4;Imunoglobulina;planck blackbody (rej);0.268;0;sem match válido;Qwen3.5-4B
ID_5871402136758674;5;Tratamento Postpartum;compreensões dos licenciandos (rej);0.188;0;sem match válido;Qwen3.5-4B
ID_5871402136758674;6;Ensino de Fisica;licenciandos em física (rej);0.837;0;sem match válido;Qwen3.5-4B
ID_5871402136758674;7;Licenciatura em Fisica;licenciandos em física;0.949;2;match válido;Qwen3.5-4B
ID_5871402136758674;8;Educao a Distancia;compreensões dos licenciandos (rej);0.520;0;sem match válido;Qwen3.5-4B
ID_5871402136758674;9;Formacao de Professores;compreensões dos licenciandos (rej);0.685;0;sem match válido;Qwen3.5-4B
ID_5871402136758674;10;Astronomia;cosmology: observations (rej);0.713;0;sem match válido;Qwen3.5-4B
ID_5871402136758674;11;Radioastronomia;cosmic microwave background (rej);0.544;0;sem match válido;Qwen3.5-4B
ID_5871402136758674;12;Cosmologia;cosmology: observations;0.958;2;match válido;Qwen3.5-4B
ID_5871402136758674;13;Radiacao Cosmica de Fundo;cosmic microwave background (rej);0.678;0;sem match válido;Qwen3.5-4B
ID_5871402136758674;14;BEAST;beast;0.994;3;match válido;Qwen3.5-4B
ID_5871402136758674;15;Cosmic Microwave Background;cosmic microwave background;0.986;3;match válido;Qwen3.5-4B
ID_5871402136758674;16;CMB;cosmic microwave background (rej);0.346;0;sem match válido;Qwen3.5-4B
ID_5871402136758674;17;Galaxia;cosmology: observations (rej);0.586;0;sem match válido;Qwen3.5-4B
ID_5871402136758674;18;Emissao Galactica;cosmology: observations (rej);0.586;0;sem match válido;Qwen3.5-4B
ID_5871402136758674;19;Microondas;microwave bachkground anisotropy (rej);0.723;0;sem match válido;Qwen3.5-4B
ID_5871402136758674;20;Supercondutores;bachkground anisotropy power (rej);0.473;0;sem match válido;Qwen3.5-4B
ID_6286838179330044;1;Ecologia Microbiana;bacterial communities;0.820;3;match válido;Qwen3.5-4B
ID_6286838179330044;2;Diversidade Microbiana;microbial diversity;0.986;3;match válido;Qwen3.5-4B
ID_6286838179330044;3;Ecologia Microbiana Molecular;bacterial diversity;0.763;3;match válido;Qwen3.5-4B
ID_6286838179330044;4;;;;;;Qwen3.5-4B
ID_6286838179330044;5;;;;;;Qwen3.5-4B
ID_6286838179330044;6;;;;;;Qwen3.5-4B
ID_6286838179330044;7;;;;;;Qwen3.5-4B
ID_6286838179330044;8;;;;;;Qwen3.5-4B
ID_6286838179330044;9;;;;;;Qwen3.5-4B
ID_6286838179330044;10;;;;;;Qwen3.5-4B
ID_6286838179330044;11;;;;;;Qwen3.5-4B
ID_6286838179330044;12;;;;;;Qwen3.5-4B
ID_6286838179330044;13;;;;;;Qwen3.5-4B
ID_6286838179330044;14;;;;;;Qwen3.5-4B
ID_6286838179330044;15;;;;;;Qwen3.5-4B
ID_6286838179330044;16;;;;;;Qwen3.5-4B
ID_6286838179330044;17;;;;;;Qwen3.5-4B
ID_6286838179330044;18;;;;;;Qwen3.5-4B
ID_6286838179330044;19;;;;;;Qwen3.5-4B
ID_6286838179330044;20;;;;;;Qwen3.5-4B
ID_6785547194105600;1;Multiple sclerosis;î carinae long-term (rej);0.266;0;sem match válido;Qwen3.5-4B
ID_6785547194105600;2;Natalizumab;eta carinae (rej);0.650;0;sem match válido;Qwen3.5-4B
ID_6785547194105600;3;Adverse events;î carinae long-term (rej);0.406;0;sem match válido;Qwen3.5-4B
ID_6785547194105600;4;Immunoglobulin;near-infrared integral field (rej);0.196;0;sem match válido;Qwen3.5-4B
ID_6785547194105600;5;Postpartum treatment;î carinae long-term (rej);0.247;0;sem match válido;Qwen3.5-4B
ID_6785547194105600;6;Astrophysics;stars: fundamental parameters (rej);0.723;0;sem match válido;Qwen3.5-4B
ID_6785547194105600;7;Eta Carinae;eta carinae (rej);0.677;0;sem match válido;Qwen3.5-4B
ID_6785547194105600;8;Stars;stars: individual;0.855;2;match válido;Qwen3.5-4B
ID_6785547194105600;9;Massive stars;massive stars;0.987;3;match válido;Qwen3.5-4B
ID_6785547194105600;10;Star formation;stars: formation;0.964;3;match válido;Qwen3.5-4B
ID_6785547194105600;11;HII regions;km (rej);0.385;0;sem match válido;Qwen3.5-4B
ID_6785547194105600;12;Infrared astronomy;infrared: stars;0.897;3;match válido;Qwen3.5-4B
ID_6785547194105600;13;Near-infrared;eta carinae (rej);0.584;0;sem match válido;Qwen3.5-4B
ID_6785547194105600;14;Mid-infrared;eta carinae (rej);0.548;0;sem match válido;Qwen3.5-4B
ID_6785547194105600;15;Spectroscopy;integral field spectroscopy (rej);0.712;0;sem match válido;Qwen3.5-4B
ID_6785547194105600;16;X-ray astronomy;infrared: stars (rej);0.653;0;sem match válido;Qwen3.5-4B
ID_6785547194105600;17;Radio astronomy;infrared: stars (rej);0.673;0;sem match válido;Qwen3.5-4B
ID_6785547194105600;18;Binary stars;stars: fundamental parameters;0.793;2;match válido;Qwen3.5-4B
ID_6785547194105600;19;Wolf-Rayet stars;stars: formation (rej);0.661;0;sem match válido;Qwen3.5-4B
ID_6785547194105600;20;Luminous Blue Variables;luminous blue variables;0.983;3;match válido;Qwen3.5-4B
ID_7527179767450432;1;Multiple sclerosis;heterosis (rej);0.421;0;sem match válido;Qwen3.5-4B
ID_7527179767450432;2;Natalizumab;heterosis (rej);0.547;0;sem match válido;Qwen3.5-4B
ID_7527179767450432;3;Adverse events;multivariate analysis (rej);0.301;0;sem match válido;Qwen3.5-4B
ID_7527179767450432;4;Citrus leprosis;sunki mandarincitrus (rej);0.597;0;sem match válido;Qwen3.5-4B
ID_7527179767450432;5;Citrus resistance;resistance to phytophthora (rej);0.694;0;sem match válido;Qwen3.5-4B
ID_7527179767450432;6;Citrus breeding;sunki mandarincitrus (rej);0.684;0;sem match válido;Qwen3.5-4B
ID_7527179767450432;7;Gomose dos citros;poultry (rej);0.531;0;sem match válido;Qwen3.5-4B
ID_7527179767450432;8;Citrus hybrids;sunki mandarincitrus (rej);0.710;0;sem match válido;Qwen3.5-4B
ID_7527179767450432;9;Microsatellites;microsatellite;0.981;2;match válido;Qwen3.5-4B
ID_7527179767450432;10;SSR markers;ssr (rej);0.731;0;sem match válido;Qwen3.5-4B
ID_7527179767450432;11;Sugarcane;sugarcane;0.990;2;match válido;Qwen3.5-4B
ID_7527179767450432;12;Sugarcane improvement;sugarcane improvement;0.995;2;match válido;Qwen3.5-4B
ID_7527179767450432;13;Genetic diversity;genetic diversity;0.998;2;match válido;Qwen3.5-4B
ID_7527179767450432;14;Common bean;tropical maize (rej);0.606;0;sem match válido;Qwen3.5-4B
ID_7527179767450432;15;Phaseolus vulgaris;phaseolus vulgaris;0.982;1;match válido;Qwen3.5-4B
ID_7527179767450432;16;Angular leaf spot;leaf spot resistance (rej);0.642;0;sem match válido;Qwen3.5-4B
ID_7527179767450432;17;Anthracnose;heterosis (rej);0.499;0;sem match válido;Qwen3.5-4B
ID_7527179767450432;18;QTL mapping;linkage map (rej);0.567;0;sem match válido;Qwen3.5-4B
ID_7527179767450432;19;Quantitative trait loci;quantitative trait loci;0.965;3;match válido;Qwen3.5-4B
ID_7527179767450432;20;Marker assisted selection;microsatellite markers (rej);0.473;0;sem match válido;Qwen3.5-4B
ID_8049184468038869;1;assistant;autonomic control (rej);0.306;0;sem match válido;Qwen3.5-4B
ID_8049184468038869;2;No markdown;baroreflex (rej);0.363;0;sem match válido;Qwen3.5-4B
ID_8049184468038869;3;no explanations;free radicals (rej);0.266;0;sem match válido;Qwen3.5-4B
ID_8049184468038869;4;just the JSON.;collagen (rej);0.111;0;sem match válido;Qwen3.5-4B
ID_8049184468038869;5;The tags must be short (1-3 words);baroreflex (rej);0.218;0;sem match válido;Qwen3.5-4B
ID_8049184468038869;6;specific;acute effect (rej);0.411;0;sem match válido;Qwen3.5-4B
ID_8049184468038869;7;and descriptive.;acute effect (rej);0.368;0;sem match válido;Qwen3.5-4B
ID_8049184468038869;8;as tags devem estar em português;baroreflex (rej);0.339;0;sem match válido;Qwen3.5-4B
ID_8049184468038869;9;se estão em inglês;acute effect (rej);0.258;0;sem match válido;Qwen3.5-4B
ID_8049184468038869;10;"em inglês."" Since there is a mix";rat (rej);0.298;0;sem match válido;Qwen3.5-4B
ID_8049184468038869;11;or use a mix if necessary;baroreflex and chemoreflex (rej);0.342;0;sem match válido;Qwen3.5-4B
ID_8049184468038869;12;but the prompt implies consistency. Looking at the data;autonomic control (rej);0.237;0;sem match válido;Qwen3.5-4B
ID_8049184468038869;13;there are many Portuguese titles and keywords;baroreflex and chemoreflex (rej);0.196;0;sem match válido;Qwen3.5-4B
ID_8049184468038869;14;but since I need a list of 30 tags representing the *author's* expertise;baroreflex (rej);0.313;0;sem match válido;Qwen3.5-4B
ID_8049184468038869;15;usually;rat (rej);0.353;0;sem match válido;Qwen3.5-4B
ID_8049184468038869;16;if the corpus is mixed;acute effect (rej);0.309;0;sem match válido;Qwen3.5-4B
ID_8049184468038869;17;the tags should reflect the content. Let's look at the distribution.;baroreflex sensitivity (rej);0.219;0;sem match válido;Qwen3.5-4B
ID_8049184468038869;18;Disfuncao endotelial venosa...;venous endothelial function;0.810;3;match válido;Qwen3.5-4B
ID_8049184468038869;19;Aerobic Exercise Training...;exercise training;0.891;3;match válido;Qwen3.5-4B
ID_8049184468038869;20;Qualidade de vida;transforming growth factors (rej);0.247;0;sem match válido;Qwen3.5-4B
ID_8237569228020224;1;Multiple Sclerosis;reversible tegumental damage (rej);0.398;0;sem match válido;Qwen3.5-4B
ID_8237569228020224;2;Natalizumab;tetrathyridia development (rej);0.500;0;sem match válido;Qwen3.5-4B
ID_8237569228020224;3;Adverse Events;reversible tegumental damage (rej);0.461;0;sem match válido;Qwen3.5-4B
ID_8237569228020224;4;Mycobacterium tuberculosis;mycoplasma hyopneumoniae (rej);0.616;0;sem match válido;Qwen3.5-4B
ID_8237569228020224;5;Enzyme Kinetics;enzyme activity;0.885;2;match válido;Qwen3.5-4B
ID_8237569228020224;6;Recombinant Protein;peptide-nucleic acid aggregates (rej);0.553;0;sem match válido;Qwen3.5-4B
ID_8237569228020224;7;Bioreactor;bioreactor;0.996;2;match válido;Qwen3.5-4B
ID_8237569228020224;8;Fed-batch Cultivation;bioreactor (rej);0.401;0;sem match válido;Qwen3.5-4B
ID_8237569228020224;9;Escherichia coli;bioreactor (rej);0.571;0;sem match válido;Qwen3.5-4B
ID_8237569228020224;10;Asparaginase;asparaginase;0.994;2;match válido;Qwen3.5-4B
ID_8237569228020224;11;Antibiotic Development;bioreactor (rej);0.508;0;sem match válido;Qwen3.5-4B
ID_8237569228020224;12;Drug Development;specific inhibitors (rej);0.550;0;sem match válido;Qwen3.5-4B
ID_8237569228020224;13;Phosphoribosylpyrophosphate Synthase;reversible phosphorolysis;0.768;1;match válido;Qwen3.5-4B
ID_8237569228020224;14;Histidine Pathway;metabolic pathways (rej);0.563;0;sem match válido;Qwen3.5-4B
ID_8237569228020224;15;Cytidine Deaminase;tetrathyridia development (rej);0.480;0;sem match válido;Qwen3.5-4B
ID_8237569228020224;16;Thermodynamics;kinetic mechanism (rej);0.568;0;sem match válido;Qwen3.5-4B
ID_8237569228020224;17;Optical Tweezers;tetrathyridia growth (rej);0.312;0;sem match válido;Qwen3.5-4B
ID_8237569228020224;18;Single-molecule;molecular target (rej);0.628;0;sem match válido;Qwen3.5-4B
ID_8237569228020224;19;DNA;molecular target (rej);0.490;0;sem match válido;Qwen3.5-4B
ID_8237569228020224;20;RNA;transcriptomic analysis (rej);0.582;0;sem match válido;Qwen3.5-4B
ID_8241999499678979;1;Multiple Sclerosis;species (rej);0.204;0;sem match válido;Qwen3.5-4B
ID_8241999499678979;2;Natalizumab;piracicaba basin (rej);0.558;0;sem match válido;Qwen3.5-4B
ID_8241999499678979;3;Adverse Events;turnover (rej);0.332;0;sem match válido;Qwen3.5-4B
ID_8241999499678979;4;Immunoglobulin;lignocelulósica e isótopica (rej);0.234;0;sem match válido;Qwen3.5-4B
ID_8241999499678979;5;Postpartum Treatment;alto paranapanema (rej);0.163;0;sem match válido;Qwen3.5-4B
ID_8241999499678979;6;Hybrid Particles;organic matter (rej);0.448;0;sem match válido;Qwen3.5-4B
ID_8241999499678979;7;Emulsion Polymerization;dissolved inorganic (rej);0.437;0;sem match válido;Qwen3.5-4B
ID_8241999499678979;8;Styrene;turnover (rej);0.481;0;sem match válido;Qwen3.5-4B
ID_8241999499678979;9;Carboxymethyl Cellulose;composição lignocelulósica (rej);0.559;0;sem match válido;Qwen3.5-4B
ID_8241999499678979;10;Cetyltrimethylammonium Bromide;chemical composition (rej);0.561;0;sem match válido;Qwen3.5-4B
ID_8241999499678979;11;Zeta Potential;nitrogen (rej);0.310;0;sem match válido;Qwen3.5-4B
ID_8241999499678979;12;Colloidal Stability;carbon dynamics (rej);0.433;0;sem match válido;Qwen3.5-4B
ID_8241999499678979;13;Copper Ions;dissolved inorganic (rej);0.496;0;sem match válido;Qwen3.5-4B
ID_8241999499678979;14;Radiocarbon Dating;radiocarbon;0.843;3;match válido;Qwen3.5-4B
ID_8241999499678979;15;Carbon 14;carbon;0.835;3;match válido;Qwen3.5-4B
ID_8241999499678979;16;Benzene Synthesis;chemical composition (rej);0.649;0;sem match válido;Qwen3.5-4B
ID_8241999499678979;17;Collagen;composição lignocelulósica (rej);0.381;0;sem match válido;Qwen3.5-4B
ID_8241999499678979;18;Soil Carbon Stocks;orgânica do solo (rej);0.687;0;sem match válido;Qwen3.5-4B
ID_8241999499678979;19;Land Use;solo sob vegetação (rej);0.558;0;sem match válido;Qwen3.5-4B
ID_8241999499678979;20;Brazilian Biomes;brazil (rej);0.610;0;sem match válido;Qwen3.5-4B
ID_8496716957724133;1;Esclerose Multipla;hot degenerates (rej);0.355;0;sem match válido;Qwen3.5-4B
ID_8496716957724133;2;Natalizumab;zz ceti (rej);0.572;0;sem match válido;Qwen3.5-4B
ID_8496716957724133;3;Eventos Adversos;instability (rej);0.495;0;sem match válido;Qwen3.5-4B
ID_8496716957724133;4;Imunoglobulina;zz ceti (rej);0.225;0;sem match válido;Qwen3.5-4B
ID_8496716957724133;5;Tratamento Postparto;hst observations (rej);0.203;0;sem match válido;Qwen3.5-4B
ID_8496716957724133;6;Reconhecimento Facial;mode identification (rej);0.438;0;sem match válido;Qwen3.5-4B
ID_8496716957724133;7;Algoritmos de Reconhecimento;mode identification (rej);0.553;0;sem match válido;Qwen3.5-4B
ID_8496716957724133;8;Mobile Computing;mode identification (rej);0.304;0;sem match válido;Qwen3.5-4B
ID_8496716957724133;9;Recursos Limitados;discovery (rej);0.394;0;sem match válido;Qwen3.5-4B
ID_8496716957724133;10;Agrupamentos Globulares;stellar structure (rej);0.668;0;sem match válido;Qwen3.5-4B
ID_8496716957724133;11;NGC 6366;stellar structure (rej);0.630;0;sem match válido;Qwen3.5-4B
ID_8496716957724133;12;Diagramas Cromométricos;light curve (rej);0.539;0;sem match válido;Qwen3.5-4B
ID_8496716957724133;13;Extinção Seletiva;evolutionary timescale (rej);0.586;0;sem match válido;Qwen3.5-4B
ID_8496716957724133;14;Estelares Evolução;stars: evolution;0.881;3;match válido;Qwen3.5-4B
ID_8496716957724133;15;Anãs Brancas;white dwarf (rej);0.675;0;sem match válido;Qwen3.5-4B
ID_8496716957724133;16;Astrosismologia;stellar structure;0.760;3;match válido;Qwen3.5-4B
ID_8496716957724133;17;Pulsacoes;nonradial g-mode pulsations (rej);0.479;0;sem match válido;Qwen3.5-4B
ID_8496716957724133;18;Espectroscopia;optical spectrum (rej);0.657;0;sem match válido;Qwen3.5-4B
ID_8496716957724133;19;Campo Magnético;stars: magnetic field;0.765;3;match válido;Qwen3.5-4B
ID_8496716957724133;20;ZZ Ceti;zz ceti;0.936;2;match válido;Qwen3.5-4B
ID_0321740024191482;1;Diabetes tipo 1;diabetes mellitus;0.868;2;match válido;Qwen3.5-4B
ID_0321740024191482;2;Suplementação de zinco;zinc supplementation;0.917;2;match válido;Qwen3.5-4B
ID_0321740024191482;3;Zincuria;zinc and copper;0.842;2;match válido;Qwen3.5-4B
ID_0321740024191482;4;Estresse oxidativo;oxidative stress;0.970;2;match válido;Qwen3.5-4B
ID_0321740024191482;5;Antioxidantes;vitro antioxidant;0.909;3;match válido;Qwen3.5-4B
ID_0321740024191482;6;Peroxidação lipídica;lipid peroxidation;0.942;3;match válido;Qwen3.5-4B
ID_0321740024191482;7;Obesidade infantil;nutrition (rej);0.520;0;sem match válido;Qwen3.5-4B
ID_0321740024191482;8;Perfil lipidico;perfil lipídico;0.809;3;match válido;Qwen3.5-4B
ID_0321740024191482;9;Cobre plasmático;vapor pressure (rej);0.568;0;sem match válido;Qwen3.5-4B
ID_0321740024191482;10;Hepatotoxicidade;substâncias reativas (rej);0.494;0;sem match válido;Qwen3.5-4B
ID_0321740024191482;11;Tamoxifeno;tibolone (rej);0.595;0;sem match válido;Qwen3.5-4B
ID_0321740024191482;12;Iron overload hepático;zincúria de pacientes (rej);0.518;0;sem match válido;Qwen3.5-4B
ID_0321740024191482;13;Dieta e controle metabólico;nutrition (rej);0.713;0;sem match válido;Qwen3.5-4B
ID_0321740024191482;14;Berardinelli-Seip syndrome;patients with type (rej);0.478;0;sem match válido;Qwen3.5-4B
ID_0321740024191482;15;Lipodistrofia congênita;perfil lipídico (rej);0.731;0;sem match válido;Qwen3.5-4B
ID_0321740024191482;16;Microalbuminúria;perfil lipídico (rej);0.410;0;sem match válido;Qwen3.5-4B
ID_0321740024191482;17;Toll-like receptors;substâncias reativas (rej);0.431;0;sem match válido;Qwen3.5-4B
ID_0321740024191482;18;Inflamação renal;zincúria de pacientes (rej);0.503;0;sem match válido;Qwen3.5-4B
ID_0321740024191482;19;Diabetes neonatal;diabetes mellitus (rej);0.773;0;sem match válido;Qwen3.5-4B
ID_0321740024191482;20;Osteopenia;tibolone and menopausal (rej);0.434;0;sem match válido;Qwen3.5-4B
ID_6372649810646310;1;tag1;terpenos em cupins (rej);0.360;0;sem match válido;Qwen3.5-4B
ID_6372649810646310;2;tag2;terpenos em cupins (rej);0.382;0;sem match válido;Qwen3.5-4B
ID_6372649810646310;3;"mantenha o IDIOMA das publicações nas tags — se as publicações estão em português, as tags devem estar em português; se estão em inglês, em inglês";arabica and robusta (rej);0.324;0;sem match válido;Qwen3.5-4B
ID_6372649810646310;4;Gravidez, Imunomoduladores, Esclerose multipla;antinociceptive activities (rej);0.377;0;sem match válido;Qwen3.5-4B
ID_6372649810646310;5;;;;;;Qwen3.5-4B
ID_6372649810646310;6;;;;;;Qwen3.5-4B
ID_6372649810646310;7;;;;;;Qwen3.5-4B
ID_6372649810646310;8;;;;;;Qwen3.5-4B
ID_6372649810646310;9;;;;;;Qwen3.5-4B
ID_6372649810646310;10;;;;;;Qwen3.5-4B
ID_6372649810646310;11;;;;;;Qwen3.5-4B
ID_6372649810646310;12;;;;;;Qwen3.5-4B
ID_6372649810646310;13;;;;;;Qwen3.5-4B
ID_6372649810646310;14;;;;;;Qwen3.5-4B
ID_6372649810646310;15;;;;;;Qwen3.5-4B
ID_6372649810646310;16;;;;;;Qwen3.5-4B
ID_6372649810646310;17;;;;;;Qwen3.5-4B
ID_6372649810646310;18;;;;;;Qwen3.5-4B
ID_6372649810646310;19;;;;;;Qwen3.5-4B
ID_6372649810646310;20;;;;;;Qwen3.5-4B
ID_6723353746838236;1;tag1;hiv-1 (rej);0.454;0;sem match válido;Qwen3.5-4B
ID_6723353746838236;2;tag2;hiv-1 (rej);0.344;0;sem match válido;Qwen3.5-4B
ID_6723353746838236;3;"mantenha o IDIOMA das publicações nas tags — se as publicações estão em português, as tags devem estar em português; se estão em inglês, em inglês.";hiv, prenatal serodiagnosis (rej);0.173;0;sem match válido;Qwen3.5-4B
ID_6723353746838236;4;se as publicações estão em português... se estão em inglês...;doenças sexualmente transmissíveis (rej);0.182;0;sem match válido;Qwen3.5-4B
ID_6723353746838236;5;mantenha o IDIOMA das publicações nas tags;vertical do vírus (rej);0.254;0;sem match válido;Qwen3.5-4B
ID_6723353746838236;6;Frequencia de alteracoes citologicas...;doenças sexualmente transmissíveis (rej);0.506;0;sem match válido;Qwen3.5-4B
ID_6723353746838236;7;Doenca de Wilson...;imunodeficiência humana tipo (rej);0.244;0;sem match válido;Qwen3.5-4B
ID_6723353746838236;8;GINECOLOGIA;photodiagnosis (rej);0.440;0;sem match válido;Qwen3.5-4B
ID_6723353746838236;9;publication language;transmissão vertical (rej);0.263;0;sem match válido;Qwen3.5-4B
ID_6723353746838236;10;se as publicações estão em português... se estão em inglês;doenças sexualmente transmissíveis (rej);0.192;0;sem match válido;Qwen3.5-4B
ID_6723353746838236;11;Gravidez, Imunomoduladores, Esclerose multipla;imunodeficiência humana tipo (rej);0.618;0;sem match válido;Qwen3.5-4B
ID_6723353746838236;12;Hodgkin, linfoma;imunodeficiência humana tipo (rej);0.491;0;sem match válido;Qwen3.5-4B
ID_6723353746838236;13;;;;;;Qwen3.5-4B
ID_6723353746838236;14;;;;;;Qwen3.5-4B
ID_6723353746838236;15;;;;;;Qwen3.5-4B
ID_6723353746838236;16;;;;;;Qwen3.5-4B
ID_6723353746838236;17;;;;;;Qwen3.5-4B
ID_6723353746838236;18;;;;;;Qwen3.5-4B
ID_6723353746838236;19;;;;;;Qwen3.5-4B
ID_6723353746838236;20;;;;;;Qwen3.5-4B
ID_3532765293459410;1;Nutrição Animal;total digestible nutrients (rej);0.630;0;sem match válido;Qwen3.5-4B
ID_3532765293459410;2;Ruminantes;ruminal ammonia (rej);0.623;0;sem match válido;Qwen3.5-4B
ID_3532765293459410;3;Digestibilidade;digestibility;0.952;3;match válido;Qwen3.5-4B
ID_3532765293459410;4;Fibra em Detergente Neutro;neutral detergent fiber (rej);0.605;0;sem match válido;Qwen3.5-4B
ID_3532765293459410;5;Degradação Ruminal;ruminal ammonia (rej);0.606;0;sem match válido;Qwen3.5-4B
ID_3532765293459410;6;Proteína Bruta;proteína bruta;0.902;2;match válido;Qwen3.5-4B
ID_3532765293459410;7;Energia Metabolizável;metabolizable energy;0.926;2;match válido;Qwen3.5-4B
ID_3532765293459410;8;Suplementação;supplementation;0.774;2;match válido;Qwen3.5-4B
ID_3532765293459410;9;Feno;nellore (rej);0.562;0;sem match válido;Qwen3.5-4B
ID_3532765293459410;10;Capim Brachiaria;nellore (rej);0.532;0;sem match válido;Qwen3.5-4B
ID_3532765293459410;11;Canavieira;nellore (rej);0.497;0;sem match válido;Qwen3.5-4B
ID_3532765293459410;12;Bezerros;nellore (rej);0.780;0;sem match válido;Qwen3.5-4B
ID_3532765293459410;13;Vacas Lactantes;beef cattle;0.832;3;match válido;Qwen3.5-4B
ID_3532765293459410;14;Novilhas;nellore;0.797;2;match válido;Qwen3.5-4B
ID_3532765293459410;15;Curva de Lactação;nellore (rej);0.680;0;sem match válido;Qwen3.5-4B
ID_3532765293459410;16;Modelos Matemáticos;total e parcial (rej);0.430;0;sem match válido;Qwen3.5-4B
ID_3532765293459410;17;Materia Seca;materia seca;0.902;2;match válido;Qwen3.5-4B
ID_3532765293459410;18;Parede Celular;nellore (rej);0.398;0;sem match válido;Qwen3.5-4B
ID_3532765293459410;19;Lignina;nellore (rej);0.679;0;sem match válido;Qwen3.5-4B
ID_3532765293459410;20;Hemicelulose;ruminal ammonia (rej);0.413;0;sem match válido;Qwen3.5-4B
ID_7057449448661416;1;Desenvolvimento Urbano;urbanização e constituição (rej);0.789;0;sem match válido;Qwen3.5-4B
ID_7057449448661416;2;Politica Habitacional;housing policy;0.894;3;match válido;Qwen3.5-4B
ID_7057449448661416;3;Habitacao Social;social housing policy (rej);0.659;0;sem match válido;Qwen3.5-4B
ID_7057449448661416;4;Brasil;brasil;0.997;3;match válido;Qwen3.5-4B
ID_7057449448661416;5;Desigualdade Social;social housing policy (rej);0.479;0;sem match válido;Qwen3.5-4B
ID_7057449448661416;6;Globalizacao;urbanização e constituição (rej);0.421;0;sem match válido;Qwen3.5-4B
ID_7057449448661416;7;Estudos Urbanos;cidade contemporânea (rej);0.815;0;sem match válido;Qwen3.5-4B
ID_7057449448661416;8;Cidade;cidade contemporânea;0.921;3;match válido;Qwen3.5-4B
ID_7057449448661416;9;Urbanizacao;urbanização e constituição;0.855;1;match válido;Qwen3.5-4B
ID_7057449448661416;10;Reforma Urbana;urbanização e constituição (rej);0.852;0;sem match válido;Qwen3.5-4B
ID_7057449448661416;11;Favela;brazilian housing finance (rej);0.543;0;sem match válido;Qwen3.5-4B
ID_7057449448661416;12;Vilas Militares;cidade contemporânea (rej);0.424;0;sem match válido;Qwen3.5-4B
ID_7057449448661416;13;Financiamento Habitacional;housing provision system;0.775;3;match válido;Qwen3.5-4B
ID_7057449448661416;14;Economia Politica;reestruturação econômica (rej);0.528;0;sem match válido;Qwen3.5-4B
ID_7057449448661416;15;Politica Publica;urbanização e constituição (rej);0.452;0;sem match válido;Qwen3.5-4B
ID_7057449448661416;16;Clientelismo;patron-client relations;0.772;1;match válido;Qwen3.5-4B
ID_7057449448661416;17;Desenvolvimento Economico;reestruturação econômica (rej);0.615;0;sem match válido;Qwen3.5-4B
ID_7057449448661416;18;Crise Economica;reestruturação econômica (rej);0.643;0;sem match válido;Qwen3.5-4B
ID_7057449448661416;19;Desenvolvimento Economico Internacional;reestruturação econômica (rej);0.525;0;sem match válido;Qwen3.5-4B
ID_7057449448661416;20;Politica Habitacional Brasileira;brazilian housing policy;0.873;3;match válido;Qwen3.5-4B
ID_7506578377321090;1;Citros;cultivares de morangueiro (rej);0.736;0;sem match válido;Qwen3.5-4B
ID_7506578377321090;2;Bananeira;micropropagação de bananeira (rej);0.810;0;sem match válido;Qwen3.5-4B
ID_7506578377321090;3;Tangerina;citrus (rej);0.578;0;sem match válido;Qwen3.5-4B
ID_7506578377321090;4;Laranja Pera;citrus;0.802;2;match válido;Qwen3.5-4B
ID_7506578377321090;5;Mapeamento genetico;genetic markers (rej);0.835;0;sem match válido;Qwen3.5-4B
ID_7506578377321090;6;Marcadores RAPD;cultivares de morangueiro (rej);0.432;0;sem match válido;Qwen3.5-4B
ID_7506578377321090;7;Melhoramento de citros;produção de mudas (rej);0.721;0;sem match válido;Qwen3.5-4B
ID_7506578377321090;8;Porta-enxertos;porta-enxertos de prunus (rej);0.685;0;sem match válido;Qwen3.5-4B
ID_7506578377321090;9;Hibridos de citros;cultivares de morangueiro;0.756;2;match válido;Qwen3.5-4B
ID_7506578377321090;10;Xylella fastidiosa;cultivares de morangueiro (rej);0.719;0;sem match válido;Qwen3.5-4B
ID_7506578377321090;11;Biofilme;tissue culture (rej);0.525;0;sem match válido;Qwen3.5-4B
ID_7506578377321090;12;Microarray;micropropagation (rej);0.822;0;sem match válido;Qwen3.5-4B
ID_7506578377321090;13;Expressao genica;genetic markers;0.846;2;match válido;Qwen3.5-4B
ID_7506578377321090;14;Germoplasma;tissue culture (rej);0.510;0;sem match válido;Qwen3.5-4B
ID_7506578377321090;15;Micropropagacao;micropropagation;0.916;3;match válido;Qwen3.5-4B
ID_7506578377321090;16;Cultura de tecidos;tissue culture;0.862;3;match válido;Qwen3.5-4B
ID_7506578377321090;17;Calos nucelares;cultivares de morangueiro (rej);0.647;0;sem match válido;Qwen3.5-4B
ID_7506578377321090;18;Suspensoes celulares;propagation (rej);0.345;0;sem match válido;Qwen3.5-4B
ID_7506578377321090;19;Embrioes;somatic embryo induction;0.793;3;match válido;Qwen3.5-4B
ID_7506578377321090;20;Banana;micropropagação de bananeira;0.814;3;match válido;Qwen3.5-4B
ID_2662364620923506;1;Pteridofitas;richness of pteridophytes;0.774;2;match válido;Qwen3.5-4B
ID_2662364620923506;2;Samambaias;southern brazil (rej);0.613;0;sem match válido;Qwen3.5-4B
ID_2662364620923506;3;Blechnaceae;levantamento florístico (rej);0.585;0;sem match válido;Qwen3.5-4B
ID_2662364620923506;4;Blechnum;levantamento florístico (rej);0.331;0;sem match válido;Qwen3.5-4B
ID_2662364620923506;5;Floristica;levantamento florístico;0.915;3;match válido;Qwen3.5-4B
ID_2662364620923506;6;Floresta Atlantica;atlantic forest;0.975;3;match válido;Qwen3.5-4B
ID_2662364620923506;7;Parque Estadual;carlos botelho state park;0.789;3;match válido;Qwen3.5-4B
ID_2662364620923506;8;Parque Barigui;carlos botelho state park (rej);0.645;0;sem match válido;Qwen3.5-4B
ID_2662364620923506;9;Serra do Mar;southern brazil (rej);0.522;0;sem match válido;Qwen3.5-4B
ID_2662364620923506;10;Sul do Brasil;southern brazil;0.968;3;match válido;Qwen3.5-4B
ID_2662364620923506;11;Monilofitas;plantas vasculares (rej);0.469;0;sem match válido;Qwen3.5-4B
ID_2662364620923506;12;Monilophytes;richness of pteridophytes (rej);0.541;0;sem match válido;Qwen3.5-4B
ID_2662364620923506;13;Taxonomia;species composition;0.806;3;match válido;Qwen3.5-4B
ID_2662364620923506;14;Diversidade;diversity;0.994;3;match válido;Qwen3.5-4B
ID_2662364620923506;15;Riqueza de especies;species richness;0.922;3;match válido;Qwen3.5-4B
ID_2662364620923506;16;Epifitas;neotropics (rej);0.439;0;sem match válido;Qwen3.5-4B
ID_2662364620923506;17;Epifitos vasculares;plantas vasculares (rej);0.584;0;sem match válido;Qwen3.5-4B
ID_2662364620923506;18;Biodiversidade;species richness (rej);0.762;0;sem match válido;Qwen3.5-4B
ID_2662364620923506;19;Conservacao;levantamento florístico (rej);0.492;0;sem match válido;Qwen3.5-4B
ID_2662364620923506;20;Unidades de conservacao;species composition (rej);0.429;0;sem match válido;Qwen3.5-4B
ID_2929963416385218;1;tag1;activation (rej);0.432;0;sem match válido;Qwen3.5-4B
ID_2929963416385218;2;tag2;smase (rej);0.377;0;sem match válido;Qwen3.5-4B
ID_2929963416385218;3;"mantenha o IDIOMA das publicações nas tags — se as publicações estão em português, as tags devem estar em português; se estão em inglês, em inglês.";uso popular (rej);0.247;0;sem match válido;Qwen3.5-4B
ID_2929963416385218;4;"se as publicações estão em português, as tags devem estar em português; se estão em inglês, em inglês.";transcriptome analysis (rej);0.236;0;sem match válido;Qwen3.5-4B
ID_2929963416385218;5;SMase II;smase (rej);0.481;0;sem match válido;Qwen3.5-4B
ID_2929963416385218;6;Identificacao botanica...;tityus serrulatus (rej);0.491;0;sem match válido;Qwen3.5-4B
ID_2929963416385218;7;Desenvolvimento...;structural insights (rej);0.417;0;sem match válido;Qwen3.5-4B
ID_2929963416385218;8;ANALISE BOTANICA...;structural insights (rej);0.421;0;sem match válido;Qwen3.5-4B
ID_2929963416385218;9;IDENTIFICACAO QUIMICA...;venom (rej);0.524;0;sem match válido;Qwen3.5-4B
ID_2929963416385218;10;MORFODIAGNOSE...;hemolysis (rej);0.458;0;sem match válido;Qwen3.5-4B
ID_2929963416385218;11;Production...;venom (rej);0.283;0;sem match válido;Qwen3.5-4B
ID_2929963416385218;12;Ipomoea...;smase (rej);0.525;0;sem match válido;Qwen3.5-4B
ID_2929963416385218;13;Aqueous Leaf...;venom (rej);0.468;0;sem match válido;Qwen3.5-4B
ID_2929963416385218;14;Estudo Cinetico...;tityus serrulatus (rej);0.493;0;sem match válido;Qwen3.5-4B
ID_2929963416385218;15;Neutralizing Effects...;suitable comprehensive neutralizing (rej);0.578;0;sem match válido;Qwen3.5-4B
ID_2929963416385218;16;Role of Matrix...;structural insights (rej);0.386;0;sem match válido;Qwen3.5-4B
ID_2929963416385218;17;mantenha o IDIOMA das publicações nas tags;smase (rej);0.385;0;sem match válido;Qwen3.5-4B
ID_2929963416385218;18;"se as publicações estão em português, as tags devem estar em português; se estão em inglês, em inglês";transcriptome analysis (rej);0.236;0;sem match válido;Qwen3.5-4B
ID_2929963416385218;19;;;;;;Qwen3.5-4B
ID_2929963416385218;20;;;;;;Qwen3.5-4B
ID_5183458350445779;1;Clonagem;cloning;0.958;3;match válido;Qwen3.5-4B
ID_5183458350445779;2;Expressao de Genes;synthetic gene (rej);0.734;0;sem match válido;Qwen3.5-4B
ID_5183458350445779;3;Purificacao de Proteina;protein (rej);0.802;0;sem match válido;Qwen3.5-4B
ID_5183458350445779;4;Lectinas;xylella fastidiosa (rej);0.527;0;sem match válido;Qwen3.5-4B
ID_5183458350445779;5;Septinas;human septin;0.783;3;match válido;Qwen3.5-4B
ID_5183458350445779;6;Biossensores;dismutase from schistosoma (rej);0.434;0;sem match válido;Qwen3.5-4B
ID_5183458350445779;7;Imobilizacao de Proteinas;protein;0.856;3;match válido;Qwen3.5-4B
ID_5183458350445779;8;Filmes Layer-by-Layer;preliminary x-ray diffraction (rej);0.382;0;sem match válido;Qwen3.5-4B
ID_5183458350445779;9;Nanoestrutura;structural stability (rej);0.325;0;sem match válido;Qwen3.5-4B
ID_5183458350445779;10;Proteinas Recombinantes;protein (rej);0.652;0;sem match válido;Qwen3.5-4B
ID_5183458350445779;11;Cristalografia;fluorescence spectroscopy (rej);0.464;0;sem match válido;Qwen3.5-4B
ID_5183458350445779;12;Biologia Molecular;protein (rej);0.543;0;sem match válido;Qwen3.5-4B
ID_5183458350445779;13;Proteina de Membrana;protein (rej);0.722;0;sem match válido;Qwen3.5-4B
ID_5183458350445779;14;Interacao Proteina-Lipido;protein (rej);0.665;0;sem match válido;Qwen3.5-4B
ID_5183458350445779;15;Doença de Chagas;xylella fastidiosa (rej);0.500;0;sem match válido;Qwen3.5-4B
ID_5183458350445779;16;Trypanosoma cruzi;trypanosoma cruzi;0.994;2;match válido;Qwen3.5-4B
ID_5183458350445779;17;Anaplasma marginale;trypanosoma cruzy glycosomal (rej);0.434;0;sem match válido;Qwen3.5-4B
ID_5183458350445779;18;Baculovirus;escherichia coli (rej);0.470;0;sem match válido;Qwen3.5-4B
ID_5183458350445779;19;Virus da Febre Amarela;xylella fastidiosa (rej);0.450;0;sem match válido;Qwen3.5-4B
ID_5183458350445779;20;Mycobacterium tuberculosis;escherichia coli (rej);0.446;0;sem match válido;Qwen3.5-4B
ID_7216933992248038;1;Febre Reumatica;rheumatic fever (rej);0.847;0;sem match válido;Qwen3.5-4B
ID_7216933992248038;2;Doenca Reumatica Cardiaca;heart lesions;0.843;3;match válido;Qwen3.5-4B
ID_7216933992248038;3;Mimetismo Molecular;molecular mimicry (rej);0.929;0;sem match válido;Qwen3.5-4B
ID_7216933992248038;4;Linfocitos T;peripheral t cells;0.789;3;match válido;Qwen3.5-4B
ID_7216933992248038;5;Febrre Reumatica;rhd (rej);0.536;0;sem match válido;Qwen3.5-4B
ID_7216933992248038;6;Molecular Mimicry;molecular mimicry;0.990;3;match válido;Qwen3.5-4B
ID_7216933992248038;7;Autoimmunity;autoimmunity;0.996;3;match válido;Qwen3.5-4B
ID_7216933992248038;8;HLA;hla class ii (rej);0.666;0;sem match válido;Qwen3.5-4B
ID_7216933992248038;9;HLA-A 0201;hla class ii (rej);0.682;0;sem match válido;Qwen3.5-4B
ID_7216933992248038;10;HLA Class II;hla class ii;0.861;2;match válido;Qwen3.5-4B
ID_7216933992248038;11;Rheumatic Fever;rheumatic fever;0.986;3;match válido;Qwen3.5-4B
ID_7216933992248038;12;Rheumatic Heart Disease;rheumatic heart disease;0.975;3;match válido;Qwen3.5-4B
ID_7216933992248038;13;TNF-alpha;tnf-alpha polymorphisms (rej);0.778;0;sem match válido;Qwen3.5-4B
ID_7216933992248038;14;TNF polymorphism;tnf-alpha polymorphisms;0.886;2;match válido;Qwen3.5-4B
ID_7216933992248038;15;NFKBIL1;rf (rej);0.555;0;sem match válido;Qwen3.5-4B
ID_7216933992248038;16;NFKBIL1 polymorphism;tnf-alpha polymorphisms (rej);0.679;0;sem match válido;Qwen3.5-4B
ID_7216933992248038;17;Obsessive-Compulsive Disorder;obsessive-compulsive disorder;0.972;2;match válido;Qwen3.5-4B
ID_7216933992248038;18;OCD;obsessive-compulsive disorder (rej);0.693;0;sem match válido;Qwen3.5-4B
ID_7216933992248038;19;Genetic Polymorphisms;polymorphism;0.842;2;match válido;Qwen3.5-4B
ID_7216933992248038;20;Streptococcus pyogenes;streptococcal group;0.807;3;match válido;Qwen3.5-4B
ID_9836776931160228;1;Model-Based Testing;test analysis (rej);0.778;0;sem match válido;Qwen3.5-4B
ID_9836776931160228;2;Finite State Machines;finite state machines;0.957;3;match válido;Qwen3.5-4B
ID_9836776931160228;3;Test Case Generation;test case generation;0.992;3;match válido;Qwen3.5-4B
ID_9836776931160228;4;Fault Coverage;fault domain (rej);0.667;0;sem match válido;Qwen3.5-4B
ID_9836776931160228;5;Web Services Testing;software testing (rej);0.691;0;sem match válido;Qwen3.5-4B
ID_9836776931160228;6;Mutation Testing;mutation testing;0.970;2;match válido;Qwen3.5-4B
ID_9836776931160228;7;Test Suite Minimization;testing tool (rej);0.661;0;sem match válido;Qwen3.5-4B
ID_9836776931160228;8;Asynchronous Testing;testing tool (rej);0.617;0;sem match válido;Qwen3.5-4B
ID_9836776931160228;9;Timed Finite State Machines;timed finite state machines;0.964;3;match válido;Qwen3.5-4B
ID_9836776931160228;10;Regression Testing;test analysis;0.792;2;match válido;Qwen3.5-4B
ID_9836776931160228;11;Software Verification;software testing;0.804;3;match válido;Qwen3.5-4B
ID_9836776931160228;12;Structural Testing;structural testing criteria;0.968;2;match válido;Qwen3.5-4B
ID_9836776931160228;13;Parallel Programs Testing;software testing (rej);0.681;0;sem match válido;Qwen3.5-4B
ID_9836776931160228;14;Event Sequence Graphs;timed efsm (rej);0.448;0;sem match válido;Qwen3.5-4B
ID_9836776931160228;15;Self-Organizing Neural Networks;finite state machine (rej);0.357;0;sem match válido;Qwen3.5-4B
ID_9836776931160228;16;Test Purposes;test purpose;0.984;2;match válido;Qwen3.5-4B
ID_9836776931160228;17;State Minimization;finite state machine (rej);0.605;0;sem match válido;Qwen3.5-4B
ID_9836776931160228;18;Conformance Testing;conformance testing;0.987;3;match válido;Qwen3.5-4B
ID_9836776931160228;19;Web Service Compositions;fault domain (rej);0.289;0;sem match válido;Qwen3.5-4B
ID_9836776931160228;20;Model Partitions;finite state machines (rej);0.408;0;sem match válido;Qwen3.5-4B
ID_1686212165863890;1;tag1;recria de novilhos (rej);0.413;0;sem match válido;Qwen3.5-4B
ID_1686212165863890;2;tag2;recria de novilhos (rej);0.384;0;sem match válido;Qwen3.5-4B
ID_1686212165863890;3;Yield;desempenho produtivo (rej);0.514;0;sem match válido;Qwen3.5-4B
ID_1686212165863890;4;Consumo;consumo e digestibilidade (rej);0.673;0;sem match válido;Qwen3.5-4B
ID_1686212165863890;5;Soybean in different forms...;soybean meal;0.828;2;match válido;Qwen3.5-4B
ID_1686212165863890;6;Factors affecting feed efficiency...;consumo e digestibilidade (rej);0.595;0;sem match válido;Qwen3.5-4B
ID_1686212165863890;7;Substituicao...;terminação de novilhos (rej);0.582;0;sem match válido;Qwen3.5-4B
ID_1686212165863890;8;Performance and meat quality traits...;suplementação de bovinos (rej);0.456;0;sem match válido;Qwen3.5-4B
ID_1686212165863890;9;Simulation and validation...;desempenho produtivo (rej);0.354;0;sem match válido;Qwen3.5-4B
ID_1686212165863890;10;Eficiencia microbiana...;consumo e digestibilidade (rej);0.418;0;sem match válido;Qwen3.5-4B
ID_1686212165863890;11;Avaliacao do vicio...;recria de novilhos (rej);0.589;0;sem match válido;Qwen3.5-4B
ID_1686212165863890;12;Digestibilidade dos compostos...;apparent digestibility;0.795;2;match válido;Qwen3.5-4B
ID_1686212165863890;13;Associacao de diferentes...;recria de novilhos (rej);0.528;0;sem match válido;Qwen3.5-4B
ID_1686212165863890;14;Niveis de proteina...;níveis de proteína;0.948;2;match válido;Qwen3.5-4B
ID_1686212165863890;15;Consumo e digestibilidade...;consumo e digestibilidade;0.962;3;match válido;Qwen3.5-4B
ID_1686212165863890;16;"mantenha o IDIOMA das publicações nas tags — se as publicações estão em português, as tags devem estar em português; se estão em inglês, em inglês.";parâmetros ruminais (rej);0.318;0;sem match válido;Qwen3.5-4B
ID_1686212165863890;17;if publications are in Portuguese... if in English...;parâmetros ruminais (rej);0.314;0;sem match válido;Qwen3.5-4B
ID_1686212165863890;18;;;;;;Qwen3.5-4B
ID_1686212165863890;19;;;;;;Qwen3.5-4B
ID_1686212165863890;20;;;;;;Qwen3.5-4B
ID_6201224121456969;1;Ovinos;moxotó (rej);0.683;0;sem match válido;Qwen3.5-4B
ID_6201224121456969;2;Caprinos;supranumerárias em caprinos (rej);0.645;0;sem match válido;Qwen3.5-4B
ID_6201224121456969;3;Gado de Leite;moxotó (rej);0.631;0;sem match válido;Qwen3.5-4B
ID_6201224121456969;4;Reproducao Animal;reprodutivo de ovinos;0.811;2;match válido;Qwen3.5-4B
ID_6201224121456969;5;Nutricao Animal;saanen dairy (rej);0.641;0;sem match válido;Qwen3.5-4B
ID_6201224121456969;6;Biometria;zoometric indexes (rej);0.533;0;sem match válido;Qwen3.5-4B
ID_6201224121456969;7;Genetica Animal;genetic relationship (rej);0.730;0;sem match válido;Qwen3.5-4B
ID_6201224121456969;8;Diversidade Genetica;genetic diversity;0.992;3;match válido;Qwen3.5-4B
ID_6201224121456969;9;Marcadores Moleculares;protein polymorphism (rej);0.429;0;sem match válido;Qwen3.5-4B
ID_6201224121456969;10;Microssatelites;microsatellite (rej);0.744;0;sem match válido;Qwen3.5-4B
ID_6201224121456969;11;Agrupamento;unweighted pair group (rej);0.590;0;sem match válido;Qwen3.5-4B
ID_6201224121456969;12;Componentes Principais;principal components;0.827;2;match válido;Qwen3.5-4B
ID_6201224121456969;13;Sincronizacao Ovulacao;reprodutiva de vacas (rej);0.441;0;sem match válido;Qwen3.5-4B
ID_6201224121456969;14;Inseminacao Artificial;reprodutivo de ovinos (rej);0.523;0;sem match válido;Qwen3.5-4B
ID_6201224121456969;15;Carcaca;moxotó (rej);0.698;0;sem match válido;Qwen3.5-4B
ID_6201224121456969;16;Confinamento;moxotó (rej);0.472;0;sem match válido;Qwen3.5-4B
ID_6201224121456969;17;Dieta;weight gain (rej);0.525;0;sem match válido;Qwen3.5-4B
ID_6201224121456969;18;Racas Locais;rhea (rej);0.703;0;sem match válido;Qwen3.5-4B
ID_6201224121456969;19;Recursos Geneticos;genetic resources;0.980;3;match válido;Qwen3.5-4B
ID_6201224121456969;20;Biometria Folicular;zoometric indexes (rej);0.452;0;sem match válido;Qwen3.5-4B
ID_8479803539567479;1;tag1;dna fragmentation (rej);0.280;0;sem match válido;Qwen3.5-4B
ID_8479803539567479;2;tag2;tunel assay (rej);0.281;0;sem match válido;Qwen3.5-4B
ID_8479803539567479;3;"mantenha o IDIOMA das publicações nas tags — se as publicações estão em português, as tags devem estar em português; se estão em inglês, em inglês";varicocele correction (rej);0.221;0;sem match válido;Qwen3.5-4B
ID_8479803539567479;4;Identificacao das subunidades...;dna fragmentation (rej);0.567;0;sem match válido;Qwen3.5-4B
ID_8479803539567479;5;Avaliacao da fragmentacao...;dna fragmentation (rej);0.597;0;sem match válido;Qwen3.5-4B
ID_8479803539567479;6;Single embryo and oocyte lipid fingerprinting...;sperm apoptotic dna (rej);0.506;0;sem match válido;Qwen3.5-4B
ID_8479803539567479;7;Sperm nuclear DNA fragmentation rate...;sperm nuclear dna;0.799;3;match válido;Qwen3.5-4B
ID_8479803539567479;8;"If publications are in Portuguese, tags in Portuguese; if in English, tags in English";varicocele correction (rej);0.198;0;sem match válido;Qwen3.5-4B
ID_8479803539567479;9;Metodologia Cientifica;proteomic analysis (rej);0.359;0;sem match válido;Qwen3.5-4B
ID_8479803539567479;10;"se as publicações estão em português, as tags devem estar em português; se estão em inglês, em inglês";varicocele correction (rej);0.184;0;sem match válido;Qwen3.5-4B
ID_8479803539567479;11;publication language;proteomics (rej);0.228;0;sem match válido;Qwen3.5-4B
ID_8479803539567479;12;mantenha o IDIOMA das publicações nas tags;varicocele correction (rej);0.235;0;sem match válido;Qwen3.5-4B
ID_8479803539567479;13;Extraia as tags baseadas SOMENTE no conteúdo das publicações fornecidas.;spinal cord injury (rej);0.155;0;sem match válido;Qwen3.5-4B
ID_8479803539567479;14;;;;;;Qwen3.5-4B
ID_8479803539567479;15;;;;;;Qwen3.5-4B
ID_8479803539567479;16;;;;;;Qwen3.5-4B
ID_8479803539567479;17;;;;;;Qwen3.5-4B
ID_8479803539567479;18;;;;;;Qwen3.5-4B
ID_8479803539567479;19;;;;;;Qwen3.5-4B
ID_8479803539567479;20;;;;;;Qwen3.5-4B
ID_7572366766177648;1;Biosensores;biosensor;0.984;3;match válido;Qwen3.5-4B
ID_7572366766177648;2;Espectroscopia;amperometric biosensor (rej);0.525;0;sem match válido;Qwen3.5-4B
ID_7572366766177648;3;Farmacologia;phenolic compounds (rej);0.645;0;sem match válido;Qwen3.5-4B
ID_7572366766177648;4;Paracetamol;paracetamol;0.995;2;match válido;Qwen3.5-4B
ID_7572366766177648;5;Quimica Analitica;phenolic compounds (rej);0.749;0;sem match válido;Qwen3.5-4B
ID_7572366766177648;6;Sensores Eletroquimicos;electrochemical sensor;0.949;3;match válido;Qwen3.5-4B
ID_7572366766177648;7;Carbono Nanotubos;carbon paste electrode (rej);0.649;0;sem match válido;Qwen3.5-4B
ID_7572366766177648;8;Polianilina;phenolic compounds (rej);0.561;0;sem match válido;Qwen3.5-4B
ID_7572366766177648;9;Grafito;material (rej);0.598;0;sem match válido;Qwen3.5-4B
ID_7572366766177648;10;Bioatividade;biosensor (rej);0.571;0;sem match válido;Qwen3.5-4B
ID_7572366766177648;11;Imunossensores;immunosensor;0.961;3;match válido;Qwen3.5-4B
ID_7572366766177648;12;Trypanosoma cruzi;paracetamol (rej);0.279;0;sem match válido;Qwen3.5-4B
ID_7572366766177648;13;Leishmania;fia (rej);0.516;0;sem match válido;Qwen3.5-4B
ID_7572366766177648;14;Ciclodextrina;phenol compounds (rej);0.530;0;sem match válido;Qwen3.5-4B
ID_7572366766177648;15;Porfirinas;material (rej);0.511;0;sem match válido;Qwen3.5-4B
ID_7572366766177648;16;Fenóis;phenol compounds;0.797;2;match válido;Qwen3.5-4B
ID_7572366766177648;17;Glutatio;fia (rej);0.397;0;sem match válido;Qwen3.5-4B
ID_7572366766177648;18;Cisteína;ascorbic acid (rej);0.497;0;sem match válido;Qwen3.5-4B
ID_7572366766177648;19;NADH;spr (rej);0.564;0;sem match válido;Qwen3.5-4B
ID_7572366766177648;20;DNA;molecularly imprinted polymers (rej);0.404;0;sem match válido;Qwen3.5-4B
ID_1717412318563908;1;tag1;genus (rej);0.377;0;sem match válido;Qwen3.5-4B
ID_1717412318563908;2;tag2;subscript> (rej);0.382;0;sem match válido;Qwen3.5-4B
ID_1717412318563908;3;"mantenha o IDIOMA das publicações nas tags — se as publicações estão em português, as tags devem estar em português; se estão em inglês, em inglês";subscript> (rej);0.328;0;sem match válido;Qwen3.5-4B
ID_1717412318563908;4;Sintese;genus (rej);0.699;0;sem match válido;Qwen3.5-4B
ID_1717412318563908;5;Otimizacao do Processo...;total (rej);0.414;0;sem match válido;Qwen3.5-4B
ID_1717412318563908;6;Estudos de Sementes...;genética do feijão (rej);0.567;0;sem match válido;Qwen3.5-4B
ID_1717412318563908;7;PERFIL TERMOGRAVIMETRICO...;thermochemistry (rej);0.684;0;sem match válido;Qwen3.5-4B
ID_1717412318563908;8;Neolignans...;genus (rej);0.489;0;sem match válido;Qwen3.5-4B
ID_1717412318563908;9;Synthesis;synthesis;0.983;2;match válido;Qwen3.5-4B
ID_1717412318563908;10;The Antinociceptive...;non-anaesthetized normotensive (rej);0.564;0;sem match válido;Qwen3.5-4B
ID_1717412318563908;11;Kinetic Study...;ultrafast dynamics (rej);0.629;0;sem match válido;Qwen3.5-4B
ID_1717412318563908;12;Endothelium-Derived...;mesoionic compounds (rej);0.498;0;sem match válido;Qwen3.5-4B
ID_1717412318563908;13;Compostos Organoestanicos;utilização de compostos (rej);0.619;0;sem match válido;Qwen3.5-4B
ID_1717412318563908;14;Quimica de coordenacao;utilização de compostos (rej);0.658;0;sem match válido;Qwen3.5-4B
ID_1717412318563908;15;Cristaloquimica;genus (rej);0.531;0;sem match válido;Qwen3.5-4B
ID_1717412318563908;16;topoisomerase;topoisomerase;1.000;1;match válido;Qwen3.5-4B
ID_1717412318563908;17;COX-1;ocotea duckei (rej);0.403;0;sem match válido;Qwen3.5-4B
ID_1717412318563908;18;kinetic;ultrafast dynamics (rej);0.631;0;sem match válido;Qwen3.5-4B
ID_1717412318563908;19;mantenha o IDIOMA das publicações nas tags;subscript> (rej);0.366;0;sem match válido;Qwen3.5-4B
ID_1717412318563908;20;Otimizacao...;total (rej);0.547;0;sem match válido;Qwen3.5-4B
ID_7254844415865063;1;polímeros;resíduo de polietileno;0.866;3;match válido;Qwen3.5-4B
ID_7254844415865063;2;síntese de polímeros;functionalization of polymers (rej);0.889;0;sem match válido;Qwen3.5-4B
ID_7254844415865063;3;resinas reticuladas;resíduo de polietileno (rej);0.799;0;sem match válido;Qwen3.5-4B
ID_7254844415865063;4;copolímeros;coiodination (rej);0.606;0;sem match válido;Qwen3.5-4B
ID_7254844415865063;5;poliestireno;polyethylene;0.947;3;match válido;Qwen3.5-4B
ID_7254844415865063;6;divinilbenzeno;catalysis (rej);0.483;0;sem match válido;Qwen3.5-4B
ID_7254844415865063;7;poliacrilonitrila;resíduo de polietileno (rej);0.746;0;sem match válido;Qwen3.5-4B
ID_7254844415865063;8;acrylonitrile;resíduo de polietileno (rej);0.577;0;sem match válido;Qwen3.5-4B
ID_7254844415865063;9;poli(2-vinilpiridina);vinylpyridine;0.752;3;match válido;Qwen3.5-4B
ID_7254844415865063;10;polivinilpiridina;resíduo de polietileno (rej);0.732;0;sem match válido;Qwen3.5-4B
ID_7254844415865063;11;polímeros porosos;porous copolymers network;0.801;3;match válido;Qwen3.5-4B
ID_7254844415865063;12;microesferas;surface layer (rej);0.470;0;sem match válido;Qwen3.5-4B
ID_7254844415865063;13;polímeros funcionais;functionalization of polymers;0.933;2;match válido;Qwen3.5-4B
ID_7254844415865063;14;modificação química;chemical modification;0.963;2;match válido;Qwen3.5-4B
ID_7254844415865063;15;grupos funcionais;sorption (rej);0.346;0;sem match válido;Qwen3.5-4B
ID_7254844415865063;16;quelantes;sorption (rej);0.584;0;sem match válido;Qwen3.5-4B
ID_7254844415865063;17;adsorção;adsorption;0.885;3;match válido;Qwen3.5-4B
ID_7254844415865063;18;extração de metais;solid-phase extraction (rej);0.549;0;sem match válido;Qwen3.5-4B
ID_7254844415865063;19;metais pesados;catalysis (rej);0.486;0;sem match válido;Qwen3.5-4B
ID_7254844415865063;20;cobre;utilização de argilas (rej);0.541;0;sem match válido;Qwen3.5-4B
ID_3107924103069456;1;Sintese;cruzain (rej);0.633;0;sem match válido;Qwen3.5-4B
ID_3107924103069456;2;Rutenio;ruthenium (rej);0.729;0;sem match válido;Qwen3.5-4B
ID_3107924103069456;3;Complexos Organometalicos;molecular structure (rej);0.665;0;sem match válido;Qwen3.5-4B
ID_3107924103069456;4;Cristalografia de Raios-X;x-ray crystallography;0.793;3;match válido;Qwen3.5-4B
ID_3107924103069456;5;Difracao de Raios-X;x-ray structure (rej);0.665;0;sem match válido;Qwen3.5-4B
ID_3107924103069456;6;Atividade Antiparasitaria;snake venom (rej);0.575;0;sem match válido;Qwen3.5-4B
ID_3107924103069456;7;Trypanosoma cruzi;trypanosoma cruzi;0.994;3;match válido;Qwen3.5-4B
ID_3107924103069456;8;Inibicao de Enzimas;enzyme inhibition;0.842;3;match válido;Qwen3.5-4B
ID_3107924103069456;9;GAPDH;gapdh;0.898;3;match válido;Qwen3.5-4B
ID_3107924103069456;10;Clonagem de Genes;enzyme inhibition (rej);0.316;0;sem match válido;Qwen3.5-4B
ID_3107924103069456;11;Expressao de Genes;enzyme inhibition (rej);0.387;0;sem match válido;Qwen3.5-4B
ID_3107924103069456;12;Proteinas Recombinantes;molecular structure (rej);0.459;0;sem match válido;Qwen3.5-4B
ID_3107924103069456;13;Purificacao de Proteinas;enzyme inhibition (rej);0.600;0;sem match válido;Qwen3.5-4B
ID_3107924103069456;14;Cumarinas;cruzain (rej);0.678;0;sem match válido;Qwen3.5-4B
ID_3107924103069456;15;Chagas;chagas disease;0.792;3;match válido;Qwen3.5-4B
ID_3107924103069456;16;Endofitas;cruzain (rej);0.509;0;sem match válido;Qwen3.5-4B
ID_3107924103069456;17;Fungos;trypanosoma cruzi (rej);0.449;0;sem match válido;Qwen3.5-4B
ID_3107924103069456;18;Antifungicos;venom toxin (rej);0.516;0;sem match válido;Qwen3.5-4B
ID_3107924103069456;19;Antimicrobianos;venom toxin (rej);0.454;0;sem match válido;Qwen3.5-4B
ID_3107924103069456;20;Citoxicidade;venom toxin (rej);0.730;0;sem match válido;Qwen3.5-4B
ID_7233767393471644;1;tag1;quantify her-2 (rej);0.311;0;sem match válido;Qwen3.5-4B
ID_7233767393471644;2;tag2;quantify her-2 (rej);0.391;0;sem match válido;Qwen3.5-4B
ID_7233767393471644;3;maintain the language of the publications;sialylation (rej);0.264;0;sem match válido;Qwen3.5-4B
ID_7233767393471644;4;Synthesis;morphological stages (rej);0.385;0;sem match válido;Qwen3.5-4B
ID_7233767393471644;5;Simvastatin inhibits cytokines...;immunohistochemistry (rej);0.514;0;sem match válido;Qwen3.5-4B
ID_7233767393471644;6;PPAR Agonists in Adaptive Immunity...;immunohistochemistry (rej);0.340;0;sem match válido;Qwen3.5-4B
ID_7233767393471644;7;Synthesis of a Novel Thiazolidinedione...;immunohistochemistry (rej);0.428;0;sem match válido;Qwen3.5-4B
ID_7233767393471644;8;IL-17;sialylation (rej);0.374;0;sem match válido;Qwen3.5-4B
ID_7233767393471644;9;Simvastatin inhibits cytokynes...;immunohistochemistry (rej);0.508;0;sem match válido;Qwen3.5-4B
ID_7233767393471644;10;Clinical association of postmenopausal osteoporosis patients with IL-22 serum levels;rheumatoid arthritis (rej);0.411;0;sem match válido;Qwen3.5-4B
ID_7233767393471644;11;Associacao clinica de pacientes com osteoporose pos-menopausa com niveis sericos de IL-8;rheumatoid arthritis (rej);0.377;0;sem match válido;Qwen3.5-4B
ID_7233767393471644;12;Avaliacao do efeito modulador de uma nova tiazolidinadiona...;immunohistochemistry (rej);0.404;0;sem match válido;Qwen3.5-4B
ID_7233767393471644;13;Fotossintese;morphological stages (rej);0.381;0;sem match válido;Qwen3.5-4B
ID_7233767393471644;14;Toxic effects of Microgramma vacciniifolia rhizome lectin...;rheumatoid arthritis (rej);0.404;0;sem match válido;Qwen3.5-4B
ID_7233767393471644;15;Cratylia mollis 1;morphological stages (rej);0.448;0;sem match válido;Qwen3.5-4B
ID_7233767393471644;16;Evaluation of Parkia pendula lectin mRNA...;leptin receptor (rej);0.531;0;sem match válido;Qwen3.5-4B
ID_7233767393471644;17;ASSESSMENT OF CHANGES IN THE BRCA2 AND p53 GENES...;cytodifferentiation stages (rej);0.282;0;sem match válido;Qwen3.5-4B
ID_7233767393471644;18;Magnetic Parkia pendula seed gum...;parotid gland mucoepidermoid (rej);0.258;0;sem match válido;Qwen3.5-4B
ID_7233767393471644;19;Lectin histochemistry reveals SNA...;lectin histochemistry;0.871;1;match válido;Qwen3.5-4B
ID_7233767393471644;20;DIFFERENTIAL EXPRESSION PATTERNS OF N-ACETYLGLUCOSAMINYL TRANSFERASES...;cytodifferentiation stages (rej);0.468;0;sem match válido;Qwen3.5-4B
ID_1511271976880714;1;Microsatellites;microsatellite;0.981;3;match válido;Qwen3.5-4B
ID_1511271976880714;2;Buffalo;bubalus (rej);0.367;0;sem match válido;Qwen3.5-4B
ID_1511271976880714;3;DNA extraction;genetic markers (rej);0.586;0;sem match válido;Qwen3.5-4B
ID_1511271976880714;4;Paternity testing;parentage tests;0.848;2;match válido;Qwen3.5-4B
ID_1511271976880714;5;Genetic identification;genetic markers;0.905;3;match válido;Qwen3.5-4B
ID_1511271976880714;6;Microsatellite markers;multiplexed microsatellite set;0.755;3;match válido;Qwen3.5-4B
ID_1511271976880714;7;Tilapia;pelagem tobiana;0.827;2;match válido;Qwen3.5-4B
ID_1511271976880714;8;Cheese fraud;beef catle (rej);0.280;0;sem match válido;Qwen3.5-4B
ID_1511271976880714;9;Species differentiation;genetic distance (rej);0.477;0;sem match válido;Qwen3.5-4B
ID_1511271976880714;10;Eimeria sp;sêmen e pêlos (rej);0.524;0;sem match válido;Qwen3.5-4B
ID_1511271976880714;11;Eimeriosis;pelagem tobiana (rej);0.657;0;sem match válido;Qwen3.5-4B
ID_1511271976880714;12;Osteoblastic cells;musculatura (rej);0.414;0;sem match válido;Qwen3.5-4B
ID_1511271976880714;13;3D-scaffolds;multiplexed microsatellite set (rej);0.405;0;sem match válido;Qwen3.5-4B
ID_1511271976880714;14;Chitosan;pelagem tobiana (rej);0.488;0;sem match válido;Qwen3.5-4B
ID_1511271976880714;15;Hydroxyapatite;physicochemical properties (rej);0.512;0;sem match válido;Qwen3.5-4B
ID_1511271976880714;16;Temporomandibular Disorders;disease (rej);0.575;0;sem match válido;Qwen3.5-4B
ID_1511271976880714;17;TMD;dna para verificação (rej);0.420;0;sem match válido;Qwen3.5-4B
ID_1511271976880714;18;Masseter muscle;musculatura;0.777;1;match válido;Qwen3.5-4B
ID_1511271976880714;19;Occlusion;pelagem tobiana (rej);0.600;0;sem match válido;Qwen3.5-4B
ID_1511271976880714;20;Bubalus bubalis;bubalus;0.890;1;match válido;Qwen3.5-4B
ID_3496070172209437;1;Plant Growth Promoting Rhizobacteria;plant growth promoting rhizobacteria;0.982;3;match válido;Qwen3.5-4B
ID_3496070172209437;2;PGPR;rep-pcr (rej);0.750;0;sem match válido;Qwen3.5-4B
ID_3496070172209437;3;Rhizobium;bradyrhizobium (rej);0.727;0;sem match válido;Qwen3.5-4B
ID_3496070172209437;4;Bradyrhizobium;bradyrhizobium;0.988;2;match válido;Qwen3.5-4B
ID_3496070172209437;5;Nitrogen Fixation;nitrogen fixation;0.982;3;match válido;Qwen3.5-4B
ID_3496070172209437;6;Biological Nitrogen Fixation;nitrogen fixation (rej);0.903;0;sem match válido;Qwen3.5-4B
ID_3496070172209437;7;Siderophores;siderophore;0.788;3;match válido;Qwen3.5-4B
ID_3496070172209437;8;Indolic Compounds;indolic compounds;0.964;3;match válido;Qwen3.5-4B
ID_3496070172209437;9;Phosphate Solubilization;phosphate solubilization;0.974;3;match válido;Qwen3.5-4B
ID_3496070172209437;10;Rhizosphere;siderophore (rej);0.470;0;sem match válido;Qwen3.5-4B
ID_3496070172209437;11;Symbiotic Compatibility;similarity to sequences (rej);0.481;0;sem match válido;Qwen3.5-4B
ID_3496070172209437;12;Rhizobial Diversity;strains of rhizobacteria (rej);0.737;0;sem match válido;Qwen3.5-4B
ID_3496070172209437;13;Genetic Diversity;genetic diversity;0.998;3;match válido;Qwen3.5-4B
ID_3496070172209437;14;Molecular Characterization;amino acid sequences (rej);0.624;0;sem match válido;Qwen3.5-4B
ID_3496070172209437;15;16S rRNA;rflp-pcr (rej);0.556;0;sem match válido;Qwen3.5-4B
ID_3496070172209437;16;rep-PCR;rep-pcr;0.897;1;match válido;Qwen3.5-4B
ID_3496070172209437;17;BOX-PCR;pcr-rflp (rej);0.615;0;sem match válido;Qwen3.5-4B
ID_3496070172209437;18;ERIC-PCR;pcr-rflp (rej);0.675;0;sem match válido;Qwen3.5-4B
ID_3496070172209437;19;DNA Amplification;genetic diversity (rej);0.494;0;sem match válido;Qwen3.5-4B
ID_3496070172209437;20;PCR-RFLP;pcr-rflp;0.910;3;match válido;Qwen3.5-4B
ID_4928616387172275;1;tag1;yellow-headed complex (rej);0.302;0;sem match válido;Qwen3.5-4B
ID_4928616387172275;2;tag2;yellow-headed complex (rej);0.281;0;sem match válido;Qwen3.5-4B
ID_4928616387172275;3;"mantenha o IDIOMA das publicações nas tags — se as publicações estão em português, as tags devem estar em português; se estão em inglês, em inglês.";south american (rej);0.319;0;sem match válido;Qwen3.5-4B
ID_4928616387172275;4;maintain the language of the publications;taxonomic arrangement (rej);0.288;0;sem match válido;Qwen3.5-4B
ID_4928616387172275;5;Filogeografia;historical biogeography (rej);0.677;0;sem match válido;Qwen3.5-4B
ID_4928616387172275;6;Amazonia;amazonia;0.984;3;match válido;Qwen3.5-4B
ID_4928616387172275;7;"if publications are in Portuguese, tags must be in Portuguese; if in English, in English.";south american (rej);0.343;0;sem match válido;Qwen3.5-4B
ID_4928616387172275;8;Amazonia, Biogeografia, Filogeografia;patterns in amazonia (rej);0.744;0;sem match válido;Qwen3.5-4B
ID_4928616387172275;9;mantenha o IDIOMA das publicações;padrões de diversificação (rej);0.286;0;sem match válido;Qwen3.5-4B
ID_4928616387172275;10;;;;;;Qwen3.5-4B
ID_4928616387172275;11;;;;;;Qwen3.5-4B
ID_4928616387172275;12;;;;;;Qwen3.5-4B
ID_4928616387172275;13;;;;;;Qwen3.5-4B
ID_4928616387172275;14;;;;;;Qwen3.5-4B
ID_4928616387172275;15;;;;;;Qwen3.5-4B
ID_4928616387172275;16;;;;;;Qwen3.5-4B
ID_4928616387172275;17;;;;;;Qwen3.5-4B
ID_4928616387172275;18;;;;;;Qwen3.5-4B
ID_4928616387172275;19;;;;;;Qwen3.5-4B
ID_4928616387172275;20;;;;;;Qwen3.5-4B
ID_5554472337681978;1;Geoquimica Organica;matéria orgânica sedimentar (rej);0.645;0;sem match válido;Qwen3.5-4B
ID_5554472337681978;2;Sedimentos;faecal sterols (rej);0.573;0;sem match válido;Qwen3.5-4B
ID_5554472337681978;3;Hidrocarbonetos;matéria orgânica sedimentar (rej);0.546;0;sem match válido;Qwen3.5-4B
ID_5554472337681978;4;Hidrocarbonetos aromaticos policiclicos;particulate organic matter (rej);0.528;0;sem match válido;Qwen3.5-4B
ID_5554472337681978;5;Hidrocarbonetos alifaticos;organic carbon (rej);0.516;0;sem match válido;Qwen3.5-4B
ID_5554472337681978;6;Esgoto;complexo estuarino-lagunar (rej);0.539;0;sem match válido;Qwen3.5-4B
ID_5554472337681978;7;Contaminacao;sewage contamination;0.823;3;match válido;Qwen3.5-4B
ID_5554472337681978;8;Poluicao;sewage (rej);0.658;0;sem match válido;Qwen3.5-4B
ID_5554472337681978;9;Manguezal;complexo estuarino-lagunar (rej);0.554;0;sem match válido;Qwen3.5-4B
ID_5554472337681978;10;Mangue;faecal sterols (rej);0.511;0;sem match válido;Qwen3.5-4B
ID_5554472337681978;11;Biomarcadores lipideos;lipid biomarkers;0.946;3;match válido;Qwen3.5-4B
ID_5554472337681978;12;Esteroides;faecal sterols (rej);0.734;0;sem match válido;Qwen3.5-4B
ID_5554472337681978;13;Fatos esteroides;faecal sterols (rej);0.741;0;sem match válido;Qwen3.5-4B
ID_5554472337681978;14;Coprostanol;coprostanol;0.909;3;match válido;Qwen3.5-4B
ID_5554472337681978;15;Cromo;coprostanol (rej);0.556;0;sem match válido;Qwen3.5-4B
ID_5554472337681978;16;Isotopios estaveis;complexo estuarino-lagunar (rej);0.466;0;sem match válido;Qwen3.5-4B
ID_5554472337681978;17;Carbono 13;organic carbon (rej);0.738;0;sem match válido;Qwen3.5-4B
ID_5554472337681978;18;Nitrogenio 15;organic matter (rej);0.449;0;sem match válido;Qwen3.5-4B
ID_5554472337681978;19;Materia organica;organic matter;0.958;3;match válido;Qwen3.5-4B
ID_5554472337681978;20;Organica particulada;particulate organic matter;0.912;2;match válido;Qwen3.5-4B
ID_7606805059403041;1;Engenharia de Software;software development;0.867;1;match válido;Qwen3.5-4B
ID_7606805059403041;2;Seguranca de Software;software safety requirements;0.789;2;match válido;Qwen3.5-4B
ID_7606805059403041;3;Sistemas Criticos;segurança em sistemas (rej);0.595;0;sem match válido;Qwen3.5-4B
ID_7606805059403041;4;Requisitos de Software;software safety requirements (rej);0.752;0;sem match válido;Qwen3.5-4B
ID_7606805059403041;5;Elicitacao de Requisitos;requisitos em projetos (rej);0.667;0;sem match válido;Qwen3.5-4B
ID_7606805059403041;6;Analise de Risco;atm (rej);0.595;0;sem match válido;Qwen3.5-4B
ID_7606805059403041;7;Qualidade de Software;software quality;0.983;2;match válido;Qwen3.5-4B
ID_7606805059403041;8;Teste de Software;platform for tests;0.803;2;match válido;Qwen3.5-4B
ID_7606805059403041;9;Seguranca de Informacoes;segurança em sistemas (rej);0.669;0;sem match válido;Qwen3.5-4B
ID_7606805059403041;10;Veiculos Aereos Nao Tripulados;navigation and air (rej);0.732;0;sem match válido;Qwen3.5-4B
ID_7606805059403041;11;Trafego Aereo;air traffic management;0.794;3;match válido;Qwen3.5-4B
ID_7606805059403041;12;Multiagentes;atm (rej);0.431;0;sem match válido;Qwen3.5-4B
ID_7606805059403041;13;Autonomia;autonomous uass (rej);0.652;0;sem match válido;Qwen3.5-4B
ID_7606805059403041;14;Confiabilidade;techniques to guarantee (rej);0.619;0;sem match válido;Qwen3.5-4B
ID_7606805059403041;15;Resiliencia;safety integrity (rej);0.368;0;sem match válido;Qwen3.5-4B
ID_7606805059403041;16;Educacao em Engenharia;requisitos em projetos (rej);0.439;0;sem match válido;Qwen3.5-4B
ID_7606805059403041;17;Ensino de Computacao;simulation (rej);0.487;0;sem match válido;Qwen3.5-4B
ID_7606805059403041;18;Validacao de Sistemas;program verification (rej);0.675;0;sem match válido;Qwen3.5-4B
ID_7606805059403041;19;Certificacao de Sistemas;segurança em sistemas (rej);0.661;0;sem match válido;Qwen3.5-4B
ID_7606805059403041;20;Sistemas Espaciais;navigation and air (rej);0.529;0;sem match válido;Qwen3.5-4B
ID_8391627429679768;1;Recifes de coral;recifes de corais;0.990;3;match válido;Qwen3.5-4B
ID_8391627429679768;2;Cnidaria;atol (rej);0.516;0;sem match válido;Qwen3.5-4B
ID_8391627429679768;3;Branqueamento de corais;reef corals;0.920;3;match válido;Qwen3.5-4B
ID_8391627429679768;4;Foraminiferos;abrolhos (rej);0.541;0;sem match válido;Qwen3.5-4B
ID_8391627429679768;5;Briozoarios;abrolhos (rej);0.619;0;sem match válido;Qwen3.5-4B
ID_8391627429679768;6;Epizoanthus gabrieli;abrolhos (rej);0.495;0;sem match válido;Qwen3.5-4B
ID_8391627429679768;7;Monte Submarino Columbia;southwestern atlantic reefs (rej);0.497;0;sem match válido;Qwen3.5-4B
ID_8391627429679768;8;Atol das Rocas;atol (rej);0.732;0;sem match válido;Qwen3.5-4B
ID_8391627429679768;9;Baia de Todos os Santos;todos os santos bay (rej);0.702;0;sem match válido;Qwen3.5-4B
ID_8391627429679768;10;Abrolhos;abrolhos;0.994;3;match válido;Qwen3.5-4B
ID_8391627429679768;11;Sedimentacao;atol (rej);0.720;0;sem match válido;Qwen3.5-4B
ID_8391627429679768;12;Mussismilia braziliensis;reef coral mussismilia (rej);0.588;0;sem match válido;Qwen3.5-4B
ID_8391627429679768;13;Montastraea cavernosa;stony corals (rej);0.605;0;sem match válido;Qwen3.5-4B
ID_8391627429679768;14;Millepora alcicornis;abrolhos (rej);0.432;0;sem match válido;Qwen3.5-4B
ID_8391627429679768;15;Branqueamento;atol (rej);0.598;0;sem match válido;Qwen3.5-4B
ID_8391627429679768;16;Doencas de corais;coral reef;0.873;3;match válido;Qwen3.5-4B
ID_8391627429679768;17;Faciais sedimentares;sedimentation;0.910;3;match válido;Qwen3.5-4B
ID_8391627429679768;18;Testemunhos;atol (rej);0.460;0;sem match válido;Qwen3.5-4B
ID_8391627429679768;19;Paleoecologia;stony corals (rej);0.503;0;sem match válido;Qwen3.5-4B
ID_8391627429679768;20;Climaticos;temperature anomaly (rej);0.693;0;sem match válido;Qwen3.5-4B
ID_6046165866539973;1;tag1;gaba (rej);0.436;0;sem match válido;Qwen3.5-4B
ID_6046165866539973;2;tag2;gaba (rej);0.426;0;sem match válido;Qwen3.5-4B
ID_6046165866539973;3;Efeito de noradrenalina em receptores dopaminergicos (D1) em retina embrionaria de aves;retina (rej);0.407;0;sem match válido;Qwen3.5-4B
ID_6046165866539973;4;Neuroinflamacao e o nicho neurogenico;sympathetic neuronal survival (rej);0.693;0;sem match válido;Qwen3.5-4B
ID_6046165866539973;5;"mantenha o IDIOMA das publicações nas tags — se as publicações estão em português, as tags devem estar em português; se estão em inglês, em inglês.";gaba (rej);0.265;0;sem match válido;Qwen3.5-4B
ID_6046165866539973;6;Efeito de noradrenalina...;excitatory amino acids (rej);0.455;0;sem match válido;Qwen3.5-4B
ID_6046165866539973;7;mantenha o IDIOMA das publicações nas tags;gaba (rej);0.408;0;sem match válido;Qwen3.5-4B
ID_6046165866539973;8;language of publications;subventricular zone (rej);0.333;0;sem match válido;Qwen3.5-4B
ID_6046165866539973;9;;;;;;Qwen3.5-4B
ID_6046165866539973;10;;;;;;Qwen3.5-4B
ID_6046165866539973;11;;;;;;Qwen3.5-4B
ID_6046165866539973;12;;;;;;Qwen3.5-4B
ID_6046165866539973;13;;;;;;Qwen3.5-4B
ID_6046165866539973;14;;;;;;Qwen3.5-4B
ID_6046165866539973;15;;;;;;Qwen3.5-4B
ID_6046165866539973;16;;;;;;Qwen3.5-4B
ID_6046165866539973;17;;;;;;Qwen3.5-4B
ID_6046165866539973;18;;;;;;Qwen3.5-4B
ID_6046165866539973;19;;;;;;Qwen3.5-4B
ID_6046165866539973;20;;;;;;Qwen3.5-4B
ID_3718352314610417;1;Enteroparasitoses;esquistossomose mansoni;0.774;3;match válido;Qwen3.5-4B
ID_3718352314610417;2;Esquistossomose Mansonica;esquistossomose mansônica;0.909;3;match válido;Qwen3.5-4B
ID_3718352314610417;3;Strongyloidiasis;strongyloides venezuelensis (rej);0.637;0;sem match válido;Qwen3.5-4B
ID_3718352314610417;4;Toxocariase;toxocariasis;0.937;3;match válido;Qwen3.5-4B
ID_3718352314610417;5;Toxocara canis;toxocara canis;0.970;3;match válido;Qwen3.5-4B
ID_3718352314610417;6;Toxoplasmosis;experimental toxocariasis;0.842;3;match válido;Qwen3.5-4B
ID_3718352314610417;7;Cryptosporidium;cryptosporidiosis;0.897;3;match válido;Qwen3.5-4B
ID_3718352314610417;8;Lagochilascariasis;síndrome de larva (rej);0.647;0;sem match válido;Qwen3.5-4B
ID_3718352314610417;9;Epidemiologia;risk factors (rej);0.528;0;sem match válido;Qwen3.5-4B
ID_3718352314610417;10;Saude Publica;condições (rej);0.504;0;sem match válido;Qwen3.5-4B
ID_3718352314610417;11;Diagnostico molecular;esquistossomose mansônica (rej);0.466;0;sem match válido;Qwen3.5-4B
ID_3718352314610417;12;PCR;high sensitivity (rej);0.360;0;sem match válido;Qwen3.5-4B
ID_3718352314610417;13;ELISA;condições (rej);0.480;0;sem match válido;Qwen3.5-4B
ID_3718352314610417;14;Imunologia;enzyme-linked immunosorbent (rej);0.597;0;sem match válido;Qwen3.5-4B
ID_3718352314610417;15;Modelos animais;animal experimentation (rej);0.703;0;sem match válido;Qwen3.5-4B
ID_3718352314610417;16;Hamster;toxocara cati (rej);0.436;0;sem match válido;Qwen3.5-4B
ID_3718352314610417;17;Rato;toxocara cati (rej);0.686;0;sem match válido;Qwen3.5-4B
ID_3718352314610417;18;Camundongo;toxocara (rej);0.521;0;sem match válido;Qwen3.5-4B
ID_3718352314610417;19;Imunodiagnostico;experimental infection (rej);0.619;0;sem match válido;Qwen3.5-4B
ID_3718352314610417;20;Diagnostico parasitologico;experimental infection (rej);0.654;0;sem match válido;Qwen3.5-4B
ID_8647270006257055;1;Sensoriamento Remoto;sensoriamento remoto;0.856;3;match válido;Qwen3.5-4B
ID_8647270006257055;2;Cerrado;cerrado biome (rej);0.579;0;sem match válido;Qwen3.5-4B
ID_8647270006257055;3;Bioma Cerrado;cerrado biome;0.851;3;match válido;Qwen3.5-4B
ID_8647270006257055;4;Uso do Solo;cobertura da terra (rej);0.471;0;sem match válido;Qwen3.5-4B
ID_8647270006257055;5;Cobertura Vegetal;cultivated pastures (rej);0.531;0;sem match válido;Qwen3.5-4B
ID_8647270006257055;6;Landsat;land cover (rej);0.698;0;sem match válido;Qwen3.5-4B
ID_8647270006257055;7;MODIS;ndvi and evi (rej);0.505;0;sem match válido;Qwen3.5-4B
ID_8647270006257055;8;NDVI;ndvi and evi (rej);0.790;0;sem match válido;Qwen3.5-4B
ID_8647270006257055;9;EVI;ndvi and evi;0.791;3;match válido;Qwen3.5-4B
ID_8647270006257055;10;Vegetação;índices de vegetação;0.825;2;match válido;Qwen3.5-4B
ID_8647270006257055;11;Fisionomias Vegetais;cerrado biome (rej);0.502;0;sem match válido;Qwen3.5-4B
ID_8647270006257055;12;Monitoramento Ambiental;protected areas (rej);0.519;0;sem match válido;Qwen3.5-4B
ID_8647270006257055;13;Biodiversidade;vegetation indices (rej);0.558;0;sem match válido;Qwen3.5-4B
ID_8647270006257055;14;Biomas;cerrado biome (rej);0.652;0;sem match válido;Qwen3.5-4B
ID_8647270006257055;15;Tropical Savanna;brazilian savanna;0.831;3;match válido;Qwen3.5-4B
ID_8647270006257055;16;Mapas de Uso e Cobertura;land cover maps (rej);0.692;0;sem match válido;Qwen3.5-4B
ID_8647270006257055;17;Análise Espectral;synthetic aperture radar (rej);0.437;0;sem match válido;Qwen3.5-4B
ID_8647270006257055;18;Mistura Espectral;seasonality (rej);0.414;0;sem match válido;Qwen3.5-4B
ID_8647270006257055;19;Radar SAR;synthetic aperture radar;0.773;1;match válido;Qwen3.5-4B
ID_8647270006257055;20;Imagens Ópticas;synthetic aperture (rej);0.619;0;sem match válido;Qwen3.5-4B
ID_0291695624884565;1;tag1;raman (rej);0.389;0;sem match válido;Qwen3.5-4B
ID_0291695624884565;2;tag2;raman (rej);0.377;0;sem match válido;Qwen3.5-4B
ID_0291695624884565;3;"mantenha o IDIOMA das publicações nas tags — se as publicações estão em português, as tags devem estar em português; se estão em inglês, em inglês.";preparation and characterization (rej);0.235;0;sem match válido;Qwen3.5-4B
ID_0291695624884565;4;se as publicações estão em português... se estão em inglês...;preparation and characterization (rej);0.278;0;sem match válido;Qwen3.5-4B
ID_0291695624884565;5;Preparacao de Nanobastoes...;nanocrystal size (rej);0.684;0;sem match válido;Qwen3.5-4B
ID_0291695624884565;6;Compositos Formados...;synthesis and characterization (rej);0.669;0;sem match válido;Qwen3.5-4B
ID_0291695624884565;7;Temperature-dependent Raman...;thermal properties (rej);0.533;0;sem match válido;Qwen3.5-4B
ID_0291695624884565;8;Effect of PET...;polypyrrole (rej);0.269;0;sem match válido;Qwen3.5-4B
ID_0291695624884565;9;mantenha o IDIOMA das publicações nas tags;raman (rej);0.324;0;sem match válido;Qwen3.5-4B
ID_0291695624884565;10;;;;;;Qwen3.5-4B
ID_0291695624884565;11;;;;;;Qwen3.5-4B
ID_0291695624884565;12;;;;;;Qwen3.5-4B
ID_0291695624884565;13;;;;;;Qwen3.5-4B
ID_0291695624884565;14;;;;;;Qwen3.5-4B
ID_0291695624884565;15;;;;;;Qwen3.5-4B
ID_0291695624884565;16;;;;;;Qwen3.5-4B
ID_0291695624884565;17;;;;;;Qwen3.5-4B
ID_0291695624884565;18;;;;;;Qwen3.5-4B
ID_0291695624884565;19;;;;;;Qwen3.5-4B
ID_0291695624884565;20;;;;;;Qwen3.5-4B
ID_1612969183171944;1;Nutrição animal;feeding;0.757;1;match válido;Qwen3.5-4B
ID_1612969183171944;2;Aves de corte;silagem de grãos (rej);0.600;0;sem match válido;Qwen3.5-4B
ID_1612969183171944;3;Frangos de corte;silagem de grãos (rej);0.588;0;sem match válido;Qwen3.5-4B
ID_1612969183171944;4;Aves de postura;modelagem (rej);0.484;0;sem match válido;Qwen3.5-4B
ID_1612969183171944;5;Poedeiras;silagem de grãos (rej);0.472;0;sem match válido;Qwen3.5-4B
ID_1612969183171944;6;Lisina;silagem de grãos (rej);0.651;0;sem match válido;Qwen3.5-4B
ID_1612969183171944;7;Metionina;silagem de grãos (rej);0.483;0;sem match válido;Qwen3.5-4B
ID_1612969183171944;8;Aminoácidos;nutritional interactions (rej);0.535;0;sem match válido;Qwen3.5-4B
ID_1612969183171944;9;Requisitos nutricionais;nutrition;0.906;3;match válido;Qwen3.5-4B
ID_1612969183171944;10;Exigências de nutrientes;nutrient requirements;0.960;3;match válido;Qwen3.5-4B
ID_1612969183171944;11;Desempenho animal;animal;0.865;1;match válido;Qwen3.5-4B
ID_1612969183171944;12;Crescimento;techniques in growing-finishing (rej);0.652;0;sem match válido;Qwen3.5-4B
ID_1612969183171944;13;Peso corporal;digestibilidade (rej);0.430;0;sem match válido;Qwen3.5-4B
ID_1612969183171944;14;Conversão alimentar;nutrition (rej);0.770;0;sem match válido;Qwen3.5-4B
ID_1612969183171944;15;Eficiência alimentar;productive and nutritional;0.774;2;match válido;Qwen3.5-4B
ID_1612969183171944;16;Balanceamento de rações;nutrition (rej);0.731;0;sem match válido;Qwen3.5-4B
ID_1612969183171944;17;Metabolismo nitrogenado;metabolism;0.768;3;match válido;Qwen3.5-4B
ID_1612969183171944;18;Deposição de nitrogênio;nitrogênio e fósforo;0.937;2;match válido;Qwen3.5-4B
ID_1612969183171944;19;Digestibilidade;digestibilidade;0.968;1;match válido;Qwen3.5-4B
ID_1612969183171944;20;Fatoriais;silagem de grãos (rej);0.447;0;sem match válido;Qwen3.5-4B
ID_0433763336350310;1;Análise de alimentos;suporte nutricional (rej);0.601;0;sem match válido;Qwen3.5-4B
ID_0433763336350310;2;Contaminantes inorgânicos;reactive oxygen species (rej);0.421;0;sem match válido;Qwen3.5-4B
ID_0433763336350310;3;Arsênio;reactive oxygen species (rej);0.448;0;sem match válido;Qwen3.5-4B
ID_0433763336350310;4;Mercúrio;nephron (rej);0.341;0;sem match válido;Qwen3.5-4B
ID_0433763336350310;5;Tuna;suporte nutricional (rej);0.359;0;sem match válido;Qwen3.5-4B
ID_0433763336350310;6;Salmão;suporte nutricional (rej);0.395;0;sem match válido;Qwen3.5-4B
ID_0433763336350310;7;Polvo;tight junction (rej);0.476;0;sem match válido;Qwen3.5-4B
ID_0433763336350310;8;Tuberculose;cirrhosis (rej);0.443;0;sem match válido;Qwen3.5-4B
ID_0433763336350310;9;Equidade em saúde;suporte nutricional (rej);0.392;0;sem match válido;Qwen3.5-4B
ID_0433763336350310;10;Cuidados de enfermagem;chronic chagasic (rej);0.400;0;sem match válido;Qwen3.5-4B
ID_0433763336350310;11;Políticas públicas;water channel (rej);0.167;0;sem match válido;Qwen3.5-4B
ID_0433763336350310;12;Galactooligossacarideos;trypanosoma cruzi (rej);0.488;0;sem match válido;Qwen3.5-4B
ID_0433763336350310;13;Estaquiose;tight junction (rej);0.489;0;sem match válido;Qwen3.5-4B
ID_0433763336350310;14;Terapia celular;terapia celular;0.981;3;match válido;Qwen3.5-4B
ID_0433763336350310;15;Células-tronco adiposas;marrow mononuclear cells (rej);0.677;0;sem match válido;Qwen3.5-4B
ID_0433763336350310;16;Lesão muscular óssea;bone marrow stromal (rej);0.494;0;sem match válido;Qwen3.5-4B
ID_0433763336350310;17;Diferenciação de células-tronco embrionárias;mesenchymal stem cells (rej);0.650;0;sem match válido;Qwen3.5-4B
ID_0433763336350310;18;Células-tronco neurais;marrow mononuclear cells (rej);0.601;0;sem match válido;Qwen3.5-4B
ID_0433763336350310;19;Junções celulares;tight junction (rej);0.479;0;sem match válido;Qwen3.5-4B
ID_0433763336350310;20;Macrófagos;multipotent mesenchymal stromal (rej);0.467;0;sem match válido;Qwen3.5-4B
ID_3256932358053453;1;tag1;sepsis (rej);0.351;0;sem match válido;Qwen3.5-4B
ID_3256932358053453;2;tag2;sepsis (rej);0.332;0;sem match válido;Qwen3.5-4B
ID_3256932358053453;3;estresse oxidativo;oxidative stress;0.979;3;match válido;Qwen3.5-4B
ID_3256932358053453;4;radicais livres;free radical;0.916;2;match válido;Qwen3.5-4B
ID_3256932358053453;5;vitamina A;vitamin a;0.980;2;match válido;Qwen3.5-4B
ID_3256932358053453;6;celula de Sertoli;rat sertoli cells;0.799;1;match válido;Qwen3.5-4B
ID_3256932358053453;7;neurociencias;prognosis (rej);0.406;0;sem match válido;Qwen3.5-4B
ID_3256932358053453;8;bioinformatica;sepsis animal (rej);0.324;0;sem match válido;Qwen3.5-4B
ID_3256932358053453;9;Gender-based differences in oxidative stress parameters...;oxidative stress (rej);0.788;0;sem match válido;Qwen3.5-4B
ID_3256932358053453;10;"IMPORTANTE: mantenha o IDIOMA das publicações nas tags — se as publicações estão em português, as tags devem estar em português; se estão em inglês, em inglês.";sepsis (rej);0.230;0;sem match válido;Qwen3.5-4B
ID_3256932358053453;11;;;;;;Qwen3.5-4B
ID_3256932358053453;12;;;;;;Qwen3.5-4B
ID_3256932358053453;13;;;;;;Qwen3.5-4B
ID_3256932358053453;14;;;;;;Qwen3.5-4B
ID_3256932358053453;15;;;;;;Qwen3.5-4B
ID_3256932358053453;16;;;;;;Qwen3.5-4B
ID_3256932358053453;17;;;;;;Qwen3.5-4B
ID_3256932358053453;18;;;;;;Qwen3.5-4B
ID_3256932358053453;19;;;;;;Qwen3.5-4B
ID_3256932358053453;20;;;;;;Qwen3.5-4B
ID_7967486980814458;1;Transtorno Bipolar;bipolar disorder;0.906;3;match válido;Qwen3.5-4B
ID_7967486980814458;2;Esquizofrenia;schizophrenia;0.985;1;match válido;Qwen3.5-4B
ID_7967486980814458;3;Ritmo Biológico;rhythm score (rej);0.611;0;sem match válido;Qwen3.5-4B
ID_7967486980814458;4;Função Cognitiva;cognitive impairment;0.777;3;match válido;Qwen3.5-4B
ID_7967486980814458;5;Fatores Neurotróficos;serum brain-derived neurotrophic (rej);0.793;0;sem match válido;Qwen3.5-4B
ID_7967486980814458;6;Neurotrofina-3;serum neurotrophin-3;0.922;2;match válido;Qwen3.5-4B
ID_7967486980814458;7;Neurotrofina-4;increased neurotrophin-3;0.814;2;match válido;Qwen3.5-4B
ID_7967486980814458;8;Fator Neurotrófico Derivado do Cérebro;serum brain-derived neurotrophic;0.850;2;match válido;Qwen3.5-4B
ID_7967486980814458;9;Estresse Oxidativo;oxidative stress;0.853;2;match válido;Qwen3.5-4B
ID_7967486980814458;10;Citocinas Inflamatórias;inflammatory cytokines;0.759;3;match válido;Qwen3.5-4B
ID_7967486980814458;11;Teste FAST;test in patients (rej);0.611;0;sem match válido;Qwen3.5-4B
ID_7967486980814458;12;Validação Psicométrica;validity (rej);0.630;0;sem match válido;Qwen3.5-4B
ID_7967486980814458;13;Sonolência Diurna;sz merits (rej);0.619;0;sem match válido;Qwen3.5-4B
ID_7967486980814458;14;Ritmo Circadiano;rhythm score;0.753;3;match válido;Qwen3.5-4B
ID_7967486980814458;15;Tratamento Farmacológico;medicated patients;0.784;2;match válido;Qwen3.5-4B
ID_7967486980814458;16;Lítio;lithium;0.831;1;match válido;Qwen3.5-4B
ID_7967486980814458;17;Valproato;valproate;0.936;1;match válido;Qwen3.5-4B
ID_7967486980814458;18;Clozapina;valproate (rej);0.418;0;sem match válido;Qwen3.5-4B
ID_7967486980814458;19;Epilepsia;cognitive impairment (rej);0.507;0;sem match válido;Qwen3.5-4B
ID_7967486980814458;20;Neurocisticercose;neurocysticercosis;0.820;2;match válido;Qwen3.5-4B
ID_9273702863744424;1;Amazonia;tropical deforestation (rej);0.454;0;sem match válido;Qwen3.5-4B
ID_9273702863744424;2;Holoceno;tempo (rej);0.439;0;sem match válido;Qwen3.5-4B
ID_9273702863744424;3;Paleoclima;tropospheric upper circulation (rej);0.348;0;sem match válido;Qwen3.5-4B
ID_9273702863744424;4;Paleoecologia;last glacial maximum (rej);0.339;0;sem match válido;Qwen3.5-4B
ID_9273702863744424;5;LGM;numerical modeling (rej);0.331;0;sem match válido;Qwen3.5-4B
ID_9273702863744424;6;Ciclone Catarina;tapajós river (rej);0.366;0;sem match válido;Qwen3.5-4B
ID_9273702863744424;7;Sistema Monsoonal;south america monsoon;0.853;3;match válido;Qwen3.5-4B
ID_9273702863744424;8;BRAMS;tapajós river (rej);0.452;0;sem match válido;Qwen3.5-4B
ID_9273702863744424;9;RAMS;resonant wave interactions (rej);0.313;0;sem match válido;Qwen3.5-4B
ID_9273702863744424;10;Modelagem Numerica;numerical modeling;0.979;3;match válido;Qwen3.5-4B
ID_9273702863744424;11;Previsao Climatica;climate modeling;0.880;3;match válido;Qwen3.5-4B
ID_9273702863744424;12;Previsao de Tempo;seasonal forecasts;0.806;3;match válido;Qwen3.5-4B
ID_9273702863744424;13;Jato de Baixos Niveis;atmospheric modeling (rej);0.544;0;sem match válido;Qwen3.5-4B
ID_9273702863744424;14;Circulacao Atmosferica;atmospheric modeling;0.761;3;match válido;Qwen3.5-4B
ID_9273702863744424;15;Circulacao Local;tropospheric upper circulation (rej);0.480;0;sem match válido;Qwen3.5-4B
ID_9273702863744424;16;Conveccao Tropical;tropical heat (rej);0.735;0;sem match válido;Qwen3.5-4B
ID_9273702863744424;17;Brisa Maritima;tapajós river (rej);0.519;0;sem match válido;Qwen3.5-4B
ID_9273702863744424;18;Ilha de Calor;urban heat island (rej);0.586;0;sem match válido;Qwen3.5-4B
ID_9273702863744424;19;Poluicao;tapajós river (rej);0.584;0;sem match válido;Qwen3.5-4B
ID_9273702863744424;20;Materia Particulada;surface scheme (rej);0.497;0;sem match válido;Qwen3.5-4B
ID_4408599021040004;1;Sistema Renina Angiotensina;renina-angiotensina na hipertensão;0.780;3;match válido;Qwen3.5-4B
ID_4408599021040004;2;Angiotensina 1-7;angiotensin ii;0.893;3;match válido;Qwen3.5-4B
ID_4408599021040004;3;Diabetes Gestacional;hypertension (rej);0.522;0;sem match válido;Qwen3.5-4B
ID_4408599021040004;4;Diabetes Tipo 1;hypertension (rej);0.528;0;sem match válido;Qwen3.5-4B
ID_4408599021040004;5;Insuficiencia Renal Aguda;chronic renal insufficiency;0.935;3;match válido;Qwen3.5-4B
ID_4408599021040004;6;Doença Renal Crônica;chronic renal disease;0.959;3;match válido;Qwen3.5-4B
ID_4408599021040004;7;Hemodialise;hemodialysis;0.974;2;match válido;Qwen3.5-4B
ID_4408599021040004;8;Transplante Renal;dialysis;0.758;2;match válido;Qwen3.5-4B
ID_4408599021040004;9;Hemorragia;hemodialysis (rej);0.831;0;sem match válido;Qwen3.5-4B
ID_4408599021040004;10;Trombose;hemodialysis (rej);0.530;0;sem match válido;Qwen3.5-4B
ID_4408599021040004;11;ADAMTS13;ang ii (rej);0.404;0;sem match válido;Qwen3.5-4B
ID_4408599021040004;12;Fator Von Willebrand;von willebrand factor;0.791;1;match válido;Qwen3.5-4B
ID_4408599021040004;13;Fator VIII;ang ii (rej);0.476;0;sem match válido;Qwen3.5-4B
ID_4408599021040004;14;Grupo Sanguíneo ABO;hemodialysis (rej);0.489;0;sem match válido;Qwen3.5-4B
ID_4408599021040004;15;Genética;scientific production (rej);0.339;0;sem match válido;Qwen3.5-4B
ID_4408599021040004;16;Hipertensão;hypertension;0.802;3;match válido;Qwen3.5-4B
ID_4408599021040004;17;Glucose;whey protein concentrate (rej);0.491;0;sem match válido;Qwen3.5-4B
ID_4408599021040004;18;Insulina;peptide profiles (rej);0.478;0;sem match válido;Qwen3.5-4B
ID_4408599021040004;19;Lipídios;peptide profiles (rej);0.601;0;sem match válido;Qwen3.5-4B
ID_4408599021040004;20;Estresse Neuroglicopenico;reflux nephropathy (rej);0.522;0;sem match válido;Qwen3.5-4B
ID_5317385915649516;1;Intake;intake;0.995;3;match válido;Qwen3.5-4B
ID_5317385915649516;2;Digestibilidade;digestibility;0.952;3;match válido;Qwen3.5-4B
ID_5317385915649516;3;Gado de leite;marandu grass (rej);0.620;0;sem match válido;Qwen3.5-4B
ID_5317385915649516;4;Acidos graxos;valor nutritivo (rej);0.626;0;sem match válido;Qwen3.5-4B
ID_5317385915649516;5;Composicao quimica;composição química;0.872;3;match válido;Qwen3.5-4B
ID_5317385915649516;6;Capim-elefante;elephantgrass;0.814;1;match válido;Qwen3.5-4B
ID_5317385915649516;7;Capim Marandu;marandu grass (rej);0.515;0;sem match válido;Qwen3.5-4B
ID_5317385915649516;8;Pastejo rotativo;marandu grass (rej);0.630;0;sem match válido;Qwen3.5-4B
ID_5317385915649516;9;Vacas em lactacao;bovinos alimentados (rej);0.736;0;sem match válido;Qwen3.5-4B
ID_5317385915649516;10;Novilhas;pennisetum (rej);0.583;0;sem match válido;Qwen3.5-4B
ID_5317385915649516;11;Bovino de corte;bovine;0.776;3;match válido;Qwen3.5-4B
ID_5317385915649516;12;Ganho de peso;digestibilidade aparente total (rej);0.539;0;sem match válido;Qwen3.5-4B
ID_5317385915649516;13;Suplementacao;suplementação no período (rej);0.736;0;sem match válido;Qwen3.5-4B
ID_5317385915649516;14;Brachiaria brizantha;tropical forages (rej);0.492;0;sem match válido;Qwen3.5-4B
ID_5317385915649516;15;Pennisetum purpureum;pennisetum (rej);0.619;0;sem match válido;Qwen3.5-4B
ID_5317385915649516;16;Ferro;chromium oxide (rej);0.423;0;sem match válido;Qwen3.5-4B
ID_5317385915649516;17;Monensina;pennisetum (rej);0.682;0;sem match válido;Qwen3.5-4B
ID_5317385915649516;18;Bicarbonato de sodio;composição química (rej);0.644;0;sem match válido;Qwen3.5-4B
ID_5317385915649516;19;Fermentacao ruminal;degradabilidade ruminal (rej);0.675;0;sem match válido;Qwen3.5-4B
ID_5317385915649516;20;Parameetros ruminais;parâmetros ruminais;0.837;3;match válido;Qwen3.5-4B
ID_8209219651894646;1;processamento minimo;prevenir e evitar (rej);0.445;0;sem match válido;Qwen3.5-4B
ID_8209219651894646;2;pos-colheita;qualidade de alface (rej);0.491;0;sem match válido;Qwen3.5-4B
ID_8209219651894646;3;armazenamento;utilizando-se o extravasamento (rej);0.383;0;sem match válido;Qwen3.5-4B
ID_8209219651894646;4;seguranca alimentar;qualidade de alface (rej);0.378;0;sem match válido;Qwen3.5-4B
ID_8209219651894646;5;atividade antioxidante;vitamin c (rej);0.418;0;sem match válido;Qwen3.5-4B
ID_8209219651894646;6;compostos funcionais;física e química (rej);0.580;0;sem match válido;Qwen3.5-4B
ID_8209219651894646;7;alho;utilizando-se o extravasamento (rej);0.426;0;sem match válido;Qwen3.5-4B
ID_8209219651894646;8;cebola;qualidade de alface (rej);0.607;0;sem match válido;Qwen3.5-4B
ID_8209219651894646;9;cenoura;qualidade de alface (rej);0.551;0;sem match válido;Qwen3.5-4B
ID_8209219651894646;10;tomate;qualidade de alface (rej);0.560;0;sem match válido;Qwen3.5-4B
ID_8209219651894646;11;alface;qualidade de alface;0.819;3;match válido;Qwen3.5-4B
ID_8209219651894646;12;abacaxi;qualidade de alface (rej);0.555;0;sem match válido;Qwen3.5-4B
ID_8209219651894646;13;atmosfera modificada;ozone (rej);0.656;0;sem match válido;Qwen3.5-4B
ID_8209219651894646;14;revestimento;utilizando-se o extravasamento (rej);0.579;0;sem match válido;Qwen3.5-4B
ID_8209219651894646;15;centrifugacao;física e química (rej);0.376;0;sem match válido;Qwen3.5-4B
ID_8209219651894646;16;qualidade;qualidade de alface (rej);0.532;0;sem match válido;Qwen3.5-4B
ID_8209219651894646;17;pigmentos;color;0.782;3;match válido;Qwen3.5-4B
ID_8209219651894646;18;betalainas;utilizando-se o extravasamento (rej);0.434;0;sem match válido;Qwen3.5-4B
ID_8209219651894646;19;fenolicos;física e química (rej);0.531;0;sem match válido;Qwen3.5-4B
ID_8209219651894646;20;enzimas;stimulating ppo (rej);0.327;0;sem match válido;Qwen3.5-4B
ID_6377288674588197;1;complexos de ferro;iron complexes;0.966;2;match válido;Qwen3.5-4B
ID_6377288674588197;2;complexos de cobre;iron complexes (rej);0.666;0;sem match válido;Qwen3.5-4B
ID_6377288674588197;3;complexos de rutênio;feiifeiii complex (rej);0.660;0;sem match válido;Qwen3.5-4B
ID_6377288674588197;4;complexos de paládio;complex (rej);0.763;0;sem match válido;Qwen3.5-4B
ID_6377288674588197;5;complexos de estanho;complex;0.789;2;match válido;Qwen3.5-4B
ID_6377288674588197;6;complexos de mercúrio;iron complexes (rej);0.575;0;sem match válido;Qwen3.5-4B
ID_6377288674588197;7;complexos de cádmio;iron complexes (rej);0.692;0;sem match válido;Qwen3.5-4B
ID_6377288674588197;8;complexos de zinco;iron complexes (rej);0.787;0;sem match válido;Qwen3.5-4B
ID_6377288674588197;9;ligantes imidazol;unsymmetric ligand (rej);0.653;0;sem match válido;Qwen3.5-4B
ID_6377288674588197;10;ligantes piridina;pyridine;0.780;2;match válido;Qwen3.5-4B
ID_6377288674588197;11;ligantes fenóxido;cyclohexane (rej);0.605;0;sem match válido;Qwen3.5-4B
ID_6377288674588197;12;ligantes carboxilato;unsymmetric ligand (rej);0.625;0;sem match válido;Qwen3.5-4B
ID_6377288674588197;13;ligantes ditiocarbamato;unsymmetric ligand (rej);0.676;0;sem match válido;Qwen3.5-4B
ID_6377288674588197;14;ligantes porfirina;unsymmetric ligand (rej);0.587;0;sem match válido;Qwen3.5-4B
ID_6377288674588197;15;estrutura cristalina;crystal structure;0.956;2;match válido;Qwen3.5-4B
ID_6377288674588197;16;propriedades magnéticas;magnetic properties;0.975;2;match válido;Qwen3.5-4B
ID_6377288674588197;17;espectroscopia Mossbauer;infrared and mössbauer;0.779;3;match válido;Qwen3.5-4B
ID_6377288674588197;18;espectroscopia UV-vis;x-ray analysis (rej);0.542;0;sem match válido;Qwen3.5-4B
ID_6377288674588197;19;espectroscopia IR;infrared and mössbauer (rej);0.689;0;sem match válido;Qwen3.5-4B
ID_6377288674588197;20;espectroscopia NMR;x-ray molecular structure (rej);0.565;0;sem match válido;Qwen3.5-4B
ID_9430398566741698;1;Acidurias Organicas;organic acids (rej);0.829;0;sem match válido;Qwen3.5-4B
ID_9430398566741698;2;Erros Inatos do Metabolismo;organic acidemias (rej);0.481;0;sem match válido;Qwen3.5-4B
ID_9430398566741698;3;Diagnostico Pre-Natal;prenatal diagnosis;0.943;3;match válido;Qwen3.5-4B
ID_9430398566741698;4;Medicina Fetal;prenatal diagnosis (rej);0.775;0;sem match válido;Qwen3.5-4B
ID_9430398566741698;5;Doencas Lisossomicas;severe hydrocephalus (rej);0.620;0;sem match válido;Qwen3.5-4B
ID_9430398566741698;6;Aminoacidopatias;organic acidemias (rej);0.639;0;sem match válido;Qwen3.5-4B
ID_9430398566741698;7;Gestantes;paternal origin (rej);0.425;0;sem match válido;Qwen3.5-4B
ID_9430398566741698;8;H1N1;nonimmune hydrops (rej);0.376;0;sem match válido;Qwen3.5-4B
ID_9430398566741698;9;Oseltamivir;misoprostol (rej);0.553;0;sem match válido;Qwen3.5-4B
ID_9430398566741698;10;Misoprostol;misoprostol;0.982;3;match válido;Qwen3.5-4B
ID_9430398566741698;11;Teratogenia;teratogenicity;0.852;3;match válido;Qwen3.5-4B
ID_9430398566741698;12;Genetica;paternal origin (rej);0.619;0;sem match válido;Qwen3.5-4B
ID_9430398566741698;13;Medicina Neonatal;prenatal diagnosis (rej);0.727;0;sem match válido;Qwen3.5-4B
ID_9430398566741698;14;Doenca Mitocondrial;severe hydrocephalus (rej);0.603;0;sem match válido;Qwen3.5-4B
ID_9430398566741698;15;Leigh Syndrome;congenital disorders (rej);0.640;0;sem match válido;Qwen3.5-4B
ID_9430398566741698;16;MELAS;neural tube (rej);0.401;0;sem match válido;Qwen3.5-4B
ID_9430398566741698;17;Acidemia Organica;organic acids;0.905;3;match válido;Qwen3.5-4B
ID_9430398566741698;18;Doenca do Xarope do Bordo;misoprostol exposure (rej);0.461;0;sem match válido;Qwen3.5-4B
ID_9430398566741698;19;Leucina;teratógeno (rej);0.343;0;sem match válido;Qwen3.5-4B
ID_9430398566741698;20;Valina;uso de anticonvulsivantes (rej);0.331;0;sem match válido;Qwen3.5-4B
ID_5936682335701497;1;Genetic Algorithms;genetic algorithms;0.992;3;match válido;Qwen3.5-4B
ID_5936682335701497;2;Genetic Programming;genetic programming;0.993;3;match válido;Qwen3.5-4B
ID_5936682335701497;3;Machine Learning;meta-learning (rej);0.669;0;sem match válido;Qwen3.5-4B
ID_5936682335701497;4;Data Mining;data mining;0.997;3;match válido;Qwen3.5-4B
ID_5936682335701497;5;Classification;classification;0.996;3;match válido;Qwen3.5-4B
ID_5936682335701497;6;Bayesian Networks;classification model (rej);0.373;0;sem match válido;Qwen3.5-4B
ID_5936682335701497;7;Evolutionary Algorithms;genetic algorithms (rej);0.832;0;sem match válido;Qwen3.5-4B
ID_5936682335701497;8;Time Series;temporal effects (rej);0.458;0;sem match válido;Qwen3.5-4B
ID_5936682335701497;9;Recommendation Systems;classification model (rej);0.549;0;sem match válido;Qwen3.5-4B
ID_5936682335701497;10;Video Summarization;online video sharing (rej);0.536;0;sem match válido;Qwen3.5-4B
ID_5936682335701497;11;Wireless Sensor Networks;spatial analyses (rej);0.326;0;sem match válido;Qwen3.5-4B
ID_5936682335701497;12;Social Media Analysis;online video sharing (rej);0.429;0;sem match válido;Qwen3.5-4B
ID_5936682335701497;13;Natural Language Processing;grammar-based genetic programming (rej);0.579;0;sem match válido;Qwen3.5-4B
ID_5936682335701497;14;Image Processing;spatial analyses (rej);0.433;0;sem match válido;Qwen3.5-4B
ID_5936682335701497;15;Bioinformatics;genetic algorithms (rej);0.467;0;sem match válido;Qwen3.5-4B
ID_5936682335701497;16;Optimization;automated algorithm design (rej);0.592;0;sem match válido;Qwen3.5-4B
ID_5936682335701497;17;Multi-view Learning;multi-view approach;0.796;3;match válido;Qwen3.5-4B
ID_5936682335701497;18;Clustering;classification (rej);0.607;0;sem match válido;Qwen3.5-4B
ID_5936682335701497;19;Feature Selection;classification (rej);0.493;0;sem match válido;Qwen3.5-4B
ID_5936682335701497;20;Non-stationary Data;data mining (rej);0.570;0;sem match válido;Qwen3.5-4B
ID_2543067198319684;1;Neonatos;rem (rej);0.465;0;sem match válido;Qwen3.5-4B
ID_2543067198319684;2;Pretermos;rem;0.795;3;match válido;Qwen3.5-4B
ID_2543067198319684;3;Recem-nascidos;term newborns;0.828;3;match válido;Qwen3.5-4B
ID_2543067198319684;4;Epilepsia neonatal;neonatal seizures;0.836;3;match válido;Qwen3.5-4B
ID_2543067198319684;5;Seizures;seizures;0.967;3;match válido;Qwen3.5-4B
ID_2543067198319684;6;Apneia;diagnosis (rej);0.524;0;sem match válido;Qwen3.5-4B
ID_2543067198319684;7;Polissonografia;polysomnography;0.777;2;match válido;Qwen3.5-4B
ID_2543067198319684;8;EEG;epileptic patients (rej);0.530;0;sem match válido;Qwen3.5-4B
ID_2543067198319684;9;Eletroencefalografia;epileptic patients (rej);0.554;0;sem match válido;Qwen3.5-4B
ID_2543067198319684;10;Sindromes epilepticas;epileptic patients;0.938;3;match válido;Qwen3.5-4B
ID_2543067198319684;11;Encefalopatia;epileptic patients (rej);0.584;0;sem match válido;Qwen3.5-4B
ID_2543067198319684;12;Hipoxia;polysomnography (rej);0.431;0;sem match válido;Qwen3.5-4B
ID_2543067198319684;13;Isquemia;rem (rej);0.580;0;sem match válido;Qwen3.5-4B
ID_2543067198319684;14;Desenvolvimento neurologico;neonatal seizures (rej);0.502;0;sem match válido;Qwen3.5-4B
ID_2543067198319684;15;Neurodesenvolvimento;neonatal seizures (rej);0.449;0;sem match válido;Qwen3.5-4B
ID_2543067198319684;16;Cirurgia da epilepsia;epileptic patients (rej);0.889;0;sem match válido;Qwen3.5-4B
ID_2543067198319684;17;Epilepsia refrataria;epileptic patients (rej);0.917;0;sem match válido;Qwen3.5-4B
ID_2543067198319684;18;SUDEP;sudep;0.851;3;match válido;Qwen3.5-4B
ID_2543067198319684;19;Morte subita;síndrome da morte;0.807;1;match válido;Qwen3.5-4B
ID_2543067198319684;20;Sono neonatal;term newborns (rej);0.740;0;sem match válido;Qwen3.5-4B
ID_7532334620264577;1;snake venom;snake venom c-type (rej);0.747;0;sem match válido;Qwen3.5-4B
ID_7532334620264577;2;venom proteins;natriuretic peptide (rej);0.651;0;sem match válido;Qwen3.5-4B
ID_7532334620264577;3;C-type lectin;natriuretic peptide (rej);0.471;0;sem match válido;Qwen3.5-4B
ID_7532334620264577;4;L-amino acid oxidase;l-amino acid oxidase;0.998;3;match válido;Qwen3.5-4B
ID_7532334620264577;5;myotoxin;venom (rej);0.520;0;sem match válido;Qwen3.5-4B
ID_7532334620264577;6;crotapotin;crotalus durissus (rej);0.625;0;sem match válido;Qwen3.5-4B
ID_7532334620264577;7;renal function;renal activity;0.947;2;match válido;Qwen3.5-4B
ID_7532334620264577;8;nephrotoxicity;nephrotoxicity;1.000;3;match válido;Qwen3.5-4B
ID_7532334620264577;9;renal perfusion;perfused rat kidneys;0.792;3;match válido;Qwen3.5-4B
ID_7532334620264577;10;renal vascular resistance;renal and vascular;0.807;3;match válido;Qwen3.5-4B
ID_7532334620264577;11;glomerular filtration rate;renal and vascular (rej);0.484;0;sem match válido;Qwen3.5-4B
ID_7532334620264577;12;urinary flow;urinary flow;1.000;3;match válido;Qwen3.5-4B
ID_7532334620264577;13;tubular transport;sodium tubular (rej);0.600;0;sem match válido;Qwen3.5-4B
ID_7532334620264577;14;sodium transport;sodium tubular;0.760;2;match válido;Qwen3.5-4B
ID_7532334620264577;15;potassium transport;sodium tubular (rej);0.570;0;sem match válido;Qwen3.5-4B
ID_7532334620264577;16;chloride transport;sodium tubular (rej);0.600;0;sem match válido;Qwen3.5-4B
ID_7532334620264577;17;antibacterial activity;antimicrobial activity;0.910;3;match válido;Qwen3.5-4B
ID_7532334620264577;18;antileishmanic activity;antimicrobial activity (rej);0.705;0;sem match válido;Qwen3.5-4B
ID_7532334620264577;19;antiprotozoal activity;antimicrobial activity (rej);0.714;0;sem match válido;Qwen3.5-4B
ID_7532334620264577;20;insulin secretion;perfil lipídico (rej);0.394;0;sem match válido;Qwen3.5-4B
ID_6555511233950866;1;Litchi chinensis;zebu e caracu (rej);0.493;0;sem match válido;Qwen3.5-4B
ID_6555511233950866;2;antioxidant activity;nitrogen and carbohydrate (rej);0.406;0;sem match válido;Qwen3.5-4B
ID_6555511233950866;3;antinociceptive activity;sobressemeadura de gramíneas (rej);0.359;0;sem match válido;Qwen3.5-4B
ID_6555511233950866;4;procyanidin A2;fontes de amônia (rej);0.493;0;sem match válido;Qwen3.5-4B
ID_6555511233950866;5;procyanidin B2;fontes de amônia (rej);0.470;0;sem match válido;Qwen3.5-4B
ID_6555511233950866;6;epicatechin;nellore (rej);0.587;0;sem match válido;Qwen3.5-4B
ID_6555511233950866;7;DPPH assay;degradabilidade ruminal (rej);0.320;0;sem match válido;Qwen3.5-4B
ID_6555511233950866;8;ABTS assay;nec (rej);0.434;0;sem match válido;Qwen3.5-4B
ID_6555511233950866;9;liposome model;digestibilidade aparente (rej);0.390;0;sem match válido;Qwen3.5-4B
ID_6555511233950866;10;acetic acid test;cultivars were evaluated (rej);0.328;0;sem match válido;Qwen3.5-4B
ID_6555511233950866;11;hotplate test;silagem (rej);0.356;0;sem match válido;Qwen3.5-4B
ID_6555511233950866;12;glutamate test;sobressemeadura de gramíneas (rej);0.385;0;sem match válido;Qwen3.5-4B
ID_6555511233950866;13;capsaicin test;sobressemeadura de gramíneas (rej);0.359;0;sem match válido;Qwen3.5-4B
ID_6555511233950866;14;formalin test;cultivars were evaluated (rej);0.332;0;sem match válido;Qwen3.5-4B
ID_6555511233950866;15;beef cattle;meat tenderness (rej);0.471;0;sem match válido;Qwen3.5-4B
ID_6555511233950866;16;Marandu grass;sorghum sudan grass (rej);0.691;0;sem match válido;Qwen3.5-4B
ID_6555511233950866;17;Brachiaria brizantha;zebu e caracu (rej);0.441;0;sem match válido;Qwen3.5-4B
ID_6555511233950866;18;herbage allowance;cultivars were evaluated (rej);0.582;0;sem match válido;Qwen3.5-4B
ID_6555511233950866;19;heifers;nellore (rej);0.719;0;sem match válido;Qwen3.5-4B
ID_6555511233950866;20;protein supplementation;nitrogen and carbohydrate (rej);0.469;0;sem match válido;Qwen3.5-4B
ID_6535298436643783;1;Sintese Organica;química orgânica;0.887;3;match válido;Qwen3.5-4B
ID_6535298436643783;2;Nucleosideos;trisubstituted olefins (rej);0.469;0;sem match válido;Qwen3.5-4B
ID_6535298436643783;3;GAPDH;solvolysis (rej);0.387;0;sem match válido;Qwen3.5-4B
ID_6535298436643783;4;Doenca de Chagas;solvolysis (rej);0.349;0;sem match válido;Qwen3.5-4B
ID_6535298436643783;5;Inibidores Enzimaticos;reaction mechanisms (rej);0.508;0;sem match válido;Qwen3.5-4B
ID_6535298436643783;6;Baylis-Hillman;preparation of morita-baylis-hillman (rej);0.636;0;sem match válido;Qwen3.5-4B
ID_6535298436643783;7;Peneiras Moleculares;química orgânica (rej);0.651;0;sem match válido;Qwen3.5-4B
ID_6535298436643783;8;Catalise Heterogenea;síntese da epoxone (rej);0.576;0;sem match válido;Qwen3.5-4B
ID_6535298436643783;9;Micro-ondas;reator de micro-ondas;0.751;2;match válido;Qwen3.5-4B
ID_6535298436643783;10;QSAR;rhodium (ii) (rej);0.393;0;sem match válido;Qwen3.5-4B
ID_6535298436643783;11;Trypanosoma Cruzi;solvolysis (rej);0.341;0;sem match válido;Qwen3.5-4B
ID_6535298436643783;12;Antiviral;acyl donors (rej);0.283;0;sem match válido;Qwen3.5-4B
ID_6535298436643783;13;Antifungal;allylic thiocyanate (rej);0.427;0;sem match válido;Qwen3.5-4B
ID_6535298436643783;14;Antibioticos;allylic thiocyanate (rej);0.400;0;sem match válido;Qwen3.5-4B
ID_6535298436643783;15;Resistencia Bacteriana;reaction (rej);0.322;0;sem match válido;Qwen3.5-4B
ID_6535298436643783;16;QSAR 3D;stereodivergent synthesis (rej);0.406;0;sem match válido;Qwen3.5-4B
ID_6535298436643783;17;Polimeros Condutores;vinyl acetate (rej);0.565;0;sem match válido;Qwen3.5-4B
ID_6535298436643783;18;Polianilina;8-naphthalic acid monoesters (rej);0.585;0;sem match válido;Qwen3.5-4B
ID_6535298436643783;19;Conductividade;reações de inserção (rej);0.630;0;sem match válido;Qwen3.5-4B
ID_6535298436643783;20;Desprotecao;selective preparation (rej);0.530;0;sem match válido;Qwen3.5-4B
ID_0228970585981305;1;hidrolise de fosfatos;hydrolysis;0.778;1;match válido;Qwen3.5-4B
ID_0228970585981305;2;catalise intramolecular;intramolecular catalysis;0.934;3;match válido;Qwen3.5-4B
ID_0228970585981305;3;esteres de fosfato;phosphate;0.953;1;match válido;Qwen3.5-4B
ID_0228970585981305;4;ciclodextrinas;cyclodextrin;0.948;3;match válido;Qwen3.5-4B
ID_0228970585981305;5;anidrido benzoico;solvent effect (rej);0.556;0;sem match válido;Qwen3.5-4B
ID_0228970585981305;6;hidroxilamina;hydrolysis (rej);0.666;0;sem match válido;Qwen3.5-4B
ID_0228970585981305;7;catalise geral;intramolecular catalysis (rej);0.567;0;sem match válido;Qwen3.5-4B
ID_0228970585981305;8;cinetica organica;cyclodextrin (rej);0.509;0;sem match válido;Qwen3.5-4B
ID_0228970585981305;9;reacoes nucleofilicas;phosphorothioate triesters (rej);0.504;0;sem match válido;Qwen3.5-4B
ID_0228970585981305;10;complexos metalicos;metal ions (rej);0.710;0;sem match válido;Qwen3.5-4B
ID_0228970585981305;11;fluorescencia;water molecule (rej);0.419;0;sem match válido;Qwen3.5-4B
ID_0228970585981305;12;analise de metais;metal ions (rej);0.722;0;sem match válido;Qwen3.5-4B
ID_0228970585981305;13;micelas;proton (rej);0.361;0;sem match válido;Qwen3.5-4B
ID_0228970585981305;14;lantanidios;cyclodextrin (rej);0.410;0;sem match válido;Qwen3.5-4B
ID_0228970585981305;15;salicylaldehyde dehydrogenase;hydrolysis (rej);0.593;0;sem match válido;Qwen3.5-4B
ID_0228970585981305;16;poligonalas;crystal structure (rej);0.545;0;sem match válido;Qwen3.5-4B
ID_0228970585981305;17;nitrosacao;cyclodextrin (rej);0.448;0;sem match válido;Qwen3.5-4B
ID_0228970585981305;18;nitrosaminas;cyclodextrin (rej);0.496;0;sem match válido;Qwen3.5-4B
ID_0228970585981305;19;compostos fenolicos;phosphorothioate triesters (rej);0.673;0;sem match válido;Qwen3.5-4B
ID_0228970585981305;20;acido galico;sulfuryl (rej);0.596;0;sem match válido;Qwen3.5-4B
ID_0577007377836185;1;Cromatografia Liquida;high-performance liquid chromatography;0.793;3;match válido;Qwen3.5-4B
ID_0577007377836185;2;Análise de Resíduos;direct analysis (rej);0.398;0;sem match válido;Qwen3.5-4B
ID_0577007377836185;3;Nitrofuranos;piperonilidenacetaldeído potencialmente (rej);0.594;0;sem match válido;Qwen3.5-4B
ID_0577007377836185;4;Sulfonamidas;piperonilidenacetaldeído potencialmente (rej);0.549;0;sem match válido;Qwen3.5-4B
ID_0577007377836185;5;CLAE-EM;imer (rej);0.495;0;sem match válido;Qwen3.5-4B
ID_0577007377836185;6;CLAE;imer (rej);0.493;0;sem match válido;Qwen3.5-4B
ID_0577007377836185;7;Espectrometria de Massas;high-performance liquid chromatography (rej);0.430;0;sem match válido;Qwen3.5-4B
ID_0577007377836185;8;Validação de Métodos;validated method;0.828;1;match válido;Qwen3.5-4B
ID_0577007377836185;9;Incerteza de Medição;imer (rej);0.362;0;sem match válido;Qwen3.5-4B
ID_0577007377836185;10;Alimentos;omeprazole (rej);0.524;0;sem match válido;Qwen3.5-4B
ID_0577007377836185;11;Musculo Bovino;bovine serum (rej);0.622;0;sem match válido;Qwen3.5-4B
ID_0577007377836185;12;Musculo de Frango;imer (rej);0.439;0;sem match válido;Qwen3.5-4B
ID_0577007377836185;13;Peixe;imer (rej);0.336;0;sem match válido;Qwen3.5-4B
ID_0577007377836185;14;Camarao;imer;0.754;3;match válido;Qwen3.5-4B
ID_0577007377836185;15;Leite Bovino;bovine serum (rej);0.625;0;sem match válido;Qwen3.5-4B
ID_0577007377836185;16;Tiossemicarbazonas;síntese de tiossemicarbazonas;0.773;3;match válido;Qwen3.5-4B
ID_0577007377836185;17;Safrol;imer (rej);0.499;0;sem match válido;Qwen3.5-4B
ID_0577007377836185;18;Isossafrol;síntese de tiossemicarbazonas (rej);0.533;0;sem match válido;Qwen3.5-4B
ID_0577007377836185;19;Piperonilidenacetaldeido;piperonilidenacetaldeído potencialmente;0.792;3;match válido;Qwen3.5-4B
ID_0577007377836185;20;Atividade Antimicrobiana;select specific inhibitors (rej);0.518;0;sem match válido;Qwen3.5-4B
ID_2691497637313274;1;Reservatórios Hidrelétricos;reservatório hidrelétrico;0.893;2;match válido;Qwen3.5-4B
ID_2691497637313274;2;Sensoriamento Remoto;remote sensing;0.767;3;match válido;Qwen3.5-4B
ID_2691497637313274;3;Turbidez;turbidity;0.783;3;match válido;Qwen3.5-4B
ID_2691497637313274;4;Clorofila-a;itumbiara reservoir (rej);0.397;0;sem match válido;Qwen3.5-4B
ID_2691497637313274;5;Fenologia Vegetativa;thunnus albacares (rej);0.568;0;sem match válido;Qwen3.5-4B
ID_2691497637313274;6;Modelagem Hidrodinâmica;hydro-physics processes;0.797;2;match válido;Qwen3.5-4B
ID_2691497637313274;7;Eutrofização;situ (rej);0.481;0;sem match válido;Qwen3.5-4B
ID_2691497637313274;8;Cyanobactérias;biogeochemical processes (rej);0.413;0;sem match válido;Qwen3.5-4B
ID_2691497637313274;9;Ressurgência Costeira;tropical bay (rej);0.604;0;sem match válido;Qwen3.5-4B
ID_2691497637313274;10;Circulação Local;situ (rej);0.582;0;sem match válido;Qwen3.5-4B
ID_2691497637313274;11;Simulação Numérica;fraction images (rej);0.412;0;sem match válido;Qwen3.5-4B
ID_2691497637313274;12;Modelo MODIS;modis (rej);0.455;0;sem match válido;Qwen3.5-4B
ID_2691497637313274;13;Estratificação Térmica;thermal structure;0.792;3;match válido;Qwen3.5-4B
ID_2691497637313274;14;Fluxo de Calor;águas de superfície (rej);0.680;0;sem match válido;Qwen3.5-4B
ID_2691497637313274;15;Frontes Frias;cold front (rej);0.659;0;sem match válido;Qwen3.5-4B
ID_2691497637313274;16;Análise Espectral;spectral analysis;0.920;3;match válido;Qwen3.5-4B
ID_2691497637313274;17;Algoritmo de Mistura Espectral;spectral analysis (rej);0.694;0;sem match válido;Qwen3.5-4B
ID_2691497637313274;18;Correlação Espacial;spatial regression model (rej);0.562;0;sem match válido;Qwen3.5-4B
ID_2691497637313274;19;Wavelet Analysis;wavelet;0.780;2;match válido;Qwen3.5-4B
ID_2691497637313274;20;Krigagem;situ (rej);0.618;0;sem match válido;Qwen3.5-4B
ID_4210289862552350;1;Alumina;alumina;0.975;3;match válido;Qwen3.5-4B
ID_4210289862552350;2;Sinterizacao;sic;0.811;3;match válido;Qwen3.5-4B
ID_4210289862552350;3;Polimeros precursores;preceramic polymers;0.836;2;match válido;Qwen3.5-4B
ID_4210289862552350;4;Ceramicas;ceramic composite (rej);0.643;0;sem match válido;Qwen3.5-4B
ID_4210289862552350;5;Microestrutura;structural modifications (rej);0.491;0;sem match válido;Qwen3.5-4B
ID_4210289862552350;6;SiC;sic (rej);0.787;0;sem match válido;Qwen3.5-4B
ID_4210289862552350;7;Hidroxiapatita;hydroxyapatite;0.851;3;match válido;Qwen3.5-4B
ID_4210289862552350;8;Gelcasting;preceramic polymers (rej);0.480;0;sem match válido;Qwen3.5-4B
ID_4210289862552350;9;Biomateriais;biomaterial;0.976;3;match válido;Qwen3.5-4B
ID_4210289862552350;10;Compositos;composite (rej);0.684;0;sem match válido;Qwen3.5-4B
ID_4210289862552350;11;Supercondutores;thermal conductivity (rej);0.428;0;sem match válido;Qwen3.5-4B
ID_4210289862552350;12;Titanio;titanium and ti-13nb-13zr (rej);0.688;0;sem match válido;Qwen3.5-4B
ID_4210289862552350;13;Adesao;sic (rej);0.488;0;sem match válido;Qwen3.5-4B
ID_4210289862552350;14;Propriedades mecanicas;propriedades mecânicas;0.909;2;match válido;Qwen3.5-4B
ID_4210289862552350;15;Processamento;sic (rej);0.572;0;sem match válido;Qwen3.5-4B
ID_4210289862552350;16;Biocompatibilidade;biocompatibility;0.990;3;match válido;Qwen3.5-4B
ID_4210289862552350;17;Nanoestrutura;biomaterial (rej);0.622;0;sem match válido;Qwen3.5-4B
ID_4210289862552350;18;Electrospun;propriedades mecânicas (rej);0.521;0;sem match válido;Qwen3.5-4B
ID_4210289862552350;19;Scaffolds;structural modifications (rej);0.498;0;sem match válido;Qwen3.5-4B
ID_4210289862552350;20;Engenharia de tecidos;biomaterial (rej);0.676;0;sem match válido;Qwen3.5-4B
ID_8047078292358267;1;Fitoquimica;allelopathic activity (rej);0.575;0;sem match válido;Qwen3.5-4B
ID_8047078292358267;2;Metabolitos Secundarios;secondary metabolite;0.943;3;match válido;Qwen3.5-4B
ID_8047078292358267;3;Limonoides;protolimonoid. (rej);0.620;0;sem match válido;Qwen3.5-4B
ID_8047078292358267;4;Rotenoides;rotenoid;0.939;3;match válido;Qwen3.5-4B
ID_8047078292358267;5;Terpenoides;terpenoids from conceveiba;0.862;2;match válido;Qwen3.5-4B
ID_8047078292358267;6;Alcaloides;coumarins and alkaloids (rej);0.674;0;sem match válido;Qwen3.5-4B
ID_8047078292358267;7;Flavonoides;flavones from neoraputia;0.845;2;match válido;Qwen3.5-4B
ID_8047078292358267;8;Alelopatia;allelopathy (rej);0.580;0;sem match válido;Qwen3.5-4B
ID_8047078292358267;9;Extratos Vegetais;leguminosae;0.836;3;match válido;Qwen3.5-4B
ID_8047078292358267;10;HPLC;naftoquinonas do caule (rej);0.325;0;sem match válido;Qwen3.5-4B
ID_8047078292358267;11;Cromatografia;rotenoid (rej);0.444;0;sem match válido;Qwen3.5-4B
ID_8047078292358267;12;Espectroscopia;nmr spectral data (rej);0.558;0;sem match válido;Qwen3.5-4B
ID_8047078292358267;13;NMR;nmr spectral data (rej);0.688;0;sem match válido;Qwen3.5-4B
ID_8047078292358267;14;Fungos Endofiticos;leguminosae (rej);0.580;0;sem match válido;Qwen3.5-4B
ID_8047078292358267;15;Biotransformacao;dehydrorotenoid produced (rej);0.553;0;sem match válido;Qwen3.5-4B
ID_8047078292358267;16;Antraquinonas;naftoquinonas do caule (rej);0.663;0;sem match válido;Qwen3.5-4B
ID_8047078292358267;17;Isoflavonoides;isoflavonoid (rej);0.669;0;sem match válido;Qwen3.5-4B
ID_8047078292358267;18;Taninos;timbó (rej);0.545;0;sem match válido;Qwen3.5-4B
ID_8047078292358267;19;Saponinas;sesquiterpene from ficus (rej);0.553;0;sem match válido;Qwen3.5-4B
ID_8047078292358267;20;Polifenolos;protolimonoid. (rej);0.618;0;sem match válido;Qwen3.5-4B
ID_4041211770858318;1;Brazil-Malvinas Confluence;brazil-malvinas confluence;0.959;3;match válido;Qwen3.5-4B
ID_4041211770858318;2;Ocean-Atmosphere Coupling;variabilidade oceânica (rej);0.704;0;sem match válido;Qwen3.5-4B
ID_4041211770858318;3;Sea Surface Temperature;antarctic bottom water (rej);0.682;0;sem match válido;Qwen3.5-4B
ID_4041211770858318;4;Antarctic Bottom Water;antarctic bottom water;0.992;3;match válido;Qwen3.5-4B
ID_4041211770858318;5;Weddell Sea;weddell sea deep water;0.817;3;match válido;Qwen3.5-4B
ID_4041211770858318;6;Southern Ocean;south atlantic central water;0.807;2;match válido;Qwen3.5-4B
ID_4041211770858318;7;Remote Sensing;quasi-geostrophy (rej);0.348;0;sem match válido;Qwen3.5-4B
ID_4041211770858318;8;SeaWiFS;weddell sea deep water (rej);0.650;0;sem match válido;Qwen3.5-4B
ID_4041211770858318;9;Satellite Altimetry;quasi-geostrophy (rej);0.446;0;sem match válido;Qwen3.5-4B
ID_4041211770858318;10;Phytoplankton Blooms;tropical water (rej);0.287;0;sem match válido;Qwen3.5-4B
ID_4041211770858318;11;Coccolithophorids;termohaline fields (rej);0.488;0;sem match válido;Qwen3.5-4B
ID_4041211770858318;12;Nutrient Upwelling;reservoirs of energy (rej);0.406;0;sem match válido;Qwen3.5-4B
ID_4041211770858318;13;Water Mass Variability;sea water mass;0.786;2;match válido;Qwen3.5-4B
ID_4041211770858318;14;Ocean Circulation;variabilidade oceânica (rej);0.747;0;sem match válido;Qwen3.5-4B
ID_4041211770858318;15;Hydrographic Properties;woce hydrgraphic sections (rej);0.692;0;sem match válido;Qwen3.5-4B
ID_4041211770858318;16;Boundary Layers;oceanic boundary (rej);0.614;0;sem match válido;Qwen3.5-4B
ID_4041211770858318;17;Air-Sea Fluxes;variabilidade oceânica (rej);0.616;0;sem match válido;Qwen3.5-4B
ID_4041211770858318;18;Turbulence;turbulence;0.994;1;match válido;Qwen3.5-4B
ID_4041211770858318;19;Mesoscale Eddies;eddy kinetic energy (rej);0.493;0;sem match válido;Qwen3.5-4B
ID_4041211770858318;20;Patagonian Shelf;tropical water (rej);0.444;0;sem match válido;Qwen3.5-4B
ID_8696858608013659;1;Camada Limite Planetaria;camada limite (rej);0.641;0;sem match válido;Qwen3.5-4B
ID_8696858608013659;2;Turbulência Atmosférica;turbulence;0.919;3;match válido;Qwen3.5-4B
ID_8696858608013659;3;Camada Limite Convectiva;camada limite (rej);0.864;0;sem match válido;Qwen3.5-4B
ID_8696858608013659;4;Camada Limite Estável;camada limite;0.894;2;match válido;Qwen3.5-4B
ID_8696858608013659;5;Camada Limite Marinha;camada limite (rej);0.587;0;sem match válido;Qwen3.5-4B
ID_8696858608013659;6;Interação Oceano-Atmosfera;atmospheric boundary layer (rej);0.665;0;sem match válido;Qwen3.5-4B
ID_8696858608013659;7;Fluxos Superficiais;fluxos turbulentos (rej);0.722;0;sem match válido;Qwen3.5-4B
ID_8696858608013659;8;Fluxo de CO2;carbon budget (rej);0.562;0;sem match válido;Qwen3.5-4B
ID_8696858608013659;9;Fluxo de Calor Sensível;fluxos turbulentos (rej);0.572;0;sem match válido;Qwen3.5-4B
ID_8696858608013659;10;Fluxo de Calor Latente;fluxos turbulentos (rej);0.625;0;sem match válido;Qwen3.5-4B
ID_8696858608013659;11;Balanco de Energia;turbulent kinetic energy (rej);0.532;0;sem match válido;Qwen3.5-4B
ID_8696858608013659;12;Eddy Covariance;autocorrelation function (rej);0.475;0;sem match válido;Qwen3.5-4B
ID_8696858608013659;13;Simulação de Grandes Vórtices;large-eddy simulation (rej);0.771;0;sem match válido;Qwen3.5-4B
ID_8696858608013659;14;Large Eddy Simulation;large-eddy simulation;0.962;2;match válido;Qwen3.5-4B
ID_8696858608013659;15;Modelo WRF;turbulent parameterization (rej);0.453;0;sem match válido;Qwen3.5-4B
ID_8696858608013659;16;Confluência Brasil-Malvinas;brazil-malvinas confluence;0.956;2;match válido;Qwen3.5-4B
ID_8696858608013659;17;Vento Norte;vento norte;0.908;2;match válido;Qwen3.5-4B
ID_8696858608013659;18;Topografia Complexa;complex terrain;0.890;2;match válido;Qwen3.5-4B
ID_8696858608013659;19;Floresta Amazônica;amazon forest;0.866;3;match válido;Qwen3.5-4B
ID_8696858608013659;20;Rice Paddy;pasture (rej);0.460;0;sem match válido;Qwen3.5-4B
ID_2538824540800669;1;tag1;entanglement (rej);0.370;0;sem match válido;Qwen3.5-4B
ID_2538824540800669;2;tag2;entanglement (rej);0.372;0;sem match válido;Qwen3.5-4B
ID_2538824540800669;3;30 principais tags;entanglement (rej);0.332;0;sem match válido;Qwen3.5-4B
ID_2538824540800669;4;Informacao Quantica;quantum information (rej);0.770;0;sem match válido;Qwen3.5-4B
ID_2538824540800669;5;NMR;nuclear magnetic resonance (rej);0.602;0;sem match válido;Qwen3.5-4B
ID_2538824540800669;6;RMN;nuclear magnetic resonance (rej);0.345;0;sem match válido;Qwen3.5-4B
ID_2538824540800669;7;"mantenha o IDIOMA das publicações nas tags — se as publicações estão em português, as tags devem estar em português; se estão em inglês, em inglês.";entanglement (rej);0.139;0;sem match válido;Qwen3.5-4B
ID_2538824540800669;8;Metrologia Quantica;phase space (rej);0.381;0;sem match válido;Qwen3.5-4B
ID_2538824540800669;9;if the publications are in Portuguese... if in English...;nonclassical correlations (rej);0.130;0;sem match válido;Qwen3.5-4B
ID_2538824540800669;10;mantenha o IDIOMA das publicações nas tags;entanglement (rej);0.267;0;sem match válido;Qwen3.5-4B
ID_2538824540800669;11;Quantum Discord;quantum discord;0.932;3;match válido;Qwen3.5-4B
ID_2538824540800669;12;Nuclear Magnetic Resonance;nuclear magnetic resonance;0.971;2;match válido;Qwen3.5-4B
ID_2538824540800669;13;Quantum Information;quantum information;0.994;3;match válido;Qwen3.5-4B
ID_2538824540800669;14;Thermodynamics;types of dynamics (rej);0.468;0;sem match válido;Qwen3.5-4B
ID_2538824540800669;15;Decoherence;entanglement (rej);0.562;0;sem match válido;Qwen3.5-4B
ID_2538824540800669;16;Cavity QED;phase space (rej);0.490;0;sem match válido;Qwen3.5-4B
ID_2538824540800669;17;Trapped Ions;trapped ions;0.953;2;match válido;Qwen3.5-4B
ID_2538824540800669;18;Quantum Computing;quantum computation;0.961;3;match válido;Qwen3.5-4B
ID_2538824540800669;19;Geometric Phases;phase space;0.793;2;match válido;Qwen3.5-4B
ID_2538824540800669;20;Dynamic Invariants;dynamic invariants;0.984;1;match válido;Qwen3.5-4B
ID_8884890472193474;1;Sistemas quanticos abertos;open quantum systems;0.983;3;match válido;Qwen3.5-4B
ID_8884890472193474;2;Discordia quantica;quantum discord;0.891;3;match válido;Qwen3.5-4B
ID_8884890472193474;3;Emanhamento;entanglement (rej);0.459;0;sem match válido;Qwen3.5-4B
ID_8884890472193474;4;Descoerencia;entanglement (rej);0.527;0;sem match válido;Qwen3.5-4B
ID_8884890472193474;5;Informacao quantica;measurement-based quantum computation;0.796;3;match válido;Qwen3.5-4B
ID_8884890472193474;6;Computacao quantica;quantum computation;0.946;3;match válido;Qwen3.5-4B
ID_8884890472193474;7;Sistemas quanticos bipartites;quantum systems (rej);0.848;0;sem match válido;Qwen3.5-4B
ID_8884890472193474;8;Ambiente quanticos;quantum systems;0.856;1;match válido;Qwen3.5-4B
ID_8884890472193474;9;Dinamica quantica;quantum discord dynamics;0.799;3;match válido;Qwen3.5-4B
ID_8884890472193474;10;Equacao de Lindblad;mathematical physics  (rej);0.477;0;sem match válido;Qwen3.5-4B
ID_8884890472193474;11;Sudden death;sudden death;0.997;2;match válido;Qwen3.5-4B
ID_8884890472193474;12;Dynamical decoupling;quantum discord dynamics (rej);0.486;0;sem match válido;Qwen3.5-4B
ID_8884890472193474;13;Non-Markovianidade;nonclassical correlation (rej);0.533;0;sem match válido;Qwen3.5-4B
ID_8884890472193474;14;Correlacoes quanticas;quantum correlations;0.834;3;match válido;Qwen3.5-4B
ID_8884890472193474;15;Monogamia de emanhamento;entanglement (rej);0.463;0;sem match válido;Qwen3.5-4B
ID_8884890472193474;16;Sistemas de spins;quantum systems (rej);0.518;0;sem match válido;Qwen3.5-4B
ID_8884890472193474;17;Qubits;two-qubit entanglement (rej);0.654;0;sem match válido;Qwen3.5-4B
ID_8884890472193474;18;Bath de osciladores;system-reservoir dynamics (rej);0.394;0;sem match válido;Qwen3.5-4B
ID_8884890472193474;19;Matriz densidade; measurement theory (rej);0.407;0;sem match válido;Qwen3.5-4B
ID_8884890472193474;20;Entropia de von Neumann;quantum discord (rej);0.612;0;sem match válido;Qwen3.5-4B
ID_4735276653354808;1;tag1;silvopasture (rej);0.423;0;sem match válido;Qwen3.5-4B
ID_4735276653354808;2;tag2;silvopasture (rej);0.414;0;sem match válido;Qwen3.5-4B
ID_4735276653354808;3;"mantenha o IDIOMA das publicações nas tags — se as publicações estão em português, as tags devem estar em português; se estão em inglês, em inglês.";silvopasture (rej);0.250;0;sem match válido;Qwen3.5-4B
ID_4735276653354808;4;Characteristics;propriedades físicas (rej);0.679;0;sem match válido;Qwen3.5-4B
ID_4735276653354808;5;Carbon;organic carbon;0.848;3;match válido;Qwen3.5-4B
ID_4735276653354808;6;Decomposition...;adubação orgânica (rej);0.420;0;sem match válido;Qwen3.5-4B
ID_4735276653354808;7;Green manure...;uso do solo (rej);0.592;0;sem match válido;Qwen3.5-4B
ID_4735276653354808;8;Total C and N storage...;carbono e nitrogênio (rej);0.385;0;sem match válido;Qwen3.5-4B
ID_4735276653354808;9;Impact of organic no-till...;organic carbon (rej);0.677;0;sem match válido;Qwen3.5-4B
ID_4735276653354808;10;Vermicomposting...;silvopasture (rej);0.527;0;sem match válido;Qwen3.5-4B
ID_4735276653354808;11;Adubacao verde;silvopasture (rej);0.684;0;sem match válido;Qwen3.5-4B
ID_4735276653354808;12;Ciclagem de nutrientes;nutrient cycling;0.776;2;match válido;Qwen3.5-4B
ID_4735276653354808;13;agroecology;agroecology;1.000;2;match válido;Qwen3.5-4B
ID_4735276653354808;14;soil management;uso do solo;0.812;2;match válido;Qwen3.5-4B
ID_4735276653354808;15;mantenha o IDIOMA das publicações nas tags;silvopasture (rej);0.427;0;sem match válido;Qwen3.5-4B
ID_4735276653354808;16;language of the publications;modelo century (rej);0.369;0;sem match válido;Qwen3.5-4B
ID_4735276653354808;17;Learning by doing...;uso do solo (rej);0.243;0;sem match válido;Qwen3.5-4B
ID_4735276653354808;18;Materia organica;organic matter;0.958;3;match válido;Qwen3.5-4B
ID_4735276653354808;19;;;;;;Qwen3.5-4B
ID_4735276653354808;20;;;;;;Qwen3.5-4B
ID_1966638146185479;1;tag1;topaz (rej);0.440;0;sem match válido;Qwen3.5-4B
ID_1966638146185479;2;tag2;topaz (rej);0.421;0;sem match válido;Qwen3.5-4B
ID_1966638146185479;3;Nanotubos de carbono;carbon nanotubes;0.950;3;match válido;Qwen3.5-4B
ID_1966638146185479;4;Nanociencia;carbon nanotubes (rej);0.658;0;sem match válido;Qwen3.5-4B
ID_1966638146185479;5;Meio de divulgacao: Impresso;topaz (rej);0.622;0;sem match válido;Qwen3.5-4B
ID_1966638146185479;6;"mantenha o IDIOMA das publicações nas tags — se as publicações estão em português, as tags devem estar em português; se estão em inglês, em inglês.";topaz (rej);0.220;0;sem match válido;Qwen3.5-4B
ID_1966638146185479;7;Espalhamento Raman;raman (rej);0.633;0;sem match válido;Qwen3.5-4B
ID_1966638146185479;8;Ceramicas;resonant raman (rej);0.522;0;sem match válido;Qwen3.5-4B
ID_1966638146185479;9;Minerais;topaz (rej);0.486;0;sem match válido;Qwen3.5-4B
ID_1966638146185479;10;Topazio;topaz;0.815;2;match válido;Qwen3.5-4B
ID_1966638146185479;11;"se as publicações estão em português, as tags devem estar em português; se estão em inglês, em inglês.";raman (rej);0.184;0;sem match válido;Qwen3.5-4B
ID_1966638146185479;12;The influence of oxygen...;radial breathing modes (rej);0.459;0;sem match válido;Qwen3.5-4B
ID_1966638146185479;13;Glass transition...;optical studies (rej);0.457;0;sem match válido;Qwen3.5-4B
ID_1966638146185479;14;Enhanced Solubilization...;surface chemical modification (rej);0.487;0;sem match válido;Qwen3.5-4B
ID_1966638146185479;15;Extraia as tags baseadas SOMENTE no conteúdo das publicações fornecidas;raman (rej);0.169;0;sem match válido;Qwen3.5-4B
ID_1966638146185479;16;Fotoluminescencia;photoluminescence;0.970;3;match válido;Qwen3.5-4B
ID_1966638146185479;17;Espectroscopia Raman;raman spectroscopy;0.773;3;match válido;Qwen3.5-4B
ID_1966638146185479;18;mantenha o IDIOMA das publicações;topaz (rej);0.511;0;sem match válido;Qwen3.5-4B
ID_1966638146185479;19;se as publicações estão em português...;topaz (rej);0.227;0;sem match válido;Qwen3.5-4B
ID_1966638146185479;20;Amide solvents, Single-walled carbon nanotubes, Solubility parameters;single-walled carbon nanotubes;0.779;3;match válido;Qwen3.5-4B
ID_6751513272539561;1;Economia da Saude;sustentabilidade da previdência (rej);0.636;0;sem match válido;Qwen3.5-4B
ID_6751513272539561;2;Regressao Quantilica;quantile regression (rej);0.599;0;sem match válido;Qwen3.5-4B
ID_6751513272539561;3;Doenca Renal;kidney transplants (rej);0.707;0;sem match válido;Qwen3.5-4B
ID_6751513272539561;4;Planos de Saude;sustentabilidade da previdência (rej);0.624;0;sem match válido;Qwen3.5-4B
ID_6751513272539561;5;Risco Moral;presumed consent law (rej);0.509;0;sem match válido;Qwen3.5-4B
ID_6751513272539561;6;Farmacoeconomia;empirical analysis (rej);0.435;0;sem match válido;Qwen3.5-4B
ID_6751513272539561;7;Transplante Renal;kidney transplants (rej);0.735;0;sem match válido;Qwen3.5-4B
ID_6751513272539561;8;Economia do Trabalho;productivity (rej);0.669;0;sem match válido;Qwen3.5-4B
ID_6751513272539561;9;Avaliacao Economica em Saude;sustentabilidade da previdência (rej);0.681;0;sem match válido;Qwen3.5-4B
ID_6751513272539561;10;Custo-Efetividade;cost utility (rej);0.726;0;sem match válido;Qwen3.5-4B
ID_6751513272539561;11;Regulacao Economica;monetary policies (rej);0.569;0;sem match válido;Qwen3.5-4B
ID_6751513272539561;12;Doencas Raras;rare disease;0.865;3;match válido;Qwen3.5-4B
ID_6751513272539561;13;Atividade Desportiva;methodology (rej);0.261;0;sem match válido;Qwen3.5-4B
ID_6751513272539561;14;Participacao Feminina;presumed consent law (rej);0.322;0;sem match válido;Qwen3.5-4B
ID_6751513272539561;15;Produtividade;productivity;0.983;2;match válido;Qwen3.5-4B
ID_6751513272539561;16;Teoria da Informacao;methodology (rej);0.465;0;sem match válido;Qwen3.5-4B
ID_6751513272539561;17;Eficiencia Hospitalar;productivity (rej);0.452;0;sem match válido;Qwen3.5-4B
ID_6751513272539561;18;Analise DEA;methodology (rej);0.454;0;sem match válido;Qwen3.5-4B
ID_6751513272539561;19;Malmquist Index;markov model (rej);0.502;0;sem match válido;Qwen3.5-4B
ID_6751513272539561;20;Economia Industrial;productivity (rej);0.606;0;sem match válido;Qwen3.5-4B
ID_0588546982625730;1;Física Atômica;atomic and molecular physics ;0.902;3;match válido;Qwen3.5-4B
ID_0588546982625730;2;Física Molecular;molecular physics and chemical physics;0.930;3;match válido;Qwen3.5-4B
ID_0588546982625730;3;Colisões Atômicas;atomic collisions;0.966;3;match válido;Qwen3.5-4B
ID_0588546982625730;4;Colisões Moleculares;collision;0.783;3;match válido;Qwen3.5-4B
ID_0588546982625730;5;Ions Negativos;negative ions;0.976;3;match válido;Qwen3.5-4B
ID_0588546982625730;6;Feixes de Ions;ionization cross sections;0.750;3;match válido;Qwen3.5-4B
ID_0588546982625730;7;Espectrometria de Tempo de Voo;instrumentation and measurement  (rej);0.594;0;sem match válido;Qwen3.5-4B
ID_0588546982625730;8;Detachamento de Eletrons;electron detachment;0.932;3;match válido;Qwen3.5-4B
ID_0588546982625730;9;Cross Sections;detachment cross sections;0.826;3;match válido;Qwen3.5-4B
ID_0588546982625730;10;Fusão Inercial;inertial confinement (rej);0.657;0;sem match válido;Qwen3.5-4B
ID_0588546982625730;11;Aceleradores Tandem;velocity (rej);0.684;0;sem match válido;Qwen3.5-4B
ID_0588546982625730;12;Anions;small cluster anions;0.757;3;match válido;Qwen3.5-4B
ID_0588546982625730;13;Clusters Aniónicos;small anionic clusters;0.895;3;match válido;Qwen3.5-4B
ID_0588546982625730;14;Fragmentação Molecular;molecular fragmentation;0.984;3;match válido;Qwen3.5-4B
ID_0588546982625730;15;Ionização;ionization;0.970;3;match válido;Qwen3.5-4B
ID_0588546982625730;16;Dissociação;dissociation;0.962;3;match válido;Qwen3.5-4B
ID_0588546982625730;17;Sol;vapour pressures (rej);0.422;0;sem match válido;Qwen3.5-4B
ID_0588546982625730;18;Vaporização;vapour pressures (rej);0.677;0;sem match válido;Qwen3.5-4B
ID_0588546982625730;19;Entalpia de Sublimação;destruction cross sections (rej);0.516;0;sem match válido;Qwen3.5-4B
ID_0588546982625730;20;Ácidos Orgânicos;thin carbon (rej);0.342;0;sem match válido;Qwen3.5-4B
ID_3752951275341381;1;Assimilacao de dados;assimilação de dados;0.978;3;match válido;Qwen3.5-4B
ID_3752951275341381;2;Previsao Numerica de Tempo;previsão numérica;0.842;3;match válido;Qwen3.5-4B
ID_3752951275341381;3;Radio ocultacao GNSS;redes de receptores (rej);0.475;0;sem match válido;Qwen3.5-4B
ID_3752951275341381;4;IWV;valores de iwv;0.830;2;match válido;Qwen3.5-4B
ID_3752951275341381;5;AIRS AMSU;airs-amsu;0.897;2;match válido;Qwen3.5-4B
ID_3752951275341381;6;CPTEC INPE;nwp (rej);0.375;0;sem match válido;Qwen3.5-4B
ID_3752951275341381;7;PSAS;utilizando as análises (rej);0.378;0;sem match válido;Qwen3.5-4B
ID_3752951275341381;8;GPSmet;iwv-gps (rej);0.549;0;sem match válido;Qwen3.5-4B
ID_3752951275341381;9;Umidade;umidade na região;0.808;2;match válido;Qwen3.5-4B
ID_3752951275341381;10;Reanalise;reanalysis;0.926;3;match válido;Qwen3.5-4B
ID_3752951275341381;11;SALLJEX;airs-amsu (rej);0.368;0;sem match válido;Qwen3.5-4B
ID_3752951275341381;12;RPSAS;nwp (rej);0.427;0;sem match válido;Qwen3.5-4B
ID_3752951275341381;13;LETKF;nwp (rej);0.373;0;sem match válido;Qwen3.5-4B
ID_3752951275341381;14;ZTD;nwp (rej);0.472;0;sem match válido;Qwen3.5-4B
ID_3752951275341381;15;Sensores;observation system (rej);0.548;0;sem match válido;Qwen3.5-4B
ID_3752951275341381;16;Sondagens;tipos de observações (rej);0.585;0;sem match válido;Qwen3.5-4B
ID_3752951275341381;17;Previsao de tempo;previsão de tempo;0.983;3;match válido;Qwen3.5-4B
ID_3752951275341381;18;Clima;umidade na região (rej);0.767;0;sem match válido;Qwen3.5-4B
ID_3752951275341381;19;Atmosfera;umidade na região (rej);0.539;0;sem match válido;Qwen3.5-4B
ID_3752951275341381;20;Brasil;north-east brazil;0.846;3;match válido;Qwen3.5-4B
ID_0967035318418472;1;Heteropteris aphrodisiaca;heteropteris aphrodisiaca;0.930;3;match válido;Qwen3.5-4B
ID_0967035318418472;2;nitrocomposto;condensed tannins (rej);0.546;0;sem match válido;Qwen3.5-4B
ID_0967035318418472;3;antiviral;antiprotozoan activity (rej);0.538;0;sem match válido;Qwen3.5-4B
ID_0967035318418472;4;antibacteriana;antiprotozoan activity (rej);0.600;0;sem match válido;Qwen3.5-4B
ID_0967035318418472;5;antifungica;antiprotozoan activity (rej);0.644;0;sem match válido;Qwen3.5-4B
ID_0967035318418472;6;antiprotozoaria;antiprotozoan activity;0.882;3;match válido;Qwen3.5-4B
ID_0967035318418472;7;barbatimao;-epigallocatechin (rej);0.554;0;sem match válido;Qwen3.5-4B
ID_0967035318418472;8;Stryphnodendron adstringens;stryphnodendron adstringens;0.976;3;match válido;Qwen3.5-4B
ID_0967035318418472;9;Leishmania amazonensis;bouchea fluminensis (rej);0.609;0;sem match válido;Qwen3.5-4B
ID_0967035318418472;10;Herpetomonas samuelpessoai;herpetomonas samuelpessoai;0.996;3;match válido;Qwen3.5-4B
ID_0967035318418472;11;Trichilia catigua;paullinia cupana (rej);0.634;0;sem match válido;Qwen3.5-4B
ID_0967035318418472;12;Catuaba;-epigallocatechin (rej);0.575;0;sem match válido;Qwen3.5-4B
ID_0967035318418472;13;flavan-3-ol;phenylpropanoid substituted (rej);0.482;0;sem match válido;Qwen3.5-4B
ID_0967035318418472;14;procianidina;procyanidin;0.938;3;match válido;Qwen3.5-4B
ID_0967035318418472;15;epicatequina;-epigallocatechin;0.797;3;match válido;Qwen3.5-4B
ID_0967035318418472;16;cinchonaina;-epigallocatechin (rej);0.719;0;sem match válido;Qwen3.5-4B
ID_0967035318418472;17;antidepressivo;estudo farmacognóstico (rej);0.585;0;sem match válido;Qwen3.5-4B
ID_0967035318418472;18;hipocampo;-epigallocatechin (rej);0.407;0;sem match válido;Qwen3.5-4B
ID_0967035318418472;19;neurogênese;cytotoxic activity (rej);0.445;0;sem match válido;Qwen3.5-4B
ID_0967035318418472;20;metabolismo hepático;antioxidant capacity (rej);0.475;0;sem match válido;Qwen3.5-4B
ID_7305428791149745;1;Bioquímica;protein (rej);0.534;0;sem match válido;Qwen3.5-4B
ID_7305428791149745;2;Cristalografia;crystallographic structures (rej);0.685;0;sem match válido;Qwen3.5-4B
ID_7305428791149745;3;Proteínas recombinantes;protein (rej);0.647;0;sem match válido;Qwen3.5-4B
ID_7305428791149745;4;Leishmaniose;solving macromolecular crystal (rej);0.306;0;sem match válido;Qwen3.5-4B
ID_7305428791149745;5;Pseudomonas putida;putida g7 involved (rej);0.337;0;sem match válido;Qwen3.5-4B
ID_7305428791149745;6;Pseudomonas;protein (rej);0.346;0;sem match válido;Qwen3.5-4B
ID_7305428791149745;7;E. coli;protein (rej);0.439;0;sem match válido;Qwen3.5-4B
ID_7305428791149745;8;Leishmania;stability (rej);0.281;0;sem match válido;Qwen3.5-4B
ID_7305428791149745;9;Leishmania braziliensis;single isomorphous replacement with anomalous scattering (rej);0.218;0;sem match válido;Qwen3.5-4B
ID_7305428791149745;10;Leishmania infantum;single isomorphous replacement with anomalous scattering (rej);0.268;0;sem match válido;Qwen3.5-4B
ID_7305428791149745;11;Imunodiagnóstico;preliminary x-ray analysis (rej);0.211;0;sem match válido;Qwen3.5-4B
ID_7305428791149745;12;Epítopos;three-dimensional structure (rej);0.348;0;sem match válido;Qwen3.5-4B
ID_7305428791149745;13;Vacinas;protein (rej);0.250;0;sem match válido;Qwen3.5-4B
ID_7305428791149745;14;Proteínas venenosas;protein (rej);0.621;0;sem match válido;Qwen3.5-4B
ID_7305428791149745;15;Veneno;putida g7 involved (rej);0.351;0;sem match válido;Qwen3.5-4B
ID_7305428791149745;16;Metaloproteinases;protein (rej);0.497;0;sem match válido;Qwen3.5-4B
ID_7305428791149745;17;Cisteína proteases;protein (rej);0.526;0;sem match válido;Qwen3.5-4B
ID_7305428791149745;18;Catalase;solving macromolecular crystal (rej);0.334;0;sem match válido;Qwen3.5-4B
ID_7305428791149745;19;NMR;solving macromolecular crystal (rej);0.409;0;sem match válido;Qwen3.5-4B
ID_7305428791149745;20;Modelagem molecular;solving macromolecular crystal (rej);0.558;0;sem match válido;Qwen3.5-4B
ID_7464190101117707;1;Clonagem;virus fusion (rej);0.353;0;sem match válido;Qwen3.5-4B
ID_7464190101117707;2;Dengue;dengue;0.997;3;match válido;Qwen3.5-4B
ID_7464190101117707;3;Vírus Dengue;dengue virus;0.994;3;match válido;Qwen3.5-4B
ID_7464190101117707;4;Proteína de Capsídeo;protein (rej);0.731;0;sem match válido;Qwen3.5-4B
ID_7464190101117707;5;Proteína NS1;protein–dna interaction (rej);0.540;0;sem match válido;Qwen3.5-4B
ID_7464190101117707;6;Proteína NS3;protein–dna interaction (rej);0.555;0;sem match válido;Qwen3.5-4B
ID_7464190101117707;7;Proteína Fusão;virus fusion peptide (rej);0.708;0;sem match válido;Qwen3.5-4B
ID_7464190101117707;8;RMN;nuclear magnetic resonance (rej);0.345;0;sem match válido;Qwen3.5-4B
ID_7464190101117707;9;Peptídeo;protein (rej);0.722;0;sem match válido;Qwen3.5-4B
ID_7464190101117707;10;;;;;;Qwen3.5-4B
ID_7464190101117707;11;;;;;;Qwen3.5-4B
ID_7464190101117707;12;;;;;;Qwen3.5-4B
ID_7464190101117707;13;;;;;;Qwen3.5-4B
ID_7464190101117707;14;;;;;;Qwen3.5-4B
ID_7464190101117707;15;;;;;;Qwen3.5-4B
ID_7464190101117707;16;;;;;;Qwen3.5-4B
ID_7464190101117707;17;;;;;;Qwen3.5-4B
ID_7464190101117707;18;;;;;;Qwen3.5-4B
ID_7464190101117707;19;;;;;;Qwen3.5-4B
ID_7464190101117707;20;;;;;;Qwen3.5-4B
ID_7881527576747420;1;microscopia eletrônica;scanning electron microscopy;0.811;3;match válido;Qwen3.5-4B
ID_7881527576747420;2;microscopia de varredura;scanning electron microscopy (rej);0.737;0;sem match válido;Qwen3.5-4B
ID_7881527576747420;3;microscopia de transmissão;transmission electron microscopy;0.805;3;match válido;Qwen3.5-4B
ID_7881527576747420;4;microscopia de luz;scanning electron microscopy (rej);0.720;0;sem match válido;Qwen3.5-4B
ID_7881527576747420;5;mucosa palatina;palatine mucosa;0.984;3;match válido;Qwen3.5-4B
ID_7881527576747420;6;mucosa lingual;tongue mucosa;0.871;2;match válido;Qwen3.5-4B
ID_7881527576747420;7;mucosa gengival;palatine mucosa (rej);0.848;0;sem match válido;Qwen3.5-4B
ID_7881527576747420;8;mucosa oral;tongue mucosa (rej);0.809;0;sem match válido;Qwen3.5-4B
ID_7881527576747420;9;ultraestrutura;ultrastructural characteristics;0.798;3;match válido;Qwen3.5-4B
ID_7881527576747420;10;histologia;hrsem (rej);0.481;0;sem match válido;Qwen3.5-4B
ID_7881527576747420;11;neurônios;terminações nervosas sensitivas (rej);0.679;0;sem match válido;Qwen3.5-4B
ID_7881527576747420;12;fibras nervosas;terminações nervosas sensitivas (rej);0.735;0;sem match válido;Qwen3.5-4B
ID_7881527576747420;13;terminações nervosas;terminações nervosas sensitivas;0.906;2;match válido;Qwen3.5-4B
ID_7881527576747420;14;mitocôndrias;capillary loops (rej);0.423;0;sem match válido;Qwen3.5-4B
ID_7881527576747420;15;mielinização;terminações nervosas sensitivas (rej);0.623;0;sem match válido;Qwen3.5-4B
ID_7881527576747420;16;astrocitos;epithelial cell (rej);0.438;0;sem match válido;Qwen3.5-4B
ID_7881527576747420;17;hipocampo;terminações nervosas sensitivas (rej);0.505;0;sem match válido;Qwen3.5-4B
ID_7881527576747420;18;memória espacial;spatial memory decline;0.793;3;match válido;Qwen3.5-4B
ID_7881527576747420;19;envelhecimento;hrsem (rej);0.358;0;sem match válido;Qwen3.5-4B
ID_7881527576747420;20;diabetes;vascular corrosion cast (rej);0.301;0;sem match válido;Qwen3.5-4B
ID_0353944603330456;1;Ensino de Astronomia;teaching of astronomy;0.965;3;match válido;Qwen3.5-4B
ID_0353944603330456;2;Ensino de Fisica;teaching of astronomy (rej);0.668;0;sem match válido;Qwen3.5-4B
ID_0353944603330456;3;Ensino Medio;ensino médio;0.800;2;match válido;Qwen3.5-4B
ID_0353944603330456;4;Concepcoes Previas;present analysis (rej);0.520;0;sem match válido;Qwen3.5-4B
ID_0353944603330456;5;Astronomia;concepções astronômicas apresentadas;0.845;2;match válido;Qwen3.5-4B
ID_0353944603330456;6;Educacao;ufscar sobre educação;0.875;2;match válido;Qwen3.5-4B
ID_0353944603330456;7;Formacao de professores;teacher education;0.931;3;match válido;Qwen3.5-4B
ID_0353944603330456;8;Tecnologias de Informacao e Comunicacao;tecnologias de informação;0.903;2;match válido;Qwen3.5-4B
ID_0353944603330456;9;Experimentacao no Ensino Medio;alunos do ensino;0.824;2;match válido;Qwen3.5-4B
ID_0353944603330456;10;Materiais interativos;tecnologias de informação (rej);0.499;0;sem match válido;Qwen3.5-4B
ID_0353944603330456;11;Planetario;planeta;0.911;3;match válido;Qwen3.5-4B
ID_0353944603330456;12;Divulgacao cientifica;analysis (rej);0.531;0;sem match válido;Qwen3.5-4B
ID_0353944603330456;13;Ensino de Matematica;alunos do ensino (rej);0.635;0;sem match válido;Qwen3.5-4B
ID_0353944603330456;14;Ambientes Virtuais de Aprendizagem;alunos do ensino (rej);0.444;0;sem match válido;Qwen3.5-4B
ID_0353944603330456;15;Educacao a Distancia;ufscar sobre educação (rej);0.687;0;sem match válido;Qwen3.5-4B
ID_0353944603330456;16;Cometas;events in comet;0.860;3;match válido;Qwen3.5-4B
ID_0353944603330456;17;Planetario digital movel;planeta (rej);0.702;0;sem match válido;Qwen3.5-4B
ID_0353944603330456;18;Educacao em Espacos Nao Formais;ufscar sobre educação (rej);0.808;0;sem match válido;Qwen3.5-4B
ID_0353944603330456;19;TIC;tecnologias de informação (rej);0.615;0;sem match válido;Qwen3.5-4B
ID_0353944603330456;20;Projeto Eratostenes;planeta (rej);0.512;0;sem match válido;Qwen3.5-4B
ID_0654596992211296;1;Aedes aegypti;raiva bovina (rej);0.369;0;sem match válido;Qwen3.5-4B
ID_0654596992211296;2;Dengue;brazilian amazonia (rej);0.321;0;sem match válido;Qwen3.5-4B
ID_0654596992211296;3;Controle de vetores;vector control;0.799;3;match válido;Qwen3.5-4B
ID_0654596992211296;4;Vigilancia epidemiologica;molecular epidemiology (rej);0.697;0;sem match válido;Qwen3.5-4B
ID_0654596992211296;5;Sensoriamento remoto;sensoriamento remoto;0.947;3;match válido;Qwen3.5-4B
ID_0654596992211296;6;Sistemas de Informacoes Geograficas;spatial data;0.775;3;match válido;Qwen3.5-4B
ID_0654596992211296;7;Modelagem urbana;urban land (rej);0.755;0;sem match válido;Qwen3.5-4B
ID_0654596992211296;8;Automatos celulares;tecnologia brasileira (rej);0.396;0;sem match válido;Qwen3.5-4B
ID_0654596992211296;9;Dinamicas de uso do solo;soil;0.772;1;match válido;Qwen3.5-4B
ID_0654596992211296;10;Banca de dados espaciais;spatial data infrastructure (rej);0.705;0;sem match válido;Qwen3.5-4B
ID_0654596992211296;11;Ecologia urbana;urban land;0.797;3;match válido;Qwen3.5-4B
ID_0654596992211296;12;Monitoramento populacional;demographic information (rej);0.668;0;sem match válido;Qwen3.5-4B
ID_0654596992211296;13;Biodiversidade;results in biodiversity;0.916;2;match válido;Qwen3.5-4B
ID_0654596992211296;14;Geoprocessamento;geospatial web services;0.785;3;match válido;Qwen3.5-4B
ID_0654596992211296;15;Planejamento urbano;urban land (rej);0.765;0;sem match válido;Qwen3.5-4B
ID_0654596992211296;16;Simulacao espaco-temporal;simulação estocástica;0.810;2;match válido;Qwen3.5-4B
ID_0654596992211296;17;Analise espacial;spatial analysis (rej);0.648;0;sem match válido;Qwen3.5-4B
ID_0654596992211296;18;Metapopulacoes;molecular epidemiology (rej);0.471;0;sem match válido;Qwen3.5-4B
ID_0654596992211296;19;Ecologia vetorial;results in biodiversity (rej);0.686;0;sem match válido;Qwen3.5-4B
ID_0654596992211296;20;Saude publica;uso e cobertura (rej);0.538;0;sem match válido;Qwen3.5-4B
ID_6499108085922209;1;Inteligencia Artificial;artificial intelligence;0.987;3;match válido;Qwen3.5-4B
ID_6499108085922209;2;Aprendizagem de Maquina;artificial intelligence (rej);0.675;0;sem match válido;Qwen3.5-4B
ID_6499108085922209;3;Reconhecimento de Padrões;systematic review (rej);0.524;0;sem match válido;Qwen3.5-4B
ID_6499108085922209;4;Visão Computacional;computer science (rej);0.603;0;sem match válido;Qwen3.5-4B
ID_6499108085922209;5;Diabetes Retinopatia;diagnosis (rej);0.381;0;sem match válido;Qwen3.5-4B
ID_6499108085922209;6;Diagnóstico Assistido;diagnosis;0.837;2;match válido;Qwen3.5-4B
ID_6499108085922209;7;Sistemas Especialistas;expert systems;0.839;1;match válido;Qwen3.5-4B
ID_6499108085922209;8;Process Mining;process mining;0.996;2;match válido;Qwen3.5-4B
ID_6499108085922209;9;Governo Eletrônico;computer science (rej);0.304;0;sem match válido;Qwen3.5-4B
ID_6499108085922209;10;Fraude Aduaneira;productivity and impact (rej);0.237;0;sem match válido;Qwen3.5-4B
ID_6499108085922209;11;Aduana Brasileira;scientists in brazil (rej);0.534;0;sem match válido;Qwen3.5-4B
ID_6499108085922209;12;Saúde Pública;health (rej);0.735;0;sem match válido;Qwen3.5-4B
ID_6499108085922209;13;Segurança da Informação;security requirements;0.767;2;match válido;Qwen3.5-4B
ID_6499108085922209;14;Registro Eletrônico Saúde;health care (rej);0.627;0;sem match válido;Qwen3.5-4B
ID_6499108085922209;15;Tesauro;scientists in brazil (rej);0.342;0;sem match válido;Qwen3.5-4B
ID_6499108085922209;16;Mineração de Textos;bibliometric measures (rej);0.466;0;sem match válido;Qwen3.5-4B
ID_6499108085922209;17;Sistemas Distribuídos;process-aware systems (rej);0.482;0;sem match válido;Qwen3.5-4B
ID_6499108085922209;18;CORBA;diagnosis (rej);0.341;0;sem match válido;Qwen3.5-4B
ID_6499108085922209;19;Workflow;workflow;0.997;3;match válido;Qwen3.5-4B
ID_6499108085922209;20;Agentes Multi;process aware (rej);0.347;0;sem match válido;Qwen3.5-4B
ID_5424781102486268;1;Proteômica;venomics (rej);0.456;0;sem match válido;Qwen3.5-4B
ID_5424781102486268;2;Soma embriogênese;yeast cell (rej);0.519;0;sem match válido;Qwen3.5-4B
ID_5424781102486268;3;Palmeira;brazilian scorpion opisthacanthus (rej);0.449;0;sem match válido;Qwen3.5-4B
ID_5424781102486268;4;Vírus;venomics (rej);0.437;0;sem match válido;Qwen3.5-4B
ID_5424781102486268;5;Interação planta-vírus;venomics (rej);0.475;0;sem match válido;Qwen3.5-4B
ID_5424781102486268;6;Proteínas;surfactant protein (rej);0.701;0;sem match válido;Qwen3.5-4B
ID_5424781102486268;7;Mass spectrometry;mass spectrometry;0.999;3;match válido;Qwen3.5-4B
ID_5424781102486268;8;Venomologia;venomics;0.846;3;match válido;Qwen3.5-4B
ID_5424781102486268;9;Micrurus;brazilian scorpion opisthacanthus (rej);0.459;0;sem match válido;Qwen3.5-4B
ID_5424781102486268;10;Antiveneno;antimicrobial peptides (rej);0.594;0;sem match válido;Qwen3.5-4B
ID_5424781102486268;11;Silk;vigna unguiculata (rej);0.394;0;sem match válido;Qwen3.5-4B
ID_5424781102486268;12;Soybean;sugar cane bagasse (rej);0.539;0;sem match válido;Qwen3.5-4B
ID_5424781102486268;13;Líquido magnético;magnetic fluid;0.889;3;match válido;Qwen3.5-4B
ID_5424781102486268;14;Nanopartículas;atomic force microscopy (rej);0.428;0;sem match válido;Qwen3.5-4B
ID_5424781102486268;15;Estresse oxidativo;toxin (rej);0.463;0;sem match válido;Qwen3.5-4B
ID_5424781102486268;16;Catálase;vigna unguiculata (rej);0.481;0;sem match válido;Qwen3.5-4B
ID_5424781102486268;17;TBA-RS;including (rej);0.362;0;sem match válido;Qwen3.5-4B
ID_5424781102486268;18;Citometria;venomics (rej);0.454;0;sem match válido;Qwen3.5-4B
ID_5424781102486268;19;Genotoxicidade;toxin (rej);0.556;0;sem match válido;Qwen3.5-4B
ID_5424781102486268;20;Micronúcleo;cell (rej);0.479;0;sem match válido;Qwen3.5-4B
ID_0277415539607307;1;fixacao biologica de nitrogenio;biological nitrogen fixation;0.967;3;match válido;Qwen3.5-4B
ID_0277415539607307;2;rizobio;brachiaria dictyoneura (rej);0.578;0;sem match válido;Qwen3.5-4B
ID_0277415539607307;3;feijao caupi;legume (rej);0.638;0;sem match válido;Qwen3.5-4B
ID_0277415539607307;4;cana de acar;pasture (rej);0.634;0;sem match válido;Qwen3.5-4B
ID_0277415539607307;5;capim elefante;herbaspirillum spp. (rej);0.301;0;sem match válido;Qwen3.5-4B
ID_0277415539607307;6;pastagem;15n (rej);0.598;0;sem match válido;Qwen3.5-4B
ID_0277415539607307;7;Brachiaria;brachiaria dictyoneura;0.886;2;match válido;Qwen3.5-4B
ID_0277415539607307;8;Vigna unguiculata;herbaspirillum spp. (rej);0.689;0;sem match válido;Qwen3.5-4B
ID_0277415539607307;9;sistema silvipastoril;desmodium ovalifolium (rej);0.542;0;sem match válido;Qwen3.5-4B
ID_0277415539607307;10;adubacao verde;green manures (rej);0.722;0;sem match válido;Qwen3.5-4B
ID_0277415539607307;11;emissoes de N2O;carbono e nitrogênio (rej);0.723;0;sem match válido;Qwen3.5-4B
ID_0277415539607307;12;Gases de Efeito Estufa;carbon sequestration (rej);0.658;0;sem match válido;Qwen3.5-4B
ID_0277415539607307;13;sequestro de carbono;carbon sequestration;0.860;3;match válido;Qwen3.5-4B
ID_0277415539607307;14;recuperacao de areas degradadas;trash conservation (rej);0.598;0;sem match válido;Qwen3.5-4B
ID_0277415539607307;15;leguminosas arboreas;legume;0.882;3;match válido;Qwen3.5-4B
ID_0277415539607307;16;bioenergia;soybean (rej);0.443;0;sem match válido;Qwen3.5-4B
ID_0277415539607307;17;nitrogenio;conteúdo de nitrogênio;0.939;1;match válido;Qwen3.5-4B
ID_0277415539607307;18;N2O;biological n2 fixation (rej);0.711;0;sem match válido;Qwen3.5-4B
ID_0277415539607307;19;fluxo de N;n balance (rej);0.630;0;sem match válido;Qwen3.5-4B
ID_0277415539607307;20;estirpes de rizobio;herbaspirillum spp. (rej);0.671;0;sem match válido;Qwen3.5-4B
ID_7090419604571199;1;tag1;cruzamento dialélico (rej);0.306;0;sem match válido;Qwen3.5-4B
ID_7090419604571199;2;tag2;cruzamento dialélico (rej);0.276;0;sem match válido;Qwen3.5-4B
ID_7090419604571199;3;;;;;;Qwen3.5-4B
ID_7090419604571199;4;;;;;;Qwen3.5-4B
ID_7090419604571199;5;;;;;;Qwen3.5-4B
ID_7090419604571199;6;;;;;;Qwen3.5-4B
ID_7090419604571199;7;;;;;;Qwen3.5-4B
ID_7090419604571199;8;;;;;;Qwen3.5-4B
ID_7090419604571199;9;;;;;;Qwen3.5-4B
ID_7090419604571199;10;;;;;;Qwen3.5-4B
ID_7090419604571199;11;;;;;;Qwen3.5-4B
ID_7090419604571199;12;;;;;;Qwen3.5-4B
ID_7090419604571199;13;;;;;;Qwen3.5-4B
ID_7090419604571199;14;;;;;;Qwen3.5-4B
ID_7090419604571199;15;;;;;;Qwen3.5-4B
ID_7090419604571199;16;;;;;;Qwen3.5-4B
ID_7090419604571199;17;;;;;;Qwen3.5-4B
ID_7090419604571199;18;;;;;;Qwen3.5-4B
ID_7090419604571199;19;;;;;;Qwen3.5-4B
ID_7090419604571199;20;;;;;;Qwen3.5-4B
ID_1050516524103988;1;eletroforese capilar;capillary electrophoresis;0.794;3;match válido;Qwen3.5-4B
ID_1050516524103988;2;microfabricacao;microfabrication;0.940;3;match válido;Qwen3.5-4B
ID_1050516524103988;3;microfluidica;microfluidic devices;0.830;3;match válido;Qwen3.5-4B
ID_1050516524103988;4;deteccao condutometrica sem contato;contactless conductivity detection (rej);0.705;0;sem match válido;Qwen3.5-4B
ID_1050516524103988;5;deteccao amperometrica;amperometric detection;0.836;3;match válido;Qwen3.5-4B
ID_1050516524103988;6;toner;toner;1.000;1;match válido;Qwen3.5-4B
ID_1050516524103988;7;microeletrodos;microchip electrophoresis;0.793;3;match válido;Qwen3.5-4B
ID_1050516524103988;8;analise de alimentos;microssistemas de análise (rej);0.384;0;sem match válido;Qwen3.5-4B
ID_1050516524103988;9;analise ambiental;instrumentation (rej);0.408;0;sem match válido;Qwen3.5-4B
ID_1050516524103988;10;acidos graxos;sodium cysteamine phosphate (rej);0.467;0;sem match válido;Qwen3.5-4B
ID_1050516524103988;11;acucar;toner (rej);0.557;0;sem match válido;Qwen3.5-4B
ID_1050516524103988;12;amonia;sodium cysteamine phosphate (rej);0.449;0;sem match válido;Qwen3.5-4B
ID_1050516524103988;13;formaldeido;toner (rej);0.480;0;sem match válido;Qwen3.5-4B
ID_1050516524103988;14;acido fosforico;sodium cysteamine phosphate (rej);0.639;0;sem match válido;Qwen3.5-4B
ID_1050516524103988;15;cromatografia micelar eletrocinetica;capillary electrophoresis (rej);0.683;0;sem match válido;Qwen3.5-4B
ID_1050516524103988;16;oscilometria;instrumentation (rej);0.511;0;sem match válido;Qwen3.5-4B
ID_1050516524103988;17;eletroosmose;polyester-toner electrophoresis;0.771;2;match válido;Qwen3.5-4B
ID_1050516524103988;18;injecao em fluxo;capillary (rej);0.435;0;sem match válido;Qwen3.5-4B
ID_1050516524103988;19;silicone;silicon;0.945;1;match válido;Qwen3.5-4B
ID_1050516524103988;20;vidro;toner (rej);0.438;0;sem match válido;Qwen3.5-4B
ID_2714004273523549;1;topological insulators;amorphous silicon (rej);0.498;0;sem match válido;Qwen3.5-4B
ID_2714004273523549;2;carbon nanotubes;electronic structure (rej);0.413;0;sem match válido;Qwen3.5-4B
ID_2714004273523549;3;graphene;electronic structure (rej);0.409;0;sem match válido;Qwen3.5-4B
ID_2714004273523549;4;ab initio calculations;ab initio calculation;0.993;3;match válido;Qwen3.5-4B
ID_2714004273523549;5;density functional theory;density functional theory;1.000;3;match válido;Qwen3.5-4B
ID_2714004273523549;6;spin transport;transport properties (rej);0.645;0;sem match válido;Qwen3.5-4B
ID_2714004273523549;7;magnetic impurities;magnetic properties;0.838;3;match válido;Qwen3.5-4B
ID_2714004273523549;8;nanoribbons;3d impurities (rej);0.504;0;sem match válido;Qwen3.5-4B
ID_2714004273523549;9;heterostructures; intercalation compounds (rej);0.559;0;sem match válido;Qwen3.5-4B
ID_2714004273523549;10;band structure;band gap (rej);0.725;0;sem match válido;Qwen3.5-4B
ID_2714004273523549;11;electronic properties;electronic properties;1.000;3;match válido;Qwen3.5-4B
ID_2714004273523549;12;defects;extended defects;0.808;3;match válido;Qwen3.5-4B
ID_2714004273523549;13;vacancies;ge vacancy (rej);0.691;0;sem match válido;Qwen3.5-4B
ID_2714004273523549;14;amorphous silicon;amorphous silicon;1.000;3;match válido;Qwen3.5-4B
ID_2714004273523549;15;silicon oxynitride;silicon (rej);0.727;0;sem match válido;Qwen3.5-4B
ID_2714004273523549;16;topological phases;phase transition (rej);0.651;0;sem match válido;Qwen3.5-4B
ID_2714004273523549;17;spin Hall effect;condensed matter: electrical, magnetic and optical  (rej);0.456;0;sem match válido;Qwen3.5-4B
ID_2714004273523549;18;time-reversal symmetry;first-principles calculations (rej);0.375;0;sem match válido;Qwen3.5-4B
ID_2714004273523549;19;magnetic anisotropy;magnetic properties (rej);0.796;0;sem match válido;Qwen3.5-4B
ID_2714004273523549;20;ferromagnetism;magnetic properties (rej);0.688;0;sem match válido;Qwen3.5-4B
ID_5832250655889116;1;Bone marrow mononuclear cells;bone marrow mononuclear;0.970;3;match válido;Qwen3.5-4B
ID_5832250655889116;2;Peripheral nerve regeneration;sciatic nerve transection;0.766;2;match válido;Qwen3.5-4B
ID_5832250655889116;3;Central nervous system regeneration;central nervous system;0.826;3;match válido;Qwen3.5-4B
ID_5832250655889116;4;Neuroprotection;brain-derived neurotrophic factor (rej);0.650;0;sem match válido;Qwen3.5-4B
ID_5832250655889116;5;Hypoxic-ischemic encephalopathy;neonatal hypoxic ischemic (rej);0.684;0;sem match válido;Qwen3.5-4B
ID_5832250655889116;6;Stroke;stroke;0.966;3;match válido;Qwen3.5-4B
ID_5832250655889116;7;Cell transplantation;stem cells (rej);0.733;0;sem match válido;Qwen3.5-4B
ID_5832250655889116;8;Neural stem cells;stem cells;0.843;3;match válido;Qwen3.5-4B
ID_5832250655889116;9;Radial glia;radial glia;0.988;2;match válido;Qwen3.5-4B
ID_5832250655889116;10;Schwann cells;labeled cells (rej);0.644;0;sem match válido;Qwen3.5-4B
ID_5832250655889116;11;Astrocytes;radial glia (rej);0.489;0;sem match válido;Qwen3.5-4B
ID_5832250655889116;12;Fibroblast growth factor-2;glial fibrillary acidic protein (rej);0.572;0;sem match válido;Qwen3.5-4B
ID_5832250655889116;13;Nerve growth factor;sciatic nerve (rej);0.623;0;sem match válido;Qwen3.5-4B
ID_5832250655889116;14;Microglia;labeled cells (rej);0.452;0;sem match válido;Qwen3.5-4B
ID_5832250655889116;15;Neurodegeneration;brain-derived neurotrophic factor (rej);0.653;0;sem match válido;Qwen3.5-4B
ID_5832250655889116;16;Biodistribution;regeneration (rej);0.415;0;sem match válido;Qwen3.5-4B
ID_5832250655889116;17;Radiopharmaceutical tracking;labeled cells (rej);0.337;0;sem match válido;Qwen3.5-4B
ID_5832250655889116;18;Neonatal brain injury;neonatal hypoxic ischemic (rej);0.652;0;sem match válido;Qwen3.5-4B
ID_5832250655889116;19;Optic nerve crush;sciatic nerve (rej);0.686;0;sem match válido;Qwen3.5-4B
ID_5832250655889116;20;Hippocampal ischemia;brain-derived neurotrophic factor (rej);0.540;0;sem match válido;Qwen3.5-4B
ID_7740917144757410;1;Dinâmica Orbital;orbit;0.898;3;match válido;Qwen3.5-4B
ID_7740917144757410;2;Satélites Artificiais;órbitas de satélites;0.897;3;match válido;Qwen3.5-4B
ID_7740917144757410;3;Resonância Orbital;orbital motion;0.821;3;match válido;Qwen3.5-4B
ID_7740917144757410;4;Geopotencial;geopotential coefficients;0.865;3;match válido;Qwen3.5-4B
ID_7740917144757410;5;Perturbações Orbitais;orbital perturbations;0.867;3;match válido;Qwen3.5-4B
ID_7740917144757410;6;Orbitas Congeladas;frozen orbits;0.958;3;match válido;Qwen3.5-4B
ID_7740917144757410;7;Problema dos Três Corpos;third-body perturbation (rej);0.724;0;sem match válido;Qwen3.5-4B
ID_7740917144757410;8;GPS;gps satellites;0.784;3;match válido;Qwen3.5-4B
ID_7740917144757410;9;Determinação de Órbita;orbit determination;0.907;3;match válido;Qwen3.5-4B
ID_7740917144757410;10;Filtro de Kalman;unscented kalman filter (rej);0.653;0;sem match válido;Qwen3.5-4B
ID_7740917144757410;11;Filtro de Partículas;unscented kalman filter (rej);0.692;0;sem match válido;Qwen3.5-4B
ID_7740917144757410;12;Arrasto Atmosférico;orbit (rej);0.596;0;sem match válido;Qwen3.5-4B
ID_7740917144757410;13;Detritos Espaciais;spacecraft (rej);0.694;0;sem match válido;Qwen3.5-4B
ID_7740917144757410;14;Órbitas LEO;orbit (rej);0.445;0;sem match válido;Qwen3.5-4B
ID_7740917144757410;15;Órbitas Sincronizadas;elliptic orbits;0.753;3;match válido;Qwen3.5-4B
ID_7740917144757410;16;Órbitas Lunares;sun-synchronous polar lunar;0.769;3;match válido;Qwen3.5-4B
ID_7740917144757410;17;Órbitas de Europa;elliptic orbits (rej);0.520;0;sem match válido;Qwen3.5-4B
ID_7740917144757410;18;Harmonicos Zonais;resonance (rej);0.604;0;sem match válido;Qwen3.5-4B
ID_7740917144757410;19;Harmonicos Tesserais;resonance (rej);0.593;0;sem match válido;Qwen3.5-4B
ID_7740917144757410;20;Achatamento Terrestre;environmental and earth science  (rej);0.644;0;sem match válido;Qwen3.5-4B
ID_5898801580033554;1;Complexidade Parametrizada;complexity;0.879;3;match válido;Qwen3.5-4B
ID_5898801580033554;2;Teoria dos Grafos;problemas em grafos;0.802;3;match válido;Qwen3.5-4B
ID_5898801580033554;3;Grafos E Ou;graph;0.859;3;match válido;Qwen3.5-4B
ID_5898801580033554;4;Grafos X-de-Y;graph (rej);0.810;0;sem match válido;Qwen3.5-4B
ID_5898801580033554;5;Algoritmos Distribuídos;polynomial time algorithm (rej);0.487;0;sem match válido;Qwen3.5-4B
ID_5898801580033554;6;Redes de Sensores;wireless sensor;0.835;2;match válido;Qwen3.5-4B
ID_5898801580033554;7;Escalonamento de Tarefas;project scheduling (rej);0.553;0;sem match válido;Qwen3.5-4B
ID_5898801580033554;8;Programação Linear Inteira;polynomial time algorithm (rej);0.540;0;sem match válido;Qwen3.5-4B
ID_5898801580033554;9;Otimização Combinatória;combinatorial problems (rej);0.601;0;sem match válido;Qwen3.5-4B
ID_5898801580033554;10;Redes de Conexão;intersection graph (rej);0.492;0;sem match válido;Qwen3.5-4B
ID_5898801580033554;11;Redes Sem Fio;wireless sensor (rej);0.436;0;sem match válido;Qwen3.5-4B
ID_5898801580033554;12;Gestão de Recursos;project management (rej);0.610;0;sem match válido;Qwen3.5-4B
ID_5898801580033554;13;Análise de Risco;project management (rej);0.324;0;sem match válido;Qwen3.5-4B
ID_5898801580033554;14;Engenharia de Software;project management (rej);0.452;0;sem match válido;Qwen3.5-4B
ID_5898801580033554;15;Teste de Software;project management (rej);0.281;0;sem match válido;Qwen3.5-4B
ID_5898801580033554;16;Produtos de Linha;clique-helly graphs (rej);0.462;0;sem match válido;Qwen3.5-4B
ID_5898801580033554;17;Seletividade de Variáveis;independent sets (rej);0.391;0;sem match válido;Qwen3.5-4B
ID_5898801580033554;18;Grafos P4-laden;graph (rej);0.547;0;sem match válido;Qwen3.5-4B
ID_5898801580033554;19;Decomodular Modular;cycle transversals (rej);0.396;0;sem match válido;Qwen3.5-4B
ID_5898801580033554;20;Problemas de Edição;problemas em grafos (rej);0.563;0;sem match válido;Qwen3.5-4B
ID_3569531507114017;1;Epitaxia de Feixe Molecular;morphology of inas (rej);0.465;0;sem match válido;Qwen3.5-4B
ID_3569531507114017;2;Filmes Finos;afm (rej);0.397;0;sem match válido;Qwen3.5-4B
ID_3569531507114017;3;Semicondutores III-V;indium arsenide (rej);0.368;0;sem match válido;Qwen3.5-4B
ID_3569531507114017;4;Pontos Quânticos;synchrotron radiation (rej);0.543;0;sem match válido;Qwen3.5-4B
ID_3569531507114017;5;Ilhamentos Auto-organizados;self-assembly (rej);0.719;0;sem match válido;Qwen3.5-4B
ID_3569531507114017;6;Difracao de Raios-X;sxs measurements (rej);0.632;0;sem match válido;Qwen3.5-4B
ID_3569531507114017;7;Espectroscopia Fotoeletronica;performed magneto-photoluminescence experiments (rej);0.647;0;sem match válido;Qwen3.5-4B
ID_3569531507114017;8;Espectroscopia Mossbauer;optical properties (rej);0.473;0;sem match válido;Qwen3.5-4B
ID_3569531507114017;9;Microscopia de Forca Atomica;performed magneto-photoluminescence experiments (rej);0.523;0;sem match válido;Qwen3.5-4B
ID_3569531507114017;10;Microscopia Eletronica de Transmissao;optical properties (rej);0.523;0;sem match válido;Qwen3.5-4B
ID_3569531507114017;11;Defeitos Profundos;inas/te/gaas (rej);0.400;0;sem match válido;Qwen3.5-4B
ID_3569531507114017;12;Conducao por Hopping;variable range hopping (rej);0.549;0;sem match válido;Qwen3.5-4B
ID_3569531507114017;13;Oscilacoes de Baixa Frequencia;low frequency oscillations;0.818;2;match válido;Qwen3.5-4B
ID_3569531507114017;14;Condutividade Diferencial Negativa;threshold electric field (rej);0.391;0;sem match válido;Qwen3.5-4B
ID_3569531507114017;15;Caos;afm (rej);0.424;0;sem match válido;Qwen3.5-4B
ID_3569531507114017;16;Bifurcacao;bifurcation diagrams (rej);0.703;0;sem match válido;Qwen3.5-4B
ID_3569531507114017;17;Teorias de Transporte;electric transport properties (rej);0.670;0;sem match válido;Qwen3.5-4B
ID_3569531507114017;18;Fase Solida;surface (rej);0.596;0;sem match válido;Qwen3.5-4B
ID_3569531507114017;19;Deposicao Reativa;surfactant (rej);0.488;0;sem match válido;Qwen3.5-4B
ID_3569531507114017;20;Surfactante;surfactant;0.987;3;match válido;Qwen3.5-4B
ID_5187181156228197;1;Ribeira Belt;ribeira belt;0.894;3;match válido;Qwen3.5-4B
ID_5187181156228197;2;Faixa Ribeira;southern brasília (rej);0.724;0;sem match válido;Qwen3.5-4B
ID_5187181156228197;3;Brasilia Belt;brazil (rej);0.755;0;sem match válido;Qwen3.5-4B
ID_5187181156228197;4;Faixa Brasilia;southern brasilia;0.834;3;match válido;Qwen3.5-4B
ID_5187181156228197;5;Gondwana;west gondwana;0.880;3;match válido;Qwen3.5-4B
ID_5187181156228197;6;Western Gondwana;western gondwana;0.968;3;match válido;Qwen3.5-4B
ID_5187181156228197;7;Neoproterozoic;neoproterozoic;0.993;3;match válido;Qwen3.5-4B
ID_5187181156228197;8;Brasiliano;brazil;0.931;3;match válido;Qwen3.5-4B
ID_5187181156228197;9;Magmatic Arc;magmatic arc;0.988;2;match válido;Qwen3.5-4B
ID_5187181156228197;10;Magmatismo;magmatic arc (rej);0.870;0;sem match válido;Qwen3.5-4B
ID_5187181156228197;11;Tectonica;tectônica;0.961;3;match válido;Qwen3.5-4B
ID_5187181156228197;12;Orogenese;orogênese brasiliana (rej);0.573;0;sem match válido;Qwen3.5-4B
ID_5187181156228197;13;Orogeno;orogênese brasiliana (rej);0.664;0;sem match válido;Qwen3.5-4B
ID_5187181156228197;14;Geocronologia;u-pb la-mc-icpms geochronology;0.757;3;match válido;Qwen3.5-4B
ID_5187181156228197;15;Geochronology;geochronology;0.997;3;match válido;Qwen3.5-4B
ID_5187181156228197;16;U-Pb;sm-nd e u-pb;0.788;3;match válido;Qwen3.5-4B
ID_5187181156228197;17;Ar-Ar;sm-nd e u-pb (rej);0.456;0;sem match válido;Qwen3.5-4B
ID_5187181156228197;18;Dikes;serrinha (rej);0.640;0;sem match válido;Qwen3.5-4B
ID_5187181156228197;19;Dyke Swarms;ribeira mobile (rej);0.425;0;sem match válido;Qwen3.5-4B
ID_5187181156228197;20;Rift;oblique subduction (rej);0.536;0;sem match válido;Qwen3.5-4B
ID_7430030311775522;1;redes sociais;redes sociais;1.000;3;match válido;Qwen3.5-4B
ID_7430030311775522;2;pobreza;urban poverty;0.848;3;match válido;Qwen3.5-4B
ID_7430030311775522;3;segregacao;social structure (rej);0.506;0;sem match válido;Qwen3.5-4B
ID_7430030311775522;4;Sao Paulo;rio de janeiro (rej);0.352;0;sem match válido;Qwen3.5-4B
ID_7430030311775522;5;desigualdades sociais;social structure (rej);0.611;0;sem match válido;Qwen3.5-4B
ID_7430030311775522;6;politicas publicas;public policy;0.965;3;match válido;Qwen3.5-4B
ID_7430030311775522;7;espaco urbano;urbanization;0.856;1;match válido;Qwen3.5-4B
ID_7430030311775522;8;metropole;urbanization (rej);0.710;0;sem match válido;Qwen3.5-4B
ID_7430030311775522;9;infraestrutura urbana;urban infrastructure;0.995;2;match válido;Qwen3.5-4B
ID_7430030311775522;10;Estado;state;0.866;3;match válido;Qwen3.5-4B
ID_7430030311775522;11;periferia;municipality (rej);0.510;0;sem match válido;Qwen3.5-4B
ID_7430030311775522;12;favelas;urban poverty (rej);0.478;0;sem match válido;Qwen3.5-4B
ID_7430030311775522;13;mobilidade;urbanization (rej);0.543;0;sem match válido;Qwen3.5-4B
ID_7430030311775522;14;ativismo;political contexts (rej);0.541;0;sem match válido;Qwen3.5-4B
ID_7430030311775522;15;estruturas sociais;social structure;0.977;3;match válido;Qwen3.5-4B
ID_7430030311775522;16;estratificacao social;social structure (rej);0.826;0;sem match válido;Qwen3.5-4B
ID_7430030311775522;17;socio-ocupacionais;social structure (rej);0.677;0;sem match válido;Qwen3.5-4B
ID_7430030311775522;18;analise de redes sociais;social network analysis;0.914;3;match válido;Qwen3.5-4B
ID_7430030311775522;19;apoio social;social vulnerability (rej);0.604;0;sem match válido;Qwen3.5-4B
ID_7430030311775522;20;redes egocentradas;personal networks (rej);0.744;0;sem match válido;Qwen3.5-4B
ID_0422858064703713;1;Huanglongbing;spodoptera (rej);0.363;0;sem match válido;Qwen3.5-4B
ID_0422858064703713;2;Diaphorina citri;azadirachta indica (rej);0.541;0;sem match válido;Qwen3.5-4B
ID_0422858064703713;3;Citrus sinensis;extractos de meliáceas (rej);0.688;0;sem match válido;Qwen3.5-4B
ID_0422858064703713;4;Poncirus trifoliata;trichilia pallida (rej);0.772;0;sem match válido;Qwen3.5-4B
ID_0422858064703713;5;Dinarmus basalis;azadirachta indica (rej);0.697;0;sem match válido;Qwen3.5-4B
ID_0422858064703713;6;Callosobruchus analis;spodoptera (rej);0.613;0;sem match válido;Qwen3.5-4B
ID_0422858064703713;7;Bemisia tabaci;extractos de meliáceas (rej);0.595;0;sem match válido;Qwen3.5-4B
ID_0422858064703713;8;Brassinosteroids;trichilia pallida (rej);0.409;0;sem match válido;Qwen3.5-4B
ID_0422858064703713;9;Jasmonates;azadirachta indica (rej);0.550;0;sem match válido;Qwen3.5-4B
ID_0422858064703713;10;Spodoptera frugiperda;spodoptera;0.782;3;match válido;Qwen3.5-4B
ID_0422858064703713;11;Tuta absoluta;spodoptera (rej);0.460;0;sem match válido;Qwen3.5-4B
ID_0422858064703713;12;Chlosyne lacinia;trichilia pallida (rej);0.600;0;sem match válido;Qwen3.5-4B
ID_0422858064703713;13;Phaseolus vulgaris;phaseolus vulgaris;0.982;2;match válido;Qwen3.5-4B
ID_0422858064703713;14;Doru luteipes;spodoptera (rej);0.741;0;sem match válido;Qwen3.5-4B
ID_0422858064703713;15;Schizaphis graminum;spodoptera (rej);0.637;0;sem match válido;Qwen3.5-4B
ID_0422858064703713;16;Trichilia pallida;trichilia pallida;0.996;3;match válido;Qwen3.5-4B
ID_0422858064703713;17;Azadirachta indica;azadirachta indica;0.924;3;match válido;Qwen3.5-4B
ID_0422858064703713;18;Nanoparticulas;aspectos biológicos (rej);0.286;0;sem match válido;Qwen3.5-4B
ID_0422858064703713;19;Annona mucosa;azadirachta indica (rej);0.532;0;sem match válido;Qwen3.5-4B
ID_0422858064703713;20;Annona montana;spodoptera (rej);0.588;0;sem match válido;Qwen3.5-4B
ID_1234565160573730;1;N-Acetylcysteine;xanthyletin (rej);0.562;0;sem match válido;Qwen3.5-4B
ID_1234565160573730;2;Xylella fastidiosa;zabrotes subfasciatus (rej);0.727;0;sem match válido;Qwen3.5-4B
ID_1234565160573730;3;Citrus Variegated Chlorosis;ricinus communis (rej);0.585;0;sem match válido;Qwen3.5-4B
ID_1234565160573730;4;biofilm;vitro (rej);0.606;0;sem match válido;Qwen3.5-4B
ID_1234565160573730;5;plant pathogenic bacteria;trypanosomabrucei rhodesienses (rej);0.535;0;sem match válido;Qwen3.5-4B
ID_1234565160573730;6;Cipadessa fruticosa;ricinus communis (rej);0.676;0;sem match válido;Qwen3.5-4B
ID_1234565160573730;7;Atta sexdens rubropilosa;azadirachta indica (rej);0.623;0;sem match válido;Qwen3.5-4B
ID_1234565160573730;8;symbiotic fungus;ricinus communis (rej);0.619;0;sem match válido;Qwen3.5-4B
ID_1234565160573730;9;Azadirachta indica;azadirachta indica;0.924;3;match válido;Qwen3.5-4B
ID_1234565160573730;10;neem;tuta absoluta (rej);0.665;0;sem match válido;Qwen3.5-4B
ID_1234565160573730;11;botanical insecticides;plant insecticides;0.980;3;match válido;Qwen3.5-4B
ID_1234565160573730;12;Zabrotes subfasciatus;zabrotes subfasciatus;0.986;1;match válido;Qwen3.5-4B
ID_1234565160573730;13;Diabrotica speciosa;zabrotes subfasciatus (rej);0.619;0;sem match válido;Qwen3.5-4B
ID_1234565160573730;14;Plutella xylostella;zabrotes subfasciatus (rej);0.666;0;sem match válido;Qwen3.5-4B
ID_1234565160573730;15;Tuta absoluta;tuta absoluta;0.813;1;match válido;Qwen3.5-4B
ID_1234565160573730;16;nanoparticles;nanopartículas;0.976;3;match válido;Qwen3.5-4B
ID_1234565160573730;17;polymeric nanoparticles;nanopartículas (rej);0.905;0;sem match válido;Qwen3.5-4B
ID_1234565160573730;18;biodegradable nanoparticles;nanopartículas (rej);0.843;0;sem match válido;Qwen3.5-4B
ID_1234565160573730;19;nanoformulations;nanopartículas (rej);0.914;0;sem match válido;Qwen3.5-4B
ID_1234565160573730;20;Azadirachtin;azadirachta indica (rej);0.704;0;sem match válido;Qwen3.5-4B
ID_4804205224697296;1;Cancro Citrico;phyllosticta citricarpa (rej);0.428;0;sem match válido;Qwen3.5-4B
ID_4804205224697296;2;Huanglongbing;huanglongbing;0.972;3;match válido;Qwen3.5-4B
ID_4804205224697296;3;Citrus;citrus;0.940;3;match válido;Qwen3.5-4B
ID_4804205224697296;4;Doencas Quarentenarias;disease;0.773;3;match válido;Qwen3.5-4B
ID_4804205224697296;5;Fito-sanidade;disease management (rej);0.633;0;sem match válido;Qwen3.5-4B
ID_4804205224697296;6;Epidemiologia;epidemiology;0.989;3;match válido;Qwen3.5-4B
ID_4804205224697296;7;Modelagem Espacial;spatial statistics (rej);0.574;0;sem match válido;Qwen3.5-4B
ID_4804205224697296;8;Analis Economica;temporal analysis (rej);0.412;0;sem match válido;Qwen3.5-4B
ID_4804205224697296;9;Manejo Integrado;transpiration (rej);0.428;0;sem match válido;Qwen3.5-4B
ID_4804205224697296;10;Diaphorina Citri;phyllosticta citricarpa (rej);0.715;0;sem match válido;Qwen3.5-4B
ID_4804205224697296;11;Candidatus Liberibacter;‘candidatus liberibacter americanus’ (rej);0.713;0;sem match válido;Qwen3.5-4B
ID_4804205224697296;12;Citrus Sudden Death;citrus sudden death;0.966;3;match válido;Qwen3.5-4B
ID_4804205224697296;13;Guignardia Citricarpa;phyllosticta citricarpa;0.767;3;match válido;Qwen3.5-4B
ID_4804205224697296;14;Patometria;mancha preta (rej);0.440;0;sem match válido;Qwen3.5-4B
ID_4804205224697296;15;Escala Diagramatica;escala diagramática;0.800;3;match válido;Qwen3.5-4B
ID_4804205224697296;16;Diagnostico Molecular;disease (rej);0.390;0;sem match válido;Qwen3.5-4B
ID_4804205224697296;17;PCR;pulverização em citros (rej);0.305;0;sem match válido;Qwen3.5-4B
ID_4804205224697296;18;Inoculo;mancha preta (rej);0.570;0;sem match válido;Qwen3.5-4B
ID_4804205224697296;19;Erradicacao;pulverização em citros (rej);0.487;0;sem match válido;Qwen3.5-4B
ID_4804205224697296;20;Prevencao;temporal analysis (rej);0.459;0;sem match válido;Qwen3.5-4B
ID_0932673194762377;1;Biodiversidade;species;0.769;2;match válido;Qwen3.5-4B
ID_0932673194762377;2;Bentos;desmid (rej);0.609;0;sem match válido;Qwen3.5-4B
ID_0932673194762377;3;Bioindicadores;sampling (rej);0.406;0;sem match válido;Qwen3.5-4B
ID_0932673194762377;4;Qualidade da agua;water quality;0.971;3;match válido;Qwen3.5-4B
ID_0932673194762377;5;Ecologia de rios;river ecology;0.987;3;match válido;Qwen3.5-4B
ID_0932673194762377;6;Ecologia de lagos;river ecology (rej);0.800;0;sem match válido;Qwen3.5-4B
ID_0932673194762377;7;Macroinvertebrados bentonicos;benthic macroinvertebrates;0.817;3;match válido;Qwen3.5-4B
ID_0932673194762377;8;Chironomidae;chironomus;0.827;2;match válido;Qwen3.5-4B
ID_0932673194762377;9;Eucalyptus;ecological sites (rej);0.437;0;sem match válido;Qwen3.5-4B
ID_0932673194762377;10;Impacto ambiental;ecological sites (rej);0.504;0;sem match válido;Qwen3.5-4B
ID_0932673194762377;11;Bacia hidrografica;reservoir (rej);0.746;0;sem match válido;Qwen3.5-4B
ID_0932673194762377;12;Manejo de recursos hidricos;reservoir (rej);0.704;0;sem match válido;Qwen3.5-4B
ID_0932673194762377;13;Microorganismos aquaticos;phytoplankton assemblages (rej);0.607;0;sem match válido;Qwen3.5-4B
ID_0932673194762377;14;Leveduras;lakes dom helvécio (rej);0.553;0;sem match válido;Qwen3.5-4B
ID_0932673194762377;15;Resistencia antimicrobiana;cyanobacterium population (rej);0.430;0;sem match válido;Qwen3.5-4B
ID_0932673194762377;16;Genetica molecular;species (rej);0.402;0;sem match válido;Qwen3.5-4B
ID_0932673194762377;17;Ecologia tropical;tropical lakes (rej);0.668;0;sem match válido;Qwen3.5-4B
ID_0932673194762377;18;Conservacao ambiental;ecological sites (rej);0.726;0;sem match válido;Qwen3.5-4B
ID_0932673194762377;19;Ecossistema de rios;features of rivers;0.804;2;match válido;Qwen3.5-4B
ID_0932673194762377;20;Ecossistema de lagos;tropical lakes;0.804;3;match válido;Qwen3.5-4B
ID_1836274062343953;1;Aerodinamica computacional;unsteady turbulent premixed (rej);0.508;0;sem match válido;Qwen3.5-4B
ID_1836274062343953;2;CFD;dependent variable (rej);0.310;0;sem match válido;Qwen3.5-4B
ID_1836274062343953;3;Combustao;quenched flame;0.818;3;match válido;Qwen3.5-4B
ID_1836274062343953;4;Combustao e Turbulencia;turbulent premixed flame;0.847;3;match válido;Qwen3.5-4B
ID_1836274062343953;5;Combustao Turbulenta;unsteady turbulent combustion;0.887;3;match válido;Qwen3.5-4B
ID_1836274062343953;6;Escoamentos com combustao;quenched flame (rej);0.795;0;sem match válido;Qwen3.5-4B
ID_1836274062343953;7;Escoamentos estacionarios;hybrid grids (rej);0.370;0;sem match válido;Qwen3.5-4B
ID_1836274062343953;8;Escoamentos nao estacionarios;flamelet approach (rej);0.369;0;sem match válido;Qwen3.5-4B
ID_1836274062343953;9;Escoamentos compressivel;artificial compressibility formulation (rej);0.666;0;sem match válido;Qwen3.5-4B
ID_1836274062343953;10;Escoamentos incompressivel;artificial compressibility formulation (rej);0.511;0;sem match válido;Qwen3.5-4B
ID_1836274062343953;11;Escoamentos laminar;flamelet approach (rej);0.563;0;sem match válido;Qwen3.5-4B
ID_1836274062343953;12;Escoamentos viscosos;flows with heat (rej);0.517;0;sem match válido;Qwen3.5-4B
ID_1836274062343953;13;Esquema all-speed;unsteady turbulent premixed (rej);0.447;0;sem match válido;Qwen3.5-4B
ID_1836274062343953;14;Finite volume;finite volume technique;0.872;3;match válido;Qwen3.5-4B
ID_1836274062343953;15;Finite volume method;finite volume method;0.950;3;match válido;Qwen3.5-4B
ID_1836274062343953;16;Large Eddy Simulation;combustion modelling (rej);0.459;0;sem match válido;Qwen3.5-4B
ID_1836274062343953;17;Malhas nao estruturadas;unstructured hybrid finite (rej);0.567;0;sem match válido;Qwen3.5-4B
ID_1836274062343953;18;Malhas triangulares;overlapped cell-vertex finite (rej);0.448;0;sem match válido;Qwen3.5-4B
ID_1836274062343953;19;Modelagem Numerica;governing equations (rej);0.590;0;sem match válido;Qwen3.5-4B
ID_1836274062343953;20;Motores aeroespaciais;combustion modelling (rej);0.591;0;sem match válido;Qwen3.5-4B
ID_4120322936662925;1;tag1;adhesion (rej);0.389;0;sem match válido;Qwen3.5-4B
ID_4120322936662925;2;tag2;adhesion (rej);0.393;0;sem match válido;Qwen3.5-4B
ID_4120322936662925;3;"mantenha o IDIOMA das publicações nas tags — se as publicações estão em português, as tags devem estar em português; se estão em inglês, em inglês.";paracoccidioides brasiliensis (rej);0.284;0;sem match válido;Qwen3.5-4B
ID_4120322936662925;4;language of the publications;hemileia vastatrix (rej);0.268;0;sem match válido;Qwen3.5-4B
ID_4120322936662925;5;Fungos: amigos ou inimigos?;rust fungi (rej);0.671;0;sem match válido;Qwen3.5-4B
ID_4120322936662925;6;Influencia de duas leveduras...;hemileia vastatrix (rej);0.490;0;sem match válido;Qwen3.5-4B
ID_4120322936662925;7;Synthesis;yeast (rej);0.406;0;sem match válido;Qwen3.5-4B
ID_4120322936662925;8;Secretion of Streptomyces...;germlings of uromyces (rej);0.479;0;sem match válido;Qwen3.5-4B
ID_4120322936662925;9;Experimental infection...;paracoccidioidomycosis (rej);0.472;0;sem match válido;Qwen3.5-4B
ID_4120322936662925;10;mantenha o IDIOMA das publicações nas tags;adhesion (rej);0.307;0;sem match válido;Qwen3.5-4B
ID_4120322936662925;11;Influencia de duas leveduras predadoras...;hemileia vastatrix (rej);0.414;0;sem match válido;Qwen3.5-4B
ID_4120322936662925;12;Producao de proteinase extracelulares...;tendae antifungal protein (rej);0.591;0;sem match válido;Qwen3.5-4B
ID_4120322936662925;13;Diversidade de levduras...;hemileia vastatrix (rej);0.475;0;sem match válido;Qwen3.5-4B
ID_4120322936662925;14;Fenomeno Killer...;hemileia vastatrix (rej);0.283;0;sem match válido;Qwen3.5-4B
ID_4120322936662925;15;Utilization of yeasts...;yeast;0.835;2;match válido;Qwen3.5-4B
ID_4120322936662925;16;Isolamento;hemileia vastatrix (rej);0.396;0;sem match válido;Qwen3.5-4B
ID_4120322936662925;17;Predacious yeast...;yeast (rej);0.828;0;sem match válido;Qwen3.5-4B
ID_4120322936662925;18;Producao de proteinase...;tendae antifungal protein (rej);0.606;0;sem match válido;Qwen3.5-4B
ID_4120322936662925;19;Fenomeno killer...;hemileia vastatrix (rej);0.269;0;sem match válido;Qwen3.5-4B
ID_4120322936662925;20;The influence of carbohydrates...;tendae antifungal protein (rej);0.278;0;sem match válido;Qwen3.5-4B
ID_7249500407405478;1;Nanocompositos;nanocompósitos;0.958;3;match válido;Qwen3.5-4B
ID_7249500407405478;2;Argilas Organofilicas;argilas organofílicas;0.850;3;match válido;Qwen3.5-4B
ID_7249500407405478;3;Polietileno;polyethylene;0.900;2;match válido;Qwen3.5-4B
ID_7249500407405478;4;Poliamida 6;polietileno e poliamida-6;0.919;2;match válido;Qwen3.5-4B
ID_7249500407405478;5;Argila Bentonita;styrene-butadiene (rej);0.446;0;sem match válido;Qwen3.5-4B
ID_7249500407405478;6;Compatibilizantes;reactive compatibilization;0.789;3;match válido;Qwen3.5-4B
ID_7249500407405478;7;Propriedades Mecanicas;propriedades mecânicas;0.907;3;match válido;Qwen3.5-4B
ID_7249500407405478;8;Propriedades Termicas;thermal stability (rej);0.667;0;sem match válido;Qwen3.5-4B
ID_7249500407405478;9;Inflamabilidade;flammability (rej);0.480;0;sem match válido;Qwen3.5-4B
ID_7249500407405478;10;Estrutura Morfolgica;morphology (rej);0.718;0;sem match válido;Qwen3.5-4B
ID_7249500407405478;11;Exfoliacao;reactive extrusion (rej);0.662;0;sem match válido;Qwen3.5-4B
ID_7249500407405478;12;Intercalacao;melt intercalation (rej);0.680;0;sem match válido;Qwen3.5-4B
ID_7249500407405478;13;Processamento por Fusao;san (rej);0.334;0;sem match válido;Qwen3.5-4B
ID_7249500407405478;14;Tensao Interfacial;interfacial tension;0.810;3;match válido;Qwen3.5-4B
ID_7249500407405478;15;Blendas Polimericas;polymer blends;0.923;3;match válido;Qwen3.5-4B
ID_7249500407405478;16;Polibutileno Tereftalato;polietileno e poliamida-6 (rej);0.713;0;sem match válido;Qwen3.5-4B
ID_7249500407405478;17;PBT SAN;san (rej);0.679;0;sem match válido;Qwen3.5-4B
ID_7249500407405478;18;Reciclagem de Polimeros;polymer (rej);0.828;0;sem match válido;Qwen3.5-4B
ID_7249500407405478;19;Reologia de Polimeros;polymer;0.896;3;match válido;Qwen3.5-4B
ID_7249500407405478;20;Microscopia Eletronica;transmission electron microscopy (rej);0.709;0;sem match válido;Qwen3.5-4B
ID_9542837933586912;1;semicondutores;semicondutor;0.986;2;match válido;Qwen3.5-4B
ID_9542837933586912;2;nanoparticulas;semicondutor (rej);0.430;0;sem match válido;Qwen3.5-4B
ID_9542837933586912;3;aerogel;lattice dynamics (rej);0.368;0;sem match válido;Qwen3.5-4B
ID_9542837933586912;4;filmes finos;directed photoluminescent emission (rej);0.309;0;sem match válido;Qwen3.5-4B
ID_9542837933586912;5;microondas;semicondutor (rej);0.455;0;sem match válido;Qwen3.5-4B
ID_9542837933586912;6;ceramica;obtaining silica (rej);0.454;0;sem match válido;Qwen3.5-4B
ID_9542837933586912;7;piezoeletrico;lattice dynamics (rej);0.408;0;sem match válido;Qwen3.5-4B
ID_9542837933586912;8;spintronica;lattice dynamics (rej);0.466;0;sem match válido;Qwen3.5-4B
ID_9542837933586912;9;quantum point contact;quantum point contact;1.000;2;match válido;Qwen3.5-4B
ID_9542837933586912;10;scanning gate microscopy;scanning gate microscopy;1.000;3;match válido;Qwen3.5-4B
ID_9542837933586912;11;transporte quântico;quantum transport;0.940;3;match válido;Qwen3.5-4B
ID_9542837933586912;12;interferencia quântica;quantum interference patterns;0.909;3;match válido;Qwen3.5-4B
ID_9542837933586912;13;ZnO;disorder (rej);0.389;0;sem match válido;Qwen3.5-4B
ID_9542837933586912;14;CdTe;semicondutor (rej);0.344;0;sem match válido;Qwen3.5-4B
ID_9542837933586912;15;ZnS;disorder (rej);0.418;0;sem match válido;Qwen3.5-4B
ID_9542837933586912;16;SnOx;powder x-ray (rej);0.368;0;sem match válido;Qwen3.5-4B
ID_9542837933586912;17;TiO2;powder x-ray (rej);0.326;0;sem match válido;Qwen3.5-4B
ID_9542837933586912;18;PVA;disorder (rej);0.362;0;sem match válido;Qwen3.5-4B
ID_9542837933586912;19;silica;obtaining silica;0.836;1;match válido;Qwen3.5-4B
ID_9542837933586912;20;celulas solares;semicondutor (rej);0.444;0;sem match válido;Qwen3.5-4B
ID_5065411466998527;1;Leishmania amazonensis;leishmania amazonensis;0.994;3;match válido;Qwen3.5-4B
ID_5065411466998527;2;Leishmania guyanensis;leishmania amazonensis promastigotes;0.817;3;match válido;Qwen3.5-4B
ID_5065411466998527;3;Leishmania chagasi;leishmaniasis (rej);0.713;0;sem match válido;Qwen3.5-4B
ID_5065411466998527;4;Leishmaniose;leishmaniasis;0.816;3;match válido;Qwen3.5-4B
ID_5065411466998527;5;Annona mucosa;leishmaniasis (rej);0.610;0;sem match válido;Qwen3.5-4B
ID_5065411466998527;6;Piper tuberculatum;piper tuberculatum;0.879;2;match válido;Qwen3.5-4B
ID_5065411466998527;7;Piper carniconnectivum;piper carniconnectivum;0.895;2;match válido;Qwen3.5-4B
ID_5065411466998527;8;Combretum leprosum;combretum leprosum;0.998;3;match válido;Qwen3.5-4B
ID_5065411466998527;9;Lupane;lupane;0.888;3;match válido;Qwen3.5-4B
ID_5065411466998527;10;Triterpeno;lupane (rej);0.569;0;sem match válido;Qwen3.5-4B
ID_5065411466998527;11;Proteasoma;proteasome;0.902;2;match válido;Qwen3.5-4B
ID_5065411466998527;12;Macrofago;murine peritoneal macrophages (rej);0.577;0;sem match válido;Qwen3.5-4B
ID_5065411466998527;13;Veneno de serpente;leishmaniasis (rej);0.503;0;sem match válido;Qwen3.5-4B
ID_5065411466998527;14;Lipossomo;liposomal-lupane system;0.904;3;match válido;Qwen3.5-4B
ID_5065411466998527;15;Vacina;vaccine’s formulation;0.808;2;match válido;Qwen3.5-4B
ID_5065411466998527;16;Antileishmanial;leishmanicidal activity (rej);0.579;0;sem match válido;Qwen3.5-4B
ID_5065411466998527;17;Quimioterapia;vaccine’s formulation (rej);0.344;0;sem match válido;Qwen3.5-4B
ID_5065411466998527;18;Fitoquimica;activity on promastigotes (rej);0.545;0;sem match válido;Qwen3.5-4B
ID_5065411466998527;19;Annonaceae;leishmania amazonensis promastigotes (rej);0.624;0;sem match válido;Qwen3.5-4B
ID_5065411466998527;20;Piperaceae;leishmania amazonensis promastigotes (rej);0.621;0;sem match válido;Qwen3.5-4B
ID_4550717883781091;1;fungos filamentosos;soilborne filamentous fungi;0.846;3;match válido;Qwen3.5-4B
ID_4550717883781091;2;fungos melanizados;yeast-like fungi involved (rej);0.708;0;sem match válido;Qwen3.5-4B
ID_4550717883781091;3;fungos negros;soil fungi (rej);0.767;0;sem match válido;Qwen3.5-4B
ID_4550717883781091;4;Chaetothyriales;species of chaetothyriales;0.871;3;match válido;Qwen3.5-4B
ID_4550717883781091;5;Exophiala;fonsecaea (rej);0.624;0;sem match válido;Qwen3.5-4B
ID_4550717883781091;6;Cladophialophora;fonsecaea (rej);0.729;0;sem match válido;Qwen3.5-4B
ID_4550717883781091;7;Phialophora;phialophora species;0.883;3;match válido;Qwen3.5-4B
ID_4550717883781091;8;Fonsecaea pedrosoi;fonsecaea;0.769;3;match válido;Qwen3.5-4B
ID_4550717883781091;9;fungos endofiticos;soilborne filamentous fungi (rej);0.742;0;sem match válido;Qwen3.5-4B
ID_4550717883781091;10;biorremediacao;fungal isolation (rej);0.480;0;sem match válido;Qwen3.5-4B
ID_4550717883781091;11;degradacao de hidrocarbonetos;oil flotation isolation (rej);0.598;0;sem match válido;Qwen3.5-4B
ID_4550717883781091;12;degradacao de amido;saccharogenic and dextrinogenic (rej);0.521;0;sem match válido;Qwen3.5-4B
ID_4550717883781091;13;fenol-oxidases;saccharogenic and dextrinogenic (rej);0.438;0;sem match válido;Qwen3.5-4B
ID_4550717883781091;14;fungos de formigas;soil fungi (rej);0.660;0;sem match válido;Qwen3.5-4B
ID_4550717883781091;15;Atta laevigata;workers of atta (rej);0.604;0;sem match válido;Qwen3.5-4B
ID_4550717883781091;16;fungos transientes;soil fungi;0.801;3;match válido;Qwen3.5-4B
ID_4550717883781091;17;susceptibilidade antifungica;soil microfungi (rej);0.487;0;sem match válido;Qwen3.5-4B
ID_4550717883781091;18;resistencia antifungica;fungal isolation (rej);0.472;0;sem match válido;Qwen3.5-4B
ID_4550717883781091;19;amphotericina B;saccharogenic and dextrinogenic (rej);0.458;0;sem match válido;Qwen3.5-4B
ID_4550717883781091;20;voriconazol;saccharogenic and dextrinogenic (rej);0.591;0;sem match válido;Qwen3.5-4B
ID_1218389465274602;1;imunidade inata;sterile inflammation (rej);0.422;0;sem match válido;Qwen3.5-4B
ID_1218389465274602;2;receptores tipo Toll;receptor;0.760;1;match válido;Qwen3.5-4B
ID_1218389465274602;3;Herpes simplex virus 1;herpes simplex virus type 1;0.956;2;match válido;Qwen3.5-4B
ID_1218389465274602;4;encefalite;encephalitis;0.927;1;match válido;Qwen3.5-4B
ID_1218389465274602;5;citocinas;cell signaling (rej);0.545;0;sem match válido;Qwen3.5-4B
ID_1218389465274602;6;quimioquinas;pharmacological therapy (rej);0.502;0;sem match válido;Qwen3.5-4B
ID_1218389465274602;7;leucócitos;leukocyte adhesion (rej);0.567;0;sem match válido;Qwen3.5-4B
ID_1218389465274602;8;vasculatura cerebral;neuroinflammation (rej);0.597;0;sem match válido;Qwen3.5-4B
ID_1218389465274602;9;ganglios trigeminos;trigeminal ganglia;0.945;1;match válido;Qwen3.5-4B
ID_1218389465274602;10;TNF alfa;cell signaling (rej);0.401;0;sem match válido;Qwen3.5-4B
ID_1218389465274602;11;interferon gamma;met-rantes (rej);0.338;0;sem match válido;Qwen3.5-4B
ID_1218389465274602;12;TLR2;receptor (rej);0.463;0;sem match válido;Qwen3.5-4B
ID_1218389465274602;13;TLR9;met-rantes (rej);0.449;0;sem match válido;Qwen3.5-4B
ID_1218389465274602;14;TLR4;receptor (rej);0.458;0;sem match válido;Qwen3.5-4B
ID_1218389465274602;15;TLR1;receptor (rej);0.499;0;sem match válido;Qwen3.5-4B
ID_1218389465274602;16;CCL5;receptor (rej);0.385;0;sem match válido;Qwen3.5-4B
ID_1218389465274602;17;CCL3;receptor (rej);0.375;0;sem match válido;Qwen3.5-4B
ID_1218389465274602;18;CXCL1;receptor (rej);0.378;0;sem match válido;Qwen3.5-4B
ID_1218389465274602;19;CXCL9;met-rantes (rej);0.309;0;sem match válido;Qwen3.5-4B
ID_1218389465274602;20;CXCL10;met-rantes (rej);0.294;0;sem match válido;Qwen3.5-4B
ID_2864595160355410;1;Antibióticos;uso de antibióticos;0.968;3;match válido;Qwen3.5-4B
ID_2864595160355410;2;Resistência bacteriana;bacterial resistance;0.994;3;match válido;Qwen3.5-4B
ID_2864595160355410;3;Amoxicilina;prescription of antibiotics (rej);0.552;0;sem match válido;Qwen3.5-4B
ID_2864595160355410;4;Diclofenaco;uso de tetraciclinas (rej);0.577;0;sem match válido;Qwen3.5-4B
ID_2864595160355410;5;Biofarmacocinética;tratamento antimmicrobiano (rej);0.674;0;sem match válido;Qwen3.5-4B
ID_2864595160355410;6;Biodisponibilidade;bacterial resistance (rej);0.423;0;sem match válido;Qwen3.5-4B
ID_2864595160355410;7;Farmacocinética;prescription;0.825;2;match válido;Qwen3.5-4B
ID_2864595160355410;8;Absorção de fármacos;prescrições e uso (rej);0.713;0;sem match válido;Qwen3.5-4B
ID_2864595160355410;9;Interações medicamentosas;prescrições e uso (rej);0.647;0;sem match válido;Qwen3.5-4B
ID_2864595160355410;10;Psoríase;treatment (rej);0.397;0;sem match válido;Qwen3.5-4B
ID_2864595160355410;11;Agentes biológicos;tratamento antimmicrobiano (rej);0.483;0;sem match válido;Qwen3.5-4B
ID_2864595160355410;12;Adesão ao tratamento;treatment and patient;0.845;3;match válido;Qwen3.5-4B
ID_2864595160355410;13;Uso racional de medicamentos;prescrições e uso (rej);0.739;0;sem match válido;Qwen3.5-4B
ID_2864595160355410;14;Pediatra;profile of prescribers (rej);0.435;0;sem match válido;Qwen3.5-4B
ID_2864595160355410;15;Infecções respiratórias;upper respiratory infections;0.913;3;match válido;Qwen3.5-4B
ID_2864595160355410;16;Vancomicina;uso de cloranfenicol (rej);0.463;0;sem match válido;Qwen3.5-4B
ID_2864595160355410;17;Hemodiálise;tissue levels (rej);0.438;0;sem match válido;Qwen3.5-4B
ID_2864595160355410;18;Monitoramento terapêutico;prescrições e uso (rej);0.644;0;sem match válido;Qwen3.5-4B
ID_2864595160355410;19;Cloranfenicol;uso de cloranfenicol;0.944;2;match válido;Qwen3.5-4B
ID_2864595160355410;20;Tetraciclinas;uso de tetraciclinas;0.957;2;match válido;Qwen3.5-4B
ID_0990344839864230;1;gestao do conhecimento;knowledge flow (rej);0.742;0;sem match válido;Qwen3.5-4B
ID_0990344839864230;2;computacao movel;ubiquitous computing (rej);0.602;0;sem match válido;Qwen3.5-4B
ID_0990344839864230;3;redes sociais;social networks;0.958;3;match válido;Qwen3.5-4B
ID_0990344839864230;4;sistemas de recomendacao;recommendation systems;0.975;3;match válido;Qwen3.5-4B
ID_0990344839864230;5;ontologias;modelo conceitual (rej);0.482;0;sem match válido;Qwen3.5-4B
ID_0990344839864230;6;cscw;ehealth (rej);0.296;0;sem match válido;Qwen3.5-4B
ID_0990344839864230;7;trabalho cooperativo;opportunistic collaboration (rej);0.725;0;sem match válido;Qwen3.5-4B
ID_0990344839864230;8;microblogging;social media (rej);0.609;0;sem match válido;Qwen3.5-4B
ID_0990344839864230;9;twitter;social media (rej);0.675;0;sem match válido;Qwen3.5-4B
ID_0990344839864230;10;agrometeorologia;scientific knowledge management (rej);0.355;0;sem match válido;Qwen3.5-4B
ID_0990344839864230;11;banco de dados;data mining (rej);0.645;0;sem match válido;Qwen3.5-4B
ID_0990344839864230;12;xml;ehealth (rej);0.375;0;sem match válido;Qwen3.5-4B
ID_0990344839864230;13;fragmentsacao horizontal;minimum spanning tree (rej);0.441;0;sem match válido;Qwen3.5-4B
ID_0990344839864230;14;epistheme;ehealth (rej);0.563;0;sem match válido;Qwen3.5-4B
ID_0990344839864230;15;meio de divulgacao digital;social media (rej);0.714;0;sem match válido;Qwen3.5-4B
ID_0990344839864230;16;android;mobile ad hoc networks (rej);0.353;0;sem match válido;Qwen3.5-4B
ID_0990344839864230;17;colaboracao;opportunistic collaboration;0.810;2;match válido;Qwen3.5-4B
ID_0990344839864230;18;p2p;ubiquitous computing (rej);0.335;0;sem match válido;Qwen3.5-4B
ID_0990344839864230;19;visualizacao do conhecimento;knowledge flow (rej);0.702;0;sem match válido;Qwen3.5-4B
ID_0990344839864230;20;metodologias ageis;scientific knowledge management (rej);0.415;0;sem match válido;Qwen3.5-4B
ID_8970751075617926;1;leucemia aguda;chronic myeloid leukemia;0.850;3;match válido;Qwen3.5-4B
ID_8970751075617926;2;leucemia linfoblastica;acute lymphoblastic leukemia;0.930;3;match válido;Qwen3.5-4B
ID_8970751075617926;3;leucemia mieloide;acute myeloid leukemia;0.882;3;match válido;Qwen3.5-4B
ID_8970751075617926;4;cariotipo;proteomic analysis (rej);0.471;0;sem match válido;Qwen3.5-4B
ID_8970751075617926;5;cromossomo 11;p16ink4a genes (rej);0.542;0;sem match válido;Qwen3.5-4B
ID_8970751075617926;6;cromossomo 1;embryogenesis (rej);0.573;0;sem match válido;Qwen3.5-4B
ID_8970751075617926;7;cromossomo 8;embryogenesis (rej);0.540;0;sem match válido;Qwen3.5-4B
ID_8970751075617926;8;cromossomo 13;embryogenesis (rej);0.546;0;sem match válido;Qwen3.5-4B
ID_8970751075617926;9;MLL;primary mds (rej);0.464;0;sem match válido;Qwen3.5-4B
ID_8970751075617926;10;Burkitt;rabbit atg (rej);0.337;0;sem match válido;Qwen3.5-4B
ID_8970751075617926;11;cariotipo triploide;n-glycosylation (rej);0.491;0;sem match válido;Qwen3.5-4B
ID_8970751075617926;12;cariotipo tetraploide;proteomic analysis (rej);0.519;0;sem match válido;Qwen3.5-4B
ID_8970751075617926;13;citogenetica;cytogenetics analysis;0.898;3;match válido;Qwen3.5-4B
ID_8970751075617926;14;FISH;rabbit atg (rej);0.296;0;sem match válido;Qwen3.5-4B
ID_8970751075617926;15;FISH multicolor;rabbit atg (rej);0.281;0;sem match válido;Qwen3.5-4B
ID_8970751075617926;16;translocacao;transposable element (rej);0.706;0;sem match válido;Qwen3.5-4B
ID_8970751075617926;17;rearrangamento;transposable element (rej);0.357;0;sem match válido;Qwen3.5-4B
ID_8970751075617926;18;cariotipo complexo;molecular cytogenetic studies (rej);0.521;0;sem match válido;Qwen3.5-4B
ID_8970751075617926;19;cromossomo Y;embryogenesis (rej);0.514;0;sem match válido;Qwen3.5-4B
ID_8970751075617926;20;cromossomo 14;p16ink4a genes (rej);0.557;0;sem match válido;Qwen3.5-4B
ID_2086707959173246;1;tag1;linkage refining (rej);0.373;0;sem match válido;Qwen3.5-4B
ID_2086707959173246;2;tag2;sca3/mjd (rej);0.396;0;sem match válido;Qwen3.5-4B
ID_2086707959173246;3;;;;;;Qwen3.5-4B
ID_2086707959173246;4;;;;;;Qwen3.5-4B
ID_2086707959173246;5;;;;;;Qwen3.5-4B
ID_2086707959173246;6;;;;;;Qwen3.5-4B
ID_2086707959173246;7;;;;;;Qwen3.5-4B
ID_2086707959173246;8;;;;;;Qwen3.5-4B
ID_2086707959173246;9;;;;;;Qwen3.5-4B
ID_2086707959173246;10;;;;;;Qwen3.5-4B
ID_2086707959173246;11;;;;;;Qwen3.5-4B
ID_2086707959173246;12;;;;;;Qwen3.5-4B
ID_2086707959173246;13;;;;;;Qwen3.5-4B
ID_2086707959173246;14;;;;;;Qwen3.5-4B
ID_2086707959173246;15;;;;;;Qwen3.5-4B
ID_2086707959173246;16;;;;;;Qwen3.5-4B
ID_2086707959173246;17;;;;;;Qwen3.5-4B
ID_2086707959173246;18;;;;;;Qwen3.5-4B
ID_2086707959173246;19;;;;;;Qwen3.5-4B
ID_2086707959173246;20;;;;;;Qwen3.5-4B
ID_7927416076958362;1;Aglomerados abertos;open clusters (rej);0.653;0;sem match válido;Qwen3.5-4B
ID_7927416076958362;2;Astrometria;galaxy: structure (rej);0.669;0;sem match válido;Qwen3.5-4B
ID_7927416076958362;3;Catálogos astronômicos;young stellar associations (rej);0.695;0;sem match válido;Qwen3.5-4B
ID_7927416076958362;4;Cinâmica galáctica;galaxy: structure (rej);0.773;0;sem match válido;Qwen3.5-4B
ID_7927416076958362;5;Diagrama cor magnitude;photometry (rej);0.488;0;sem match válido;Qwen3.5-4B
ID_7927416076958362;6;Extinção atmosférica;earth climate (rej);0.592;0;sem match válido;Qwen3.5-4B
ID_7927416076958362;7;Fotometria;photometry;0.965;3;match válido;Qwen3.5-4B
ID_7927416076958362;8;Formação estelar;young stellar associations;0.772;2;match válido;Qwen3.5-4B
ID_7927416076958362;9;Movimentos próprios;proper motion;0.795;2;match válido;Qwen3.5-4B
ID_7927416076958362;10;Otimização global;fitting isochrones (rej);0.350;0;sem match válido;Qwen3.5-4B
ID_7927416076958362;11;Parâmetros fundamentais;proper motion (rej);0.451;0;sem match válido;Qwen3.5-4B
ID_7927416076958362;12;Parâmetros estelares;young stellar associations (rej);0.731;0;sem match válido;Qwen3.5-4B
ID_7927416076958362;13;Estrutura galáctica;galaxy: structure;0.930;3;match válido;Qwen3.5-4B
ID_7927416076958362;14;Evolução estelar;young stellar associations (rej);0.697;0;sem match válido;Qwen3.5-4B
ID_7927416076958362;15;Metalicidade;metallicities from ubv (rej);0.730;0;sem match válido;Qwen3.5-4B
ID_7927416076958362;16;Movimento de rotação galáctica;spiral pattern rotation (rej);0.678;0;sem match válido;Qwen3.5-4B
ID_7927416076958362;17;Observatório Pico dos Dias;solar system (rej);0.523;0;sem match válido;Qwen3.5-4B
ID_7927416076958362;18;Parâmetros cinemáticos;proper motion (rej);0.450;0;sem match válido;Qwen3.5-4B
ID_7927416076958362;19;População estelar;young stellar associations (rej);0.676;0;sem match válido;Qwen3.5-4B
ID_7927416076958362;20;Rotação do disco galáctico;galaxy: disk (rej);0.723;0;sem match válido;Qwen3.5-4B
ID_6171517695707255;1;NMR;protein–dna complex (rej);0.373;0;sem match válido;Qwen3.5-4B
ID_6171517695707255;2;Biologia estrutural;protein–dna complex (rej);0.619;0;sem match válido;Qwen3.5-4B
ID_6171517695707255;3;Proteínas;protein–protein docking (rej);0.792;0;sem match válido;Qwen3.5-4B
ID_6171517695707255;4;Proteínas de membrana;peptide–membrane interaction (rej);0.769;0;sem match válido;Qwen3.5-4B
ID_6171517695707255;5;Domínios de ligação a Ca2+;protein–dna complex (rej);0.382;0;sem match válido;Qwen3.5-4B
ID_6171517695707255;6;Sistema de secreção tipo IV;type iv pilus (rej);0.493;0;sem match válido;Qwen3.5-4B
ID_6171517695707255;7;Xanthomonas;tropomyosin (rej);0.472;0;sem match válido;Qwen3.5-4B
ID_6171517695707255;8;PilZ;pilz;0.969;1;match válido;Qwen3.5-4B
ID_6171517695707255;9;c-diGMP;type iv pilus (rej);0.410;0;sem match válido;Qwen3.5-4B
ID_6171517695707255;10;Tropomiosina;tropomyosin;0.977;2;match válido;Qwen3.5-4B
ID_6171517695707255;11;Receptores acoplados a proteína G;protein–protein docking (rej);0.585;0;sem match válido;Qwen3.5-4B
ID_6171517695707255;12;Peptídeos;peptide–membrane interaction;0.800;1;match válido;Qwen3.5-4B
ID_6171517695707255;13;Dinâmica de proteínas;protein–protein docking;0.834;3;match válido;Qwen3.5-4B
ID_6171517695707255;14;Transições ordem-desordem;order disorder transitions (rej);0.745;0;sem match válido;Qwen3.5-4B
ID_6171517695707255;15;Alosteria;pilz (rej);0.563;0;sem match válido;Qwen3.5-4B
ID_6171517695707255;16;Proteína glucocinase;protein–dna complex (rej);0.506;0;sem match válido;Qwen3.5-4B
ID_6171517695707255;17;Repressor lac;pilz (rej);0.352;0;sem match válido;Qwen3.5-4B
ID_6171517695707255;18;Complexo proteína-DNA;protein–dna complex;0.936;2;match válido;Qwen3.5-4B
ID_6171517695707255;19;Interações proteína-proteína;protein–protein docking (rej);0.808;0;sem match válido;Qwen3.5-4B
ID_6171517695707255;20;Micelas;pilz (rej);0.634;0;sem match válido;Qwen3.5-4B
ID_9763437636509266;1;incontinencia urinaria;female urinary incontinence;0.888;3;match válido;Qwen3.5-4B
ID_9763437636509266;2;uroginecologia;female urinary incontinence (rej);0.641;0;sem match válido;Qwen3.5-4B
ID_9763437636509266;3;estimulacao eletrica;estimulação elétrica;0.973;3;match válido;Qwen3.5-4B
ID_9763437636509266;4;biofeedback;cystic fibrosis (rej);0.321;0;sem match válido;Qwen3.5-4B
ID_9763437636509266;5;treinamento musculatura pelviana;transvaginal electrical stimulation (rej);0.407;0;sem match válido;Qwen3.5-4B
ID_9763437636509266;6;teste caminhada seis minutos;sleep restriction (rej);0.275;0;sem match válido;Qwen3.5-4B
ID_9763437636509266;7;dispneia;dyspnea perception (rej);0.651;0;sem match válido;Qwen3.5-4B
ID_9763437636509266;8;fibrose cistica;cystic fibrosis;0.891;1;match válido;Qwen3.5-4B
ID_9763437636509266;9;funcao pulmonar;pre- and post-bronchodilator (rej);0.559;0;sem match válido;Qwen3.5-4B
ID_9763437636509266;10;espirometria;vaginal probe (rej);0.468;0;sem match válido;Qwen3.5-4B
ID_9763437636509266;11;manometria retal;stent radiopaque (rej);0.428;0;sem match válido;Qwen3.5-4B
ID_9763437636509266;12;estenose traqueal;tracheal stenosis (rej);0.708;0;sem match válido;Qwen3.5-4B
ID_9763437636509266;13;stent;stent radiopaque;0.775;1;match válido;Qwen3.5-4B
ID_9763437636509266;14;biotelemetria;estimulação elétrica (rej);0.372;0;sem match válido;Qwen3.5-4B
ID_9763437636509266;15;monitorizacao em tempo real;pressure monitoring (rej);0.521;0;sem match válido;Qwen3.5-4B
ID_9763437636509266;16;testes sensoriais quantitativos;dyspnea perception (rej);0.444;0;sem match válido;Qwen3.5-4B
ID_9763437636509266;17;hiperalgesia;pre- and post-bronchodilator (rej);0.448;0;sem match válido;Qwen3.5-4B
ID_9763437636509266;18;neuropatia pequena fibra;cystic fibrosis (rej);0.411;0;sem match válido;Qwen3.5-4B
ID_9763437636509266;19;sonograma transvaginal;vaginal probe (rej);0.536;0;sem match válido;Qwen3.5-4B
ID_9763437636509266;20;cistometria;stent radiopaque (rej);0.416;0;sem match válido;Qwen3.5-4B
ID_6217509029802638;1;Sistemas Espaciais;space application (rej);0.695;0;sem match válido;Qwen3.5-4B
ID_6217509029802638;2;Software Embarcado;software;0.934;1;match válido;Qwen3.5-4B
ID_6217509029802638;3;Test Case Generation;specification-based test case generation;0.865;3;match válido;Qwen3.5-4B
ID_6217509029802638;4;Model Based Testing;model based testing;0.990;3;match válido;Qwen3.5-4B
ID_6217509029802638;5;Finite State Machine;finite state machines;0.950;2;match válido;Qwen3.5-4B
ID_6217509029802638;6;Fault Injection;testing (rej);0.348;0;sem match válido;Qwen3.5-4B
ID_6217509029802638;7;Conformance Testing;conformance testing process;0.964;3;match válido;Qwen3.5-4B
ID_6217509029802638;8;Verificação e Validação;verification and validation;0.957;3;match válido;Qwen3.5-4B
ID_6217509029802638;9;Requisitos de Software;software (rej);0.836;0;sem match válido;Qwen3.5-4B
ID_6217509029802638;10;Simulador de Satélite;space applications software (rej);0.582;0;sem match válido;Qwen3.5-4B
ID_6217509029802638;11;Protocolos de Comunicação;communication protocols;0.973;2;match válido;Qwen3.5-4B
ID_6217509029802638;12;Anomalia Detection;validation techniques (rej);0.491;0;sem match válido;Qwen3.5-4B
ID_6217509029802638;13;Clustering;space embedded (rej);0.319;0;sem match válido;Qwen3.5-4B
ID_6217509029802638;14;Uppaal;protocols (rej);0.394;0;sem match válido;Qwen3.5-4B
ID_6217509029802638;15;CoFI Methodology;cofi methodology;0.989;3;match válido;Qwen3.5-4B
ID_6217509029802638;16;PUS Standard;packet utilization standard (pus) (rej);0.650;0;sem match válido;Qwen3.5-4B
ID_6217509029802638;17;ECSS Standards;protocols (rej);0.498;0;sem match válido;Qwen3.5-4B
ID_6217509029802638;18;Model Checking;model checking;0.993;2;match válido;Qwen3.5-4B
ID_6217509029802638;19;Test Methodology;testing methodology;0.977;3;match válido;Qwen3.5-4B
ID_6217509029802638;20;Software Requirements;software products;0.772;1;match válido;Qwen3.5-4B
ID_7471111924336519;1;Redes Definidas por Software;core network (rej);0.604;0;sem match válido;Qwen3.5-4B
ID_7471111924336519;2;OpenFlow;availability (rej);0.342;0;sem match válido;Qwen3.5-4B
ID_7471111924336519;3;Software-Defined Networking;core network (rej);0.587;0;sem match válido;Qwen3.5-4B
ID_7471111924336519;4;Comutadores OpenFlow;connection admission control (rej);0.367;0;sem match válido;Qwen3.5-4B
ID_7471111924336519;5;Data Center Networks;core network (rej);0.681;0;sem match válido;Qwen3.5-4B
ID_7471111924336519;6;Performance Evaluation;performability (rej);0.775;0;sem match válido;Qwen3.5-4B
ID_7471111924336519;7;Qualidade de Servico;performability (rej);0.576;0;sem match válido;Qwen3.5-4B
ID_7471111924336519;8;Conexao Admission Control;connection admission control (rej);0.670;0;sem match válido;Qwen3.5-4B
ID_7471111924336519;9;Resiliencia;recovery strategies (rej);0.568;0;sem match válido;Qwen3.5-4B
ID_7471111924336519;10;Fault Tolerance;unavailability (rej);0.377;0;sem match válido;Qwen3.5-4B
ID_7471111924336519;11;Energy Efficiency;performability (rej);0.322;0;sem match válido;Qwen3.5-4B
ID_7471111924336519;12;Power Consumption;composite performance (rej);0.340;0;sem match válido;Qwen3.5-4B
ID_7471111924336519;13;Roteamento;availability (rej);0.411;0;sem match válido;Qwen3.5-4B
ID_7471111924336519;14;Stateless Forwarding;evolving sdn (rej);0.398;0;sem match válido;Qwen3.5-4B
ID_7471111924336519;15;Mininet;core network (rej);0.523;0;sem match válido;Qwen3.5-4B
ID_7471111924336519;16;Open vSwitch;connection admission control (rej);0.390;0;sem match válido;Qwen3.5-4B
ID_7471111924336519;17;P2P Video Streaming;performance and availability (rej);0.350;0;sem match válido;Qwen3.5-4B
ID_7471111924336519;18;Web Service Availability;performance and availability (rej);0.683;0;sem match válido;Qwen3.5-4B
ID_7471111924336519;19;Performability;performability;0.979;3;match válido;Qwen3.5-4B
ID_7471111924336519;20;Modelagem de Desempenho;traffic models (rej);0.623;0;sem match válido;Qwen3.5-4B
ID_1387531666012807;1;Acidente Vascular Cerebral;stroke (rej);0.635;0;sem match válido;Qwen3.5-4B
ID_1387531666012807;2;Isquemia Cerebral;stroke (rej);0.628;0;sem match válido;Qwen3.5-4B
ID_1387531666012807;3;Terapia Celular;terapia celular;0.843;3;match válido;Qwen3.5-4B
ID_1387531666012807;4;Células-Tronco;cell type (rej);0.736;0;sem match válido;Qwen3.5-4B
ID_1387531666012807;5;Medula Óssea;stratum opticum (rej);0.451;0;sem match válido;Qwen3.5-4B
ID_1387531666012807;6;Células Mononucleares;bone marrow mononuclear (rej);0.731;0;sem match válido;Qwen3.5-4B
ID_1387531666012807;7;Células Mesenquimais;mesenchymal stem cells;0.765;3;match válido;Qwen3.5-4B
ID_1387531666012807;8;Recuperação Sensoriomotora;sensorimotor recovery;0.967;3;match válido;Qwen3.5-4B
ID_1387531666012807;9;Neuroproteção;synaptic plasticity (rej);0.522;0;sem match válido;Qwen3.5-4B
ID_1387531666012807;10;Oxido Nitrico;nitric oxide;0.961;3;match válido;Qwen3.5-4B
ID_1387531666012807;11;Oxido Nitrico Sintase;nitric oxide synthase;0.904;3;match válido;Qwen3.5-4B
ID_1387531666012807;12;Colículo Superior;superior colliculus;0.771;3;match válido;Qwen3.5-4B
ID_1387531666012807;13;Plasticidade Sináptica;synaptic plasticity;0.795;3;match válido;Qwen3.5-4B
ID_1387531666012807;14;Genes Imediatos;cell type (rej);0.422;0;sem match válido;Qwen3.5-4B
ID_1387531666012807;15;NGFI-A;nitric oxide (rej);0.413;0;sem match válido;Qwen3.5-4B
ID_1387531666012807;16;Calbindina;superior colliculus (rej);0.436;0;sem match válido;Qwen3.5-4B
ID_1387531666012807;17;Parvalbumina;superior colliculus (rej);0.468;0;sem match válido;Qwen3.5-4B
ID_1387531666012807;18;Receptor NMDA;nitric oxide synthase-positive (rej);0.467;0;sem match válido;Qwen3.5-4B
ID_1387531666012807;19;Desenvolvimento Visual;visual system;0.780;3;match válido;Qwen3.5-4B
ID_1387531666012807;20;Retinotectal;retinotectal projection;0.833;3;match válido;Qwen3.5-4B
ID_0544144585124313;1;dosimetria;ti dosimeters;0.807;3;match válido;Qwen3.5-4B
ID_0544144585124313;2;dosimetros;dosimetry;0.938;3;match válido;Qwen3.5-4B
ID_0544144585124313;3;termoluminescencia;thermoluminescence;0.970;3;match válido;Qwen3.5-4B
ID_0544144585124313;4;CaSO4:Dy;ti dosimeters (rej);0.415;0;sem match válido;Qwen3.5-4B
ID_0544144585124313;5;CaSO4:Tm;tl characteristics (rej);0.507;0;sem match válido;Qwen3.5-4B
ID_0544144585124313;6;LiF:Mg,Ti;fricke (rej);0.561;0;sem match válido;Qwen3.5-4B
ID_0544144585124313;7;Alanina EPR;fricke (rej);0.390;0;sem match válido;Qwen3.5-4B
ID_0544144585124313;8;Fricke gel;fricke gel dosimeter;0.815;3;match válido;Qwen3.5-4B
ID_0544144585124313;9;dosimetria Fricke;fricke (rej);0.688;0;sem match válido;Qwen3.5-4B
ID_0544144585124313;10;dosimetria gel;fricke gel dosimeter (rej);0.804;0;sem match válido;Qwen3.5-4B
ID_0544144585124313;11;dosimetria clinica;aplicação em dosimetria;0.822;2;match válido;Qwen3.5-4B
ID_0544144585124313;12;radioterapia;radiation effect (rej);0.675;0;sem match válido;Qwen3.5-4B
ID_0544144585124313;13;radiocirurgia;veterinary radiology (rej);0.699;0;sem match válido;Qwen3.5-4B
ID_0544144585124313;14;Gamma Knife;gamma knife;0.977;3;match válido;Qwen3.5-4B
ID_0544144585124313;15;dosimetria 3D;dosimetry (rej);0.748;0;sem match válido;Qwen3.5-4B
ID_0544144585124313;16;MRI dosimetria;dosimetry (rej);0.552;0;sem match válido;Qwen3.5-4B
ID_0544144585124313;17;phantoms;phantom materials (rej);0.726;0;sem match válido;Qwen3.5-4B
ID_0544144585124313;18;phantoms tecidos;phantom materials (rej);0.731;0;sem match válido;Qwen3.5-4B
ID_0544144585124313;19;phantoms hepaticos;phantom materials (rej);0.552;0;sem match válido;Qwen3.5-4B
ID_0544144585124313;20;incertezas medicas;setup uncertainty (rej);0.654;0;sem match válido;Qwen3.5-4B
ID_2364016372924935;1;tag1;prodigiosin (rej);0.337;0;sem match válido;Qwen3.5-4B
ID_2364016372924935;2;tag2;prodigiosin (rej);0.342;0;sem match válido;Qwen3.5-4B
ID_2364016372924935;3;Isolation and molecular characterization of a major hemolymph serpin from the triatomine;hemipteran rhodnius (rej);0.579;0;sem match válido;Qwen3.5-4B
ID_2364016372924935;4;Avaliacao dos efeitos de extratos e terpenos de Clusia fluminensis (Clusiaceae) sobre o desenvolvimento de insetos;haemolymph of insects (rej);0.621;0;sem match válido;Qwen3.5-4B
ID_2364016372924935;5;Estudo da atividade inseticida de extratos de Abuta convexa (Menispermaceae) sobre o desenvolvimento de insetos pragas agricolas;haemolymph of insects (rej);0.652;0;sem match válido;Qwen3.5-4B
ID_2364016372924935;6;Laboratory Evaluation of Clusia fluminensis Planch Triana extracts against cotton stainer bug Dysdercus peruvianus;trypanosoma cruzi (rej);0.487;0;sem match válido;Qwen3.5-4B
ID_2364016372924935;7;Development of an insecticidal nanoemulsion with Manilkara subsericea (Sapotaceae) extract;haemolymph of insects (rej);0.480;0;sem match válido;Qwen3.5-4B
ID_2364016372924935;8;Simple sinalization routes of CdSe and CdTe nanocrystals for biological applications;ecdysteroid production (rej);0.511;0;sem match válido;Qwen3.5-4B
ID_2364016372924935;9;Study of optically trapped living Trypanossoma rangeli Rhodinius prolixus interactions by real time confocal images using CdSe Quantum Dots;trypanosoma rangeli (rej);0.611;0;sem match válido;Qwen3.5-4B
ID_2364016372924935;10;EVIDENCE OF AUTOPHAGY IN TRYPANOSOMA CRUZI CELLS BY QUANTUM DOTS;trypanosoma rangeli (rej);0.651;0;sem match válido;Qwen3.5-4B
ID_2364016372924935;11;Laboratory evaluation of the effects of essential oil of Myrciaria floribunda leaves on the development of Dysdercus peruvianus and Oncopeltus fasciatus;rhodnius prolixus (rej);0.366;0;sem match válido;Qwen3.5-4B
ID_2364016372924935;12;Zanthoxylum caribaeum (Rutaceae) essential oil: chemical investigation and biological effects on Rhodnius prolixus nymph;rhodnius prolixus (rej);0.621;0;sem match válido;Qwen3.5-4B
ID_2364016372924935;13;;;;;;Qwen3.5-4B
ID_2364016372924935;14;;;;;;Qwen3.5-4B
ID_2364016372924935;15;;;;;;Qwen3.5-4B
ID_2364016372924935;16;;;;;;Qwen3.5-4B
ID_2364016372924935;17;;;;;;Qwen3.5-4B
ID_2364016372924935;18;;;;;;Qwen3.5-4B
ID_2364016372924935;19;;;;;;Qwen3.5-4B
ID_2364016372924935;20;;;;;;Qwen3.5-4B
ID_6532338737692493;1;Single Event Upset;transient faults (rej);0.469;0;sem match válido;Qwen3.5-4B
ID_6532338737692493;2;Single Event Transient;transient analysis (rej);0.688;0;sem match válido;Qwen3.5-4B
ID_6532338737692493;3;Radiation Hardening;radiation effects (rej);0.737;0;sem match válido;Qwen3.5-4B
ID_6532338737692493;4;Fault Tolerance;fault tolerance;0.932;3;match válido;Qwen3.5-4B
ID_6532338737692493;5;SRAM-based FPGA;microprocessor chips (rej);0.559;0;sem match válido;Qwen3.5-4B
ID_6532338737692493;6;Network-on-Chip;microprocessor chips (rej);0.609;0;sem match válido;Qwen3.5-4B
ID_6532338737692493;7;Microprocessor;microprocessor chips;0.942;1;match válido;Qwen3.5-4B
ID_6532338737692493;8;Total Ionizing Dose;synthesis (rej);0.444;0;sem match válido;Qwen3.5-4B
ID_6532338737692493;9;Soft Error Rate;soft error rate (ser);0.893;3;match válido;Qwen3.5-4B
ID_6532338737692493;10;Triple Modular Redundancy;redundancy in data-flow (rej);0.557;0;sem match válido;Qwen3.5-4B
ID_6532338737692493;11;Built-in Current Sensors;electrical simulation (rej);0.454;0;sem match válido;Qwen3.5-4B
ID_6532338737692493;12;Electrical Masking;electrical simulation (rej);0.565;0;sem match válido;Qwen3.5-4B
ID_6532338737692493;13;Voltage Scaling;electrical simulation (rej);0.593;0;sem match válido;Qwen3.5-4B
ID_6532338737692493;14;Aging Effects;radiation effects (rej);0.447;0;sem match válido;Qwen3.5-4B
ID_6532338737692493;15;Reconfigurable Hardware;reconfigurable routers (rej);0.696;0;sem match válido;Qwen3.5-4B
ID_6532338737692493;16;Software-based Techniques;software-based techniques;0.995;3;match válido;Qwen3.5-4B
ID_6532338737692493;17;Hardware-based Techniques;microprocessor chips (rej);0.624;0;sem match válido;Qwen3.5-4B
ID_6532338737692493;18;Hybrid Fault Detection;hybrid fault tolerance techniques;0.763;3;match válido;Qwen3.5-4B
ID_6532338737692493;19;Fault Injection;fault injection;0.933;3;match válido;Qwen3.5-4B
ID_6532338737692493;20;Neutron Irradiation;radiation effects (rej);0.713;0;sem match válido;Qwen3.5-4B
ID_5265254209364825;1;Network-on-Chip;networks-on-chip;0.974;3;match válido;Qwen3.5-4B
ID_5265254209364825;2;NoC;bist (rej);0.494;0;sem match válido;Qwen3.5-4B
ID_5265254209364825;3;Fault Diagnosis;fault diagnosis;0.962;3;match válido;Qwen3.5-4B
ID_5265254209364825;4;Fault Tolerance;fault diagnosis (rej);0.637;0;sem match válido;Qwen3.5-4B
ID_5265254209364825;5;Built-In Self-Test;built-in self-test;0.988;3;match válido;Qwen3.5-4B
ID_5265254209364825;6;BIST;bist (rej);0.663;0;sem match válido;Qwen3.5-4B
ID_5265254209364825;7;Single Event Upset;fault diagnosis (rej);0.438;0;sem match válido;Qwen3.5-4B
ID_5265254209364825;8;SEU;bist (rej);0.649;0;sem match válido;Qwen3.5-4B
ID_5265254209364825;9;Radiation Hardening;radiation effects (rej);0.737;0;sem match válido;Qwen3.5-4B
ID_5265254209364825;10;Total Ionizing Dose;radiation effects (rej);0.386;0;sem match válido;Qwen3.5-4B
ID_5265254209364825;11;TID;bist (rej);0.721;0;sem match válido;Qwen3.5-4B
ID_5265254209364825;12;Field Programmable Analog Arrays;field programmable analog;0.783;3;match válido;Qwen3.5-4B
ID_5265254209364825;13;FPAA;fpaas;0.889;3;match válido;Qwen3.5-4B
ID_5265254209364825;14;Analog Testing;analog test;0.935;3;match válido;Qwen3.5-4B
ID_5265254209364825;15;Microcontroller;sistemas eletrônicos (rej);0.570;0;sem match válido;Qwen3.5-4B
ID_5265254209364825;16;Test Methodology;testing;0.930;3;match válido;Qwen3.5-4B
ID_5265254209364825;17;Test Coverage;test;0.861;3;match válido;Qwen3.5-4B
ID_5265254209364825;18;Interconnect Faults;test of interconnects (rej);0.746;0;sem match válido;Qwen3.5-4B
ID_5265254209364825;19;Mesh Topology;test of interconnects (rej);0.361;0;sem match válido;Qwen3.5-4B
ID_5265254209364825;20;Torus Topology;bist (rej);0.337;0;sem match válido;Qwen3.5-4B
ID_4679830870331445;1;tag1;topaz (rej);0.440;0;sem match válido;Qwen3.5-4B
ID_4679830870331445;2;tag2;topaz (rej);0.421;0;sem match válido;Qwen3.5-4B
ID_4679830870331445;3;"mantenha o IDIOMA das publicações nas tags — se as publicações estão em português, as tags devem estar em português; se estão em inglês, em inglês.";characterization (rej);0.279;0;sem match válido;Qwen3.5-4B
ID_4679830870331445;4;Chemical Characterization...;chemical reduction (rej);0.639;0;sem match válido;Qwen3.5-4B
ID_4679830870331445;5;57Fe-Mossbauer...;mössbauer spectra (rej);0.642;0;sem match válido;Qwen3.5-4B
ID_4679830870331445;6;Refinement...;topaz (rej);0.586;0;sem match válido;Qwen3.5-4B
ID_4679830870331445;7;Transformacoes mineralogicas...;sulphate mineral ettringite (rej);0.722;0;sem match válido;Qwen3.5-4B
ID_4679830870331445;8;Aplicacao da espectroscopia...;raman spectroscopy (rej);0.713;0;sem match válido;Qwen3.5-4B
ID_4679830870331445;9;Formas de ocorrencia...;characterization (rej);0.519;0;sem match válido;Qwen3.5-4B
ID_4679830870331445;10;Sintese e caracterizacao...;characterization (rej);0.585;0;sem match válido;Qwen3.5-4B
ID_4679830870331445;11;Iron bearing-phases...;iron ores (rej);0.655;0;sem match válido;Qwen3.5-4B
ID_4679830870331445;12;Structural Characterization...;characterization (rej);0.669;0;sem match válido;Qwen3.5-4B
ID_4679830870331445;13;Effect of heat treatment...;thermal treatment;0.819;2;match válido;Qwen3.5-4B
ID_4679830870331445;14;"if publications are in Portuguese, tags in Portuguese; if in English, tags in English";characterization (rej);0.295;0;sem match válido;Qwen3.5-4B
ID_4679830870331445;15;Capelinha, titanite, sphene;sulphate mineral ettringite (rej);0.617;0;sem match válido;Qwen3.5-4B
ID_4679830870331445;16;Eosphorite, Childrenite, Ernstite, Pegmatite;goethite (rej);0.625;0;sem match válido;Qwen3.5-4B
ID_4679830870331445;17;Elbaite-Schorlite Series, Tourmaline, Mossbauer Espectroscopy;mössbauer spectra (rej);0.646;0;sem match válido;Qwen3.5-4B
ID_4679830870331445;18;eosphorite, Mossbauer spectroscopy;raman spectroscopy (rej);0.636;0;sem match válido;Qwen3.5-4B
ID_4679830870331445;19;bauxite, x-ray diffraction;x-ray diffraction;0.805;3;match válido;Qwen3.5-4B
ID_4679830870331445;20;bauxite, red mud, Mossbauer spectroscopy;sulphate mineral ettringite (rej);0.621;0;sem match válido;Qwen3.5-4B
ID_1364246301366731;1;Camada Limite Planetaria;equatorial atlantic ocean (rej);0.488;0;sem match válido;Qwen3.5-4B
ID_1364246301366731;2;Camada Limite Convectiva;surface radiation balance (rej);0.485;0;sem match válido;Qwen3.5-4B
ID_1364246301366731;3;Simulacao Numerica;coupled numerical model (rej);0.673;0;sem match válido;Qwen3.5-4B
ID_1364246301366731;4;Modelo LES;coupled numerical model (rej);0.576;0;sem match válido;Qwen3.5-4B
ID_1364246301366731;5;Dispersao de Poluentes;urban climate (rej);0.532;0;sem match válido;Qwen3.5-4B
ID_1364246301366731;6;Turbulencia Atmosferica;atmospheric numerical model (rej);0.748;0;sem match válido;Qwen3.5-4B
ID_1364246301366731;7;Efeitos Topograficos;wind field over complex terrain (rej);0.569;0;sem match válido;Qwen3.5-4B
ID_1364246301366731;8;Jato de Baixos Niveis;air–sea interaction (rej);0.640;0;sem match válido;Qwen3.5-4B
ID_1364246301366731;9;Equacao de Langevin;wavelet (rej);0.444;0;sem match válido;Qwen3.5-4B
ID_1364246301366731;10;Modelo Lagrangiano;coupled numerical model (rej);0.519;0;sem match válido;Qwen3.5-4B
ID_1364246301366731;11;Brisa Maritima;tropical atlantic ocean (rej);0.652;0;sem match válido;Qwen3.5-4B
ID_1364246301366731;12;Brisa Terrestre;wavelet (rej);0.529;0;sem match válido;Qwen3.5-4B
ID_1364246301366731;13;Balanco de Energia;anthropogenic energy flux;0.772;3;match válido;Qwen3.5-4B
ID_1364246301366731;14;Radiacao Solar;solar radiation;0.894;3;match válido;Qwen3.5-4B
ID_1364246301366731;15;Micrometeorologia;atmospheric numerical model (rej);0.498;0;sem match válido;Qwen3.5-4B
ID_1364246301366731;16;Transporte de Poluentes;urban climate (rej);0.487;0;sem match válido;Qwen3.5-4B
ID_1364246301366731;17;Fluxo Turbulento;air–sea interaction (rej);0.554;0;sem match válido;Qwen3.5-4B
ID_1364246301366731;18;Estabilidade Atmosferica;atmospheric numerical model (rej);0.708;0;sem match válido;Qwen3.5-4B
ID_1364246301366731;19;Conveccao Termica;latent heat;0.816;2;match válido;Qwen3.5-4B
ID_1364246301366731;20;Topografia Complexa;wind field over complex terrain (rej);0.524;0;sem match válido;Qwen3.5-4B
ID_5118629875846648;1;Recuperacao de Imagens Baseada em Conteudo;content-based image retrieval;0.873;3;match válido;Qwen3.5-4B
ID_5118629875846648;2;Bancos de Dados de Imagens;content-based image retrieval (rej);0.703;0;sem match válido;Qwen3.5-4B
ID_5118629875846648;3;Consultas por Similaridade;similarity queries;0.792;3;match válido;Qwen3.5-4B
ID_5118629875846648;4;Espacos Metricos;metric access (rej);0.608;0;sem match válido;Qwen3.5-4B
ID_5118629875846648;5;Visualizacao de Dados;data mining (rej);0.635;0;sem match válido;Qwen3.5-4B
ID_5118629875846648;6;Informatica Aplicada a Saude;multimedia databases (rej);0.535;0;sem match válido;Qwen3.5-4B
ID_5118629875846648;7;PACS;association rules (rej);0.271;0;sem match válido;Qwen3.5-4B
ID_5118629875846648;8;Mamografia;medical images (rej);0.430;0;sem match válido;Qwen3.5-4B
ID_5118629875846648;9;Talassemias;index structures (rej);0.306;0;sem match válido;Qwen3.5-4B
ID_5118629875846648;10;Bioinformatica;genetic algorithms (rej);0.473;0;sem match válido;Qwen3.5-4B
ID_5118629875846648;11;Reconhecimento de Padroes em Imagens Medicas;medical images (rej);0.681;0;sem match válido;Qwen3.5-4B
ID_5118629875846648;12;Analise de Imagens Medicas;content-based medical image (rej);0.742;0;sem match válido;Qwen3.5-4B
ID_5118629875846648;13;Diagnostico Assistido por Computador;medical image retrieval (rej);0.513;0;sem match válido;Qwen3.5-4B
ID_5118629875846648;14;Regulacao de Similaridade;similarity queries (rej);0.672;0;sem match válido;Qwen3.5-4B
ID_5118629875846648;15;Dados Metrico-Temporais;metric access (rej);0.587;0;sem match válido;Qwen3.5-4B
ID_5118629875846648;16;Bancos de Dados;data mining (rej);0.690;0;sem match válido;Qwen3.5-4B
ID_5118629875846648;17;Metodos de Acesso em Bancos de Dados;data mining (rej);0.649;0;sem match válido;Qwen3.5-4B
ID_5118629875846648;18;Big Data;data mining (rej);0.693;0;sem match válido;Qwen3.5-4B
ID_5118629875846648;19;Orientacao a Objetos;versões de objetos (rej);0.653;0;sem match válido;Qwen3.5-4B
ID_5118629875846648;20;Controle de Versao;fast feature selection (rej);0.379;0;sem match válido;Qwen3.5-4B
ID_3594651355252245;1;tag1;dna molecule (rej);0.333;0;sem match válido;Qwen3.5-4B
ID_3594651355252245;2;tag2;dna molecule (rej);0.324;0;sem match válido;Qwen3.5-4B
ID_3594651355252245;3;"mantenha o IDIOMA das publicações nas tags — se as publicações estão em português, as tags devem estar em português; se estão em inglês, em inglês";ising model (rej);0.198;0;sem match válido;Qwen3.5-4B
ID_3594651355252245;4;Magnetization in quasiperiodic...;magnetic polaritons (rej);0.703;0;sem match válido;Qwen3.5-4B
ID_3594651355252245;5;Self-similar magnetoresistance...;magnetic polaritons (rej);0.680;0;sem match válido;Qwen3.5-4B
ID_3594651355252245;6;Structural...;quasiperiodic structures (rej);0.633;0;sem match válido;Qwen3.5-4B
ID_3594651355252245;7;Sub-diffusive electronic transport...;electronic transport;0.820;3;match válido;Qwen3.5-4B
ID_3594651355252245;8;DNA-based nanobiostructured devices...;molecular beam epitaxy (rej);0.361;0;sem match válido;Qwen3.5-4B
ID_3594651355252245;9;Critical properties...;density functional theory (rej);0.491;0;sem match válido;Qwen3.5-4B
ID_3594651355252245;10;Quantum biochemistry...;dna molecule (rej);0.571;0;sem match válido;Qwen3.5-4B
ID_3594651355252245;11;Optical gain spectra...;optical properties (rej);0.733;0;sem match válido;Qwen3.5-4B
ID_3594651355252245;12;Configuration-Interaction Excitonic Absorption...;optical absorption (rej);0.494;0;sem match válido;Qwen3.5-4B
ID_3594651355252245;13;Omnidirectional band-gaps...;band structure (rej);0.642;0;sem match válido;Qwen3.5-4B
ID_3594651355252245;14;Magnetoresistencia autosilimar em filmes finos tipo Fibonacci: O papel do acoplamento biquadratico;magnetic polaritons (rej);0.521;0;sem match válido;Qwen3.5-4B
ID_3594651355252245;15;Structural;quasiperiodic structures (rej);0.663;0;sem match válido;Qwen3.5-4B
ID_3594651355252245;16;Transicoes de Fase, Manganitas;raman scattering (rej);0.509;0;sem match válido;Qwen3.5-4B
ID_3594651355252245;17;mantenha o IDIOMA das publicações;dna molecule (rej);0.284;0;sem match válido;Qwen3.5-4B
ID_3594651355252245;18;system;ising model (rej);0.434;0;sem match válido;Qwen3.5-4B
ID_3594651355252245;19;mantenha o IDIOMA das publicações nas tags;dna molecule (rej);0.261;0;sem match válido;Qwen3.5-4B
ID_3594651355252245;20;;;;;;Qwen3.5-4B
ID_7927685281122435;1;inversao de dados geofisicos;tilted transversely isotropic (rej);0.523;0;sem match válido;Qwen3.5-4B
ID_7927685281122435;2;entropia relativa minima;stabilized least-squares imaging (rej);0.324;0;sem match válido;Qwen3.5-4B
ID_7927685281122435;3;dominio tau-p;tti pure p-wave (rej);0.440;0;sem match válido;Qwen3.5-4B
ID_7927685281122435;4;geofisica aplicada;tilted transversely isotropic (rej);0.453;0;sem match válido;Qwen3.5-4B
ID_7927685281122435;5;metodos sismicos;pré-empilhamento em profundidade (rej);0.476;0;sem match válido;Qwen3.5-4B
ID_7927685281122435;6;inversao de dados sismicos;pré-empilhamento em profundidade (rej);0.455;0;sem match válido;Qwen3.5-4B
ID_7927685281122435;7;modelagem sismica;pré-empilhamento em profundidade (rej);0.450;0;sem match válido;Qwen3.5-4B
ID_7927685281122435;8;migracao sismica;migração pré-empilhamento (rej);0.684;0;sem match válido;Qwen3.5-4B
ID_7927685281122435;9;imageamento sismico;pré-empilhamento em profundidade (rej);0.450;0;sem match válido;Qwen3.5-4B
ID_7927685281122435;10;equacao da onda;wave equation;0.840;2;match válido;Qwen3.5-4B
ID_7927685281122435;11;migracao reversa no tempo;reverse time migration;0.854;3;match válido;Qwen3.5-4B
ID_7927685281122435;12;meio transversalmente isotropo;tilted transversely isotropic;0.768;2;match válido;Qwen3.5-4B
ID_7927685281122435;13;anisotropia;complex padé (rej);0.473;0;sem match válido;Qwen3.5-4B
ID_7927685281122435;14;diferencas finitas;complex padé (rej);0.474;0;sem match válido;Qwen3.5-4B
ID_7927685281122435;15;metodo expansao rapida;rapid expansion method;0.781;3;match válido;Qwen3.5-4B
ID_7927685281122435;16;migracao de tiro comum;migration (rej);0.716;0;sem match válido;Qwen3.5-4B
ID_7927685281122435;17;amplitude verdadeira;true-amplitude migration (rej);0.621;0;sem match válido;Qwen3.5-4B
ID_7927685281122435;18;ondas planas;plane wave (rej);0.744;0;sem match válido;Qwen3.5-4B
ID_7927685281122435;19;migracao pre-empilhamento;migração pré-empilhamento;0.988;2;match válido;Qwen3.5-4B
ID_7927685281122435;20;operador split-step;split-step operator;0.972;2;match válido;Qwen3.5-4B
ID_0915732258069388;1;High-resolution continuum source AAS;f aas (rej);0.444;0;sem match válido;Qwen3.5-4B
ID_0915732258069388;2;Graphite furnace atomic absorption;flame atomic absorption;0.791;2;match válido;Qwen3.5-4B
ID_0915732258069388;3;Molecular absorption spectrometry;molecular absorption spectrometry;0.996;2;match válido;Qwen3.5-4B
ID_0915732258069388;4;Non-metals determination;trace metals (rej);0.706;0;sem match válido;Qwen3.5-4B
ID_0915732258069388;5;Trace metal analysis;trace metals;0.909;2;match válido;Qwen3.5-4B
ID_0915732258069388;6;Flow injection analysis;espectrometria de absorção (rej);0.402;0;sem match válido;Qwen3.5-4B
ID_0915732258069388;7;Solid phase microextraction;solid phase microextraction;0.998;3;match válido;Qwen3.5-4B
ID_0915732258069388;8;Gas chromatography;gas chromatography;0.999;3;match válido;Qwen3.5-4B
ID_0915732258069388;9;Mass spectrometry;molecular absorption spectrometry (rej);0.726;0;sem match válido;Qwen3.5-4B
ID_0915732258069388;10;Preconcentration;spme (rej);0.417;0;sem match válido;Qwen3.5-4B
ID_0915732258069388;11;Silica gel modification;renewal liquid membrane (rej);0.493;0;sem match válido;Qwen3.5-4B
ID_0915732258069388;12;Chitosan functionalization;hs-spme (rej);0.329;0;sem match válido;Qwen3.5-4B
ID_0915732258069388;13;Niobium oxide sorbent;nb2o5–sio2 (rej);0.612;0;sem match válido;Qwen3.5-4B
ID_0915732258069388;14;Headspace extraction;sample preparation (rej);0.297;0;sem match válido;Qwen3.5-4B
ID_0915732258069388;15;Direct solid sampling;sample preparation (rej);0.617;0;sem match válido;Qwen3.5-4B
ID_0915732258069388;16;Environmental samples;environmental samples;0.998;2;match válido;Qwen3.5-4B
ID_0915732258069388;17;Water analysis;environmental samples (rej);0.527;0;sem match válido;Qwen3.5-4B
ID_0915732258069388;18;Airborne particulate matter;environmental samples (rej);0.567;0;sem match válido;Qwen3.5-4B
ID_0915732258069388;19;Traffic-related elements;response surfaces (rej);0.336;0;sem match válido;Qwen3.5-4B
ID_0915732258069388;20;Plant materials;polypropylene membrane (rej);0.407;0;sem match válido;Qwen3.5-4B
ID_3867942762661182;1;Bancos de Dados Temporais;handling temporal information (rej);0.615;0;sem match válido;Qwen3.5-4B
ID_3867942762661182;2;Evolucao de Esquemas;schema evolution;0.898;3;match válido;Qwen3.5-4B
ID_3867942762661182;3;Versionamento;version concepts;0.850;2;match válido;Qwen3.5-4B
ID_3867942762661182;4;Bancos de Dados Orientados a Objetos;information retrieval (rej);0.535;0;sem match válido;Qwen3.5-4B
ID_3867942762661182;5;XML;xml;0.963;3;match válido;Qwen3.5-4B
ID_3867942762661182;6;Linguagem XQuery;queries on xml (rej);0.504;0;sem match válido;Qwen3.5-4B
ID_3867942762661182;7;Metadados Bibliograficos;bibliographic metadata;0.938;2;match válido;Qwen3.5-4B
ID_3867942762661182;8;Deduplicacao;deduplication;0.906;3;match válido;Qwen3.5-4B
ID_3867942762661182;9;Bibliotecas Digitais;digital libraries;0.954;2;match válido;Qwen3.5-4B
ID_3867942762661182;10;Similaridade;similarity;0.990;3;match válido;Qwen3.5-4B
ID_3867942762661182;11;Classificacao;schema (rej);0.607;0;sem match válido;Qwen3.5-4B
ID_3867942762661182;12;Machine Learning;information retrieval (rej);0.409;0;sem match válido;Qwen3.5-4B
ID_3867942762661182;13;Algoritmos de Classificacao;search engines (rej);0.475;0;sem match válido;Qwen3.5-4B
ID_3867942762661182;14;Biodiversidade;biodiversity data management;0.808;2;match válido;Qwen3.5-4B
ID_3867942762661182;15;Taxonomia;schema evolution (rej);0.606;0;sem match válido;Qwen3.5-4B
ID_3867942762661182;16;Visualizacao de Dados;schema (rej);0.530;0;sem match válido;Qwen3.5-4B
ID_3867942762661182;17;Sistemas P2P;world wide web (rej);0.428;0;sem match válido;Qwen3.5-4B
ID_3867942762661182;18;Gestão de Replicas;versioning model (rej);0.593;0;sem match válido;Qwen3.5-4B
ID_3867942762661182;19;Deteccao de Versoes;deduplication (rej);0.362;0;sem match válido;Qwen3.5-4B
ID_3867942762661182;20;Web Services;world wide web (rej);0.624;0;sem match válido;Qwen3.5-4B
ID_7930540518087267;1;Nutrição Animal;nutrition;0.795;1;match válido;Qwen3.5-4B
ID_7930540518087267;2;Aves;frangos de corte (rej);0.571;0;sem match válido;Qwen3.5-4B
ID_7930540518087267;3;Frangos de Corte;frangos de corte;0.796;2;match válido;Qwen3.5-4B
ID_7930540518087267;4;Poedeiras;frangos de corte (rej);0.680;0;sem match válido;Qwen3.5-4B
ID_7930540518087267;5;Aminoácidos;amino acids;0.953;2;match válido;Qwen3.5-4B
ID_7930540518087267;6;Lisina;frangos de corte (rej);0.761;0;sem match válido;Qwen3.5-4B
ID_7930540518087267;7;Treonina;frangos de corte (rej);0.620;0;sem match válido;Qwen3.5-4B
ID_7930540518087267;8;Fosforo;composição química (rej);0.524;0;sem match válido;Qwen3.5-4B
ID_7930540518087267;9;Calcio;frangos de corte (rej);0.516;0;sem match válido;Qwen3.5-4B
ID_7930540518087267;10;Proteína Bruta;ideal protein;0.771;3;match válido;Qwen3.5-4B
ID_7930540518087267;11;Energia Metabolizavel;valores energéticos (rej);0.664;0;sem match válido;Qwen3.5-4B
ID_7930540518087267;12;Digestibilidade;digestibility;0.952;2;match válido;Qwen3.5-4B
ID_7930540518087267;13;Farelo de Mandioca;frangos de corte (rej);0.635;0;sem match válido;Qwen3.5-4B
ID_7930540518087267;14;Farelo de Manga;frangos de corte (rej);0.369;0;sem match válido;Qwen3.5-4B
ID_7930540518087267;15;Resíduos Agroindustriais;rações para frangos (rej);0.417;0;sem match válido;Qwen3.5-4B
ID_7930540518087267;16;Carne;carcass (rej);0.706;0;sem match válido;Qwen3.5-4B
ID_7930540518087267;17;Ovos;egg production;0.841;2;match válido;Qwen3.5-4B
ID_7930540518087267;18;Cecotomia;cp (rej);0.452;0;sem match válido;Qwen3.5-4B
ID_7930540518087267;19;Coelhos;frangos de corte (rej);0.371;0;sem match válido;Qwen3.5-4B
ID_7930540518087267;20;Ruminantes;frangos de corte (rej);0.499;0;sem match válido;Qwen3.5-4B
ID_5957855817378897;1;Grid Computing;grid computing;0.978;3;match válido;Qwen3.5-4B
ID_5957855817378897;2;Service Grids;grid computing (rej);0.788;0;sem match válido;Qwen3.5-4B
ID_5957855817378897;3;Opportunistic Grids;opportunistic grid;0.897;3;match válido;Qwen3.5-4B
ID_5957855817378897;4;EELA-2;redes de escoamento (rej);0.365;0;sem match válido;Qwen3.5-4B
ID_5957855817378897;5;Peer-to-Peer Grids;peer-to-peer grids;0.972;3;match válido;Qwen3.5-4B
ID_5957855817378897;6;Fault Tolerance;fault tolerance;0.932;2;match válido;Qwen3.5-4B
ID_5957855817378897;7;Consensus Protocols;robust adaptive consensus (rej);0.664;0;sem match válido;Qwen3.5-4B
ID_5957855817378897;8;Slowness Oracles;reliable processing (rej);0.519;0;sem match válido;Qwen3.5-4B
ID_5957855817378897;9;Failure Detectors;software fault tolerance (rej);0.576;0;sem match válido;Qwen3.5-4B
ID_5957855817378897;10;Distributed Systems;distributed systems;0.993;3;match válido;Qwen3.5-4B
ID_5957855817378897;11;Adaptive Protocols;robust adaptive consensus (rej);0.618;0;sem match válido;Qwen3.5-4B
ID_5957855817378897;12;Software Testing;software fault tolerance (rej);0.590;0;sem match válido;Qwen3.5-4B
ID_5957855817378897;13;GridUnit;grid;0.936;2;match válido;Qwen3.5-4B
ID_5957855817378897;14;Human Computation;processing (rej);0.592;0;sem match válido;Qwen3.5-4B
ID_5957855817378897;15;Citizen Science;volunteers engagement (rej);0.344;0;sem match válido;Qwen3.5-4B
ID_5957855817378897;16;Volunteer Engagement;volunteers engagement;0.937;3;match válido;Qwen3.5-4B
ID_5957855817378897;17;Cloud Computing;distributed systems (rej);0.518;0;sem match válido;Qwen3.5-4B
ID_5957855817378897;18;Virtualization;distributed systems (rej);0.457;0;sem match válido;Qwen3.5-4B
ID_5957855817378897;19;Energy Efficiency;resource allocation (rej);0.383;0;sem match válido;Qwen3.5-4B
ID_5957855817378897;20;Frequency Scaling;redes de escoamento (rej);0.393;0;sem match válido;Qwen3.5-4B
ID_1290711673273506;1;Power Line Communications;power system communication;0.894;3;match válido;Qwen3.5-4B
ID_1290711673273506;2;Power Quality;power quality;0.997;3;match válido;Qwen3.5-4B
ID_1290711673273506;3;Harmonic Estimation;time-varying harmonic/interharmonic estimation;0.794;2;match válido;Qwen3.5-4B
ID_1290711673273506;4;Signal Processing;signal processing;0.995;3;match válido;Qwen3.5-4B
ID_1290711673273506;5;Power Systems;power systems;0.996;2;match válido;Qwen3.5-4B
ID_1290711673273506;6;Disturbance Detection;signal detection (rej);0.678;0;sem match válido;Qwen3.5-4B
ID_1290711673273506;7;Higher-Order Statistics;técnica de estimação (rej);0.520;0;sem match válido;Qwen3.5-4B
ID_1290711673273506;8;Neural Networks;artificial neural network;0.952;1;match válido;Qwen3.5-4B
ID_1290711673273506;9;Wavelet Transform;wavelet transform;0.899;1;match válido;Qwen3.5-4B
ID_1290711673273506;10;Kalman Filter;signal processing (rej);0.414;0;sem match válido;Qwen3.5-4B
ID_1290711673273506;11;Smart Grids;smart power grids;0.921;3;match válido;Qwen3.5-4B
ID_1290711673273506;12;Data Compression;data compression;0.995;2;match válido;Qwen3.5-4B
ID_1290711673273506;13;Speech Quality Assessment;quality events recognition (rej);0.477;0;sem match válido;Qwen3.5-4B
ID_1290711673273506;14;Self-Organizing Maps;detecção e classificação (rej);0.365;0;sem match válido;Qwen3.5-4B
ID_1290711673273506;15;Support Vector Machine;signal processing (rej);0.416;0;sem match válido;Qwen3.5-4B
ID_1290711673273506;16;MIMO;voip (rej);0.412;0;sem match válido;Qwen3.5-4B
ID_1290711673273506;17;Single-Carrier Modulation;carrier transmission on power lines (rej);0.572;0;sem match válido;Qwen3.5-4B
ID_1290711673273506;18;OFDM;voip (rej);0.419;0;sem match válido;Qwen3.5-4B
ID_1290711673273506;19;Impulsive Noise;amplitude estimation (rej);0.507;0;sem match válido;Qwen3.5-4B
ID_1290711673273506;20;Frequency Domain Equalization;frequency estimation (rej);0.662;0;sem match válido;Qwen3.5-4B
ID_3746397954560718;1;Oceanografia fisica;princeton ocean model (rej);0.731;0;sem match válido;Qwen3.5-4B
ID_3746397954560718;2;Corrente do Brasil;southern brazilian;0.847;1;match válido;Qwen3.5-4B
ID_3746397954560718;3;Vortice de Abrolhos;abrolhos;0.891;2;match válido;Qwen3.5-4B
ID_3746397954560718;4;Correntes superficiais;upwelling and downwelling (rej);0.543;0;sem match válido;Qwen3.5-4B
ID_3746397954560718;5;Modelagem numerica;two-dimensional modelling (rej);0.697;0;sem match válido;Qwen3.5-4B
ID_3746397954560718;6;Oceanografia por Satelite;princeton ocean model (rej);0.650;0;sem match válido;Qwen3.5-4B
ID_3746397954560718;7;Sensoriamento remoto;sequential infrared satellite (rej);0.550;0;sem match válido;Qwen3.5-4B
ID_3746397954560718;8;Chlorophyll-a;marine ecology (rej);0.284;0;sem match válido;Qwen3.5-4B
ID_3746397954560718;9;Ressurgencia;abrolhos (rej);0.464;0;sem match válido;Qwen3.5-4B
ID_3746397954560718;10;Correntes de Mare;abrolhos (rej);0.581;0;sem match válido;Qwen3.5-4B
ID_3746397954560718;11;Nivel Medio do Mar;sea level measurements;0.765;2;match válido;Qwen3.5-4B
ID_3746397954560718;12;Derramamento de Oleo;oil;0.812;2;match válido;Qwen3.5-4B
ID_3746397954560718;13;Modelo OSCAR;oscar (rej);0.639;0;sem match válido;Qwen3.5-4B
ID_3746397954560718;14;Modelo POM;inverse model (rej);0.495;0;sem match válido;Qwen3.5-4B
ID_3746397954560718;15;Abrolhos Bank;abrolhos (rej);0.775;0;sem match válido;Qwen3.5-4B
ID_3746397954560718;16;Bacia de Campos;southern brazilian (rej);0.525;0;sem match válido;Qwen3.5-4B
ID_3746397954560718;17;Espirito Santo;tide (rej);0.253;0;sem match válido;Qwen3.5-4B
ID_3746397954560718;18;Rio Grande do Sul;southern brazilian (rej);0.704;0;sem match válido;Qwen3.5-4B
ID_3746397954560718;19;Plataforma Continental;southwestern atlantic ocean (rej);0.507;0;sem match válido;Qwen3.5-4B
ID_3746397954560718;20;Correntes advectivas;oscar (rej);0.612;0;sem match válido;Qwen3.5-4B
ID_5006741787749124;1;Dopamina;neuropsychiatric disorders (rej);0.510;0;sem match válido;Qwen3.5-4B
ID_5006741787749124;2;Esquizofrenia;schizophrenia;0.985;2;match válido;Qwen3.5-4B
ID_5006741787749124;3;Bipolar;bipolar disorder;0.973;1;match válido;Qwen3.5-4B
ID_5006741787749124;4;DARPP-32;darpp-32;0.971;3;match válido;Qwen3.5-4B
ID_5006741787749124;5;NCS-1;ncs-1;0.937;3;match válido;Qwen3.5-4B
ID_5006741787749124;6;Receptor D2;receptors in t-cells (rej);0.581;0;sem match válido;Qwen3.5-4B
ID_5006741787749124;7;Estresse oxidativo;tryptophan hydroxylase (rej);0.313;0;sem match válido;Qwen3.5-4B
ID_5006741787749124;8;Genética psiquiátrica;psychiatric genetics research;0.941;2;match válido;Qwen3.5-4B
ID_5006741787749124;9;Polimorfismos;psychiatric genetics research (rej);0.424;0;sem match válido;Qwen3.5-4B
ID_5006741787749124;10;TPH2;receptors in t-cells (rej);0.429;0;sem match válido;Qwen3.5-4B
ID_5006741787749124;11;Sistema serotoninérgico;central nervous system (rej);0.556;0;sem match válido;Qwen3.5-4B
ID_5006741787749124;12;Imunossenescência;immune system (rej);0.771;0;sem match válido;Qwen3.5-4B
ID_5006741787749124;13;Sistema imune;immune system;0.989;1;match válido;Qwen3.5-4B
ID_5006741787749124;14;Células T;receptors in t-cells;0.772;1;match válido;Qwen3.5-4B
ID_5006741787749124;15;Fluxo citométrico;signaling pathway (rej);0.447;0;sem match válido;Qwen3.5-4B
ID_5006741787749124;16;Marcadores biológicos;methylphenidate (rej);0.412;0;sem match válido;Qwen3.5-4B
ID_5006741787749124;17;Medicina molecular;methylphenidate (rej);0.583;0;sem match válido;Qwen3.5-4B
ID_5006741787749124;18;Modelo de peixe-zebra;protein interactions (rej);0.289;0;sem match válido;Qwen3.5-4B
ID_5006741787749124;19;Caenorhabditis elegans;tryptophan hydroxylase (rej);0.278;0;sem match válido;Qwen3.5-4B
ID_5006741787749124;20;Rato;motor behavior (rej);0.341;0;sem match válido;Qwen3.5-4B
ID_9092587237114334;1;Privacidade na Web;privacy;0.835;3;match válido;Qwen3.5-4B
ID_9092587237114334;2;Controle de Privacidade;privacy (rej);0.831;0;sem match válido;Qwen3.5-4B
ID_9092587237114334;3;Anonimidade;privacy (rej);0.733;0;sem match válido;Qwen3.5-4B
ID_9092587237114334;4;Recuperação de Informação;recuperación de información;0.982;3;match válido;Qwen3.5-4B
ID_9092587237114334;5;Modelagem Vetorial;set-based vector model (rej);0.668;0;sem match válido;Qwen3.5-4B
ID_9092587237114334;6;Set-Based Model;set-based vector model;0.798;3;match válido;Qwen3.5-4B
ID_9092587237114334;7;Ranking de Documentos;structural classification (rej);0.463;0;sem match válido;Qwen3.5-4B
ID_9092587237114334;8;Processamento de Consultas;supervised solutions (rej);0.453;0;sem match válido;Qwen3.5-4B
ID_9092587237114334;9;Caches na Web;internet (rej);0.735;0;sem match válido;Qwen3.5-4B
ID_9092587237114334;10;Engenharia de Busca;retrieving information (rej);0.563;0;sem match válido;Qwen3.5-4B
ID_9092587237114334;11;E-commerce;electronic commerce;0.929;3;match válido;Qwen3.5-4B
ID_9092587237114334;12;Broker Eletrônico;electronic commerce (rej);0.589;0;sem match válido;Qwen3.5-4B
ID_9092587237114334;13;Linkagem de Registros;retrieving information (rej);0.414;0;sem match válido;Qwen3.5-4B
ID_9092587237114334;14;Deduplicação de Dados;data mining (rej);0.575;0;sem match válido;Qwen3.5-4B
ID_9092587237114334;15;Bioinformática Estrutural;scientific workflows (rej);0.500;0;sem match válido;Qwen3.5-4B
ID_9092587237114334;16;Proteínas;protein structural;0.849;1;match válido;Qwen3.5-4B
ID_9092587237114334;17;Predição de Função;quantitative information (rej);0.517;0;sem match válido;Qwen3.5-4B
ID_9092587237114334;18;Classificação de Proteínas;protein structure similarity;0.762;3;match válido;Qwen3.5-4B
ID_9092587237114334;19;Mapas de Contato;voronoi diagrams (rej);0.576;0;sem match válido;Qwen3.5-4B
ID_9092587237114334;20;Sinais Estruturais;structural classification (rej);0.706;0;sem match válido;Qwen3.5-4B
ID_7456235597127456;1;SiO2;silicon (rej);0.532;0;sem match válido;Qwen3.5-4B
ID_7456235597127456;2;SiC;silicon (rej);0.510;0;sem match válido;Qwen3.5-4B
ID_7456235597127456;3;photoluminescence;photoluminescence;1.000;2;match válido;Qwen3.5-4B
ID_7456235597127456;4;ion implantation;silicon (rej);0.400;0;sem match válido;Qwen3.5-4B
ID_7456235597127456;5;nanocrystals;n-type gaas layers (rej);0.457;0;sem match válido;Qwen3.5-4B
ID_7456235597127456;6;SiO2 SiC interface;silicon (rej);0.598;0;sem match válido;Qwen3.5-4B
ID_7456235597127456;7;deep level transient spectroscopy;photoluminescence (rej);0.486;0;sem match válido;Qwen3.5-4B
ID_7456235597127456;8;proton irradiation;thermal treatment (rej);0.347;0;sem match válido;Qwen3.5-4B
ID_7456235597127456;9;GaAs;tem (rej);0.499;0;sem match válido;Qwen3.5-4B
ID_7456235597127456;10;SIMOX;tem (rej);0.507;0;sem match válido;Qwen3.5-4B
ID_7456235597127456;11;thermal annealing;thermal treatment;0.756;2;match válido;Qwen3.5-4B
ID_7456235597127456;12;defect passivation;electrical activation (rej);0.491;0;sem match válido;Qwen3.5-4B
ID_7456235597127456;13;electrical characterization;electrical characteristics;0.933;3;match válido;Qwen3.5-4B
ID_7456235597127456;14;MOS structures;voltage-mode quaternary cmos design (rej);0.456;0;sem match válido;Qwen3.5-4B
ID_7456235597127456;15;doping;spice (rej);0.323;0;sem match válido;Qwen3.5-4B
ID_7456235597127456;16;vacancies;tem (rej);0.282;0;sem match válido;Qwen3.5-4B
ID_7456235597127456;17;Raman spectroscopy;photoluminescence (rej);0.470;0;sem match válido;Qwen3.5-4B
ID_7456235597127456;18;TEM;tem;0.937;3;match válido;Qwen3.5-4B
ID_7456235597127456;19;RBS;tem (rej);0.346;0;sem match válido;Qwen3.5-4B
ID_7456235597127456;20;hydrogen peroxide;silicon carbide (rej);0.319;0;sem match válido;Qwen3.5-4B
ID_1602277501575415;1;Voltametria;voltammetry (rej);0.700;0;sem match válido;Qwen3.5-4B
ID_1602277501575415;2;Quimiometria;phenolic (rej);0.551;0;sem match válido;Qwen3.5-4B
ID_1602277501575415;3;Analise Multivariada;multivariate optimization (rej);0.610;0;sem match válido;Qwen3.5-4B
ID_1602277501575415;4;Eletroanalitica;xylem (rej);0.474;0;sem match válido;Qwen3.5-4B
ID_1602277501575415;5;Polimeros Condutores;conducting polymers;0.876;2;match válido;Qwen3.5-4B
ID_1602277501575415;6;Eletrodos Modificados;oxide ph electrodes (rej);0.686;0;sem match válido;Qwen3.5-4B
ID_1602277501575415;7;Adsorcao;xylem (rej);0.553;0;sem match válido;Qwen3.5-4B
ID_1602277501575415;8;Spectrometria ICP OES;uv–vis spectrophotometry (rej);0.572;0;sem match válido;Qwen3.5-4B
ID_1602277501575415;9;Padronizacao de Amostra;xylem (rej);0.605;0;sem match válido;Qwen3.5-4B
ID_1602277501575415;10;Controle Estatistico;voltammetry (rej);0.550;0;sem match válido;Qwen3.5-4B
ID_1602277501575415;11;;;;;;Qwen3.5-4B
ID_1602277501575415;12;;;;;;Qwen3.5-4B
ID_1602277501575415;13;;;;;;Qwen3.5-4B
ID_1602277501575415;14;;;;;;Qwen3.5-4B
ID_1602277501575415;15;;;;;;Qwen3.5-4B
ID_1602277501575415;16;;;;;;Qwen3.5-4B
ID_1602277501575415;17;;;;;;Qwen3.5-4B
ID_1602277501575415;18;;;;;;Qwen3.5-4B
ID_1602277501575415;19;;;;;;Qwen3.5-4B
ID_1602277501575415;20;;;;;;Qwen3.5-4B
ID_3663976246405654;1;Radionuclideos;radionuclide behavior;0.880;3;match válido;Qwen3.5-4B
ID_3663976246405654;2;Solos Tropicais;tropical climate (rej);0.799;0;sem match válido;Qwen3.5-4B
ID_3663976246405654;3;Cesio 137;cesium;0.838;2;match válido;Qwen3.5-4B
ID_3663976246405654;4;Cobalto 60;heavy metals (rej);0.582;0;sem match válido;Qwen3.5-4B
ID_3663976246405654;5;Transferencia Solo Planta;soil-to-plant transfer;0.752;3;match válido;Qwen3.5-4B
ID_3663976246405654;6;Mobilidade Radionuclideos;radionuclide behavior (rej);0.822;0;sem match válido;Qwen3.5-4B
ID_3663976246405654;7;Disponibilidade Bioquimica;soil biosolid amendment (rej);0.513;0;sem match válido;Qwen3.5-4B
ID_3663976246405654;8;Materia Organica;soil biosolid amendment (rej);0.567;0;sem match válido;Qwen3.5-4B
ID_3663976246405654;9;Fracionamento Geoquimico;geochemical partitioning;0.780;3;match válido;Qwen3.5-4B
ID_3663976246405654;10;Extracao Sequencial;trace elements (rej);0.462;0;sem match válido;Qwen3.5-4B
ID_3663976246405654;11;Contaminacao Radioativa;uranium (rej);0.631;0;sem match válido;Qwen3.5-4B
ID_3663976246405654;12;Ecossistemas Tropicais;tropical climate;0.827;1;match válido;Qwen3.5-4B
ID_3663976246405654;13;Solos Oxisol;cesium (rej);0.416;0;sem match válido;Qwen3.5-4B
ID_3663976246405654;14;Solos Alfisol;trace elements (rej);0.377;0;sem match válido;Qwen3.5-4B
ID_3663976246405654;15;Solos Nitisol;radionuclide behavior (rej);0.332;0;sem match válido;Qwen3.5-4B
ID_3663976246405654;16;Solos Ferralsol;cesium (rej);0.366;0;sem match válido;Qwen3.5-4B
ID_3663976246405654;17;Solos Histosol;trace elements (rej);0.304;0;sem match válido;Qwen3.5-4B
ID_3663976246405654;18;Sistemas Agroecologicos;soil-to-plant transfer (rej);0.578;0;sem match válido;Qwen3.5-4B
ID_3663976246405654;19;Plantas Cultivadas;soy leaves (rej);0.725;0;sem match válido;Qwen3.5-4B
ID_3663976246405654;20;Remediacao de Solos;lead (rej);0.418;0;sem match válido;Qwen3.5-4B
ID_6175285839739641;1;Crista Neural;neural crest (rej);0.763;0;sem match válido;Qwen3.5-4B
ID_6175285839739641;2;Células Tronco;cell differentiation (rej);0.743;0;sem match válido;Qwen3.5-4B
ID_6175285839739641;3;Matriz Extracelular;extracellular matrix;0.980;3;match válido;Qwen3.5-4B
ID_6175285839739641;4;Glicosaminoglicanos;glial cells (rej);0.631;0;sem match válido;Qwen3.5-4B
ID_6175285839739641;5;Fibronectina;astroglial cells (rej);0.425;0;sem match válido;Qwen3.5-4B
ID_6175285839739641;6;Laminina;laminin;0.927;3;match válido;Qwen3.5-4B
ID_6175285839739641;7;Hormônio Tireoidiano;thyroid hormone;0.831;2;match válido;Qwen3.5-4B
ID_6175285839739641;8;Astrocitos;astroglial cells;0.795;2;match válido;Qwen3.5-4B
ID_6175285839739641;9;Glioma;glial cells;0.838;3;match válido;Qwen3.5-4B
ID_6175285839739641;10;Neurogênese;neuron;0.822;3;match válido;Qwen3.5-4B
ID_6175285839739641;11;Diferenciação Neural;neural crest (rej);0.659;0;sem match válido;Qwen3.5-4B
ID_6175285839739641;12;Fator de Crescimento Fibroblástico;neural crest progenitors (rej);0.510;0;sem match válido;Qwen3.5-4B
ID_6175285839739641;13;Neural Crest;neural crest;0.991;3;match válido;Qwen3.5-4B
ID_6175285839739641;14;Placenta;thyroid hormone (rej);0.326;0;sem match válido;Qwen3.5-4B
ID_6175285839739641;15;Células Tronco Mesenquimais;cell differentiation (rej);0.740;0;sem match válido;Qwen3.5-4B
ID_6175285839739641;16;Microambiente;extracellular matrix (rej);0.384;0;sem match válido;Qwen3.5-4B
ID_6175285839739641;17;Adesão Celular;cell viability (rej);0.544;0;sem match válido;Qwen3.5-4B
ID_6175285839739641;18;Proliferação Celular;cell viability (rej);0.534;0;sem match válido;Qwen3.5-4B
ID_6175285839739641;19;Cerebelo;neural crest (rej);0.491;0;sem match válido;Qwen3.5-4B
ID_6175285839739641;20;Desnutrição;hypothyroidism (rej);0.384;0;sem match válido;Qwen3.5-4B
ID_6911356765220023;1;Simulações Computacionais;numerical simulations;0.918;2;match válido;Qwen3.5-4B
ID_6911356765220023;2;Dinâmica Browniana;non-markovian massive brownian (rej);0.639;0;sem match válido;Qwen3.5-4B
ID_6911356765220023;3;Sistemas Granulares;smooth granular systems;0.771;3;match válido;Qwen3.5-4B
ID_6911356765220023;4;Supercondutividade Anisotrópica;type-ii superconducting systems;0.812;1;match válido;Qwen3.5-4B
ID_6911356765220023;5;Linha de Vórtice;vortex lines (rej);0.646;0;sem match válido;Qwen3.5-4B
ID_6911356765220023;6;Gás Granular;granular gas;0.855;3;match válido;Qwen3.5-4B
ID_6911356765220023;7;Modelo de Potts;zeroth potts state (rej);0.651;0;sem match válido;Qwen3.5-4B
ID_6911356765220023;8;Latices Hierárquicos;pattern formation (rej);0.572;0;sem match válido;Qwen3.5-4B
ID_6911356765220023;9;Multifractalidade;multifractality;0.989;2;match válido;Qwen3.5-4B
ID_6911356765220023;10;Renormalização Grupal;multifractality (rej);0.551;0;sem match válido;Qwen3.5-4B
ID_6911356765220023;11;Ruído Não-Gaussiano;noise;0.778;3;match válido;Qwen3.5-4B
ID_6911356765220023;12;Equações de Langevin;velocity-dependent coefficients (rej);0.530;0;sem match válido;Qwen3.5-4B
ID_6911356765220023;13;Conductância Térmica;thermal conductance;0.861;3;match válido;Qwen3.5-4B
ID_6911356765220023;14;Sistemas Fora do Equilíbrio;stochastic processes (theory) (rej);0.511;0;sem match válido;Qwen3.5-4B
ID_6911356765220023;15;Copolímeros Dibloco;thin diblock copolymer (rej);0.578;0;sem match válido;Qwen3.5-4B
ID_6911356765220023;16;Padrões de Microfase;smooth granular systems (rej);0.567;0;sem match válido;Qwen3.5-4B
ID_6911356765220023;17;Latices Automáticos;small tilt (rej);0.449;0;sem match válido;Qwen3.5-4B
ID_6911356765220023;18;Cavidades Isolantes;granular gas (rej);0.428;0;sem match válido;Qwen3.5-4B
ID_6911356765220023;19;Condensação de Bose-Einstein;brownian particle (rej);0.580;0;sem match válido;Qwen3.5-4B
ID_6911356765220023;20;Trabalho Não Equilibrado;time-average (rej);0.387;0;sem match válido;Qwen3.5-4B
ID_3590884268165249;1;Arsenite;arsenic (rej);0.780;0;sem match válido;Qwen3.5-4B
ID_3590884268165249;2;Arsenico;arsenic;0.964;3;match válido;Qwen3.5-4B
ID_3590884268165249;3;Arsenico (III);arsenic (rej);0.834;0;sem match válido;Qwen3.5-4B
ID_3590884268165249;4;Arsenico (V);arsenic (rej);0.840;0;sem match válido;Qwen3.5-4B
ID_3590884268165249;5;Biossorcao;biosorption;0.849;3;match válido;Qwen3.5-4B
ID_3590884268165249;6;Remocao de Arsenico;arsenic removal;0.898;3;match válido;Qwen3.5-4B
ID_3590884268165249;7;Biomassa;biosorption (rej);0.581;0;sem match válido;Qwen3.5-4B
ID_3590884268165249;8;Proteica;pyrite (rej);0.448;0;sem match válido;Qwen3.5-4B
ID_3590884268165249;9;Cisteina;sorption (rej);0.426;0;sem match válido;Qwen3.5-4B
ID_3590884268165249;10;Sulfidrila;pyrite in alkaline (rej);0.551;0;sem match válido;Qwen3.5-4B
ID_3590884268165249;11;EXAFS;removal (rej);0.383;0;sem match válido;Qwen3.5-4B
ID_3590884268165249;12;XAS;sorption (rej);0.549;0;sem match válido;Qwen3.5-4B
ID_3590884268165249;13;Raman;raman spectroscopy (rej);0.424;0;sem match válido;Qwen3.5-4B
ID_3590884268165249;14;Espectroscopia;raman spectroscopy;0.798;3;match válido;Qwen3.5-4B
ID_3590884268165249;15;DFT;imobilização (rej);0.411;0;sem match válido;Qwen3.5-4B
ID_3590884268165249;16;Modelagem Molecular;b. chemical synthesis (rej);0.551;0;sem match válido;Qwen3.5-4B
ID_3590884268165249;17;Bentonita;imobilização (rej);0.360;0;sem match válido;Qwen3.5-4B
ID_3590884268165249;18;Argila;raman spectroscopy (rej);0.442;0;sem match válido;Qwen3.5-4B
ID_3590884268165249;19;Funcionalizacao;functionalization;0.784;2;match válido;Qwen3.5-4B
ID_3590884268165249;20;Mercapto;imobilização (rej);0.380;0;sem match válido;Qwen3.5-4B
ID_3524890504250775;1;Esmalte dental;dental enamel;0.935;1;match válido;Qwen3.5-4B
ID_3524890504250775;2;Dentina;enamel and dentin;0.810;1;match válido;Qwen3.5-4B
ID_3524890504250775;3;Laser Er:YAG;er:yag laser;0.969;1;match válido;Qwen3.5-4B
ID_3524890504250775;4;Laser CO2;laser de diodo (rej);0.724;0;sem match válido;Qwen3.5-4B
ID_3524890504250775;5;Laser Nd:YAG;diode laser;0.751;1;match válido;Qwen3.5-4B
ID_3524890504250775;6;Laser Er,Cr:YSGG;er:yag laser (rej);0.877;0;sem match válido;Qwen3.5-4B
ID_3524890504250775;7;Resistência adesiva;ftir (rej);0.521;0;sem match válido;Qwen3.5-4B
ID_3524890504250775;8;Bond strength;enamel (rej);0.347;0;sem match válido;Qwen3.5-4B
ID_3524890504250775;9;Microleakage;microleakage;0.996;1;match válido;Qwen3.5-4B
ID_3524890504250775;10;Fluoreto;fluoride;0.887;1;match válido;Qwen3.5-4B
ID_3524890504250775;11;Prevenção de cárie;ftir (rej);0.589;0;sem match válido;Qwen3.5-4B
ID_3524890504250775;12;Desmineralização;demineralization (rej);0.747;0;sem match válido;Qwen3.5-4B
ID_3524890504250775;13;Biofotônica;spectroscopy (rej);0.570;0;sem match válido;Qwen3.5-4B
ID_3524890504250775;14;Espectroscopia FTIR;spectroscopy;0.784;2;match válido;Qwen3.5-4B
ID_3524890504250775;15;Tomografia coerência óptica;optical coherence (rej);0.733;0;sem match válido;Qwen3.5-4B
ID_3524890504250775;16;Microdureza;microleakage (rej);0.693;0;sem match válido;Qwen3.5-4B
ID_3524890504250775;17;Microscopia eletrônica;spectroscopy (rej);0.668;0;sem match válido;Qwen3.5-4B
ID_3524890504250775;18;Microscopia de força atômica;spectroscopy (rej);0.580;0;sem match válido;Qwen3.5-4B
ID_3524890504250775;19;Cicatrização tecidual;enamel (rej);0.562;0;sem match válido;Qwen3.5-4B
ID_3524890504250775;20;Terapia laser de baixa intensidade;laser/therapeutic use;0.893;3;match válido;Qwen3.5-4B
ID_7594033934995220;1;Floristica;florística em trechos;0.923;1;match válido;Qwen3.5-4B
ID_7594033934995220;2;Caatinga;zona da mata (rej);0.493;0;sem match válido;Qwen3.5-4B
ID_7594033934995220;3;Brejo de Altitude;árido (rej);0.694;0;sem match válido;Qwen3.5-4B
ID_7594033934995220;4;Taxonomia;listas das espécies;0.793;3;match válido;Qwen3.5-4B
ID_7594033934995220;5;Asteraceae;taxons da flora (rej);0.657;0;sem match válido;Qwen3.5-4B
ID_7594033934995220;6;Fitossociologia;etnobotânica de plantas (rej);0.492;0;sem match válido;Qwen3.5-4B
ID_7594033934995220;7;Etnobotanica;etnobotânica de plantas;0.795;1;match válido;Qwen3.5-4B
ID_7594033934995220;8;Herbario;herbário ipa;0.828;3;match válido;Qwen3.5-4B
ID_7594033934995220;9;Pernambuco;pernambuco e região;0.756;3;match válido;Qwen3.5-4B
ID_7594033934995220;10;Diversidade Vegetal;vegetação e flora (rej);0.611;0;sem match válido;Qwen3.5-4B
ID_7594033934995220;11;Ecossistemas do Nordeste;flora do nordeste;0.842;3;match válido;Qwen3.5-4B
ID_7594033934995220;12;Ichthyothere;vernonieae (rej);0.497;0;sem match válido;Qwen3.5-4B
ID_7594033934995220;13;Leguminosae;sertão de pernambuco (rej);0.682;0;sem match válido;Qwen3.5-4B
ID_7594033934995220;14;Recuperacao de Areas Degradadas;indicadas para recuperação (rej);0.593;0;sem match válido;Qwen3.5-4B
ID_7594033934995220;15;Plantas Medicinais;plantas medicinais utilizadas;0.971;2;match válido;Qwen3.5-4B
ID_7594033934995220;16;Conservacao Vegetal;vernonia condensata (rej);0.681;0;sem match válido;Qwen3.5-4B
ID_7594033934995220;17;Ecologia;reserva ecológica;0.798;2;match válido;Qwen3.5-4B
ID_7594033934995220;18;Sistematica Vegetal;vernonia condensata (rej);0.662;0;sem match válido;Qwen3.5-4B
ID_7594033934995220;19;Endemismos;zona da mata (rej);0.701;0;sem match válido;Qwen3.5-4B
ID_7594033934995220;20;Vegetacao;vernonia condensata;0.810;2;match válido;Qwen3.5-4B
ID_3059520185406581;1;Processamento Digital de Imagens;processamento digital (rej);0.723;0;sem match válido;Qwen3.5-4B
ID_3059520185406581;2;Mecanica dos Fluidos;surface reconstruction (rej);0.341;0;sem match válido;Qwen3.5-4B
ID_3059520185406581;3;Segmentacao de Video;video segmentation;0.893;3;match válido;Qwen3.5-4B
ID_3059520185406581;4;Recuperacao de Informacao Visual;recuperação de informação (rej);0.680;0;sem match válido;Qwen3.5-4B
ID_3059520185406581;5;Analise de Imagens;image classification (rej);0.694;0;sem match válido;Qwen3.5-4B
ID_3059520185406581;6;Bases de Dados de Imagens;image classification (rej);0.722;0;sem match válido;Qwen3.5-4B
ID_3059520185406581;7;Classificacao de Imagens;image classification;0.964;3;match válido;Qwen3.5-4B
ID_3059520185406581;8;Hiperspectral;thematic maps (rej);0.373;0;sem match válido;Qwen3.5-4B
ID_3059520185406581;9;Bioengenharia;processamento digital (rej);0.177;0;sem match válido;Qwen3.5-4B
ID_3059520185406581;10;Coracao;bens culturais móveis (rej);0.355;0;sem match válido;Qwen3.5-4B
ID_3059520185406581;11;Coracao Artificial;surface reconstruction (rej);0.499;0;sem match válido;Qwen3.5-4B
ID_3059520185406581;12;Proteina;image segmentation (rej);0.195;0;sem match válido;Qwen3.5-4B
ID_3059520185406581;13;Redes Sociais;video social networks;0.797;3;match válido;Qwen3.5-4B
ID_3059520185406581;14;Banco de Palavras;visual dictionary (rej);0.418;0;sem match válido;Qwen3.5-4B
ID_3059520185406581;15;Aprendizado de Maquina;support vector machines (rej);0.452;0;sem match válido;Qwen3.5-4B
ID_3059520185406581;16;Mamografia;photometric validation (rej);0.213;0;sem match válido;Qwen3.5-4B
ID_3059520185406581;17;Inteligencia Computacional;sistemas de informação (rej);0.542;0;sem match válido;Qwen3.5-4B
ID_3059520185406581;18;Digitalizacao;processamento digital;0.822;3;match válido;Qwen3.5-4B
ID_3059520185406581;19;Morfologia Matematica;visual dictionary (rej);0.480;0;sem match válido;Qwen3.5-4B
ID_3059520185406581;20;Reconstrucao 3D;surface reconstruction (rej);0.745;0;sem match válido;Qwen3.5-4B
ID_3939504645911140;1;irrigacao;produção de mudas (rej);0.683;0;sem match válido;Qwen3.5-4B
ID_3939504645911140;2;esgotos tratados;treated wastewater;0.762;3;match válido;Qwen3.5-4B
ID_3939504645911140;3;sistema solo-planta;produção de mudas (rej);0.550;0;sem match válido;Qwen3.5-4B
ID_3939504645911140;4;agrometeorologia;uso agrícola (rej);0.655;0;sem match válido;Qwen3.5-4B
ID_3939504645911140;5;capim marandu;tiller;0.760;2;match válido;Qwen3.5-4B
ID_3939504645911140;6;milho;silagem de milho (rej);0.737;0;sem match válido;Qwen3.5-4B
ID_3939504645911140;7;estresse hidrico;water retention (rej);0.637;0;sem match válido;Qwen3.5-4B
ID_3939504645911140;8;fertilidade do solo;umidade em solos (rej);0.643;0;sem match válido;Qwen3.5-4B
ID_3939504645911140;9;nutricao mineral;silagem de milho (rej);0.448;0;sem match válido;Qwen3.5-4B
ID_3939504645911140;10;zeolita;zea mays;0.762;3;match válido;Qwen3.5-4B
ID_3939504645911140;11;adubacao;tiller (rej);0.711;0;sem match válido;Qwen3.5-4B
ID_3939504645911140;12;cafeicultura;produção de mudas (rej);0.681;0;sem match válido;Qwen3.5-4B
ID_3939504645911140;13;ambiente protegido;avaliação dos impactos (rej);0.405;0;sem match válido;Qwen3.5-4B
ID_3939504645911140;14;modelos hidrologicos;water balance (rej);0.588;0;sem match válido;Qwen3.5-4B
ID_3939504645911140;15;recursos hídricos;water deficit;0.767;3;match válido;Qwen3.5-4B
ID_3939504645911140;16;sodicidade;tiller (rej);0.681;0;sem match válido;Qwen3.5-4B
ID_3939504645911140;17;potassio;total soluble solids (rej);0.453;0;sem match válido;Qwen3.5-4B
ID_3939504645911140;18;nitrogenio;matéria seca (rej);0.463;0;sem match válido;Qwen3.5-4B
ID_3939504645911140;19;phosphoro;treated wastewater (rej);0.425;0;sem match válido;Qwen3.5-4B
ID_3939504645911140;20;sulfato;total soluble solids (rej);0.469;0;sem match válido;Qwen3.5-4B
ID_5832558504922244;1;prensagem isostatica;prensagem isostática utilizando;0.889;3;match válido;Qwen3.5-4B
ID_5832558504922244;2;elementos finitos;numerical analysis (rej);0.463;0;sem match válido;Qwen3.5-4B
ID_5832558504922244;3;ceramica;structural ceramics;0.876;2;match válido;Qwen3.5-4B
ID_5832558504922244;4;hidroxiapatita;tribology (rej);0.440;0;sem match válido;Qwen3.5-4B
ID_5832558504922244;5;bioativos;prensagem isostática utilizando (rej);0.387;0;sem match válido;Qwen3.5-4B
ID_5832558504922244;6;prototipagem rapida;rapid prototyping technique;0.945;3;match válido;Qwen3.5-4B
ID_5832558504922244;7;scaffolds;porous alumina scaffolds (rej);0.707;0;sem match válido;Qwen3.5-4B
ID_5832558504922244;8;implantes;resin composite (rej);0.478;0;sem match válido;Qwen3.5-4B
ID_5832558504922244;9;biocompatibilidade;permeability identification (rej);0.432;0;sem match válido;Qwen3.5-4B
ID_5832558504922244;10;poliuretano;resin composite;0.806;2;match válido;Qwen3.5-4B
ID_5832558504922244;11;biopolimeros;resin composite (rej);0.624;0;sem match válido;Qwen3.5-4B
ID_5832558504922244;12;tribologia;tribology;0.954;3;match válido;Qwen3.5-4B
ID_5832558504922244;13;desgaste;prensagem isostática utilizando (rej);0.584;0;sem match válido;Qwen3.5-4B
ID_5832558504922244;14;usina a verde;máquina de ensaio (rej);0.439;0;sem match válido;Qwen3.5-4B
ID_5832558504922244;15;mancais aerostaticos;aerostatic porous bearing (rej);0.675;0;sem match válido;Qwen3.5-4B
ID_5832558504922244;16;mancais porosos;porous ceramic materials (rej);0.664;0;sem match válido;Qwen3.5-4B
ID_5832558504922244;17;alumina;porous alumina scaffolds (rej);0.540;0;sem match válido;Qwen3.5-4B
ID_5832558504922244;18;biovidro;tribology (rej);0.601;0;sem match válido;Qwen3.5-4B
ID_5832558504922244;19;simulacao numerica;mathematical model (rej);0.744;0;sem match válido;Qwen3.5-4B
ID_5832558504922244;20;enxerto osseo;tibialis anterior (rej);0.603;0;sem match válido;Qwen3.5-4B
ID_3563923906851611;1;Refactoring;refactoring;0.996;3;match válido;Qwen3.5-4B
ID_3563923906851611;2;Model Refactoring;model-driven refactoring;0.960;3;match válido;Qwen3.5-4B
ID_3563923906851611;3;Object Models;object model;0.967;1;match válido;Qwen3.5-4B
ID_3563923906851611;4;Alloy;java (rej);0.634;0;sem match válido;Qwen3.5-4B
ID_3563923906851611;5;Theorem Proving;theorem proving;0.998;2;match válido;Qwen3.5-4B
ID_3563923906851611;6;Formal Methods;type system (rej);0.446;0;sem match válido;Qwen3.5-4B
ID_3563923906851611;7;JML;java program generator (rej);0.437;0;sem match válido;Qwen3.5-4B
ID_3563923906851611;8;Java;annotated java;0.758;2;match válido;Qwen3.5-4B
ID_3563923906851611;9;UML;java (rej);0.432;0;sem match válido;Qwen3.5-4B
ID_3563923906851611;10;Conformance;conformance;0.985;2;match válido;Qwen3.5-4B
ID_3563923906851611;11;Behavior Preservation;behavior preservation;0.983;2;match válido;Qwen3.5-4B
ID_3563923906851611;12;Type System;type system;0.996;1;match válido;Qwen3.5-4B
ID_3563923906851611;13;Program Invariants;object-oriented programming laws (rej);0.625;0;sem match válido;Qwen3.5-4B
ID_3563923906851611;14;Software Product Lines;software engineering (rej);0.721;0;sem match válido;Qwen3.5-4B
ID_3563923906851611;15;Feature Models;object model (rej);0.634;0;sem match válido;Qwen3.5-4B
ID_3563923906851611;16;Design Patterns;structural object models (rej);0.535;0;sem match válido;Qwen3.5-4B
ID_3563923906851611;17;RUP;java (rej);0.529;0;sem match válido;Qwen3.5-4B
ID_3563923906851611;18;Static Analysis;static semantics (rej);0.730;0;sem match válido;Qwen3.5-4B
ID_3563923906851611;19;Automated Testing;automated testing;0.989;2;match válido;Qwen3.5-4B
ID_3563923906851611;20;Test Case Prioritization;test suites (rej);0.564;0;sem match válido;Qwen3.5-4B
ID_2002515486942024;1;Algoritmos;polynomial time algorithms (rej);0.675;0;sem match válido;Qwen3.5-4B
ID_2002515486942024;2;Estruturas de Dados;structured program (rej);0.485;0;sem match válido;Qwen3.5-4B
ID_2002515486942024;3;Teoria dos Grafos;graph;0.845;3;match válido;Qwen3.5-4B
ID_2002515486942024;4;Grafos de Comparabilidade;comparability graphs;0.905;3;match válido;Qwen3.5-4B
ID_2002515486942024;5;Grafos de Intervalo;interval graphs;0.908;3;match válido;Qwen3.5-4B
ID_2002515486942024;6;Cliques;maximal cliques (rej);0.733;0;sem match válido;Qwen3.5-4B
ID_2002515486942024;7;Fecho Transitivo;transitive orientations (rej);0.748;0;sem match válido;Qwen3.5-4B
ID_2002515486942024;8;Ordenação Topológica;intersecting sets (rej);0.532;0;sem match válido;Qwen3.5-4B
ID_2002515486942024;9;Teorema de Helly;helly property (rej);0.613;0;sem match válido;Qwen3.5-4B
ID_2002515486942024;10;Hipergrafos;helly hypergraphs (rej);0.729;0;sem match válido;Qwen3.5-4B
ID_2002515486942024;11;Convexidade de Grafos;convexity;0.784;3;match válido;Qwen3.5-4B
ID_2002515486942024;12;Caratheodory;geodetic convexity (rej);0.467;0;sem match válido;Qwen3.5-4B
ID_2002515486942024;13;Árvores de Busca;neighborhood-helly graphs (rej);0.366;0;sem match válido;Qwen3.5-4B
ID_2002515486942024;14;Códigos de Paridade;comparability graph (rej);0.474;0;sem match válido;Qwen3.5-4B
ID_2002515486942024;15;Compactação de Dados;comparability graphs (rej);0.402;0;sem match válido;Qwen3.5-4B
ID_2002515486942024;16;Algoritmos Paralelos;polynomial time algorithms (rej);0.624;0;sem match válido;Qwen3.5-4B
ID_2002515486942024;17;Processamento Distribuído;local majority process (rej);0.481;0;sem match válido;Qwen3.5-4B
ID_2002515486942024;18;Modular Decomposition;computational complexity (rej);0.390;0;sem match válido;Qwen3.5-4B
ID_2002515486942024;19;Fechamento Transitivo;transitive orientations (rej);0.639;0;sem match válido;Qwen3.5-4B
ID_2002515486942024;20;Marcação d'Água;hull number (rej);0.443;0;sem match válido;Qwen3.5-4B
ID_7026313596468626;1;Otimizacao Combinatoria;compact formulation (rej);0.650;0;sem match válido;Qwen3.5-4B
ID_7026313596468626;2;Programacao Linear;polynomial formulation (rej);0.551;0;sem match válido;Qwen3.5-4B
ID_7026313596468626;3;Programacao Estocastica Inteira;stochastic integer programming (rej);0.516;0;sem match válido;Qwen3.5-4B
ID_7026313596468626;4;Arvore Geradora Minima;lagrangian relaxation (rej);0.386;0;sem match válido;Qwen3.5-4B
ID_7026313596468626;5;Redes de Telecomunicacoes;telecommunications network capacity;0.828;3;match válido;Qwen3.5-4B
ID_7026313596468626;6;Decomposicao de Benders;benders decomposition;0.935;3;match válido;Qwen3.5-4B
ID_7026313596468626;7;Branch-and-Bound;branch and bound;0.934;1;match válido;Qwen3.5-4B
ID_7026313596468626;8;Heuristicas Lagrangeanas;lagrangian heuristic;0.881;2;match válido;Qwen3.5-4B
ID_7026313596468626;9;Otimizacao em Arvore;compact formulation (rej);0.436;0;sem match válido;Qwen3.5-4B
ID_7026313596468626;10;Demanda Incerta;uncertain demand;0.959;1;match válido;Qwen3.5-4B
ID_7026313596468626;11;Problema do Caminho Minimo;restricted problem (rej);0.551;0;sem match válido;Qwen3.5-4B
ID_7026313596468626;12;Sistemas Especialistas;stochastic subgradient procedures (rej);0.436;0;sem match válido;Qwen3.5-4B
ID_7026313596468626;13;Regras de Producao;restricted problem (rej);0.425;0;sem match válido;Qwen3.5-4B
ID_7026313596468626;14;Informatica Aplicada a Saude;compact formulation (rej);0.451;0;sem match válido;Qwen3.5-4B
ID_7026313596468626;15;Redes de Computadores;network design;0.754;2;match válido;Qwen3.5-4B
ID_7026313596468626;16;Capacidade de Redes;network capacity design;0.893;3;match válido;Qwen3.5-4B
ID_7026313596468626;17;Expansao de Redes;telecommunications network capacity (rej);0.785;0;sem match válido;Qwen3.5-4B
ID_7026313596468626;18;Simulacao de Trafego;network design under uncertainty (rej);0.440;0;sem match válido;Qwen3.5-4B
ID_7026313596468626;19;Algoritmos de Enumeracao;subgradient tree algorithm (rej);0.517;0;sem match válido;Qwen3.5-4B
ID_7026313596468626;20;Analise Combinatoria;compact formulation (rej);0.612;0;sem match válido;Qwen3.5-4B
ID_8659496864305621;1;tag1;stripping voltammetry (rej);0.328;0;sem match válido;Qwen3.5-4B
ID_8659496864305621;2;tag2;sol-gel (rej);0.303;0;sem match válido;Qwen3.5-4B
ID_8659496864305621;3;"mantenha o IDIOMA das publicações nas tags — se as publicações estão em português, as tags devem estar em português; se estão em inglês, em inglês.";xylella fastidiosa (rej);0.214;0;sem match válido;Qwen3.5-4B
ID_8659496864305621;4;A microbalanca de cristal de quartzo...;quartz crystal microbalance;0.830;3;match válido;Qwen3.5-4B
ID_8659496864305621;5;Estudo da interacao lectina-carboidrato...;protein film voltammetry (rej);0.448;0;sem match válido;Qwen3.5-4B
ID_8659496864305621;6;Avaliacao de um eletrodo...;electrochromic properties (rej);0.531;0;sem match válido;Qwen3.5-4B
ID_8659496864305621;7;Determinacao de hidroquinona...;electrochemical detection (rej);0.400;0;sem match válido;Qwen3.5-4B
ID_8659496864305621;8;A thermostated electrochemical flow cell...;electrochromic properties (rej);0.657;0;sem match válido;Qwen3.5-4B
ID_8659496864305621;9;"if publications are in Portuguese, tags in Portuguese; if in English, in English";xylella fastidiosa (rej);0.249;0;sem match válido;Qwen3.5-4B
ID_8659496864305621;10;mantenha o IDIOMA das publicações nas tags;stripping voltammetry (rej);0.284;0;sem match válido;Qwen3.5-4B
ID_8659496864305621;11;"se as publicações estão em português, as tags devem estar em português; se estão em inglês, em inglês.";xylella fastidiosa (rej);0.215;0;sem match válido;Qwen3.5-4B
ID_8659496864305621;12;A microbalanca de cristal de quartzo no estudo da interacao lectina-carboidrato;quartz crystal microbalance (rej);0.729;0;sem match válido;Qwen3.5-4B
ID_8659496864305621;13;;;;;;Qwen3.5-4B
ID_8659496864305621;14;;;;;;Qwen3.5-4B
ID_8659496864305621;15;;;;;;Qwen3.5-4B
ID_8659496864305621;16;;;;;;Qwen3.5-4B
ID_8659496864305621;17;;;;;;Qwen3.5-4B
ID_8659496864305621;18;;;;;;Qwen3.5-4B
ID_8659496864305621;19;;;;;;Qwen3.5-4B
ID_8659496864305621;20;;;;;;Qwen3.5-4B
ID_1994317879078816;1;Bacia do Parana;paraná basin;0.765;3;match válido;Qwen3.5-4B
ID_1994317879078816;2;Estratigrafia;parana (rej);0.535;0;sem match válido;Qwen3.5-4B
ID_1994317879078816;3;Sedimentologia;ordovício-siluriana e devoniana (rej);0.491;0;sem match válido;Qwen3.5-4B
ID_1994317879078816;4;Geologia do Parana;regiões de limeira (rej);0.695;0;sem match válido;Qwen3.5-4B
ID_1994317879078816;5;Paleontologia;taxonomic and palaeogeographic (rej);0.744;0;sem match válido;Qwen3.5-4B
ID_1994317879078816;6;Turismo;tibagi no devoniano (rej);0.538;0;sem match válido;Qwen3.5-4B
ID_1994317879078816;7;Geoturismo;state and touristic (rej);0.670;0;sem match válido;Qwen3.5-4B
ID_1994317879078816;8;Cavernas;subterrânea da gruta;0.873;1;match válido;Qwen3.5-4B
ID_1994317879078816;9;Capacidade de Carga;sea gateways (rej);0.404;0;sem match válido;Qwen3.5-4B
ID_1994317879078816;10;Microclima;zoneamento ambiental microclimático;0.856;1;match válido;Qwen3.5-4B
ID_1994317879078816;11;Manejo Espeleologico;paraná basin (rej);0.595;0;sem match válido;Qwen3.5-4B
ID_1994317879078816;12;Geoconservacao;regiões de limeira (rej);0.583;0;sem match válido;Qwen3.5-4B
ID_1994317879078816;13;Espeleoturismo;state and touristic (rej);0.691;0;sem match válido;Qwen3.5-4B
ID_1994317879078816;14;Triangulo Mineiro;vauréal peak (rej);0.521;0;sem match válido;Qwen3.5-4B
ID_1994317879078816;15;Aquiferos;constructed aquifer analog (rej);0.743;0;sem match válido;Qwen3.5-4B
ID_1994317879078816;16;Hidrogeologia;reservoir characterization (rej);0.663;0;sem match válido;Qwen3.5-4B
ID_1994317879078816;17;Prospecao;parana (rej);0.718;0;sem match válido;Qwen3.5-4B
ID_1994317879078816;18;Recursos Hidricos;reservoir characterization (rej);0.653;0;sem match válido;Qwen3.5-4B
ID_1994317879078816;19;Sistemas Aquiferos;aquifer analog model;0.758;1;match válido;Qwen3.5-4B
ID_1994317879078816;20;Grupo Bauru;paraná basin (rej);0.535;0;sem match válido;Qwen3.5-4B
ID_8586805521593519;1;Geoquimica;geochemistry;0.902;3;match válido;Qwen3.5-4B
ID_8586805521593519;2;Geoquimica Mineral;geochemistry (rej);0.853;0;sem match válido;Qwen3.5-4B
ID_8586805521593519;3;Geoquimica de Rochas;geochemistry (rej);0.815;0;sem match válido;Qwen3.5-4B
ID_8586805521593519;4;Geoquimica de Metamorfismo;geochemistry (rej);0.734;0;sem match válido;Qwen3.5-4B
ID_8586805521593519;5;Geoquimica de Andesitas;paraná magmatic province;0.781;3;match válido;Qwen3.5-4B
ID_8586805521593519;6;Geoquimica de Basaltos;geochemistry (rej);0.785;0;sem match válido;Qwen3.5-4B
ID_8586805521593519;7;Geoquimica de Granitos;geochemistry (rej);0.868;0;sem match válido;Qwen3.5-4B
ID_8586805521593519;8;Geoquimica de Gneiss;geochemistry (rej);0.837;0;sem match válido;Qwen3.5-4B
ID_8586805521593519;9;Geoquimica de Xistos;geochemistry (rej);0.796;0;sem match válido;Qwen3.5-4B
ID_8586805521593519;10;Geoquimica de Anfibolitos;geochemistry (rej);0.751;0;sem match válido;Qwen3.5-4B
ID_8586805521593519;11;Geoquimica de Komatiitos;geochemistry (rej);0.823;0;sem match válido;Qwen3.5-4B
ID_8586805521593519;12;Geoquimica de Metapelitos;geochemistry (rej);0.822;0;sem match válido;Qwen3.5-4B
ID_8586805521593519;13;Geoquimica de Espinelios;geochemistry (rej);0.768;0;sem match válido;Qwen3.5-4B
ID_8586805521593519;14;Geoquimica de Hornblenda;geochemistry (rej);0.741;0;sem match válido;Qwen3.5-4B
ID_8586805521593519;15;Geoquimica de Rochas Anfiboliticas;geochemistry (rej);0.774;0;sem match válido;Qwen3.5-4B
ID_8586805521593519;16;Geoquimica de Granodioritos;geochemistry (rej);0.784;0;sem match válido;Qwen3.5-4B
ID_8586805521593519;17;Geoquimica de Tonsteins;geochemistry (rej);0.755;0;sem match válido;Qwen3.5-4B
ID_8586805521593519;18;Geoquimica de Arenitos;geochemistry (rej);0.843;0;sem match válido;Qwen3.5-4B
ID_8586805521593519;19;Geoquimica de Sedimentos;geochemistry (rej);0.899;0;sem match válido;Qwen3.5-4B
ID_8586805521593519;20;Geoquimica de Metamorfismo Regional;geochronology (rej);0.702;0;sem match válido;Qwen3.5-4B
ID_2044247985726091;1;Bovinos de corte;farelo de soja (rej);0.597;0;sem match válido;Qwen3.5-4B
ID_2044247985726091;2;Vacas leiteiras;vacas leiteiras;0.987;3;match válido;Qwen3.5-4B
ID_2044247985726091;3;Raca Holandes;raça holandesa;0.819;2;match válido;Qwen3.5-4B
ID_2044247985726091;4;Raca Nelore;farelo de soja (rej);0.524;0;sem match válido;Qwen3.5-4B
ID_2044247985726091;5;Raca Puruna;ph urinário (rej);0.483;0;sem match válido;Qwen3.5-4B
ID_2044247985726091;6;Consumo alimentar residual;residual feed intake;0.841;3;match válido;Qwen3.5-4B
ID_2044247985726091;7;Eficiencia alimentar;nutrition (rej);0.741;0;sem match válido;Qwen3.5-4B
ID_2044247985726091;8;Ganho medio diario;período de serviço (rej);0.386;0;sem match válido;Qwen3.5-4B
ID_2044247985726091;9;Conversao alimentar;nutrition (rej);0.650;0;sem match válido;Qwen3.5-4B
ID_2044247985726091;10;Caracteristicas de carcaca;meat quality (rej);0.540;0;sem match válido;Qwen3.5-4B
ID_2044247985726091;11;Composicao corporal;metabolism (rej);0.477;0;sem match válido;Qwen3.5-4B
ID_2044247985726091;12;Acidos graxos;fatty acid profile;0.797;1;match válido;Qwen3.5-4B
ID_2044247985726091;13;Qualidade da carne;meat quality;0.983;2;match válido;Qwen3.5-4B
ID_2044247985726091;14;Pasto;milk (rej);0.507;0;sem match válido;Qwen3.5-4B
ID_2044247985726091;15;Confinamento;período de serviço (rej);0.414;0;sem match válido;Qwen3.5-4B
ID_2044247985726091;16;Silagem;silage (rej);0.708;0;sem match válido;Qwen3.5-4B
ID_2044247985726091;17;Aditivos;nutrition (rej);0.474;0;sem match válido;Qwen3.5-4B
ID_2044247985726091;18;Ionoforos;optigen®ii (rej);0.490;0;sem match válido;Qwen3.5-4B
ID_2044247985726091;19;Antibioticos;ph urinário (rej);0.409;0;sem match válido;Qwen3.5-4B
ID_2044247985726091;20;Perfil sanguineo;ph urinário (rej);0.447;0;sem match válido;Qwen3.5-4B
ID_6072951820735063;1;Farmacovigilancia;pharmacovigilance;0.920;2;match válido;Qwen3.5-4B
ID_6072951820735063;2;Uso Racional de Medicamentos;adequação dos medicamentos;0.852;2;match válido;Qwen3.5-4B
ID_6072951820735063;3;Reacoes Adversas;reação adversa (rej);0.749;0;sem match válido;Qwen3.5-4B
ID_6072951820735063;4;Farmacoepidemiologia;pharmacoepidemiology;0.986;3;match válido;Qwen3.5-4B
ID_6072951820735063;5;Farmacoterapia;medicamentos contínuos;0.904;2;match válido;Qwen3.5-4B
ID_6072951820735063;6;Farmacologia Clinica;pharmacovigilance centre;0.828;2;match válido;Qwen3.5-4B
ID_6072951820735063;7;Farmacia;medicamentos prescritos;0.757;2;match válido;Qwen3.5-4B
ID_6072951820735063;8;Psicofarmacos;uso de medicamentos (rej);0.748;0;sem match válido;Qwen3.5-4B
ID_6072951820735063;9;Anemia Renal;tratamento da anemia;0.776;1;match válido;Qwen3.5-4B
ID_6072951820735063;10;;;;;;Qwen3.5-4B
ID_6072951820735063;11;;;;;;Qwen3.5-4B
ID_6072951820735063;12;;;;;;Qwen3.5-4B
ID_6072951820735063;13;;;;;;Qwen3.5-4B
ID_6072951820735063;14;;;;;;Qwen3.5-4B
ID_6072951820735063;15;;;;;;Qwen3.5-4B
ID_6072951820735063;16;;;;;;Qwen3.5-4B
ID_6072951820735063;17;;;;;;Qwen3.5-4B
ID_6072951820735063;18;;;;;;Qwen3.5-4B
ID_6072951820735063;19;;;;;;Qwen3.5-4B
ID_6072951820735063;20;;;;;;Qwen3.5-4B
ID_4854372533657671;1;tag1;speciation (rej);0.297;0;sem match válido;Qwen3.5-4B
ID_4854372533657671;2;tag2;speciation (rej);0.281;0;sem match válido;Qwen3.5-4B
ID_4854372533657671;3;Emergencia de Hierarquia...;simulated emergence (rej);0.365;0;sem match válido;Qwen3.5-4B
ID_4854372533657671;4;Brazil: how many women in physics?;population dynamics (rej);0.315;0;sem match válido;Qwen3.5-4B
ID_4854372533657671;5;sistemas binarios;computer model (rej);0.452;0;sem match válido;Qwen3.5-4B
ID_4854372533657671;6;transicoes de fase;phase transition (rej);0.736;0;sem match válido;Qwen3.5-4B
ID_4854372533657671;7;Meio de divulgacao;walecka model (rej);0.453;0;sem match válido;Qwen3.5-4B
ID_4854372533657671;8;"mantenha o IDIOMA das publicações nas tags — se as publicações estão em português, as tags devem estar em português; se estão em inglês, em inglês.";phenotype-based selective (rej);0.201;0;sem match válido;Qwen3.5-4B
ID_4854372533657671;9;"se as publicações estão em português, as tags devem estar em português; se estão em inglês, em inglês";model (rej);0.163;0;sem match válido;Qwen3.5-4B
ID_4854372533657671;10;Modelo de Ising;model (rej);0.686;0;sem match válido;Qwen3.5-4B
ID_4854372533657671;11;Modelo de Potts;walecka model (rej);0.578;0;sem match válido;Qwen3.5-4B
ID_4854372533657671;12;Serie: 4;walecka model (rej);0.432;0;sem match válido;Qwen3.5-4B
ID_4854372533657671;13;ISSN ISBN;penna model (rej);0.326;0;sem match válido;Qwen3.5-4B
ID_4854372533657671;14;mantenha o IDIOMA das publicações nas tags;punctuated equilibrium (rej);0.255;0;sem match válido;Qwen3.5-4B
ID_4854372533657671;15;se as publicações estão em português...;model (rej);0.232;0;sem match válido;Qwen3.5-4B
ID_4854372533657671;16;;;;;;Qwen3.5-4B
ID_4854372533657671;17;;;;;;Qwen3.5-4B
ID_4854372533657671;18;;;;;;Qwen3.5-4B
ID_4854372533657671;19;;;;;;Qwen3.5-4B
ID_4854372533657671;20;;;;;;Qwen3.5-4B
ID_8192385731123737;1;siRNA;sirna-based cancer therapy (rej);0.608;0;sem match válido;Qwen3.5-4B
ID_8192385731123737;2;lipoplex;lipofection (rej);0.862;0;sem match válido;Qwen3.5-4B
ID_8192385731123737;3;cationic liposomes;cationic liposomes;1.000;3;match válido;Qwen3.5-4B
ID_8192385731123737;4;gene silencing;gene knockdown effect (rej);0.718;0;sem match válido;Qwen3.5-4B
ID_8192385731123737;5;RNA interference;rna interference (rnai);0.810;3;match válido;Qwen3.5-4B
ID_8192385731123737;6;lipofection;lipofection;1.000;1;match válido;Qwen3.5-4B
ID_8192385731123737;7;gene knockdown;gene knockdown effect;0.914;3;match válido;Qwen3.5-4B
ID_8192385731123737;8;drug delivery;transdermal delivery (rej);0.593;0;sem match válido;Qwen3.5-4B
ID_8192385731123737;9;transdermal delivery;transdermal delivery;1.000;3;match válido;Qwen3.5-4B
ID_8192385731123737;10;liposomes;cationic liposome;0.948;2;match válido;Qwen3.5-4B
ID_8192385731123737;11;PLGA nanoparticles;plga nanoparticles;0.975;2;match válido;Qwen3.5-4B
ID_8192385731123737;12;nanoprecipitation;nanoprecipitation;1.000;2;match válido;Qwen3.5-4B
ID_8192385731123737;13;insulin;insulin;1.000;3;match válido;Qwen3.5-4B
ID_8192385731123737;14;hypoglycemia;hypoglycemic effect;0.927;2;match válido;Qwen3.5-4B
ID_8192385731123737;15;buccal delivery;subcutaneous administration (rej);0.436;0;sem match válido;Qwen3.5-4B
ID_8192385731123737;16;rectal absorption;subcutaneous absorption (rej);0.743;0;sem match válido;Qwen3.5-4B
ID_8192385731123737;17;metronomic chemotherapy;sirna-based cancer therapy (rej);0.424;0;sem match válido;Qwen3.5-4B
ID_8192385731123737;18;liposomal doxorubicin;cationic liposome (rej);0.670;0;sem match válido;Qwen3.5-4B
ID_8192385731123737;19;Argonaute2;pluronic f-127 (rej);0.363;0;sem match válido;Qwen3.5-4B
ID_8192385731123737;20;Ago2;pluronic f-127 (rej);0.331;0;sem match válido;Qwen3.5-4B
ID_1708237858198821;1;Metarhizium anisopliae;metarhizium anisopliae;0.993;3;match válido;Qwen3.5-4B
ID_1708237858198821;2;Trichoderma spp;stiphra robusta (rej);0.595;0;sem match válido;Qwen3.5-4B
ID_1708237858198821;3;Dicyma pulvinata;pulvinata em estromas;0.833;2;match válido;Qwen3.5-4B
ID_1708237858198821;4;Controle biologico;biological control;0.961;3;match válido;Qwen3.5-4B
ID_1708237858198821;5;Fungo entomopatogenico;entomogenous fungus (rej);0.750;0;sem match válido;Qwen3.5-4B
ID_1708237858198821;6;Gafanhoto;goiás and mato (rej);0.552;0;sem match válido;Qwen3.5-4B
ID_1708237858198821;7;Rhammatocerus schistocercoides;rhammatocerus schistocercoides;0.998;3;match válido;Qwen3.5-4B
ID_1708237858198821;8;Acrididae;pulvinata em estromas (rej);0.736;0;sem match válido;Qwen3.5-4B
ID_1708237858198821;9;Fitopatologia;morphological and pathogenic (rej);0.492;0;sem match válido;Qwen3.5-4B
ID_1708237858198821;10;Biocontrole;biological control (rej);0.705;0;sem match válido;Qwen3.5-4B
ID_1708237858198821;11;Sclerotium rolfsii;rhammatocerus schistocercoides (rej);0.633;0;sem match válido;Qwen3.5-4B
ID_1708237858198821;12;Verticillium dahliae;lycopersicon esculentum (rej);0.651;0;sem match válido;Qwen3.5-4B
ID_1708237858198821;13;Microcyclus ulei;microcyclus ulei;0.988;3;match válido;Qwen3.5-4B
ID_1708237858198821;14;Biofungicida;microbial pesticide (rej);0.671;0;sem match válido;Qwen3.5-4B
ID_1708237858198821;15;Inoculo;inositol (rej);0.670;0;sem match válido;Qwen3.5-4B
ID_1708237858198821;16;Cultivo de fungos;entomogenous fungus (rej);0.743;0;sem match válido;Qwen3.5-4B
ID_1708237858198821;17;Metabolitos bioativos;mobility of isoenzymes (rej);0.529;0;sem match válido;Qwen3.5-4B
ID_1708237858198821;18;Enzimas micoliticas;mobility of isoenzymes (rej);0.545;0;sem match válido;Qwen3.5-4B
ID_1708237858198821;19;Variabilidade genetica;genetic variability;0.971;2;match válido;Qwen3.5-4B
ID_1708237858198821;20;Recursos geneticos;genetic variation;0.788;1;match válido;Qwen3.5-4B
ID_1066462335621573;1;Redes Opticas;optical packets;0.828;3;match válido;Qwen3.5-4B
ID_1066462335621573;2;Comunicacoes Opticas;visible using optical;0.831;3;match válido;Qwen3.5-4B
ID_1066462335621573;3;Redes Metropolitanas;switched metropolitan network (rej);0.709;0;sem match válido;Qwen3.5-4B
ID_1066462335621573;4;Commutadores Opticos;optical switches;0.891;3;match válido;Qwen3.5-4B
ID_1066462335621573;5;Commutacao de Pacotes Opticos;óptica em leds (rej);0.892;0;sem match válido;Qwen3.5-4B
ID_1066462335621573;6;Commutacao de Pulsos Opticos;óptica em leds (rej);0.750;0;sem match válido;Qwen3.5-4B
ID_1066462335621573;7;Redes Fotonicas;photonic switching;0.785;3;match válido;Qwen3.5-4B
ID_1066462335621573;8;Fibras Opticas;optical fibre communication;0.756;3;match válido;Qwen3.5-4B
ID_1066462335621573;9;Multiplexacao por Divisao de Comprimento de Onda;multiwave mixing (rej);0.743;0;sem match válido;Qwen3.5-4B
ID_1066462335621573;10;Multiplexacao por Divisao de Codigos Opticos;optical amplitude multiplexing;0.802;3;match válido;Qwen3.5-4B
ID_1066462335621573;11;Codificacao por Divisao de Onda Optica;optical amplitude multiplexing (rej);0.788;0;sem match válido;Qwen3.5-4B
ID_1066462335621573;12;Modulacao ASK Quaternaria;quaternary signals (rej);0.652;0;sem match válido;Qwen3.5-4B
ID_1066462335621573;13;Modulacao ASK Ternaria;stimulated raman (rej);0.428;0;sem match válido;Qwen3.5-4B
ID_1066462335621573;14;Amplificacao Parametrica;parametric amplification;0.963;3;match válido;Qwen3.5-4B
ID_1066462335621573;15;Mistura de Ondas Four-Wave;multiwave mixing (rej);0.630;0;sem match válido;Qwen3.5-4B
ID_1066462335621573;16;Dispersao de Modo de Polarizacao;polarisation mode dispersion;0.908;3;match válido;Qwen3.5-4B
ID_1066462335621573;17;Interferencia de Acesso Multiple;throughput and protection (rej);0.587;0;sem match válido;Qwen3.5-4B
ID_1066462335621573;18;Topologia de Malha;ring topologies (rej);0.511;0;sem match válido;Qwen3.5-4B
ID_1066462335621573;19;Topologia de Anel;ring topologies;0.928;3;match válido;Qwen3.5-4B
ID_1066462335621573;20;Roteamento Optico;óptica em leds;0.894;2;match válido;Qwen3.5-4B
ID_3950127945486168;1;Galaxias;faint galaxies;0.896;3;match válido;Qwen3.5-4B
ID_3950127945486168;2;Fotometria Superficial;surface photometry;0.822;3;match válido;Qwen3.5-4B
ID_3950127945486168;3;Populacao Estelar;nuclear stellar population (rej);0.525;0;sem match válido;Qwen3.5-4B
ID_3950127945486168;4;Meio Interestelar;estudantes universitários (rej);0.503;0;sem match válido;Qwen3.5-4B
ID_3950127945486168;5;Nucleo Galactico;nuclear stellar disks (rej);0.744;0;sem match válido;Qwen3.5-4B
ID_3950127945486168;6;Buracos Negros;zz cetis (rej);0.328;0;sem match válido;Qwen3.5-4B
ID_3950127945486168;7;Materiais Especulares;circumnuclear dust (rej);0.428;0;sem match válido;Qwen3.5-4B
ID_3950127945486168;8;Dutos Circumnucleares;circumnuclear dust (rej);0.645;0;sem match válido;Qwen3.5-4B
ID_3950127945486168;9;Fases da Lua;space telescope observations (rej);0.636;0;sem match válido;Qwen3.5-4B
ID_3950127945486168;10;Ensino de Astronomia;space telescope observations (rej);0.744;0;sem match válido;Qwen3.5-4B
ID_3950127945486168;11;Educacao Basica;estudantes universitários (rej);0.466;0;sem match válido;Qwen3.5-4B
ID_3950127945486168;12;Ensino Medio;estudantes universitários (rej);0.686;0;sem match válido;Qwen3.5-4B
ID_3950127945486168;13;Simuladores;imagens e animações (rej);0.493;0;sem match válido;Qwen3.5-4B
ID_3950127945486168;14;Hipermidia;zz cetis (rej);0.362;0;sem match válido;Qwen3.5-4B
ID_3950127945486168;15;Ensino de Optica;space telescope observations (rej);0.514;0;sem match válido;Qwen3.5-4B
ID_3950127945486168;16;Estudos de Concepcoes;zz cetis (rej);0.537;0;sem match válido;Qwen3.5-4B
ID_3950127945486168;17;Estudantes;estudantes universitários;0.927;2;match válido;Qwen3.5-4B
ID_3950127945486168;18;Professores;estudantes universitários (rej);0.612;0;sem match válido;Qwen3.5-4B
ID_3950127945486168;19;Astronomia no Brasil;space telescope observations (rej);0.654;0;sem match válido;Qwen3.5-4B
ID_3950127945486168;20;Observacao Astronomica;space telescope observations;0.854;1;match válido;Qwen3.5-4B
ID_5717546460597615;1;Geomorfologia Glacial;glacial geomorphology;0.974;3;match válido;Qwen3.5-4B
ID_5717546460597615;2;Deglaciação;ambiente de deglaciação;0.938;3;match válido;Qwen3.5-4B
ID_5717546460597615;3;Antártida;glacial geomorphology (rej);0.640;0;sem match válido;Qwen3.5-4B
ID_5717546460597615;4;Geleiras;rock glacier;0.779;3;match válido;Qwen3.5-4B
ID_5717546460597615;5;Sedimentação;wanda (rej);0.662;0;sem match válido;Qwen3.5-4B
ID_5717546460597615;6;Vertentes Submarinas;submarina e fácies;0.943;3;match válido;Qwen3.5-4B
ID_5717546460597615;7;Fiordes;wanda (rej);0.658;0;sem match válido;Qwen3.5-4B
ID_5717546460597615;8;Patagonia;patagonia;0.903;3;match válido;Qwen3.5-4B
ID_5717546460597615;9;Sensoriamento Remoto;visible reflectors (rej);0.502;0;sem match válido;Qwen3.5-4B
ID_5717546460597615;10;Geoprocessamento;glacial geomorphology (rej);0.567;0;sem match válido;Qwen3.5-4B
ID_5717546460597615;11;Landsat;slopewash and groundwater (rej);0.488;0;sem match válido;Qwen3.5-4B
ID_5717546460597615;12;COSMO-SkyMed;small satellites (rej);0.521;0;sem match válido;Qwen3.5-4B
ID_5717546460597615;13;Aster;wanda (rej);0.466;0;sem match válido;Qwen3.5-4B
ID_5717546460597615;14;GIS;results from texture (rej);0.358;0;sem match válido;Qwen3.5-4B
ID_5717546460597615;15;Movimentos de Massa;martel (rej);0.439;0;sem match válido;Qwen3.5-4B
ID_5717546460597615;16;Linha de Neve;rock glacier-like (rej);0.652;0;sem match válido;Qwen3.5-4B
ID_5717546460597615;17;Mudanças Climáticas;mudanças climáticas;0.999;3;match válido;Qwen3.5-4B
ID_5717546460597615;18;Sismica de Reflexao;manto sedimentario (rej);0.531;0;sem match válido;Qwen3.5-4B
ID_5717546460597615;19;Testigos de Hielo;wanda (rej);0.602;0;sem match válido;Qwen3.5-4B
ID_5717546460597615;20;Carbono;mudanças climáticas (rej);0.527;0;sem match válido;Qwen3.5-4B
ID_7088639503480810;1;Trypanosoma cruzi;repair of formamidopyrimidines (rej);0.299;0;sem match válido;Qwen3.5-4B
ID_7088639503480810;2;Doenca de Chagas;ber (rej);0.322;0;sem match válido;Qwen3.5-4B
ID_7088639503480810;3;Benznidazole;semiquinone radical (rej);0.602;0;sem match válido;Qwen3.5-4B
ID_7088639503480810;4;Estresse oxidativo;oxidative stress;0.970;3;match válido;Qwen3.5-4B
ID_7088639503480810;5;Reparo de DNA;nucleotide excision repair (rej);0.694;0;sem match válido;Qwen3.5-4B
ID_7088639503480810;6;DNA mitocondrial;mammalian mitochondria;0.867;2;match válido;Qwen3.5-4B
ID_7088639503480810;7;Espécies reativas de oxigenio;reactive oxygen species;0.921;3;match válido;Qwen3.5-4B
ID_7088639503480810;8;Lesoes oxidativas;oxidative damage (rej);0.722;0;sem match válido;Qwen3.5-4B
ID_7088639503480810;9;Base excision repair;base excision repair;0.997;3;match válido;Qwen3.5-4B
ID_7088639503480810;10;Recombinação mediada por DNA;nucleotide excision repair (rej);0.616;0;sem match válido;Qwen3.5-4B
ID_7088639503480810;11;MutT;ϵa (rej);0.546;0;sem match válido;Qwen3.5-4B
ID_7088639503480810;12;Ogg1;oxoguanine glycosylase (rej);0.323;0;sem match válido;Qwen3.5-4B
ID_7088639503480810;13;8-oxoGuanina;oxoguanine glycosylase (rej);0.649;0;sem match válido;Qwen3.5-4B
ID_7088639503480810;14;Telômeros;repair of formamidopyrimidines (rej);0.374;0;sem match válido;Qwen3.5-4B
ID_7088639503480810;15;Envelhecimento;normal aging;0.854;3;match válido;Qwen3.5-4B
ID_7088639503480810;16;Aging;normal aging (rej);0.848;0;sem match válido;Qwen3.5-4B
ID_7088639503480810;17;Sarcopenia;uracil dna glycosylase (rej);0.367;0;sem match válido;Qwen3.5-4B
ID_7088639503480810;18;Neurodegeneração;brain (rej);0.504;0;sem match válido;Qwen3.5-4B
ID_7088639503480810;19;Cockayne syndrome;ber (rej);0.300;0;sem match válido;Qwen3.5-4B
ID_7088639503480810;20;CSB;ϵa (rej);0.352;0;sem match válido;Qwen3.5-4B
ID_2426330204919814;1;Structural Health Monitoring;structural health monitoring;0.989;3;match válido;Qwen3.5-4B
ID_2426330204919814;2;Electromechanical Impedance;electromechanical impedance;0.914;3;match válido;Qwen3.5-4B
ID_2426330204919814;3;Piezoelectric Sensors;piezoelectric sensors;0.991;3;match válido;Qwen3.5-4B
ID_2426330204919814;4;PZT Transducers;pzt transducers;0.975;3;match válido;Qwen3.5-4B
ID_2426330204919814;5;Damage Detection;damage detection;0.994;3;match válido;Qwen3.5-4B
ID_2426330204919814;6;Temperature Effects;temperature effects compensation;0.888;3;match válido;Qwen3.5-4B
ID_2426330204919814;7;Wireless Sensor Networks;real-time multi-sensors measurement (rej);0.577;0;sem match válido;Qwen3.5-4B
ID_2426330204919814;8;Time-Domain Analysis;time-domain analysis;0.956;2;match válido;Qwen3.5-4B
ID_2426330204919814;9;Wavelet Transform;wavelet transform;0.899;2;match válido;Qwen3.5-4B
ID_2426330204919814;10;Virtual Instrumentation;virtual instrumentation;0.991;2;match válido;Qwen3.5-4B
ID_2426330204919814;11;Microcontroller Systems;microcontrolled structural health (rej);0.562;0;sem match válido;Qwen3.5-4B
ID_2426330204919814;12;Lead Zirconate Titanate;lead zirconate titanate;0.978;3;match válido;Qwen3.5-4B
ID_2426330204919814;13;Impedance Measurement;impedance measurement system;0.769;2;match válido;Qwen3.5-4B
ID_2426330204919814;14;Smart Structures;smart structures;0.986;3;match válido;Qwen3.5-4B
ID_2426330204919814;15;Nondestructive Testing;mechanical testing (rej);0.644;0;sem match válido;Qwen3.5-4B
ID_2426330204919814;16;Fuzzy Clustering;smart structures (rej);0.343;0;sem match válido;Qwen3.5-4B
ID_2426330204919814;17;Signal Processing;frequency range selection (rej);0.476;0;sem match válido;Qwen3.5-4B
ID_2426330204919814;18;Real-Time Monitoring;real-time multi-sensors measurement (rej);0.673;0;sem match válido;Qwen3.5-4B
ID_2426330204919814;19;Frequency Domain;frequency;0.801;1;match válido;Qwen3.5-4B
ID_2426330204919814;20;Excitation Signal;frequency (rej);0.479;0;sem match válido;Qwen3.5-4B
ID_8703127071027272;1;hidrogenio;hfo2-si (rej);0.602;0;sem match válido;Qwen3.5-4B
ID_8703127071027272;2;deuterio;fermi level (rej);0.435;0;sem match válido;Qwen3.5-4B
ID_8703127071027272;3;silicato de hafnio;hafnium compounds (rej);0.707;0;sem match válido;Qwen3.5-4B
ID_8703127071027272;4;vacancies de oxigenio;oxygen vacancies;0.964;3;match válido;Qwen3.5-4B
ID_8703127071027272;5;band offsets;band gap (rej);0.640;0;sem match válido;Qwen3.5-4B
ID_8703127071027272;6;interfaces semicondutoras;interface states (rej);0.736;0;sem match válido;Qwen3.5-4B
ID_8703127071027272;7;DFT;fermi level (rej);0.463;0;sem match válido;Qwen3.5-4B
ID_8703127071027272;8;teoria da densidade funcional;density functional theory;0.985;3;match válido;Qwen3.5-4B
ID_8703127071027272;9;band gaps;band gap;0.980;3;match válido;Qwen3.5-4B
ID_8703127071027272;10;band structure;band gap (rej);0.725;0;sem match válido;Qwen3.5-4B
ID_8703127071027272;11;electronic properties;electronic properties;1.000;3;match válido;Qwen3.5-4B
ID_8703127071027272;12;defeitos pontuais;structure and defects (rej);0.522;0;sem match válido;Qwen3.5-4B
ID_8703127071027272;13;passivacao de defeitos;structure and defects (rej);0.602;0;sem match válido;Qwen3.5-4B
ID_8703127071027272;14;grafeno;fermi level (rej);0.477;0;sem match válido;Qwen3.5-4B
ID_8703127071027272;15;SiC;mosfet (rej);0.534;0;sem match válido;Qwen3.5-4B
ID_8703127071027272;16;HfO2;hfo2-si;0.916;2;match válido;Qwen3.5-4B
ID_8703127071027272;17;gate stacks;gate stack regions;0.848;3;match válido;Qwen3.5-4B
ID_8703127071027272;18;MOSFET;mosfet (rej);0.680;0;sem match válido;Qwen3.5-4B
ID_8703127071027272;19;Fermi level pinning;fermi-level pinning;0.954;3;match válido;Qwen3.5-4B
ID_8703127071027272;20;work function;work functions;0.979;3;match válido;Qwen3.5-4B
ID_6309609498284949;1;tag1;neospora (rej);0.348;0;sem match válido;Qwen3.5-4B
ID_6309609498284949;2;tag2;neospora (rej);0.359;0;sem match válido;Qwen3.5-4B
ID_6309609498284949;3;Frequencia de caes reagentes...;neospora (rej);0.590;0;sem match válido;Qwen3.5-4B
ID_6309609498284949;4;Seminal quality of goats...;abortion in cattle (rej);0.447;0;sem match válido;Qwen3.5-4B
ID_6309609498284949;5;Different effects of arborinine...;prosopis juliflora pods (rej);0.514;0;sem match válido;Qwen3.5-4B
ID_6309609498284949;6;"mantenha o IDIOMA das publicações nas tags — se as publicações estão em português, as tags devem estar em português; se estão em inglês, em inglês.";rutin (rej);0.216;0;sem match válido;Qwen3.5-4B
ID_6309609498284949;7;Frequencia de caes...;rutin (rej);0.616;0;sem match válido;Qwen3.5-4B
ID_6309609498284949;8;Seminal quality...;neospora (rej);0.395;0;sem match válido;Qwen3.5-4B
ID_6309609498284949;9;Different effects...;neospora (rej);0.396;0;sem match válido;Qwen3.5-4B
ID_6309609498284949;10;se as publicações estão em português;neospora (rej);0.280;0;sem match válido;Qwen3.5-4B
ID_6309609498284949;11;;;;;;Qwen3.5-4B
ID_6309609498284949;12;;;;;;Qwen3.5-4B
ID_6309609498284949;13;;;;;;Qwen3.5-4B
ID_6309609498284949;14;;;;;;Qwen3.5-4B
ID_6309609498284949;15;;;;;;Qwen3.5-4B
ID_6309609498284949;16;;;;;;Qwen3.5-4B
ID_6309609498284949;17;;;;;;Qwen3.5-4B
ID_6309609498284949;18;;;;;;Qwen3.5-4B
ID_6309609498284949;19;;;;;;Qwen3.5-4B
ID_6309609498284949;20;;;;;;Qwen3.5-4B
ID_7034773971317045;1;Quimiometria;determinação espectrofotométrica (rej);0.478;0;sem match válido;Qwen3.5-4B
ID_7034773971317045;2;Espectrometria;determinação espectrofotométrica;0.889;2;match válido;Qwen3.5-4B
ID_7034773971317045;3;ICP-OES;icp-oes;0.883;3;match válido;Qwen3.5-4B
ID_7034773971317045;4;ICP-MS;icp-oes (rej);0.719;0;sem match válido;Qwen3.5-4B
ID_7034773971317045;5;Digestão Micro-ondas;microwave-assisted digestion;0.932;3;match válido;Qwen3.5-4B
ID_7034773971317045;6;Minerais;soil (rej);0.545;0;sem match válido;Qwen3.5-4B
ID_7034773971317045;7;Análise de Alimentos;sample preparation (rej);0.455;0;sem match válido;Qwen3.5-4B
ID_7034773971317045;8;Análise Ambiental;soil analysis (rej);0.547;0;sem match válido;Qwen3.5-4B
ID_7034773971317045;9;Controle de Qualidade;sample preparation (rej);0.422;0;sem match válido;Qwen3.5-4B
ID_7034773971317045;10;Sistemas de Fluxo;flow injection system (rej);0.706;0;sem match válido;Qwen3.5-4B
ID_7034773971317045;11;Padrões de Referência;faas (rej);0.462;0;sem match válido;Qwen3.5-4B
ID_7034773971317045;12;Materiais Biológicos;biological samples (rej);0.619;0;sem match válido;Qwen3.5-4B
ID_7034773971317045;13;Biossensores;spectrophotometry (rej);0.520;0;sem match válido;Qwen3.5-4B
ID_7034773971317045;14;Urease;faas (rej);0.385;0;sem match válido;Qwen3.5-4B
ID_7034773971317045;15;Classificação Multivariada;multi-site detection (rej);0.434;0;sem match válido;Qwen3.5-4B
ID_7034773971317045;16;Agrupamento Hierárquico;icp oes (rej);0.409;0;sem match válido;Qwen3.5-4B
ID_7034773971317045;17;Análise de Componentes Principais;sample preparation (rej);0.540;0;sem match válido;Qwen3.5-4B
ID_7034773971317045;18;Elementos Traço;faas (rej);0.535;0;sem match válido;Qwen3.5-4B
ID_7034773971317045;19;Metais Pesados;faas (rej);0.652;0;sem match válido;Qwen3.5-4B
ID_7034773971317045;20;Preparação de Amostras;sample preparation;0.844;3;match válido;Qwen3.5-4B
ID_1224532648969159;1;Aquecimento Global;thermomechanical behavior (rej);0.372;0;sem match válido;Qwen3.5-4B
ID_1224532648969159;2;Daisyworld;chaos (rej);0.298;0;sem match válido;Qwen3.5-4B
ID_1224532648969159;3;Dinamica Nao-Linear;nonlinear dynamics (rej);0.715;0;sem match válido;Qwen3.5-4B
ID_1224532648969159;4;Caos;chaos;0.983;3;match válido;Qwen3.5-4B
ID_1224532648969159;5;Series Temporais;time series;0.828;3;match válido;Qwen3.5-4B
ID_1224532648969159;6;Reconstrucao de Espaco de Estado;state space reconstruction;0.799;3;match válido;Qwen3.5-4B
ID_1224532648969159;7;Previsao;constitutive model (rej);0.442;0;sem match válido;Qwen3.5-4B
ID_1224532648969159;8;Modelos Constitutivos;constitutive model;0.786;3;match válido;Qwen3.5-4B
ID_1224532648969159;9;Materiais Inteligentes;shape memory alloys (rej);0.486;0;sem match válido;Qwen3.5-4B
ID_1224532648969159;10;Liga Com Memoria de Forma;shape memory (rej);0.512;0;sem match válido;Qwen3.5-4B
ID_1224532648969159;11;Memoria de Forma;shape memory;0.840;3;match válido;Qwen3.5-4B
ID_1224532648969159;12;Vibracoes Nao-Lineares;vibrações (rej);0.648;0;sem match válido;Qwen3.5-4B
ID_1224532648969159;13;Vibracoes Caoticas;vibrações (rej);0.652;0;sem match válido;Qwen3.5-4B
ID_1224532648969159;14;Controle de Caos;chaos control;0.972;3;match válido;Qwen3.5-4B
ID_1224532648969159;15;Controle Adaptativo;control;0.811;3;match válido;Qwen3.5-4B
ID_1224532648969159;16;Esforcos;quenching (rej);0.676;0;sem match válido;Qwen3.5-4B
ID_1224532648969159;17;Tensoes;quenching (rej);0.553;0;sem match válido;Qwen3.5-4B
ID_1224532648969159;18;Gasodutos;quenching (rej);0.418;0;sem match válido;Qwen3.5-4B
ID_1224532648969159;19;Colheita de Energia;quenching (rej);0.345;0;sem match válido;Qwen3.5-4B
ID_1224532648969159;20;Piezoeletricos;thermomechanical coupling (rej);0.506;0;sem match válido;Qwen3.5-4B
ID_8457699943400994;1;Menopausa;estudo de coorte (rej);0.638;0;sem match válido;Qwen3.5-4B
ID_8457699943400994;2;Obesidade;body mass index (rej);0.682;0;sem match válido;Qwen3.5-4B
ID_8457699943400994;3;Central Adiposity;estudo de coorte (rej);0.530;0;sem match válido;Qwen3.5-4B
ID_8457699943400994;4;Climaterio;spironolactone (rej);0.317;0;sem match válido;Qwen3.5-4B
ID_8457699943400994;5;Ovario;ovarian volume;0.859;3;match válido;Qwen3.5-4B
ID_8457699943400994;6;Volume Ovariano;ovarian volume (rej);0.706;0;sem match válido;Qwen3.5-4B
ID_8457699943400994;7;Hipertensao;estudo de coorte (rej);0.670;0;sem match válido;Qwen3.5-4B
ID_8457699943400994;8;Diabetes;mulheres hipertensas (rej);0.552;0;sem match válido;Qwen3.5-4B
ID_8457699943400994;9;Sindrome Metabolica;mulheres hipertensas (rej);0.613;0;sem match válido;Qwen3.5-4B
ID_8457699943400994;10;Hirsutismo;estudo de coorte (rej);0.567;0;sem match válido;Qwen3.5-4B
ID_8457699943400994;11;Hiperandrogenismo;mulheres hipertensas (rej);0.591;0;sem match válido;Qwen3.5-4B
ID_8457699943400994;12;PCOS;estudo de coorte (rej);0.473;0;sem match válido;Qwen3.5-4B
ID_8457699943400994;13;Hiperinsulinemia;estudo de coorte (rej);0.594;0;sem match válido;Qwen3.5-4B
ID_8457699943400994;14;Resistencia Insulinica;estudo de coorte (rej);0.409;0;sem match válido;Qwen3.5-4B
ID_8457699943400994;15;Circunferencia Visceral;estudo de coorte (rej);0.574;0;sem match válido;Qwen3.5-4B
ID_8457699943400994;16;Relacao Cintura-Altura;waist circumference (rej);0.648;0;sem match válido;Qwen3.5-4B
ID_8457699943400994;17;Relacao Cintura-Panco;estudo de coorte (rej);0.607;0;sem match válido;Qwen3.5-4B
ID_8457699943400994;18;Hormonios;reposição hormonal (rej);0.838;0;sem match válido;Qwen3.5-4B
ID_8457699943400994;19;Terapia Hormonal;hormone therapy;0.959;3;match válido;Qwen3.5-4B
ID_8457699943400994;20;Reposicao Hormonal;reposição hormonal;0.869;2;match válido;Qwen3.5-4B
ID_6473783273255196;1;Direito;las instituciones judiciales (rej);0.713;0;sem match válido;Qwen3.5-4B
ID_6473783273255196;2;Administracao de Conflitos;conflits et techniques (rej);0.735;0;sem match válido;Qwen3.5-4B
ID_6473783273255196;3;Seguranca Publica;públicos e representações (rej);0.718;0;sem match válido;Qwen3.5-4B
ID_6473783273255196;4;Comercio Ambulante;venda ambulante (rej);0.638;0;sem match válido;Qwen3.5-4B
ID_6473783273255196;5;Espaco Publico;públicos e representações;0.779;2;match válido;Qwen3.5-4B
ID_6473783273255196;6;Rio de Janeiro;pública do rio (rej);0.424;0;sem match válido;Qwen3.5-4B
ID_6473783273255196;7;Buenos Aires;rio de janeiro (rej);0.403;0;sem match válido;Qwen3.5-4B
ID_6473783273255196;8;Antropologia do Direito;las instituciones judiciales (rej);0.656;0;sem match válido;Qwen3.5-4B
ID_6473783273255196;9;Politicas Publicas;públicos e representações (rej);0.715;0;sem match válido;Qwen3.5-4B
ID_6473783273255196;10;Desigualdade Juridica;las instituciones judiciales (rej);0.610;0;sem match válido;Qwen3.5-4B
ID_6473783273255196;11;Cidadania;venda ambulante (rej);0.491;0;sem match válido;Qwen3.5-4B
ID_6473783273255196;12;Guarda Municipal;policière dans les (rej);0.721;0;sem match válido;Qwen3.5-4B
ID_6473783273255196;13;Trens;transportes públicos (rej);0.689;0;sem match válido;Qwen3.5-4B
ID_6473783273255196;14;Violencia;d´accueil policière dans (rej);0.449;0;sem match válido;Qwen3.5-4B
ID_6473783273255196;15;Mercado Informal;venda ambulante (rej);0.654;0;sem match válido;Qwen3.5-4B
ID_6473783273255196;16;Conflitos Sociais;mudanças sociais dirigidas (rej);0.690;0;sem match válido;Qwen3.5-4B
ID_6473783273255196;17;Juizados Especiais;las instituciones judiciales (rej);0.724;0;sem match válido;Qwen3.5-4B
ID_6473783273255196;18;Policia;policière dans les;0.918;1;match válido;Qwen3.5-4B
ID_6473783273255196;19;Transporte Coletivo;transportes e investigações (rej);0.690;0;sem match válido;Qwen3.5-4B
ID_6473783273255196;20;Mobilidade Urbana;representações sobre mobilidade;0.776;3;match válido;Qwen3.5-4B
ID_5105401635003548;1;Arqueologia Baiana;áreas arqueológicas (rej);0.764;0;sem match válido;Qwen3.5-4B
ID_5105401635003548;2;Arte Rupestre;sítio de arte (rej);0.730;0;sem match válido;Qwen3.5-4B
ID_5105401635003548;3;Arqueometria;áreas arqueológicas (rej);0.825;0;sem match válido;Qwen3.5-4B
ID_5105401635003548;4;Arqueoquimica;rupestres da tradição;0.783;2;match válido;Qwen3.5-4B
ID_5105401635003548;5;Analisas Quimicas;química de pigmento (rej);0.621;0;sem match válido;Qwen3.5-4B
ID_5105401635003548;6;Pigmentos;química de pigmento;0.785;2;match válido;Qwen3.5-4B
ID_5105401635003548;7;Arqueointensidade;archeointensity;0.832;2;match válido;Qwen3.5-4B
ID_5105401635003548;8;Arqueomagnetismo;archeomagnetism;0.945;2;match válido;Qwen3.5-4B
ID_5105401635003548;9;Datacao Arqueomagnetica;archeomagnetism (rej);0.777;0;sem match válido;Qwen3.5-4B
ID_5105401635003548;10;Ceramica Colonial;rupestres da tradição (rej);0.667;0;sem match válido;Qwen3.5-4B
ID_5105401635003548;11;Ceramica Baiana;cerâmica vermelha fina (rej);0.708;0;sem match válido;Qwen3.5-4B
ID_5105401635003548;12;Arqueologia Urbana;áreas arqueológicas (rej);0.842;0;sem match válido;Qwen3.5-4B
ID_5105401635003548;13;Sambaquis;salvador (rej);0.647;0;sem match válido;Qwen3.5-4B
ID_5105401635003548;14;Patrimonio Arqueologico;áreas arqueológicas;0.934;3;match válido;Qwen3.5-4B
ID_5105401635003548;15;Educacao Patrimonial;studio degli insediamenti (rej);0.430;0;sem match válido;Qwen3.5-4B
ID_5105401635003548;16;Portugal Colonial;umani pre coloniali (rej);0.633;0;sem match válido;Qwen3.5-4B
ID_5105401635003548;17;Bahia;northeast brazil (rej);0.713;0;sem match válido;Qwen3.5-4B
ID_5105401635003548;18;Chapada Diamantina;salvador (rej);0.541;0;sem match válido;Qwen3.5-4B
ID_5105401635003548;19;Iraquara;indígena (rej);0.515;0;sem match válido;Qwen3.5-4B
ID_5105401635003548;20;Serra das Paridas;salvador (rej);0.576;0;sem match válido;Qwen3.5-4B
ID_9274817658247444;1;Smoothed Particle Hydrodynamics;smoothed particle hydrodynamics;0.957;3;match válido;Qwen3.5-4B
ID_9274817658247444;2;Meshless Methods;mesh-free discrete laplace-beltrami (rej);0.628;0;sem match válido;Qwen3.5-4B
ID_9274817658247444;3;Vector Field Reconstruction;vector fields analysis;0.834;3;match válido;Qwen3.5-4B
ID_9274817658247444;4;Image Segmentation;spectral image segmentation;0.822;2;match válido;Qwen3.5-4B
ID_9274817658247444;5;Spectral Graph Theory;spectral cut (rej);0.579;0;sem match válido;Qwen3.5-4B
ID_9274817658247444;6;Affine Arithmetic;triangulations with affine (rej);0.750;0;sem match válido;Qwen3.5-4B
ID_9274817658247444;7;Implicit Surfaces;surface triangulations (rej);0.663;0;sem match válido;Qwen3.5-4B
ID_9274817658247444;8;Fluid Dynamics;fluid flow simulation;0.759;3;match válido;Qwen3.5-4B
ID_9274817658247444;9;Non-Newtonian Fluids;multiphase fluids (rej);0.643;0;sem match válido;Qwen3.5-4B
ID_9274817658247444;10;Viscoplastic Simulation;particle-based viscoplastic;0.777;3;match válido;Qwen3.5-4B
ID_9274817658247444;11;Point-Based Surfaces;point-based surface;0.977;3;match válido;Qwen3.5-4B
ID_9274817658247444;12;Curve Approximation;approximating implicit curves;0.869;3;match válido;Qwen3.5-4B
ID_9274817658247444;13;Octree Data Structures;tonal value maps (rej);0.447;0;sem match válido;Qwen3.5-4B
ID_9274817658247444;14;Content-Based Image Retrieval;image decomposition (rej);0.576;0;sem match válido;Qwen3.5-4B
ID_9274817658247444;15;Multidimensional Projection;polygonal approximation (rej);0.584;0;sem match válido;Qwen3.5-4B
ID_9274817658247444;16;Class-Specific Metrics;class-specific metrics;0.913;2;match válido;Qwen3.5-4B
ID_9274817658247444;17;User Interaction;physically-based framework (rej);0.370;0;sem match válido;Qwen3.5-4B
ID_9274817658247444;18;Shape Segmentation;spectral image segmentation (rej);0.657;0;sem match válido;Qwen3.5-4B
ID_9274817658247444;19;Surface Deformation;solid deformation;0.813;2;match válido;Qwen3.5-4B
ID_9274817658247444;20;Normal Estimation;approximating implicit curves (rej);0.445;0;sem match válido;Qwen3.5-4B
ID_3664073315037262;1;Ecologia Aquatica;ecotoxicology (rej);0.597;0;sem match válido;Qwen3.5-4B
ID_3664073315037262;2;Ecotoxicologia;ecotoxicology;0.996;1;match válido;Qwen3.5-4B
ID_3664073315037262;3;Estuários;enseada da armação;0.818;1;match válido;Qwen3.5-4B
ID_3664073315037262;4;Dinâmica Costeira;estuarine circulation (rej);0.603;0;sem match válido;Qwen3.5-4B
ID_3664073315037262;5;Hidrodinâmica Estuarina;estuarine hydrodynamics;0.769;3;match válido;Qwen3.5-4B
ID_3664073315037262;6;Transporte de Sedimentos;transport processes (rej);0.715;0;sem match válido;Qwen3.5-4B
ID_3664073315037262;7;Sedimentação;enseada da armação (rej);0.771;0;sem match válido;Qwen3.5-4B
ID_3664073315037262;8;Nutrientes;ecotoxicology (rej);0.435;0;sem match válido;Qwen3.5-4B
ID_3664073315037262;9;Poluição;estuarine circulation (rej);0.606;0;sem match válido;Qwen3.5-4B
ID_3664073315037262;10;Qualidade da Água;water quality;0.971;2;match válido;Qwen3.5-4B
ID_3664073315037262;11;Monitoramento Ambiental;water management (rej);0.535;0;sem match válido;Qwen3.5-4B
ID_3664073315037262;12;Dragagem;enseada da armação (rej);0.703;0;sem match válido;Qwen3.5-4B
ID_3664073315037262;13;Sismica Marinha;tidal regime (rej);0.575;0;sem match válido;Qwen3.5-4B
ID_3664073315037262;14;Geoquímica;sedimentos em suspensão (rej);0.512;0;sem match válido;Qwen3.5-4B
ID_3664073315037262;15;Oceanografia;tidal range (rej);0.642;0;sem match válido;Qwen3.5-4B
ID_3664073315037262;16;Circulação Estuarina;circulation (rej);0.740;0;sem match válido;Qwen3.5-4B
ID_3664073315037262;17;Morfodinâmica;enseada da armação (rej);0.482;0;sem match válido;Qwen3.5-4B
ID_3664073315037262;18;Plataforma Continental;estuarine circulation (rej);0.487;0;sem match válido;Qwen3.5-4B
ID_3664073315037262;19;Ambientes Lóticos;enseada da armação (rej);0.578;0;sem match válido;Qwen3.5-4B
ID_3664073315037262;20;Microbiologia;ecotoxicology (rej);0.480;0;sem match válido;Qwen3.5-4B
ID_6799776599317117;1;algoritmos geneticos;genetic algorithm;0.988;3;match válido;Qwen3.5-4B
ID_6799776599317117;2;nanotecnologia;nanotechnology;0.996;3;match válido;Qwen3.5-4B
ID_6799776599317117;3;pontos quanticos;quantum dots;0.817;2;match válido;Qwen3.5-4B
ID_6799776599317117;4;QCA;qca circuits synthesis (rej);0.646;0;sem match válido;Qwen3.5-4B
ID_6799776599317117;5;redes neurais;neural nets;0.941;2;match válido;Qwen3.5-4B
ID_6799776599317117;6;otimizacao;optimization;0.812;2;match válido;Qwen3.5-4B
ID_6799776599317117;7;computacao quantica;quantum computing;0.962;1;match válido;Qwen3.5-4B
ID_6799776599317117;8;circuitos eletronicos;qca circuits synthesis (rej);0.640;0;sem match válido;Qwen3.5-4B
ID_6799776599317117;9;simulacao;simulation;0.974;1;match válido;Qwen3.5-4B
ID_6799776599317117;10;densidade funcional;power efficiency (rej);0.411;0;sem match válido;Qwen3.5-4B
ID_6799776599317117;11;LiF clusters;multilayer oleds (rej);0.313;0;sem match válido;Qwen3.5-4B
ID_6799776599317117;12;OLED;organic light-emitting (rej);0.591;0;sem match válido;Qwen3.5-4B
ID_6799776599317117;13;celulas solares;nanoscale technology (rej);0.467;0;sem match válido;Qwen3.5-4B
ID_6799776599317117;14;nanotransistor;nanoscale technology;0.846;2;match válido;Qwen3.5-4B
ID_6799776599317117;15;automatos celulares;cellular automata;0.904;1;match válido;Qwen3.5-4B
ID_6799776599317117;16;hardware evolucionario;router architecture (rej);0.478;0;sem match válido;Qwen3.5-4B
ID_6799776599317117;17;DFT;simulation (rej);0.326;0;sem match válido;Qwen3.5-4B
ID_6799776599317117;18;computacao de alto desempenho;optimization (rej);0.499;0;sem match válido;Qwen3.5-4B
ID_6799776599317117;19;GPU;simulation (rej);0.435;0;sem match válido;Qwen3.5-4B
ID_6799776599317117;20;baterias;power efficiency (rej);0.496;0;sem match válido;Qwen3.5-4B
ID_2961250776014138;1;Estrelas de Neutrons;neutron stars;0.983;3;match válido;Qwen3.5-4B
ID_2961250776014138;2;Matéria de Quarks;nuclear physics  (rej);0.525;0;sem match válido;Qwen3.5-4B
ID_2961250776014138;3;Equação de Estado;equations of state;0.919;3;match válido;Qwen3.5-4B
ID_2961250776014138;4;Estrelas Exóticas;strange stars;0.914;3;match válido;Qwen3.5-4B
ID_2961250776014138;5;Bojo Galáctico;strange stars (rej);0.734;0;sem match válido;Qwen3.5-4B
ID_2961250776014138;6;Variabilidade Estelar;strange stars (rej);0.480;0;sem match válido;Qwen3.5-4B
ID_2961250776014138;7;Astrofotometria;astrophysics and astroparticles  (rej);0.791;0;sem match válido;Qwen3.5-4B
ID_2961250776014138;8;Astrometria;astrophysics and astroparticles ;0.839;2;match válido;Qwen3.5-4B
ID_2961250776014138;9;Astrobiologia;astrophysics and astroparticles  (rej);0.726;0;sem match válido;Qwen3.5-4B
ID_2961250776014138;10;Surtos de Raios Gama;stars: evolution (rej);0.556;0;sem match válido;Qwen3.5-4B
ID_2961250776014138;11;Extinção Biológica;stars: evolution (rej);0.457;0;sem match válido;Qwen3.5-4B
ID_2961250776014138;12;Depleção de Ozônio;supernova remnants (rej);0.480;0;sem match válido;Qwen3.5-4B
ID_2961250776014138;13;Planetas Habitáveis;astrophysics and astroparticles  (rej);0.530;0;sem match válido;Qwen3.5-4B
ID_2961250776014138;14;Luas Geladas;strange stars (rej);0.460;0;sem match válido;Qwen3.5-4B
ID_2961250776014138;15;Europa;strange matter (rej);0.277;0;sem match válido;Qwen3.5-4B
ID_2961250776014138;16;Encelado;strangelet seeding (rej);0.256;0;sem match válido;Qwen3.5-4B
ID_2961250776014138;17;Radiação Cósmica;nuclear physics  (rej);0.727;0;sem match válido;Qwen3.5-4B
ID_2961250776014138;18;Entropia;nuclear physics  (rej);0.487;0;sem match válido;Qwen3.5-4B
ID_2961250776014138;19;Complexidade;equations of state (rej);0.410;0;sem match válido;Qwen3.5-4B
ID_2961250776014138;20;Sistemas Binários;equations of state (rej);0.387;0;sem match válido;Qwen3.5-4B
ID_6029111646602279;1;tag1;risedronate-loaded eudragit s100 (rej);0.307;0;sem match válido;Qwen3.5-4B
ID_6029111646602279;2;tag2;allium cepa (rej);0.319;0;sem match válido;Qwen3.5-4B
ID_6029111646602279;3;"mantenha o IDIOMA das publicações nas tags — se as publicações estão em português, as tags devem estar em português; se estão em inglês, em inglês.";skin (rej);0.189;0;sem match válido;Qwen3.5-4B
ID_6029111646602279;4;Desenvolvimento de um metodo...;replacing original liquid (rej);0.314;0;sem match válido;Qwen3.5-4B
ID_6029111646602279;5;Inibidores da bomba de protons...;protection (rej);0.351;0;sem match válido;Qwen3.5-4B
ID_6029111646602279;6;Avaliacao da qualidade...;protection (rej);0.310;0;sem match válido;Qwen3.5-4B
ID_6029111646602279;7;se as publicações estão em português... se estão em inglês;tea tree (rej);0.197;0;sem match válido;Qwen3.5-4B
ID_6029111646602279;8;ASSAY AND PHOTODEGRADATION...;photostability (rej);0.737;0;sem match válido;Qwen3.5-4B
ID_6029111646602279;9;Hydrogels containing...;spray-dried powders (rej);0.580;0;sem match válido;Qwen3.5-4B
ID_6029111646602279;10;Dithranol-loaded...;spray-dried powders (rej);0.490;0;sem match válido;Qwen3.5-4B
ID_6029111646602279;11;Improved tretinoin...;replacing original liquid (rej);0.409;0;sem match válido;Qwen3.5-4B
ID_6029111646602279;12;Antinociceptive...;antifungal activity (rej);0.524;0;sem match válido;Qwen3.5-4B
ID_6029111646602279;13;Haloperidol-loaded...;spray-dried powders (rej);0.441;0;sem match válido;Qwen3.5-4B
ID_6029111646602279;14;Improved photostability...;photostability;0.870;3;match válido;Qwen3.5-4B
ID_6029111646602279;15;Nanostructured systems...;nanostructured systems;0.941;3;match válido;Qwen3.5-4B
ID_6029111646602279;16;Lipid-Core Nanocapsules...;lipid-core nanocapsules;0.950;3;match válido;Qwen3.5-4B
ID_6029111646602279;17;Hydrogel containing...;spray-dried powders (rej);0.553;0;sem match válido;Qwen3.5-4B
ID_6029111646602279;18;Oil-based nanoparticles...;polysorbate-coated polymeric nanocapsules (rej);0.655;0;sem match válido;Qwen3.5-4B
ID_6029111646602279;19;Nanocapsules of poly(methyl methacrylate)...;polysorbate-coated polymeric nanocapsules;0.829;2;match válido;Qwen3.5-4B
ID_6029111646602279;20;HPLC determination...;allium cepa (rej);0.319;0;sem match válido;Qwen3.5-4B
ID_4125254830545309;1;Glioblastoma;tumor (rej);0.609;0;sem match válido;Qwen3.5-4B
ID_4125254830545309;2;Microglia;microglia;0.954;3;match válido;Qwen3.5-4B
ID_4125254830545309;3;Astrocytes;astrocyte;0.958;1;match válido;Qwen3.5-4B
ID_4125254830545309;4;Prion protein;prion protein;0.996;2;match válido;Qwen3.5-4B
ID_4125254830545309;5;STI1;sti1 promotes glioma (rej);0.487;0;sem match válido;Qwen3.5-4B
ID_4125254830545309;6;Neurodegeneration;induce cell death (rej);0.539;0;sem match válido;Qwen3.5-4B
ID_4125254830545309;7;Neuroinflammation;sciatic nerve (rej);0.598;0;sem match válido;Qwen3.5-4B
ID_4125254830545309;8;Tumor microenvironment;tumor (rej);0.721;0;sem match válido;Qwen3.5-4B
ID_4125254830545309;9;Extracellular vesicles;microglial cells (rej);0.600;0;sem match válido;Qwen3.5-4B
ID_4125254830545309;10;Blood-brain barrier;sciatic nerve (rej);0.387;0;sem match válido;Qwen3.5-4B
ID_4125254830545309;11;Thyroid hormone;thyroid hormone;0.998;1;match válido;Qwen3.5-4B
ID_4125254830545309;12;Cell membrane mechanics;pore forming cytotoxic proteins (rej);0.587;0;sem match válido;Qwen3.5-4B
ID_4125254830545309;13;Wallerian degeneration;speeds wallerian degeneration (rej);0.735;0;sem match válido;Qwen3.5-4B
ID_4125254830545309;14;Galectin-3;triiodothyronine effects (rej);0.507;0;sem match válido;Qwen3.5-4B
ID_4125254830545309;15;Signal transduction;speeds wallerian degeneration (rej);0.321;0;sem match válido;Qwen3.5-4B
ID_4125254830545309;16;MAPK pathway;stress-inducible protein-1 (rej);0.323;0;sem match válido;Qwen3.5-4B
ID_4125254830545309;17;PI3K pathway;t3-treated (rej);0.437;0;sem match válido;Qwen3.5-4B
ID_4125254830545309;18;Neuronal survival;survival (rej);0.603;0;sem match válido;Qwen3.5-4B
ID_4125254830545309;19;Astrocyte development;astrocyte (rej);0.900;0;sem match válido;Qwen3.5-4B
ID_4125254830545309;20;Amyloidosis;pro-inflammatory cytokine expressions (rej);0.432;0;sem match válido;Qwen3.5-4B
ID_3753627053150603;1;Oscilador Parametrico;optical parametric oscillator;0.879;3;match válido;Qwen3.5-4B
ID_3753627053150603;2;Emaranhamento;entanglement (rej);0.607;0;sem match válido;Qwen3.5-4B
ID_3753627053150603;3;Luz Comprimida;optics, quantum optics and lasers  (rej);0.462;0;sem match válido;Qwen3.5-4B
ID_3753627053150603;4;Ruido Quântico;quantum fluctuations (rej);0.469;0;sem match válido;Qwen3.5-4B
ID_3753627053150603;5;Transparencia Induzida;spectra of electromagnetically-induced-transparency (rej);0.598;0;sem match válido;Qwen3.5-4B
ID_3753627053150603;6;Correlações Quânticas;quantum correlations;0.796;3;match válido;Qwen3.5-4B
ID_3753627053150603;7;Anticorrelações;quantum correlations (rej);0.586;0;sem match válido;Qwen3.5-4B
ID_3753627053150603;8;Efeito Hanle;triply resonant opo (rej);0.319;0;sem match válido;Qwen3.5-4B
ID_3753627053150603;9;EIT;entanglement (rej);0.532;0;sem match válido;Qwen3.5-4B
ID_3753627053150603;10;Laser Diodo;optics, quantum optics and lasers  (rej);0.671;0;sem match válido;Qwen3.5-4B
ID_3753627053150603;11;Átomos Frios;thermal fluctuations (rej);0.537;0;sem match válido;Qwen3.5-4B
ID_3753627053150603;12;Traps Magneto-Ópticos;optics, quantum optics and lasers  (rej);0.528;0;sem match válido;Qwen3.5-4B
ID_3753627053150603;13;Vapor de Rubídio;thermal fluctuations (rej);0.480;0;sem match válido;Qwen3.5-4B
ID_3753627053150603;14;Física Atômica;optics, quantum optics and lasers  (rej);0.555;0;sem match válido;Qwen3.5-4B
ID_3753627053150603;15;Otica Não-Linear;type-ii optical parametric (rej);0.560;0;sem match válido;Qwen3.5-4B
ID_3753627053150603;16;Óptica Quântica;optics, quantum optics and lasers ;0.765;3;match válido;Qwen3.5-4B
ID_3753627053150603;17;Medição Quântica; quantum statistical methods (rej);0.551;0;sem match válido;Qwen3.5-4B
ID_3753627053150603;18;Estado Quântico;quantum state reconstruction (rej);0.440;0;sem match válido;Qwen3.5-4B
ID_3753627053150603;19;Modos Longitudinais;thermal fluctuations (rej);0.484;0;sem match válido;Qwen3.5-4B
ID_3753627053150603;20;Modos Transversos;kerr media (rej);0.521;0;sem match válido;Qwen3.5-4B
ID_7721483148298785;1;Hidrologia;hydrological model;0.852;3;match válido;Qwen3.5-4B
ID_7721483148298785;2;Modelagem Hidrologica;hydrological modelling;0.972;3;match válido;Qwen3.5-4B
ID_7721483148298785;3;Simulacao Hidrodinamica;hydrological modelling (rej);0.844;0;sem match válido;Qwen3.5-4B
ID_7721483148298785;4;Bacias Hidrograficas;hydrological model (rej);0.568;0;sem match válido;Qwen3.5-4B
ID_7721483148298785;5;Sistema de Transposicao;model (rej);0.395;0;sem match válido;Qwen3.5-4B
ID_7721483148298785;6;Rio Sao Francisco;bacia amazônica (rej);0.413;0;sem match válido;Qwen3.5-4B
ID_7721483148298785;7;Amazonia;bacia amazônica;0.901;3;match válido;Qwen3.5-4B
ID_7721483148298785;8;Semi-arido;semiarid region (rej);0.746;0;sem match válido;Qwen3.5-4B
ID_7721483148298785;9;Mudancas Climaticas;hydrological model (rej);0.397;0;sem match válido;Qwen3.5-4B
ID_7721483148298785;10;Sensoriamento Remoto;remote sensing;0.767;3;match válido;Qwen3.5-4B
ID_7721483148298785;11;Cheias;semiarid region (rej);0.328;0;sem match válido;Qwen3.5-4B
ID_7721483148298785;12;Reservatorios;river basins (rej);0.543;0;sem match válido;Qwen3.5-4B
ID_7721483148298785;13;Balanco Hidrico;bacia amazônica (rej);0.417;0;sem match válido;Qwen3.5-4B
ID_7721483148298785;14;Precipitacao;hydrological model (rej);0.509;0;sem match válido;Qwen3.5-4B
ID_7721483148298785;15;Recursos Hidricos;hydrological model (rej);0.699;0;sem match válido;Qwen3.5-4B
ID_7721483148298785;16;Gestao de Recursos Hidricos;hydrological model (rej);0.686;0;sem match válido;Qwen3.5-4B
ID_7721483148298785;17;Modelagem Climatica;hydrological modelling (rej);0.599;0;sem match válido;Qwen3.5-4B
ID_7721483148298785;18;Bacia do Rio Una;bacia amazônica (rej);0.576;0;sem match válido;Qwen3.5-4B
ID_7721483148298785;19;Bacia do Rio Pajeu;bacia amazônica (rej);0.571;0;sem match válido;Qwen3.5-4B
ID_7721483148298785;20;Bacia do Rio Tapacura;bacia amazônica (rej);0.561;0;sem match válido;Qwen3.5-4B
ID_7312223977002681;1;KDP;kdp;0.876;2;match válido;Qwen3.5-4B
ID_7312223977002681;2;Potassium Dihydrogen Phosphate;oleic acid (rej);0.398;0;sem match válido;Qwen3.5-4B
ID_7312223977002681;3;Phase Transitions;phase transitions;0.986;3;match válido;Qwen3.5-4B
ID_7312223977002681;4;Piezoelectricity;dielectric properties (rej);0.621;0;sem match válido;Qwen3.5-4B
ID_7312223977002681;5;Ferroelectrics;ferroelectric phase transition;0.831;2;match válido;Qwen3.5-4B
ID_7312223977002681;6;Raman Spectroscopy;raman spectra (rej);0.653;0;sem match válido;Qwen3.5-4B
ID_7312223977002681;7;Thermal Lens Spectrometry;thermal lens;0.892;3;match válido;Qwen3.5-4B
ID_7312223977002681;8;Thermal Diffusivity;thermal diffusivity;0.982;3;match válido;Qwen3.5-4B
ID_7312223977002681;9;Doped Crystals;poly(methyl methacrylate) (rej);0.468;0;sem match válido;Qwen3.5-4B
ID_7312223977002681;10;KDP:Mn;pure kdp;0.759;2;match válido;Qwen3.5-4B
ID_7312223977002681;11;KDP:Ni;kdp (rej);0.756;0;sem match válido;Qwen3.5-4B
ID_7312223977002681;12;KDP:Al;kdp (rej);0.762;0;sem match válido;Qwen3.5-4B
ID_7312223977002681;13;KDP:Arg;kdp (rej);0.733;0;sem match válido;Qwen3.5-4B
ID_7312223977002681;14;X-ray Diffraction;emission spectra (rej);0.464;0;sem match válido;Qwen3.5-4B
ID_7312223977002681;15;Crystal Growth;synthesis (rej);0.377;0;sem match válido;Qwen3.5-4B
ID_7312223977002681;16;Vegetable Oils;vegetable oils;0.995;3;match válido;Qwen3.5-4B
ID_7312223977002681;17;Buriti Oil;oil (rej);0.654;0;sem match válido;Qwen3.5-4B
ID_7312223977002681;18;Oleic Acid;oleic acid;0.974;3;match válido;Qwen3.5-4B
ID_7312223977002681;19;Photopyroelectricity;dielectric properties (rej);0.591;0;sem match válido;Qwen3.5-4B
ID_7312223977002681;20;Pressure Sensing;pressure sensing;0.985;1;match válido;Qwen3.5-4B
ID_1741102469161036;1;Cholesterol-rich microdomains;plasma membrane cholesterol (rej);0.640;0;sem match válido;Qwen3.5-4B
ID_1741102469161036;2;CRMM disruption;ccn2/ctgf (rej);0.461;0;sem match válido;Qwen3.5-4B
ID_1741102469161036;3;Xenopus development;developing vertebrate (rej);0.570;0;sem match válido;Qwen3.5-4B
ID_1741102469161036;4;Frog embryogenesis;developing vertebrate (rej);0.566;0;sem match válido;Qwen3.5-4B
ID_1741102469161036;5;Chick embryogenesis;embryonal carcinoma p19 (rej);0.507;0;sem match válido;Qwen3.5-4B
ID_1741102469161036;6;Forebrain patterning;midbrain pattering (rej);0.742;0;sem match válido;Qwen3.5-4B
ID_1741102469161036;7;Neural crest development;neural crest controls;0.783;2;match válido;Qwen3.5-4B
ID_1741102469161036;8;Cephalic neural crest;facial neural crest;0.806;3;match válido;Qwen3.5-4B
ID_1741102469161036;9;Head development;head organizer (rej);0.632;0;sem match válido;Qwen3.5-4B
ID_1741102469161036;10;Spemann's organizer;head organizer (rej);0.549;0;sem match válido;Qwen3.5-4B
ID_1741102469161036;11;Wnt signaling;secreted wnt antagonist (rej);0.633;0;sem match válido;Qwen3.5-4B
ID_1741102469161036;12;Dkk1 function;ccn2/ctgf (rej);0.366;0;sem match válido;Qwen3.5-4B
ID_1741102469161036;13;Smad1 activity;expression through smad1;0.815;1;match válido;Qwen3.5-4B
ID_1741102469161036;14;Foxg1 expression;expression through smad1 (rej);0.472;0;sem match válido;Qwen3.5-4B
ID_1741102469161036;15;FGF signaling;fibroblast growth factor (rej);0.556;0;sem match válido;Qwen3.5-4B
ID_1741102469161036;16;BMP4 haplotypes;plate gene expression (rej);0.518;0;sem match válido;Qwen3.5-4B
ID_1741102469161036;17;Tendinopathy risk;teratocarcinoma (rej);0.412;0;sem match válido;Qwen3.5-4B
ID_1741102469161036;18;Volleyball athletes;head organizer (rej);0.202;0;sem match válido;Qwen3.5-4B
ID_1741102469161036;19;Connective tissue growth factor;fibroblast growth factor (rej);0.701;0;sem match válido;Qwen3.5-4B
ID_1741102469161036;20;CCN2 CTGF;ccn2/ctgf;0.769;3;match válido;Qwen3.5-4B
ID_1177407730126204;1;Apple Pomace;apple pomace;0.956;3;match válido;Qwen3.5-4B
ID_1177407730126204;2;Biotechnology;biocatalysis (rej);0.670;0;sem match válido;Qwen3.5-4B
ID_1177407730126204;3;Solid State Fermentation;solid state fermentation;0.960;3;match válido;Qwen3.5-4B
ID_1177407730126204;4;Saccharomyces cerevisiae;saccharomyces cerevisiae;0.981;2;match válido;Qwen3.5-4B
ID_1177407730126204;5;Enantioselective Reduction;ethyl acetoacetate reduction (rej);0.598;0;sem match válido;Qwen3.5-4B
ID_1177407730126204;6;Imobilizacao;synthetic activity (rej);0.438;0;sem match válido;Qwen3.5-4B
ID_1177407730126204;7;Transglutaminase;transglutaminase;0.993;2;match válido;Qwen3.5-4B
ID_1177407730126204;8;Bacillus circulans;fungal processes (rej);0.555;0;sem match válido;Qwen3.5-4B
ID_1177407730126204;9;Proteases Microbianas;free yeast cells (rej);0.549;0;sem match válido;Qwen3.5-4B
ID_1177407730126204;10;Proteina Hidrolisada;functional properties of proteins (rej);0.738;0;sem match válido;Qwen3.5-4B
ID_1177407730126204;11;Lacase;saccharomyces cerevisiae (rej);0.410;0;sem match válido;Qwen3.5-4B
ID_1177407730126204;12;Fungos Amazonicos;amazon region (rej);0.637;0;sem match válido;Qwen3.5-4B
ID_1177407730126204;13;Rhizopus oligosporus;rhizopus oligosporus protein;0.875;2;match válido;Qwen3.5-4B
ID_1177407730126204;14;Candida utilis;obtenção do suco (rej);0.494;0;sem match válido;Qwen3.5-4B
ID_1177407730126204;15;Fungos Endofiticos;fungal processes (rej);0.722;0;sem match válido;Qwen3.5-4B
ID_1177407730126204;16;Antimicrobial Activity;biocatalysis (rej);0.408;0;sem match válido;Qwen3.5-4B
ID_1177407730126204;17;Terpenos;trehalose or sucrose (rej);0.485;0;sem match válido;Qwen3.5-4B
ID_1177407730126204;18;Biosurfactant;biocatalysis (rej);0.676;0;sem match válido;Qwen3.5-4B
ID_1177407730126204;19;Lipase;mycelium-bound lipase (rej);0.723;0;sem match válido;Qwen3.5-4B
ID_1177407730126204;20;Myrcia guianensis;melipona compressipes manaosensis (rej);0.572;0;sem match válido;Qwen3.5-4B
ID_3935638786776109;1;Zirconia;investigation of zirconia;0.867;1;match válido;Qwen3.5-4B
ID_3935638786776109;2;PSZ;psz sintered;0.926;1;match válido;Qwen3.5-4B
ID_3935638786776109;3;Sintering;psz sintered (rej);0.618;0;sem match válido;Qwen3.5-4B
ID_3935638786776109;4;Densification;thin layer (rej);0.372;0;sem match válido;Qwen3.5-4B
ID_3935638786776109;5;Yttria;co-doped with yttria (rej);0.742;0;sem match válido;Qwen3.5-4B
ID_3935638786776109;6;Niobia;addition of niobia;0.866;2;match válido;Qwen3.5-4B
ID_3935638786776109;7;EB-PVD;psz sintered (rej);0.498;0;sem match válido;Qwen3.5-4B
ID_3935638786776109;8;Thermal barrier coatings;thermal barrier coatings;0.999;3;match válido;Qwen3.5-4B
ID_3935638786776109;9;TBC;tbcs of zirconia (rej);0.618;0;sem match válido;Qwen3.5-4B
ID_3935638786776109;10;Turbine blades;turbine blades;0.977;3;match válido;Qwen3.5-4B
ID_3935638786776109;11;Powder metallurgy;ceramic coatings (rej);0.549;0;sem match válido;Qwen3.5-4B
ID_3935638786776109;12;Titanium aluminides;zirconium oxide (rej);0.506;0;sem match válido;Qwen3.5-4B
ID_3935638786776109;13;Gamma TiAl;zirconia tetragonal phase (rej);0.479;0;sem match válido;Qwen3.5-4B
ID_3935638786776109;14;Microstructure;thin layer (rej);0.449;0;sem match válido;Qwen3.5-4B
ID_3935638786776109;15;Microscopy;x-ray diffraction (rej);0.450;0;sem match válido;Qwen3.5-4B
ID_3935638786776109;16;XRD;psz sintered (rej);0.623;0;sem match válido;Qwen3.5-4B
ID_3935638786776109;17;Thermal conductivity;thermal conductivity;0.999;1;match válido;Qwen3.5-4B
ID_3935638786776109;18;Aerospace;propulsão líquida (rej);0.611;0;sem match válido;Qwen3.5-4B
ID_3935638786776109;19;Rocket engine;propulsão líquida (rej);0.717;0;sem match válido;Qwen3.5-4B
ID_3935638786776109;20;Liquid propellant;propulsão líquida;0.784;3;match válido;Qwen3.5-4B
ID_7053039409324203;1;Apocynaceae;subfamily apocynoideae;0.824;1;match válido;Qwen3.5-4B
ID_7053039409324203;2;Rauvolfioideae;rauvolfioideae;0.944;3;match válido;Qwen3.5-4B
ID_7053039409324203;3;Mesechiteae;mesechiteae;0.772;3;match válido;Qwen3.5-4B
ID_7053039409324203;4;Willughbeieae;mato grosso (rej);0.528;0;sem match válido;Qwen3.5-4B
ID_7053039409324203;5;Tabernaemontaneae;rauvolfioideae (rej);0.676;0;sem match válido;Qwen3.5-4B
ID_7053039409324203;6;Vinceae;securidaca (rej);0.572;0;sem match válido;Qwen3.5-4B
ID_7053039409324203;7;Rubiaceae;rauvolfioideae (rej);0.618;0;sem match válido;Qwen3.5-4B
ID_7053039409324203;8;Mandevilla;mandevilla;0.938;3;match válido;Qwen3.5-4B
ID_7053039409324203;9;taxonomy;species;0.792;2;match válido;Qwen3.5-4B
ID_7053039409324203;10;phylogeny;phylogeny and biogeography;0.890;1;match válido;Qwen3.5-4B
ID_7053039409324203;11;anatomia;anatomy;0.989;3;match válido;Qwen3.5-4B
ID_7053039409324203;12;morfologia;morphological differences;0.795;1;match válido;Qwen3.5-4B
ID_7053039409324203;13;filogenia;rauvolfioideae (rej);0.579;0;sem match válido;Qwen3.5-4B
ID_7053039409324203;14;biogeografia;phylogeny and biogeography (rej);0.797;0;sem match válido;Qwen3.5-4B
ID_7053039409324203;15;anatomia floral;rauvolfioideae (rej);0.660;0;sem match válido;Qwen3.5-4B
ID_7053039409324203;16;anatomia de frutos;anatomy (rej);0.536;0;sem match válido;Qwen3.5-4B
ID_7053039409324203;17;sistematica;list (rej);0.663;0;sem match válido;Qwen3.5-4B
ID_7053039409324203;18;evolucao;species (rej);0.588;0;sem match válido;Qwen3.5-4B
ID_7053039409324203;19;marcadores moleculares;secretory phase (rej);0.435;0;sem match válido;Qwen3.5-4B
ID_7053039409324203;20;sistematica macromolecular;secretory surface (rej);0.491;0;sem match válido;Qwen3.5-4B
ID_0170762259145267;1;Amendoim;grão de amendoim;0.795;3;match válido;Qwen3.5-4B
ID_0170762259145267;2;Morango;pós-colheita da mangueira (rej);0.412;0;sem match válido;Qwen3.5-4B
ID_0170762259145267;3;Uva;doses de pbz (rej);0.494;0;sem match válido;Qwen3.5-4B
ID_0170762259145267;4;Maracuja;pós-colheita da mangueira (rej);0.353;0;sem match válido;Qwen3.5-4B
ID_0170762259145267;5;Irrigacao;irrigação;0.823;3;match válido;Qwen3.5-4B
ID_0170762259145267;6;Fertirrigacao;fertilizers in agriculture;0.796;2;match válido;Qwen3.5-4B
ID_0170762259145267;7;Potassio;potassium displacement;0.808;3;match válido;Qwen3.5-4B
ID_0170762259145267;8;Calcio;solute displacement (rej);0.463;0;sem match válido;Qwen3.5-4B
ID_0170762259145267;9;Solo;solo cultivado (rej);0.435;0;sem match válido;Qwen3.5-4B
ID_0170762259145267;10;Lisimetro;determinação do diâmetro (rej);0.615;0;sem match válido;Qwen3.5-4B
ID_0170762259145267;11;Radiacao solar;incident solar radiation;0.837;3;match válido;Qwen3.5-4B
ID_0170762259145267;12;Atenuacao solar;reducing solar radiation;0.782;2;match válido;Qwen3.5-4B
ID_0170762259145267;13;Clima;low incident solar (rej);0.432;0;sem match válido;Qwen3.5-4B
ID_0170762259145267;14;Custo;doses de pbz (rej);0.507;0;sem match válido;Qwen3.5-4B
ID_0170762259145267;15;Energia;reducing solar radiation (rej);0.465;0;sem match válido;Qwen3.5-4B
ID_0170762259145267;16;Bombeamento;efeito de lâminas (rej);0.513;0;sem match válido;Qwen3.5-4B
ID_0170762259145267;17;Tubulacao;vazão em condutos (rej);0.730;0;sem match válido;Qwen3.5-4B
ID_0170762259145267;18;Motor;motor para acionamento;0.913;1;match válido;Qwen3.5-4B
ID_0170762259145267;19;Nematoides;efeito de lâminas (rej);0.422;0;sem match válido;Qwen3.5-4B
ID_0170762259145267;20;Nematodo;norte de minas (rej);0.493;0;sem match válido;Qwen3.5-4B
ID_3314639624288740;1;LiF clusters;hartree–fock (rej);0.376;0;sem match válido;Qwen3.5-4B
ID_3314639624288740;2;ammonia clusters;dehydrogenation reaction (rej);0.354;0;sem match válido;Qwen3.5-4B
ID_3314639624288740;3;fast ion impact;potential energy surface (rej);0.384;0;sem match válido;Qwen3.5-4B
ID_3314639624288740;4;fission fragments;atomic and molecular physics  (rej);0.457;0;sem match válido;Qwen3.5-4B
ID_3314639624288740;5;cluster stability;conformational map (rej);0.450;0;sem match válido;Qwen3.5-4B
ID_3314639624288740;6;DFT B3LYP;hartree–fock (rej);0.410;0;sem match válido;Qwen3.5-4B
ID_3314639624288740;7;MP2 calculations;pseudospectral calculations (rej);0.387;0;sem match válido;Qwen3.5-4B
ID_3314639624288740;8;genetic algorithms;global optimization (rej);0.475;0;sem match válido;Qwen3.5-4B
ID_3314639624288740;9;Hartree-Fock;hartree–fock;0.966;1;match válido;Qwen3.5-4B
ID_3314639624288740;10;global optimization;global optimization;1.000;3;match válido;Qwen3.5-4B
ID_3314639624288740;11;branch and bound;structure (rej);0.424;0;sem match válido;Qwen3.5-4B
ID_3314639624288740;12;interval arithmetic;pseudospectral calculations (rej);0.467;0;sem match válido;Qwen3.5-4B
ID_3314639624288740;13;quantum chemistry;quantum methods;0.819;3;match válido;Qwen3.5-4B
ID_3314639624288740;14;conformational analysis;conformational map;0.805;2;match válido;Qwen3.5-4B
ID_3314639624288740;15;anomeric effect;resonance (rej);0.446;0;sem match válido;Qwen3.5-4B
ID_3314639624288740;16;pKa calculations;pseudospectral calculations (rej);0.489;0;sem match válido;Qwen3.5-4B
ID_3314639624288740;17;polarizable continuum model;generalized multistructural (rej);0.426;0;sem match válido;Qwen3.5-4B
ID_3314639624288740;18;PCM model;configuration interaction (rej);0.344;0;sem match válido;Qwen3.5-4B
ID_3314639624288740;19;gas-phase acidity;molecular dynamics (rej);0.492;0;sem match válido;Qwen3.5-4B
ID_3314639624288740;20;zeolite catalysis;zeolite;0.881;3;match válido;Qwen3.5-4B
ID_9856332816841794;1;Fisiologia respiratória;respiratory physiology;0.922;3;match válido;Qwen3.5-4B
ID_9856332816841794;2;Ventilação pulmonar;ventilation and breathing;0.898;3;match válido;Qwen3.5-4B
ID_9856332816841794;3;Sepsos hepático;post-hepatic septum (rej);0.684;0;sem match válido;Qwen3.5-4B
ID_9856332816841794;4;Metabolismo;metabolic response;0.886;3;match válido;Qwen3.5-4B
ID_9856332816841794;5;Hemoglobina;ventricular haemodynamics (rej);0.491;0;sem match válido;Qwen3.5-4B
ID_9856332816841794;6;Hipóxia;responses to hypoxia (rej);0.702;0;sem match válido;Qwen3.5-4B
ID_9856332816841794;7;Anfíbios;pterygoplichthys (rej);0.640;0;sem match válido;Qwen3.5-4B
ID_9856332816841794;8;Répteis;pterygoplichthys (rej);0.686;0;sem match válido;Qwen3.5-4B
ID_9856332816841794;9;Peixes;pterygoplichthys (rej);0.424;0;sem match válido;Qwen3.5-4B
ID_9856332816841794;10;Lagartos;pterygoplichthys (rej);0.554;0;sem match válido;Qwen3.5-4B
ID_9856332816841794;11;Serpentes;tegu lizard (tupinambis merianae) (rej);0.635;0;sem match válido;Qwen3.5-4B
ID_9856332816841794;12;Ecofisiologia;pterygoplichthys (rej);0.450;0;sem match válido;Qwen3.5-4B
ID_9856332816841794;13;Fisiologia comparada;respiratory physiology (rej);0.593;0;sem match válido;Qwen3.5-4B
ID_9856332816841794;14;Respiração aérea;respiration;0.866;3;match válido;Qwen3.5-4B
ID_9856332816841794;15;Enfisema pulmonar;pulmonary structure (rej);0.631;0;sem match válido;Qwen3.5-4B
ID_9856332816841794;16;Fator estimulante de colônias de granulócitos;pterygoplichthys (rej);0.456;0;sem match válido;Qwen3.5-4B
ID_9856332816841794;17;Chagas;scincomorpha (rej);0.334;0;sem match válido;Qwen3.5-4B
ID_9856332816841794;18;Cardiomiopatia;ventricular haemodynamics (rej);0.709;0;sem match válido;Qwen3.5-4B
ID_9856332816841794;19;Desidratação;water balance (rej);0.499;0;sem match válido;Qwen3.5-4B
ID_9856332816841794;20;Termorregulação;temperature (rej);0.737;0;sem match válido;Qwen3.5-4B
ID_7014991384513854;1;Redes Sociais;social networks;0.976;3;match válido;Qwen3.5-4B
ID_7014991384513854;2;Twitter;twitter;0.822;2;match válido;Qwen3.5-4B
ID_7014991384513854;3;YouTube;youtube;0.996;2;match válido;Qwen3.5-4B
ID_7014991384513854;4;Spam;spammers and promoters (rej);0.636;0;sem match válido;Qwen3.5-4B
ID_7014991384513854;5;Poluição de Conteúdo;video pollution (rej);0.631;0;sem match válido;Qwen3.5-4B
ID_7014991384513854;6;Análise de Sentimento;twitter (rej);0.297;0;sem match válido;Qwen3.5-4B
ID_7014991384513854;7;Aprendizado Ativo;user behavior (rej);0.400;0;sem match válido;Qwen3.5-4B
ID_7014991384513854;8;Classificação Supervisionada;supervised classification algorithms;0.793;3;match válido;Qwen3.5-4B
ID_7014991384513854;9;Redes Complexas;twitter (rej);0.399;0;sem match válido;Qwen3.5-4B
ID_7014991384513854;10;Dinâmica de Redes;twitter (rej);0.619;0;sem match válido;Qwen3.5-4B
ID_7014991384513854;11;Comportamento do Usuário;user behavior;0.904;3;match válido;Qwen3.5-4B
ID_7014991384513854;12;Trabalho de Usuário;user behavior (rej);0.650;0;sem match válido;Qwen3.5-4B
ID_7014991384513854;13;Localização;redes sociais geolocalizadas (rej);0.579;0;sem match válido;Qwen3.5-4B
ID_7014991384513854;14;Geolocalização;redes sociais geolocalizadas (rej);0.706;0;sem match válido;Qwen3.5-4B
ID_7014991384513854;15;Análise de Dados;supervised classification algorithms (rej);0.483;0;sem match válido;Qwen3.5-4B
ID_7014991384513854;16;Algoritmos de Clustering;supervised classification algorithms (rej);0.660;0;sem match válido;Qwen3.5-4B
ID_7014991384513854;17;Influência Social;social networks (rej);0.475;0;sem match válido;Qwen3.5-4B
ID_7014991384513854;18;Bot;robôs (rej);0.669;0;sem match válido;Qwen3.5-4B
ID_7014991384513854;19;Engenharia Social;social network (rej);0.551;0;sem match válido;Qwen3.5-4B
ID_7014991384513854;20;Web 2.0;web-based services (rej);0.627;0;sem match válido;Qwen3.5-4B
ID_1272997735344283;1;Agent-oriented Software Engineering;agent-oriented software engineering;0.995;3;match válido;Qwen3.5-4B
ID_1272997735344283;2;Multi-Agent Systems;multi-agent systems;0.973;3;match válido;Qwen3.5-4B
ID_1272997735344283;3;Software Product Lines;software product lines;0.992;3;match válido;Qwen3.5-4B
ID_1272997735344283;4;Multi-Agent System Product Lines;multi-agent systems (rej);0.781;0;sem match válido;Qwen3.5-4B
ID_1272997735344283;5;Model-driven Engineering;model-driven development;0.841;3;match válido;Qwen3.5-4B
ID_1272997735344283;6;Formal Methods;product derivation tool (rej);0.438;0;sem match válido;Qwen3.5-4B
ID_1272997735344283;7;Graph Transformation;product derivation tool (rej);0.430;0;sem match válido;Qwen3.5-4B
ID_1272997735344283;8;Use Case Analysis;application engineering (rej);0.501;0;sem match válido;Qwen3.5-4B
ID_1272997735344283;9;BDI Agents;agent-oriented software engineering (rej);0.525;0;sem match válido;Qwen3.5-4B
ID_1272997735344283;10;User Preferences;configuration knowledge (rej);0.466;0;sem match válido;Qwen3.5-4B
ID_1272997735344283;11;Automated Decision Making;multi-agent systems (rej);0.407;0;sem match válido;Qwen3.5-4B
ID_1272997735344283;12;Personal Assistance Software;software product lines (rej);0.540;0;sem match válido;Qwen3.5-4B
ID_1272997735344283;13;Modularity;design modularity;0.878;2;match válido;Qwen3.5-4B
ID_1272997735344283;14;Variability Management;configuration knowledge (rej);0.467;0;sem match válido;Qwen3.5-4B
ID_1272997735344283;15;Domain Engineering;application engineering (rej);0.505;0;sem match válido;Qwen3.5-4B
ID_1272997735344283;16;Software Reuse;software engineering techniques (rej);0.649;0;sem match válido;Qwen3.5-4B
ID_1272997735344283;17;Configuration Knowledge;configuration knowledge;0.953;2;match válido;Qwen3.5-4B
ID_1272997735344283;18;Product Derivation;product derivation tool;0.866;2;match válido;Qwen3.5-4B
ID_1272997735344283;19;JADE;application engineering (rej);0.223;0;sem match válido;Qwen3.5-4B
ID_1272997735344283;20;Jadex;application engineering (rej);0.361;0;sem match válido;Qwen3.5-4B
ID_0306964533388350;1;Cerrado;localizada em ecótono (rej);0.592;0;sem match válido;Qwen3.5-4B
ID_0306964533388350;2;Savana;savanna in southeastern (rej);0.536;0;sem match válido;Qwen3.5-4B
ID_0306964533388350;3;Biogeografia;regional biodiversity (rej);0.593;0;sem match válido;Qwen3.5-4B
ID_0306964533388350;4;Fitogeografia;localizada em ecótono (rej);0.515;0;sem match válido;Qwen3.5-4B
ID_0306964533388350;5;Ecologia;ecotone (rej);0.725;0;sem match válido;Qwen3.5-4B
ID_0306964533388350;6;Conservacao;localizada em ecótono (rej);0.607;0;sem match válido;Qwen3.5-4B
ID_0306964533388350;7;Biodiversidade;regional biodiversity;0.870;3;match válido;Qwen3.5-4B
ID_0306964533388350;8;Floresta Estacional Semidecidual;forest;0.849;1;match válido;Qwen3.5-4B
ID_0306964533388350;9;Ecotono;ecotone;0.935;1;match válido;Qwen3.5-4B
ID_0306964533388350;10;Fenologia;pliocene (rej);0.553;0;sem match válido;Qwen3.5-4B
ID_0306964533388350;11;Herbario;savânico-florestal no sudeste (rej);0.640;0;sem match válido;Qwen3.5-4B
ID_0306964533388350;12;Taxonomia;regional biodiversity (rej);0.651;0;sem match válido;Qwen3.5-4B
ID_0306964533388350;13;Sistematica;localizada em ecótono (rej);0.603;0;sem match válido;Qwen3.5-4B
ID_0306964533388350;14;Edafologia;localizada em ecótono (rej);0.524;0;sem match válido;Qwen3.5-4B
ID_0306964533388350;15;Fogo;fire suppression (rej);0.625;0;sem match válido;Qwen3.5-4B
ID_0306964533388350;16;Sucessao Vegetal;jardim botânico municipal (rej);0.487;0;sem match válido;Qwen3.5-4B
ID_0306964533388350;17;Flora;bauru botanic (rej);0.690;0;sem match válido;Qwen3.5-4B
ID_0306964533388350;18;Botanica;bauru botanic;0.797;3;match válido;Qwen3.5-4B
ID_0306964533388350;19;Jardim Botanico;jardim botânico municipal;0.873;3;match válido;Qwen3.5-4B
ID_0306964533388350;20;Microambiente;ecotone (rej);0.555;0;sem match válido;Qwen3.5-4B
ID_7299082066704598;1;fragmentacao florestal;secondary forests;0.796;3;match válido;Qwen3.5-4B
ID_7299082066704598;2;dinamica florestal;secondary forests (rej);0.740;0;sem match válido;Qwen3.5-4B
ID_7299082066704598;3;ecologia tropical;tropical forests;0.875;3;match válido;Qwen3.5-4B
ID_7299082066704598;4;floresta amazonica;amazonian forest;0.978;3;match válido;Qwen3.5-4B
ID_7299082066704598;5;biodiversidade;species extinctions (rej);0.690;0;sem match válido;Qwen3.5-4B
ID_7299082066704598;6;sementes florestais;seeds and seedlings;0.832;3;match válido;Qwen3.5-4B
ID_7299082066704598;7;germinacao de sementes;seed germination;0.977;3;match válido;Qwen3.5-4B
ID_7299082066704598;8;propagulos;minquartia guianensis (rej);0.560;0;sem match válido;Qwen3.5-4B
ID_7299082066704598;9;plantulas;seeds and seedlings (rej);0.708;0;sem match válido;Qwen3.5-4B
ID_7299082066704598;10;silvicultura;vegetation structure (rej);0.680;0;sem match válido;Qwen3.5-4B
ID_7299082066704598;11;conservacao;minquartia guianensis (rej);0.509;0;sem match válido;Qwen3.5-4B
ID_7299082066704598;12;efeito de borda;edge effects;0.834;3;match válido;Qwen3.5-4B
ID_7299082066704598;13;sucessao ecologica;vegetation structure (rej);0.570;0;sem match válido;Qwen3.5-4B
ID_7299082066704598;14;especies pioneiras;pioneer species;0.937;3;match válido;Qwen3.5-4B
ID_7299082066704598;15;especies climax;species in fragments (rej);0.566;0;sem match válido;Qwen3.5-4B
ID_7299082066704598;16;carapa guianensis;minquartia guianensis (rej);0.763;0;sem match válido;Qwen3.5-4B
ID_7299082066704598;17;minquartia guianensis;minquartia guianensis;1.000;3;match válido;Qwen3.5-4B
ID_7299082066704598;18;aniba rosaeodora;minquartia guianensis (rej);0.572;0;sem match válido;Qwen3.5-4B
ID_7299082066704598;19;scleronema micranthum;minquartia guianensis (rej);0.400;0;sem match válido;Qwen3.5-4B
ID_7299082066704598;20;lianas;minquartia guianensis (rej);0.466;0;sem match válido;Qwen3.5-4B
ID_3886712611757992;1;Aquisicao de vocabulario;fala espontânea (rej);0.600;0;sem match válido;Qwen3.5-4B
ID_3886712611757992;2;Controle instrucional;instructional control;0.977;3;match válido;Qwen3.5-4B
ID_3886712611757992;3;Equivalencia de estimulos;stimulus equivalence;0.812;3;match válido;Qwen3.5-4B
ID_3886712611757992;4;Criancas pre-escolares;special education institutions (rej);0.444;0;sem match válido;Qwen3.5-4B
ID_3886712611757992;5;Analise do comportamento;verbs and actions (rej);0.566;0;sem match válido;Qwen3.5-4B
ID_3886712611757992;6;Aprendizagem relacional;meaningful stimuli (rej);0.466;0;sem match válido;Qwen3.5-4B
ID_3886712611757992;7;Responder por exclusao;conditional discriminations (rej);0.612;0;sem match válido;Qwen3.5-4B
ID_3886712611757992;8;Desenvolvimento infantil;separação mãe-filho (rej);0.528;0;sem match válido;Qwen3.5-4B
ID_3886712611757992;9;Educacao especial;special education institutions;0.864;2;match válido;Qwen3.5-4B
ID_3886712611757992;10;Autismo;people with special needs (rej);0.512;0;sem match válido;Qwen3.5-4B
ID_3886712611757992;11;Deficiencia mental;people with special needs (rej);0.547;0;sem match válido;Qwen3.5-4B
ID_3886712611757992;12;Habilidades basicas;instructional control (rej);0.479;0;sem match válido;Qwen3.5-4B
ID_3886712611757992;13;Inclusao no mercado de trabalho;inclusão de pessoas (rej);0.486;0;sem match válido;Qwen3.5-4B
ID_3886712611757992;14;Comportamento verbal;fala espontânea (rej);0.703;0;sem match válido;Qwen3.5-4B
ID_3886712611757992;15;InteraÃ Ã o verbal;fala espontânea;0.765;1;match válido;Qwen3.5-4B
ID_3886712611757992;16;Estimulos equivalentes;stimulus;0.756;1;match válido;Qwen3.5-4B
ID_3886712611757992;17;Discriminacao condicional;conditional discriminations;0.855;3;match válido;Qwen3.5-4B
ID_3886712611757992;18;Operantes generalizados;operante livre (rej);0.629;0;sem match válido;Qwen3.5-4B
ID_3886712611757992;19;Avaliacao linguistica;fala espontânea (rej);0.549;0;sem match válido;Qwen3.5-4B
ID_3886712611757992;20;Leritura compartilhada;inclusão de pessoas (rej);0.487;0;sem match válido;Qwen3.5-4B
ID_3621433615334969;1;Wireless Sensor Networks;network models (rej);0.523;0;sem match válido;Qwen3.5-4B
ID_3621433615334969;2;Distributed Algorithms;peer-to-peer sharing systems (rej);0.489;0;sem match válido;Qwen3.5-4B
ID_3621433615334969;3;BitTorrent Dynamics;peer-to-peer file-sharing (rej);0.458;0;sem match válido;Qwen3.5-4B
ID_3621433615334969;4;Peer-to-Peer Networks;peer-to-peer sharing systems;0.861;2;match válido;Qwen3.5-4B
ID_3621433615334969;5;Congestion Control;traffic management;0.781;1;match válido;Qwen3.5-4B
ID_3621433615334969;6;Game Theory;game theory;0.996;2;match válido;Qwen3.5-4B
ID_3621433615334969;7;Clock Synchronization;time-aware ranking (rej);0.471;0;sem match válido;Qwen3.5-4B
ID_3621433615334969;8;Packet Loss Recovery;packet simulation (rej);0.605;0;sem match válido;Qwen3.5-4B
ID_3621433615334969;9;Voice over IP;packet simulation (rej);0.381;0;sem match válido;Qwen3.5-4B
ID_3621433615334969;10;Random Walks;network models (rej);0.281;0;sem match válido;Qwen3.5-4B
ID_3621433615334969;11;Network Modeling;network models;0.974;3;match válido;Qwen3.5-4B
ID_3621433615334969;12;Social Networks;collaboration networks (rej);0.706;0;sem match válido;Qwen3.5-4B
ID_3621433615334969;13;Collaboration Networks;collaboration networks;0.986;3;match válido;Qwen3.5-4B
ID_3621433615334969;14;Video Streaming;peer-to-peer file-sharing (rej);0.416;0;sem match válido;Qwen3.5-4B
ID_3621433615334969;15;TCP Traffic;tcp mechanisms (rej);0.698;0;sem match válido;Qwen3.5-4B
ID_3621433615334969;16;Graph Theory;network structure (rej);0.473;0;sem match válido;Qwen3.5-4B
ID_3621433615334969;17;Epidemic Models;statistical characteristics (rej);0.465;0;sem match válido;Qwen3.5-4B
ID_3621433615334969;18;Edge Coloring;udp (rej);0.309;0;sem match válido;Qwen3.5-4B
ID_3621433615334969;19;TDMA Scheduling;tcp mechanisms (rej);0.529;0;sem match válido;Qwen3.5-4B
ID_3621433615334969;20;Network Topology;network structure;0.887;3;match válido;Qwen3.5-4B
ID_1138639549823932;1;Adsorcao;adsorption;0.766;3;match válido;Qwen3.5-4B
ID_1138639549823932;2;Argila;alumina (rej);0.614;0;sem match válido;Qwen3.5-4B
ID_1138639549823932;3;Acidos naftenicos;naphthenic acids (rej);0.704;0;sem match válido;Qwen3.5-4B
ID_1138639549823932;4;Derivados de petroleo;petroleum oil;0.955;2;match válido;Qwen3.5-4B
ID_1138639549823932;5;Remocao de contaminantes;sulfur contaminants (rej);0.686;0;sem match válido;Qwen3.5-4B
ID_1138639549823932;6;Nitrogenio;nitrogen and sulfur;0.795;3;match válido;Qwen3.5-4B
ID_1138639549823932;7;Enxofre;alumina (rej);0.615;0;sem match válido;Qwen3.5-4B
ID_1138639549823932;8;Corrosao;alumina (rej);0.439;0;sem match válido;Qwen3.5-4B
ID_1138639549823932;9;Bio-oil;petroleum oil (rej);0.739;0;sem match válido;Qwen3.5-4B
ID_1138639549823932;10;Fast Pyrolysis;polyethylene and polyethylene (rej);0.496;0;sem match válido;Qwen3.5-4B
ID_1138639549823932;11;Catalisador;refine process (rej);0.547;0;sem match válido;Qwen3.5-4B
ID_1138639549823932;12;Gestao Ambiental;responsabilidade socioambiental;0.835;3;match válido;Qwen3.5-4B
ID_1138639549823932;13;Responsabilidade Social;social accountability;0.877;3;match válido;Qwen3.5-4B
ID_1138639549823932;14;Reciclagem;recycling;0.967;2;match válido;Qwen3.5-4B
ID_1138639549823932;15;Residuos;resíduos dos serviços;0.777;2;match válido;Qwen3.5-4B
ID_1138639549823932;16;Sustentabilidade;responsabilidade socioambiental (rej);0.749;0;sem match válido;Qwen3.5-4B
ID_1138639549823932;17;Indicadores;uso de indicadores;0.902;3;match válido;Qwen3.5-4B
ID_1138639549823932;18;Desenvolvimento Sustentavel;responsabilidade socioambiental (rej);0.638;0;sem match válido;Qwen3.5-4B
ID_1138639549823932;19;Acidificacao;naphthenic acids (rej);0.552;0;sem match válido;Qwen3.5-4B
ID_1138639549823932;20;Petroquimica;petroleum derivatives (rej);0.556;0;sem match válido;Qwen3.5-4B
ID_1661480072159875;1;Hipersuperficies;stable hypersurfaces (rej);0.663;0;sem match válido;Qwen3.5-4B
ID_1661480072159875;2;Curvatura Media;mean curvature (rej);0.758;0;sem match válido;Qwen3.5-4B
ID_1661480072159875;3;Estabilidade;stability;0.985;3;match válido;Qwen3.5-4B
ID_1661480072159875;4;Hipersuperficies Minimas;hyperbolic plane (rej);0.663;0;sem match válido;Qwen3.5-4B
ID_1661480072159875;5;Curvatura Escalar;mean curvature;0.781;3;match válido;Qwen3.5-4B
ID_1661480072159875;6;Espacos de Curvatura Constante;constant mean curvature;0.813;3;match válido;Qwen3.5-4B
ID_1661480072159875;7;Geometria Diferencial;euclidean spaces (rej);0.693;0;sem match válido;Qwen3.5-4B
ID_1661480072159875;8;Operador Linearizado;polynomial (rej);0.569;0;sem match válido;Qwen3.5-4B
ID_1661480072159875;9;Primeiro Autovalor;eigenvalue (rej);0.429;0;sem match válido;Qwen3.5-4B
ID_1661480072159875;10;Superficies Triangulares;complex quadratic form (rej);0.625;0;sem match válido;Qwen3.5-4B
ID_1661480072159875;11;Modelagem Geometrica;mean curvature (rej);0.587;0;sem match válido;Qwen3.5-4B
ID_1661480072159875;12;NURBS;hopf (rej);0.602;0;sem match válido;Qwen3.5-4B
ID_1661480072159875;13;Computacao Grafica;minimal surfaces (rej);0.461;0;sem match válido;Qwen3.5-4B
ID_1661480072159875;14;Isometrias;isometry;0.869;3;match válido;Qwen3.5-4B
ID_1661480072159875;15;Forma Quadratica;complex quadratic form;0.846;3;match válido;Qwen3.5-4B
ID_1661480072159875;16;Vetor Curvatura;constant scalar curvature (rej);0.659;0;sem match válido;Qwen3.5-4B
ID_1661480072159875;17;Variacionais;complex quadratic form (rej);0.590;0;sem match válido;Qwen3.5-4B
ID_1661480072159875;18;Espaco Euclidiano;euclidean spaces (rej);0.702;0;sem match válido;Qwen3.5-4B
ID_1661480072159875;19;Espaco Hiperbolico;hyperbolic plane (rej);0.669;0;sem match válido;Qwen3.5-4B
ID_1661480072159875;20;Esfera;euclidean spaces (rej);0.536;0;sem match válido;Qwen3.5-4B
ID_3714905065293466;1;Rotacao estelar;stars: rotation;0.902;3;match válido;Qwen3.5-4B
ID_3714905065293466;2;Estrelas pobres em metal;stars: late-type (rej);0.752;0;sem match válido;Qwen3.5-4B
ID_3714905065293466;3;Populacao II;stars: population ii (rej);0.660;0;sem match válido;Qwen3.5-4B
ID_3714905065293466;4;Evolucao estelar;stars: evolution;0.950;2;match válido;Qwen3.5-4B
ID_3714905065293466;5;Espectroscopia estelar;solar-type stars;0.816;2;match válido;Qwen3.5-4B
ID_3714905065293466;6;Sistemas binarios;binary systems;0.982;3;match válido;Qwen3.5-4B
ID_3714905065293466;7;Velocidade de rotacao;rotational velocity;0.937;3;match válido;Qwen3.5-4B
ID_3714905065293466;8;Estrelas gigantes;stars: fundamental parameters;0.761;3;match válido;Qwen3.5-4B
ID_3714905065293466;9;Aglomerados abertos;open clusters and associations: general (rej);0.497;0;sem match válido;Qwen3.5-4B
ID_3714905065293466;10;Estrelas do campo;stars: late-type;0.779;2;match válido;Qwen3.5-4B
ID_3714905065293466;11;Estatistica nao-gaussiana;non-gaussian (rej);0.529;0;sem match válido;Qwen3.5-4B
ID_3714905065293466;12;Estatistica Tsallis;tsallis formalism (rej);0.579;0;sem match válido;Qwen3.5-4B
ID_3714905065293466;13;Indice entropico q;entropic index (rej);0.633;0;sem match válido;Qwen3.5-4B
ID_3714905065293466;14;Frenamento magnetico;rotational velocity (rej);0.467;0;sem match válido;Qwen3.5-4B
ID_3714905065293466;15;Momentum angular;rotational velocity (rej);0.818;0;sem match válido;Qwen3.5-4B
ID_3714905065293466;16;Periodo de rotacao;rotational behavior;0.754;3;match válido;Qwen3.5-4B
ID_3714905065293466;17;Metalicidade;behavior of metal-poor (rej);0.746;0;sem match válido;Qwen3.5-4B
ID_3714905065293466;18;Abundancias;activity (rej);0.474;0;sem match válido;Qwen3.5-4B
ID_3714905065293466;19;Chandrasekhar;activity (rej);0.239;0;sem match válido;Qwen3.5-4B
ID_3714905065293466;20;Estrelas do Kepler;stellar rotation;0.778;3;match válido;Qwen3.5-4B
ID_6306096928606380;1;Polarimetria;optical polarimetry;0.874;3;match válido;Qwen3.5-4B
ID_6306096928606380;2;Formação Estelar;stars: formation (rej);0.760;0;sem match válido;Qwen3.5-4B
ID_6306096928606380;3;Meio Interestelar;herbig-haro objects (rej);0.425;0;sem match válido;Qwen3.5-4B
ID_6306096928606380;4;Campos Magnéticos;ism: magnetic fields (rej);0.770;0;sem match válido;Qwen3.5-4B
ID_6306096928606380;5;Objetos Estelares Jovens;young stellar object (rej);0.502;0;sem match válido;Qwen3.5-4B
ID_6306096928606380;6;Estrelas Binárias;stars: formation (rej);0.804;0;sem match válido;Qwen3.5-4B
ID_6306096928606380;7;Variáveis Cataclísmicas;dinâmica populacional (rej);0.357;0;sem match válido;Qwen3.5-4B
ID_6306096928606380;8;Supernovas;stars: formation (rej);0.651;0;sem match válido;Qwen3.5-4B
ID_6306096928606380;9;Nebulosas Planetárias;young stellar object (rej);0.689;0;sem match válido;Qwen3.5-4B
ID_6306096928606380;10;Fotometria;infrared photometry;0.774;3;match válido;Qwen3.5-4B
ID_6306096928606380;11;Infravermelho;infrared photometry (rej);0.750;0;sem match válido;Qwen3.5-4B
ID_6306096928606380;12;Simulações Numéricas;herbig-haro objects (rej);0.318;0;sem match válido;Qwen3.5-4B
ID_6306096928606380;13;Jet Estelares;protostellar jets (rej);0.682;0;sem match válido;Qwen3.5-4B
ID_6306096928606380;14;Herbig-Haro;herbig-haro objects;0.813;2;match válido;Qwen3.5-4B
ID_6306096928606380;15;Globulos Cometários;protostellar jets (rej);0.701;0;sem match válido;Qwen3.5-4B
ID_6306096928606380;16;Nuvens Escuras;cluster of galaxies (rej);0.475;0;sem match válido;Qwen3.5-4B
ID_6306096928606380;17;Estrelas Pre-Sequência Principal;stars: formation (rej);0.787;0;sem match válido;Qwen3.5-4B
ID_6306096928606380;18;Estrelas TTauri;stars: formation;0.820;3;match válido;Qwen3.5-4B
ID_6306096928606380;19;Campo Magnetico Interestelar;ism: magnetic fields;0.810;3;match válido;Qwen3.5-4B
ID_6306096928606380;20;Extinção Interestelar;dinâmica populacional (rej);0.371;0;sem match válido;Qwen3.5-4B
ID_4830050448543240;1;Teoria do Funcional da Densidade;density-functional study;0.904;3;match válido;Qwen3.5-4B
ID_4830050448543240;2;Modelo de Hubbard;hubbard (rej);0.630;0;sem match válido;Qwen3.5-4B
ID_4830050448543240;3;Liquido de Luttinger;luttinger;0.802;3;match válido;Qwen3.5-4B
ID_4830050448543240;4;Isolante de Mott;mott gap (rej);0.690;0;sem match válido;Qwen3.5-4B
ID_4830050448543240;5;Forças de van der Waals;van der waals;0.962;3;match válido;Qwen3.5-4B
ID_4830050448543240;6;Coeficientes de Dispersao;multipole dispersion (rej);0.701;0;sem match válido;Qwen3.5-4B
ID_4830050448543240;7;Alcalino-Terras;specific nonlocal density (rej);0.345;0;sem match válido;Qwen3.5-4B
ID_4830050448543240;8;Gases Nobres;electron gas (rej);0.676;0;sem match válido;Qwen3.5-4B
ID_4830050448543240;9;Dipolos;dynamic dipole polarizability (rej);0.592;0;sem match válido;Qwen3.5-4B
ID_4830050448543240;10;Polarizabilidade;dynamic dipole polarizability;0.803;3;match válido;Qwen3.5-4B
ID_4830050448543240;11;Superlattice;heisenberg-like hamiltonian (rej);0.398;0;sem match válido;Qwen3.5-4B
ID_4830050448543240;12;Inhomogeneidade Espacial;nanoscale spatial inhomogeneity (rej);0.596;0;sem match válido;Qwen3.5-4B
ID_4830050448543240;13;Efeito Kondo;occuring or man-made (rej);0.344;0;sem match válido;Qwen3.5-4B
ID_4830050448543240;14;Grupo de Renormalizacao;density-matrix renormalization group (rej);0.613;0;sem match válido;Qwen3.5-4B
ID_4830050448543240;15;Diagrama de Fases;mean-field phase diagram (rej);0.663;0;sem match válido;Qwen3.5-4B
ID_4830050448543240;16;Praseodimeo;luttinger (rej);0.331;0;sem match válido;Qwen3.5-4B
ID_4830050448543240;17;Energia de Interacao;mean-field free energy (rej);0.569;0;sem match válido;Qwen3.5-4B
ID_4830050448543240;18;Potenciais Locais;local-density (rej);0.649;0;sem match válido;Qwen3.5-4B
ID_4830050448543240;19;Correlacoes Electronicas;electronic-structure (rej);0.640;0;sem match válido;Qwen3.5-4B
ID_4830050448543240;20;Approximacao de Densidade Local;local-density;0.915;3;match válido;Qwen3.5-4B
ID_5368167403557640;1;Finite Element Method;finite element method;0.914;3;match válido;Qwen3.5-4B
ID_5368167403557640;2;Viscous Membranes;viscous membrane;0.839;3;match válido;Qwen3.5-4B
ID_5368167403557640;3;Fluid Flow;two-phase flow;0.752;3;match válido;Qwen3.5-4B
ID_5368167403557640;4;Moving Least Squares;tracking with moving-least-squares;0.779;3;match válido;Qwen3.5-4B
ID_5368167403557640;5;Surface Tension;surface tension;0.961;3;match válido;Qwen3.5-4B
ID_5368167403557640;6;Discontinuous Pressure;surface tension (rej);0.678;0;sem match válido;Qwen3.5-4B
ID_5368167403557640;7;Navier Stokes Equations;reynolds equation (rej);0.732;0;sem match válido;Qwen3.5-4B
ID_5368167403557640;8;Low Reynolds Number;reynolds equation (rej);0.354;0;sem match válido;Qwen3.5-4B
ID_5368167403557640;9;Capillary Flows;incompressible flow (rej);0.570;0;sem match válido;Qwen3.5-4B
ID_5368167403557640;10;Arbitrary Lagrangian Eulerian;reynolds equation (rej);0.494;0;sem match válido;Qwen3.5-4B
ID_5368167403557640;11;Meshless Methods;unstructured mesh generation (rej);0.679;0;sem match válido;Qwen3.5-4B
ID_5368167403557640;12;Front Tracking;tracking with moving-least-squares (rej);0.602;0;sem match válido;Qwen3.5-4B
ID_5368167403557640;13;Numerical Stability;reynolds equation (rej);0.538;0;sem match válido;Qwen3.5-4B
ID_5368167403557640;14;Interpolation;partitioned analysis (rej);0.529;0;sem match válido;Qwen3.5-4B
ID_5368167403557640;15;Incompressible Flows;incompressible flow;0.863;3;match válido;Qwen3.5-4B
ID_5368167403557640;16;Shape Sensitivity;shape sensitivity analysis;0.915;3;match válido;Qwen3.5-4B
ID_5368167403557640;17;Adjoint Methods;finite element method (rej);0.551;0;sem match válido;Qwen3.5-4B
ID_5368167403557640;18;Error Estimation;optimization (rej);0.392;0;sem match válido;Qwen3.5-4B
ID_5368167403557640;19;Mesh Refinement;homogenization (rej);0.549;0;sem match válido;Qwen3.5-4B
ID_5368167403557640;20;Cavitation;cavitation;0.906;3;match válido;Qwen3.5-4B
ID_1122362218673413;1;Sedimentologia;são luís–grajaú basin (rej);0.418;0;sem match válido;Qwen3.5-4B
ID_1122362218673413;2;Proveniencia;estratigráfica e proveniência (rej);0.616;0;sem match válido;Qwen3.5-4B
ID_1122362218673413;3;Minerais Pesados;proveniência de minerais;0.781;3;match válido;Qwen3.5-4B
ID_1122362218673413;4;Arenitos;são luís–grajaú basin (rej);0.585;0;sem match válido;Qwen3.5-4B
ID_1122362218673413;5;Bacia de Sao Luis-Grajau;são luís–grajaú basin;0.754;1;match válido;Qwen3.5-4B
ID_1122362218673413;6;Grupo Itapecuru;são luís–grajaú basin (rej);0.542;0;sem match válido;Qwen3.5-4B
ID_1122362218673413;7;Formacao Ipixuna;são luís–grajaú basin (rej);0.542;0;sem match válido;Qwen3.5-4B
ID_1122362218673413;8;Formacao Aguas Claras;são luís–grajaú basin (rej);0.606;0;sem match válido;Qwen3.5-4B
ID_1122362218673413;9;Formacao Rio Maria;são luís–grajaú basin (rej);0.674;0;sem match válido;Qwen3.5-4B
ID_1122362218673413;10;Zircao Detritico;detrital zircon;0.834;3;match válido;Qwen3.5-4B
ID_1122362218673413;11;Petrografia;cráton (rej);0.517;0;sem match válido;Qwen3.5-4B
ID_1122362218673413;12;Estratigrafia;estratigráfica e proveniência (rej);0.531;0;sem match válido;Qwen3.5-4B
ID_1122362218673413;13;Carajas;são luís–grajaú basin (rej);0.591;0;sem match válido;Qwen3.5-4B
ID_1122362218673413;14;Amazonian Craton;amazonian craton;0.908;2;match válido;Qwen3.5-4B
ID_1122362218673413;15;Bacia do Parana;são luís–grajaú basin (rej);0.730;0;sem match válido;Qwen3.5-4B
ID_1122362218673413;16;Bacia do Itajai;são luís–grajaú basin (rej);0.600;0;sem match válido;Qwen3.5-4B
ID_1122362218673413;17;Sistemas Deposicionais;estratigráfica e proveniência (rej);0.549;0;sem match válido;Qwen3.5-4B
ID_1122362218673413;18;Facies Sedimentares;estratigráfica e proveniência (rej);0.587;0;sem match válido;Qwen3.5-4B
ID_1122362218673413;19;Diagenese;tourmaline and palaeocurrent (rej);0.407;0;sem match válido;Qwen3.5-4B
ID_1122362218673413;20;Paleocorrentes;paleozoic basin;0.775;3;match válido;Qwen3.5-4B
ID_7269889225548975;1;Cosmologia;cosmological particle production (rej);0.729;0;sem match válido;Qwen3.5-4B
ID_7269889225548975;2;Colapso Gravitacional;gravitational collapse;0.975;3;match válido;Qwen3.5-4B
ID_7269889225548975;3;Energia Escura;dark energy;0.987;3;match válido;Qwen3.5-4B
ID_7269889225548975;4;Matéria Escura;dark matter;0.810;2;match válido;Qwen3.5-4B
ID_7269889225548975;5;Buracos Negros;lissajous figures (rej);0.518;0;sem match válido;Qwen3.5-4B
ID_7269889225548975;6;Energia do Vazio;dark energy (rej);0.662;0;sem match válido;Qwen3.5-4B
ID_7269889225548975;7;Perturbações Escalares;transition epoch (rej);0.470;0;sem match válido;Qwen3.5-4B
ID_7269889225548975;8;Ondas Gravitacionais;gravitational collapse (rej);0.802;0;sem match válido;Qwen3.5-4B
ID_7269889225548975;9;Formação de Estruturas;construção das figuras (rej);0.740;0;sem match válido;Qwen3.5-4B
ID_7269889225548975;10;Inflação Cósmica;cosmological particle production (rej);0.527;0;sem match válido;Qwen3.5-4B
ID_7269889225548975;11;Relatividade Geral;dark matter (rej);0.568;0;sem match válido;Qwen3.5-4B
ID_7269889225548975;12;Modelo de Friedmann;friedmann type model (rej);0.723;0;sem match válido;Qwen3.5-4B
ID_7269889225548975;13;Sistemas Abertos;statefinder parameters (rej);0.357;0;sem match válido;Qwen3.5-4B
ID_7269889225548975;14;Quasinormais;lissajous figures (rej);0.629;0;sem match válido;Qwen3.5-4B
ID_7269889225548975;15;Produção de Partículas;particle production;0.952;3;match válido;Qwen3.5-4B
ID_7269889225548975;16;Decaimento do Vazio;transition epoch (rej);0.571;0;sem match válido;Qwen3.5-4B
ID_7269889225548975;17;Interação de Componentes Escuros;dark interaction;0.907;3;match válido;Qwen3.5-4B
ID_7269889225548975;18;Teoria de Campo;concepção pré-newtoniana (rej);0.551;0;sem match válido;Qwen3.5-4B
ID_7269889225548975;19;Sistemas Dinâmicos;processo cognitivo (rej);0.463;0;sem match válido;Qwen3.5-4B
ID_7269889225548975;20;Simulação Numérica;construção das figuras (rej);0.562;0;sem match válido;Qwen3.5-4B
ID_3258168964977007;1;Otimizacao Nuclear;nuclear engineering;0.879;2;match válido;Qwen3.5-4B
ID_3258168964977007;2;Recarga de Combustivel;core fuel reload;0.760;3;match válido;Qwen3.5-4B
ID_3258168964977007;3;Reator Nuclear;nuclear reactor core;0.909;3;match válido;Qwen3.5-4B
ID_3258168964977007;4;Pressurized Water Reactor;nuclear reactor core (rej);0.641;0;sem match válido;Qwen3.5-4B
ID_3258168964977007;5;Particle Swarm Optimization;particle swarm optimization;0.993;3;match válido;Qwen3.5-4B
ID_3258168964977007;6;Ant Colony Optimization;artiticial ant colony (rej);0.636;0;sem match válido;Qwen3.5-4B
ID_3258168964977007;7;Algoritmos Evolutivos;particle swarm optimization (rej);0.477;0;sem match válido;Qwen3.5-4B
ID_3258168964977007;8;Reconhecimento de Padrões;sistemas críticos (rej);0.508;0;sem match válido;Qwen3.5-4B
ID_3258168964977007;9;Diagnostico de Acidentes;sistemas críticos (rej);0.331;0;sem match válido;Qwen3.5-4B
ID_3258168964977007;10;Identificacao de Transientes;plant transient identification (rej);0.528;0;sem match válido;Qwen3.5-4B
ID_3258168964977007;11;Controle de Bastao;dose optimization (rej);0.451;0;sem match válido;Qwen3.5-4B
ID_3258168964977007;12;Xenon Oscillation;plant transient identification (rej);0.292;0;sem match válido;Qwen3.5-4B
ID_3258168964977007;13;Redes Neurais Artificiais;particle swarm optimization (rej);0.415;0;sem match válido;Qwen3.5-4B
ID_3258168964977007;14;Identificacao de Radionuclideos;radiotherapy treatment (rej);0.426;0;sem match válido;Qwen3.5-4B
ID_3258168964977007;15;Espectrometria Gama;plant transient identification (rej);0.323;0;sem match válido;Qwen3.5-4B
ID_3258168964977007;16;Brachiterapia;brachytherapy;0.963;2;match válido;Qwen3.5-4B
ID_3258168964977007;17;Otimizacao de Dose;dose optimization (rej);0.603;0;sem match válido;Qwen3.5-4B
ID_3258168964977007;18;Monte Carlo;monte carlo (rej);0.734;0;sem match válido;Qwen3.5-4B
ID_3258168964977007;19;MCNPX;monte carlo (rej);0.294;0;sem match válido;Qwen3.5-4B
ID_3258168964977007;20;Agentes Artificiais;monte carlo (rej);0.416;0;sem match válido;Qwen3.5-4B
ID_3341755886753117;1;Parallel Active Power Filter;filter (rej);0.665;0;sem match válido;Qwen3.5-4B
ID_3341755886753117;2;Microcontroller Implementation;integrated circuit layout (rej);0.568;0;sem match válido;Qwen3.5-4B
ID_3341755886753117;3;Commercially Available Converter;switched capacitor filters (rej);0.445;0;sem match válido;Qwen3.5-4B
ID_3341755886753117;4;Positive-Sequence Components;rational numbers (rej);0.453;0;sem match válido;Qwen3.5-4B
ID_3341755886753117;5;Unbalanced Three-Phase System;fabrication process deviations (rej);0.382;0;sem match válido;Qwen3.5-4B
ID_3341755886753117;6;Low-Transconductance OTA;capacitance (rej);0.433;0;sem match válido;Qwen3.5-4B
ID_3341755886753117;7;Improved Linearity;coefficient approximations (rej);0.584;0;sem match válido;Qwen3.5-4B
ID_3341755886753117;8;Low-Frequency Gm-C Filters;low-sensitivity sc filter (rej);0.756;0;sem match válido;Qwen3.5-4B
ID_3341755886753117;9;Switched-Capacitor Filters;switched-capacitor filters;0.973;3;match válido;Qwen3.5-4B
ID_3341755886753117;10;Capacitance Matching;capacitance matching;0.852;3;match válido;Qwen3.5-4B
ID_3341755886753117;11;Capacitance Ratio Approximations;capacitance ratio approximations;0.853;1;match válido;Qwen3.5-4B
ID_3341755886753117;12;Genetic Algorithms;genetic algorithms;0.992;3;match válido;Qwen3.5-4B
ID_3341755886753117;13;Optimization of Capacitance Ratios;capacitance ratio assignment (rej);0.652;0;sem match válido;Qwen3.5-4B
ID_3341755886753117;14;Low-Sensitivity SC Filters;low-sensitivity sc filter;0.980;2;match válido;Qwen3.5-4B
ID_3341755886753117;15;Die Area Optimization;circuit optimization (rej);0.622;0;sem match válido;Qwen3.5-4B
ID_3341755886753117;16;Phase Locked Loop;analog integrated circuits (rej);0.370;0;sem match válido;Qwen3.5-4B
ID_3341755886753117;17;Automatic Tuning;approximation algorithm (rej);0.448;0;sem match válido;Qwen3.5-4B
ID_3341755886753117;18;Process Variations;fabrication process deviations (rej);0.672;0;sem match válido;Qwen3.5-4B
ID_3341755886753117;19;Monte Carlo Analysis;coefficient approximations (rej);0.491;0;sem match válido;Qwen3.5-4B
ID_3341755886753117;20;0.35 um CMOS Technology;35 μm cmos (rej);0.681;0;sem match válido;Qwen3.5-4B
ID_4165114386602896;1;Estados Unidos;united states;0.966;3;match válido;Qwen3.5-4B
ID_4165114386602896;2;Energia;energética dos estados (rej);0.738;0;sem match válido;Qwen3.5-4B
ID_4165114386602896;3;Política Externa;política externa;0.996;3;match válido;Qwen3.5-4B
ID_4165114386602896;4;Segurança;estratégia de defesa (rej);0.586;0;sem match válido;Qwen3.5-4B
ID_4165114386602896;5;Mudança Climática;climate;0.807;3;match válido;Qwen3.5-4B
ID_4165114386602896;6;Geopolítica;política externa (rej);0.739;0;sem match válido;Qwen3.5-4B
ID_4165114386602896;7;União Europeia;estados unidos (rej);0.507;0;sem match válido;Qwen3.5-4B
ID_4165114386602896;8;Imigração;identidade subcontinental (rej);0.479;0;sem match válido;Qwen3.5-4B
ID_4165114386602896;9;Relações Internacionais;política externa (rej);0.742;0;sem match válido;Qwen3.5-4B
ID_4165114386602896;10;Política Doméstica;domestic interests (rej);0.739;0;sem match válido;Qwen3.5-4B
ID_4165114386602896;11;Conflito Israel-Palestina;política externa (rej);0.424;0;sem match válido;Qwen3.5-4B
ID_4165114386602896;12;Conflito Iraque;política externa (rej);0.432;0;sem match válido;Qwen3.5-4B
ID_4165114386602896;13;Conflito Oriente Médio;política externa (rej);0.575;0;sem match válido;Qwen3.5-4B
ID_4165114386602896;14;Energia Renovável;política de energia;0.759;3;match válido;Qwen3.5-4B
ID_4165114386602896;15;Gás Natural;gás não convencional;0.834;3;match válido;Qwen3.5-4B
ID_4165114386602896;16;Oleoduto Keystone XL;oleoduto keystone xl;0.821;3;match válido;Qwen3.5-4B
ID_4165114386602896;17;Política Climática;climate policy;0.984;3;match válido;Qwen3.5-4B
ID_4165114386602896;18;Defesa;estratégia de defesa;0.859;3;match válido;Qwen3.5-4B
ID_4165114386602896;19;Economia;economia;0.996;2;match válido;Qwen3.5-4B
ID_4165114386602896;20;Globalização;global discussions (rej);0.717;0;sem match válido;Qwen3.5-4B
ID_3413049864861519;1;Otimizacao Combinatoria;combinatorial optimization problems;0.801;3;match válido;Qwen3.5-4B
ID_3413049864861519;2;Metaheuristica;acyclic orientations (rej);0.460;0;sem match válido;Qwen3.5-4B
ID_3413049864861519;3;Algoritmos Geneticos;combinatorial optimization problems (rej);0.520;0;sem match válido;Qwen3.5-4B
ID_3413049864861519;4;Caixeiro Viajante;maritime transportation (rej);0.277;0;sem match válido;Qwen3.5-4B
ID_3413049864861519;5;Problema de Roteamento;uncertainty polytope (rej);0.484;0;sem match válido;Qwen3.5-4B
ID_3413049864861519;6;Programacao Linear Inteira;dynamic programming (rej);0.578;0;sem match válido;Qwen3.5-4B
ID_3413049864861519;7;Algoritmos Heuristicos;robust combinatorial optimization (rej);0.573;0;sem match válido;Qwen3.5-4B
ID_3413049864861519;8;Elastic Nets;embedded network (rej);0.398;0;sem match válido;Qwen3.5-4B
ID_3413049864861519;9;Elastic Networks;embedded network (rej);0.635;0;sem match válido;Qwen3.5-4B
ID_3413049864861519;10;Redes Elasticas;embedded network (rej);0.691;0;sem match válido;Qwen3.5-4B
ID_3413049864861519;11;Escala de Tarefas;exact approach (rej);0.428;0;sem match válido;Qwen3.5-4B
ID_3413049864861519;12;Escalonamento de tarefas;maximum balanced subgraph (rej);0.444;0;sem match válido;Qwen3.5-4B
ID_3413049864861519;13;Algoritmos Paralelos;combinatorial optimization problems (rej);0.601;0;sem match válido;Qwen3.5-4B
ID_3413049864861519;14;Branch-and-Cut;cutting plane technique (rej);0.542;0;sem match válido;Qwen3.5-4B
ID_3413049864861519;15;Grafos;maximum balanced subgraph (rej);0.543;0;sem match válido;Qwen3.5-4B
ID_3413049864861519;16;Problemas de Grafos;maximum balanced subgraph (rej);0.556;0;sem match válido;Qwen3.5-4B
ID_3413049864861519;17;Poliedro Combinatorial;combinatorial optimization problems (rej);0.421;0;sem match válido;Qwen3.5-4B
ID_3413049864861519;18;Problema do Caixeiro Viajante;uncertainty (rej);0.332;0;sem match válido;Qwen3.5-4B
ID_3413049864861519;19;Problema do Caixeiro Viajante Assimetrico;uncertainty (rej);0.377;0;sem match válido;Qwen3.5-4B
ID_3413049864861519;20;Caixeiro Viajante Simetrico;acyclic orientations (rej);0.539;0;sem match válido;Qwen3.5-4B
ID_0521334155968808;1;Farmacoepidemiologia;pharmacoepidemiological studies;0.952;3;match válido;Qwen3.5-4B
ID_0521334155968808;2;Assistencia Farmaceutica;serviço de farmácia;0.861;3;match válido;Qwen3.5-4B
ID_0521334155968808;3;Psicotropicos;rational drug (rej);0.450;0;sem match válido;Qwen3.5-4B
ID_0521334155968808;4;Reacoes adversas;reacciones adversas;0.929;3;match válido;Qwen3.5-4B
ID_0521334155968808;5;Uso racional;rational drug (rej);0.675;0;sem match válido;Qwen3.5-4B
ID_0521334155968808;6;Atencao Farmaceutica;farmácia hospitalar;0.815;2;match válido;Qwen3.5-4B
ID_0521334155968808;7;Hipertensao;reacciones adversas (rej);0.469;0;sem match válido;Qwen3.5-4B
ID_0521334155968808;8;Terceira Idade;queda entre idosos (rej);0.601;0;sem match válido;Qwen3.5-4B
ID_0521334155968808;9;Geriatria;geriatrics requires well-designed;0.772;2;match válido;Qwen3.5-4B
ID_0521334155968808;10;Sistema Unico de Saude;base para estudios (rej);0.512;0;sem match válido;Qwen3.5-4B
ID_0521334155968808;11;Consumo medicamentos;consumo de medicamentos;0.989;3;match válido;Qwen3.5-4B
ID_0521334155968808;12;Ambulatorio;recetas médicas ambulatorias (rej);0.589;0;sem match válido;Qwen3.5-4B
ID_0521334155968808;13;Ouro Preto;ouro preto;0.856;3;match válido;Qwen3.5-4B
ID_0521334155968808;14;Farmacoepidemiologia veterinaria;pharmacoepidemiological studies (rej);0.650;0;sem match válido;Qwen3.5-4B
ID_0521334155968808;15;Medicamentos veterinarios;recetas médicas ambulatorias (rej);0.638;0;sem match válido;Qwen3.5-4B
ID_0521334155968808;16;Amitriptilina;studies on medication (rej);0.554;0;sem match válido;Qwen3.5-4B
ID_0521334155968808;17;Prescricao;recetas médicas ambulatorias;0.858;2;match válido;Qwen3.5-4B
ID_0521334155968808;18;Hipertensao arterial;farmácia hospitalar (rej);0.346;0;sem match válido;Qwen3.5-4B
ID_0521334155968808;19;Diabetes mellitus;studies on medication (rej);0.417;0;sem match válido;Qwen3.5-4B
ID_0521334155968808;20;Saude Mental;rational drug (rej);0.515;0;sem match válido;Qwen3.5-4B
