Autor;Rank;Tag_Predita;Melhor_Match_Gabarito;Similaridade;Peso;Match_Status;Modelo
ID_9350794843721516;1;Quimica;professores de química (rej);0.691;0;sem match válido;Qwen3-1.7B
ID_9350794843721516;2;Formacao de professores;professores de química (rej);0.604;0;sem match válido;Qwen3-1.7B
ID_9350794843721516;3;Ensino de Quimica;professores de química;0.888;1;match válido;Qwen3-1.7B
ID_9350794843721516;4;Mineralogia;mineralogy;0.975;2;match válido;Qwen3-1.7B
ID_9350794843721516;5;Adsorcao;adsorção em diferentes;0.816;1;match válido;Qwen3-1.7B
ID_9350794843721516;6;Dissolucao seletiva;selective dissolution;0.833;3;match válido;Qwen3-1.7B
ID_9350794843721516;7;TGA;reativo azul 5g (rej);0.330;0;sem match válido;Qwen3-1.7B
ID_9350794843721516;8;FTIR;argila de solos (rej);0.606;0;sem match válido;Qwen3-1.7B
ID_9350794843721516;9;Cationes;remoção do corante (rej);0.442;0;sem match válido;Qwen3-1.7B
ID_9350794843721516;10;Ferro;free iron (rej);0.747;0;sem match válido;Qwen3-1.7B
ID_9350794843721516;11;Argilominerais;mineralogy (rej);0.617;0;sem match válido;Qwen3-1.7B
ID_9350794843721516;12;Magnetita;specific surface (rej);0.403;0;sem match válido;Qwen3-1.7B
ID_9350794843721516;13;Maghemita;argila de solos (rej);0.438;0;sem match válido;Qwen3-1.7B
ID_9350794843721516;14;Nanoparticulas;low cristalinity aluminosilicate (rej);0.455;0;sem match válido;Qwen3-1.7B
ID_9350794843721516;15;Biocompatibilidade;effective cation exchange (rej);0.417;0;sem match válido;Qwen3-1.7B
ID_9350794843721516;16;Cobre;argila de solos (rej);0.639;0;sem match válido;Qwen3-1.7B
ID_9350794843721516;17;Cromo;occlusion (rej);0.437;0;sem match válido;Qwen3-1.7B
ID_9350794843721516;18;Cobertura;diferentes materiais (rej);0.526;0;sem match válido;Qwen3-1.7B
ID_9350794843721516;19;Tecnologia de materiais;diferentes materiais;0.810;3;match válido;Qwen3-1.7B
ID_9350794843721516;20;Fosforo;predominant mineral (rej);0.610;0;sem match válido;Qwen3-1.7B
ID_6284168579617066;1;};dft (rej);0.489;0;sem match válido;Qwen3-1.7B
ID_6284168579617066;2;{;dft (rej);0.516;0;sem match válido;Qwen3-1.7B
ID_6284168579617066;3;"titulo"": ""Doping of Mn in GaN: A First-Principles Study";surfaces of anatase (rej);0.285;0;sem match válido;Qwen3-1.7B
ID_6284168579617066;4;"keywords"":";theoretical analysis (rej);0.223;0;sem match válido;Qwen3-1.7B
ID_6284168579617066;5;as the Mn atoms are located in the Ga sites.;titanium oxide (rej);0.363;0;sem match válido;Qwen3-1.7B
ID_6284168579617066;6;which is a well;surface (rej);0.265;0;sem match válido;Qwen3-1.7B
ID_6284168579617066;7;;;;;;Qwen3-1.7B
ID_6284168579617066;8;;;;;;Qwen3-1.7B
ID_6284168579617066;9;;;;;;Qwen3-1.7B
ID_6284168579617066;10;;;;;;Qwen3-1.7B
ID_6284168579617066;11;;;;;;Qwen3-1.7B
ID_6284168579617066;12;;;;;;Qwen3-1.7B
ID_6284168579617066;13;;;;;;Qwen3-1.7B
ID_6284168579617066;14;;;;;;Qwen3-1.7B
ID_6284168579617066;15;;;;;;Qwen3-1.7B
ID_6284168579617066;16;;;;;;Qwen3-1.7B
ID_6284168579617066;17;;;;;;Qwen3-1.7B
ID_6284168579617066;18;;;;;;Qwen3-1.7B
ID_6284168579617066;19;;;;;;Qwen3-1.7B
ID_6284168579617066;20;;;;;;Qwen3-1.7B
ID_9848311210578810;1;scanning electron microscopy;scanning electron microscopy;1.000;3;match válido;Qwen3-1.7B
ID_9848311210578810;2;};relation (rej);0.598;0;sem match válido;Qwen3-1.7B
ID_9848311210578810;3;{;relation (rej);0.635;0;sem match válido;Qwen3-1.7B
ID_9848311210578810;4;"titulo"": ""Optical properties of ZnO and its doped with different metal ions";optical properties (rej);0.575;0;sem match válido;Qwen3-1.7B
ID_9848311210578810;5;"keywords"":";synthesis and characterization (rej);0.347;0;sem match válido;Qwen3-1.7B
ID_9848311210578810;6;"abstract"":";theoretical study (rej);0.541;0;sem match válido;Qwen3-1.7B
ID_9848311210578810;7;"titulo"": ""Photoluminescence of ZnO and its doped with different metal ions";photoluminescent properties (rej);0.658;0;sem match válido;Qwen3-1.7B
ID_9848311210578810;8;;;;;;Qwen3-1.7B
ID_9848311210578810;9;;;;;;Qwen3-1.7B
ID_9848311210578810;10;;;;;;Qwen3-1.7B
ID_9848311210578810;11;;;;;;Qwen3-1.7B
ID_9848311210578810;12;;;;;;Qwen3-1.7B
ID_9848311210578810;13;;;;;;Qwen3-1.7B
ID_9848311210578810;14;;;;;;Qwen3-1.7B
ID_9848311210578810;15;;;;;;Qwen3-1.7B
ID_9848311210578810;16;;;;;;Qwen3-1.7B
ID_9848311210578810;17;;;;;;Qwen3-1.7B
ID_9848311210578810;18;;;;;;Qwen3-1.7B
ID_9848311210578810;19;;;;;;Qwen3-1.7B
ID_9848311210578810;20;;;;;;Qwen3-1.7B
ID_0144465590218939;1;};pparα;0.768;1;match válido;Qwen3-1.7B
ID_0144465590218939;2;{;pparα (rej);0.766;0;sem match válido;Qwen3-1.7B
ID_0144465590218939;3;"keywords"":";protein kinase (rej);0.239;0;sem match válido;Qwen3-1.7B
ID_0144465590218939;4;"abstract"":";akt (rej);0.383;0;sem match válido;Qwen3-1.7B
ID_0144465590218939;5;;;;;;Qwen3-1.7B
ID_0144465590218939;6;;;;;;Qwen3-1.7B
ID_0144465590218939;7;;;;;;Qwen3-1.7B
ID_0144465590218939;8;;;;;;Qwen3-1.7B
ID_0144465590218939;9;;;;;;Qwen3-1.7B
ID_0144465590218939;10;;;;;;Qwen3-1.7B
ID_0144465590218939;11;;;;;;Qwen3-1.7B
ID_0144465590218939;12;;;;;;Qwen3-1.7B
ID_0144465590218939;13;;;;;;Qwen3-1.7B
ID_0144465590218939;14;;;;;;Qwen3-1.7B
ID_0144465590218939;15;;;;;;Qwen3-1.7B
ID_0144465590218939;16;;;;;;Qwen3-1.7B
ID_0144465590218939;17;;;;;;Qwen3-1.7B
ID_0144465590218939;18;;;;;;Qwen3-1.7B
ID_0144465590218939;19;;;;;;Qwen3-1.7B
ID_0144465590218939;20;;;;;;Qwen3-1.7B
ID_0174325304693036;1;"abstract"":";methylation (rej);0.264;0;sem match válido;Qwen3-1.7B
ID_0174325304693036;2;};retrospective study (rej);0.522;0;sem match válido;Qwen3-1.7B
ID_0174325304693036;3;{;retrospective study (rej);0.504;0;sem match válido;Qwen3-1.7B
ID_0174325304693036;4;"titulo"": ""Expression of the gene MDM2 in head and neck squamous cell carcinomas";head and neck squamous cell carcinoma;0.777;3;match válido;Qwen3-1.7B
ID_0174325304693036;5;"keywords"":";methylation (rej);0.211;0;sem match válido;Qwen3-1.7B
ID_0174325304693036;6;"titulo"": ""Eosinophilic Infiltration in Oral Cancer: A Review of the Literature";oral cancer;0.757;3;match válido;Qwen3-1.7B
ID_0174325304693036;7;;;;;;Qwen3-1.7B
ID_0174325304693036;8;;;;;;Qwen3-1.7B
ID_0174325304693036;9;;;;;;Qwen3-1.7B
ID_0174325304693036;10;;;;;;Qwen3-1.7B
ID_0174325304693036;11;;;;;;Qwen3-1.7B
ID_0174325304693036;12;;;;;;Qwen3-1.7B
ID_0174325304693036;13;;;;;;Qwen3-1.7B
ID_0174325304693036;14;;;;;;Qwen3-1.7B
ID_0174325304693036;15;;;;;;Qwen3-1.7B
ID_0174325304693036;16;;;;;;Qwen3-1.7B
ID_0174325304693036;17;;;;;;Qwen3-1.7B
ID_0174325304693036;18;;;;;;Qwen3-1.7B
ID_0174325304693036;19;;;;;;Qwen3-1.7B
ID_0174325304693036;20;;;;;;Qwen3-1.7B
ID_0229339143607870;1;};tegument (rej);0.737;0;sem match válido;Qwen3-1.7B
ID_0229339143607870;2;{;tegument;0.760;2;match válido;Qwen3-1.7B
ID_0229339143607870;3;"keywords"":";rna-seq (rej);0.324;0;sem match válido;Qwen3-1.7B
ID_0229339143607870;4;which affects 200 million individuals in 74 countries. We generated 163;tegument (rej);0.346;0;sem match válido;Qwen3-1.7B
ID_0229339143607870;5;resulting in 31;tegument (rej);0.413;0;sem match válido;Qwen3-1.7B
ID_0229339143607870;6;000 assembled sequences and 92 sampling of an estimated 14;genome (rej);0.402;0;sem match válido;Qwen3-1.7B
ID_0229339143607870;7;000 gene complement. By analyzing automated Gene Ontology assignments;genome (rej);0.659;0;sem match válido;Qwen3-1.7B
ID_0229339143607870;8;we provide a detailed view of important S. mansoni biological systems;schistosoma mansoni (rej);0.649;0;sem match válido;Qwen3-1.7B
ID_0229339143607870;9;development;tegument (rej);0.489;0;sem match válido;Qwen3-1.7B
ID_0229339143607870;10;signaling;tegument (rej);0.521;0;sem match válido;Qwen3-1.7B
ID_0229339143607870;11;sexual dimorphism;tegument (rej);0.356;0;sem match válido;Qwen3-1.7B
ID_0229339143607870;12;"titulo"": ""Schistosoma mansoni: A review of its biology";schistosoma mansoni tnf-alpha;0.862;2;match válido;Qwen3-1.7B
ID_0229339143607870;13;pathogenesis and medical importance;trypanosoma cruzi infectivity (rej);0.569;0;sem match válido;Qwen3-1.7B
ID_0229339143607870;14;pathogenesis;parasite (rej);0.629;0;sem match válido;Qwen3-1.7B
ID_0229339143607870;15;"titulo"": ""Schistosoma mansoni: a review of its biology";schistosoma mansoni;0.936;3;match válido;Qwen3-1.7B
ID_0229339143607870;16;;;;;;Qwen3-1.7B
ID_0229339143607870;17;;;;;;Qwen3-1.7B
ID_0229339143607870;18;;;;;;Qwen3-1.7B
ID_0229339143607870;19;;;;;;Qwen3-1.7B
ID_0229339143607870;20;;;;;;Qwen3-1.7B
ID_0535860239259102;1;Amazonia;amazonia;0.984;2;match válido;Qwen3-1.7B
ID_0535860239259102;2;Fluxos de carbono;terrestrial carbon exchange;0.835;3;match válido;Qwen3-1.7B
ID_0535860239259102;3;Evapotranspiracao;evapotranspiration;0.920;2;match válido;Qwen3-1.7B
ID_0535860239259102;4;Ciclo do carbono;energy and carbon;0.816;3;match válido;Qwen3-1.7B
ID_0535860239259102;5;Educação ambiental;energy and carbon (rej);0.505;0;sem match válido;Qwen3-1.7B
ID_0535860239259102;6;Biomassa;energy and carbon (rej);0.683;0;sem match válido;Qwen3-1.7B
ID_0535860239259102;7;Albedo;smoke and clouds (rej);0.446;0;sem match válido;Qwen3-1.7B
ID_0535860239259102;8;Fluxos de energia;variations in energy;0.776;1;match válido;Qwen3-1.7B
ID_0535860239259102;9;Fluxos turbulentos;turbulence (rej);0.778;0;sem match válido;Qwen3-1.7B
ID_0535860239259102;10;Clima;seasonal variations (rej);0.653;0;sem match válido;Qwen3-1.7B
ID_0535860239259102;11;Desmatamento;forest (rej);0.740;0;sem match válido;Qwen3-1.7B
ID_0535860239259102;12;Biosfera;terrestrial biosphere;0.910;3;match válido;Qwen3-1.7B
ID_0535860239259102;13;Turbulencia;turbulence;0.977;2;match válido;Qwen3-1.7B
ID_0535860239259102;14;Fluxos de calor;heat fluxes;0.899;1;match válido;Qwen3-1.7B
ID_0535860239259102;15;Fluxos de água;water fluxes;0.825;2;match válido;Qwen3-1.7B
ID_0535860239259102;16;Ciclo hidrológico;water fluxes (rej);0.670;0;sem match válido;Qwen3-1.7B
ID_0535860239259102;17;Ecossistema;terrestrial biosphere (rej);0.767;0;sem match válido;Qwen3-1.7B
ID_0535860239259102;18;Fluxos de CO2;terrestrial carbon exchange (rej);0.706;0;sem match válido;Qwen3-1.7B
ID_0535860239259102;19;;;;;;Qwen3-1.7B
ID_0535860239259102;20;;;;;;Qwen3-1.7B
ID_0848413770343284;1;};proexosite i (rej);0.820;0;sem match válido;Qwen3-1.7B
ID_0848413770343284;2;{;proexosite i;0.829;1;match válido;Qwen3-1.7B
ID_0848413770343284;3;"keywords"":";venom (rej);0.289;0;sem match válido;Qwen3-1.7B
ID_0848413770343284;4;and;proexosite i (rej);0.743;0;sem match válido;Qwen3-1.7B
ID_0848413770343284;5;surprisingly;proexosite i (rej);0.558;0;sem match válido;Qwen3-1.7B
ID_0848413770343284;6;"titulo"": ""Allosteric Activation of Human Thrombin by Suramin Analogues";α-thrombin;0.825;3;match válido;Qwen3-1.7B
ID_0848413770343284;7;evidencing the interaction through the anion binding exosite 2. Here;bothrojaracin interaction (rej);0.558;0;sem match válido;Qwen3-1.7B
ID_0848413770343284;8;;;;;;Qwen3-1.7B
ID_0848413770343284;9;;;;;;Qwen3-1.7B
ID_0848413770343284;10;;;;;;Qwen3-1.7B
ID_0848413770343284;11;;;;;;Qwen3-1.7B
ID_0848413770343284;12;;;;;;Qwen3-1.7B
ID_0848413770343284;13;;;;;;Qwen3-1.7B
ID_0848413770343284;14;;;;;;Qwen3-1.7B
ID_0848413770343284;15;;;;;;Qwen3-1.7B
ID_0848413770343284;16;;;;;;Qwen3-1.7B
ID_0848413770343284;17;;;;;;Qwen3-1.7B
ID_0848413770343284;18;;;;;;Qwen3-1.7B
ID_0848413770343284;19;;;;;;Qwen3-1.7B
ID_0848413770343284;20;;;;;;Qwen3-1.7B
ID_1041565102315246;1;solar flares;solar flares;1.000;3;match válido;Qwen3-1.7B
ID_1041565102315246;2;submillimeter;submillimeter spectral component;0.843;3;match válido;Qwen3-1.7B
ID_1041565102315246;3;radio emission;sun: radio radiation (rej);0.758;0;sem match válido;Qwen3-1.7B
ID_1041565102315246;4;magnetic fields;scale magnetic structures;0.822;3;match válido;Qwen3-1.7B
ID_1041565102315246;5;active regions;active region;0.979;2;match válido;Qwen3-1.7B
ID_1041565102315246;6;sun activity;sun: activity;0.985;3;match válido;Qwen3-1.7B
ID_1041565102315246;7;particle emission;spectral component emitting (rej);0.521;0;sem match válido;Qwen3-1.7B
ID_1041565102315246;8;sun- flares;sun: flares;0.982;3;match válido;Qwen3-1.7B
ID_1041565102315246;9;gamma-rays;submm and gamma-ray;0.817;2;match válido;Qwen3-1.7B
ID_1041565102315246;10;X-ray;x-ray observations;0.938;1;match válido;Qwen3-1.7B
ID_1041565102315246;11;telescopes;rotation of starspots (rej);0.625;0;sem match válido;Qwen3-1.7B
ID_1041565102315246;12;instrumentation;spectral analysis (rej);0.579;0;sem match válido;Qwen3-1.7B
ID_1041565102315246;13;solar telescope;solar radius (rej);0.755;0;sem match válido;Qwen3-1.7B
ID_1041565102315246;14;radio spectra;sun: radio radiation;0.773;3;match válido;Qwen3-1.7B
ID_1041565102315246;15;submm waves;submillimeter spectral component (rej);0.642;0;sem match válido;Qwen3-1.7B
ID_1041565102315246;16;high energy;solar flare (rej);0.474;0;sem match válido;Qwen3-1.7B
ID_1041565102315246;17;non-thermal electrons;radiation mechanisms: non-thermal (rej);0.653;0;sem match válido;Qwen3-1.7B
ID_1041565102315246;18;gyrosynchrotron;sun: synchrotron radiation (rej);0.549;0;sem match válido;Qwen3-1.7B
ID_1041565102315246;19;solar bursts;solar flare;0.880;3;match válido;Qwen3-1.7B
ID_1041565102315246;20;solar activity;solar radius;0.783;2;match válido;Qwen3-1.7B
ID_1305553577433058;1;aceae family;roots of cordia (rej);0.594;0;sem match válido;Qwen3-1.7B
ID_1305553577433058;2;is found in the remaining Brazilian Atlantic Forest. In this study;brazilian cerrado plant (rej);0.604;0;sem match válido;Qwen3-1.7B
ID_1305553577433058;3;NCI-H358M;micronucleus test (rej);0.412;0;sem match válido;Qwen3-1.7B
ID_1305553577433058;4;and PC-3M);ml (rej);0.391;0;sem match válido;Qwen3-1.7B
ID_1305553577433058;5;(E)-caryophyllene (11.36 );phenolic compounds (rej);0.573;0;sem match válido;Qwen3-1.7B
ID_1305553577433058;6;Î²-pinene (10.37 );ml (rej);0.510;0;sem match válido;Qwen3-1.7B
ID_1305553577433058;7;germacrene D (6.72 );vitro (rej);0.489;0;sem match válido;Qwen3-1.7B
ID_1305553577433058;8;bicyclogermacrene (5.97 );vitro (rej);0.478;0;sem match válido;Qwen3-1.7B
ID_1305553577433058;9;Î -pinene (5.33 );ml (rej);0.525;0;sem match válido;Qwen3-1.7B
ID_1305553577433058;10;and germacrene B (4.69 ). The essential oil;essential oil (rej);0.750;0;sem match válido;Qwen3-1.7B
ID_1305553577433058;11;but neither (E)-caryophyllene nor Î²-pinene;phenolic compounds (rej);0.550;0;sem match válido;Qwen3-1.7B
ID_1305553577433058;12;respectively. Hence;present (rej);0.383;0;sem match válido;Qwen3-1.7B
ID_1305553577433058;13;the essential oil showed significant in vitro and in vivo antitumor activity.;vivo antitumor effect (rej);0.680;0;sem match válido;Qwen3-1.7B
ID_1305553577433058;14;};ml (rej);0.635;0;sem match válido;Qwen3-1.7B
ID_1305553577433058;15;{;ml (rej);0.642;0;sem match válido;Qwen3-1.7B
ID_1305553577433058;16;"keywords"":";synthesis and evaluation (rej);0.308;0;sem match válido;Qwen3-1.7B
ID_1305553577433058;17;"popularly known as \""envireira\";roots of cordia (rej);0.466;0;sem match válido;Qwen3-1.7B
ID_1305553577433058;18;Î²;ml (rej);0.558;0;sem match válido;Qwen3-1.7B
ID_1305553577433058;19;EOGF and its components Î;vitro (rej);0.392;0;sem match válido;Qwen3-1.7B
ID_1305553577433058;20;and Î³-eudesmol displayed cytotoxicity against tumor cell lines;tumor cell (rej);0.623;0;sem match válido;Qwen3-1.7B
ID_1351748125964309;1;especialmente para espécies conspicuas que vivem em grupos menores;small mammal species;0.766;2;match válido;Qwen3-1.7B
ID_1351748125964309;2;como o tamarins. Apesar da importância das agroflorestas para a conservação;wildlife-friendly agriculture (rej);0.696;0;sem match válido;Qwen3-1.7B
ID_1351748125964309;3;incluindo primatas;small mammal species (rej);0.626;0;sem match válido;Qwen3-1.7B
ID_1351748125964309;4;};edge effects (rej);0.412;0;sem match válido;Qwen3-1.7B
ID_1351748125964309;5;{;forest (rej);0.399;0;sem match válido;Qwen3-1.7B
ID_1351748125964309;6;"keywords"":";secondary forest (rej);0.145;0;sem match válido;Qwen3-1.7B
ID_1351748125964309;7;most models on the effects of habitat loss are stochastic;habitat loss (rej);0.694;0;sem match válido;Qwen3-1.7B
ID_1351748125964309;8;representing 35 of the small mammal species of the Atlantic Forest hotspot;atlantic forest remnants (rej);0.693;0;sem match válido;Qwen3-1.7B
ID_1351748125964309;9;;;;;;Qwen3-1.7B
ID_1351748125964309;10;;;;;;Qwen3-1.7B
ID_1351748125964309;11;;;;;;Qwen3-1.7B
ID_1351748125964309;12;;;;;;Qwen3-1.7B
ID_1351748125964309;13;;;;;;Qwen3-1.7B
ID_1351748125964309;14;;;;;;Qwen3-1.7B
ID_1351748125964309;15;;;;;;Qwen3-1.7B
ID_1351748125964309;16;;;;;;Qwen3-1.7B
ID_1351748125964309;17;;;;;;Qwen3-1.7B
ID_1351748125964309;18;;;;;;Qwen3-1.7B
ID_1351748125964309;19;;;;;;Qwen3-1.7B
ID_1351748125964309;20;;;;;;Qwen3-1.7B
ID_1827829018668226;1;multiple sclerosis;multi-agent system (rej);0.280;0;sem match válido;Qwen3-1.7B
ID_1827829018668226;2;natalizumab;model composition (rej);0.207;0;sem match válido;Qwen3-1.7B
ID_1827829018668226;3;adverse events;impact analysis (rej);0.535;0;sem match válido;Qwen3-1.7B
ID_1827829018668226;4;gravidez;busca de agilidade (rej);0.166;0;sem match válido;Qwen3-1.7B
ID_1827829018668226;5;imunomoduladores;multi-agent systems (rej);0.213;0;sem match válido;Qwen3-1.7B
ID_1827829018668226;6;esclerose multipla;multi-agent systems (rej);0.286;0;sem match válido;Qwen3-1.7B
ID_1827829018668226;7;face recognition;design patterns (rej);0.300;0;sem match válido;Qwen3-1.7B
ID_1827829018668226;8;mobile environment;software artifacts (rej);0.393;0;sem match válido;Qwen3-1.7B
ID_1827829018668226;9;aspect-oriented software development;aspect-oriented software;0.912;3;match válido;Qwen3-1.7B
ID_1827829018668226;10;aosd;design (rej);0.404;0;sem match válido;Qwen3-1.7B
ID_1827829018668226;11;software engineering;software engineering;1.000;3;match válido;Qwen3-1.7B
ID_1827829018668226;12;architectural styles;design (rej);0.656;0;sem match válido;Qwen3-1.7B
ID_1827829018668226;13;software architecture;software architecture;1.000;3;match válido;Qwen3-1.7B
ID_1827829018668226;14;aspectual decomposition;model composition (rej);0.515;0;sem match válido;Qwen3-1.7B
ID_1827829018668226;15;architecture stability;stability assessment (rej);0.737;0;sem match válido;Qwen3-1.7B
ID_1827829018668226;16;aspect-oriented composition;aspect-oriented software (rej);0.722;0;sem match válido;Qwen3-1.7B
ID_1827829018668226;17;model composition;model composition;1.000;2;match válido;Qwen3-1.7B
ID_1827829018668226;18;model-centric software development;software development;0.806;3;match válido;Qwen3-1.7B
ID_1827829018668226;19;dynamic reconfiguration;model composition (rej);0.386;0;sem match válido;Qwen3-1.7B
ID_1827829018668226;20;reconfiguration interactions;crosscutting interfaces (rej);0.497;0;sem match válido;Qwen3-1.7B
ID_1885766127325722;1;multiple sclerosis;mixture (rej);0.202;0;sem match válido;Qwen3-1.7B
ID_1885766127325722;2;natalizumab;azospirillum amazonense (rej);0.557;0;sem match válido;Qwen3-1.7B
ID_1885766127325722;3;adverse events;survival (rej);0.359;0;sem match válido;Qwen3-1.7B
ID_1885766127325722;4;bioremediation;photo- and bio-degradation (rej);0.585;0;sem match válido;Qwen3-1.7B
ID_1885766127325722;5;lipase;protein (rej);0.332;0;sem match válido;Qwen3-1.7B
ID_1885766127325722;6;bioemulsifier;tissue culture (rej);0.536;0;sem match válido;Qwen3-1.7B
ID_1885766127325722;7;soil microbiology;soil types (rej);0.704;0;sem match válido;Qwen3-1.7B
ID_1885766127325722;8;biodegradation;photo- and bio-degradation (rej);0.697;0;sem match válido;Qwen3-1.7B
ID_1885766127325722;9;biofertilizers;inoculated with nitrogen-fixing (rej);0.557;0;sem match válido;Qwen3-1.7B
ID_1885766127325722;10;endophytic bacteria;quantification of aspergillus (rej);0.509;0;sem match válido;Qwen3-1.7B
ID_1885766127325722;11;plant growth-promoting bacteria;plants with acetobacter (rej);0.628;0;sem match válido;Qwen3-1.7B
ID_1885766127325722;12;bacterial culture;quantification of aspergillus (rej);0.535;0;sem match válido;Qwen3-1.7B
ID_1885766127325722;13;enzymes;protein (rej);0.598;0;sem match válido;Qwen3-1.7B
ID_1885766127325722;14;sugarcane;sugarcane;1.000;1;match válido;Qwen3-1.7B
ID_1885766127325722;15;nitrogen fixation;inoculated with nitrogen-fixing;0.844;1;match válido;Qwen3-1.7B
ID_1885766127325722;16;bioactive compounds;azospirillum amazonense (rej);0.512;0;sem match válido;Qwen3-1.7B
ID_1885766127325722;17;microbial interactions;plantas micropropagadas (rej);0.480;0;sem match válido;Qwen3-1.7B
ID_1885766127325722;18;bioactive substances;azospirillum amazonense (rej);0.512;0;sem match válido;Qwen3-1.7B
ID_1885766127325722;19;phosphorus;inoculated with nitrogen-fixing (rej);0.432;0;sem match válido;Qwen3-1.7B
ID_1885766127325722;20;soil properties;soil types;0.853;1;match válido;Qwen3-1.7B
ID_2129963760543898;1;};espinhaço;0.799;2;match válido;Qwen3-1.7B
ID_2129963760543898;2;{;espinhaço (rej);0.785;0;sem match válido;Qwen3-1.7B
ID_2129963760543898;3;"titulo"": ""A new species of Uleiorchis (Orchidaceae";família orchidaceae (rej);0.757;0;sem match válido;Qwen3-1.7B
ID_2129963760543898;4;"keywords"": ""Orchidaceae";família orchidaceae (rej);0.823;0;sem match válido;Qwen3-1.7B
ID_2129963760543898;5;Filogenia Molecular;molecular phylogeny;0.806;3;match válido;Qwen3-1.7B
ID_2129963760543898;6;New Species;taxonomy (rej);0.662;0;sem match válido;Qwen3-1.7B
ID_2129963760543898;7;"abstract"":";systematics (rej);0.534;0;sem match válido;Qwen3-1.7B
ID_2129963760543898;8;"titulo"": ""Molecular phylogeny of the genus Cattleya (Epidendreae";molecular phylogenetics (rej);0.626;0;sem match válido;Qwen3-1.7B
ID_2129963760543898;9;Epidendroideae;filogenia (rej);0.557;0;sem match válido;Qwen3-1.7B
ID_2129963760543898;10;Orchidaceae);família orchidaceae;0.959;3;match válido;Qwen3-1.7B
ID_2129963760543898;11;Cattleya;espinhaço (rej);0.413;0;sem match válido;Qwen3-1.7B
ID_2129963760543898;12;"abstract"": ""Abstract The genus Cattleya is a large";taxonomy (rej);0.510;0;sem match válido;Qwen3-1.7B
ID_2129963760543898;13;diverse;espinhaço (rej);0.642;0;sem match válido;Qwen3-1.7B
ID_2129963760543898;14;and morphologically complex genus of orchids. It is divided into five subgenera;família orchidaceae (rej);0.858;0;sem match válido;Qwen3-1.7B
ID_2129963760543898;15;three sections;principal components (rej);0.550;0;sem match válido;Qwen3-1.7B
ID_2129963760543898;16;and five series. The phylogenetic relationships among the subgenera;phylogenetic relationships;0.814;3;match válido;Qwen3-1.7B
ID_2129963760543898;17;sections;systematics (rej);0.493;0;sem match válido;Qwen3-1.7B
ID_2129963760543898;18;and series are not well resolved. In this study;current distribution patterns (rej);0.483;0;sem match válido;Qwen3-1.7B
ID_2129963760543898;19;we present a new molecular phylogeny of the genus Cattleya;molecular phylogenetics (rej);0.560;0;sem match válido;Qwen3-1.7B
ID_2129963760543898;20;and in all analyses;systematics (rej);0.537;0;sem match válido;Qwen3-1.7B
ID_2220699289355930;1;multiple sclerosis;sintomas de deficiências (rej);0.534;0;sem match válido;Qwen3-1.7B
ID_2220699289355930;2;natalizumab;necromass (rej);0.474;0;sem match válido;Qwen3-1.7B
ID_2220699289355930;3;adverse events;sintomas de deficiências (rej);0.502;0;sem match válido;Qwen3-1.7B
ID_2220699289355930;4;immunoglobulin;necromass (rej);0.316;0;sem match válido;Qwen3-1.7B
ID_2220699289355930;5;postpartum treatment;sintomas de deficiências (rej);0.283;0;sem match válido;Qwen3-1.7B
ID_2220699289355930;6;musas sp;seca e acúmulo (rej);0.517;0;sem match válido;Qwen3-1.7B
ID_2220699289355930;7;cultivares;áreas de cultivo;0.808;1;match válido;Qwen3-1.7B
ID_2220699289355930;8;fenologia;swietenia macrophylla (rej);0.508;0;sem match válido;Qwen3-1.7B
ID_2220699289355930;9;adaptacao edafoclimatica;latossolo (rej);0.368;0;sem match válido;Qwen3-1.7B
ID_2220699289355930;10;sorgum bicolor;swietenia macrophylla (rej);0.494;0;sem match válido;Qwen3-1.7B
ID_2220699289355930;11;salinidade;composição mineral (rej);0.499;0;sem match válido;Qwen3-1.7B
ID_2220699289355930;12;retencao de ons;omissão (rej);0.480;0;sem match válido;Qwen3-1.7B
ID_2220699289355930;13;crescimento;áreas de cultivo (rej);0.438;0;sem match válido;Qwen3-1.7B
ID_2220699289355930;14;particao de materia seca;matéria seca;0.907;1;match válido;Qwen3-1.7B
ID_2220699289355930;15;nutricao mineral;mineral nutrition;0.955;3;match válido;Qwen3-1.7B
ID_2220699289355930;16;diagnose visual;sintomas de deficiências (rej);0.579;0;sem match válido;Qwen3-1.7B
ID_2220699289355930;17;micronutrientes;mineral nutrition (rej);0.606;0;sem match válido;Qwen3-1.7B
ID_2220699289355930;18;boron;latossolo (rej);0.356;0;sem match válido;Qwen3-1.7B
ID_2220699289355930;19;liming;seca e acúmulo (rej);0.549;0;sem match válido;Qwen3-1.7B
ID_2220699289355930;20;soil macroinvertebrates;swietenia macrophylla;0.787;2;match válido;Qwen3-1.7B
ID_2324159515825927;1;Multiple sclerosis;statistical multifragmentation (rej);0.332;0;sem match válido;Qwen3-1.7B
ID_2324159515825927;2;Natalizumab;ternary fission (rej);0.411;0;sem match válido;Qwen3-1.7B
ID_2324159515825927;3;Adverse events;dynamical effects (rej);0.435;0;sem match válido;Qwen3-1.7B
ID_2324159515825927;4;Fusion;fusion processes;0.867;3;match válido;Qwen3-1.7B
ID_2324159515825927;5;Breakup;fusion and breakup (rej);0.722;0;sem match válido;Qwen3-1.7B
ID_2324159515825927;6;Halo nuclei;weakly bound nuclei (rej);0.662;0;sem match válido;Qwen3-1.7B
ID_2324159515825927;7;Heavy ion reactions;heavy-ion collisions;0.787;3;match válido;Qwen3-1.7B
ID_2324159515825927;8;Optical potential;dynamical effects (rej);0.359;0;sem match válido;Qwen3-1.7B
ID_2324159515825927;9;Semiclassical;self-organized criticality (rej);0.436;0;sem match válido;Qwen3-1.7B
ID_2324159515825927;10;Fusion cross sections;fusion cross section;0.981;3;match válido;Qwen3-1.7B
ID_2324159515825927;11;Breakup cross sections;fusion and breakup (rej);0.684;0;sem match válido;Qwen3-1.7B
ID_2324159515825927;12;Nuclear reactions;nuclear reactions;0.997;3;match válido;Qwen3-1.7B
ID_2324159515825927;13;Dynamic polarization;dynamical effects (rej);0.581;0;sem match válido;Qwen3-1.7B
ID_2324159515825927;14;Static deformation;dynamical effects (rej);0.512;0;sem match válido;Qwen3-1.7B
ID_2324159515825927;15;Elastic scattering;fragmentation (rej);0.558;0;sem match válido;Qwen3-1.7B
ID_2324159515825927;16;Tunneling;fragmentation (rej);0.357;0;sem match válido;Qwen3-1.7B
ID_2324159515825927;17;Quantum mechanics;quantum computation;0.832;3;match válido;Qwen3-1.7B
ID_2324159515825927;18;Coupled channels;directed random networks (rej);0.482;0;sem match válido;Qwen3-1.7B
ID_2324159515825927;19;Fusion barrier;fusion cross section (rej);0.786;0;sem match válido;Qwen3-1.7B
ID_2324159515825927;20;Coulomb barrier;fusion cross section (rej);0.375;0;sem match válido;Qwen3-1.7B
ID_2627414712422817;1;genoma citros;plant geneticists (rej);0.596;0;sem match válido;Qwen3-1.7B
ID_2627414712422817;2;genoma funcional de citros;plant geneticists (rej);0.655;0;sem match válido;Qwen3-1.7B
ID_2627414712422817;3;genoma de citros;plant geneticists (rej);0.653;0;sem match válido;Qwen3-1.7B
ID_2627414712422817;4;microsatelite;microssatélite na conservação;0.863;3;match válido;Qwen3-1.7B
ID_2627414712422817;5;microssatelites;microssatélite na conservação (rej);0.805;0;sem match válido;Qwen3-1.7B
ID_2627414712422817;6;transcripcão;genus (rej);0.513;0;sem match válido;Qwen3-1.7B
ID_2627414712422817;7;análise de transcriptoma;molecular markers (rej);0.531;0;sem match válido;Qwen3-1.7B
ID_2627414712422817;8;análise de sequências;sequence characterization;0.885;3;match válido;Qwen3-1.7B
ID_2627414712422817;9;análise de polimorfismos;polymorphisms on growth (rej);0.737;0;sem match válido;Qwen3-1.7B
ID_2627414712422817;10;análise de marcadores moleculares;molecular markers;0.924;3;match válido;Qwen3-1.7B
ID_2627414712422817;11;análise de SNPs e InDels;ssr (rej);0.400;0;sem match válido;Qwen3-1.7B
ID_2627414712422817;12;análise de estatísticas;variability found (rej);0.474;0;sem match válido;Qwen3-1.7B
ID_2627414712422817;13;análise de dados;database (rej);0.579;0;sem match válido;Qwen3-1.7B
ID_2627414712422817;14;análise de genomas;plant geneticists (rej);0.624;0;sem match válido;Qwen3-1.7B
ID_2627414712422817;15;análise de genética;genetic diversity;0.762;3;match válido;Qwen3-1.7B
ID_2627414712422817;16;análise de genomas de citros;plant geneticists (rej);0.688;0;sem match válido;Qwen3-1.7B
ID_2627414712422817;17;análise de genomas de plantas;plant geneticists;0.817;2;match válido;Qwen3-1.7B
ID_2627414712422817;18;análise de genomas de animais;plant geneticists (rej);0.604;0;sem match válido;Qwen3-1.7B
ID_2627414712422817;19;análise de genomas de plantas de citros;plant geneticists (rej);0.794;0;sem match válido;Qwen3-1.7B
ID_2627414712422817;20;;;;;;Qwen3-1.7B
ID_2653769170795641;1;multiple sclerosis;neurospora crassa (rej);0.426;0;sem match válido;Qwen3-1.7B
ID_2653769170795641;2;natalizumab;xylella fastidiosa (rej);0.492;0;sem match válido;Qwen3-1.7B
ID_2653769170795641;3;adverse events;development (rej);0.290;0;sem match válido;Qwen3-1.7B
ID_2653769170795641;4;compost;biomass degradation (rej);0.492;0;sem match válido;Qwen3-1.7B
ID_2653769170795641;5;metagenomics;genome sequence (rej);0.617;0;sem match válido;Qwen3-1.7B
ID_2653769170795641;6;bacteria;virulence and biofilm (rej);0.607;0;sem match válido;Qwen3-1.7B
ID_2653769170795641;7;microbial communities;social amoeba (rej);0.596;0;sem match válido;Qwen3-1.7B
ID_2653769170795641;8;gene expression;genome sequence (rej);0.735;0;sem match válido;Qwen3-1.7B
ID_2653769170795641;9;transcriptome;transcription profiling (rej);0.815;0;sem match válido;Qwen3-1.7B
ID_2653769170795641;10;est;vias de transdução (rej);0.539;0;sem match válido;Qwen3-1.7B
ID_2653769170795641;11;cancer;neurospora crassa (rej);0.347;0;sem match válido;Qwen3-1.7B
ID_2653769170795641;12;bioinformatics;transcription profiling (rej);0.503;0;sem match válido;Qwen3-1.7B
ID_2653769170795641;13;prostate cancer;neurospora crassa (rej);0.153;0;sem match válido;Qwen3-1.7B
ID_2653769170795641;14;androgen;staurosporine (rej);0.417;0;sem match válido;Qwen3-1.7B
ID_2653769170795641;15;non-coding rna;transcription profiling (rej);0.496;0;sem match válido;Qwen3-1.7B
ID_2653769170795641;16;gene regulation;genome sequence (rej);0.611;0;sem match válido;Qwen3-1.7B
ID_2653769170795641;17;transcription;transcription profiling;0.827;3;match válido;Qwen3-1.7B
ID_2653769170795641;18;gene ontology;genome sequence (rej);0.703;0;sem match válido;Qwen3-1.7B
ID_2653769170795641;19;microarray;mrna levels (rej);0.389;0;sem match válido;Qwen3-1.7B
ID_2653769170795641;20;gene annotation;genome sequence (rej);0.735;0;sem match válido;Qwen3-1.7B
ID_3091742095568302;1;IL-1Î²;inflammation (rej);0.434;0;sem match válido;Qwen3-1.7B
ID_3091742095568302;2;};skin (rej);0.450;0;sem match válido;Qwen3-1.7B
ID_3091742095568302;3;{;proliferation (rej);0.467;0;sem match válido;Qwen3-1.7B
ID_3091742095568302;4;"keywords"":";alanyl-glutamine (rej);0.226;0;sem match válido;Qwen3-1.7B
ID_3091742095568302;5;"abstract"": ""Abstract Vitamin A (retinol)";vitamin a;0.767;2;match válido;Qwen3-1.7B
ID_3091742095568302;6;a fat-soluble vitamin;vitamin;0.832;1;match válido;Qwen3-1.7B
ID_3091742095568302;7;is an essential nutrient for the normal functioning of the visual system;vitamin a (rej);0.420;0;sem match válido;Qwen3-1.7B
ID_3091742095568302;8;epithelial cell integrity and growth;intestinal epithelial cell (rej);0.681;0;sem match válido;Qwen3-1.7B
ID_3091742095568302;9;immunity;protective role (rej);0.576;0;sem match válido;Qwen3-1.7B
ID_3091742095568302;10;;;;;;Qwen3-1.7B
ID_3091742095568302;11;;;;;;Qwen3-1.7B
ID_3091742095568302;12;;;;;;Qwen3-1.7B
ID_3091742095568302;13;;;;;;Qwen3-1.7B
ID_3091742095568302;14;;;;;;Qwen3-1.7B
ID_3091742095568302;15;;;;;;Qwen3-1.7B
ID_3091742095568302;16;;;;;;Qwen3-1.7B
ID_3091742095568302;17;;;;;;Qwen3-1.7B
ID_3091742095568302;18;;;;;;Qwen3-1.7B
ID_3091742095568302;19;;;;;;Qwen3-1.7B
ID_3091742095568302;20;;;;;;Qwen3-1.7B
ID_3387018530825694;1;multiple sclerosis;modularity (rej);0.192;0;sem match válido;Qwen3-1.7B
ID_3387018530825694;2;natalizumab;quantitative study (rej);0.210;0;sem match válido;Qwen3-1.7B
ID_3387018530825694;3;adverse events;exception flow analysis (rej);0.348;0;sem match válido;Qwen3-1.7B
ID_3387018530825694;4;immunoglobulin;verification (rej);0.144;0;sem match válido;Qwen3-1.7B
ID_3387018530825694;5;postpartum treatment;separation of concerns (rej);0.197;0;sem match válido;Qwen3-1.7B
ID_3387018530825694;6;gravidez;exception handling (rej);0.151;0;sem match válido;Qwen3-1.7B
ID_3387018530825694;7;imunomoduladores;modularity (rej);0.147;0;sem match válido;Qwen3-1.7B
ID_3387018530825694;8;esclerose multipla;modular verifiable exception (rej);0.202;0;sem match válido;Qwen3-1.7B
ID_3387018530825694;9;face recognition;verification (rej);0.353;0;sem match válido;Qwen3-1.7B
ID_3387018530825694;10;mobile environment;requisitos para ambientes (rej);0.462;0;sem match válido;Qwen3-1.7B
ID_3387018530825694;11;local binary patterns;structured programming (rej);0.409;0;sem match válido;Qwen3-1.7B
ID_3387018530825694;12;gabor wavelet;modularity (rej);0.248;0;sem match válido;Qwen3-1.7B
ID_3387018530825694;13;color information;especificação de sistemas (rej);0.258;0;sem match válido;Qwen3-1.7B
ID_3387018530825694;14;unilj-alp;requisitos para ambientes (rej);0.396;0;sem match válido;Qwen3-1.7B
ID_3387018530825694;15;uc-hu;verification (rej);0.269;0;sem match válido;Qwen3-1.7B
ID_3387018530825694;16;mobile devices;tool integration (rej);0.262;0;sem match válido;Qwen3-1.7B
ID_3387018530825694;17;component-based;aspect-oriented programming (rej);0.655;0;sem match válido;Qwen3-1.7B
ID_3387018530825694;18;multi-agent systems;especificação de sistemas (rej);0.514;0;sem match válido;Qwen3-1.7B
ID_3387018530825694;19;software engineering;software engineering;1.000;3;match válido;Qwen3-1.7B
ID_3387018530825694;20;aspect-oriented;aspect-oriented programming;0.865;2;match válido;Qwen3-1.7B
ID_3837157956819433;1;of pure obsessive-compulsive disorder;obsessive–compulsive disorder;0.970;3;match válido;Qwen3-1.7B
ID_3837157956819433;2;"keywords"":";dy-bocs (rej);0.295;0;sem match válido;Qwen3-1.7B
ID_3837157956819433;3;however;comorbidity (rej);0.566;0;sem match válido;Qwen3-1.7B
ID_3837157956819433;4;the Dimensional Yale-Brown Obsessive-Compulsive Scale;yale–brown obsessive–compulsive scale;0.898;2;match válido;Qwen3-1.7B
ID_3837157956819433;5;92.3 );dy-bocs (rej);0.470;0;sem match válido;Qwen3-1.7B
ID_3837157956819433;6;non-comorbid patients were more likely to be female and to be working;clinical characteristics (rej);0.455;0;sem match válido;Qwen3-1.7B
ID_3837157956819433;7;lower suicidality and less previous treatments. In the logistic regression;mental health (rej);0.511;0;sem match válido;Qwen3-1.7B
ID_3837157956819433;8;the following variables predicted pure OCD: sex;obsessive–compulsive disorder (rej);0.460;0;sem match válido;Qwen3-1.7B
ID_3837157956819433;9;severity of depressive and anxious symptoms;anxiety (rej);0.743;0;sem match válido;Qwen3-1.7B
ID_3837157956819433;10;less severe depressive and anxious symptoms;anxiety (rej);0.660;0;sem match válido;Qwen3-1.7B
ID_3837157956819433;11;};dy-bocs (rej);0.690;0;sem match válido;Qwen3-1.7B
ID_3837157956819433;12;{;dy-bocs (rej);0.687;0;sem match válido;Qwen3-1.7B
ID_3837157956819433;13;"titulo"": ""Era uma vez";sociodrama (rej);0.377;0;sem match válido;Qwen3-1.7B
ID_3837157956819433;14;"keywords"": ""Ensino Medico";clinical features (rej);0.357;0;sem match válido;Qwen3-1.7B
ID_3837157956819433;15;Psicodrama;sociodrama;0.755;3;match válido;Qwen3-1.7B
ID_3837157956819433;16;"abstract"":";comorbidity (rej);0.353;0;sem match válido;Qwen3-1.7B
ID_3837157956819433;17;"titulo"": ""Era uma vez o 6o";dy-bocs (rej);0.429;0;sem match válido;Qwen3-1.7B
ID_3837157956819433;18;psicodrama;psychodrama;0.981;3;match válido;Qwen3-1.7B
ID_3837157956819433;19;"keywords"": ""psicodrama";psychodrama (rej);0.680;0;sem match válido;Qwen3-1.7B
ID_3837157956819433;20;;;;;;Qwen3-1.7B
ID_3919711591553904;1;enteric arterioles was increased in the presence of enalaprilat;effect of angiotensin (rej);0.652;0;sem match válido;Qwen3-1.7B
ID_3919711591553904;2;and that ACE inhibition may have a beneficial effect on the interaction.;ace inhibitors (rej);0.731;0;sem match válido;Qwen3-1.7B
ID_3919711591553904;3;};ang ii (rej);0.622;0;sem match válido;Qwen3-1.7B
ID_3919711591553904;4;{;expression (rej);0.648;0;sem match válido;Qwen3-1.7B
ID_3919711591553904;5;"keywords"": ""angiotensina";angiotensin ii (rej);0.744;0;sem match válido;Qwen3-1.7B
ID_3919711591553904;6;bradicinina;bradykinin;0.876;2;match válido;Qwen3-1.7B
ID_3919711591553904;7;enzima conversora de angiotensina;angiotensin-converting enzyme;0.937;3;match válido;Qwen3-1.7B
ID_3919711591553904;8;hipertensao;hypertension (rej);0.715;0;sem match válido;Qwen3-1.7B
ID_3919711591553904;9;sistema renina-angiotensina;renin–angiotensin;0.922;3;match válido;Qwen3-1.7B
ID_3919711591553904;10;in the presence and absence of ACE inhibition;ace inhibitors;0.865;3;match válido;Qwen3-1.7B
ID_3919711591553904;11;;;;;;Qwen3-1.7B
ID_3919711591553904;12;;;;;;Qwen3-1.7B
ID_3919711591553904;13;;;;;;Qwen3-1.7B
ID_3919711591553904;14;;;;;;Qwen3-1.7B
ID_3919711591553904;15;;;;;;Qwen3-1.7B
ID_3919711591553904;16;;;;;;Qwen3-1.7B
ID_3919711591553904;17;;;;;;Qwen3-1.7B
ID_3919711591553904;18;;;;;;Qwen3-1.7B
ID_3919711591553904;19;;;;;;Qwen3-1.7B
ID_3919711591553904;20;;;;;;Qwen3-1.7B
ID_4765080870408661;1;multiple sclerosis;prevalências de doenças (rej);0.469;0;sem match válido;Qwen3-1.7B
ID_4765080870408661;2;natalizumab;sub-registros de óbitos (rej);0.422;0;sem match válido;Qwen3-1.7B
ID_4765080870408661;3;adverse events;prevalências de doenças (rej);0.503;0;sem match válido;Qwen3-1.7B
ID_4765080870408661;4;healthcare;hospital;0.765;2;match válido;Qwen3-1.7B
ID_4765080870408661;5;informatics;sistemas de informação;0.792;3;match válido;Qwen3-1.7B
ID_4765080870408661;6;semantics;interoperable and semantically (rej);0.723;0;sem match válido;Qwen3-1.7B
ID_4765080870408661;7;interoperability;true interoperability;0.940;3;match válido;Qwen3-1.7B
ID_4765080870408661;8;multilevel modeling;modelos multinível;0.850;3;match válido;Qwen3-1.7B
ID_4765080870408661;9;health information systems;multilevel healthcare information;0.828;3;match válido;Qwen3-1.7B
ID_4765080870408661;10;nursing;nursing knowledge;0.789;3;match válido;Qwen3-1.7B
ID_4765080870408661;11;epidemiology;prevalências de doenças (rej);0.723;0;sem match válido;Qwen3-1.7B
ID_4765080870408661;12;public health;socioeconomic and healthcare (rej);0.628;0;sem match válido;Qwen3-1.7B
ID_4765080870408661;13;healthcare informatics;multilevel healthcare information (rej);0.822;0;sem match válido;Qwen3-1.7B
ID_4765080870408661;14;health data;multilevel healthcare information (rej);0.655;0;sem match válido;Qwen3-1.7B
ID_4765080870408661;15;medical informatics;multilevel healthcare information (rej);0.731;0;sem match válido;Qwen3-1.7B
ID_4765080870408661;16;health systems;socioeconomic and healthcare (rej);0.699;0;sem match válido;Qwen3-1.7B
ID_4765080870408661;17;healthcare delivery;prehospital care (rej);0.631;0;sem match válido;Qwen3-1.7B
ID_4765080870408661;18;health policy;socioeconomic and healthcare (rej);0.694;0;sem match válido;Qwen3-1.7B
ID_4765080870408661;19;healthcare management;modeling of healthcare (rej);0.684;0;sem match válido;Qwen3-1.7B
ID_4765080870408661;20;healthcare technology;specific technologies (rej);0.659;0;sem match válido;Qwen3-1.7B
ID_5465930712415985;1;multiple sclerosis;pseudopiptadenia (rej);0.317;0;sem match válido;Qwen3-1.7B
ID_5465930712415985;2;natalizumab;abarema (rej);0.505;0;sem match válido;Qwen3-1.7B
ID_5465930712415985;3;adverse events;abarema (rej);0.362;0;sem match válido;Qwen3-1.7B
ID_5465930712415985;4;immunoglobulin;taxa of eugeniinae (rej);0.339;0;sem match válido;Qwen3-1.7B
ID_5465930712415985;5;postpartum treatment;pseudopiptadenia (rej);0.230;0;sem match válido;Qwen3-1.7B
ID_5465930712415985;6;agalsidase beta;arbustivas e arbóreas (rej);0.579;0;sem match válido;Qwen3-1.7B
ID_5465930712415985;7;agalsidase alfa;arbustivas e arbóreas (rej);0.485;0;sem match válido;Qwen3-1.7B
ID_5465930712415985;8;flora;arbóreas da floresta;0.777;2;match válido;Qwen3-1.7B
ID_5465930712415985;9;diversidade;subtribes eugeniinae (rej);0.541;0;sem match válido;Qwen3-1.7B
ID_5465930712415985;10;floristica;composição florística;0.885;2;match válido;Qwen3-1.7B
ID_5465930712415985;11;catalogo;taxonomy (rej);0.577;0;sem match válido;Qwen3-1.7B
ID_5465930712415985;12;botanica;arbustivas e arbóreas;0.832;2;match válido;Qwen3-1.7B
ID_5465930712415985;13;brasil;tropical forest (rej);0.489;0;sem match válido;Qwen3-1.7B
ID_5465930712415985;14;taxonomia;taxonomy;0.980;3;match válido;Qwen3-1.7B
ID_5465930712415985;15;plantas;vegetation types;0.811;2;match válido;Qwen3-1.7B
ID_5465930712415985;16;fungos;leguminosae arbustivas (rej);0.647;0;sem match válido;Qwen3-1.7B
ID_5465930712415985;17;biodiversidade;taxonomy (rej);0.676;0;sem match válido;Qwen3-1.7B
ID_5465930712415985;18;leguminosae;leguminosae;1.000;3;match válido;Qwen3-1.7B
ID_5465930712415985;19;mimosoideae;types of marambaia (rej);0.569;0;sem match válido;Qwen3-1.7B
ID_5465930712415985;20;eugenia;subtribes eugeniinae;0.840;2;match válido;Qwen3-1.7B
ID_5871402136758674;1;multiple sclerosis;scientific goals (rej);0.187;0;sem match válido;Qwen3-1.7B
ID_5871402136758674;2;natalizumab;bachkground anisotropy power (rej);0.321;0;sem match válido;Qwen3-1.7B
ID_5871402136758674;3;adverse events;fenômeno das mudanças (rej);0.480;0;sem match válido;Qwen3-1.7B
ID_5871402136758674;4;immunoglobulin;planck blackbody (rej);0.236;0;sem match válido;Qwen3-1.7B
ID_5871402136758674;5;postpartum treatment;compreensões dos licenciandos (rej);0.178;0;sem match válido;Qwen3-1.7B
ID_5871402136758674;6;physics education;licenciandos em física;0.837;2;match válido;Qwen3-1.7B
ID_5871402136758674;7;physics;licenciandos em física (rej);0.722;0;sem match válido;Qwen3-1.7B
ID_5871402136758674;8;astronomy education;licenciandos em física (rej);0.593;0;sem match válido;Qwen3-1.7B
ID_5871402136758674;9;cosmic microwave background;cosmic microwave background;1.000;3;match válido;Qwen3-1.7B
ID_5871402136758674;10;cosmology;cosmology: observations (rej);0.974;0;sem match válido;Qwen3-1.7B
ID_5871402136758674;11;telescopes;millimeter wavelength focal (rej);0.558;0;sem match válido;Qwen3-1.7B
ID_5871402136758674;12;radioastronomy;cosmic microwave background (rej);0.550;0;sem match válido;Qwen3-1.7B
ID_5871402136758674;13;galaxy emission;cosmic microwave background (rej);0.615;0;sem match válido;Qwen3-1.7B
ID_5871402136758674;14;cosmic microwave background power spectrum;cosmic microwave background (rej);0.918;0;sem match válido;Qwen3-1.7B
ID_5871402136758674;15;cosmic microwave background anisotropy;microwave bachkground anisotropy;0.789;3;match válido;Qwen3-1.7B
ID_5871402136758674;16;cosmic microwave background observations;cosmic microwave background (rej);0.959;0;sem match válido;Qwen3-1.7B
ID_5871402136758674;17;cosmological parameters;perform cosmological parameter;0.917;2;match válido;Qwen3-1.7B
ID_5871402136758674;18;cosmology - observations;cosmology: observations;0.995;2;match válido;Qwen3-1.7B
ID_5871402136758674;19;large scale structure;large-scale structure of universe (rej);0.650;0;sem match válido;Qwen3-1.7B
ID_5871402136758674;20;data analysis;parameter estimation analysis (rej);0.641;0;sem match válido;Qwen3-1.7B
ID_6286838179330044;1;multiple sclerosis;multiresistance (rej);0.368;0;sem match válido;Qwen3-1.7B
ID_6286838179330044;2;natalizumab;plants of admiralty (rej);0.319;0;sem match válido;Qwen3-1.7B
ID_6286838179330044;3;adverse events;multiresistance (rej);0.319;0;sem match válido;Qwen3-1.7B
ID_6286838179330044;4;protozoa;sequences from microeukaryotes (rej);0.569;0;sem match válido;Qwen3-1.7B
ID_6286838179330044;5;bioinformatica;microbial diversity (rej);0.475;0;sem match válido;Qwen3-1.7B
ID_6286838179330044;6;protozoologia;microbial diversity (rej);0.586;0;sem match válido;Qwen3-1.7B
ID_6286838179330044;7;microbiologia;microbial diversity (rej);0.849;0;sem match válido;Qwen3-1.7B
ID_6286838179330044;8;ecologia microbiana;microbial diversity;0.860;3;match válido;Qwen3-1.7B
ID_6286838179330044;9;bioremediacao;microbial diversity (rej);0.509;0;sem match válido;Qwen3-1.7B
ID_6286838179330044;10;biotecnologia;molecular methods (rej);0.502;0;sem match válido;Qwen3-1.7B
ID_6286838179330044;11;genetica;predominant phylotypes (rej);0.601;0;sem match válido;Qwen3-1.7B
ID_6286838179330044;12;microbiota;bacterial diversity;0.777;3;match válido;Qwen3-1.7B
ID_6286838179330044;13;microeucariotos;sequences from microeukaryotes (rej);0.725;0;sem match válido;Qwen3-1.7B
ID_6286838179330044;14;bacterias;bacterial communities;0.877;3;match válido;Qwen3-1.7B
ID_6286838179330044;15;solo;multiresistance (rej);0.482;0;sem match válido;Qwen3-1.7B
ID_6286838179330044;16;mangue;foliar surface (rej);0.376;0;sem match válido;Qwen3-1.7B
ID_6286838179330044;17;poluicao;plants of admiralty (rej);0.493;0;sem match válido;Qwen3-1.7B
ID_6286838179330044;18;hidrocarbonetos;proxies for oil (rej);0.611;0;sem match válido;Qwen3-1.7B
ID_6286838179330044;19;ecologia marinha;mangrove bacterial diversity (rej);0.651;0;sem match válido;Qwen3-1.7B
ID_6286838179330044;20;microbiologia ambiental;microbial diversity (rej);0.815;0;sem match válido;Qwen3-1.7B
ID_6785547194105600;1;and the photometry of the MYSOs is consistent with the K-band spectral data.;stars: fundamental parameters (rej);0.415;0;sem match válido;Qwen3-1.7B
ID_6785547194105600;2;};eta carinae;0.810;3;match válido;Qwen3-1.7B
ID_6785547194105600;3;{;eta carinae (rej);0.792;0;sem match válido;Qwen3-1.7B
ID_6785547194105600;4;"titulo"": ""The K-band spectra of NGC 3576";stars: fundamental parameters (rej);0.591;0;sem match válido;Qwen3-1.7B
ID_6785547194105600;5;"keywords"":";eta carinae (rej);0.301;0;sem match válido;Qwen3-1.7B
ID_6785547194105600;6;"abstract"":";near-infrared integral field (rej);0.423;0;sem match válido;Qwen3-1.7B
ID_6785547194105600;7;"titulo"": ""A Multispectral View of the Periodic Events in Eta Carinae";eta carinae (rej);0.492;0;sem match válido;Qwen3-1.7B
ID_6785547194105600;8;;;;;;Qwen3-1.7B
ID_6785547194105600;9;;;;;;Qwen3-1.7B
ID_6785547194105600;10;;;;;;Qwen3-1.7B
ID_6785547194105600;11;;;;;;Qwen3-1.7B
ID_6785547194105600;12;;;;;;Qwen3-1.7B
ID_6785547194105600;13;;;;;;Qwen3-1.7B
ID_6785547194105600;14;;;;;;Qwen3-1.7B
ID_6785547194105600;15;;;;;;Qwen3-1.7B
ID_6785547194105600;16;;;;;;Qwen3-1.7B
ID_6785547194105600;17;;;;;;Qwen3-1.7B
ID_6785547194105600;18;;;;;;Qwen3-1.7B
ID_6785547194105600;19;;;;;;Qwen3-1.7B
ID_6785547194105600;20;;;;;;Qwen3-1.7B
ID_7527179767450432;1;the genetic diversity of wild species is also considered in this study.;genetic diversity;0.768;2;match válido;Qwen3-1.7B
ID_7527179767450432;2;};quantitative trait loci (rej);0.437;0;sem match válido;Qwen3-1.7B
ID_7527179767450432;3;{;ssr (rej);0.463;0;sem match válido;Qwen3-1.7B
ID_7527179767450432;4;"titulo"": ""Resistencia a rust em feijoeiro";leaf spot resistance (rej);0.526;0;sem match válido;Qwen3-1.7B
ID_7527179767450432;5;"keywords"": ""Puccinia arachidis";sunki mandarincitrus (rej);0.520;0;sem match válido;Qwen3-1.7B
ID_7527179767450432;6;resistencia genetica a doencas;genetic similarity (rej);0.655;0;sem match válido;Qwen3-1.7B
ID_7527179767450432;7;feijoeiro;sunki mandarincitrus (rej);0.581;0;sem match válido;Qwen3-1.7B
ID_7527179767450432;8;"abstract"":";posteriori computation (rej);0.432;0;sem match válido;Qwen3-1.7B
ID_7527179767450432;9;;;;;;Qwen3-1.7B
ID_7527179767450432;10;;;;;;Qwen3-1.7B
ID_7527179767450432;11;;;;;;Qwen3-1.7B
ID_7527179767450432;12;;;;;;Qwen3-1.7B
ID_7527179767450432;13;;;;;;Qwen3-1.7B
ID_7527179767450432;14;;;;;;Qwen3-1.7B
ID_7527179767450432;15;;;;;;Qwen3-1.7B
ID_7527179767450432;16;;;;;;Qwen3-1.7B
ID_7527179767450432;17;;;;;;Qwen3-1.7B
ID_7527179767450432;18;;;;;;Qwen3-1.7B
ID_7527179767450432;19;;;;;;Qwen3-1.7B
ID_7527179767450432;20;;;;;;Qwen3-1.7B
ID_8049184468038869;1;The results suggest that both drugs have similar effects on venodilation;venous endothelial function (rej);0.542;0;sem match válido;Qwen3-1.7B
ID_8049184468038869;2;};baroreflex (rej);0.419;0;sem match válido;Qwen3-1.7B
ID_8049184468038869;3;{;rat (rej);0.433;0;sem match válido;Qwen3-1.7B
ID_8049184468038869;4;"keywords"": ""Fisiologia";skeletal muscle (rej);0.359;0;sem match válido;Qwen3-1.7B
ID_8049184468038869;5;Endotelio;endothelium (rej);0.884;0;sem match válido;Qwen3-1.7B
ID_8049184468038869;6;funcao endotelial;endothelium;0.891;3;match válido;Qwen3-1.7B
ID_8049184468038869;7;"abstract"":";free radicals (rej);0.325;0;sem match válido;Qwen3-1.7B
ID_8049184468038869;8;"titulo"": ""The effect of bradykinin on endothelial function in healthy subjects";venous endothelial function (rej);0.716;0;sem match válido;Qwen3-1.7B
ID_8049184468038869;9;;;;;;Qwen3-1.7B
ID_8049184468038869;10;;;;;;Qwen3-1.7B
ID_8049184468038869;11;;;;;;Qwen3-1.7B
ID_8049184468038869;12;;;;;;Qwen3-1.7B
ID_8049184468038869;13;;;;;;Qwen3-1.7B
ID_8049184468038869;14;;;;;;Qwen3-1.7B
ID_8049184468038869;15;;;;;;Qwen3-1.7B
ID_8049184468038869;16;;;;;;Qwen3-1.7B
ID_8049184468038869;17;;;;;;Qwen3-1.7B
ID_8049184468038869;18;;;;;;Qwen3-1.7B
ID_8049184468038869;19;;;;;;Qwen3-1.7B
ID_8049184468038869;20;;;;;;Qwen3-1.7B
ID_8237569228020224;1;Mycobacterium tuberculosis;mycoplasma hyopneumoniae (rej);0.616;0;sem match válido;Qwen3-1.7B
ID_8237569228020224;2;Mycoplasma;mycoplasma hyopneumoniae (rej);0.786;0;sem match válido;Qwen3-1.7B
ID_8237569228020224;3;Mycoplasma hyopneumoniae;mycoplasma hyopneumoniae;0.998;2;match válido;Qwen3-1.7B
ID_8237569228020224;4;Mycoplasma synoviae;mycoplasma hyopneumoniae (rej);0.779;0;sem match válido;Qwen3-1.7B
ID_8237569228020224;5;Mesocestoides corti;mesocestoides corti;0.994;3;match válido;Qwen3-1.7B
ID_8237569228020224;6;Echinococcus granulosus;phosphopentomutases in archaeobacteria (rej);0.523;0;sem match válido;Qwen3-1.7B
ID_8237569228020224;7;Anexina V;specific inhibitors (rej);0.479;0;sem match válido;Qwen3-1.7B
ID_8237569228020224;8;Cytidine deaminase;tetrathyridia development (rej);0.484;0;sem match válido;Qwen3-1.7B
ID_8237569228020224;9;Phosphoribosylpyrophosphate synthase;reversible phosphorolysis;0.774;1;match válido;Qwen3-1.7B
ID_8237569228020224;10;Asparaginase;asparaginase;0.994;2;match válido;Qwen3-1.7B
ID_8237569228020224;11;Tuberculosis;tetrathyridia growth (rej);0.450;0;sem match válido;Qwen3-1.7B
ID_8237569228020224;12;Parasitology;parasite biology (rej);0.658;0;sem match válido;Qwen3-1.7B
ID_8237569228020224;13;DNA;molecular target (rej);0.490;0;sem match válido;Qwen3-1.7B
ID_8237569228020224;14;RNA;transcriptomic analysis (rej);0.582;0;sem match válido;Qwen3-1.7B
ID_8237569228020224;15;Proteomics;proliferative activity (rej);0.508;0;sem match válido;Qwen3-1.7B
ID_8237569228020224;16;Biochemistry;bioreactor (rej);0.724;0;sem match válido;Qwen3-1.7B
ID_8237569228020224;17;Genomics;transcriptomic analysis (rej);0.553;0;sem match válido;Qwen3-1.7B
ID_8237569228020224;18;Molecular biology;molecular target (rej);0.711;0;sem match válido;Qwen3-1.7B
ID_8237569228020224;19;Cell biology;serum-induced cell proliferation (rej);0.657;0;sem match válido;Qwen3-1.7B
ID_8237569228020224;20;Immunology;serum-induced cell proliferation (rej);0.519;0;sem match válido;Qwen3-1.7B
ID_8241999499678979;1;0 cm) and analyzed for total organic carbon (TOC);carbono (rej);0.738;0;sem match válido;Qwen3-1.7B
ID_8241999499678979;2;total organic matter (TOM);organic matter;0.821;2;match válido;Qwen3-1.7B
ID_8241999499678979;3;total nitrogen (TN);nitrogen;0.846;3;match válido;Qwen3-1.7B
ID_8241999499678979;4;total phosphorus (TP);isotopic composition (rej);0.448;0;sem match válido;Qwen3-1.7B
ID_8241999499678979;5;with the highest values in the siratro plots. The TN and TP increased as well;ratio (rej);0.337;0;sem match válido;Qwen3-1.7B
ID_8241999499678979;6;};paulo (rej);0.502;0;sem match válido;Qwen3-1.7B
ID_8241999499678979;7;{;paulo (rej);0.477;0;sem match válido;Qwen3-1.7B
ID_8241999499678979;8;"titulo"": ""Efeito da cobertura de cana-de-acucar na qualidade de agua do solo";water quality (rej);0.698;0;sem match válido;Qwen3-1.7B
ID_8241999499678979;9;"keywords"":";chemical composition (rej);0.239;0;sem match válido;Qwen3-1.7B
ID_8241999499678979;10;"abstract"":";dissolved inorganic (rej);0.376;0;sem match válido;Qwen3-1.7B
ID_8241999499678979;11;;;;;;Qwen3-1.7B
ID_8241999499678979;12;;;;;;Qwen3-1.7B
ID_8241999499678979;13;;;;;;Qwen3-1.7B
ID_8241999499678979;14;;;;;;Qwen3-1.7B
ID_8241999499678979;15;;;;;;Qwen3-1.7B
ID_8241999499678979;16;;;;;;Qwen3-1.7B
ID_8241999499678979;17;;;;;;Qwen3-1.7B
ID_8241999499678979;18;;;;;;Qwen3-1.7B
ID_8241999499678979;19;;;;;;Qwen3-1.7B
ID_8241999499678979;20;;;;;;Qwen3-1.7B
ID_8496716957724133;1;multicloud;zz ceti (rej);0.241;0;sem match válido;Qwen3-1.7B
ID_8496716957724133;2;nataлизумаб;zz ceti (rej);0.572;0;sem match válido;Qwen3-1.7B
ID_8496716957724133;3;adverse events;instability (rej);0.426;0;sem match válido;Qwen3-1.7B
ID_8496716957724133;4;gravidez;zz ceti (rej);0.330;0;sem match válido;Qwen3-1.7B
ID_8496716957724133;5;imunomoduladores;hot degenerates (rej);0.238;0;sem match válido;Qwen3-1.7B
ID_8496716957724133;6;esclerose multipla;hot degenerates (rej);0.326;0;sem match válido;Qwen3-1.7B
ID_8496716957724133;7;globular clusters;stellar structure (rej);0.530;0;sem match válido;Qwen3-1.7B
ID_8496716957724133;8;multichromatic;optical spectrum (rej);0.509;0;sem match válido;Qwen3-1.7B
ID_8496716957724133;9;ngc6366;pg 1159 (rej);0.560;0;sem match válido;Qwen3-1.7B
ID_8496716957724133;10;uso de simuladores;theoretical models (rej);0.580;0;sem match válido;Qwen3-1.7B
ID_8496716957724133;11;ensino medio;pg 1159 (rej);0.263;0;sem match válido;Qwen3-1.7B
ID_8496716957724133;12;ensino de optica;optical spectrum (rej);0.696;0;sem match válido;Qwen3-1.7B
ID_8496716957724133;13;novas tecnologias;discovery (rej);0.443;0;sem match válido;Qwen3-1.7B
ID_8496716957724133;14;hipermidia;hot degenerates (rej);0.502;0;sem match válido;Qwen3-1.7B
ID_8496716957724133;15;astrosismologia;stellar structure (rej);0.734;0;sem match válido;Qwen3-1.7B
ID_8496716957724133;16;magnetismo;stars: magnetic field (rej);0.703;0;sem match válido;Qwen3-1.7B
ID_8496716957724133;17;sloan digital sky survey;stars: imaging (rej);0.518;0;sem match válido;Qwen3-1.7B
ID_8496716957724133;18;white dwarf;white dwarf;1.000;3;match válido;Qwen3-1.7B
ID_8496716957724133;19;pulsacoes;nonradial g-mode pulsations (rej);0.595;0;sem match válido;Qwen3-1.7B
ID_8496716957724133;20;astrolingua;stellar structure (rej);0.563;0;sem match válido;Qwen3-1.7B
ID_0321740024191482;1;Gravidez;turnera (rej);0.496;0;sem match válido;Qwen3-1.7B
ID_0321740024191482;2;Imunomoduladores;substâncias reativas (rej);0.494;0;sem match válido;Qwen3-1.7B
ID_0321740024191482;3;Esclerose multipla;patients with type (rej);0.500;0;sem match válido;Qwen3-1.7B
ID_0321740024191482;4;Face recognition;tolerance (rej);0.280;0;sem match válido;Qwen3-1.7B
ID_0321740024191482;5;Antioxidante;vitro antioxidant;0.908;3;match válido;Qwen3-1.7B
ID_0321740024191482;6;Lipidologia;perfil lipídico;0.863;3;match válido;Qwen3-1.7B
ID_0321740024191482;7;Cobre;turnera (rej);0.597;0;sem match válido;Qwen3-1.7B
ID_0321740024191482;8;Zinco;zinc concentrations;0.841;2;match válido;Qwen3-1.7B
ID_0321740024191482;9;Diabetes;diabetes mellitus;0.968;2;match válido;Qwen3-1.7B
ID_0321740024191482;10;Fisiologia;perfil lipídico (rej);0.537;0;sem match válido;Qwen3-1.7B
ID_0321740024191482;11;Bioquímica;substâncias reativas (rej);0.598;0;sem match válido;Qwen3-1.7B
ID_0321740024191482;12;Fotossíntese;antioxidant activity (rej);0.412;0;sem match válido;Qwen3-1.7B
ID_0321740024191482;13;Cobrinha;turnera (rej);0.484;0;sem match válido;Qwen3-1.7B
ID_0321740024191482;14;Ferro;zinc and copper (rej);0.662;0;sem match válido;Qwen3-1.7B
ID_0321740024191482;15;Estrutura celular;tsh secretion (rej);0.364;0;sem match válido;Qwen3-1.7B
ID_0321740024191482;16;Peroxidação lipídica;lipid peroxidation;0.942;3;match válido;Qwen3-1.7B
ID_0321740024191482;17;Antinocicepção;tibolone and menopausal (rej);0.535;0;sem match válido;Qwen3-1.7B
ID_0321740024191482;18;Vaporização;vapor pressure;0.766;1;match válido;Qwen3-1.7B
ID_0321740024191482;19;Células-tronco;tsh secretion (rej);0.487;0;sem match válido;Qwen3-1.7B
ID_0321740024191482;20;;;;;;Qwen3-1.7B
ID_6372649810646310;1;quimica verde;chemical (rej);0.640;0;sem match válido;Qwen3-1.7B
ID_6372649810646310;2;solvintes inteligentes;utilização (rej);0.542;0;sem match válido;Qwen3-1.7B
ID_6372649810646310;3;piperileno sulfona;terpenos em cupins (rej);0.610;0;sem match válido;Qwen3-1.7B
ID_6372649810646310;4;cromatografia gasosa;gas chromatography;0.950;2;match válido;Qwen3-1.7B
ID_6372649810646310;5;espectrometria de massa;gas chromatography-mass (rej);0.702;0;sem match válido;Qwen3-1.7B
ID_6372649810646310;6;análise de compostos;chemical composition;0.841;3;match válido;Qwen3-1.7B
ID_6372649810646310;7;fotossíntese;byrsonima crassifolia (rej);0.430;0;sem match válido;Qwen3-1.7B
ID_6372649810646310;8;metabolômica;gas chromatography-mass (rej);0.482;0;sem match válido;Qwen3-1.7B
ID_6372649810646310;9;cromatografia gasosa de alta temperatura;gas chromatography (rej);0.886;0;sem match válido;Qwen3-1.7B
ID_6372649810646310;10;cromatografia gasosa acoplada a espectrometria de massa;gas chromatography-mass;0.904;3;match válido;Qwen3-1.7B
ID_6372649810646310;11;cromatografia gasosa de alta resolução;gas chromatography (rej);0.906;0;sem match válido;Qwen3-1.7B
ID_6372649810646310;12;;;;;;Qwen3-1.7B
ID_6372649810646310;13;;;;;;Qwen3-1.7B
ID_6372649810646310;14;;;;;;Qwen3-1.7B
ID_6372649810646310;15;;;;;;Qwen3-1.7B
ID_6372649810646310;16;;;;;;Qwen3-1.7B
ID_6372649810646310;17;;;;;;Qwen3-1.7B
ID_6372649810646310;18;;;;;;Qwen3-1.7B
ID_6372649810646310;19;;;;;;Qwen3-1.7B
ID_6372649810646310;20;;;;;;Qwen3-1.7B
ID_6723353746838236;1;etal distress;etonogestrel (rej);0.516;0;sem match válido;Qwen3-1.7B
ID_6723353746838236;2;};etonogestrel (rej);0.431;0;sem match válido;Qwen3-1.7B
ID_6723353746838236;3;{;etonogestrel (rej);0.425;0;sem match válido;Qwen3-1.7B
ID_6723353746838236;4;"keywords"": ""Anti-retroviral";antiretroviral agents (rej);0.717;0;sem match válido;Qwen3-1.7B
ID_6723353746838236;5;diabetes;imunodeficiência humana tipo (rej);0.397;0;sem match válido;Qwen3-1.7B
ID_6723353746838236;6;glicemia;squamous intraepithelial lesions (rej);0.444;0;sem match válido;Qwen3-1.7B
ID_6723353746838236;7;beta celula;etonogestrel (rej);0.414;0;sem match válido;Qwen3-1.7B
ID_6723353746838236;8;ratas prenhes;hominis e ureaplasma (rej);0.359;0;sem match válido;Qwen3-1.7B
ID_6723353746838236;9;insulinemia;imunodeficiência humana tipo (rej);0.463;0;sem match válido;Qwen3-1.7B
ID_6723353746838236;10;glucagonemia;hla-g polymorphisms (rej);0.445;0;sem match válido;Qwen3-1.7B
ID_6723353746838236;11;plasma FFA or hepatic glycogen. Also;confirmed hbsag-positive subjects (rej);0.334;0;sem match válido;Qwen3-1.7B
ID_6723353746838236;12;with normal glycemia and unchanged number of pancreatic cells.;squamous intraepithelial lesions (rej);0.347;0;sem match válido;Qwen3-1.7B
ID_6723353746838236;13;"keywords"":";drug groups (rej);0.173;0;sem match válido;Qwen3-1.7B
ID_6723353746838236;14;"abstract"":";etonogestrel (rej);0.286;0;sem match válido;Qwen3-1.7B
ID_6723353746838236;15;"titulo"": ""Efeitos da terapia anti-retroviral na glicemia materna e";antiretroviral drugs (rej);0.609;0;sem match válido;Qwen3-1.7B
ID_6723353746838236;16;;;;;;Qwen3-1.7B
ID_6723353746838236;17;;;;;;Qwen3-1.7B
ID_6723353746838236;18;;;;;;Qwen3-1.7B
ID_6723353746838236;19;;;;;;Qwen3-1.7B
ID_6723353746838236;20;;;;;;Qwen3-1.7B
ID_3532765293459410;1;Comunicacao;nellore (rej);0.446;0;sem match válido;Qwen3-1.7B
ID_3532765293459410;2;Nutricao;total digestible nutrients (rej);0.775;0;sem match válido;Qwen3-1.7B
ID_3532765293459410;3;Energia;metabolizable energy (rej);0.677;0;sem match válido;Qwen3-1.7B
ID_3532765293459410;4;Proteina;protein;0.986;3;match válido;Qwen3-1.7B
ID_3532765293459410;5;Fibra;neutral detergent fiber (rej);0.542;0;sem match válido;Qwen3-1.7B
ID_3532765293459410;6;Digestibilidade;digestibility;0.952;3;match válido;Qwen3-1.7B
ID_3532765293459410;7;Lactacao;silagem de milho (rej);0.549;0;sem match válido;Qwen3-1.7B
ID_3532765293459410;8;Cavalos;pasture (rej);0.579;0;sem match válido;Qwen3-1.7B
ID_3532765293459410;9;Bezerros;nellore (rej);0.780;0;sem match válido;Qwen3-1.7B
ID_3532765293459410;10;Alimentacao;consumo e digestibilidade (rej);0.744;0;sem match válido;Qwen3-1.7B
ID_3532765293459410;11;Producao de leite;silagem de milho (rej);0.556;0;sem match válido;Qwen3-1.7B
ID_3532765293459410;12;Estatistica;níveis de concentrado (rej);0.560;0;sem match válido;Qwen3-1.7B
ID_3532765293459410;13;Modelos matematicos;total e parcial (rej);0.434;0;sem match válido;Qwen3-1.7B
ID_3532765293459410;14;Fibra em detergente neutro;neutral detergent fiber;0.908;2;match válido;Qwen3-1.7B
ID_3532765293459410;15;Nutrientes;total digestible nutrients;0.784;3;match válido;Qwen3-1.7B
ID_3532765293459410;16;Volumoso;nellore;0.809;2;match válido;Qwen3-1.7B
ID_3532765293459410;17;Metabolismo;metabolizable energy;0.753;2;match válido;Qwen3-1.7B
ID_3532765293459410;18;Estimacao;nellore (rej);0.808;0;sem match válido;Qwen3-1.7B
ID_3532765293459410;19;Analise de dados;total collection (rej);0.420;0;sem match válido;Qwen3-1.7B
ID_3532765293459410;20;Sistemas de alimentacao;consumo e digestibilidade (rej);0.683;0;sem match válido;Qwen3-1.7B
ID_7057449448661416;1;Cidade;cidade contemporânea;0.921;3;match válido;Qwen3-1.7B
ID_7057449448661416;2;Arquitetura contemporanea;cidade contemporânea (rej);0.709;0;sem match válido;Qwen3-1.7B
ID_7057449448661416;3;Desenvolvimento Urbano;urbanização e constituição (rej);0.789;0;sem match válido;Qwen3-1.7B
ID_7057449448661416;4;Habitacao;housing provision system (rej);0.609;0;sem match válido;Qwen3-1.7B
ID_7057449448661416;5;Política Habitacional;housing policy;0.901;3;match válido;Qwen3-1.7B
ID_7057449448661416;6;Economia Politica;reestruturação econômica (rej);0.528;0;sem match válido;Qwen3-1.7B
ID_7057449448661416;7;Crise Economica;reestruturação econômica (rej);0.643;0;sem match válido;Qwen3-1.7B
ID_7057449448661416;8;Financiamento Habitacional;housing provision system;0.775;3;match válido;Qwen3-1.7B
ID_7057449448661416;9;Social Rental Housing;social housing policy;0.828;3;match válido;Qwen3-1.7B
ID_7057449448661416;10;Desigualdade Social;social housing policy (rej);0.479;0;sem match válido;Qwen3-1.7B
ID_7057449448661416;11;Urbanismo espetaculo;urbanização e constituição;0.794;1;match válido;Qwen3-1.7B
ID_7057449448661416;12;Planejamento Estrategico;contexto da reestruturação (rej);0.521;0;sem match válido;Qwen3-1.7B
ID_7057449448661416;13;Espaco Publico;cidade contemporânea (rej);0.514;0;sem match válido;Qwen3-1.7B
ID_7057449448661416;14;Geografia Cultural;cidade contemporânea (rej);0.548;0;sem match válido;Qwen3-1.7B
ID_7057449448661416;15;Estudos Urbanos;cidade contemporânea (rej);0.815;0;sem match válido;Qwen3-1.7B
ID_7057449448661416;16;Trabalho e Emprego;reestruturação econômica (rej);0.371;0;sem match válido;Qwen3-1.7B
ID_7057449448661416;17;Cultura Politica;urbanização e constituição (rej);0.425;0;sem match válido;Qwen3-1.7B
ID_7057449448661416;18;Clientelismo;patron-client relations;0.772;1;match válido;Qwen3-1.7B
ID_7057449448661416;19;Política;urbanização e constituição (rej);0.421;0;sem match válido;Qwen3-1.7B
ID_7057449448661416;20;Desenvolvimento Economico e Politico;reestruturação econômica (rej);0.583;0;sem match válido;Qwen3-1.7B
ID_7506578377321090;1;Citros;cultivares de morangueiro (rej);0.736;0;sem match válido;Qwen3-1.7B
ID_7506578377321090;2;Marcadores moleculares em citros;molecular markers;0.851;3;match válido;Qwen3-1.7B
ID_7506578377321090;3;Mapa genetico de citros;genetic markers (rej);0.677;0;sem match válido;Qwen3-1.7B
ID_7506578377321090;4;Hibridos de citros;cultivares de morangueiro (rej);0.756;0;sem match válido;Qwen3-1.7B
ID_7506578377321090;5;Genetica;genetic similarity;0.854;3;match válido;Qwen3-1.7B
ID_7506578377321090;6;Microarray;micropropagation (rej);0.822;0;sem match válido;Qwen3-1.7B
ID_7506578377321090;7;Expressao genica;genetic markers;0.846;2;match válido;Qwen3-1.7B
ID_7506578377321090;8;Biotecnologia;tissue culture (rej);0.477;0;sem match válido;Qwen3-1.7B
ID_7506578377321090;9;Germoplasma;tissue culture (rej);0.510;0;sem match válido;Qwen3-1.7B
ID_7506578377321090;10;Cultivo de citros;cultivares de morangueiro;0.885;2;match válido;Qwen3-1.7B
ID_7506578377321090;11;Genetica de hibridos;diversidade genética (rej);0.790;0;sem match válido;Qwen3-1.7B
ID_7506578377321090;12;Selecao de hibridos;diversidade genética (rej);0.638;0;sem match válido;Qwen3-1.7B
ID_7506578377321090;13;Diversidade genetica;diversidade genética;0.993;3;match válido;Qwen3-1.7B
ID_7506578377321090;14;Genetica de plantas;plant production (rej);0.670;0;sem match válido;Qwen3-1.7B
ID_7506578377321090;15;Genoma funcional;genetic markers (rej);0.667;0;sem match válido;Qwen3-1.7B
ID_7506578377321090;16;Resistencia a clorose variegada dos citros;resistência de cultivares (rej);0.630;0;sem match válido;Qwen3-1.7B
ID_7506578377321090;17;Cultivo in vitro;produção de mudas;0.808;3;match válido;Qwen3-1.7B
ID_7506578377321090;18;Micropropagacao;micropropagation;0.916;3;match válido;Qwen3-1.7B
ID_7506578377321090;19;Adubacao orgânica;cultivares de morangueiro (rej);0.602;0;sem match válido;Qwen3-1.7B
ID_7506578377321090;20;Cobertura verde;cultivares de morangueiro (rej);0.461;0;sem match válido;Qwen3-1.7B
ID_2662364620923506;1;Agrobiodiversidade;species richness (rej);0.590;0;sem match válido;Qwen3-1.7B
ID_2662364620923506;2;Etnobotanica;species and life-forms (rej);0.517;0;sem match válido;Qwen3-1.7B
ID_2662364620923506;3;Florestas Estacionais Deciduais;atlantic forest (rej);0.742;0;sem match válido;Qwen3-1.7B
ID_2662364620923506;4;Floristica;levantamento florístico;0.915;3;match válido;Qwen3-1.7B
ID_2662364620923506;5;Floresta Atlantica;atlantic forest;0.975;3;match válido;Qwen3-1.7B
ID_2662364620923506;6;Floristica de Pernambuco;levantamento florístico (rej);0.707;0;sem match válido;Qwen3-1.7B
ID_2662364620923506;7;Floristica de PECB;composição florística;0.767;3;match válido;Qwen3-1.7B
ID_2662364620923506;8;;;;;;Qwen3-1.7B
ID_2662364620923506;9;;;;;;Qwen3-1.7B
ID_2662364620923506;10;;;;;;Qwen3-1.7B
ID_2662364620923506;11;;;;;;Qwen3-1.7B
ID_2662364620923506;12;;;;;;Qwen3-1.7B
ID_2662364620923506;13;;;;;;Qwen3-1.7B
ID_2662364620923506;14;;;;;;Qwen3-1.7B
ID_2662364620923506;15;;;;;;Qwen3-1.7B
ID_2662364620923506;16;;;;;;Qwen3-1.7B
ID_2662364620923506;17;;;;;;Qwen3-1.7B
ID_2662364620923506;18;;;;;;Qwen3-1.7B
ID_2662364620923506;19;;;;;;Qwen3-1.7B
ID_2662364620923506;20;;;;;;Qwen3-1.7B
ID_2929963416385218;1;showing comparable bioactivity;toxin (rej);0.515;0;sem match válido;Qwen3-1.7B
ID_2929963416385218;2;an increase in C1q;p1 or pld (rej);0.410;0;sem match válido;Qwen3-1.7B
ID_2929963416385218;3;SAP and CRP were found to bind to P1 or PLD treated E;p1 or pld (rej);0.602;0;sem match válido;Qwen3-1.7B
ID_2929963416385218;4;depletion of SAP or CRP from human serum did not prevent C-mediated lysis;loxosceles sphingomyelinase induces (rej);0.413;0;sem match válido;Qwen3-1.7B
ID_2929963416385218;5;};smase (rej);0.695;0;sem match válido;Qwen3-1.7B
ID_2929963416385218;6;{;smase (rej);0.709;0;sem match válido;Qwen3-1.7B
ID_2929963416385218;7;"keywords"": ""dermonecrose";venom (rej);0.535;0;sem match válido;Qwen3-1.7B
ID_2929963416385218;8;esfingomielinase;sphingomyelinase d (rej);0.724;0;sem match válido;Qwen3-1.7B
ID_2929963416385218;9;Loxosceles;sphingomyelinase from loxosceles (rej);0.648;0;sem match válido;Qwen3-1.7B
ID_2929963416385218;10;Complemento;smase (rej);0.577;0;sem match válido;Qwen3-1.7B
ID_2929963416385218;11;;;;;;Qwen3-1.7B
ID_2929963416385218;12;;;;;;Qwen3-1.7B
ID_2929963416385218;13;;;;;;Qwen3-1.7B
ID_2929963416385218;14;;;;;;Qwen3-1.7B
ID_2929963416385218;15;;;;;;Qwen3-1.7B
ID_2929963416385218;16;;;;;;Qwen3-1.7B
ID_2929963416385218;17;;;;;;Qwen3-1.7B
ID_2929963416385218;18;;;;;;Qwen3-1.7B
ID_2929963416385218;19;;;;;;Qwen3-1.7B
ID_2929963416385218;20;;;;;;Qwen3-1.7B
ID_5183458350445779;1;Clonagem;cloning;0.958;3;match válido;Qwen3-1.7B
ID_5183458350445779;2;Expressao;spr (rej);0.715;0;sem match válido;Qwen3-1.7B
ID_5183458350445779;3;Purificacao;purification and characterization;0.831;3;match válido;Qwen3-1.7B
ID_5183458350445779;4;Proteina;protein;0.986;3;match válido;Qwen3-1.7B
ID_5183458350445779;5;Glicose;protein (rej);0.519;0;sem match válido;Qwen3-1.7B
ID_5183458350445779;6;Fosfolipid;pseudomonas putida chlorocatechol (rej);0.487;0;sem match válido;Qwen3-1.7B
ID_5183458350445779;7;Lipid;spr (rej);0.374;0;sem match válido;Qwen3-1.7B
ID_5183458350445779;8;Sintese;spr;0.757;1;match válido;Qwen3-1.7B
ID_5183458350445779;9;Imobilizacao;spr (rej);0.612;0;sem match válido;Qwen3-1.7B
ID_5183458350445779;10;Biosensor;escherichia coli (rej);0.412;0;sem match válido;Qwen3-1.7B
ID_5183458350445779;11;Sensibilidade;spr (rej);0.595;0;sem match válido;Qwen3-1.7B
ID_5183458350445779;12;Nanotecnologia;zn superoxide dismutase (rej);0.302;0;sem match válido;Qwen3-1.7B
ID_5183458350445779;13;Cromatografia;recombinant chlorocatechol (rej);0.512;0;sem match válido;Qwen3-1.7B
ID_5183458350445779;14;Spectroscopia;fluorescence spectroscopy (rej);0.632;0;sem match válido;Qwen3-1.7B
ID_5183458350445779;15;;;;;;Qwen3-1.7B
ID_5183458350445779;16;;;;;;Qwen3-1.7B
ID_5183458350445779;17;;;;;;Qwen3-1.7B
ID_5183458350445779;18;;;;;;Qwen3-1.7B
ID_5183458350445779;19;;;;;;Qwen3-1.7B
ID_5183458350445779;20;;;;;;Qwen3-1.7B
ID_7216933992248038;1;Rheumatic Fever;rheumatic fever;0.986;3;match válido;Qwen3-1.7B
ID_7216933992248038;2;HLA;hla class ii (rej);0.666;0;sem match válido;Qwen3-1.7B
ID_7216933992248038;3;T cell;peripheral t cells;0.880;3;match válido;Qwen3-1.7B
ID_7216933992248038;4;Molecular mimicry;molecular mimicry;0.992;3;match válido;Qwen3-1.7B
ID_7216933992248038;5;Autoimmune disease;autoimmune disease;0.998;3;match válido;Qwen3-1.7B
ID_7216933992248038;6;Cardiac myosin;heart lesions (rej);0.628;0;sem match válido;Qwen3-1.7B
ID_7216933992248038;7;Streptococcus pyogenes;streptococcal group;0.807;3;match válido;Qwen3-1.7B
ID_7216933992248038;8;Tumor necrosis factor-alpha;tumor necrosis factor-alpha;0.990;3;match válido;Qwen3-1.7B
ID_7216933992248038;9;NFKBIL1;rf (rej);0.555;0;sem match válido;Qwen3-1.7B
ID_7216933992248038;10;CD4;tnfa-308 (rej);0.345;0;sem match válido;Qwen3-1.7B
ID_7216933992248038;11;CD8;tnfa-308 (rej);0.405;0;sem match válido;Qwen3-1.7B
ID_7216933992248038;12;Inflammatory cytokines;cytokine;0.791;3;match válido;Qwen3-1.7B
ID_7216933992248038;13;T cell receptor;t cell receptor;0.997;3;match válido;Qwen3-1.7B
ID_7216933992248038;14;HLA class II;hla class ii;0.865;2;match válido;Qwen3-1.7B
ID_7216933992248038;15;Vaccine;vaccine;0.992;3;match válido;Qwen3-1.7B
ID_7216933992248038;16;T cell clone;cell clones;0.796;3;match válido;Qwen3-1.7B
ID_7216933992248038;17;M protein;peptide (rej);0.547;0;sem match válido;Qwen3-1.7B
ID_7216933992248038;18;T cell degeneracy;peripheral t cells (rej);0.762;0;sem match válido;Qwen3-1.7B
ID_7216933992248038;19;Cardiac tissue antigens;heart tissue proteins;0.772;3;match válido;Qwen3-1.7B
ID_7216933992248038;20;Epitope;s. pyogenes (rej);0.452;0;sem match válido;Qwen3-1.7B
ID_9836776931160228;1;Programacao Logica;finite state machine (rej);0.536;0;sem match válido;Qwen3-1.7B
ID_9836776931160228;2;Prolog;test case generation (rej);0.343;0;sem match válido;Qwen3-1.7B
ID_9836776931160228;3;FSM-based testing;test analysis (rej);0.738;0;sem match válido;Qwen3-1.7B
ID_9836776931160228;4;Test case generation;test case generation;0.998;3;match válido;Qwen3-1.7B
ID_9836776931160228;5;Model-based testing;test analysis (rej);0.781;0;sem match válido;Qwen3-1.7B
ID_9836776931160228;6;Verification and validation tools;verification and testing;0.894;3;match válido;Qwen3-1.7B
ID_9836776931160228;7;Test suite reduction;test analysis (rej);0.699;0;sem match válido;Qwen3-1.7B
ID_9836776931160228;8;Finite state machine;finite state machine;0.963;3;match válido;Qwen3-1.7B
ID_9836776931160228;9;Test coverage;test analysis;0.826;2;match válido;Qwen3-1.7B
ID_9836776931160228;10;Mutant testing;mutation testing;0.854;2;match válido;Qwen3-1.7B
ID_9836776931160228;11;Test generation;test generation;0.997;3;match válido;Qwen3-1.7B
ID_9836776931160228;12;Test execution;testing tool;0.824;2;match válido;Qwen3-1.7B
ID_9836776931160228;13;Test case selection;test case generation method;0.826;3;match válido;Qwen3-1.7B
ID_9836776931160228;14;Test suite length;test analysis (rej);0.633;0;sem match válido;Qwen3-1.7B
ID_9836776931160228;15;Test suite minimization;testing tool (rej);0.661;0;sem match válido;Qwen3-1.7B
ID_9836776931160228;16;Test coverage criteria;test analysis (rej);0.793;0;sem match válido;Qwen3-1.7B
ID_9836776931160228;17;Test purpose;test purpose;0.998;2;match válido;Qwen3-1.7B
ID_9836776931160228;18;Test execution environment;testing environment;0.862;3;match válido;Qwen3-1.7B
ID_9836776931160228;19;Test case transformation;test case generation (rej);0.817;0;sem match válido;Qwen3-1.7B
ID_9836776931160228;20;Test suite completeness;test analysis (rej);0.682;0;sem match válido;Qwen3-1.7B
ID_1686212165863890;1;};recria de novilhos;0.808;3;match válido;Qwen3-1.7B
ID_1686212165863890;2;{;recria de novilhos (rej);0.785;0;sem match válido;Qwen3-1.7B
ID_1686212165863890;3;"keywords"":";suplementos múltiplos (rej);0.282;0;sem match válido;Qwen3-1.7B
ID_1686212165863890;4;bermudagrass hay;pasture;0.802;3;match válido;Qwen3-1.7B
ID_1686212165863890;5;;;;;;Qwen3-1.7B
ID_1686212165863890;6;;;;;;Qwen3-1.7B
ID_1686212165863890;7;;;;;;Qwen3-1.7B
ID_1686212165863890;8;;;;;;Qwen3-1.7B
ID_1686212165863890;9;;;;;;Qwen3-1.7B
ID_1686212165863890;10;;;;;;Qwen3-1.7B
ID_1686212165863890;11;;;;;;Qwen3-1.7B
ID_1686212165863890;12;;;;;;Qwen3-1.7B
ID_1686212165863890;13;;;;;;Qwen3-1.7B
ID_1686212165863890;14;;;;;;Qwen3-1.7B
ID_1686212165863890;15;;;;;;Qwen3-1.7B
ID_1686212165863890;16;;;;;;Qwen3-1.7B
ID_1686212165863890;17;;;;;;Qwen3-1.7B
ID_1686212165863890;18;;;;;;Qwen3-1.7B
ID_1686212165863890;19;;;;;;Qwen3-1.7B
ID_1686212165863890;20;;;;;;Qwen3-1.7B
ID_6201224121456969;1;Caprinos;supranumerárias em caprinos (rej);0.645;0;sem match válido;Qwen3-1.7B
ID_6201224121456969;2;Reproducao;reprodutivo de ovinos (rej);0.512;0;sem match válido;Qwen3-1.7B
ID_6201224121456969;3;Agrupamento;unweighted pair group (rej);0.590;0;sem match válido;Qwen3-1.7B
ID_6201224121456969;4;Biometria;zoometric indexes (rej);0.533;0;sem match válido;Qwen3-1.7B
ID_6201224121456969;5;Diversidade Genetica;genetic diversity;0.992;3;match válido;Qwen3-1.7B
ID_6201224121456969;6;Genetica;genetic relationship;0.915;3;match válido;Qwen3-1.7B
ID_6201224121456969;7;Nutricao Animal;saanen dairy (rej);0.641;0;sem match válido;Qwen3-1.7B
ID_6201224121456969;8;Economia;productive performance (rej);0.442;0;sem match válido;Qwen3-1.7B
ID_6201224121456969;9;Sistema Extensivo;sistemas de producao (rej);0.631;0;sem match válido;Qwen3-1.7B
ID_6201224121456969;10;Sincronizacao;rhea (rej);0.492;0;sem match válido;Qwen3-1.7B
ID_6201224121456969;11;Inseminacao Artificial;reprodutivo de ovinos (rej);0.523;0;sem match válido;Qwen3-1.7B
ID_6201224121456969;12;Dinamica Folicular;rhea (rej);0.451;0;sem match válido;Qwen3-1.7B
ID_6201224121456969;13;Vazamento;moxotó;0.802;1;match válido;Qwen3-1.7B
ID_6201224121456969;14;Morfometria;tetas supranumerárias (rej);0.565;0;sem match válido;Qwen3-1.7B
ID_6201224121456969;15;Recursos Geneticos;genetic resources;0.980;3;match válido;Qwen3-1.7B
ID_6201224121456969;16;Taxa de Prenhez;moxotó (rej);0.585;0;sem match válido;Qwen3-1.7B
ID_6201224121456969;17;Confinamento;moxotó (rej);0.472;0;sem match válido;Qwen3-1.7B
ID_6201224121456969;18;Desenvolvimento Ponderal;técnicas de avaliação (rej);0.481;0;sem match válido;Qwen3-1.7B
ID_6201224121456969;19;Agrupamento Multivariado;unweighted pair group (rej);0.668;0;sem match válido;Qwen3-1.7B
ID_6201224121456969;20;Taxa de Crescimento;scénario du peuplement (rej);0.406;0;sem match válido;Qwen3-1.7B
ID_8479803539567479;1;concentration was not different between the two groups;dna fragmentation (rej);0.189;0;sem match válido;Qwen3-1.7B
ID_8479803539567479;2;};varicocele correction (rej);0.362;0;sem match válido;Qwen3-1.7B
ID_8479803539567479;3;{;seminal plasma (rej);0.366;0;sem match válido;Qwen3-1.7B
ID_8479803539567479;4;"keywords"": ""varicocele";varicocele correction (rej);0.503;0;sem match válido;Qwen3-1.7B
ID_8479803539567479;5;sperm DNA fragmentation;sperm dna fragmentation;0.939;3;match válido;Qwen3-1.7B
ID_8479803539567479;6;mitochondrial activity;mitochondria/metabolism;0.916;1;match válido;Qwen3-1.7B
ID_8479803539567479;7;3â ²-diaminobenzidine assay;deoxyribonucleic acid fragmentation (rej);0.464;0;sem match válido;Qwen3-1.7B
ID_8479803539567479;8;];seminal plasma (rej);0.367;0;sem match válido;Qwen3-1.7B
ID_8479803539567479;9;"{""tags";dna damage (rej);0.231;0;sem match válido;Qwen3-1.7B
ID_8479803539567479;10;;;;;;Qwen3-1.7B
ID_8479803539567479;11;;;;;;Qwen3-1.7B
ID_8479803539567479;12;;;;;;Qwen3-1.7B
ID_8479803539567479;13;;;;;;Qwen3-1.7B
ID_8479803539567479;14;;;;;;Qwen3-1.7B
ID_8479803539567479;15;;;;;;Qwen3-1.7B
ID_8479803539567479;16;;;;;;Qwen3-1.7B
ID_8479803539567479;17;;;;;;Qwen3-1.7B
ID_8479803539567479;18;;;;;;Qwen3-1.7B
ID_8479803539567479;19;;;;;;Qwen3-1.7B
ID_8479803539567479;20;;;;;;Qwen3-1.7B
ID_7572366766177648;1;²CDSH for the thiol molecules was determined.;phenol compounds (rej);0.518;0;sem match válido;Qwen3-1.7B
ID_7572366766177648;2;};fia;0.774;2;match válido;Qwen3-1.7B
ID_7572366766177648;3;{;spr;0.907;3;match válido;Qwen3-1.7B
ID_7572366766177648;4;"keywords"": ""Electroquimica";electrochemical study (rej);0.691;0;sem match válido;Qwen3-1.7B
ID_7572366766177648;5;Polietileno Glicol;poly-l-lysine (rej);0.689;0;sem match válido;Qwen3-1.7B
ID_7572366766177648;6;Polietileno Oxido;phenol compounds (rej);0.663;0;sem match válido;Qwen3-1.7B
ID_7572366766177648;7;Electroanálise;electrochemical property;0.810;3;match válido;Qwen3-1.7B
ID_7572366766177648;8;"keywords"": ""Espectrometria de massas";voltammetric sensor (rej);0.414;0;sem match válido;Qwen3-1.7B
ID_7572366766177648;9;flavonoides.;phenol compounds (rej);0.565;0;sem match válido;Qwen3-1.7B
ID_7572366766177648;10;Meio de divulgacao: Digital;spr (rej);0.344;0;sem match válido;Qwen3-1.7B
ID_7572366766177648;11;ISSN ISBN: 07317085. J PHARMACEUT BIOMED nbsp;biosensor (rej);0.523;0;sem match válido;Qwen3-1.7B
ID_7572366766177648;12;nbsp;nadh;0.850;2;match válido;Qwen3-1.7B
ID_7572366766177648;13;JCR nbsp;spr (rej);0.493;0;sem match válido;Qwen3-1.7B
ID_7572366766177648;14;Scopus;spr (rej);0.569;0;sem match válido;Qwen3-1.7B
ID_7572366766177648;15;CD and 1H NMR data. In the electrochemical method;electrochemical study (rej);0.695;0;sem match válido;Qwen3-1.7B
ID_7572366766177648;16;"keywords"":";determination (rej);0.306;0;sem match válido;Qwen3-1.7B
ID_7572366766177648;17;by amide coupling. After the sensor construction;voltammetric sensor (rej);0.633;0;sem match válido;Qwen3-1.7B
ID_7572366766177648;18;serum dilution at 1:320;uric acid (rej);0.370;0;sem match válido;Qwen3-1.7B
ID_7572366766177648;19;here termed SPRCruzi;spr (rej);0.638;0;sem match válido;Qwen3-1.7B
ID_7572366766177648;20;showed high capability in the discrimination of positive and negative sera;sensitivity (rej);0.437;0;sem match válido;Qwen3-1.7B
ID_1717412318563908;1;physical trauma;treatment (rej);0.448;0;sem match válido;Qwen3-1.7B
ID_1717412318563908;2;chemical;utilização de compostos;0.818;3;match válido;Qwen3-1.7B
ID_1717412318563908;3;the immunocytes and nerves of the lamina propria. However;nematóide meloidogyne (rej);0.561;0;sem match válido;Qwen3-1.7B
ID_1717412318563908;4;if the factor that triggers the inflammation persists;survey of anti-inflammatory (rej);0.617;0;sem match válido;Qwen3-1.7B
ID_1717412318563908;5;the inflammation can become relentless;survey of anti-inflammatory (rej);0.531;0;sem match válido;Qwen3-1.7B
ID_1717412318563908;6;Fabaceae;medicinal plants (rej);0.558;0;sem match válido;Qwen3-1.7B
ID_1717412318563908;7;Euphorbiaceae;medicinal plants (rej);0.526;0;sem match válido;Qwen3-1.7B
ID_1717412318563908;8;Apocynaceae and Celastraceae;medicinal plants (rej);0.542;0;sem match válido;Qwen3-1.7B
ID_1717412318563908;9;with their countries;world (rej);0.535;0;sem match válido;Qwen3-1.7B
ID_1717412318563908;10;parts used;utilização de compostos (rej);0.567;0;sem match válido;Qwen3-1.7B
ID_1717412318563908;11;types of extract used;natural products (rej);0.577;0;sem match válido;Qwen3-1.7B
ID_1717412318563908;12;model bioassays;phytochemical study (rej);0.628;0;sem match válido;Qwen3-1.7B
ID_1717412318563908;13;organisms tested and their activity.;phytochemical study (rej);0.614;0;sem match válido;Qwen3-1.7B
ID_1717412318563908;14;};total (rej);0.640;0;sem match válido;Qwen3-1.7B
ID_1717412318563908;15;{;total (rej);0.654;0;sem match válido;Qwen3-1.7B
ID_1717412318563908;16;"titulo"": ""Synthesis and Evaluation of 1";synthesis and characterization (rej);0.727;0;sem match válido;Qwen3-1.7B
ID_1717412318563908;17;"keywords"": ""1";synthesis and characterization (rej);0.327;0;sem match válido;Qwen3-1.7B
ID_1717412318563908;18;3;total (rej);0.584;0;sem match válido;Qwen3-1.7B
ID_1717412318563908;19;4-oxadiazole;químicos de diplotropis (rej);0.571;0;sem match válido;Qwen3-1.7B
ID_1717412318563908;20;antifungal activity;anti-inflammatory activities (rej);0.668;0;sem match válido;Qwen3-1.7B
ID_7254844415865063;1;Sintese;sorption (rej);0.561;0;sem match válido;Qwen3-1.7B
ID_7254844415865063;2;Bioavailability;água de produção (rej);0.417;0;sem match válido;Qwen3-1.7B
ID_7254844415865063;3;Ecotoxicidade;textile wastewater (rej);0.530;0;sem match válido;Qwen3-1.7B
ID_7254844415865063;4;Resinas;resíduo de polietileno;0.769;3;match válido;Qwen3-1.7B
ID_7254844415865063;5;Quimica;chemical modification (rej);0.676;0;sem match válido;Qwen3-1.7B
ID_7254844415865063;6;Polimerizacao;polyethylene;0.892;3;match válido;Qwen3-1.7B
ID_7254844415865063;7;Catalisadores;catalysis;0.751;3;match válido;Qwen3-1.7B
ID_7254844415865063;8;Adsorcao;adsorption;0.766;3;match válido;Qwen3-1.7B
ID_7254844415865063;9;Sorbentes;sorption;0.820;3;match válido;Qwen3-1.7B
ID_7254844415865063;10;Efluentes;tratamento de efluentes;0.802;3;match válido;Qwen3-1.7B
ID_7254844415865063;11;Metals;utilização de argilas (rej);0.453;0;sem match válido;Qwen3-1.7B
ID_7254844415865063;12;Cobalto;catalysis (rej);0.607;0;sem match válido;Qwen3-1.7B
ID_7254844415865063;13;Niquel;catalysis (rej);0.352;0;sem match válido;Qwen3-1.7B
ID_7254844415865063;14;Zeolita;catalysis (rej);0.418;0;sem match válido;Qwen3-1.7B
ID_7254844415865063;15;Isomerizacao;coiodination (rej);0.390;0;sem match válido;Qwen3-1.7B
ID_7254844415865063;16;Copolimeros;resíduo de polietileno (rej);0.710;0;sem match válido;Qwen3-1.7B
ID_7254844415865063;17;Quaternizacao;sorption (rej);0.542;0;sem match válido;Qwen3-1.7B
ID_7254844415865063;18;Iodo;anchored iodine;0.776;2;match válido;Qwen3-1.7B
ID_7254844415865063;19;Bactericida;antibacterial polymeric complexes (rej);0.680;0;sem match válido;Qwen3-1.7B
ID_7254844415865063;20;;;;;;Qwen3-1.7B
ID_3107924103069456;1;complexos;structure (rej);0.605;0;sem match válido;Qwen3-1.7B
ID_3107924103069456;2;sintese;cruzain (rej);0.597;0;sem match válido;Qwen3-1.7B
ID_3107924103069456;3;antifungal;venom toxin (rej);0.472;0;sem match válido;Qwen3-1.7B
ID_3107924103069456;4;eletricidade;paramagnetically active (rej);0.362;0;sem match válido;Qwen3-1.7B
ID_3107924103069456;5;cristalografia;preliminary crystallographic studies;0.900;2;match válido;Qwen3-1.7B
ID_3107924103069456;6;clonagem;synthesis and characterization (rej);0.327;0;sem match válido;Qwen3-1.7B
ID_3107924103069456;7;endostatin;inhibitor (rej);0.543;0;sem match válido;Qwen3-1.7B
ID_3107924103069456;8;gliceraldeide-3-fosfato;purine nucleoside phosphorylase (rej);0.553;0;sem match válido;Qwen3-1.7B
ID_3107924103069456;9;gapsdh;gapdh;0.880;3;match válido;Qwen3-1.7B
ID_3107924103069456;10;trypomastigote;cruzain (rej);0.567;0;sem match válido;Qwen3-1.7B
ID_3107924103069456;11;trypanosoma;trypanosoma cruzi;0.889;3;match válido;Qwen3-1.7B
ID_3107924103069456;12;leishmania;cruzain (rej);0.404;0;sem match válido;Qwen3-1.7B
ID_3107924103069456;13;trypanocida;dehydrogenase from trypanosoma;0.768;3;match válido;Qwen3-1.7B
ID_3107924103069456;14;cancer;chagas' disease (rej);0.315;0;sem match válido;Qwen3-1.7B
ID_3107924103069456;15;biologia;molecular structure (rej);0.483;0;sem match válido;Qwen3-1.7B
ID_3107924103069456;16;fisica;paramagnetically active (rej);0.550;0;sem match válido;Qwen3-1.7B
ID_3107924103069456;17;quimica;synthesis and characterization (rej);0.557;0;sem match válido;Qwen3-1.7B
ID_3107924103069456;18;molecula;molecular structure;0.833;3;match válido;Qwen3-1.7B
ID_3107924103069456;19;proteina;molecular structure (rej);0.542;0;sem match válido;Qwen3-1.7B
ID_3107924103069456;20;estrutura;structure;0.981;3;match válido;Qwen3-1.7B
ID_7233767393471644;1;ANTOS;morphological stages (rej);0.446;0;sem match válido;Qwen3-1.7B
ID_7233767393471644;2;"keywords"":";quantify her-2 (rej);0.249;0;sem match válido;Qwen3-1.7B
ID_7233767393471644;3;"abstract"":";sialylation (rej);0.333;0;sem match válido;Qwen3-1.7B
ID_7233767393471644;4;};quantify her-2 (rej);0.432;0;sem match válido;Qwen3-1.7B
ID_7233767393471644;5;{;sialylation (rej);0.446;0;sem match válido;Qwen3-1.7B
ID_7233767393471644;6;;;;;;Qwen3-1.7B
ID_7233767393471644;7;;;;;;Qwen3-1.7B
ID_7233767393471644;8;;;;;;Qwen3-1.7B
ID_7233767393471644;9;;;;;;Qwen3-1.7B
ID_7233767393471644;10;;;;;;Qwen3-1.7B
ID_7233767393471644;11;;;;;;Qwen3-1.7B
ID_7233767393471644;12;;;;;;Qwen3-1.7B
ID_7233767393471644;13;;;;;;Qwen3-1.7B
ID_7233767393471644;14;;;;;;Qwen3-1.7B
ID_7233767393471644;15;;;;;;Qwen3-1.7B
ID_7233767393471644;16;;;;;;Qwen3-1.7B
ID_7233767393471644;17;;;;;;Qwen3-1.7B
ID_7233767393471644;18;;;;;;Qwen3-1.7B
ID_7233767393471644;19;;;;;;Qwen3-1.7B
ID_7233767393471644;20;;;;;;Qwen3-1.7B
ID_1511271976880714;1;TMD;dna para verificação (rej);0.420;0;sem match válido;Qwen3-1.7B
ID_1511271976880714;2;occlusão;pelagem tobiana (rej);0.589;0;sem match válido;Qwen3-1.7B
ID_1511271976880714;3;microsatelites;microssatélites;0.938;3;match válido;Qwen3-1.7B
ID_1511271976880714;4;DNA;genetic markers (rej);0.700;0;sem match válido;Qwen3-1.7B
ID_1511271976880714;5;identificação genética;genetic markers;0.917;3;match válido;Qwen3-1.7B
ID_1511271976880714;6;paternidade;parentage tests (rej);0.713;0;sem match válido;Qwen3-1.7B
ID_1511271976880714;7;certificação;dna para verificação (rej);0.674;0;sem match válido;Qwen3-1.7B
ID_1511271976880714;8;sangue;quimerismo sanguíneo;0.762;2;match válido;Qwen3-1.7B
ID_1511271976880714;9;queijo;beef catle (rej);0.470;0;sem match válido;Qwen3-1.7B
ID_1511271976880714;10;fraude;dna para verificação (rej);0.339;0;sem match válido;Qwen3-1.7B
ID_1511271976880714;11;composição especie-específica;sêmen e pêlos (rej);0.528;0;sem match válido;Qwen3-1.7B
ID_1511271976880714;12;biologia celular;proteina de ligação (rej);0.535;0;sem match válido;Qwen3-1.7B
ID_1511271976880714;13;microscafolds;microssatélites (rej);0.828;0;sem match válido;Qwen3-1.7B
ID_1511271976880714;14;scaffold 3D;scid (rej);0.343;0;sem match válido;Qwen3-1.7B
ID_1511271976880714;15;biomateriais;physicochemical properties (rej);0.605;0;sem match válido;Qwen3-1.7B
ID_1511271976880714;16;osteoblastos;musculatura (rej);0.459;0;sem match válido;Qwen3-1.7B
ID_1511271976880714;17;células sao;microssatélites (rej);0.498;0;sem match válido;Qwen3-1.7B
ID_1511271976880714;18;células sao2;microssatélites (rej);0.443;0;sem match válido;Qwen3-1.7B
ID_1511271976880714;19;células osteoblastos;musculatura (rej);0.405;0;sem match válido;Qwen3-1.7B
ID_1511271976880714;20;células de sangue;quimerismo sanguíneo (rej);0.664;0;sem match válido;Qwen3-1.7B
ID_3496070172209437;1;TMD;siderophore (rej);0.378;0;sem match válido;Qwen3-1.7B
ID_3496070172209437;2;occlusão;siderophore (rej);0.562;0;sem match válido;Qwen3-1.7B
ID_3496070172209437;3;músculos;siderophore (rej);0.302;0;sem match válido;Qwen3-1.7B
ID_3496070172209437;4;microscopia;siderophore (rej);0.522;0;sem match válido;Qwen3-1.7B
ID_3496070172209437;5;eletrônica;siderophore (rej);0.441;0;sem match válido;Qwen3-1.7B
ID_3496070172209437;6;biologia;bacterial diversity (rej);0.617;0;sem match válido;Qwen3-1.7B
ID_3496070172209437;7;genética;genetic diversity;0.847;3;match válido;Qwen3-1.7B
ID_3496070172209437;8;diversidade;diversity;0.993;3;match válido;Qwen3-1.7B
ID_3496070172209437;9;símbio;siderophore (rej);0.576;0;sem match válido;Qwen3-1.7B
ID_3496070172209437;10;fixação biológica;nitrogen fixation (rej);0.524;0;sem match válido;Qwen3-1.7B
ID_3496070172209437;11;nitrogênio;nitrogen fixation;0.771;3;match válido;Qwen3-1.7B
ID_3496070172209437;12;sideróforos;siderophore;0.953;3;match válido;Qwen3-1.7B
ID_3496070172209437;13;indol;indolic compounds (rej);0.610;0;sem match válido;Qwen3-1.7B
ID_3496070172209437;14;fósforo;siderophore (rej);0.675;0;sem match válido;Qwen3-1.7B
ID_3496070172209437;15;fertilização;semia (rej);0.568;0;sem match válido;Qwen3-1.7B
ID_3496070172209437;16;solo;siderophore (rej);0.437;0;sem match válido;Qwen3-1.7B
ID_3496070172209437;17;cultivo;semia (rej);0.797;0;sem match válido;Qwen3-1.7B
ID_3496070172209437;18;plantas;semia;0.799;2;match válido;Qwen3-1.7B
ID_3496070172209437;19;bactérias;bacterial isolates;0.866;1;match válido;Qwen3-1.7B
ID_3496070172209437;20;crescimento;plant growth promoting (rej);0.641;0;sem match válido;Qwen3-1.7B
ID_4928616387172275;1;};pyrrhura (rej);0.507;0;sem match válido;Qwen3-1.7B
ID_4928616387172275;2;{;speciation (rej);0.520;0;sem match válido;Qwen3-1.7B
ID_4928616387172275;3;"keywords"":";plumage characters (rej);0.255;0;sem match válido;Qwen3-1.7B
ID_4928616387172275;4;"abstract"":";systematic position (rej);0.434;0;sem match válido;Qwen3-1.7B
ID_4928616387172275;5;;;;;;Qwen3-1.7B
ID_4928616387172275;6;;;;;;Qwen3-1.7B
ID_4928616387172275;7;;;;;;Qwen3-1.7B
ID_4928616387172275;8;;;;;;Qwen3-1.7B
ID_4928616387172275;9;;;;;;Qwen3-1.7B
ID_4928616387172275;10;;;;;;Qwen3-1.7B
ID_4928616387172275;11;;;;;;Qwen3-1.7B
ID_4928616387172275;12;;;;;;Qwen3-1.7B
ID_4928616387172275;13;;;;;;Qwen3-1.7B
ID_4928616387172275;14;;;;;;Qwen3-1.7B
ID_4928616387172275;15;;;;;;Qwen3-1.7B
ID_4928616387172275;16;;;;;;Qwen3-1.7B
ID_4928616387172275;17;;;;;;Qwen3-1.7B
ID_4928616387172275;18;;;;;;Qwen3-1.7B
ID_4928616387172275;19;;;;;;Qwen3-1.7B
ID_4928616387172275;20;;;;;;Qwen3-1.7B
ID_5554472337681978;1;};complexo estuarino-lagunar (rej);0.516;0;sem match válido;Qwen3-1.7B
ID_5554472337681978;2;{;complexo estuarino-lagunar (rej);0.502;0;sem match válido;Qwen3-1.7B
ID_5554472337681978;3;"keywords"":";molecular marker (rej);0.310;0;sem match válido;Qwen3-1.7B
ID_5554472337681978;4;isotopic ratios (Î 13C and Î 15N);sterol markers (rej);0.501;0;sem match válido;Qwen3-1.7B
ID_5554472337681978;5;such as the hydrodynamics;suspended particles (rej);0.412;0;sem match válido;Qwen3-1.7B
ID_5554472337681978;6;temperature;upwelling region (rej);0.375;0;sem match válido;Qwen3-1.7B
ID_5554472337681978;7;salinity;sedimentos superficiais (rej);0.449;0;sem match válido;Qwen3-1.7B
ID_5554472337681978;8;and nutrient availability;organic matter (rej);0.390;0;sem match válido;Qwen3-1.7B
ID_5554472337681978;9;including the physical;organic matter (rej);0.304;0;sem match válido;Qwen3-1.7B
ID_5554472337681978;10;and the importance of these processes in the global carbon cycle is emphasized.;organic carbon (rej);0.548;0;sem match válido;Qwen3-1.7B
ID_5554472337681978;11;;;;;;Qwen3-1.7B
ID_5554472337681978;12;;;;;;Qwen3-1.7B
ID_5554472337681978;13;;;;;;Qwen3-1.7B
ID_5554472337681978;14;;;;;;Qwen3-1.7B
ID_5554472337681978;15;;;;;;Qwen3-1.7B
ID_5554472337681978;16;;;;;;Qwen3-1.7B
ID_5554472337681978;17;;;;;;Qwen3-1.7B
ID_5554472337681978;18;;;;;;Qwen3-1.7B
ID_5554472337681978;19;;;;;;Qwen3-1.7B
ID_5554472337681978;20;;;;;;Qwen3-1.7B
ID_7606805059403041;1;engenharia de software;software development;0.872;1;match válido;Qwen3-1.7B
ID_7606805059403041;2;seguranca;atm (rej);0.680;0;sem match válido;Qwen3-1.7B
ID_7606805059403041;3;requisitos de software;software development (rej);0.772;0;sem match válido;Qwen3-1.7B
ID_7606805059403041;4;dependabilidade;software reliability (rej);0.597;0;sem match válido;Qwen3-1.7B
ID_7606805059403041;5;sistema de transporte;transporte metro;0.848;3;match válido;Qwen3-1.7B
ID_7606805059403041;6;análise de risco;análise de risco;1.000;3;match válido;Qwen3-1.7B
ID_7606805059403041;7;seguranca de software;software development management;0.761;2;match válido;Qwen3-1.7B
ID_7606805059403041;8;análise de confiabilidade;software reliability (rej);0.738;0;sem match válido;Qwen3-1.7B
ID_7606805059403041;9;sistema de controle de transporte;controle de transporte;0.950;2;match válido;Qwen3-1.7B
ID_7606805059403041;10;seguranca de sistemas críticos;segurança em sistemas (rej);0.782;0;sem match válido;Qwen3-1.7B
ID_7606805059403041;11;análise de segurança;safety and security;0.875;3;match válido;Qwen3-1.7B
ID_7606805059403041;12;software de sistemas críticos;safety-critical software (rej);0.739;0;sem match válido;Qwen3-1.7B
ID_7606805059403041;13;análise de falhas;análise de risco (rej);0.594;0;sem match válido;Qwen3-1.7B
ID_7606805059403041;14;seguranca de aeronaves;air traffic management (rej);0.741;0;sem match válido;Qwen3-1.7B
ID_7606805059403041;15;análise de risco de sistemas;análise de risco (rej);0.886;0;sem match válido;Qwen3-1.7B
ID_7606805059403041;16;requisitos de segurança;safety requirements elicitation;0.945;3;match válido;Qwen3-1.7B
ID_7606805059403041;17;sistema de controle aéreo;air traffic control;0.857;3;match válido;Qwen3-1.7B
ID_7606805059403041;18;análise de confiabilidade de sistemas;software reliability;0.800;2;match válido;Qwen3-1.7B
ID_7606805059403041;19;análise de sistemas críticos;segurança em sistemas (rej);0.567;0;sem match válido;Qwen3-1.7B
ID_7606805059403041;20;análise de segurança de sistemas;segurança em sistemas;0.948;3;match válido;Qwen3-1.7B
ID_8391627429679768;1;recifes de coral;coral reefs;0.994;3;match válido;Qwen3-1.7B
ID_8391627429679768;2;sede;atol;0.782;3;match válido;Qwen3-1.7B
ID_8391627429679768;3;sedimentos inter-recifais;sedimentation (rej);0.836;0;sem match válido;Qwen3-1.7B
ID_8391627429679768;4;monitoramento de recifes;recifes em franja;0.821;3;match válido;Qwen3-1.7B
ID_8391627429679768;5;anomalias termicas;temperature anomaly;0.908;3;match válido;Qwen3-1.7B
ID_8391627429679768;6;ciclo de vida das corais;recifes de corais;0.835;3;match válido;Qwen3-1.7B
ID_8391627429679768;7;cloreja;coral bleaching (rej);0.446;0;sem match válido;Qwen3-1.7B
ID_8391627429679768;8;desequilibrado;atol (rej);0.440;0;sem match válido;Qwen3-1.7B
ID_8391627429679768;9;sistema tributario;systematics (rej);0.321;0;sem match válido;Qwen3-1.7B
ID_8391627429679768;10;mudanca de fase;atol (rej);0.597;0;sem match válido;Qwen3-1.7B
ID_8391627429679768;11;benthos;abrolhos (rej);0.721;0;sem match válido;Qwen3-1.7B
ID_8391627429679768;12;foraminiferos;abrolhos (rej);0.524;0;sem match válido;Qwen3-1.7B
ID_8391627429679768;13;cimentacao carbonatica;stony corals (rej);0.456;0;sem match válido;Qwen3-1.7B
ID_8391627429679768;14;sobrecarga de sedimentos;sedimentation;0.839;3;match válido;Qwen3-1.7B
ID_8391627429679768;15;turbidez;atol (rej);0.592;0;sem match válido;Qwen3-1.7B
ID_8391627429679768;16;mudancas climaticas globais;temperature anomaly (rej);0.535;0;sem match válido;Qwen3-1.7B
ID_8391627429679768;17;;;;;;Qwen3-1.7B
ID_8391627429679768;18;;;;;;Qwen3-1.7B
ID_8391627429679768;19;;;;;;Qwen3-1.7B
ID_8391627429679768;20;;;;;;Qwen3-1.7B
ID_6046165866539973;1;Dopamine;sympathetic neurons (rej);0.449;0;sem match válido;Qwen3-1.7B
ID_6046165866539973;2;Muller Cells;müller cells;0.765;2;match válido;Qwen3-1.7B
ID_6046165866539973;3;Retina;retina;0.981;2;match válido;Qwen3-1.7B
ID_6046165866539973;4;Cyclic AMP;cyclic amp;0.943;2;match válido;Qwen3-1.7B
ID_6046165866539973;5;D1 receptors;sympathetic neurons (rej);0.430;0;sem match válido;Qwen3-1.7B
ID_6046165866539973;6;D2 receptors;sympathetic neurons (rej);0.421;0;sem match válido;Qwen3-1.7B
ID_6046165866539973;7;GABA;gaba;0.915;2;match válido;Qwen3-1.7B
ID_6046165866539973;8;ATP;cyclic amp (rej);0.450;0;sem match válido;Qwen3-1.7B
ID_6046165866539973;9;Neurotransmitters;excitatory amino acids (rej);0.582;0;sem match válido;Qwen3-1.7B
ID_6046165866539973;10;Trophic factors;trophic factors;0.993;2;match válido;Qwen3-1.7B
ID_6046165866539973;11;Glial function;müller glia (rej);0.702;0;sem match válido;Qwen3-1.7B
ID_6046165866539973;12;Neuroprotection;sympathetic neuronal survival (rej);0.659;0;sem match válido;Qwen3-1.7B
ID_6046165866539973;13;Synaptogenesis;plasticidade sináptica (rej);0.600;0;sem match válido;Qwen3-1.7B
ID_6046165866539973;14;Neuronal differentiation;sympathetic neuronal survival (rej);0.694;0;sem match válido;Qwen3-1.7B
ID_6046165866539973;15;Dopaminergic;excitatory amino acids (rej);0.478;0;sem match válido;Qwen3-1.7B
ID_6046165866539973;16;Glial cells;müller glia (rej);0.718;0;sem match válido;Qwen3-1.7B
ID_6046165866539973;17;Neurotransmitter signaling;sympathetic neurons (rej);0.601;0;sem match válido;Qwen3-1.7B
ID_6046165866539973;18;Cannabinoid receptors;excitatory amino acids (rej);0.366;0;sem match válido;Qwen3-1.7B
ID_6046165866539973;19;;;;;;Qwen3-1.7B
ID_6046165866539973;20;;;;;;Qwen3-1.7B
ID_3718352314610417;1;enteroparasitoses;esquistossomose mansoni;0.776;3;match válido;Qwen3-1.7B
ID_3718352314610417;2;strongyloides;strongyloides venezuelensis (rej);0.724;0;sem match válido;Qwen3-1.7B
ID_3718352314610417;3;toxocariasis;toxocariasis;1.000;3;match válido;Qwen3-1.7B
ID_3718352314610417;4;cryptosporidium;cryptosporidiosis;0.894;3;match válido;Qwen3-1.7B
ID_3718352314610417;5;schistosomiasis;schistosomiasis;1.000;3;match válido;Qwen3-1.7B
ID_3718352314610417;6;larva migrans;larva migrans;1.000;3;match válido;Qwen3-1.7B
ID_3718352314610417;7;hematologia;tissues and organs (rej);0.470;0;sem match válido;Qwen3-1.7B
ID_3718352314610417;8;sao paulo;condições (rej);0.427;0;sem match válido;Qwen3-1.7B
ID_3718352314610417;9;diagnostico parasitologico;experimental infection (rej);0.663;0;sem match válido;Qwen3-1.7B
ID_3718352314610417;10;imunologia;enzyme-linked immunosorbent (rej);0.637;0;sem match válido;Qwen3-1.7B
ID_3718352314610417;11;sangue;dose (rej);0.443;0;sem match válido;Qwen3-1.7B
ID_3718352314610417;12;anticoagulantes;thiabendazole (rej);0.599;0;sem match válido;Qwen3-1.7B
ID_3718352314610417;13;antifúngicos;thiabendazole (rej);0.675;0;sem match válido;Qwen3-1.7B
ID_3718352314610417;14;antihelminticos;thiabendazole (rej);0.673;0;sem match válido;Qwen3-1.7B
ID_3718352314610417;15;cysticercose;esquistossomose mansônica (rej);0.531;0;sem match válido;Qwen3-1.7B
ID_3718352314610417;16;plasmodium;phagicola longa (rej);0.438;0;sem match válido;Qwen3-1.7B
ID_3718352314610417;17;esquistossomose;esquistossomose mansônica;0.902;3;match válido;Qwen3-1.7B
ID_3718352314610417;18;nephropatia;schistosomiasis (rej);0.539;0;sem match válido;Qwen3-1.7B
ID_3718352314610417;19;cysticercosis;infectados por schistosoma (rej);0.571;0;sem match válido;Qwen3-1.7B
ID_3718352314610417;20;antígenos;experimental infection (rej);0.676;0;sem match válido;Qwen3-1.7B
ID_8647270006257055;1;Cerrado;cerrado biome (rej);0.579;0;sem match válido;Qwen3-1.7B
ID_8647270006257055;2;Sensoriamento Remoto;sensoriamento remoto;0.856;3;match válido;Qwen3-1.7B
ID_8647270006257055;3;Mapeamento;land cover mapping;0.812;3;match válido;Qwen3-1.7B
ID_8647270006257055;4;Uso do Solo;cobertura da terra (rej);0.471;0;sem match válido;Qwen3-1.7B
ID_8647270006257055;5;Vegetacao;cultivated pastures (rej);0.551;0;sem match válido;Qwen3-1.7B
ID_8647270006257055;6;Landsat;land cover (rej);0.698;0;sem match válido;Qwen3-1.7B
ID_8647270006257055;7;MODIS;ndvi and evi (rej);0.505;0;sem match válido;Qwen3-1.7B
ID_8647270006257055;8;EVI;ndvi and evi;0.791;3;match válido;Qwen3-1.7B
ID_8647270006257055;9;NDVI;ndvi and evi (rej);0.790;0;sem match válido;Qwen3-1.7B
ID_8647270006257055;10;Albedo;brazilian cerrado (rej);0.534;0;sem match válido;Qwen3-1.7B
ID_8647270006257055;11;Spectral;synthetic aperture (rej);0.406;0;sem match válido;Qwen3-1.7B
ID_8647270006257055;12;Geoprocessamento;land cover mapping (rej);0.568;0;sem match válido;Qwen3-1.7B
ID_8647270006257055;13;Cartografia Digital;land cover mapping (rej);0.541;0;sem match válido;Qwen3-1.7B
ID_8647270006257055;14;Fisionomia Vegetal;cerrado biome (rej);0.551;0;sem match válido;Qwen3-1.7B
ID_8647270006257055;15;Terra Firme;cobertura da terra;0.760;3;match válido;Qwen3-1.7B
ID_8647270006257055;16;Varzea;cobertura da terra (rej);0.578;0;sem match válido;Qwen3-1.7B
ID_8647270006257055;17;SAR;synthetic aperture radar (rej);0.402;0;sem match válido;Qwen3-1.7B
ID_8647270006257055;18;Fusao de Dados;remotely sensed data (rej);0.586;0;sem match válido;Qwen3-1.7B
ID_8647270006257055;19;Monitoramento;sensoriamento remoto (rej);0.497;0;sem match válido;Qwen3-1.7B
ID_8647270006257055;20;Biome;cerrado biome;0.845;3;match válido;Qwen3-1.7B
ID_0291695624884565;1;Raman spectroscopy;raman spectroscopy;0.789;3;match válido;Qwen3-1.7B
ID_0291695624884565;2;;;;;;Qwen3-1.7B
ID_0291695624884565;3;;;;;;Qwen3-1.7B
ID_0291695624884565;4;;;;;;Qwen3-1.7B
ID_0291695624884565;5;;;;;;Qwen3-1.7B
ID_0291695624884565;6;;;;;;Qwen3-1.7B
ID_0291695624884565;7;;;;;;Qwen3-1.7B
ID_0291695624884565;8;;;;;;Qwen3-1.7B
ID_0291695624884565;9;;;;;;Qwen3-1.7B
ID_0291695624884565;10;;;;;;Qwen3-1.7B
ID_0291695624884565;11;;;;;;Qwen3-1.7B
ID_0291695624884565;12;;;;;;Qwen3-1.7B
ID_0291695624884565;13;;;;;;Qwen3-1.7B
ID_0291695624884565;14;;;;;;Qwen3-1.7B
ID_0291695624884565;15;;;;;;Qwen3-1.7B
ID_0291695624884565;16;;;;;;Qwen3-1.7B
ID_0291695624884565;17;;;;;;Qwen3-1.7B
ID_0291695624884565;18;;;;;;Qwen3-1.7B
ID_0291695624884565;19;;;;;;Qwen3-1.7B
ID_0291695624884565;20;;;;;;Qwen3-1.7B
ID_1612969183171944;1;nutricao;productive and nutritional;0.768;2;match válido;Qwen3-1.7B
ID_1612969183171944;2;metano;nitrogênio e fósforo (rej);0.492;0;sem match válido;Qwen3-1.7B
ID_1612969183171944;3;alimentacao;nutrition;0.906;3;match válido;Qwen3-1.7B
ID_1612969183171944;4;nutrientes;nutrient requirements;0.859;3;match válido;Qwen3-1.7B
ID_1612969183171944;5;proteina;nutritional interactions (rej);0.582;0;sem match válido;Qwen3-1.7B
ID_1612969183171944;6;aminoacidos;nutritional interactions (rej);0.497;0;sem match válido;Qwen3-1.7B
ID_1612969183171944;7;sintetico;modelagem (rej);0.480;0;sem match válido;Qwen3-1.7B
ID_1612969183171944;8;dietas;nutrition (rej);0.857;0;sem match válido;Qwen3-1.7B
ID_1612969183171944;9;metabolismo;metabolism;0.987;3;match válido;Qwen3-1.7B
ID_1612969183171944;10;digestibilidade;digestibilidade;1.000;1;match válido;Qwen3-1.7B
ID_1612969183171944;11;metionina;silagem de grãos (rej);0.479;0;sem match válido;Qwen3-1.7B
ID_1612969183171944;12;cistina;silagem de grãos (rej);0.321;0;sem match válido;Qwen3-1.7B
ID_1612969183171944;13;lisina;silagem de grãos (rej);0.661;0;sem match válido;Qwen3-1.7B
ID_1612969183171944;14;fibras;silagem de grãos (rej);0.508;0;sem match válido;Qwen3-1.7B
ID_1612969183171944;15;proteina bruta;nutritional interactions (rej);0.522;0;sem match válido;Qwen3-1.7B
ID_1612969183171944;16;energia;metabolism (rej);0.516;0;sem match válido;Qwen3-1.7B
ID_1612969183171944;17;nutricao animal;nutrition (rej);0.791;0;sem match válido;Qwen3-1.7B
ID_1612969183171944;18;metabolismo animal;digestive and metabolic;0.755;3;match válido;Qwen3-1.7B
ID_1612969183171944;19;fisiologia;metabolism (rej);0.656;0;sem match válido;Qwen3-1.7B
ID_1612969183171944;20;nutricao de suinos;pig (rej);0.737;0;sem match válido;Qwen3-1.7B
ID_0433763336350310;1;the chloride channel family;chloride channel gene;0.837;1;match válido;Qwen3-1.7B
ID_0433763336350310;2;and also in the interstitium and interstitial space of the kidney.;kidney (rej);0.700;0;sem match válido;Qwen3-1.7B
ID_0433763336350310;3;};tight junction (rej);0.442;0;sem match válido;Qwen3-1.7B
ID_0433763336350310;4;{;tight junction (rej);0.427;0;sem match válido;Qwen3-1.7B
ID_0433763336350310;5;"keywords"":";tight junction (rej);0.247;0;sem match válido;Qwen3-1.7B
ID_0433763336350310;6;"abstract"":";reactive oxygen species (rej);0.210;0;sem match válido;Qwen3-1.7B
ID_0433763336350310;7;;;;;;Qwen3-1.7B
ID_0433763336350310;8;;;;;;Qwen3-1.7B
ID_0433763336350310;9;;;;;;Qwen3-1.7B
ID_0433763336350310;10;;;;;;Qwen3-1.7B
ID_0433763336350310;11;;;;;;Qwen3-1.7B
ID_0433763336350310;12;;;;;;Qwen3-1.7B
ID_0433763336350310;13;;;;;;Qwen3-1.7B
ID_0433763336350310;14;;;;;;Qwen3-1.7B
ID_0433763336350310;15;;;;;;Qwen3-1.7B
ID_0433763336350310;16;;;;;;Qwen3-1.7B
ID_0433763336350310;17;;;;;;Qwen3-1.7B
ID_0433763336350310;18;;;;;;Qwen3-1.7B
ID_0433763336350310;19;;;;;;Qwen3-1.7B
ID_0433763336350310;20;;;;;;Qwen3-1.7B
ID_3256932358053453;1;estresse oxidativo;oxidative stress;0.979;3;match válido;Qwen3-1.7B
ID_3256932358053453;2;radicais livres;free radical;0.916;2;match válido;Qwen3-1.7B
ID_3256932358053453;3;vitamina A;vitamin a;0.980;2;match válido;Qwen3-1.7B
ID_3256932358053453;4;celula de Sertoli;rat sertoli cells;0.799;1;match válido;Qwen3-1.7B
ID_3256932358053453;5;neurociencias;prognosis (rej);0.406;0;sem match válido;Qwen3-1.7B
ID_3256932358053453;6;neurodegeneracao;rat sertoli cells (rej);0.453;0;sem match válido;Qwen3-1.7B
ID_3256932358053453;7;neuritogenesis;rat sertoli cells (rej);0.489;0;sem match válido;Qwen3-1.7B
ID_3256932358053453;8;proteina carbonyl;catalase (rej);0.486;0;sem match válido;Qwen3-1.7B
ID_3256932358053453;9;proteina catalase;catalase;0.751;1;match válido;Qwen3-1.7B
ID_3256932358053453;10;sinalizacao celular;sh-sy5y cells (rej);0.527;0;sem match válido;Qwen3-1.7B
ID_3256932358053453;11;biologia de sistemas;ros-mitochondria pathway (rej);0.446;0;sem match válido;Qwen3-1.7B
ID_3256932358053453;12;genes antioxidantes;antioxidant (rej);0.862;0;sem match válido;Qwen3-1.7B
ID_3256932358053453;13;inflamacao;sepsis (rej);0.506;0;sem match válido;Qwen3-1.7B
ID_3256932358053453;14;mitocondria;ros-mitochondria pathway;0.757;2;match válido;Qwen3-1.7B
ID_3256932358053453;15;citoesqueleto;rat sertoli cells (rej);0.445;0;sem match válido;Qwen3-1.7B
ID_3256932358053453;16;dopaminergicos;mediated by oxidants (rej);0.355;0;sem match válido;Qwen3-1.7B
ID_3256932358053453;17;apoptose;pro-oxidative effect (rej);0.450;0;sem match válido;Qwen3-1.7B
ID_3256932358053453;18;oxido nitrico;mediated by oxidants (rej);0.533;0;sem match válido;Qwen3-1.7B
ID_3256932358053453;19;biomarcadores;tbars—thiobarbituric acid reactive species (rej);0.377;0;sem match válido;Qwen3-1.7B
ID_3256932358053453;20;antioxidantes;antioxidant;0.987;2;match válido;Qwen3-1.7B
ID_7967486980814458;1;Bipolar Disorder;bipolar disorder;0.997;3;match válido;Qwen3-1.7B
ID_7967486980814458;2;Functional Assessment Short Test;short functioning (rej);0.637;0;sem match válido;Qwen3-1.7B
ID_7967486980814458;3;Neurotrophins;neurocysticercosis;0.827;2;match válido;Qwen3-1.7B
ID_7967486980814458;4;Oxidative Stress;oxidative stress;0.934;2;match válido;Qwen3-1.7B
ID_7967486980814458;5;Cognitive Function;cognitive impairment (rej);0.754;0;sem match válido;Qwen3-1.7B
ID_7967486980814458;6;Sleep;sleep;0.999;3;match válido;Qwen3-1.7B
ID_7967486980814458;7;Antioxidants;serum oxidative stress (rej);0.674;0;sem match válido;Qwen3-1.7B
ID_7967486980814458;8;Neuroplasticity;serum brain-derived neurotrophic (rej);0.724;0;sem match válido;Qwen3-1.7B
ID_7967486980814458;9;Psychopharmacology;psychosis and first-episode (rej);0.694;0;sem match válido;Qwen3-1.7B
ID_7967486980814458;10;Biological Rhythms;rhythm score (rej);0.682;0;sem match válido;Qwen3-1.7B
ID_7967486980814458;11;Cytokines;inflammatory cytokines;0.815;3;match válido;Qwen3-1.7B
ID_7967486980814458;12;Epilepsy;cognitive impairment (rej);0.496;0;sem match válido;Qwen3-1.7B
ID_7967486980814458;13;Serum Biomarkers;biological marker (rej);0.747;0;sem match válido;Qwen3-1.7B
ID_7967486980814458;14;Psychometric Properties;mood stabilizers (rej);0.451;0;sem match válido;Qwen3-1.7B
ID_7967486980814458;15;Neurotrophic Factors;serum brain-derived neurotrophic;0.758;2;match válido;Qwen3-1.7B
ID_7967486980814458;16;Depression;depression;0.997;3;match válido;Qwen3-1.7B
ID_7967486980814458;17;Insomnia;insomnia;0.979;3;match válido;Qwen3-1.7B
ID_7967486980814458;18;Cognitive Impairment;cognitive impairment;0.958;3;match válido;Qwen3-1.7B
ID_7967486980814458;19;Lipid Peroxidation;serum oxidative stress (rej);0.566;0;sem match válido;Qwen3-1.7B
ID_7967486980814458;20;Antioxidant Deficiency;serum oxidative stress (rej);0.711;0;sem match válido;Qwen3-1.7B
ID_9273702863744424;1;Amazonia;tropical deforestation (rej);0.454;0;sem match válido;Qwen3-1.7B
ID_9273702863744424;2;Holoceno;tempo (rej);0.439;0;sem match válido;Qwen3-1.7B
ID_9273702863744424;3;Paleoclima;tropospheric upper circulation (rej);0.348;0;sem match válido;Qwen3-1.7B
ID_9273702863744424;4;Radiocarbono;resonant wave interactions (rej);0.443;0;sem match válido;Qwen3-1.7B
ID_9273702863744424;5;Paleoecologia;last glacial maximum (rej);0.339;0;sem match válido;Qwen3-1.7B
ID_9273702863744424;6;Quaternario;tempo (rej);0.374;0;sem match válido;Qwen3-1.7B
ID_9273702863744424;7;Ciclone Catarina;tapajós river (rej);0.366;0;sem match válido;Qwen3-1.7B
ID_9273702863744424;8;Mare meteorologica;seasonal forecasts (rej);0.737;0;sem match válido;Qwen3-1.7B
ID_9273702863744424;9;Modelagem numerica;numerical modeling;0.988;3;match válido;Qwen3-1.7B
ID_9273702863744424;10;Simulacao numerica;numerical modeling (rej);0.892;0;sem match válido;Qwen3-1.7B
ID_9273702863744424;11;Brisa maritima;tapajós river (rej);0.501;0;sem match válido;Qwen3-1.7B
ID_9273702863744424;12;Circulacoes locais;metropolitan area (rej);0.539;0;sem match válido;Qwen3-1.7B
ID_9273702863744424;13;Tropical heat sources;tropical heat;0.891;3;match válido;Qwen3-1.7B
ID_9273702863744424;14;Subsidencia;south american low-level (rej);0.434;0;sem match válido;Qwen3-1.7B
ID_9273702863744424;15;Conveccao tropical;tropical heat (rej);0.797;0;sem match válido;Qwen3-1.7B
ID_9273702863744424;16;Modelo RAMS;numerical modeling (rej);0.431;0;sem match válido;Qwen3-1.7B
ID_9273702863744424;17;Data assimilacao;numerical modeling (rej);0.467;0;sem match válido;Qwen3-1.7B
ID_9273702863744424;18;Aerosol;biomass burning aerosols (rej);0.741;0;sem match válido;Qwen3-1.7B
ID_9273702863744424;19;Tracer transport;metropolitan area (rej);0.423;0;sem match válido;Qwen3-1.7B
ID_9273702863744424;20;Biomassa queimada;biomass burning;0.951;3;match válido;Qwen3-1.7B
ID_4408599021040004;1;};ang ii (rej);0.622;0;sem match válido;Qwen3-1.7B
ID_4408599021040004;2;{;ang ii (rej);0.622;0;sem match válido;Qwen3-1.7B
ID_4408599021040004;3;"titulo"": ""Sindrome de Bartter e sindrome de Fanconi: casos clinicos";ventral hernia—the lazaro (rej);0.468;0;sem match válido;Qwen3-1.7B
ID_4408599021040004;4;"keywords"":";peptide profiles (rej);0.295;0;sem match válido;Qwen3-1.7B
ID_4408599021040004;5;"abstract"":";von willebrand factor (rej);0.260;0;sem match válido;Qwen3-1.7B
ID_4408599021040004;6;;;;;;Qwen3-1.7B
ID_4408599021040004;7;;;;;;Qwen3-1.7B
ID_4408599021040004;8;;;;;;Qwen3-1.7B
ID_4408599021040004;9;;;;;;Qwen3-1.7B
ID_4408599021040004;10;;;;;;Qwen3-1.7B
ID_4408599021040004;11;;;;;;Qwen3-1.7B
ID_4408599021040004;12;;;;;;Qwen3-1.7B
ID_4408599021040004;13;;;;;;Qwen3-1.7B
ID_4408599021040004;14;;;;;;Qwen3-1.7B
ID_4408599021040004;15;;;;;;Qwen3-1.7B
ID_4408599021040004;16;;;;;;Qwen3-1.7B
ID_4408599021040004;17;;;;;;Qwen3-1.7B
ID_4408599021040004;18;;;;;;Qwen3-1.7B
ID_4408599021040004;19;;;;;;Qwen3-1.7B
ID_4408599021040004;20;;;;;;Qwen3-1.7B
ID_5317385915649516;1;bovino;bovine;0.878;3;match válido;Qwen3-1.7B
ID_5317385915649516;2;pastagem;mantidos em pastagem;0.784;3;match válido;Qwen3-1.7B
ID_5317385915649516;3;suplementacao;supplementation strategy;0.758;3;match válido;Qwen3-1.7B
ID_5317385915649516;4;degradabilidade;degradability;0.981;3;match válido;Qwen3-1.7B
ID_5317385915649516;5;nutrientes;valor nutritivo;0.840;3;match válido;Qwen3-1.7B
ID_5317385915649516;6;fertilizacao;produção fecal (rej);0.550;0;sem match válido;Qwen3-1.7B
ID_5317385915649516;7;fazenda;marandu grass (rej);0.574;0;sem match válido;Qwen3-1.7B
ID_5317385915649516;8;concentrado;níveis de concentrado (rej);0.631;0;sem match válido;Qwen3-1.7B
ID_5317385915649516;9;fibras;neutral detergent fiber (rej);0.633;0;sem match válido;Qwen3-1.7B
ID_5317385915649516;10;lipidicos;fat thickness (rej);0.519;0;sem match válido;Qwen3-1.7B
ID_5317385915649516;11;fermentacao;síntese microbiana (rej);0.606;0;sem match válido;Qwen3-1.7B
ID_5317385915649516;12;milk;crude protein (rej);0.484;0;sem match válido;Qwen3-1.7B
ID_5317385915649516;13;cavalos;bovine (rej);0.580;0;sem match válido;Qwen3-1.7B
ID_5317385915649516;14;grãos;marandu grass (rej);0.733;0;sem match válido;Qwen3-1.7B
ID_5317385915649516;15;sugarcane;sugar cane;0.858;3;match válido;Qwen3-1.7B
ID_5317385915649516;16;feno;ph (rej);0.724;0;sem match válido;Qwen3-1.7B
ID_5317385915649516;17;produtividade;eficiência de síntese (rej);0.559;0;sem match válido;Qwen3-1.7B
ID_5317385915649516;18;ganhos;marandu grass (rej);0.654;0;sem match válido;Qwen3-1.7B
ID_5317385915649516;19;corte;marandu grass (rej);0.568;0;sem match válido;Qwen3-1.7B
ID_5317385915649516;20;cabras;bovinos alimentados (rej);0.604;0;sem match válido;Qwen3-1.7B
ID_8209219651894646;1;cenoura;qualidade de alface (rej);0.551;0;sem match válido;Qwen3-1.7B
ID_8209219651894646;2;hortalicas;qualidade de alface (rej);0.726;0;sem match válido;Qwen3-1.7B
ID_8209219651894646;3;processamento minimo;prevenir e evitar (rej);0.445;0;sem match válido;Qwen3-1.7B
ID_8209219651894646;4;armazenamento;utilizando-se o extravasamento (rej);0.383;0;sem match válido;Qwen3-1.7B
ID_8209219651894646;5;qualidade;qualidade de alface (rej);0.532;0;sem match válido;Qwen3-1.7B
ID_8209219651894646;6;atividade antioxidante;vitamin c (rej);0.418;0;sem match válido;Qwen3-1.7B
ID_8209219651894646;7;compostos funcionais;física e química (rej);0.580;0;sem match válido;Qwen3-1.7B
ID_8209219651894646;8;fenolicos;física e química (rej);0.531;0;sem match válido;Qwen3-1.7B
ID_8209219651894646;9;pungencia;utilizando-se o extravasamento;0.779;3;match válido;Qwen3-1.7B
ID_8209219651894646;10;compostos organosulfurados;física e química (rej);0.460;0;sem match válido;Qwen3-1.7B
ID_8209219651894646;11;atividade antioxiante;prevenir e evitar (rej);0.458;0;sem match válido;Qwen3-1.7B
ID_8209219651894646;12;enzimas;stimulating ppo (rej);0.327;0;sem match válido;Qwen3-1.7B
ID_8209219651894646;13;textura de alimentos;qualidade de alface (rej);0.566;0;sem match válido;Qwen3-1.7B
ID_8209219651894646;14;fisiologia pos-colheita;qualidade de alface (rej);0.433;0;sem match válido;Qwen3-1.7B
ID_8209219651894646;15;seguranca alimentar;qualidade de alface (rej);0.378;0;sem match válido;Qwen3-1.7B
ID_8209219651894646;16;pasta de alho;qualidade de alface (rej);0.679;0;sem match válido;Qwen3-1.7B
ID_8209219651894646;17;atividade respiratoria;respiration;0.894;1;match válido;Qwen3-1.7B
ID_8209219651894646;18;compostos fenolicos;física e química (rej);0.540;0;sem match válido;Qwen3-1.7B
ID_8209219651894646;19;envelhecimento;prevenir e evitar (rej);0.325;0;sem match válido;Qwen3-1.7B
ID_8209219651894646;20;preservacao;prevenir e evitar (rej);0.604;0;sem match válido;Qwen3-1.7B
ID_6377288674588197;1;complexos;complex (rej);0.976;0;sem match válido;Qwen3-1.7B
ID_6377288674588197;2;estrutura;structure and properties;0.810;2;match válido;Qwen3-1.7B
ID_6377288674588197;3;espectroscopia;infrared and mössbauer (rej);0.600;0;sem match válido;Qwen3-1.7B
ID_6377288674588197;4;termoquimica;thermogravimetry and fourier-transform (rej);0.750;0;sem match válido;Qwen3-1.7B
ID_6377288674588197;5;magnetoquimica;magnetic properties;0.835;2;match válido;Qwen3-1.7B
ID_6377288674588197;6;catalisacao;catalytic activity;0.815;2;match válido;Qwen3-1.7B
ID_6377288674588197;7;ferrico;salen (rej);0.655;0;sem match válido;Qwen3-1.7B
ID_6377288674588197;8;ferro;iron;0.978;2;match válido;Qwen3-1.7B
ID_6377288674588197;9;ligantes;unsymmetric ligand;0.765;2;match válido;Qwen3-1.7B
ID_6377288674588197;10;oxigenio;oxidation (rej);0.652;0;sem match válido;Qwen3-1.7B
ID_6377288674588197;11;cicloexano;cyclohexane (rej);0.845;0;sem match válido;Qwen3-1.7B
ID_6377288674588197;12;oxidação;oxidation;0.989;2;match válido;Qwen3-1.7B
ID_6377288674588197;13;ciclohexano;cyclohexane;0.958;2;match válido;Qwen3-1.7B
ID_6377288674588197;14;sulfato;sulfate model complex;0.801;3;match válido;Qwen3-1.7B
ID_6377288674588197;15;fosfatase;biomimetic catalyst (rej);0.440;0;sem match válido;Qwen3-1.7B
ID_6377288674588197;16;complexo;complex;0.981;2;match válido;Qwen3-1.7B
ID_6377288674588197;17;sintese;salen (rej);0.737;0;sem match válido;Qwen3-1.7B
ID_6377288674588197;18;molecula;synthesis and characterization (rej);0.638;0;sem match válido;Qwen3-1.7B
ID_6377288674588197;19;mossbauer;mössbauer studies;0.767;3;match válido;Qwen3-1.7B
ID_6377288674588197;20;redox;oxidation (rej);0.452;0;sem match válido;Qwen3-1.7B
ID_9430398566741698;1;metabolismo;organic acidemias (rej);0.485;0;sem match válido;Qwen3-1.7B
ID_9430398566741698;2;acidosorganicos;organic acids;0.825;3;match válido;Qwen3-1.7B
ID_9430398566741698;3;errosinatosdoMetabolismo;teratógeno (rej);0.552;0;sem match válido;Qwen3-1.7B
ID_9430398566741698;4;aciduriasorganicas;organic acidurias;0.902;3;match válido;Qwen3-1.7B
ID_9430398566741698;5;diagnostico;prenatal diagnosis (rej);0.583;0;sem match válido;Qwen3-1.7B
ID_9430398566741698;6;teratogenicos;teratógeno;0.946;3;match válido;Qwen3-1.7B
ID_9430398566741698;7;genetico;paternal origin (rej);0.539;0;sem match válido;Qwen3-1.7B
ID_9430398566741698;8;metabolismoemdesenvolvidospaíses;organic acidemias (rej);0.453;0;sem match válido;Qwen3-1.7B
ID_9430398566741698;9;acidosorganicosembrasil;organic acidurias (rej);0.778;0;sem match válido;Qwen3-1.7B
ID_9430398566741698;10;errosinatosdoMetabolismoembrasil;teratógeno (rej);0.585;0;sem match válido;Qwen3-1.7B
ID_9430398566741698;11;;;;;;Qwen3-1.7B
ID_9430398566741698;12;;;;;;Qwen3-1.7B
ID_9430398566741698;13;;;;;;Qwen3-1.7B
ID_9430398566741698;14;;;;;;Qwen3-1.7B
ID_9430398566741698;15;;;;;;Qwen3-1.7B
ID_9430398566741698;16;;;;;;Qwen3-1.7B
ID_9430398566741698;17;;;;;;Qwen3-1.7B
ID_9430398566741698;18;;;;;;Qwen3-1.7B
ID_9430398566741698;19;;;;;;Qwen3-1.7B
ID_9430398566741698;20;;;;;;Qwen3-1.7B
ID_5936682335701497;1;Data Mining;data mining;0.997;3;match válido;Qwen3-1.7B
ID_5936682335701497;2;Non-stationary time series;temporal effects (rej);0.435;0;sem match válido;Qwen3-1.7B
ID_5936682335701497;3;Machine Learning;meta-learning (rej);0.669;0;sem match válido;Qwen3-1.7B
ID_5936682335701497;4;Tag Recommendation;multi-label classification methods (rej);0.457;0;sem match válido;Qwen3-1.7B
ID_5936682335701497;5;Image Processing;spatial analyses (rej);0.433;0;sem match válido;Qwen3-1.7B
ID_5936682335701497;6;Preference Modeling;classification model (rej);0.592;0;sem match válido;Qwen3-1.7B
ID_5936682335701497;7;Virtual Agents;user interaction (rej);0.431;0;sem match válido;Qwen3-1.7B
ID_5936682335701497;8;Binary Classification;classification;0.788;3;match válido;Qwen3-1.7B
ID_5936682335701497;9;Digital Games;online video sharing (rej);0.431;0;sem match válido;Qwen3-1.7B
ID_5936682335701497;10;Photometric Validation;spatial analyses (rej);0.328;0;sem match válido;Qwen3-1.7B
ID_5936682335701497;11;Video Summarization;online video sharing (rej);0.536;0;sem match válido;Qwen3-1.7B
ID_5936682335701497;12;Evolutionary Algorithms;genetic algorithms (rej);0.832;0;sem match válido;Qwen3-1.7B
ID_5936682335701497;13;Multi-View Learning;multi-view approach;0.790;3;match válido;Qwen3-1.7B
ID_5936682335701497;14;Semi-Supervised Learning;meta-learning (rej);0.676;0;sem match válido;Qwen3-1.7B
ID_5936682335701497;15;Genetic Algorithms;genetic algorithms;0.992;3;match válido;Qwen3-1.7B
ID_5936682335701497;16;Density Control;rule induction algorithms (rej);0.369;0;sem match válido;Qwen3-1.7B
ID_5936682335701497;17;Coverage;classification (rej);0.419;0;sem match válido;Qwen3-1.7B
ID_5936682335701497;18;Routing;spatial analyses (rej);0.434;0;sem match válido;Qwen3-1.7B
ID_5936682335701497;19;Multiperiod;hierarchical multilabel classification (rej);0.570;0;sem match válido;Qwen3-1.7B
ID_5936682335701497;20;Lymphoma Prognosis;classification model (rej);0.135;0;sem match válido;Qwen3-1.7B
ID_2543067198319684;1;Neonatos;rem (rej);0.465;0;sem match válido;Qwen3-1.7B
ID_2543067198319684;2;Epilepsia;epileptic patients;0.942;3;match válido;Qwen3-1.7B
ID_2543067198319684;3;Polissonografia;polysomnography;0.777;2;match válido;Qwen3-1.7B
ID_2543067198319684;4;Apneia;diagnosis (rej);0.524;0;sem match válido;Qwen3-1.7B
ID_2543067198319684;5;Seizures;seizures;0.967;3;match válido;Qwen3-1.7B
ID_2543067198319684;6;Neonatal EEG;neonatal seizures (rej);0.729;0;sem match válido;Qwen3-1.7B
ID_2543067198319684;7;Encefalopatia;epileptic patients (rej);0.584;0;sem match válido;Qwen3-1.7B
ID_2543067198319684;8;Mitocondria;phasic activity (rej);0.421;0;sem match válido;Qwen3-1.7B
ID_2543067198319684;9;Cirurgia da Epilepsia;epileptic patients (rej);0.882;0;sem match válido;Qwen3-1.7B
ID_2543067198319684;10;Sono;rem (rej);0.617;0;sem match válido;Qwen3-1.7B
ID_2543067198319684;11;Displasia Cortical;seizures (rej);0.539;0;sem match válido;Qwen3-1.7B
ID_2543067198319684;12;Hemimegalencefalia;subacute sclerosing panencephalitis (rej);0.634;0;sem match válido;Qwen3-1.7B
ID_2543067198319684;13;Eletrencefalografia;polysomnography (rej);0.468;0;sem match válido;Qwen3-1.7B
ID_2543067198319684;14;Epilepsia Extratemporal;epileptic patients (rej);0.919;0;sem match válido;Qwen3-1.7B
ID_2543067198319684;15;Epilepsia Refrataria;epileptic patients (rej);0.916;0;sem match válido;Qwen3-1.7B
ID_2543067198319684;16;Desenvolvimento Neuropsicomotor;seizures (rej);0.507;0;sem match válido;Qwen3-1.7B
ID_2543067198319684;17;Síndrome da Morte Subita do Lactente;síndrome da morte;0.849;1;match válido;Qwen3-1.7B
ID_2543067198319684;18;Convulsões Neonatais;neonatal seizures;0.898;3;match válido;Qwen3-1.7B
ID_2543067198319684;19;Mortalidade Infantil;síndrome da morte (rej);0.598;0;sem match válido;Qwen3-1.7B
ID_2543067198319684;20;Apneia Convulsiva Sutil;seizures (rej);0.631;0;sem match válido;Qwen3-1.7B
ID_7532334620264577;1;hipotensÃ£o arterial;vascular effects (rej);0.661;0;sem match válido;Qwen3-1.7B
ID_7532334620264577;2;hipocalemia;nephrotoxicity (rej);0.497;0;sem match válido;Qwen3-1.7B
ID_7532334620264577;3;hiponatremia;nephrotoxicity (rej);0.534;0;sem match válido;Qwen3-1.7B
ID_7532334620264577;4;hipoglicemia;renal effects (rej);0.465;0;sem match válido;Qwen3-1.7B
ID_7532334620264577;5;respectivamente. A hipoglicemia foi observada no dia 3 e 4;renal effects (rej);0.463;0;sem match válido;Qwen3-1.7B
ID_7532334620264577;6;;;;;;Qwen3-1.7B
ID_7532334620264577;7;;;;;;Qwen3-1.7B
ID_7532334620264577;8;;;;;;Qwen3-1.7B
ID_7532334620264577;9;;;;;;Qwen3-1.7B
ID_7532334620264577;10;;;;;;Qwen3-1.7B
ID_7532334620264577;11;;;;;;Qwen3-1.7B
ID_7532334620264577;12;;;;;;Qwen3-1.7B
ID_7532334620264577;13;;;;;;Qwen3-1.7B
ID_7532334620264577;14;;;;;;Qwen3-1.7B
ID_7532334620264577;15;;;;;;Qwen3-1.7B
ID_7532334620264577;16;;;;;;Qwen3-1.7B
ID_7532334620264577;17;;;;;;Qwen3-1.7B
ID_7532334620264577;18;;;;;;Qwen3-1.7B
ID_7532334620264577;19;;;;;;Qwen3-1.7B
ID_7532334620264577;20;;;;;;Qwen3-1.7B
ID_6555511233950866;1;chemically;fontes de amônia (rej);0.595;0;sem match válido;Qwen3-1.7B
ID_6555511233950866;2;antioxidant;fontes de amônia (rej);0.453;0;sem match válido;Qwen3-1.7B
ID_6555511233950866;3;antinociceptive;sobressemeadura de gramíneas (rej);0.372;0;sem match válido;Qwen3-1.7B
ID_6555511233950866;4;litchi;nellore (rej);0.636;0;sem match válido;Qwen3-1.7B
ID_6555511233950866;5;procyanidin;fontes de amônia (rej);0.447;0;sem match válido;Qwen3-1.7B
ID_6555511233950866;6;epicatechin;nellore (rej);0.587;0;sem match válido;Qwen3-1.7B
ID_6555511233950866;7;dpph;nellore (rej);0.491;0;sem match válido;Qwen3-1.7B
ID_6555511233950866;8;abts;nellore (rej);0.640;0;sem match válido;Qwen3-1.7B
ID_6555511233950866;9;liposome;sobressemeadura de gramíneas (rej);0.428;0;sem match válido;Qwen3-1.7B
ID_6555511233950866;10;nociception;nellore (rej);0.589;0;sem match válido;Qwen3-1.7B
ID_6555511233950866;11;acetic acid;fontes de amônia (rej);0.464;0;sem match válido;Qwen3-1.7B
ID_6555511233950866;12;hotplate;pasto de capim-tifton (rej);0.501;0;sem match válido;Qwen3-1.7B
ID_6555511233950866;13;glutamate;sobressemeadura de gramíneas (rej);0.505;0;sem match válido;Qwen3-1.7B
ID_6555511233950866;14;capsaicin;pasto de capim-tifton (rej);0.473;0;sem match válido;Qwen3-1.7B
ID_6555511233950866;15;formalin;nellore (rej);0.422;0;sem match válido;Qwen3-1.7B
ID_6555511233950866;16;supplementation;fontes de amônia (rej);0.442;0;sem match válido;Qwen3-1.7B
ID_6555511233950866;17;pasture;sorghum sudan grass (rej);0.683;0;sem match válido;Qwen3-1.7B
ID_6555511233950866;18;forage;forages presented similar;0.766;2;match válido;Qwen3-1.7B
ID_6555511233950866;19;brachiaria;nellore (rej);0.471;0;sem match válido;Qwen3-1.7B
ID_6555511233950866;20;marandu;zebu e caracu (rej);0.614;0;sem match válido;Qwen3-1.7B
ID_6535298436643783;1;antifungal;allylic thiocyanate (rej);0.453;0;sem match válido;Qwen3-1.7B
ID_6535298436643783;2;esterificação;synthesis (rej);0.475;0;sem match válido;Qwen3-1.7B
ID_6535298436643783;3;catalis;síntese da epoxone (rej);0.424;0;sem match válido;Qwen3-1.7B
ID_6535298436643783;4;nucleases;8-naphthalic acid monoesters (rej);0.419;0;sem match válido;Qwen3-1.7B
ID_6535298436643783;5;DNA;síntese da epoxone (rej);0.370;0;sem match válido;Qwen3-1.7B
ID_6535298436643783;6;gGAPDH;green chemistry (rej);0.430;0;sem match válido;Qwen3-1.7B
ID_6535298436643783;7;nucleosidos;8-naphthalic acid monoesters (rej);0.517;0;sem match válido;Qwen3-1.7B
ID_6535298436643783;8;inibidores;reações de inserção (rej);0.574;0;sem match válido;Qwen3-1.7B
ID_6535298436643783;9;biologia;síntese da epoxone (rej);0.558;0;sem match válido;Qwen3-1.7B
ID_6535298436643783;10;quimica orgânica;química orgânica;0.992;3;match válido;Qwen3-1.7B
ID_6535298436643783;11;sintese;reaction (rej);0.621;0;sem match válido;Qwen3-1.7B
ID_6535298436643783;12;catalis heterogênea;síntese da epoxone (rej);0.419;0;sem match válido;Qwen3-1.7B
ID_6535298436643783;13;enzimas;reaction mechanisms (rej);0.624;0;sem match válido;Qwen3-1.7B
ID_6535298436643783;14;aceto;vinyl acetate (rej);0.632;0;sem match válido;Qwen3-1.7B
ID_6535298436643783;15;estereoisomeria;regioselective acylation (rej);0.523;0;sem match válido;Qwen3-1.7B
ID_6535298436643783;16;sintese de nucleosidos;8-naphthalic acid monoesters (rej);0.547;0;sem match válido;Qwen3-1.7B
ID_6535298436643783;17;sintese de esteres;stille reaction (rej);0.488;0;sem match válido;Qwen3-1.7B
ID_6535298436643783;18;quimica verde;green chemistry;0.929;3;match válido;Qwen3-1.7B
ID_6535298436643783;19;catalisadores heterogêneos;reaction mechanisms (rej);0.533;0;sem match válido;Qwen3-1.7B
ID_6535298436643783;20;nucleosídeos;8-naphthalic acid monoesters (rej);0.518;0;sem match válido;Qwen3-1.7B
ID_0228970585981305;1;ciclodextrinas;cyclodextrin;0.948;3;match válido;Qwen3-1.7B
ID_0228970585981305;2;hidrolise;hydrolysis;0.956;1;match válido;Qwen3-1.7B
ID_0228970585981305;3;catalise;intramolecular catalysis (rej);0.692;0;sem match válido;Qwen3-1.7B
ID_0228970585981305;4;nitrosaminas;cyclodextrin (rej);0.496;0;sem match válido;Qwen3-1.7B
ID_0228970585981305;5;anidrido benzoico;solvent effect (rej);0.556;0;sem match válido;Qwen3-1.7B
ID_0228970585981305;6;esteres de fosfato;phosphate;0.953;1;match válido;Qwen3-1.7B
ID_0228970585981305;7;metabolismo;kinetics (rej);0.546;0;sem match válido;Qwen3-1.7B
ID_0228970585981305;8;estrutura;structure–structure and structure–reactivity (rej);0.698;0;sem match válido;Qwen3-1.7B
ID_0228970585981305;9;reacao de hidrolise;spontaneous hydrolysis;0.780;2;match válido;Qwen3-1.7B
ID_0228970585981305;10;catalise enzimatica;hydrolysis (rej);0.625;0;sem match válido;Qwen3-1.7B
ID_0228970585981305;11;metalios;metal ions;0.816;3;match válido;Qwen3-1.7B
ID_0228970585981305;12;proton;proton;1.000;1;match válido;Qwen3-1.7B
ID_0228970585981305;13;ligantes;β-cyclodextrin (rej);0.573;0;sem match válido;Qwen3-1.7B
ID_0228970585981305;14;catalise intramolecular;intramolecular catalysis;0.934;3;match válido;Qwen3-1.7B
ID_0228970585981305;15;anidrido 1,8-naftalico;sulfuryl (rej);0.491;0;sem match válido;Qwen3-1.7B
ID_0228970585981305;16;fenois;phosphorothioate triesters (rej);0.701;0;sem match válido;Qwen3-1.7B
ID_0228970585981305;17;compostos fenolicos;phosphorothioate triesters (rej);0.673;0;sem match válido;Qwen3-1.7B
ID_0228970585981305;18;ciclodextrinas sulfatadas;β-cyclodextrin;0.793;2;match válido;Qwen3-1.7B
ID_0228970585981305;19;compostos fenolicos derivados;phosphorothioate triesters (rej);0.636;0;sem match válido;Qwen3-1.7B
ID_0228970585981305;20;anidrido benzoico catalisado;sulfuryl (rej);0.539;0;sem match válido;Qwen3-1.7B
ID_0577007377836185;1;Tiossemicarbazonas;síntese de tiossemicarbazonas;0.773;3;match válido;Qwen3-1.7B
ID_0577007377836185;2;GAPDH ENZYME;immobilized enzyme (rej);0.676;0;sem match válido;Qwen3-1.7B
ID_0577007377836185;3;Chagas DISEASE;racemic omeprazole (rej);0.356;0;sem match válido;Qwen3-1.7B
ID_0577007377836185;4;Enzimologia;on-line enzymatic studies;0.750;3;match válido;Qwen3-1.7B
ID_0577007377836185;5;Cromatografia;high-performance liquid chromatography (rej);0.617;0;sem match válido;Qwen3-1.7B
ID_0577007377836185;6;Matriz;desenvolvimento de colunas (rej);0.534;0;sem match válido;Qwen3-1.7B
ID_0577007377836185;7;Residuos em Alimentos;omeprazole (rej);0.457;0;sem match válido;Qwen3-1.7B
ID_0577007377836185;8;Análise de Residuos;synthesis and investigation (rej);0.450;0;sem match válido;Qwen3-1.7B
ID_0577007377836185;9;Enzimáticos;on-line enzymatic studies (rej);0.726;0;sem match válido;Qwen3-1.7B
ID_0577007377836185;10;Bioreatores;biological fluid samples (rej);0.586;0;sem match válido;Qwen3-1.7B
ID_0577007377836185;11;Direct Injection;injeção direta;0.980;3;match válido;Qwen3-1.7B
ID_0577007377836185;12;Colunas de Acesso Restrito;imer (rej);0.612;0;sem match válido;Qwen3-1.7B
ID_0577007377836185;13;Sintese de Farmacos;piperonilidenacetaldeído potencialmente (rej);0.708;0;sem match válido;Qwen3-1.7B
ID_0577007377836185;14;Enantioseleção;enantiomer separation (rej);0.741;0;sem match válido;Qwen3-1.7B
ID_0577007377836185;15;Metabolismo de Farmacos;piperonilidenacetaldeído potencialmente (rej);0.576;0;sem match válido;Qwen3-1.7B
ID_0577007377836185;16;Estimativa de Incerteza;direct analysis (rej);0.434;0;sem match válido;Qwen3-1.7B
ID_0577007377836185;17;Validação de Métodos;validated method;0.828;1;match válido;Qwen3-1.7B
ID_0577007377836185;18;Analise de Residuos de Nitrofuranos;piperonilidenacetaldeído potencialmente (rej);0.644;0;sem match válido;Qwen3-1.7B
ID_0577007377836185;19;Cromatografia de Afinidade;high-performance liquid chromatography (rej);0.629;0;sem match válido;Qwen3-1.7B
ID_0577007377836185;20;Inibidores de Células Tumorais;human tumor cell (rej);0.739;0;sem match válido;Qwen3-1.7B
ID_2691497637313274;1;Tuberculose;turbidity (rej);0.391;0;sem match válido;Qwen3-1.7B
ID_2691497637313274;2;Nefrologia;turbidity (rej);0.432;0;sem match válido;Qwen3-1.7B
ID_2691497637313274;3;Sistemas hidráulicos;reservatório hidrelétrico;0.837;2;match válido;Qwen3-1.7B
ID_2691497637313274;4;Sensoriamento remoto;remote sensing;0.933;3;match válido;Qwen3-1.7B
ID_2691497637313274;5;Modelagem hidrodinâmica;hydro-physics processes;0.824;2;match válido;Qwen3-1.7B
ID_2691497637313274;6;Turbidez;turbidity;0.783;3;match válido;Qwen3-1.7B
ID_2691497637313274;7;Biofísica;biogeochemical processes;0.775;2;match válido;Qwen3-1.7B
ID_2691497637313274;8;Estatística;study (rej);0.485;0;sem match válido;Qwen3-1.7B
ID_2691497637313274;9;Análise de dados;study (rej);0.463;0;sem match válido;Qwen3-1.7B
ID_2691497637313274;10;Modelagem climática;temperatura da superfície (rej);0.545;0;sem match válido;Qwen3-1.7B
ID_2691497637313274;11;Educação sanitária;water quality monitoring (rej);0.394;0;sem match válido;Qwen3-1.7B
ID_2691497637313274;12;Sistemas de monitoramento ambiental;water quality monitoring (rej);0.692;0;sem match válido;Qwen3-1.7B
ID_2691497637313274;13;Fenômenos atmosféricos;temporal da evaporação (rej);0.609;0;sem match válido;Qwen3-1.7B
ID_2691497637313274;14;Tecnologia de sensores;remote sensing (rej);0.706;0;sem match válido;Qwen3-1.7B
ID_2691497637313274;15;Modelagem de fluxos;surface circulation (rej);0.577;0;sem match válido;Qwen3-1.7B
ID_2691497637313274;16;Análise de correlação;study (rej);0.355;0;sem match válido;Qwen3-1.7B
ID_2691497637313274;17;Modelagem de fluxos térmicos;heat flux;0.839;3;match válido;Qwen3-1.7B
ID_2691497637313274;18;Estruturas hidráulicas;reservatório hidrelétrico (rej);0.759;0;sem match válido;Qwen3-1.7B
ID_2691497637313274;19;Tecnologia de satélites;remote sensing (rej);0.537;0;sem match válido;Qwen3-1.7B
ID_2691497637313274;20;Estatística aplicada;study (rej);0.505;0;sem match válido;Qwen3-1.7B
ID_4210289862552350;1;Bioceramics;biomaterial (rej);0.845;0;sem match válido;Qwen3-1.7B
ID_4210289862552350;2;Biomaterials;biomaterial;0.994;3;match válido;Qwen3-1.7B
ID_4210289862552350;3;Tissue Engineering;biomaterial (rej);0.624;0;sem match válido;Qwen3-1.7B
ID_4210289862552350;4;Hydroxyapatite;hydroxyapatite;0.996;3;match válido;Qwen3-1.7B
ID_4210289862552350;5;Hydrogels;hydroxyapatite (rej);0.753;0;sem match válido;Qwen3-1.7B
ID_4210289862552350;6;Electrospun;propriedades mecânicas (rej);0.521;0;sem match válido;Qwen3-1.7B
ID_4210289862552350;7;Scaffolds;structural modifications (rej);0.498;0;sem match válido;Qwen3-1.7B
ID_4210289862552350;8;Polymers;preceramic polymers;0.845;2;match válido;Qwen3-1.7B
ID_4210289862552350;9;Polymer Precursors;preceramic polymers (rej);0.825;0;sem match válido;Qwen3-1.7B
ID_4210289862552350;10;Sintering;sintering behavior;0.775;3;match válido;Qwen3-1.7B
ID_4210289862552350;11;Ceramic Matrix Composites;ceramic composites;0.853;3;match válido;Qwen3-1.7B
ID_4210289862552350;12;Alumina;alumina;0.975;3;match válido;Qwen3-1.7B
ID_4210289862552350;13;Zirconia;alumina (rej);0.486;0;sem match válido;Qwen3-1.7B
ID_4210289862552350;14;Silicon Carbide;silicon carbide;0.889;3;match válido;Qwen3-1.7B
ID_4210289862552350;15;Nanoparticles;biomaterial (rej);0.523;0;sem match válido;Qwen3-1.7B
ID_4210289862552350;16;Thermodynamics;thermal conductivity (rej);0.639;0;sem match válido;Qwen3-1.7B
ID_4210289862552350;17;Thermal Conductivity;thermal conductivity;0.974;1;match válido;Qwen3-1.7B
ID_4210289862552350;18;Electrochemical;mechanical properties (rej);0.548;0;sem match válido;Qwen3-1.7B
ID_4210289862552350;19;Superconductors;thermal conductivity (rej);0.434;0;sem match válido;Qwen3-1.7B
ID_4210289862552350;20;Magnetic Particles;transmission electron microscopy (rej);0.473;0;sem match válido;Qwen3-1.7B
ID_8047078292358267;1;flavonoides;flavones from neoraputia;0.827;2;match válido;Qwen3-1.7B
ID_8047078292358267;2;terpenoides;terpenoids from conceveiba;0.875;2;match válido;Qwen3-1.7B
ID_8047078292358267;3;alelopatia;allelopathy (rej);0.703;0;sem match válido;Qwen3-1.7B
ID_8047078292358267;4;biotransformacao;dehydrorotenoid produced (rej);0.561;0;sem match válido;Qwen3-1.7B
ID_8047078292358267;5;isoflavonoides;isoflavonoid;0.865;3;match válido;Qwen3-1.7B
ID_8047078292358267;6;chalcones;uso de lignanas (rej);0.493;0;sem match válido;Qwen3-1.7B
ID_8047078292358267;7;dihydrochalcones;dehydrorotenoid;0.797;2;match válido;Qwen3-1.7B
ID_8047078292358267;8;nmr;timbó (rej);0.592;0;sem match válido;Qwen3-1.7B
ID_8047078292358267;9;hplc;naftoquinonas do caule (rej);0.392;0;sem match válido;Qwen3-1.7B
ID_8047078292358267;10;saponinas;sesquiterpene from ficus (rej);0.542;0;sem match válido;Qwen3-1.7B
ID_8047078292358267;11;tanninas;timbó (rej);0.588;0;sem match válido;Qwen3-1.7B
ID_8047078292358267;12;fenoles;naftoquinonas do caule (rej);0.749;0;sem match válido;Qwen3-1.7B
ID_8047078292358267;13;esteroides;isoflavonoid (rej);0.568;0;sem match válido;Qwen3-1.7B
ID_8047078292358267;14;lignanas;uso de lignanas;0.780;2;match válido;Qwen3-1.7B
ID_8047078292358267;15;alcaloides;coumarins and alkaloids (rej);0.705;0;sem match válido;Qwen3-1.7B
ID_8047078292358267;16;cromatografia;naftoquinonas do caule (rej);0.457;0;sem match válido;Qwen3-1.7B
ID_8047078292358267;17;espectrofotometria;protolimonoid. (rej);0.513;0;sem match válido;Qwen3-1.7B
ID_8047078292358267;18;fotodegradacao;12-hour photoperiod (rej);0.597;0;sem match válido;Qwen3-1.7B
ID_8047078292358267;19;extracao;timbó (rej);0.531;0;sem match válido;Qwen3-1.7B
ID_8047078292358267;20;quantificacao;theoretical calculations (rej);0.609;0;sem match válido;Qwen3-1.7B
ID_4041211770858318;1;Oceanography;oceanic boundary;0.783;1;match válido;Qwen3-1.7B
ID_4041211770858318;2;Atmosphere;turbulência (rej);0.485;0;sem match válido;Qwen3-1.7B
ID_4041211770858318;3;Boundary Layers;oceanic boundary (rej);0.614;0;sem match válido;Qwen3-1.7B
ID_4041211770858318;4;Sea Surface Temperature;antarctic bottom water (rej);0.682;0;sem match válido;Qwen3-1.7B
ID_4041211770858318;5;SST Gradients;barotropic conversion (rej);0.374;0;sem match válido;Qwen3-1.7B
ID_4041211770858318;6;Ocean-Atmosphere Coupling;variabilidade oceânica (rej);0.704;0;sem match válido;Qwen3-1.7B
ID_4041211770858318;7;Deep Water;weddell sea deep water;0.832;3;match válido;Qwen3-1.7B
ID_4041211770858318;8;Antarctic Bottom Water;antarctic bottom water;0.992;3;match válido;Qwen3-1.7B
ID_4041211770858318;9;Water Masses;sea water mass;0.868;2;match válido;Qwen3-1.7B
ID_4041211770858318;10;Hydrography;woce hydrgraphic sections (rej);0.741;0;sem match válido;Qwen3-1.7B
ID_4041211770858318;11;Remote Sensing;quasi-geostrophy (rej);0.348;0;sem match válido;Qwen3-1.7B
ID_4041211770858318;12;Eddy Dynamics;eddy kinetic energy;0.782;2;match válido;Qwen3-1.7B
ID_4041211770858318;13;Phytoplankton;tropical water (rej);0.356;0;sem match válido;Qwen3-1.7B
ID_4041211770858318;14;Coccolithophorids;termohaline fields (rej);0.488;0;sem match válido;Qwen3-1.7B
ID_4041211770858318;15;Chlorophyll;tropical water (rej);0.321;0;sem match válido;Qwen3-1.7B
ID_4041211770858318;16;Salinity;south atlantic central water (rej);0.517;0;sem match válido;Qwen3-1.7B
ID_4041211770858318;17;Turbulence;turbulence;0.994;1;match válido;Qwen3-1.7B
ID_4041211770858318;18;Wind Patterns;turbulência (rej);0.564;0;sem match válido;Qwen3-1.7B
ID_4041211770858318;19;Climate Models;variabilidade oceânica (rej);0.473;0;sem match válido;Qwen3-1.7B
ID_4041211770858318;20;Ocean Circulation;variabilidade oceânica (rej);0.747;0;sem match válido;Qwen3-1.7B
ID_8696858608013659;1;Camada Limite Planetaria;camada limite (rej);0.641;0;sem match válido;Qwen3-1.7B
ID_8696858608013659;2;Camada de Mistura;pasture (rej);0.530;0;sem match válido;Qwen3-1.7B
ID_8696858608013659;3;Conveccao Termica;latent heat fluxes;0.769;2;match válido;Qwen3-1.7B
ID_8696858608013659;4;Altura da Camada Limite Planetaria;camada limite (rej);0.615;0;sem match válido;Qwen3-1.7B
ID_8696858608013659;5;Turbulencia;turbulence;0.977;3;match válido;Qwen3-1.7B
ID_8696858608013659;6;Fluxo de CO2;carbon budget (rej);0.562;0;sem match válido;Qwen3-1.7B
ID_8696858608013659;7;Fluxo de Energia;turbulent kinetic energy (rej);0.653;0;sem match válido;Qwen3-1.7B
ID_8696858608013659;8;Sistemas Convectivos;turbulent parameterization (rej);0.477;0;sem match válido;Qwen3-1.7B
ID_8696858608013659;9;Modelo de Deardorff;turbulent parameterization (rej);0.463;0;sem match válido;Qwen3-1.7B
ID_8696858608013659;10;Simulacao de Boundary Layer;convective boundary layer;0.755;2;match válido;Qwen3-1.7B
ID_8696858608013659;11;Large Eddy Simulation;large-eddy simulation;0.962;2;match válido;Qwen3-1.7B
ID_8696858608013659;12;Atmosfera Baroclinica;atmospheric boundary layer (rej);0.546;0;sem match válido;Qwen3-1.7B
ID_8696858608013659;13;Estrutura da Camada Limite;camada limite (rej);0.716;0;sem match válido;Qwen3-1.7B
ID_8696858608013659;14;Fluxo de Calor Sensivel;taxa de dissipação (rej);0.579;0;sem match válido;Qwen3-1.7B
ID_8696858608013659;15;Fluxo de Calor Latente;fluxos turbulentos (rej);0.625;0;sem match válido;Qwen3-1.7B
ID_8696858608013659;16;Pressao Atmosferica;atmospheric boundary layer (rej);0.687;0;sem match válido;Qwen3-1.7B
ID_8696858608013659;17;Advecao Termal;latent heat fluxes (rej);0.677;0;sem match válido;Qwen3-1.7B
ID_8696858608013659;18;Estabilidade Atmosferica;stability (rej);0.725;0;sem match válido;Qwen3-1.7B
ID_8696858608013659;19;Turbulencia Estacionaria;fluxos turbulentos;0.784;3;match válido;Qwen3-1.7B
ID_8696858608013659;20;Turbulencia Intermittente;turbulence intensity parameters;0.810;2;match válido;Qwen3-1.7B
ID_2538824540800669;1;equilibrium thermodynamics features at full quantum level;quantum phase transitions (rej);0.589;0;sem match válido;Qwen3-1.7B
ID_2538824540800669;2;"keywords"":";entanglement (rej);0.257;0;sem match válido;Qwen3-1.7B
ID_2538824540800669;3;"abstract"":";theoretical and experimental (rej);0.529;0;sem match válido;Qwen3-1.7B
ID_2538824540800669;4;};entanglement (rej);0.515;0;sem match válido;Qwen3-1.7B
ID_2538824540800669;5;{;entanglement (rej);0.521;0;sem match válido;Qwen3-1.7B
ID_2538824540800669;6;;;;;;Qwen3-1.7B
ID_2538824540800669;7;;;;;;Qwen3-1.7B
ID_2538824540800669;8;;;;;;Qwen3-1.7B
ID_2538824540800669;9;;;;;;Qwen3-1.7B
ID_2538824540800669;10;;;;;;Qwen3-1.7B
ID_2538824540800669;11;;;;;;Qwen3-1.7B
ID_2538824540800669;12;;;;;;Qwen3-1.7B
ID_2538824540800669;13;;;;;;Qwen3-1.7B
ID_2538824540800669;14;;;;;;Qwen3-1.7B
ID_2538824540800669;15;;;;;;Qwen3-1.7B
ID_2538824540800669;16;;;;;;Qwen3-1.7B
ID_2538824540800669;17;;;;;;Qwen3-1.7B
ID_2538824540800669;18;;;;;;Qwen3-1.7B
ID_2538824540800669;19;;;;;;Qwen3-1.7B
ID_2538824540800669;20;;;;;;Qwen3-1.7B
ID_8884890472193474;1;quantum;quantum computation;0.913;3;match válido;Qwen3-1.7B
ID_8884890472193474;2;correlacao;nonclassical correlation;0.776;1;match válido;Qwen3-1.7B
ID_8884890472193474;3;entanglement;entanglement;1.000;3;match válido;Qwen3-1.7B
ID_8884890472193474;4;discordia;quantum discord (rej);0.616;0;sem match válido;Qwen3-1.7B
ID_8884890472193474;5;descoerencia;entanglement (rej);0.584;0;sem match válido;Qwen3-1.7B
ID_8884890472193474;6;sistema quantico;quantum systems;0.965;1;match válido;Qwen3-1.7B
ID_8884890472193474;7;ambiente;entanglement (rej);0.435;0;sem match válido;Qwen3-1.7B
ID_8884890472193474;8;informacao quantica;measurement-based quantum computation;0.793;3;match válido;Qwen3-1.7B
ID_8884890472193474;9;processo quantico;quantum logic operations;0.794;2;match válido;Qwen3-1.7B
ID_8884890472193474;10;decoerencia;entanglement (rej);0.608;0;sem match válido;Qwen3-1.7B
ID_8884890472193474;11;correlacao local;nonclassical correlation (rej);0.641;0;sem match válido;Qwen3-1.7B
ID_8884890472193474;12;entropia;quantum discord (rej);0.556;0;sem match válido;Qwen3-1.7B
ID_8884890472193474;13;quantum discord;quantum discord;1.000;3;match válido;Qwen3-1.7B
ID_8884890472193474;14;quantum entanglement;two-qubit entanglement;0.793;2;match válido;Qwen3-1.7B
ID_8884890472193474;15;sudden death;sudden death;1.000;2;match válido;Qwen3-1.7B
ID_8884890472193474;16;non-Markovianity;nonclassical correlation (rej);0.556;0;sem match válido;Qwen3-1.7B
ID_8884890472193474;17;correlacao de sistemas;classical correlations (rej);0.680;0;sem match válido;Qwen3-1.7B
ID_8884890472193474;18;sistema aberto;open quantum systems (rej);0.600;0;sem match válido;Qwen3-1.7B
ID_8884890472193474;19;informacao;entanglement (rej);0.437;0;sem match válido;Qwen3-1.7B
ID_8884890472193474;20;meio ambiente;entanglement (rej);0.349;0;sem match válido;Qwen3-1.7B
ID_4735276653354808;1;associada ao maior teor de C;carbono e nitrogênio (rej);0.438;0;sem match válido;Qwen3-1.7B
ID_4735276653354808;2;associado ao maior teor de C;carbono e nitrogênio (rej);0.431;0;sem match válido;Qwen3-1.7B
ID_4735276653354808;3;};silvopasture;0.787;1;match válido;Qwen3-1.7B
ID_4735276653354808;4;{;silvopasture (rej);0.768;0;sem match válido;Qwen3-1.7B
ID_4735276653354808;5;"keywords"": ""Biomassa microbiana";agroecology (rej);0.491;0;sem match válido;Qwen3-1.7B
ID_4735276653354808;6;Consorcio milho-feijao;silvopasture (rej);0.573;0;sem match válido;Qwen3-1.7B
ID_4735276653354808;7;Materia organica do solo;soil organic matter;0.961;3;match válido;Qwen3-1.7B
ID_4735276653354808;8;"abstract"":";propriedades físicas (rej);0.392;0;sem match válido;Qwen3-1.7B
ID_4735276653354808;9;"keywords"": ""Estabilidade de agregados";aggregation (rej);0.566;0;sem match válido;Qwen3-1.7B
ID_4735276653354808;10;"keywords"": ""Fosforo Organico";adubação orgânica (rej);0.581;0;sem match válido;Qwen3-1.7B
ID_4735276653354808;11;fracionamento de fosforo;carbono e nitrogênio (rej);0.487;0;sem match válido;Qwen3-1.7B
ID_4735276653354808;12;"keywords"": ""Fosforo labil";silvopasture (rej);0.543;0;sem match válido;Qwen3-1.7B
ID_4735276653354808;13;Fosforo Organico;organic matter (rej);0.694;0;sem match válido;Qwen3-1.7B
ID_4735276653354808;14;;;;;;Qwen3-1.7B
ID_4735276653354808;15;;;;;;Qwen3-1.7B
ID_4735276653354808;16;;;;;;Qwen3-1.7B
ID_4735276653354808;17;;;;;;Qwen3-1.7B
ID_4735276653354808;18;;;;;;Qwen3-1.7B
ID_4735276653354808;19;;;;;;Qwen3-1.7B
ID_4735276653354808;20;;;;;;Qwen3-1.7B
ID_1966638146185479;1;};topaz;0.817;2;match válido;Qwen3-1.7B
ID_1966638146185479;2;{;topaz (rej);0.816;0;sem match válido;Qwen3-1.7B
ID_1966638146185479;3;"keywords"":";topaz (rej);0.283;0;sem match válido;Qwen3-1.7B
ID_1966638146185479;4;"titulo"": ""Raman spectroscopy of carbon nanotubes and nanographites";carbon nanotubes (rej);0.797;0;sem match válido;Qwen3-1.7B
ID_1966638146185479;5;"keywords"": ""carbon nanotube";dna-wrapped carbon nanotube;0.779;2;match válido;Qwen3-1.7B
ID_1966638146185479;6;Raman spectroscopy;raman spectroscopy;0.789;3;match válido;Qwen3-1.7B
ID_1966638146185479;7;nanomaterials;thermoplastic polyurethane nanocomposites (rej);0.733;0;sem match válido;Qwen3-1.7B
ID_1966638146185479;8;nanotubo de carbono;carbon nanotubes;0.892;3;match válido;Qwen3-1.7B
ID_1966638146185479;9;"abstract"":";tangential modes (rej);0.365;0;sem match válido;Qwen3-1.7B
ID_1966638146185479;10;"titulo"": ""Raman Spectroscopy of Carbon Nanotubes and Nanographites";carbon nanotubes (rej);0.806;0;sem match válido;Qwen3-1.7B
ID_1966638146185479;11;;;;;;Qwen3-1.7B
ID_1966638146185479;12;;;;;;Qwen3-1.7B
ID_1966638146185479;13;;;;;;Qwen3-1.7B
ID_1966638146185479;14;;;;;;Qwen3-1.7B
ID_1966638146185479;15;;;;;;Qwen3-1.7B
ID_1966638146185479;16;;;;;;Qwen3-1.7B
ID_1966638146185479;17;;;;;;Qwen3-1.7B
ID_1966638146185479;18;;;;;;Qwen3-1.7B
ID_1966638146185479;19;;;;;;Qwen3-1.7B
ID_1966638146185479;20;;;;;;Qwen3-1.7B
ID_6751513272539561;1;doenca renal;kidney transplants (rej);0.645;0;sem match válido;Qwen3-1.7B
ID_6751513272539561;2;economia da saude;sustentabilidade da previdência (rej);0.660;0;sem match válido;Qwen3-1.7B
ID_6751513272539561;3;economia do trabalho;productivity (rej);0.689;0;sem match válido;Qwen3-1.7B
ID_6751513272539561;4;regressao quantilica;quantile regression (rej);0.685;0;sem match válido;Qwen3-1.7B
ID_6751513272539561;5;economia do esporte;productivity (rej);0.491;0;sem match válido;Qwen3-1.7B
ID_6751513272539561;6;atividade desportiva;methodology (rej);0.259;0;sem match válido;Qwen3-1.7B
ID_6751513272539561;7;economia do crime;inflation targeting regimes (rej);0.384;0;sem match válido;Qwen3-1.7B
ID_6751513272539561;8;teoria da informacao;methodology (rej);0.495;0;sem match válido;Qwen3-1.7B
ID_6751513272539561;9;planos de saude;sustentabilidade da previdência (rej);0.488;0;sem match válido;Qwen3-1.7B
ID_6751513272539561;10;regulacao economica;monetary policies (rej);0.598;0;sem match válido;Qwen3-1.7B
ID_6751513272539561;11;farmacoeconomia;empirical analysis (rej);0.458;0;sem match válido;Qwen3-1.7B
ID_6751513272539561;12;analis de custo-efetividade;cost utility (rej);0.750;0;sem match válido;Qwen3-1.7B
ID_6751513272539561;13;avaliacao economica em saude;sustentabilidade da previdência (rej);0.662;0;sem match válido;Qwen3-1.7B
ID_6751513272539561;14;economia industrial;productivity (rej);0.596;0;sem match válido;Qwen3-1.7B
ID_6751513272539561;15;teoria da informacao assimetrica;methodology (rej);0.496;0;sem match válido;Qwen3-1.7B
ID_6751513272539561;16;economia das doencas raras;sustentabilidade da previdência (rej);0.466;0;sem match válido;Qwen3-1.7B
ID_6751513272539561;17;sistema publico de transplante renal;kidney transplants;0.849;3;match válido;Qwen3-1.7B
ID_6751513272539561;18;gestao em saude;doença de fabry (rej);0.553;0;sem match válido;Qwen3-1.7B
ID_6751513272539561;19;analis envoltoria de dados;methodology (rej);0.593;0;sem match válido;Qwen3-1.7B
ID_6751513272539561;20;indice de malmquist;methodology (rej);0.607;0;sem match válido;Qwen3-1.7B
ID_0588546982625730;1;Cancer de mama;foil breakup (rej);0.160;0;sem match válido;Qwen3-1.7B
ID_0588546982625730;2;Saude da mulher;foil breakup (rej);0.295;0;sem match válido;Qwen3-1.7B
ID_0588546982625730;3;Toxicologia;mass spectrometry (rej);0.409;0;sem match válido;Qwen3-1.7B
ID_0588546982625730;4;Placenta;detachment (rej);0.261;0;sem match válido;Qwen3-1.7B
ID_0588546982625730;5;Metals;thin carbon (rej);0.441;0;sem match válido;Qwen3-1.7B
ID_0588546982625730;6;Arsenic;negative ions (rej);0.454;0;sem match válido;Qwen3-1.7B
ID_0588546982625730;7;Cobalto;thin carbon (rej);0.526;0;sem match válido;Qwen3-1.7B
ID_0588546982625730;8;Mercúrio;ionization (rej);0.452;0;sem match válido;Qwen3-1.7B
ID_0588546982625730;9;Cadmio;thin carbon (rej);0.451;0;sem match válido;Qwen3-1.7B
ID_0588546982625730;10;Manganés;thin carbon (rej);0.373;0;sem match válido;Qwen3-1.7B
ID_0588546982625730;11;Cobre;projectile (rej);0.525;0;sem match válido;Qwen3-1.7B
ID_0588546982625730;12;Zinco;thin carbon (rej);0.428;0;sem match válido;Qwen3-1.7B
ID_0588546982625730;13;Eletroestática;electrostatic accelerator (rej);0.645;0;sem match válido;Qwen3-1.7B
ID_0588546982625730;14;Mass spectrometry;mass spectrometry;0.999;3;match válido;Qwen3-1.7B
ID_0588546982625730;15;Anions;small cluster anions;0.757;3;match válido;Qwen3-1.7B
ID_0588546982625730;16;Electron detachment;electron detachment;0.991;3;match válido;Qwen3-1.7B
ID_0588546982625730;17;Collision;collision;0.996;3;match válido;Qwen3-1.7B
ID_0588546982625730;18;Fragmentation;molecular fragmentation;0.764;3;match válido;Qwen3-1.7B
ID_0588546982625730;19;Ionization;ionization;0.987;3;match válido;Qwen3-1.7B
ID_0588546982625730;20;Dissociation;dissociation;0.973;3;match válido;Qwen3-1.7B
ID_3752951275341381;1;Assimilacao de dados;assimilação de dados;0.978;3;match válido;Qwen3-1.7B
ID_3752951275341381;2;Data assimilation;data assimilation;0.850;3;match válido;Qwen3-1.7B
ID_3752951275341381;3;PSAS;utilizando as análises (rej);0.378;0;sem match válido;Qwen3-1.7B
ID_3752951275341381;4;NWP;nwp;0.970;3;match válido;Qwen3-1.7B
ID_3752951275341381;5;IWV;valores de iwv;0.830;2;match válido;Qwen3-1.7B
ID_3752951275341381;6;GPSmet;iwv-gps (rej);0.549;0;sem match válido;Qwen3-1.7B
ID_3752951275341381;7;ZTD;nwp (rej);0.472;0;sem match válido;Qwen3-1.7B
ID_3752951275341381;8;AIRS AMSU;airs-amsu;0.897;2;match válido;Qwen3-1.7B
ID_3752951275341381;9;SSM I sensor;observation system (rej);0.497;0;sem match válido;Qwen3-1.7B
ID_3752951275341381;10;Radio ocultacao GNSS;redes de receptores (rej);0.475;0;sem match válido;Qwen3-1.7B
ID_3752951275341381;11;COSMIC;physical-space statistical analysis (rej);0.519;0;sem match válido;Qwen3-1.7B
ID_3752951275341381;12;Reanalise;reanalysis;0.926;3;match válido;Qwen3-1.7B
ID_3752951275341381;13;SALDAS;umidade na região (rej);0.387;0;sem match válido;Qwen3-1.7B
ID_3752951275341381;14;ETAPA;airs-amsu (rej);0.516;0;sem match válido;Qwen3-1.7B
ID_3752951275341381;15;PNT;nwp (rej);0.605;0;sem match válido;Qwen3-1.7B
ID_3752951275341381;16;Humidity sensor;umidade na região (rej);0.676;0;sem match válido;Qwen3-1.7B
ID_3752951275341381;17;Tropical region;north-east brazil (rej);0.673;0;sem match válido;Qwen3-1.7B
ID_3752951275341381;18;Southern Hemisphere;umidade na região (rej);0.591;0;sem match válido;Qwen3-1.7B
ID_3752951275341381;19;Amazon region;north-east brazil (rej);0.600;0;sem match válido;Qwen3-1.7B
ID_3752951275341381;20;Global data assimilation;assimilação de dados (rej);0.807;0;sem match válido;Qwen3-1.7B
ID_0967035318418472;1;heteropteris aphrodisiaca;heteropteris aphrodisiaca;1.000;3;match válido;Qwen3-1.7B
ID_0967035318418472;2;nitrocomposto;condensed tannins (rej);0.546;0;sem match válido;Qwen3-1.7B
ID_0967035318418472;3;no de cachorro;petiveria alliacea (rej);0.520;0;sem match válido;Qwen3-1.7B
ID_0967035318418472;4;atidade antibacteriana;antiprotozoan activity (rej);0.548;0;sem match válido;Qwen3-1.7B
ID_0967035318418472;5;antiviral;antiprotozoan activity (rej);0.538;0;sem match válido;Qwen3-1.7B
ID_0967035318418472;6;antifúngica;estudo farmacognóstico (rej);0.685;0;sem match válido;Qwen3-1.7B
ID_0967035318418472;7;farmacognosia;pharmacognostic study;0.850;3;match válido;Qwen3-1.7B
ID_0967035318418472;8;isolamento;biological control (rej);0.373;0;sem match válido;Qwen3-1.7B
ID_0967035318418472;9;extrato;-epigallocatechin (rej);0.561;0;sem match válido;Qwen3-1.7B
ID_0967035318418472;10;antagonista;-epigallocatechin (rej);0.413;0;sem match válido;Qwen3-1.7B
ID_0967035318418472;11;metabolismo;antioxidant capacity (rej);0.556;0;sem match válido;Qwen3-1.7B
ID_0967035318418472;12;proteção antioxidante;antioxidant activity;0.903;3;match válido;Qwen3-1.7B
ID_0967035318418472;13;atividade antifúngica;antiprotozoan activity (rej);0.596;0;sem match válido;Qwen3-1.7B
ID_0967035318418472;14;atividade antiviral;antiprotozoan activity (rej);0.541;0;sem match válido;Qwen3-1.7B
ID_0967035318418472;15;atividade antibacteriana;antiprotozoan activity (rej);0.591;0;sem match válido;Qwen3-1.7B
ID_0967035318418472;16;estudos farmacognósticos;estudo farmacognóstico;0.994;1;match válido;Qwen3-1.7B
ID_0967035318418472;17;análise de qualidade;quality control;0.787;3;match válido;Qwen3-1.7B
ID_0967035318418472;18;estrutura molecular;total polyphenols (rej);0.487;0;sem match válido;Qwen3-1.7B
ID_0967035318418472;19;extraction;extract material;0.826;1;match válido;Qwen3-1.7B
ID_0967035318418472;20;fotodiodo;vis spectrophotometric method (rej);0.545;0;sem match válido;Qwen3-1.7B
ID_7305428791149745;1;snake-venom;quick cryo-soaking (rej);0.216;0;sem match válido;Qwen3-1.7B
ID_7305428791149745;2;metalloproteinase;protein (rej);0.560;0;sem match válido;Qwen3-1.7B
ID_7305428791149745;3;crystallization;crystal structure;0.871;3;match válido;Qwen3-1.7B
ID_7305428791149745;4;protein structure;protein (rej);0.848;0;sem match válido;Qwen3-1.7B
ID_7305428791149745;5;x-ray diffraction;x-ray diffraction;1.000;3;match válido;Qwen3-1.7B
ID_7305428791149745;6;fibrinolysis;protein (rej);0.417;0;sem match válido;Qwen3-1.7B
ID_7305428791149745;7;enzyme purification;protein (rej);0.482;0;sem match válido;Qwen3-1.7B
ID_7305428791149745;8;protein expression;protein (rej);0.858;0;sem match válido;Qwen3-1.7B
ID_7305428791149745;9;protein crystallization;crystal structure (rej);0.668;0;sem match válido;Qwen3-1.7B
ID_7305428791149745;10;protein characterization;protein;0.866;3;match válido;Qwen3-1.7B
ID_7305428791149745;11;protein structure analysis;protein (rej);0.777;0;sem match válido;Qwen3-1.7B
ID_7305428791149745;12;protein purification;protein (rej);0.786;0;sem match válido;Qwen3-1.7B
ID_7305428791149745;13;proteomics;protein (rej);0.428;0;sem match válido;Qwen3-1.7B
ID_7305428791149745;14;antigen characterization;protein (rej);0.337;0;sem match válido;Qwen3-1.7B
ID_7305428791149745;15;antigen discovery;protein (rej);0.331;0;sem match válido;Qwen3-1.7B
ID_7305428791149745;16;immunodiagnosis;preliminary x-ray analysis (rej);0.171;0;sem match válido;Qwen3-1.7B
ID_7305428791149745;17;vaccine development;protein (rej);0.236;0;sem match válido;Qwen3-1.7B
ID_7305428791149745;18;bioinformatics;protein (rej);0.386;0;sem match válido;Qwen3-1.7B
ID_7305428791149745;19;molecular modeling;solving macromolecular crystal (rej);0.559;0;sem match válido;Qwen3-1.7B
ID_7305428791149745;20;proteome analysis;protein (rej);0.387;0;sem match válido;Qwen3-1.7B
ID_7464190101117707;1;Dengue;dengue;0.997;3;match válido;Qwen3-1.7B
ID_7464190101117707;2;Cloning;virus capsid protein (rej);0.379;0;sem match válido;Qwen3-1.7B
ID_7464190101117707;3;Cardiolipina;phosphatidylserine (rej);0.506;0;sem match válido;Qwen3-1.7B
ID_7464190101117707;4;HMG-box;equilibrium molten globule (rej);0.303;0;sem match válido;Qwen3-1.7B
ID_7464190101117707;5;HMGB1;equilibrium molten globule (rej);0.409;0;sem match válido;Qwen3-1.7B
ID_7464190101117707;6;Virus;virus fusion;0.805;1;match válido;Qwen3-1.7B
ID_7464190101117707;7;Proteases;phosphatidylserine (rej);0.432;0;sem match válido;Qwen3-1.7B
ID_7464190101117707;8;VACINA;picornavirus (rej);0.473;0;sem match válido;Qwen3-1.7B
ID_7464190101117707;9;Peptidio mimetico;phosphatidylserine (rej);0.638;0;sem match válido;Qwen3-1.7B
ID_7464190101117707;10;Sintese;picornavirus (rej);0.503;0;sem match válido;Qwen3-1.7B
ID_7464190101117707;11;NMR;nuclear magnetic resonance (rej);0.602;0;sem match válido;Qwen3-1.7B
ID_7464190101117707;12;Lipid droplet;equilibrium molten globule (rej);0.465;0;sem match válido;Qwen3-1.7B
ID_7464190101117707;13;Estrutura de Proteinas;protein folding;0.834;2;match válido;Qwen3-1.7B
ID_7464190101117707;14;Dinamica de Proteinas;protein;0.808;3;match válido;Qwen3-1.7B
ID_7464190101117707;15;Estrutura de DNA;protein–dna interaction (rej);0.740;0;sem match válido;Qwen3-1.7B
ID_7464190101117707;16;Fusao viral;virus fusion (rej);0.681;0;sem match válido;Qwen3-1.7B
ID_7464190101117707;17;Membrana;membrane fusion (rej);0.690;0;sem match válido;Qwen3-1.7B
ID_7464190101117707;18;Proteina C;protein (rej);0.701;0;sem match válido;Qwen3-1.7B
ID_7464190101117707;19;Cristalografia de raios X;small angle x-ray scattering (rej);0.669;0;sem match válido;Qwen3-1.7B
ID_7464190101117707;20;Glicoproteina;protein (rej);0.577;0;sem match válido;Qwen3-1.7B
ID_7881527576747420;1;Dengue;experimental dengue infection;0.909;3;match válido;Qwen3-1.7B
ID_7881527576747420;2;Antibody enhancement;viral antigens (rej);0.615;0;sem match válido;Qwen3-1.7B
ID_7881527576747420;3;Aging;hrsem (rej);0.371;0;sem match válido;Qwen3-1.7B
ID_7881527576747420;4;Environmental enrichment;enriched environment;0.845;3;match válido;Qwen3-1.7B
ID_7881527576747420;5;Masticatory activity;submandibular salivary glands (rej);0.491;0;sem match válido;Qwen3-1.7B
ID_7881527576747420;6;Spatial memory;spatial memory decline;0.879;3;match válido;Qwen3-1.7B
ID_7881527576747420;7;Astrocytes;capillary loops (rej);0.411;0;sem match válido;Qwen3-1.7B
ID_7881527576747420;8;Neuroscience;terminações nervosas sensitivas (rej);0.615;0;sem match válido;Qwen3-1.7B
ID_7881527576747420;9;Hippocampus;terminações nervosas sensitivas (rej);0.479;0;sem match válido;Qwen3-1.7B
ID_7881527576747420;10;T-cell;epithelial cell (rej);0.492;0;sem match válido;Qwen3-1.7B
ID_7881527576747420;11;Immunopathogenesis;viral antigens (rej);0.571;0;sem match válido;Qwen3-1.7B
ID_7881527576747420;12;Viral antigens;viral antigens;0.993;2;match válido;Qwen3-1.7B
ID_7881527576747420;13;Laminar distribution;foliate papillae (rej);0.393;0;sem match válido;Qwen3-1.7B
ID_7881527576747420;14;Astrocyte hyperplasia;showed rarefying microvasculature (rej);0.574;0;sem match válido;Qwen3-1.7B
ID_7881527576747420;15;Astrocyte hypoplasia;epithelial cell (rej);0.530;0;sem match válido;Qwen3-1.7B
ID_7881527576747420;16;Cytology;capillary loops (rej);0.452;0;sem match válido;Qwen3-1.7B
ID_7881527576747420;17;Morphometry;ultrastructural characteristics (rej);0.573;0;sem match válido;Qwen3-1.7B
ID_7881527576747420;18;Electron microscopy;scanning electron microscopy;0.952;3;match válido;Qwen3-1.7B
ID_7881527576747420;19;Stereology;hrsem (rej);0.429;0;sem match válido;Qwen3-1.7B
ID_7881527576747420;20;Glandular structure;submandibular salivary glands (rej);0.695;0;sem match válido;Qwen3-1.7B
ID_0353944603330456;1;Ensino de astronomia;teaching of astronomy;0.970;3;match válido;Qwen3-1.7B
ID_0353944603330456;2;Astronomia;concepções astronômicas apresentadas;0.845;2;match válido;Qwen3-1.7B
ID_0353944603330456;3;Ensino Medio;ensino médio;0.800;2;match válido;Qwen3-1.7B
ID_0353944603330456;4;Educacao;ufscar sobre educação;0.875;2;match válido;Qwen3-1.7B
ID_0353944603330456;5;Tecnologias de Informacao e Comunicacao;tecnologias de informação;0.903;2;match válido;Qwen3-1.7B
ID_0353944603330456;6;Formacao de professores;teacher education;0.931;3;match válido;Qwen3-1.7B
ID_0353944603330456;7;Concepcoes previas;present analysis (rej);0.596;0;sem match válido;Qwen3-1.7B
ID_0353944603330456;8;Experimentacao no Ensino Medio;alunos do ensino;0.824;2;match válido;Qwen3-1.7B
ID_0353944603330456;9;Materiais interativos;tecnologias de informação (rej);0.499;0;sem match válido;Qwen3-1.7B
ID_0353944603330456;10;Ambientes Virtuais de Aprendizagem;alunos do ensino (rej);0.444;0;sem match válido;Qwen3-1.7B
ID_0353944603330456;11;Divulgacao cientifica;analysis (rej);0.531;0;sem match válido;Qwen3-1.7B
ID_0353944603330456;12;Pesquisa em Ensino de Fisica;teaching of astronomy (rej);0.645;0;sem match válido;Qwen3-1.7B
ID_0353944603330456;13;Campo de Conhecimento;análise das concepções (rej);0.551;0;sem match válido;Qwen3-1.7B
ID_0353944603330456;14;Estado da Arte;análise das concepções (rej);0.460;0;sem match válido;Qwen3-1.7B
ID_0353944603330456;15;Pluralismo Metodologico;alternative conceptions (rej);0.604;0;sem match válido;Qwen3-1.7B
ID_0353944603330456;16;TIC;tecnologias de informação (rej);0.615;0;sem match válido;Qwen3-1.7B
ID_0353944603330456;17;Interdisciplinaridade;análise das concepções (rej);0.480;0;sem match válido;Qwen3-1.7B
ID_0353944603330456;18;Ferramentas interativas;tecnologias de informação (rej);0.514;0;sem match válido;Qwen3-1.7B
ID_0353944603330456;19;Mapas conceituais;análise das concepções (rej);0.588;0;sem match válido;Qwen3-1.7B
ID_0353944603330456;20;Concepcoes espontaneas;occurrence (rej);0.639;0;sem match válido;Qwen3-1.7B
ID_0654596992211296;1;dengue;brazilian amazonia (rej);0.330;0;sem match válido;Qwen3-1.7B
ID_0654596992211296;2;vector;vector control (rej);0.811;0;sem match válido;Qwen3-1.7B
ID_0654596992211296;3;geospatial;geospatial web services;0.800;3;match válido;Qwen3-1.7B
ID_0654596992211296;4;gis;gis;1.000;3;match válido;Qwen3-1.7B
ID_0654596992211296;5;remote sensing;remote sensing;1.000;3;match válido;Qwen3-1.7B
ID_0654596992211296;6;cellular automata;uso e cobertura (rej);0.364;0;sem match válido;Qwen3-1.7B
ID_0654596992211296;7;urban modelling;urban land (rej);0.726;0;sem match válido;Qwen3-1.7B
ID_0654596992211296;8;land use dynamics;land use;0.903;3;match válido;Qwen3-1.7B
ID_0654596992211296;9;spatial statistics;spatial data;0.879;3;match válido;Qwen3-1.7B
ID_0654596992211296;10;stochastic cellular automata;simulação estocástica (rej);0.466;0;sem match válido;Qwen3-1.7B
ID_0654596992211296;11;geocomputation;geospatial web services (rej);0.777;0;sem match válido;Qwen3-1.7B
ID_0654596992211296;12;town planning;urban land (rej);0.649;0;sem match válido;Qwen3-1.7B
ID_0654596992211296;13;modeling;simulação estocástica (rej);0.695;0;sem match válido;Qwen3-1.7B
ID_0654596992211296;14;data analysis;spatial data (rej);0.532;0;sem match válido;Qwen3-1.7B
ID_0654596992211296;15;population density;urban population dynamics;0.776;3;match válido;Qwen3-1.7B
ID_0654596992211296;16;ovitraps;raiva bovina (rej);0.511;0;sem match válido;Qwen3-1.7B
ID_0654596992211296;17;vector control;vector control;1.000;3;match válido;Qwen3-1.7B
ID_0654596992211296;18;socioeconomic factors;urban population dynamics (rej);0.584;0;sem match válido;Qwen3-1.7B
ID_0654596992211296;19;urban land use change;urban land;0.858;3;match válido;Qwen3-1.7B
ID_0654596992211296;20;environmental impact;mudanças climáticas (rej);0.613;0;sem match válido;Qwen3-1.7B
ID_6499108085922209;1;e-government;workflow security model (rej);0.319;0;sem match válido;Qwen3-1.7B
ID_6499108085922209;2;fraud detection;anomaly detection (rej);0.542;0;sem match válido;Qwen3-1.7B
ID_6499108085922209;3;customs fraud detection;anomaly detection (rej);0.427;0;sem match válido;Qwen3-1.7B
ID_6499108085922209;4;artificial intelligence;artificial intelligence;1.000;3;match válido;Qwen3-1.7B
ID_6499108085922209;5;clinical decision;diagnosis (rej);0.606;0;sem match válido;Qwen3-1.7B
ID_6499108085922209;6;expert systems;expert systems;1.000;1;match válido;Qwen3-1.7B
ID_6499108085922209;7;schizophrenia;schizophrenia;1.000;1;match válido;Qwen3-1.7B
ID_6499108085922209;8;machine learning;artificial intelligence (rej);0.694;0;sem match válido;Qwen3-1.7B
ID_6499108085922209;9;computer vision;computer science (rej);0.565;0;sem match válido;Qwen3-1.7B
ID_6499108085922209;10;retinal lesion detection;diagnosis (rej);0.481;0;sem match válido;Qwen3-1.7B
ID_6499108085922209;11;diabetic retinopathy;diagnosis (rej);0.357;0;sem match válido;Qwen3-1.7B
ID_6499108085922209;12;visual dictionary;visual dictionaries;0.898;2;match válido;Qwen3-1.7B
ID_6499108085922209;13;bag-of-visual-words;visual dictionaries (rej);0.681;0;sem match válido;Qwen3-1.7B
ID_6499108085922209;14;pattern classification;image classification (rej);0.661;0;sem match válido;Qwen3-1.7B
ID_6499108085922209;15;automatic diagnosis;diagnosis (rej);0.723;0;sem match válido;Qwen3-1.7B
ID_6499108085922209;16;data fusion;computer science (rej);0.360;0;sem match válido;Qwen3-1.7B
ID_6499108085922209;17;image classification;image classification;1.000;2;match válido;Qwen3-1.7B
ID_6499108085922209;18;workflow management;workflow;0.921;3;match válido;Qwen3-1.7B
ID_6499108085922209;19;distributed systems;process-aware systems (rej);0.502;0;sem match válido;Qwen3-1.7B
ID_6499108085922209;20;corba;systematic review (rej);0.376;0;sem match válido;Qwen3-1.7B
ID_5424781102486268;1;proteomics;venomics (rej);0.456;0;sem match válido;Qwen3-1.7B
ID_5424781102486268;2;virulence;venomics (rej);0.632;0;sem match válido;Qwen3-1.7B
ID_5424781102486268;3;viral;toxin (rej);0.363;0;sem match válido;Qwen3-1.7B
ID_5424781102486268;4;defense;including (rej);0.381;0;sem match válido;Qwen3-1.7B
ID_5424781102486268;5;protein;surfactant protein (rej);0.737;0;sem match válido;Qwen3-1.7B
ID_5424781102486268;6;antibodies;antimicrobial peptides (rej);0.602;0;sem match válido;Qwen3-1.7B
ID_5424781102486268;7;toxins;toxin;0.981;3;match válido;Qwen3-1.7B
ID_5424781102486268;8;biomarkers;mass spectrometry (rej);0.519;0;sem match válido;Qwen3-1.7B
ID_5424781102486268;9;tissue;cell (rej);0.501;0;sem match válido;Qwen3-1.7B
ID_5424781102486268;10;cell;cell;1.000;3;match válido;Qwen3-1.7B
ID_5424781102486268;11;genetics;structural biology (rej);0.445;0;sem match válido;Qwen3-1.7B
ID_5424781102486268;12;molecular;molecular masses;0.750;2;match válido;Qwen3-1.7B
ID_5424781102486268;13;genomics;venomics (rej);0.462;0;sem match válido;Qwen3-1.7B
ID_5424781102486268;14;immunology;skin secretion (rej);0.482;0;sem match válido;Qwen3-1.7B
ID_5424781102486268;15;antiviral;antimicrobial peptides (rej);0.598;0;sem match válido;Qwen3-1.7B
ID_5424781102486268;16;virus;toxin (rej);0.480;0;sem match válido;Qwen3-1.7B
ID_5424781102486268;17;pathogens;venomics (rej);0.568;0;sem match válido;Qwen3-1.7B
ID_5424781102486268;18;antitoxins;toxin (rej);0.744;0;sem match válido;Qwen3-1.7B
ID_5424781102486268;19;protein profiling;surfactant protein (rej);0.574;0;sem match válido;Qwen3-1.7B
ID_5424781102486268;20;mass spectrometry;mass spectrometry;1.000;3;match válido;Qwen3-1.7B
ID_0277415539607307;1;nitrogenio;conteúdo de nitrogênio;0.939;1;match válido;Qwen3-1.7B
ID_0277415539607307;2;pastagem;15n (rej);0.598;0;sem match válido;Qwen3-1.7B
ID_0277415539607307;3;inoculacao;desmodium ovalifolium (rej);0.492;0;sem match válido;Qwen3-1.7B
ID_0277415539607307;4;fixacao biologica de nitrogenio;biological nitrogen fixation;0.967;3;match válido;Qwen3-1.7B
ID_0277415539607307;5;nodule;15n (rej);0.583;0;sem match válido;Qwen3-1.7B
ID_0277415539607307;6;adubacao nitrogenada;nitrogen fixation;0.809;3;match válido;Qwen3-1.7B
ID_0277415539607307;7;solo;no-tillage (rej);0.586;0;sem match válido;Qwen3-1.7B
ID_0277415539607307;8;biologica;herbaspirillum spp. (rej);0.525;0;sem match válido;Qwen3-1.7B
ID_0277415539607307;9;consocao;brazilian cerrados (rej);0.550;0;sem match válido;Qwen3-1.7B
ID_0277415539607307;10;fertilizacao;fertilization;0.937;2;match válido;Qwen3-1.7B
ID_0277415539607307;11;estirpe;15n (rej);0.619;0;sem match válido;Qwen3-1.7B
ID_0277415539607307;12;nitrogeno;carbono e nitrogênio;0.757;1;match válido;Qwen3-1.7B
ID_0277415539607307;13;nitracao;conteúdo de nitrogênio (rej);0.680;0;sem match válido;Qwen3-1.7B
ID_0277415539607307;14;sistema silvipastoril;desmodium ovalifolium (rej);0.542;0;sem match válido;Qwen3-1.7B
ID_0277415539607307;15;pastagens;green manures (rej);0.479;0;sem match válido;Qwen3-1.7B
ID_0277415539607307;16;sugarcane;sugarcane;1.000;3;match válido;Qwen3-1.7B
ID_0277415539607307;17;capim elefante;herbaspirillum spp. (rej);0.301;0;sem match válido;Qwen3-1.7B
ID_0277415539607307;18;vinha;15n (rej);0.498;0;sem match válido;Qwen3-1.7B
ID_0277415539607307;19;n2o;n balance (rej);0.685;0;sem match válido;Qwen3-1.7B
ID_0277415539607307;20;n2;biological n2 fixation (rej);0.669;0;sem match válido;Qwen3-1.7B
ID_7090419604571199;1;:;'camarosa' (rej);0.579;0;sem match válido;Qwen3-1.7B
ID_7090419604571199;2;};cruzamento dialélico (rej);0.660;0;sem match válido;Qwen3-1.7B
ID_7090419604571199;3;{;cruzamento dialélico (rej);0.646;0;sem match válido;Qwen3-1.7B
ID_7090419604571199;4;"titulo"": ""Mudas de citros e suas aplicações em sistemas de cultivo protegido";cultivar (rej);0.743;0;sem match válido;Qwen3-1.7B
ID_7090419604571199;5;"keywords"":";'camarosa' (rej);0.288;0;sem match válido;Qwen3-1.7B
ID_7090419604571199;6;"abstract"":";propagation (rej);0.301;0;sem match válido;Qwen3-1.7B
ID_7090419604571199;7;"titulo"": ""Cultivo de citros em sistemas de cultivo protegido";cultivar;0.764;1;match válido;Qwen3-1.7B
ID_7090419604571199;8;"titulo"": ""Sistema de cultivo protegido para citros";cultivar (rej);0.682;0;sem match válido;Qwen3-1.7B
ID_7090419604571199;9;"titulo"": ""Mudas de citros: a aplicacao em sistemas de cultivo protegido";cultivar (rej);0.743;0;sem match válido;Qwen3-1.7B
ID_7090419604571199;10;"titulo"": ""Mudas de citros: uma aplicacao em sistemas de cultivo protegido";cultivar (rej);0.745;0;sem match válido;Qwen3-1.7B
ID_7090419604571199;11;;;;;;Qwen3-1.7B
ID_7090419604571199;12;;;;;;Qwen3-1.7B
ID_7090419604571199;13;;;;;;Qwen3-1.7B
ID_7090419604571199;14;;;;;;Qwen3-1.7B
ID_7090419604571199;15;;;;;;Qwen3-1.7B
ID_7090419604571199;16;;;;;;Qwen3-1.7B
ID_7090419604571199;17;;;;;;Qwen3-1.7B
ID_7090419604571199;18;;;;;;Qwen3-1.7B
ID_7090419604571199;19;;;;;;Qwen3-1.7B
ID_7090419604571199;20;;;;;;Qwen3-1.7B
ID_1050516524103988;1;microfabricacao;microfabrication;0.940;3;match válido;Qwen3-1.7B
ID_1050516524103988;2;eletroforese capilar;capillary electrophoresis;0.794;3;match válido;Qwen3-1.7B
ID_1050516524103988;3;detector amperometrico;amperometric detection;0.881;3;match válido;Qwen3-1.7B
ID_1050516524103988;4;deteccao condutometrica sem contato;contactless conductivity detection (rej);0.705;0;sem match válido;Qwen3-1.7B
ID_1050516524103988;5;microfluidica;microfluidic devices;0.830;3;match válido;Qwen3-1.7B
ID_1050516524103988;6;microeletrodos;microchip electrophoresis;0.793;3;match válido;Qwen3-1.7B
ID_1050516524103988;7;analis de farmacos;electrochemical detection (rej);0.425;0;sem match válido;Qwen3-1.7B
ID_1050516524103988;8;analis de alimentos;microssistemas de análise (rej);0.496;0;sem match válido;Qwen3-1.7B
ID_1050516524103988;9;analis de cationes;instrumentation (rej);0.518;0;sem match válido;Qwen3-1.7B
ID_1050516524103988;10;analis de aminas;microssistemas de análise (rej);0.378;0;sem match válido;Qwen3-1.7B
ID_1050516524103988;11;analis de acidos graxos;microssistemas de análise (rej);0.418;0;sem match válido;Qwen3-1.7B
ID_1050516524103988;12;analis de sais;instrumentation (rej);0.465;0;sem match válido;Qwen3-1.7B
ID_1050516524103988;13;analis de sais inorgânicos;sodium cysteamine phosphate (rej);0.576;0;sem match válido;Qwen3-1.7B
ID_1050516524103988;14;analis de sais orgânicos;sodium cysteamine phosphate (rej);0.501;0;sem match válido;Qwen3-1.7B
ID_1050516524103988;15;analis de cianidras;sodium cysteamine phosphate (rej);0.556;0;sem match válido;Qwen3-1.7B
ID_1050516524103988;16;analis de fosfato;sodium cysteamine phosphate (rej);0.656;0;sem match válido;Qwen3-1.7B
ID_1050516524103988;17;analis de citrato;capillary (rej);0.522;0;sem match válido;Qwen3-1.7B
ID_1050516524103988;18;analis de amonio;microssistemas de análise (rej);0.504;0;sem match válido;Qwen3-1.7B
ID_1050516524103988;19;analis de cloro;sodium cysteamine phosphate (rej);0.550;0;sem match válido;Qwen3-1.7B
ID_1050516524103988;20;analis de hidroxi metanosulfonato;sodium cysteamine phosphate (rej);0.472;0;sem match válido;Qwen3-1.7B
ID_2714004273523549;1;1â x alloys;transition-metal (rej);0.616;0;sem match válido;Qwen3-1.7B
ID_2714004273523549;2;};ab initio total (rej);0.533;0;sem match válido;Qwen3-1.7B
ID_2714004273523549;3;{;ab initio total (rej);0.545;0;sem match válido;Qwen3-1.7B
ID_2714004273523549;4;"keywords"": ""nanotubos";native defects (rej);0.416;0;sem match válido;Qwen3-1.7B
ID_2714004273523549;5;nanoribbons;3d impurities (rej);0.504;0;sem match válido;Qwen3-1.7B
ID_2714004273523549;6;and weak in the case of the armchair and zigzag nanoribbons.;3d impurities (rej);0.455;0;sem match válido;Qwen3-1.7B
ID_2714004273523549;7;;;;;;Qwen3-1.7B
ID_2714004273523549;8;;;;;;Qwen3-1.7B
ID_2714004273523549;9;;;;;;Qwen3-1.7B
ID_2714004273523549;10;;;;;;Qwen3-1.7B
ID_2714004273523549;11;;;;;;Qwen3-1.7B
ID_2714004273523549;12;;;;;;Qwen3-1.7B
ID_2714004273523549;13;;;;;;Qwen3-1.7B
ID_2714004273523549;14;;;;;;Qwen3-1.7B
ID_2714004273523549;15;;;;;;Qwen3-1.7B
ID_2714004273523549;16;;;;;;Qwen3-1.7B
ID_2714004273523549;17;;;;;;Qwen3-1.7B
ID_2714004273523549;18;;;;;;Qwen3-1.7B
ID_2714004273523549;19;;;;;;Qwen3-1.7B
ID_2714004273523549;20;;;;;;Qwen3-1.7B
ID_5832250655889116;1;neuronal;subventricular zone neurons;0.814;2;match válido;Qwen3-1.7B
ID_5832250655889116;2;glial;radial glia;0.858;2;match válido;Qwen3-1.7B
ID_5832250655889116;3;regeneration;regeneration;1.000;3;match válido;Qwen3-1.7B
ID_5832250655889116;4;neuroprotection;brain-derived neurotrophic factor (rej);0.661;0;sem match válido;Qwen3-1.7B
ID_5832250655889116;5;stem cells;stem cells;1.000;3;match válido;Qwen3-1.7B
ID_5832250655889116;6;cell therapy;stem cells (rej);0.704;0;sem match válido;Qwen3-1.7B
ID_5832250655889116;7;neurodegeneration;brain-derived neurotrophic factor (rej);0.666;0;sem match válido;Qwen3-1.7B
ID_5832250655889116;8;neuroinflammation;brain-derived neurotrophic factor (rej);0.679;0;sem match válido;Qwen3-1.7B
ID_5832250655889116;9;axon regeneration;regeneration (rej);0.699;0;sem match válido;Qwen3-1.7B
ID_5832250655889116;10;neuroplasticity;brain-derived neurotrophic factor (rej);0.731;0;sem match válido;Qwen3-1.7B
ID_5832250655889116;11;neurodegenerative;brain-derived neurotrophic factor (rej);0.710;0;sem match válido;Qwen3-1.7B
ID_5832250655889116;12;neurological;brain-derived neurotrophic factor;0.816;3;match válido;Qwen3-1.7B
ID_5832250655889116;13;neurological diseases;brain-derived neurotrophic factor (rej);0.712;0;sem match válido;Qwen3-1.7B
ID_5832250655889116;14;cell migration;neuronal migration (rej);0.705;0;sem match válido;Qwen3-1.7B
ID_5832250655889116;15;cell survival;stem cells (rej);0.610;0;sem match válido;Qwen3-1.7B
ID_5832250655889116;16;cell differentiation;labeled cells (rej);0.717;0;sem match válido;Qwen3-1.7B
ID_5832250655889116;17;neurotransmission;brain-derived neurotrophic factor (rej);0.786;0;sem match válido;Qwen3-1.7B
ID_5832250655889116;18;neuroregeneration;brain-derived neurotrophic factor (rej);0.675;0;sem match válido;Qwen3-1.7B
ID_5832250655889116;19;neurorepair;brain-derived neurotrophic factor (rej);0.752;0;sem match válido;Qwen3-1.7B
ID_5832250655889116;20;neurobiology;brain-derived neurotrophic factor (rej);0.709;0;sem match válido;Qwen3-1.7B
ID_7740917144757410;1;Resonant orbits;elliptic orbits;0.836;3;match válido;Qwen3-1.7B
ID_7740917144757410;2;Space debris;spacecraft;0.764;1;match válido;Qwen3-1.7B
ID_7740917144757410;3;Orbital dynamics;orbital motion (rej);0.871;0;sem match válido;Qwen3-1.7B
ID_7740917144757410;4;Geopotential;geopotential coefficients;0.883;3;match válido;Qwen3-1.7B
ID_7740917144757410;5;Resonance;resonance;0.942;3;match válido;Qwen3-1.7B
ID_7740917144757410;6;Artificial satellites;artificial satellite;0.966;3;match válido;Qwen3-1.7B
ID_7740917144757410;7;GPS constellation;gps satellites;0.808;3;match válido;Qwen3-1.7B
ID_7740917144757410;8;Orbit determination;orbit determination;0.987;3;match válido;Qwen3-1.7B
ID_7740917144757410;9;Perturbations;perturbation caused (rej);0.717;0;sem match válido;Qwen3-1.7B
ID_7740917144757410;10;Orbital motion;orbital motion;0.983;3;match válido;Qwen3-1.7B
ID_7740917144757410;11;Satellite dynamics;órbitas de satélites;0.801;3;match válido;Qwen3-1.7B
ID_7740917144757410;12;Lagrange points;lagrange points;0.888;2;match válido;Qwen3-1.7B
ID_7740917144757410;13;Chaotic orbits;orbit (rej);0.767;0;sem match válido;Qwen3-1.7B
ID_7740917144757410;14;Orbital stability;orbital motion (rej);0.772;0;sem match válido;Qwen3-1.7B
ID_7740917144757410;15;Orbital perturbations;orbital perturbations;0.982;3;match válido;Qwen3-1.7B
ID_7740917144757410;16;Orbital resonance;orbital perturbations (rej);0.763;0;sem match válido;Qwen3-1.7B
ID_7740917144757410;17;Orbital analysis;orbit;0.866;3;match válido;Qwen3-1.7B
ID_7740917144757410;18;Orbital elements;orbital elements;0.972;2;match válido;Qwen3-1.7B
ID_7740917144757410;19;Orbital evolution;orbit (rej);0.798;0;sem match válido;Qwen3-1.7B
ID_7740917144757410;20;Orbital control;orbitais de satélites;0.753;1;match válido;Qwen3-1.7B
ID_5898801580033554;1;Teoria dos Grafos;problemas em grafos;0.802;3;match válido;Qwen3-1.7B
ID_5898801580033554;2;Algoritmos de Grafos;graph (rej);0.818;0;sem match válido;Qwen3-1.7B
ID_5898801580033554;3;Complexidade Parametrizada;complexity;0.879;3;match válido;Qwen3-1.7B
ID_5898801580033554;4;Grafos E Ou;graph;0.859;3;match válido;Qwen3-1.7B
ID_5898801580033554;5;Redes de Sensores;wireless sensor;0.835;2;match válido;Qwen3-1.7B
ID_5898801580033554;6;Gerenciamento de Redes;project management (rej);0.404;0;sem match válido;Qwen3-1.7B
ID_5898801580033554;7;Sistemas de Informação;project management (rej);0.405;0;sem match válido;Qwen3-1.7B
ID_5898801580033554;8;Análise de Risco;project management (rej);0.324;0;sem match válido;Qwen3-1.7B
ID_5898801580033554;9;Gerência de Projetos;project management;0.915;2;match válido;Qwen3-1.7B
ID_5898801580033554;10;Tecnologia da Informacao;wireless sensor (rej);0.389;0;sem match válido;Qwen3-1.7B
ID_5898801580033554;11;Optimização Combinatoria;combinatorial problems (rej);0.585;0;sem match válido;Qwen3-1.7B
ID_5898801580033554;12;Sistemas Distribuídos;particionamento de grafos (rej);0.380;0;sem match válido;Qwen3-1.7B
ID_5898801580033554;13;Gerenciamento de Sensores;wireless sensor (rej);0.753;0;sem match válido;Qwen3-1.7B
ID_5898801580033554;14;Estruturas de Dados;clique-helly graphs (rej);0.482;0;sem match válido;Qwen3-1.7B
ID_5898801580033554;15;Algoritmos de Pesquisa;polynomial time algorithm (rej);0.555;0;sem match válido;Qwen3-1.7B
ID_5898801580033554;16;Modelagem Estatística;unit interval graph (rej);0.428;0;sem match válido;Qwen3-1.7B
ID_5898801580033554;17;Estruturas de Dados e Algoritmos;computational complexity (rej);0.546;0;sem match válido;Qwen3-1.7B
ID_5898801580033554;18;Estruturas de Grafos;graph (rej);0.856;0;sem match válido;Qwen3-1.7B
ID_5898801580033554;19;Estruturas de Redes;clique-helly graphs (rej);0.507;0;sem match válido;Qwen3-1.7B
ID_5898801580033554;20;Estruturas de Sistemas;cycle transversals (rej);0.511;0;sem match válido;Qwen3-1.7B
ID_3569531507114017;1;siliceto de ferro;indium arsenide (rej);0.559;0;sem match válido;Qwen3-1.7B
ID_3569531507114017;2;epitaxia;afm (rej);0.467;0;sem match válido;Qwen3-1.7B
ID_3569531507114017;3;molecular beam epitaxy;synchrotron radiation (rej);0.422;0;sem match válido;Qwen3-1.7B
ID_3569531507114017;4;nanotubos de carbono;trifluoroethylene copolymers (rej);0.520;0;sem match válido;Qwen3-1.7B
ID_3569531507114017;5;fotodetetor;optical properties (rej);0.525;0;sem match válido;Qwen3-1.7B
ID_3569531507114017;6;quantum dots;inas self-assembled dots (rej);0.676;0;sem match válido;Qwen3-1.7B
ID_3569531507114017;7;microscopia eletronica;performed magneto-photoluminescence experiments (rej);0.568;0;sem match válido;Qwen3-1.7B
ID_3569531507114017;8;espectroscopia de raios-X;sxs measurements (rej);0.524;0;sem match válido;Qwen3-1.7B
ID_3569531507114017;9;fotometria;optical properties (rej);0.622;0;sem match válido;Qwen3-1.7B
ID_3569531507114017;10;adsorcao;afm (rej);0.558;0;sem match válido;Qwen3-1.7B
ID_3569531507114017;11;defeitos profundos;afm (rej);0.393;0;sem match válido;Qwen3-1.7B
ID_3569531507114017;12;condutividade diferencial negativa;threshold electric field (rej);0.427;0;sem match válido;Qwen3-1.7B
ID_3569531507114017;13;transicao coerente-incoerente;bifurcation diagrams (rej);0.618;0;sem match válido;Qwen3-1.7B
ID_3569531507114017;14;condutividade por hopping;variable range hopping (rej);0.597;0;sem match válido;Qwen3-1.7B
ID_3569531507114017;15;magnetismo;performed magneto-photoluminescence experiments (rej);0.651;0;sem match válido;Qwen3-1.7B
ID_3569531507114017;16;microscopia de força;resistivity measurements (rej);0.515;0;sem match válido;Qwen3-1.7B
ID_3569531507114017;17;estrutura de materiais;surface (rej);0.540;0;sem match válido;Qwen3-1.7B
ID_3569531507114017;18;fotodetetor asimetrico;optical properties (rej);0.576;0;sem match válido;Qwen3-1.7B
ID_3569531507114017;19;nanotubos;trifluoroethylene copolymers (rej);0.466;0;sem match válido;Qwen3-1.7B
ID_3569531507114017;20;fotometria de luz;optical properties (rej);0.720;0;sem match válido;Qwen3-1.7B
ID_5187181156228197;1;Fenomenologia;neoproterozoic (rej);0.506;0;sem match válido;Qwen3-1.7B
ID_5187181156228197;2;Perspectivas Sociologicas;sm-nd e u-pb (rej);0.366;0;sem match válido;Qwen3-1.7B
ID_5187181156228197;3;Corpo;serrinha (rej);0.460;0;sem match válido;Qwen3-1.7B
ID_5187181156228197;4;Hermeneutica;serrinha (rej);0.531;0;sem match válido;Qwen3-1.7B
ID_5187181156228197;5;Rift;oblique subduction (rej);0.536;0;sem match válido;Qwen3-1.7B
ID_5187181156228197;6;Gondwana;western gondwana;0.904;3;match válido;Qwen3-1.7B
ID_5187181156228197;7;South Atlantic;south shetland islands (rej);0.585;0;sem match válido;Qwen3-1.7B
ID_5187181156228197;8;Dyke Swarms;ribeira mobile (rej);0.425;0;sem match válido;Qwen3-1.7B
ID_5187181156228197;9;Brazil;brazil;0.994;3;match válido;Qwen3-1.7B
ID_5187181156228197;10;Magmatismo;magmatic arc;0.870;2;match válido;Qwen3-1.7B
ID_5187181156228197;11;Tectonica;tectônica;0.961;3;match válido;Qwen3-1.7B
ID_5187181156228197;12;Neoproterozoico;neoproterozoic;0.990;3;match válido;Qwen3-1.7B
ID_5187181156228197;13;Mesozoico-cenozoico;tectônica (rej);0.709;0;sem match válido;Qwen3-1.7B
ID_5187181156228197;14;Sudeste do Brasil;southern brasilia;0.968;3;match válido;Qwen3-1.7B
ID_5187181156228197;15;Geocronologia;geochronology;0.933;3;match válido;Qwen3-1.7B
ID_5187181156228197;16;U-Pb geochronology;u-pb la-mc-icpms geochronology;0.897;3;match válido;Qwen3-1.7B
ID_5187181156228197;17;Sm-Nd geochronology;geochronology (rej);0.832;0;sem match válido;Qwen3-1.7B
ID_5187181156228197;18;Ar-Ar geochronology;geochronology (rej);0.870;0;sem match válido;Qwen3-1.7B
ID_5187181156228197;19;Dikes;serrinha (rej);0.640;0;sem match válido;Qwen3-1.7B
ID_5187181156228197;20;Tholeiitic;serrinha (rej);0.513;0;sem match válido;Qwen3-1.7B
ID_7430030311775522;1;social networks;social networks;1.000;3;match válido;Qwen3-1.7B
ID_7430030311775522;2;urban poverty;urban poverty;1.000;3;match válido;Qwen3-1.7B
ID_7430030311775522;3;social segregation;social structure (rej);0.655;0;sem match válido;Qwen3-1.7B
ID_7430030311775522;4;socio-spatial structures;social structure;0.827;3;match válido;Qwen3-1.7B
ID_7430030311775522;5;social stratification;social structure (rej);0.795;0;sem match válido;Qwen3-1.7B
ID_7430030311775522;6;social networks analysis;social network;0.920;3;match válido;Qwen3-1.7B
ID_7430030311775522;7;networks and spatial segregation;spatial inequalities (rej);0.663;0;sem match válido;Qwen3-1.7B
ID_7430030311775522;8;pobreza;urban poverty (rej);0.848;0;sem match válido;Qwen3-1.7B
ID_7430030311775522;9;desigualdades sociais;social structure (rej);0.611;0;sem match válido;Qwen3-1.7B
ID_7430030311775522;10;políticas públicas;public policy;0.990;3;match válido;Qwen3-1.7B
ID_7430030311775522;11;infra-estrutura urbana;infra-estrutura urbana;1.000;2;match válido;Qwen3-1.7B
ID_7430030311775522;12;espaco urbano;urbanization;0.856;1;match válido;Qwen3-1.7B
ID_7430030311775522;13;cultural studies;urban history (rej);0.468;0;sem match válido;Qwen3-1.7B
ID_7430030311775522;14;political anthropology;political contexts;0.752;1;match válido;Qwen3-1.7B
ID_7430030311775522;15;redes sociais;redes sociais;1.000;3;match válido;Qwen3-1.7B
ID_7430030311775522;16;pobreza urbana;urban poverty (rej);0.996;0;sem match válido;Qwen3-1.7B
ID_7430030311775522;17;segregacao socioespacial;social structure (rej);0.654;0;sem match válido;Qwen3-1.7B
ID_7430030311775522;18;sociologia urbana;urban sociology;0.994;3;match válido;Qwen3-1.7B
ID_7430030311775522;19;metropolitan areas;políticas urbanas;0.771;3;match válido;Qwen3-1.7B
ID_7430030311775522;20;social network analysis;social network analysis;1.000;3;match válido;Qwen3-1.7B
ID_0422858064703713;1;Huanglongbing dos citros;spodoptera (rej);0.587;0;sem match válido;Qwen3-1.7B
ID_0422858064703713;2;Dinarmus basalis;azadirachta indica (rej);0.697;0;sem match válido;Qwen3-1.7B
ID_0422858064703713;3;Brassinosteroids;trichilia pallida (rej);0.409;0;sem match válido;Qwen3-1.7B
ID_0422858064703713;4;Bemisia tabaci;extractos de meliáceas (rej);0.595;0;sem match válido;Qwen3-1.7B
ID_0422858064703713;5;Chlosyne lacinia Saundersii;phaseolus vulgaris (rej);0.601;0;sem match válido;Qwen3-1.7B
ID_0422858064703713;6;Spodoptera frugiperda;spodoptera;0.782;3;match válido;Qwen3-1.7B
ID_0422858064703713;7;Tuta absoluta;spodoptera (rej);0.460;0;sem match válido;Qwen3-1.7B
ID_0422858064703713;8;C. sinensis;phaseolus vulgaris (rej);0.541;0;sem match válido;Qwen3-1.7B
ID_0422858064703713;9;Poncirus trifoliata;trichilia pallida;0.772;3;match válido;Qwen3-1.7B
ID_0422858064703713;10;Citrus limonia;extractos de meliáceas (rej);0.672;0;sem match válido;Qwen3-1.7B
ID_0422858064703713;11;Annona mucosa;azadirachta indica (rej);0.532;0;sem match válido;Qwen3-1.7B
ID_0422858064703713;12;Aristolochia paulistana;azadirachta indica (rej);0.746;0;sem match válido;Qwen3-1.7B
ID_0422858064703713;13;Casearia sylvestris;phaseolus vulgaris (rej);0.647;0;sem match válido;Qwen3-1.7B
ID_0422858064703713;14;Doru luteipes;spodoptera (rej);0.741;0;sem match válido;Qwen3-1.7B
ID_0422858064703713;15;Schizaphis graminum;spodoptera (rej);0.637;0;sem match válido;Qwen3-1.7B
ID_0422858064703713;16;Girassol;extrato aquoso (rej);0.477;0;sem match válido;Qwen3-1.7B
ID_0422858064703713;17;Feijao;extrato aquoso (rej);0.509;0;sem match válido;Qwen3-1.7B
ID_0422858064703713;18;Mosca branca;whitefly (rej);0.522;0;sem match válido;Qwen3-1.7B
ID_0422858064703713;19;Resistência de plantas a insetos;host plant resistance;0.824;3;match válido;Qwen3-1.7B
ID_0422858064703713;20;Controle biológico;aspectos biológicos (rej);0.661;0;sem match válido;Qwen3-1.7B
ID_1234565160573730;1;in vitro tests showed that the highest concentration of azadirachtin (10;quantification of azadirachtin;0.778;2;match válido;Qwen3-1.7B
ID_1234565160573730;2;};tuta absoluta (rej);0.674;0;sem match válido;Qwen3-1.7B
ID_1234565160573730;3;{;tuta absoluta (rej);0.676;0;sem match válido;Qwen3-1.7B
ID_1234565160573730;4;"keywords"": ""Dentin";dentin sensitivity (rej);0.517;0;sem match válido;Qwen3-1.7B
ID_1234565160573730;5;Dentin permeability;dentin permeability;0.990;1;match válido;Qwen3-1.7B
ID_1234565160573730;6;Dentin sensitivity;dentin sensitivity;0.985;1;match válido;Qwen3-1.7B
ID_1234565160573730;7;Propolis;propolis;0.981;2;match válido;Qwen3-1.7B
ID_1234565160573730;8;pH 4.1;propolis (rej);0.369;0;sem match válido;Qwen3-1.7B
ID_1234565160573730;9;GII-30 propolis gel;propolis gel;0.784;1;match válido;Qwen3-1.7B
ID_1234565160573730;10;GIII-3 potassium oxalate gel;natural gel product (rej);0.626;0;sem match válido;Qwen3-1.7B
ID_1234565160573730;11;pH 4;propolis (rej);0.418;0;sem match válido;Qwen3-1.7B
ID_1234565160573730;12;1;tuta absoluta (rej);0.523;0;sem match válido;Qwen3-1.7B
ID_1234565160573730;13;and GIV-1.23 fluoride gel;natural gel product (rej);0.578;0;sem match válido;Qwen3-1.7B
ID_1234565160573730;14;Ã 1;tuta absoluta (rej);0.533;0;sem match válido;Qwen3-1.7B
ID_1234565160573730;15;000 and Ã 2;simultaneous quantification (rej);0.460;0;sem match válido;Qwen3-1.7B
ID_1234565160573730;16;II;srm (rej);0.513;0;sem match válido;Qwen3-1.7B
ID_1234565160573730;17;III;tuta absoluta (rej);0.464;0;sem match válido;Qwen3-1.7B
ID_1234565160573730;18;and can be a good option in the treatment of patients with dentin sensitivity.;patients with dentin;0.774;2;match válido;Qwen3-1.7B
ID_1234565160573730;19;;;;;;Qwen3-1.7B
ID_1234565160573730;20;;;;;;Qwen3-1.7B
ID_4804205224697296;1;Citrus;citrus;0.940;3;match válido;Qwen3-1.7B
ID_4804205224697296;2;Cancro citrico;phyllosticta citricarpa (rej);0.411;0;sem match válido;Qwen3-1.7B
ID_4804205224697296;3;Doenças citrícolas;disease;0.782;3;match válido;Qwen3-1.7B
ID_4804205224697296;4;Modelagem espacial;spatial pattern (rej);0.615;0;sem match válido;Qwen3-1.7B
ID_4804205224697296;5;Epidemiologia;epidemiology;0.989;3;match válido;Qwen3-1.7B
ID_4804205224697296;6;Análise econômica;temporal analysis (rej);0.429;0;sem match válido;Qwen3-1.7B
ID_4804205224697296;7;Controle de doenças;disease management (rej);0.843;0;sem match válido;Qwen3-1.7B
ID_4804205224697296;8;Estratégias de manejo;disease management (rej);0.532;0;sem match válido;Qwen3-1.7B
ID_4804205224697296;9;Diagnóstico molecular;disease (rej);0.439;0;sem match válido;Qwen3-1.7B
ID_4804205224697296;10;Epidemiologia de doenças;disease incidence;0.865;3;match válido;Qwen3-1.7B
ID_4804205224697296;11;Estrutura de focos;spatial pattern (rej);0.557;0;sem match válido;Qwen3-1.7B
ID_4804205224697296;12;Análise espacial;spatial statistics (rej);0.683;0;sem match válido;Qwen3-1.7B
ID_4804205224697296;13;Estratégias de manejo de doenças;disease management;0.935;3;match válido;Qwen3-1.7B
ID_4804205224697296;14;;;;;;Qwen3-1.7B
ID_4804205224697296;15;;;;;;Qwen3-1.7B
ID_4804205224697296;16;;;;;;Qwen3-1.7B
ID_4804205224697296;17;;;;;;Qwen3-1.7B
ID_4804205224697296;18;;;;;;Qwen3-1.7B
ID_4804205224697296;19;;;;;;Qwen3-1.7B
ID_4804205224697296;20;;;;;;Qwen3-1.7B
ID_0932673194762377;1;Biodiversidade;species;0.769;2;match válido;Qwen3-1.7B
ID_0932673194762377;2;Bioindicadores;sampling (rej);0.406;0;sem match válido;Qwen3-1.7B
ID_0932673194762377;3;bentos;chironomus (rej);0.620;0;sem match válido;Qwen3-1.7B
ID_0932673194762377;4;Ecologia;ecological sites;0.826;2;match válido;Qwen3-1.7B
ID_0932673194762377;5;Meio Ambiente;ecological sites (rej);0.717;0;sem match válido;Qwen3-1.7B
ID_0932673194762377;6;Antimicrobianos;cyanobacterium population (rej);0.495;0;sem match válido;Qwen3-1.7B
ID_0932673194762377;7;Genetica molecular;species (rej);0.402;0;sem match válido;Qwen3-1.7B
ID_0932673194762377;8;Pesquisa ecologica;ecological sites (rej);0.793;0;sem match válido;Qwen3-1.7B
ID_0932673194762377;9;Pesquisas de Longa Duracao;karst do planalto (rej);0.383;0;sem match válido;Qwen3-1.7B
ID_0932673194762377;10;Resistencia antimicrobiana;cyanobacterium population (rej);0.430;0;sem match válido;Qwen3-1.7B
ID_0932673194762377;11;Resistencia a antibióticos;cyanobacterium population (rej);0.410;0;sem match válido;Qwen3-1.7B
ID_0932673194762377;12;Resistencia a antimicrobianos;cyanobacterium population (rej);0.453;0;sem match válido;Qwen3-1.7B
ID_0932673194762377;13;Resistencia a tetraciclinas;atelomixis (rej);0.400;0;sem match válido;Qwen3-1.7B
ID_0932673194762377;14;Resistencia a aminoglicocidas;atelomixis (rej);0.332;0;sem match válido;Qwen3-1.7B
ID_0932673194762377;15;Resistencia a nalidixica;dom helvécio (rej);0.470;0;sem match válido;Qwen3-1.7B
ID_0932673194762377;16;Resistencia a Î²-lactam;atelomixis (rej);0.269;0;sem match válido;Qwen3-1.7B
ID_0932673194762377;17;Resistencia a mercurio;state of minas (rej);0.413;0;sem match válido;Qwen3-1.7B
ID_0932673194762377;18;Resistencia a fluconazol;diel variation (rej);0.370;0;sem match válido;Qwen3-1.7B
ID_0932673194762377;19;Resistencia a ketoconazol;atelomixis (rej);0.297;0;sem match válido;Qwen3-1.7B
ID_0932673194762377;20;Resistencia a amphotericin B;atelomixis (rej);0.315;0;sem match válido;Qwen3-1.7B
ID_1836274062343953;1;CFD;dependent variable (rej);0.310;0;sem match válido;Qwen3-1.7B
ID_1836274062343953;2;Finite volume technique;finite volume technique;0.945;3;match válido;Qwen3-1.7B
ID_1836274062343953;3;Unsteady flows;unsteady turbulent premixed;0.805;1;match válido;Qwen3-1.7B
ID_1836274062343953;4;Combustion flows;combustion modelling;0.784;3;match válido;Qwen3-1.7B
ID_1836274062343953;5;Unstructured grids;unstructured hybrid grid;0.866;3;match válido;Qwen3-1.7B
ID_1836274062343953;6;Pseudo-compressibility;pseudo-compressibility approach based;0.947;3;match válido;Qwen3-1.7B
ID_1836274062343953;7;Premixed flame;premixed flame propagating;0.896;3;match válido;Qwen3-1.7B
ID_1836274062343953;8;Turbulent flow;turbulent reactive flows;0.887;3;match válido;Qwen3-1.7B
ID_1836274062343953;9;Unsteady flow;unsteady turbulent premixed (rej);0.788;0;sem match válido;Qwen3-1.7B
ID_1836274062343953;10;Large eddy simulation;combustion modelling (rej);0.469;0;sem match válido;Qwen3-1.7B
ID_1836274062343953;11;Computational fluid dynamics;unsteady turbulent reactive (rej);0.626;0;sem match válido;Qwen3-1.7B
ID_1836274062343953;12;Flamelet model;flamelet approach;0.828;3;match válido;Qwen3-1.7B
ID_1836274062343953;13;Incompressible flow;turbulent reactive flows (rej);0.594;0;sem match válido;Qwen3-1.7B
ID_1836274062343953;14;Viscous flow;turbulent reactive flows (rej);0.721;0;sem match válido;Qwen3-1.7B
ID_1836274062343953;15;Turbulent combustion;unsteady turbulent combustion;0.902;3;match válido;Qwen3-1.7B
ID_1836274062343953;16;Unstructured meshes;unstructured hybrid grid (rej);0.604;0;sem match válido;Qwen3-1.7B
ID_1836274062343953;17;Steady flows;turbulent reactive flows (rej);0.571;0;sem match válido;Qwen3-1.7B
ID_1836274062343953;18;Numerical methods;governing equations (rej);0.575;0;sem match válido;Qwen3-1.7B
ID_1836274062343953;19;Computational simulations;artificial compressibility formulation (rej);0.563;0;sem match válido;Qwen3-1.7B
ID_1836274062343953;20;Fluid dynamics;turbulent reactive flows (rej);0.672;0;sem match válido;Qwen3-1.7B
ID_4120322936662925;1;diversidade;hemileia vastatrix (rej);0.324;0;sem match válido;Qwen3-1.7B
ID_4120322936662925;2;Mata Atlantica;hemileia vastatrix (rej);0.440;0;sem match válido;Qwen3-1.7B
ID_4120322936662925;3;"abstract"":";adhesion (rej);0.290;0;sem match válido;Qwen3-1.7B
ID_4120322936662925;4;};hemileia vastatrix (rej);0.553;0;sem match válido;Qwen3-1.7B
ID_4120322936662925;5;{;hemileia vastatrix (rej);0.535;0;sem match válido;Qwen3-1.7B
ID_4120322936662925;6;"keywords"":";lectin labeling (rej);0.245;0;sem match válido;Qwen3-1.7B
ID_4120322936662925;7;"keywords"": ""amendoim";adhesion (rej);0.334;0;sem match válido;Qwen3-1.7B
ID_4120322936662925;8;aflatoxina;tendae antifungal protein (rej);0.422;0;sem match válido;Qwen3-1.7B
ID_4120322936662925;9;leveduras;hemileia vastatrix (rej);0.637;0;sem match válido;Qwen3-1.7B
ID_4120322936662925;10;solos;hemileia vastatrix (rej);0.377;0;sem match válido;Qwen3-1.7B
ID_4120322936662925;11;"keywords"": ""Baccharis dracunculifolia";trichosporon montevideense cloa (rej);0.574;0;sem match válido;Qwen3-1.7B
ID_4120322936662925;12;Fungos endofiticos;rust fungi (rej);0.659;0;sem match válido;Qwen3-1.7B
ID_4120322936662925;13;extrato foliar;hemileia vastatrix (rej);0.486;0;sem match válido;Qwen3-1.7B
ID_4120322936662925;14;;;;;;Qwen3-1.7B
ID_4120322936662925;15;;;;;;Qwen3-1.7B
ID_4120322936662925;16;;;;;;Qwen3-1.7B
ID_4120322936662925;17;;;;;;Qwen3-1.7B
ID_4120322936662925;18;;;;;;Qwen3-1.7B
ID_4120322936662925;19;;;;;;Qwen3-1.7B
ID_4120322936662925;20;;;;;;Qwen3-1.7B
ID_7249500407405478;1;nanocomposites;nanocompósitos;0.946;3;match válido;Qwen3-1.7B
ID_7249500407405478;2;polietileno;polyethylene;0.941;2;match válido;Qwen3-1.7B
ID_7249500407405478;3;argilas organofilicas;argilas organofílicas;0.912;3;match válido;Qwen3-1.7B
ID_7249500407405478;4;montmorillonita;styrene-butadiene (rej);0.594;0;sem match válido;Qwen3-1.7B
ID_7249500407405478;5;exfoliacao;reactive extrusion (rej);0.665;0;sem match válido;Qwen3-1.7B
ID_7249500407405478;6;termoestabilidade;thermal stability;0.865;2;match válido;Qwen3-1.7B
ID_7249500407405478;7;flammabilidade;flammability;0.972;2;match válido;Qwen3-1.7B
ID_7249500407405478;8;mecanica;propriedades mecânicas;0.751;3;match válido;Qwen3-1.7B
ID_7249500407405478;9;reologia;styrene-butadiene (rej);0.657;0;sem match válido;Qwen3-1.7B
ID_7249500407405478;10;compatibilizacao;reactive compatibilization;0.840;3;match válido;Qwen3-1.7B
ID_7249500407405478;11;morfologia;morphology;0.965;3;match válido;Qwen3-1.7B
ID_7249500407405478;12;tensao interfacial;interfacial tension;0.835;3;match válido;Qwen3-1.7B
ID_7249500407405478;13;termogravimetria;thermal stability (rej);0.635;0;sem match válido;Qwen3-1.7B
ID_7249500407405478;14;diffracao de raios X;x-ray diffraction;0.829;3;match válido;Qwen3-1.7B
ID_7249500407405478;15;microscopia eletronica;transmission electron microscopy (rej);0.736;0;sem match válido;Qwen3-1.7B
ID_7249500407405478;16;termoelasticidade;thermal stability (rej);0.745;0;sem match válido;Qwen3-1.7B
ID_7249500407405478;17;propriedades de barreira;physical properties (rej);0.661;0;sem match válido;Qwen3-1.7B
ID_7249500407405478;18;processamento;reactive compatibilization (rej);0.497;0;sem match válido;Qwen3-1.7B
ID_7249500407405478;19;poliamida 6;polietileno e poliamida-6;0.933;2;match válido;Qwen3-1.7B
ID_7249500407405478;20;polietileno argila;polyamide;0.867;1;match válido;Qwen3-1.7B
ID_9542837933586912;1;Cuprous Oxide;chemical characterizations (rej);0.563;0;sem match válido;Qwen3-1.7B
ID_9542837933586912;2;Diluted Magnetic Semiconductor;semicondutor (rej);0.692;0;sem match válido;Qwen3-1.7B
ID_9542837933586912;3;Electrodeposition;impurity potentials (rej);0.512;0;sem match válido;Qwen3-1.7B
ID_9542837933586912;4;CdTe;semicondutor (rej);0.344;0;sem match válido;Qwen3-1.7B
ID_9542837933586912;5;Semiconductor nanocrystal;semicondutor (rej);0.725;0;sem match válido;Qwen3-1.7B
ID_9542837933586912;6;PVA;disorder (rej);0.362;0;sem match válido;Qwen3-1.7B
ID_9542837933586912;7;Photoluminescence;directed photoluminescent emission;0.896;1;match válido;Qwen3-1.7B
ID_9542837933586912;8;Piezoelectricity;semicondutor (rej);0.529;0;sem match válido;Qwen3-1.7B
ID_9542837933586912;9;ZnO;disorder (rej);0.389;0;sem match válido;Qwen3-1.7B
ID_9542837933586912;10;Al2O3;chemical characterizations (rej);0.475;0;sem match válido;Qwen3-1.7B
ID_9542837933586912;11;Sulfur vacancies;obtaining silica (rej);0.351;0;sem match válido;Qwen3-1.7B
ID_9542837933586912;12;ZnS;disorder (rej);0.418;0;sem match válido;Qwen3-1.7B
ID_9542837933586912;13;Silica;obtaining silica;0.869;1;match válido;Qwen3-1.7B
ID_9542837933586912;14;Rice hulls;extracting silica (rej);0.351;0;sem match válido;Qwen3-1.7B
ID_9542837933586912;15;Nanoparticles;semicondutor (rej);0.429;0;sem match válido;Qwen3-1.7B
ID_9542837933586912;16;Thermogravimetric analysis;low-temperature scanning gate (rej);0.494;0;sem match válido;Qwen3-1.7B
ID_9542837933586912;17;Fourier transform infrared;directed photoluminescent emission (rej);0.464;0;sem match válido;Qwen3-1.7B
ID_9542837933586912;18;Ultraviolet visible spectroscopy;directed photoluminescent emission (rej);0.657;0;sem match válido;Qwen3-1.7B
ID_9542837933586912;19;Van der Pauw measurements;quantum transport (rej);0.309;0;sem match válido;Qwen3-1.7B
ID_9542837933586912;20;Hopping transport;quantum transport (rej);0.567;0;sem match válido;Qwen3-1.7B
ID_5065411466998527;1;Leishmania;leishmaniasis;0.794;3;match válido;Qwen3-1.7B
ID_5065411466998527;2;Proteasome;proteasome;0.954;2;match válido;Qwen3-1.7B
ID_5065411466998527;3;Antileishmanial;leishmanicidal activity (rej);0.579;0;sem match válido;Qwen3-1.7B
ID_5065411466998527;4;Liposomes;liposomal-lupane system;0.879;3;match válido;Qwen3-1.7B
ID_5065411466998527;5;Macrophages;murine peritoneal macrophages (rej);0.710;0;sem match válido;Qwen3-1.7B
ID_5065411466998527;6;Cytotoxicity;leishmanicidal activity (rej);0.386;0;sem match válido;Qwen3-1.7B
ID_5065411466998527;7;Nitric Oxide;nitric oxide;0.959;3;match válido;Qwen3-1.7B
ID_5065411466998527;8;Triterpenes;leishmaniasis (rej);0.575;0;sem match válido;Qwen3-1.7B
ID_5065411466998527;9;Antimicrobial;nanobiotechnology application (rej);0.481;0;sem match válido;Qwen3-1.7B
ID_5065411466998527;10;Drug Development;potential biotechnology (rej);0.596;0;sem match válido;Qwen3-1.7B
ID_5065411466998527;11;Vaccine;vaccine’s formulation;0.917;2;match válido;Qwen3-1.7B
ID_5065411466998527;12;Biological Activity;activity on promastigotes (rej);0.637;0;sem match válido;Qwen3-1.7B
ID_5065411466998527;13;Drug Resistance;resistance and susceptibility (rej);0.721;0;sem match válido;Qwen3-1.7B
ID_5065411466998527;14;Bioinformatics;potential biotechnology (rej);0.589;0;sem match válido;Qwen3-1.7B
ID_5065411466998527;15;Molecular Interaction;reactive oxygen intermediates (rej);0.473;0;sem match válido;Qwen3-1.7B
ID_5065411466998527;16;Antiparasitic;malaria (rej);0.560;0;sem match válido;Qwen3-1.7B
ID_5065411466998527;17;Chemotherapy;vaccine’s formulation (rej);0.325;0;sem match válido;Qwen3-1.7B
ID_5065411466998527;18;Phytochemistry;activity on promastigotes (rej);0.510;0;sem match válido;Qwen3-1.7B
ID_5065411466998527;19;Drug Delivery;vaccines adjuvant systems (rej);0.423;0;sem match válido;Qwen3-1.7B
ID_5065411466998527;20;Antimalarial;malaria (rej);0.623;0;sem match válido;Qwen3-1.7B
ID_4550717883781091;1;Fungos;yeast-like fungi involved;0.771;2;match válido;Qwen3-1.7B
ID_4550717883781091;2;Fungos filamentosos;soilborne filamentous fungi;0.820;3;match válido;Qwen3-1.7B
ID_4550717883781091;3;Fungos negros;soil fungi (rej);0.755;0;sem match válido;Qwen3-1.7B
ID_4550717883781091;4;Biodegradacao;organic soil (rej);0.464;0;sem match válido;Qwen3-1.7B
ID_4550717883781091;5;Fenol-oxidases;saccharogenic and dextrinogenic (rej);0.473;0;sem match válido;Qwen3-1.7B
ID_4550717883781091;6;Amido;fonsecaea (rej);0.509;0;sem match válido;Qwen3-1.7B
ID_4550717883781091;7;Amilolitico;fonsecaea (rej);0.619;0;sem match válido;Qwen3-1.7B
ID_4550717883781091;8;Fenol;polymer blends (rej);0.497;0;sem match válido;Qwen3-1.7B
ID_4550717883781091;9;Mecanismo de isolacao;environmental isolation (rej);0.715;0;sem match válido;Qwen3-1.7B
ID_4550717883781091;10;Moléculas;saccharogenic and dextrinogenic (rej);0.524;0;sem match válido;Qwen3-1.7B
ID_4550717883781091;11;Fungos melanizados;yeast-like fungi involved (rej);0.692;0;sem match válido;Qwen3-1.7B
ID_4550717883781091;12;Fungos endofiticos;yeast-like fungi involved (rej);0.701;0;sem match válido;Qwen3-1.7B
ID_4550717883781091;13;Fungos transientes;fungal isolation;0.781;3;match válido;Qwen3-1.7B
ID_4550717883781091;14;Fungos de solos;soil fungi;0.916;3;match válido;Qwen3-1.7B
ID_4550717883781091;15;Fungos de folhas;soil fungi (rej);0.812;0;sem match válido;Qwen3-1.7B
ID_4550717883781091;16;Fungos de ambientes contaminados;soilborne filamentous fungi (rej);0.716;0;sem match válido;Qwen3-1.7B
ID_4550717883781091;17;Fungos de antas;soil fungi (rej);0.823;0;sem match válido;Qwen3-1.7B
ID_4550717883781091;18;Fungos de rios;soilborne filamentous fungi (rej);0.731;0;sem match válido;Qwen3-1.7B
ID_4550717883781091;19;Fungos de plantas;soil fungi (rej);0.852;0;sem match válido;Qwen3-1.7B
ID_4550717883781091;20;Fungos de estudos de ecologia;neotropical fungal ecology;0.862;3;match válido;Qwen3-1.7B
ID_1218389465274602;1;herpes virus;herpes virus;1.000;2;match válido;Qwen3-1.7B
ID_1218389465274602;2;resposta imune a virus;viral replication (rej);0.703;0;sem match válido;Qwen3-1.7B
ID_1218389465274602;3;imunidade inata;sterile inflammation (rej);0.422;0;sem match válido;Qwen3-1.7B
ID_1218389465274602;4;innate immunity;vaccinia virus protein (rej);0.433;0;sem match válido;Qwen3-1.7B
ID_1218389465274602;5;Toll like receptors;receptor (rej);0.747;0;sem match válido;Qwen3-1.7B
ID_1218389465274602;6;receptores tipo Toll;receptor;0.760;1;match válido;Qwen3-1.7B
ID_1218389465274602;7;virologia;virulence factor (rej);0.736;0;sem match válido;Qwen3-1.7B
ID_1218389465274602;8;chemokines;danger associated molecular patterns (rej);0.456;0;sem match válido;Qwen3-1.7B
ID_1218389465274602;9;cytokines;cell signaling (rej);0.576;0;sem match válido;Qwen3-1.7B
ID_1218389465274602;10;TNF-Î;met-rantes (rej);0.459;0;sem match válido;Qwen3-1.7B
ID_1218389465274602;11;interferon-Î³;met-rantes (rej);0.366;0;sem match válido;Qwen3-1.7B
ID_1218389465274602;12;leukocyte adhesion;leukocyte adhesion;1.000;1;match válido;Qwen3-1.7B
ID_1218389465274602;13;viral replication;viral replication;1.000;2;match válido;Qwen3-1.7B
ID_1218389465274602;14;neutrophils;neutrophil recruitment;0.881;1;match válido;Qwen3-1.7B
ID_1218389465274602;15;chemokine up-regulation;cell signaling (rej);0.532;0;sem match válido;Qwen3-1.7B
ID_1218389465274602;16;inflammation;sterile inflammation;0.763;1;match válido;Qwen3-1.7B
ID_1218389465274602;17;endothelium;trigeminal ganglia (rej);0.484;0;sem match válido;Qwen3-1.7B
ID_1218389465274602;18;leukocyte recruitment;leukocyte adhesion (rej);0.727;0;sem match válido;Qwen3-1.7B
ID_1218389465274602;19;TLR2;receptor (rej);0.463;0;sem match válido;Qwen3-1.7B
ID_1218389465274602;20;TLR9;met-rantes (rej);0.449;0;sem match válido;Qwen3-1.7B
ID_2864595160355410;1;Amoxicilina;prescription of antibiotics (rej);0.552;0;sem match válido;Qwen3-1.7B
ID_2864595160355410;2;Diclofenac;uso de tetraciclinas (rej);0.599;0;sem match válido;Qwen3-1.7B
ID_2864595160355410;3;Bioavailability;bacterial resistance (rej);0.459;0;sem match válido;Qwen3-1.7B
ID_2864595160355410;4;Fluoride;uso de cloranfenicol (rej);0.500;0;sem match válido;Qwen3-1.7B
ID_2864595160355410;5;Absorption;resistência (rej);0.392;0;sem match válido;Qwen3-1.7B
ID_2864595160355410;6;Dentifrice;prescription (rej);0.424;0;sem match válido;Qwen3-1.7B
ID_2864595160355410;7;Dental fluorosis;bacterial infections (rej);0.362;0;sem match válido;Qwen3-1.7B
ID_2864595160355410;8;Food;tissue levels (rej);0.214;0;sem match válido;Qwen3-1.7B
ID_2864595160355410;9;Fluoride Dentifrice;uso de cloranfenicol (rej);0.504;0;sem match válido;Qwen3-1.7B
ID_2864595160355410;10;Antibióticos;uso de antibióticos;0.968;3;match válido;Qwen3-1.7B
ID_2864595160355410;11;Pediatria;treatment and patient (rej);0.454;0;sem match válido;Qwen3-1.7B
ID_2864595160355410;12;Prescrição;prescription;0.956;2;match válido;Qwen3-1.7B
ID_2864595160355410;13;Antimicrobianos;terapêutica antimicrobiana;0.951;3;match válido;Qwen3-1.7B
ID_2864595160355410;14;Inflamatorios não esteroides;uso de tetraciclinas (rej);0.608;0;sem match válido;Qwen3-1.7B
ID_2864595160355410;15;Vias aéreas superiores;upper respiratory infections (rej);0.292;0;sem match válido;Qwen3-1.7B
ID_2864595160355410;16;SUS;treatment (rej);0.331;0;sem match válido;Qwen3-1.7B
ID_2864595160355410;17;Evidências clínicas;treatment and patient (rej);0.552;0;sem match válido;Qwen3-1.7B
ID_2864595160355410;18;Ações judiciais;treatment and patient (rej);0.309;0;sem match válido;Qwen3-1.7B
ID_2864595160355410;19;Acesso ao medicamento;prescrições e uso (rej);0.796;0;sem match válido;Qwen3-1.7B
ID_2864595160355410;20;Farmacêutica;prescrições e uso;0.818;3;match válido;Qwen3-1.7B
ID_0990344839864230;1;CSCW;software agent communication (rej);0.284;0;sem match válido;Qwen3-1.7B
ID_0990344839864230;2;Groupware;ubiquitous software systems (rej);0.493;0;sem match válido;Qwen3-1.7B
ID_0990344839864230;3;Lotus Notes;ubiquitous software systems (rej);0.261;0;sem match válido;Qwen3-1.7B
ID_0990344839864230;4;Planejamento de Telecomunicacoes;mobile ad hoc networks (rej);0.619;0;sem match válido;Qwen3-1.7B
ID_0990344839864230;5;Meetingware;ubiquitous computing (rej);0.480;0;sem match válido;Qwen3-1.7B
ID_0990344839864230;6;data mining;data mining;1.000;2;match válido;Qwen3-1.7B
ID_0990344839864230;7;ontologias;modelo conceitual (rej);0.482;0;sem match válido;Qwen3-1.7B
ID_0990344839864230;8;banco de dados;data mining (rej);0.645;0;sem match válido;Qwen3-1.7B
ID_0990344839864230;9;Redes Sociais;social networks;0.976;3;match válido;Qwen3-1.7B
ID_0990344839864230;10;Emergency Management;ehealth (rej);0.363;0;sem match válido;Qwen3-1.7B
ID_0990344839864230;11;microblogging;social media (rej);0.609;0;sem match válido;Qwen3-1.7B
ID_0990344839864230;12;inteligencia coletiva;opportunistic collaboration (rej);0.568;0;sem match válido;Qwen3-1.7B
ID_0990344839864230;13;social matching;social networks analysis (rej);0.640;0;sem match válido;Qwen3-1.7B
ID_0990344839864230;14;online learning;information sharing (rej);0.456;0;sem match válido;Qwen3-1.7B
ID_0990344839864230;15;web connection;mobile ad hoc networks (rej);0.494;0;sem match válido;Qwen3-1.7B
ID_0990344839864230;16;computacao movel;ubiquitous computing (rej);0.602;0;sem match válido;Qwen3-1.7B
ID_0990344839864230;17;cscw.;ehealth (rej);0.282;0;sem match válido;Qwen3-1.7B
ID_0990344839864230;18;gestao do conhecimento;knowledge flow (rej);0.742;0;sem match válido;Qwen3-1.7B
ID_0990344839864230;19;gestao do conhecimento cientifico;scientific knowledge management;0.759;3;match válido;Qwen3-1.7B
ID_0990344839864230;20;Mobilidade;knowledge flow (rej);0.379;0;sem match válido;Qwen3-1.7B
ID_8970751075617926;1;Leucemia;acute lymphoblastic leukemia;0.878;3;match válido;Qwen3-1.7B
ID_8970751075617926;2;Cytogenetica;cytogenetics analysis;0.941;3;match válido;Qwen3-1.7B
ID_8970751075617926;3;Proteoma;proteomic analysis;0.852;3;match válido;Qwen3-1.7B
ID_8970751075617926;4;Fusao;refractory anemia (rej);0.245;0;sem match válido;Qwen3-1.7B
ID_8970751075617926;5;Translocação;transposable element (rej);0.603;0;sem match válido;Qwen3-1.7B
ID_8970751075617926;6;Cromossomica;embryogenesis (rej);0.624;0;sem match válido;Qwen3-1.7B
ID_8970751075617926;7;Moleculare;n-glycosylation (rej);0.529;0;sem match válido;Qwen3-1.7B
ID_8970751075617926;8;Infectome;refractory anemia (rej);0.375;0;sem match válido;Qwen3-1.7B
ID_8970751075617926;9;Angioinvasao;refractory anemia (rej);0.399;0;sem match válido;Qwen3-1.7B
ID_8970751075617926;10;Hematologia;refractory anemia (rej);0.642;0;sem match válido;Qwen3-1.7B
ID_8970751075617926;11;Tumor;colorectal cancer (rej);0.744;0;sem match válido;Qwen3-1.7B
ID_8970751075617926;12;Angiogenese;embryogenesis (rej);0.433;0;sem match válido;Qwen3-1.7B
ID_8970751075617926;13;Metastase;tumor node metastasis classification (rej);0.721;0;sem match válido;Qwen3-1.7B
ID_8970751075617926;14;Metástase;tumor node metastasis classification (rej);0.514;0;sem match válido;Qwen3-1.7B
ID_8970751075617926;15;Cirurgia;refractory anemia (rej);0.352;0;sem match válido;Qwen3-1.7B
ID_8970751075617926;16;Terapia;survival analysis (rej);0.357;0;sem match válido;Qwen3-1.7B
ID_8970751075617926;17;Cancer;colorectal cancer;0.794;1;match válido;Qwen3-1.7B
ID_8970751075617926;18;Inmunoproteoma;mesenchymal stromal cells (rej);0.500;0;sem match válido;Qwen3-1.7B
ID_8970751075617926;19;Infeccao;refractory anemia (rej);0.378;0;sem match válido;Qwen3-1.7B
ID_8970751075617926;20;Endotelio;xenopus laevis (rej);0.463;0;sem match válido;Qwen3-1.7B
ID_2086707959173246;1;"keywords"": ""Ensino de Biologia";endogamy (rej);0.390;0;sem match válido;Qwen3-1.7B
ID_2086707959173246;2;Ensino de Genetica;recessive genes (rej);0.648;0;sem match válido;Qwen3-1.7B
ID_2086707959173246;3;"abstract"":";spastic (rej);0.386;0;sem match válido;Qwen3-1.7B
ID_2086707959173246;4;};endogamy (rej);0.674;0;sem match válido;Qwen3-1.7B
ID_2086707959173246;5;{;endogamy (rej);0.664;0;sem match válido;Qwen3-1.7B
ID_2086707959173246;6;;;;;;Qwen3-1.7B
ID_2086707959173246;7;;;;;;Qwen3-1.7B
ID_2086707959173246;8;;;;;;Qwen3-1.7B
ID_2086707959173246;9;;;;;;Qwen3-1.7B
ID_2086707959173246;10;;;;;;Qwen3-1.7B
ID_2086707959173246;11;;;;;;Qwen3-1.7B
ID_2086707959173246;12;;;;;;Qwen3-1.7B
ID_2086707959173246;13;;;;;;Qwen3-1.7B
ID_2086707959173246;14;;;;;;Qwen3-1.7B
ID_2086707959173246;15;;;;;;Qwen3-1.7B
ID_2086707959173246;16;;;;;;Qwen3-1.7B
ID_2086707959173246;17;;;;;;Qwen3-1.7B
ID_2086707959173246;18;;;;;;Qwen3-1.7B
ID_2086707959173246;19;;;;;;Qwen3-1.7B
ID_2086707959173246;20;;;;;;Qwen3-1.7B
ID_7927416076958362;1;open clusters;open clusters;1.000;3;match válido;Qwen3-1.7B
ID_7927416076958362;2;galaxy;galaxy: disk;0.863;3;match válido;Qwen3-1.7B
ID_7927416076958362;3;kinematics;proper motion (rej);0.622;0;sem match válido;Qwen3-1.7B
ID_7927416076958362;4;dynamics;proper motion (rej);0.420;0;sem match válido;Qwen3-1.7B
ID_7927416076958362;5;astrophysics;galaxy: structure (rej);0.672;0;sem match válido;Qwen3-1.7B
ID_7927416076958362;6;photometry;photometry;1.000;3;match válido;Qwen3-1.7B
ID_7927416076958362;7;isochrone fitting;fitting isochrones;0.980;3;match válido;Qwen3-1.7B
ID_7927416076958362;8;stellar evolution;young stellar associations (rej);0.703;0;sem match válido;Qwen3-1.7B
ID_7927416076958362;9;metallicity;metallicities from ubv (rej);0.748;0;sem match válido;Qwen3-1.7B
ID_7927416076958362;10;distance;distances and ages;0.758;2;match válido;Qwen3-1.7B
ID_7927416076958362;11;age;distances and ages (rej);0.608;0;sem match válido;Qwen3-1.7B
ID_7927416076958362;12;membership;membership likelihood;0.769;3;match válido;Qwen3-1.7B
ID_7927416076958362;13;proper motion;proper motion;1.000;2;match válido;Qwen3-1.7B
ID_7927416076958362;14;catalogue;photometry (rej);0.359;0;sem match válido;Qwen3-1.7B
ID_7927416076958362;15;spectroscopy;photometry (rej);0.567;0;sem match válido;Qwen3-1.7B
ID_7927416076958362;16;stellar structure;galaxy: structure (rej);0.857;0;sem match válido;Qwen3-1.7B
ID_7927416076958362;17;rotation;spiral pattern rotation;0.789;3;match válido;Qwen3-1.7B
ID_7927416076958362;18;spiral arms;spiral structure;0.838;3;match válido;Qwen3-1.7B
ID_7927416076958362;19;galactic structure;galaxy: structure;0.948;3;match válido;Qwen3-1.7B
ID_7927416076958362;20;element abundance;metallicities from ubv (rej);0.423;0;sem match válido;Qwen3-1.7B
ID_6171517695707255;1;Biologia estrutural;protein–dna complex (rej);0.619;0;sem match válido;Qwen3-1.7B
ID_6171517695707255;2;Cristalografia e difracao de raios X;crystal structure (rej);0.488;0;sem match válido;Qwen3-1.7B
ID_6171517695707255;3;Sistema de Secrecao do Tipo IV;type iv pilus (rej);0.553;0;sem match válido;Qwen3-1.7B
ID_6171517695707255;4;Xanthomonas axonopodis pv. citri;virulence and biofilm (rej);0.419;0;sem match válido;Qwen3-1.7B
ID_6171517695707255;5;Toxinas anti-bacterianas;virulence and biofilm (rej);0.566;0;sem match válido;Qwen3-1.7B
ID_6171517695707255;6;PilZ;pilz;0.969;1;match válido;Qwen3-1.7B
ID_6171517695707255;7;EAL Domain;eal domain;0.986;1;match válido;Qwen3-1.7B
ID_6171517695707255;8;c-diGMP;type iv pilus (rej);0.410;0;sem match válido;Qwen3-1.7B
ID_6171517695707255;9;FimX;pilz (rej);0.431;0;sem match válido;Qwen3-1.7B
ID_6171517695707255;10;PilB;pilz (rej);0.885;0;sem match válido;Qwen3-1.7B
ID_6171517695707255;11;T4SS;tropomyosin (rej);0.383;0;sem match válido;Qwen3-1.7B
ID_6171517695707255;12;NMR;protein–dna complex (rej);0.373;0;sem match válido;Qwen3-1.7B
ID_6171517695707255;13;Interacoes proteina-proteina;protein–protein docking (rej);0.803;0;sem match válido;Qwen3-1.7B
ID_6171517695707255;14;Dinamica de proteinas;protein–protein docking;0.803;3;match válido;Qwen3-1.7B
ID_6171517695707255;15;Ca2 -binding;protein–dna complex (rej);0.432;0;sem match válido;Qwen3-1.7B
ID_6171517695707255;16;Proteina-DNA complex;protein-dna complex;0.941;2;match válido;Qwen3-1.7B
ID_6171517695707255;17;GPCR;pilz (rej);0.336;0;sem match válido;Qwen3-1.7B
ID_6171517695707255;18;Peptides;peptide–membrane interaction;0.796;1;match válido;Qwen3-1.7B
ID_6171517695707255;19;AT1 receptor;multiprotein bridging factor (rej);0.368;0;sem match válido;Qwen3-1.7B
ID_6171517695707255;20;Trocador Na Ca2;coiled-coil (rej);0.419;0;sem match válido;Qwen3-1.7B
ID_9763437636509266;1;Uroginecologia;female urinary incontinence (rej);0.762;0;sem match válido;Qwen3-1.7B
ID_9763437636509266;2;Incontinencia Urinaria;female urinary incontinence;0.854;3;match válido;Qwen3-1.7B
ID_9763437636509266;3;Biotelemetria;stent radiopaque (rej);0.362;0;sem match válido;Qwen3-1.7B
ID_9763437636509266;4;Teste de Caminhada de 6 Minutos;sleep restriction (rej);0.280;0;sem match válido;Qwen3-1.7B
ID_9763437636509266;5;Gastric Yield;gastric yield volume;0.908;3;match válido;Qwen3-1.7B
ID_9763437636509266;6;Esforço Pelviano;polymethylmethacrylate (rej);0.281;0;sem match válido;Qwen3-1.7B
ID_9763437636509266;7;Eletrocautery;estimulação elétrica (rej);0.517;0;sem match válido;Qwen3-1.7B
ID_9763437636509266;8;Manometria;polymethylmethacrylate (rej);0.418;0;sem match válido;Qwen3-1.7B
ID_9763437636509266;9;Estimulação Eletrica;estimulação elétrica;0.950;3;match válido;Qwen3-1.7B
ID_9763437636509266;10;Sensor de Pressão;pressure monitoring;0.894;3;match válido;Qwen3-1.7B
ID_9763437636509266;11;Fisiologia Respiratória;pre- and post-bronchodilator (rej);0.553;0;sem match válido;Qwen3-1.7B
ID_9763437636509266;12;Estimulação Neuromuscular;electrical stimulation (rej);0.703;0;sem match válido;Qwen3-1.7B
ID_9763437636509266;13;Análise Estatística;animal model (rej);0.305;0;sem match válido;Qwen3-1.7B
ID_9763437636509266;14;Sinais de Pressão;pressure monitoring (rej);0.775;0;sem match válido;Qwen3-1.7B
ID_9763437636509266;15;Frequência Cardíaca;stent radiopaque (rej);0.376;0;sem match válido;Qwen3-1.7B
ID_9763437636509266;16;Teste de Função Respiratória;pre- and post-bronchodilator (rej);0.492;0;sem match válido;Qwen3-1.7B
ID_9763437636509266;17;Estenose;polymethylmethacrylate (rej);0.331;0;sem match válido;Qwen3-1.7B
ID_9763437636509266;18;Cirurgia Endovascular;endoscopic treatment;0.842;3;match válido;Qwen3-1.7B
ID_9763437636509266;19;Eletrocoagulacao;estimulação elétrica (rej);0.544;0;sem match válido;Qwen3-1.7B
ID_9763437636509266;20;Fisioterapia;endoscopic treatment (rej);0.448;0;sem match válido;Qwen3-1.7B
ID_6217509029802638;1;space systems;space application;0.754;3;match válido;Qwen3-1.7B
ID_6217509029802638;2;testing methodology;testing methodology;1.000;3;match válido;Qwen3-1.7B
ID_6217509029802638;3;software verification and validation;verification and validation;0.814;3;match válido;Qwen3-1.7B
ID_6217509029802638;4;finite state machine;finite state machines;0.983;2;match válido;Qwen3-1.7B
ID_6217509029802638;5;model-based testing;model based testing;0.994;3;match válido;Qwen3-1.7B
ID_6217509029802638;6;conformance testing;conformance testing process;0.979;3;match válido;Qwen3-1.7B
ID_6217509029802638;7;fault injection;test generation (rej);0.347;0;sem match válido;Qwen3-1.7B
ID_6217509029802638;8;test case generation;specification-based test case generation;0.882;3;match válido;Qwen3-1.7B
ID_6217509029802638;9;simulation model portability;model based testing (rej);0.520;0;sem match válido;Qwen3-1.7B
ID_6217509029802638;10;satellite operation;space applications software (rej);0.490;0;sem match válido;Qwen3-1.7B
ID_6217509029802638;11;embedded software;embedded software;1.000;1;match válido;Qwen3-1.7B
ID_6217509029802638;12;communication protocol testing;communication protocols;0.843;2;match válido;Qwen3-1.7B
ID_6217509029802638;13;anomaly detection;model checking (rej);0.475;0;sem match válido;Qwen3-1.7B
ID_6217509029802638;14;requirements engineering;formal specification (rej);0.591;0;sem match válido;Qwen3-1.7B
ID_6217509029802638;15;system validation;validation techniques;0.809;2;match válido;Qwen3-1.7B
ID_6217509029802638;16;software testing by fault injection;testing methodology (rej);0.638;0;sem match válido;Qwen3-1.7B
ID_6217509029802638;17;test information management;testing methodology (rej);0.711;0;sem match válido;Qwen3-1.7B
ID_6217509029802638;18;model checking;model checking;1.000;2;match válido;Qwen3-1.7B
ID_6217509029802638;19;software fault injection;embedded software (rej);0.568;0;sem match válido;Qwen3-1.7B
ID_6217509029802638;20;satellite telemetry;communication systems (rej);0.437;0;sem match válido;Qwen3-1.7B
ID_7471111924336519;1;Software-Defined Networking (SDN);evolving sdn (rej);0.622;0;sem match válido;Qwen3-1.7B
ID_7471111924336519;2;OpenFlow;availability (rej);0.342;0;sem match válido;Qwen3-1.7B
ID_7471111924336519;3;Performance Evaluation;performability;0.775;3;match válido;Qwen3-1.7B
ID_7471111924336519;4;Data Center Networks;core network (rej);0.681;0;sem match válido;Qwen3-1.7B
ID_7471111924336519;5;Network Management;network performance evaluation (rej);0.741;0;sem match válido;Qwen3-1.7B
ID_7471111924336519;6;Traffic Engineering;traffic models (rej);0.798;0;sem match válido;Qwen3-1.7B
ID_7471111924336519;7;Quality of Service;performance and availability (rej);0.638;0;sem match válido;Qwen3-1.7B
ID_7471111924336519;8;Network Latency;network performance evaluation (rej);0.719;0;sem match válido;Qwen3-1.7B
ID_7471111924336519;9;Fault Tolerance;unavailability (rej);0.377;0;sem match válido;Qwen3-1.7B
ID_7471111924336519;10;Resource Management;performance and availability (rej);0.440;0;sem match válido;Qwen3-1.7B
ID_7471111924336519;11;Network Security;network performance evaluation (rej);0.597;0;sem match válido;Qwen3-1.7B
ID_7471111924336519;12;Collaborative Systems;web clusters (rej);0.487;0;sem match válido;Qwen3-1.7B
ID_7471111924336519;13;Web Services;web clusters (rej);0.602;0;sem match válido;Qwen3-1.7B
ID_7471111924336519;14;Network Resilience;core network (rej);0.573;0;sem match válido;Qwen3-1.7B
ID_7471111924336519;15;Packet Processing;network performance evaluation (rej);0.553;0;sem match válido;Qwen3-1.7B
ID_7471111924336519;16;Network Topology;core network (rej);0.721;0;sem match válido;Qwen3-1.7B
ID_7471111924336519;17;Routing Algorithms;network performance evaluation (rej);0.483;0;sem match válido;Qwen3-1.7B
ID_7471111924336519;18;Traffic Generation;traffic models;0.830;1;match válido;Qwen3-1.7B
ID_7471111924336519;19;System Performance;network performance evaluation (rej);0.674;0;sem match válido;Qwen3-1.7B
ID_7471111924336519;20;Network Stability;core network (rej);0.667;0;sem match válido;Qwen3-1.7B
ID_1387531666012807;1;"keywords"":";development (rej);0.249;0;sem match válido;Qwen3-1.7B
ID_1387531666012807;2;"abstract"":";visual system (rej);0.344;0;sem match válido;Qwen3-1.7B
ID_1387531666012807;3;};superior colliculus (rej);0.477;0;sem match válido;Qwen3-1.7B
ID_1387531666012807;4;{;superior colliculus (rej);0.471;0;sem match válido;Qwen3-1.7B
ID_1387531666012807;5;;;;;;Qwen3-1.7B
ID_1387531666012807;6;;;;;;Qwen3-1.7B
ID_1387531666012807;7;;;;;;Qwen3-1.7B
ID_1387531666012807;8;;;;;;Qwen3-1.7B
ID_1387531666012807;9;;;;;;Qwen3-1.7B
ID_1387531666012807;10;;;;;;Qwen3-1.7B
ID_1387531666012807;11;;;;;;Qwen3-1.7B
ID_1387531666012807;12;;;;;;Qwen3-1.7B
ID_1387531666012807;13;;;;;;Qwen3-1.7B
ID_1387531666012807;14;;;;;;Qwen3-1.7B
ID_1387531666012807;15;;;;;;Qwen3-1.7B
ID_1387531666012807;16;;;;;;Qwen3-1.7B
ID_1387531666012807;17;;;;;;Qwen3-1.7B
ID_1387531666012807;18;;;;;;Qwen3-1.7B
ID_1387531666012807;19;;;;;;Qwen3-1.7B
ID_1387531666012807;20;;;;;;Qwen3-1.7B
ID_0544144585124313;1;dosimetria;dosimetry;0.930;3;match válido;Qwen3-1.7B
ID_0544144585124313;2;dosimetro;aplicação em dosimetria;0.843;2;match válido;Qwen3-1.7B
ID_0544144585124313;3;dosimetro termoluminescente;thermoluminescent dosimetry;0.920;3;match válido;Qwen3-1.7B
ID_0544144585124313;4;dosimetro gel;fricke gel dosimeter;0.817;3;match válido;Qwen3-1.7B
ID_0544144585124313;5;dosimetro quimico;aplicação em dosimetria (rej);0.744;0;sem match válido;Qwen3-1.7B
ID_0544144585124313;6;dosimetro clínico;aplicação em dosimetria (rej);0.729;0;sem match válido;Qwen3-1.7B
ID_0544144585124313;7;dosimetro de eletrons;dosimeters to electron;0.875;3;match válido;Qwen3-1.7B
ID_0544144585124313;8;dosimetro de raio-X;gamma radiation (rej);0.570;0;sem match válido;Qwen3-1.7B
ID_0544144585124313;9;dosimetro de gamma;gamma radiation;0.816;3;match válido;Qwen3-1.7B
ID_0544144585124313;10;dosimetro de ionizante;fricke xylenol gel dosimeter (rej);0.592;0;sem match válido;Qwen3-1.7B
ID_0544144585124313;11;dosimetro de radiação;radiation effect;0.802;3;match válido;Qwen3-1.7B
ID_0544144585124313;12;dosimetro de feixe de eletrons;dosimeters to electron (rej);0.848;0;sem match válido;Qwen3-1.7B
ID_0544144585124313;13;dosimetro de feixe de partículas;aplicação em dosimetria (rej);0.646;0;sem match válido;Qwen3-1.7B
ID_0544144585124313;14;dosimetro de partículas;dosimeters to electron (rej);0.665;0;sem match válido;Qwen3-1.7B
ID_0544144585124313;15;dosimetro de partículas alfa;beta radiation (rej);0.622;0;sem match válido;Qwen3-1.7B
ID_0544144585124313;16;dosimetro de partículas beta;beta radiation (rej);0.716;0;sem match válido;Qwen3-1.7B
ID_0544144585124313;17;dosimetro de partículas gamma;γ-radiation;0.760;2;match válido;Qwen3-1.7B
ID_0544144585124313;18;;;;;;Qwen3-1.7B
ID_0544144585124313;19;;;;;;Qwen3-1.7B
ID_0544144585124313;20;;;;;;Qwen3-1.7B
ID_2364016372924935;1;"keywords"":";prodigiosin (rej);0.260;0;sem match válido;Qwen3-1.7B
ID_2364016372924935;2;"abstract"":";ultrastructural organization (rej);0.447;0;sem match válido;Qwen3-1.7B
ID_2364016372924935;3;};prodigiosin (rej);0.703;0;sem match válido;Qwen3-1.7B
ID_2364016372924935;4;{;prodigiosin (rej);0.711;0;sem match válido;Qwen3-1.7B
ID_2364016372924935;5;"titulo"": ""Effects of azadirachtin on the development of Rhodnius prolixus";rhodnius prolixus;0.813;3;match válido;Qwen3-1.7B
ID_2364016372924935;6;;;;;;Qwen3-1.7B
ID_2364016372924935;7;;;;;;Qwen3-1.7B
ID_2364016372924935;8;;;;;;Qwen3-1.7B
ID_2364016372924935;9;;;;;;Qwen3-1.7B
ID_2364016372924935;10;;;;;;Qwen3-1.7B
ID_2364016372924935;11;;;;;;Qwen3-1.7B
ID_2364016372924935;12;;;;;;Qwen3-1.7B
ID_2364016372924935;13;;;;;;Qwen3-1.7B
ID_2364016372924935;14;;;;;;Qwen3-1.7B
ID_2364016372924935;15;;;;;;Qwen3-1.7B
ID_2364016372924935;16;;;;;;Qwen3-1.7B
ID_2364016372924935;17;;;;;;Qwen3-1.7B
ID_2364016372924935;18;;;;;;Qwen3-1.7B
ID_2364016372924935;19;;;;;;Qwen3-1.7B
ID_2364016372924935;20;;;;;;Qwen3-1.7B
ID_6532338737692493;1;6 FPGA devices are shown.;microprocessor chips (rej);0.558;0;sem match válido;Qwen3-1.7B
ID_6532338737692493;2;};test (rej);0.469;0;sem match válido;Qwen3-1.7B
ID_6532338737692493;3;{;test (rej);0.505;0;sem match válido;Qwen3-1.7B
ID_6532338737692493;4;"titulo"": ""A fault-tolerant architecture for fault injection in microprocessors";software-based fault tolerant (rej);0.698;0;sem match válido;Qwen3-1.7B
ID_6532338737692493;5;"keywords"":";software signatures (rej);0.378;0;sem match válido;Qwen3-1.7B
ID_6532338737692493;6;it is enhanced to support a new software-based technique. Also;software-based techniques (rej);0.699;0;sem match válido;Qwen3-1.7B
ID_6532338737692493;7;"titulo"": ""A Fault-Tolerant Architecture for Fault Injection in Microprocessors";software-based fault tolerant (rej);0.675;0;sem match válido;Qwen3-1.7B
ID_6532338737692493;8;;;;;;Qwen3-1.7B
ID_6532338737692493;9;;;;;;Qwen3-1.7B
ID_6532338737692493;10;;;;;;Qwen3-1.7B
ID_6532338737692493;11;;;;;;Qwen3-1.7B
ID_6532338737692493;12;;;;;;Qwen3-1.7B
ID_6532338737692493;13;;;;;;Qwen3-1.7B
ID_6532338737692493;14;;;;;;Qwen3-1.7B
ID_6532338737692493;15;;;;;;Qwen3-1.7B
ID_6532338737692493;16;;;;;;Qwen3-1.7B
ID_6532338737692493;17;;;;;;Qwen3-1.7B
ID_6532338737692493;18;;;;;;Qwen3-1.7B
ID_6532338737692493;19;;;;;;Qwen3-1.7B
ID_6532338737692493;20;;;;;;Qwen3-1.7B
ID_5265254209364825;1;análise de falhas;fault diagnosis (rej);0.669;0;sem match válido;Qwen3-1.7B
ID_5265254209364825;2;redução de falhas;reliability (rej);0.511;0;sem match válido;Qwen3-1.7B
ID_5265254209364825;3;testes de circuitos;integrated circuit testing;0.866;3;match válido;Qwen3-1.7B
ID_5265254209364825;4;análise de circuitos;integrated circuit design (rej);0.745;0;sem match válido;Qwen3-1.7B
ID_5265254209364825;5;redução de perda de dados;reliability (rej);0.326;0;sem match válido;Qwen3-1.7B
ID_5265254209364825;6;testes de rede;testing;0.872;3;match válido;Qwen3-1.7B
ID_5265254209364825;7;análise de rede;testable electrical networks (rej);0.615;0;sem match válido;Qwen3-1.7B
ID_5265254209364825;8;testes de sistemas;test;0.792;3;match válido;Qwen3-1.7B
ID_5265254209364825;9;análise de sistemas;sistemas eletrônicos (rej);0.661;0;sem match válido;Qwen3-1.7B
ID_5265254209364825;10;redução de custo;reliability (rej);0.291;0;sem match válido;Qwen3-1.7B
ID_5265254209364825;11;testes de componentes;analog testing;0.773;3;match válido;Qwen3-1.7B
ID_5265254209364825;12;análise de componentes;test of interconnects (rej);0.489;0;sem match válido;Qwen3-1.7B
ID_5265254209364825;13;análise de falhas em circuitos;integrated circuit testing (rej);0.737;0;sem match válido;Qwen3-1.7B
ID_5265254209364825;14;análise de falhas em sistemas;fault diagnosis (rej);0.614;0;sem match válido;Qwen3-1.7B
ID_5265254209364825;15;análise de falhas em componentes;fault diagnosis (rej);0.631;0;sem match válido;Qwen3-1.7B
ID_5265254209364825;16;análise de falhas em sistemas de comunicação;testable electrical networks (rej);0.510;0;sem match válido;Qwen3-1.7B
ID_5265254209364825;17;análise de falhas em redes;testable electrical networks (rej);0.650;0;sem match válido;Qwen3-1.7B
ID_5265254209364825;18;análise de falhas em sistemas de processamento;fault diagnosis (rej);0.548;0;sem match válido;Qwen3-1.7B
ID_5265254209364825;19;análise de falhas em sistemas de hardware;integrated circuit testing (rej);0.632;0;sem match válido;Qwen3-1.7B
ID_5265254209364825;20;análise de falhas em sistemas de software;fault diagnosis (rej);0.505;0;sem match válido;Qwen3-1.7B
ID_1364246301366731;1;Camada limite planetaria;anthropogenic energy flux (rej);0.476;0;sem match válido;Qwen3-1.7B
ID_1364246301366731;2;Turbulencia atmosferica;atmospheric numerical model (rej);0.722;0;sem match válido;Qwen3-1.7B
ID_1364246301366731;3;Dispersao de poluentes;urban climate (rej);0.515;0;sem match válido;Qwen3-1.7B
ID_1364246301366731;4;Modelo LES;coupled numerical model (rej);0.576;0;sem match válido;Qwen3-1.7B
ID_1364246301366731;5;Dispersao lagrangiana;wavelet (rej);0.480;0;sem match válido;Qwen3-1.7B
ID_1364246301366731;6;Efeitos topograficos;wind field over complex terrain (rej);0.575;0;sem match válido;Qwen3-1.7B
ID_1364246301366731;7;Balanco de energia;anthropogenic energy flux (rej);0.742;0;sem match válido;Qwen3-1.7B
ID_1364246301366731;8;Simulacao numerica;coupled numerical model (rej);0.678;0;sem match válido;Qwen3-1.7B
ID_1364246301366731;9;Camada limite oceanica;equatorial atlantic ocean (rej);0.746;0;sem match válido;Qwen3-1.7B
ID_1364246301366731;10;Efeitos da superficie;surface radiation balance (rej);0.560;0;sem match válido;Qwen3-1.7B
ID_1364246301366731;11;Jatos de baixos niveis;air–sea interaction (rej);0.528;0;sem match válido;Qwen3-1.7B
ID_1364246301366731;12;Efeitos da topografia;wind field over complex terrain (rej);0.565;0;sem match válido;Qwen3-1.7B
ID_1364246301366731;13;Radiacao solar;solar radiation;0.934;3;match válido;Qwen3-1.7B
ID_1364246301366731;14;Instrumentacao meteorologica;atmospheric numerical model (rej);0.681;0;sem match válido;Qwen3-1.7B
ID_1364246301366731;15;Modelos numericos;coupled numerical model;0.799;2;match válido;Qwen3-1.7B
ID_1364246301366731;16;Condicao de boa mistura;latent heat (rej);0.350;0;sem match válido;Qwen3-1.7B
ID_1364246301366731;17;Eddy diffusivity;wavelet (rej);0.481;0;sem match válido;Qwen3-1.7B
ID_1364246301366731;18;Modelo euleriano;coupled numerical model (rej);0.470;0;sem match válido;Qwen3-1.7B
ID_1364246301366731;19;Efeitos da conveccao;latent heat (rej);0.615;0;sem match válido;Qwen3-1.7B
ID_1364246301366731;20;Efeitos do jato de baixos niveis;air–sea interaction (rej);0.568;0;sem match válido;Qwen3-1.7B
ID_5118629875846648;1;Talassemias;index structures (rej);0.306;0;sem match válido;Qwen3-1.7B
ID_5118629875846648;2;Diagnostico Laboratorial;medical images (rej);0.445;0;sem match válido;Qwen3-1.7B
ID_5118629875846648;3;Diversidade Genetica;genetic algorithms (rej);0.612;0;sem match válido;Qwen3-1.7B
ID_5118629875846648;4;Banco de dados;multimedia databases (rej);0.740;0;sem match válido;Qwen3-1.7B
ID_5118629875846648;5;bioinformatica;genetic algorithms (rej);0.459;0;sem match válido;Qwen3-1.7B
ID_5118629875846648;6;Content-Based Image Retrieval;content-based image retrieval;0.995;3;match válido;Qwen3-1.7B
ID_5118629875846648;7;Metodos de acesso em bancos de dados;multimedia databases (rej);0.616;0;sem match válido;Qwen3-1.7B
ID_5118629875846648;8;Consultas por similaridade;similarity queries;0.822;3;match válido;Qwen3-1.7B
ID_5118629875846648;9;Bancos de dados de imagens;content-based image retrieval (rej);0.755;0;sem match válido;Qwen3-1.7B
ID_5118629875846648;10;Visualizacao de dados;data mining (rej);0.629;0;sem match válido;Qwen3-1.7B
ID_5118629875846648;11;Espacos metricos;metric access (rej);0.733;0;sem match válido;Qwen3-1.7B
ID_5118629875846648;12;Dados metrico-temporais;metric access (rej);0.578;0;sem match válido;Qwen3-1.7B
ID_5118629875846648;13;Ferramentas de apoio a projetos;versões de objetos (rej);0.314;0;sem match válido;Qwen3-1.7B
ID_5118629875846648;14;Controle de Versao;fast feature selection (rej);0.379;0;sem match válido;Qwen3-1.7B
ID_5118629875846648;15;Meta-Dados;versões de objetos (rej);0.412;0;sem match válido;Qwen3-1.7B
ID_5118629875846648;16;Esquemas de Dados;data mining;0.770;3;match válido;Qwen3-1.7B
ID_5118629875846648;17;Orientacao a Objetos;versões de objetos (rej);0.653;0;sem match válido;Qwen3-1.7B
ID_5118629875846648;18;Sistemas de Informacao Hospitalar;content-based medical image (rej);0.474;0;sem match válido;Qwen3-1.7B
ID_5118629875846648;19;Reconhecimento de padroes em imagens medicas;medical images;0.809;3;match válido;Qwen3-1.7B
ID_5118629875846648;20;Recuperacao de imagem a partir de conteudo;content-based image retrieval (rej);0.787;0;sem match válido;Qwen3-1.7B
ID_3594651355252245;1;molecules: A quantum biochemistry study;dna molecule (rej);0.669;0;sem match válido;Qwen3-1.7B
ID_3594651355252245;2;"keywords"":";dna molecule (rej);0.296;0;sem match válido;Qwen3-1.7B
ID_3594651355252245;3;which is in agreement with the experimental results.;ising model (rej);0.357;0;sem match válido;Qwen3-1.7B
ID_3594651355252245;4;};quasi-crystals (rej);0.601;0;sem match válido;Qwen3-1.7B
ID_3594651355252245;5;{;quasi-crystals (rej);0.608;0;sem match válido;Qwen3-1.7B
ID_3594651355252245;6;;;;;;Qwen3-1.7B
ID_3594651355252245;7;;;;;;Qwen3-1.7B
ID_3594651355252245;8;;;;;;Qwen3-1.7B
ID_3594651355252245;9;;;;;;Qwen3-1.7B
ID_3594651355252245;10;;;;;;Qwen3-1.7B
ID_3594651355252245;11;;;;;;Qwen3-1.7B
ID_3594651355252245;12;;;;;;Qwen3-1.7B
ID_3594651355252245;13;;;;;;Qwen3-1.7B
ID_3594651355252245;14;;;;;;Qwen3-1.7B
ID_3594651355252245;15;;;;;;Qwen3-1.7B
ID_3594651355252245;16;;;;;;Qwen3-1.7B
ID_3594651355252245;17;;;;;;Qwen3-1.7B
ID_3594651355252245;18;;;;;;Qwen3-1.7B
ID_3594651355252245;19;;;;;;Qwen3-1.7B
ID_3594651355252245;20;;;;;;Qwen3-1.7B
ID_7927685281122435;1;geofisica aplicada;tilted transversely isotropic (rej);0.453;0;sem match válido;Qwen3-1.7B
ID_7927685281122435;2;migracao sismica;migração pré-empilhamento (rej);0.684;0;sem match válido;Qwen3-1.7B
ID_7927685281122435;3;imageamento sismico;pré-empilhamento em profundidade (rej);0.450;0;sem match válido;Qwen3-1.7B
ID_7927685281122435;4;equacao da onda;one-way wave equation;0.766;2;match válido;Qwen3-1.7B
ID_7927685281122435;5;migracao reversa no tempo;reverse time migration;0.854;3;match válido;Qwen3-1.7B
ID_7927685281122435;6;anisotropia;complex padé (rej);0.473;0;sem match válido;Qwen3-1.7B
ID_7927685281122435;7;diferencas finitas;complex padé (rej);0.474;0;sem match válido;Qwen3-1.7B
ID_7927685281122435;8;pseudo-spectral;tti pure p-wave (rej);0.507;0;sem match válido;Qwen3-1.7B
ID_7927685281122435;9;meios tti;complex padé (rej);0.637;0;sem match válido;Qwen3-1.7B
ID_7927685281122435;10;seismic modeling;pré-empilhamento em profundidade (rej);0.397;0;sem match válido;Qwen3-1.7B
ID_7927685281122435;11;wave equation;wave equation;1.000;2;match válido;Qwen3-1.7B
ID_7927685281122435;12;poynting vector;prestack migration (rej);0.413;0;sem match válido;Qwen3-1.7B
ID_7927685281122435;13;metodos sismicos;pré-empilhamento em profundidade (rej);0.476;0;sem match válido;Qwen3-1.7B
ID_7927685281122435;14;operador split-step;split-step operator;0.972;2;match válido;Qwen3-1.7B
ID_7927685281122435;15;tempos de transito;reverse time migration (rej);0.662;0;sem match válido;Qwen3-1.7B
ID_7927685281122435;16;expansao rapida;rapid expansion;0.857;2;match válido;Qwen3-1.7B
ID_7927685281122435;17;migracao pre-empilhamento;migração pré-empilhamento;0.988;2;match válido;Qwen3-1.7B
ID_7927685281122435;18;migracao em profundidade;depth migration;0.872;2;match válido;Qwen3-1.7B
ID_7927685281122435;19;migracao de tiro comum;migration (rej);0.716;0;sem match válido;Qwen3-1.7B
ID_7927685281122435;20;migracao em meios heterogeneos;migration;0.909;3;match válido;Qwen3-1.7B
ID_0915732258069388;1;Fluorine;faas (rej);0.414;0;sem match válido;Qwen3-1.7B
ID_0915732258069388;2;Plant Materials;polypropylene membrane (rej);0.409;0;sem match válido;Qwen3-1.7B
ID_0915732258069388;3;HR-CS GF MAS;hs-spme (rej);0.517;0;sem match válido;Qwen3-1.7B
ID_0915732258069388;4;Solid sampling analysis;sample preparation (rej);0.648;0;sem match válido;Qwen3-1.7B
ID_0915732258069388;5;Glass fiber filters;polypropylene membrane (rej);0.455;0;sem match válido;Qwen3-1.7B
ID_0915732258069388;6;High-resolution continuum source AAS;f aas (rej);0.444;0;sem match válido;Qwen3-1.7B
ID_0915732258069388;7;Direct solid sampling;sample preparation (rej);0.617;0;sem match válido;Qwen3-1.7B
ID_0915732258069388;8;Traffic-related elements;response surfaces (rej);0.336;0;sem match válido;Qwen3-1.7B
ID_0915732258069388;9;Airborne particulate matter;environmental samples (rej);0.567;0;sem match válido;Qwen3-1.7B
ID_0915732258069388;10;Copper;trace metals (rej);0.678;0;sem match válido;Qwen3-1.7B
ID_0915732258069388;11;Antimony;faas (rej);0.417;0;sem match válido;Qwen3-1.7B
ID_0915732258069388;12;HR-CS AAS;f aas (rej);0.529;0;sem match válido;Qwen3-1.7B
ID_0915732258069388;13;Non-metals determination;trace metals (rej);0.706;0;sem match válido;Qwen3-1.7B
ID_0915732258069388;14;Spectral Interferences;espectrometria de absorção (rej);0.501;0;sem match válido;Qwen3-1.7B
ID_0915732258069388;15;Method development;sample preparation (rej);0.607;0;sem match válido;Qwen3-1.7B
ID_0915732258069388;16;Molecular absorption spectrometry;molecular absorption spectrometry;0.996;2;match válido;Qwen3-1.7B
ID_0915732258069388;17;Chromatographic profile;gas chromatography (rej);0.641;0;sem match válido;Qwen3-1.7B
ID_0915732258069388;18;Citric fruits;spme (rej);0.178;0;sem match válido;Qwen3-1.7B
ID_0915732258069388;19;HS-SPME;hs-spme;0.909;2;match válido;Qwen3-1.7B
ID_0915732258069388;20;Polidimetilsiloxano;polypropylene membrane (rej);0.599;0;sem match válido;Qwen3-1.7B
ID_3867942762661182;1;XML;xml;0.963;3;match válido;Qwen3-1.7B
ID_3867942762661182;2;Bancos de Dados Temporais;handling temporal information (rej);0.615;0;sem match válido;Qwen3-1.7B
ID_3867942762661182;3;Evolução de Esquemas;schema evolution;0.882;3;match válido;Qwen3-1.7B
ID_3867942762661182;4;Versão de Esquemas;versão estendida;0.810;1;match válido;Qwen3-1.7B
ID_3867942762661182;5;Bibliotecas Digitais;digital libraries;0.954;2;match válido;Qwen3-1.7B
ID_3867942762661182;6;Deduplicacao de Metadados;deduplication;0.803;3;match válido;Qwen3-1.7B
ID_3867942762661182;7;Classificacao;schema (rej);0.607;0;sem match válido;Qwen3-1.7B
ID_3867942762661182;8;Similaridade;similarity;0.990;3;match válido;Qwen3-1.7B
ID_3867942762661182;9;Consultas Aproximadas;research topics (rej);0.494;0;sem match válido;Qwen3-1.7B
ID_3867942762661182;10;XQuery;queries on xml (rej);0.528;0;sem match válido;Qwen3-1.7B
ID_3867942762661182;11;Linguagem de Consultas;unified modeling language profile (rej);0.561;0;sem match válido;Qwen3-1.7B
ID_3867942762661182;12;Metadados Bibliograficos;bibliographic metadata;0.938;2;match válido;Qwen3-1.7B
ID_3867942762661182;13;Data Warehouse;information retrieval (rej);0.527;0;sem match válido;Qwen3-1.7B
ID_3867942762661182;14;Agrupamento de Dados;information retrieval (rej);0.571;0;sem match válido;Qwen3-1.7B
ID_3867942762661182;15;Análise de Redes Sociais;world wide web (rej);0.446;0;sem match válido;Qwen3-1.7B
ID_3867942762661182;16;Visualizacao de Redes Sociais;world wide web (rej);0.466;0;sem match válido;Qwen3-1.7B
ID_3867942762661182;17;Integridade de Dados;information retrieval (rej);0.507;0;sem match válido;Qwen3-1.7B
ID_3867942762661182;18;Modelagem de Bases de Dados;model driven development (rej);0.584;0;sem match válido;Qwen3-1.7B
ID_3867942762661182;19;Evolução de Servicos;schema evolution (rej);0.602;0;sem match válido;Qwen3-1.7B
ID_3867942762661182;20;Compatibilidade de Servicos;similarity (rej);0.527;0;sem match válido;Qwen3-1.7B
ID_7930540518087267;1;alimentacao aves;poultry;0.785;2;match válido;Qwen3-1.7B
ID_7930540518087267;2;nutricao aves;poultry (rej);0.717;0;sem match válido;Qwen3-1.7B
ID_7930540518087267;3;fazenda aves;poultry (rej);0.762;0;sem match válido;Qwen3-1.7B
ID_7930540518087267;4;;;;;;Qwen3-1.7B
ID_7930540518087267;5;;;;;;Qwen3-1.7B
ID_7930540518087267;6;;;;;;Qwen3-1.7B
ID_7930540518087267;7;;;;;;Qwen3-1.7B
ID_7930540518087267;8;;;;;;Qwen3-1.7B
ID_7930540518087267;9;;;;;;Qwen3-1.7B
ID_7930540518087267;10;;;;;;Qwen3-1.7B
ID_7930540518087267;11;;;;;;Qwen3-1.7B
ID_7930540518087267;12;;;;;;Qwen3-1.7B
ID_7930540518087267;13;;;;;;Qwen3-1.7B
ID_7930540518087267;14;;;;;;Qwen3-1.7B
ID_7930540518087267;15;;;;;;Qwen3-1.7B
ID_7930540518087267;16;;;;;;Qwen3-1.7B
ID_7930540518087267;17;;;;;;Qwen3-1.7B
ID_7930540518087267;18;;;;;;Qwen3-1.7B
ID_7930540518087267;19;;;;;;Qwen3-1.7B
ID_7930540518087267;20;;;;;;Qwen3-1.7B
ID_5957855817378897;1;Grid Computing;grid computing;0.978;3;match válido;Qwen3-1.7B
ID_5957855817378897;2;Service grids;grid computing (rej);0.748;0;sem match válido;Qwen3-1.7B
ID_5957855817378897;3;Opportunistic grids;opportunistic grid;0.880;3;match válido;Qwen3-1.7B
ID_5957855817378897;4;Prioritisation;resource allocation (rej);0.527;0;sem match válido;Qwen3-1.7B
ID_5957855817378897;5;Fault Diagnosis;fault tolerance (rej);0.603;0;sem match válido;Qwen3-1.7B
ID_5957855817378897;6;Grid Unit;grid;0.873;2;match válido;Qwen3-1.7B
ID_5957855817378897;7;Software Testing;software fault tolerance (rej);0.590;0;sem match válido;Qwen3-1.7B
ID_5957855817378897;8;Consensus;robust adaptive consensus (rej);0.668;0;sem match válido;Qwen3-1.7B
ID_5957855817378897;9;Slowness Oracle;reliable processing (rej);0.515;0;sem match válido;Qwen3-1.7B
ID_5957855817378897;10;Failure Detection;software fault tolerance (rej);0.590;0;sem match válido;Qwen3-1.7B
ID_5957855817378897;11;Adaptive Failure Detection;software fault tolerance (rej);0.585;0;sem match válido;Qwen3-1.7B
ID_5957855817378897;12;Fault Tolerance;fault tolerance;0.932;2;match válido;Qwen3-1.7B
ID_5957855817378897;13;Resource Management;resource allocation;0.776;3;match válido;Qwen3-1.7B
ID_5957855817378897;14;Energy Efficiency;resource allocation (rej);0.383;0;sem match válido;Qwen3-1.7B
ID_5957855817378897;15;Scheduling;processor scheduling (rej);0.649;0;sem match válido;Qwen3-1.7B
ID_5957855817378897;16;Peer-to-Peer Grids;peer-to-peer grids;0.972;3;match válido;Qwen3-1.7B
ID_5957855817378897;17;Human Computation;processing (rej);0.592;0;sem match válido;Qwen3-1.7B
ID_5957855817378897;18;Distributed Systems;distributed systems;0.993;3;match válido;Qwen3-1.7B
ID_5957855817378897;19;Testing;reliable processing (rej);0.381;0;sem match válido;Qwen3-1.7B
ID_5957855817378897;20;Coloured Petri Nets;redes de escoamento (rej);0.618;0;sem match válido;Qwen3-1.7B
ID_1290711673273506;1;Power Line Communications;power system communication;0.894;3;match válido;Qwen3-1.7B
ID_1290711673273506;2;Harmonic Estimation;time-varying harmonic/interharmonic estimation;0.794;2;match válido;Qwen3-1.7B
ID_1290711673273506;3;Signal Processing;signal processing;0.995;3;match válido;Qwen3-1.7B
ID_1290711673273506;4;Frequency Estimation;frequency estimation;0.979;1;match válido;Qwen3-1.7B
ID_1290711673273506;5;Filtering;signal processing (rej);0.539;0;sem match válido;Qwen3-1.7B
ID_1290711673273506;6;Neural Networks;artificial neural network;0.952;1;match válido;Qwen3-1.7B
ID_1290711673273506;7;Event Classification;quality events recognition (rej);0.697;0;sem match válido;Qwen3-1.7B
ID_1290711673273506;8;Quality of Energy;power quality (rej);0.742;0;sem match válido;Qwen3-1.7B
ID_1290711673273506;9;Data Compression;data compression;0.995;2;match válido;Qwen3-1.7B
ID_1290711673273506;10;Speech Quality Assessment;quality events recognition (rej);0.477;0;sem match válido;Qwen3-1.7B
ID_1290711673273506;11;Power Quality;power quality;0.997;3;match válido;Qwen3-1.7B
ID_1290711673273506;12;Spectrum Sensing;signal detection (rej);0.700;0;sem match válido;Qwen3-1.7B
ID_1290711673273506;13;DSP Implementation;signal processing (rej);0.363;0;sem match válido;Qwen3-1.7B
ID_1290711673273506;14;Modulation;signal compression (rej);0.623;0;sem match válido;Qwen3-1.7B
ID_1290711673273506;15;Channel Capacity;telecommunication channels;0.758;3;match válido;Qwen3-1.7B
ID_1290711673273506;16;Fault Detection;signal detection (rej);0.564;0;sem match válido;Qwen3-1.7B
ID_1290711673273506;17;System Identification;detection and classification (rej);0.632;0;sem match válido;Qwen3-1.7B
ID_1290711673273506;18;Data Transmission;telecommunication channels (rej);0.553;0;sem match válido;Qwen3-1.7B
ID_1290711673273506;19;Signal Decomposition;signal processing (rej);0.757;0;sem match válido;Qwen3-1.7B
ID_1290711673273506;20;Independent Component Analysis;técnica de estimação (rej);0.514;0;sem match válido;Qwen3-1.7B
ID_3746397954560718;1;Oceanografia por Satelite;princeton ocean model (rej);0.650;0;sem match válido;Qwen3-1.7B
ID_3746397954560718;2;Modelagem numerica;two-dimensional modelling (rej);0.697;0;sem match válido;Qwen3-1.7B
ID_3746397954560718;3;Correntes superficiais;upwelling and downwelling (rej);0.543;0;sem match válido;Qwen3-1.7B
ID_3746397954560718;4;Dinamica oceanografica;princeton ocean model (rej);0.734;0;sem match válido;Qwen3-1.7B
ID_3746397954560718;5;Balanco de calor;surface thermal features (rej);0.707;0;sem match válido;Qwen3-1.7B
ID_3746397954560718;6;Tidales;abrolhos (rej);0.502;0;sem match válido;Qwen3-1.7B
ID_3746397954560718;7;Mare;oscar (rej);0.575;0;sem match válido;Qwen3-1.7B
ID_3746397954560718;8;Mare barotropica;abrolhos (rej);0.584;0;sem match válido;Qwen3-1.7B
ID_3746397954560718;9;Correntes de mar;tide (rej);0.701;0;sem match válido;Qwen3-1.7B
ID_3746397954560718;10;Massas de agua;tide (rej);0.594;0;sem match válido;Qwen3-1.7B
ID_3746397954560718;11;Chlorophyll-a;marine ecology (rej);0.284;0;sem match válido;Qwen3-1.7B
ID_3746397954560718;12;Vortice de Abrolhos;abrolhos;0.891;2;match válido;Qwen3-1.7B
ID_3746397954560718;13;Vortice de Vitoria;oscar (rej);0.543;0;sem match válido;Qwen3-1.7B
ID_3746397954560718;14;Correntes de Brasil;southern brazilian;0.845;1;match válido;Qwen3-1.7B
ID_3746397954560718;15;Correntes in situ;abrolhos (rej);0.528;0;sem match válido;Qwen3-1.7B
ID_3746397954560718;16;Top-to-bottom fronts;top-to-bottom front;0.986;2;match válido;Qwen3-1.7B
ID_3746397954560718;17;Sistema de abrolhos;upwelling and downwelling (rej);0.617;0;sem match válido;Qwen3-1.7B
ID_3746397954560718;18;Sistema de buracas;upwelling and downwelling (rej);0.497;0;sem match válido;Qwen3-1.7B
ID_3746397954560718;19;Ecosistemas;marine ecology (rej);0.672;0;sem match válido;Qwen3-1.7B
ID_3746397954560718;20;Modelagem de derramamento de oleo;oil;0.757;2;match válido;Qwen3-1.7B
ID_5006741787749124;1;Haloperidol;methylphenidate (rej);0.604;0;sem match válido;Qwen3-1.7B
ID_5006741787749124;2;Zebrafish;tryptophan hydroxylase (rej);0.225;0;sem match válido;Qwen3-1.7B
ID_5006741787749124;3;"abstract"": ""Abstract The use of haloperidol";methylphenidate (rej);0.473;0;sem match válido;Qwen3-1.7B
ID_5006741787749124;4;an antipsychotic drug;schizophrenia (rej);0.629;0;sem match válido;Qwen3-1.7B
ID_5006741787749124;5;with a 60% reduction in the number of surviving larvae. In addition;darpp-32 (rej);0.179;0;sem match válido;Qwen3-1.7B
ID_5006741787749124;6;and thus;ncs-1 (rej);0.307;0;sem match válido;Qwen3-1.7B
ID_5006741787749124;7;};ncs-1 (rej);0.462;0;sem match válido;Qwen3-1.7B
ID_5006741787749124;8;{;ncs-1 (rej);0.474;0;sem match válido;Qwen3-1.7B
ID_5006741787749124;9;"keywords"":";ncs-1 (rej);0.231;0;sem match válido;Qwen3-1.7B
ID_5006741787749124;10;including dopamine and serotonin. In addition;neuropsychiatric disorders (rej);0.492;0;sem match válido;Qwen3-1.7B
ID_5006741787749124;11;which may serve as a potential biomarker for the diagnosis of schizophrenia.;schizophrenia;0.770;2;match válido;Qwen3-1.7B
ID_5006741787749124;12;;;;;;Qwen3-1.7B
ID_5006741787749124;13;;;;;;Qwen3-1.7B
ID_5006741787749124;14;;;;;;Qwen3-1.7B
ID_5006741787749124;15;;;;;;Qwen3-1.7B
ID_5006741787749124;16;;;;;;Qwen3-1.7B
ID_5006741787749124;17;;;;;;Qwen3-1.7B
ID_5006741787749124;18;;;;;;Qwen3-1.7B
ID_5006741787749124;19;;;;;;Qwen3-1.7B
ID_5006741787749124;20;;;;;;Qwen3-1.7B
ID_9092587237114334;1;Bioinformatica Estrutural;scientific workflows (rej);0.512;0;sem match válido;Qwen3-1.7B
ID_9092587237114334;2;Classificacao;associative classification algorithms (rej);0.712;0;sem match válido;Qwen3-1.7B
ID_9092587237114334;3;Contatos;recuperación de información (rej);0.461;0;sem match válido;Qwen3-1.7B
ID_9092587237114334;4;Mapas de Contatos;voronoi diagrams (rej);0.555;0;sem match válido;Qwen3-1.7B
ID_9092587237114334;5;Proteinas;protein structural;0.877;1;match válido;Qwen3-1.7B
ID_9092587237114334;6;Anonimidade;privacy (rej);0.733;0;sem match válido;Qwen3-1.7B
ID_9092587237114334;7;Privacidade;privacy;0.953;3;match válido;Qwen3-1.7B
ID_9092587237114334;8;Web;internet;0.813;3;match válido;Qwen3-1.7B
ID_9092587237114334;9;Deduplication;singular value decomposition (rej);0.569;0;sem match válido;Qwen3-1.7B
ID_9092587237114334;10;Databases;data mining (rej);0.670;0;sem match válido;Qwen3-1.7B
ID_9092587237114334;11;Análise de Perfeita Hashing;data mining (rej);0.444;0;sem match válido;Qwen3-1.7B
ID_9092587237114334;12;Modelagem Vetorial;set-based vector model (rej);0.668;0;sem match válido;Qwen3-1.7B
ID_9092587237114334;13;Regras de Associacao;associative classification algorithms (rej);0.407;0;sem match válido;Qwen3-1.7B
ID_9092587237114334;14;Set-Based Model;set-based vector model;0.798;3;match válido;Qwen3-1.7B
ID_9092587237114334;15;Informacao Retrata;recuperación de información;0.816;3;match válido;Qwen3-1.7B
ID_9092587237114334;16;Index Termsets;associative classification algorithms (rej);0.472;0;sem match válido;Qwen3-1.7B
ID_9092587237114334;17;Proximity Information;retrieving information (rej);0.533;0;sem match válido;Qwen3-1.7B
ID_9092587237114334;18;Caching;data mining (rej);0.419;0;sem match válido;Qwen3-1.7B
ID_9092587237114334;19;Search Engines;retrieving information (rej);0.499;0;sem match válido;Qwen3-1.7B
ID_9092587237114334;20;Distributed Systems;parallel computing (rej);0.467;0;sem match válido;Qwen3-1.7B
ID_7456235597127456;1;Rutherford backscattering spectrometry (RBS);stoichiometric layer (rej);0.302;0;sem match válido;Qwen3-1.7B
ID_7456235597127456;2;as well as the implantation procedure;silicon (rej);0.298;0;sem match válido;Qwen3-1.7B
ID_7456235597127456;3;is the main reason for the formation of the SiC layer.;stoichiometric layer (rej);0.471;0;sem match válido;Qwen3-1.7B
ID_7456235597127456;4;};tem (rej);0.718;0;sem match válido;Qwen3-1.7B
ID_7456235597127456;5;{;tem (rej);0.698;0;sem match válido;Qwen3-1.7B
ID_7456235597127456;6;"keywords"":";tem (rej);0.256;0;sem match válido;Qwen3-1.7B
ID_7456235597127456;7;from 0.35 ?? 1017 to 4 ?? 1017 Si cm2. In addition;tem (rej);0.373;0;sem match válido;Qwen3-1.7B
ID_7456235597127456;8;;;;;;Qwen3-1.7B
ID_7456235597127456;9;;;;;;Qwen3-1.7B
ID_7456235597127456;10;;;;;;Qwen3-1.7B
ID_7456235597127456;11;;;;;;Qwen3-1.7B
ID_7456235597127456;12;;;;;;Qwen3-1.7B
ID_7456235597127456;13;;;;;;Qwen3-1.7B
ID_7456235597127456;14;;;;;;Qwen3-1.7B
ID_7456235597127456;15;;;;;;Qwen3-1.7B
ID_7456235597127456;16;;;;;;Qwen3-1.7B
ID_7456235597127456;17;;;;;;Qwen3-1.7B
ID_7456235597127456;18;;;;;;Qwen3-1.7B
ID_7456235597127456;19;;;;;;Qwen3-1.7B
ID_7456235597127456;20;;;;;;Qwen3-1.7B
ID_1602277501575415;1;eletroanalitica;oxide ph electrodes (rej);0.586;0;sem match válido;Qwen3-1.7B
ID_1602277501575415;2;quimiometria;voltammetry (rej);0.558;0;sem match válido;Qwen3-1.7B
ID_1602277501575415;3;análise fatorial;systematic evaluation (rej);0.753;0;sem match válido;Qwen3-1.7B
ID_1602277501575415;4;análise discriminante linear;systematic evaluation (rej);0.604;0;sem match válido;Qwen3-1.7B
ID_1602277501575415;5;análise multivariada;systematic evaluation;0.762;3;match válido;Qwen3-1.7B
ID_1602277501575415;6;voltametria;voltammetry (rej);0.743;0;sem match válido;Qwen3-1.7B
ID_1602277501575415;7;sorção;sorption sites (rej);0.705;0;sem match válido;Qwen3-1.7B
ID_1602277501575415;8;sorção de metais;sulphochromic waste (rej);0.512;0;sem match válido;Qwen3-1.7B
ID_1602277501575415;9;sorção de íons;titrations of acidic (rej);0.585;0;sem match válido;Qwen3-1.7B
ID_1602277501575415;10;sorção de íons metálicos;titrations of acidic (rej);0.568;0;sem match válido;Qwen3-1.7B
ID_1602277501575415;11;sorção de íons de cobre;sulphochromic waste (rej);0.570;0;sem match válido;Qwen3-1.7B
ID_1602277501575415;12;sorção de íons de ferro;sulphochromic waste (rej);0.496;0;sem match válido;Qwen3-1.7B
ID_1602277501575415;13;sorção de íons de alumínio;titrations of acidic (rej);0.577;0;sem match válido;Qwen3-1.7B
ID_1602277501575415;14;sorção de íons de níquel;titrations of acidic (rej);0.536;0;sem match válido;Qwen3-1.7B
ID_1602277501575415;15;sorção de íons de zinco;titrations of acidic (rej);0.555;0;sem match válido;Qwen3-1.7B
ID_1602277501575415;16;sorção de íons de cádmio;soil calcium (rej);0.612;0;sem match válido;Qwen3-1.7B
ID_1602277501575415;17;sorção de íons de chumbo;titrations of acidic (rej);0.607;0;sem match válido;Qwen3-1.7B
ID_1602277501575415;18;sorção de íons de bário;titrations of acidic (rej);0.642;0;sem match válido;Qwen3-1.7B
ID_1602277501575415;19;sorção de íons de magnésio;titrations of acidic (rej);0.536;0;sem match válido;Qwen3-1.7B
ID_1602277501575415;20;sorção de íons de cálcio;soil calcium;0.759;2;match válido;Qwen3-1.7B
ID_3663976246405654;1;Radionuclideos;radionuclide behavior;0.880;3;match válido;Qwen3-1.7B
ID_3663976246405654;2;Solos;lead (rej);0.397;0;sem match válido;Qwen3-1.7B
ID_3663976246405654;3;Contaminacao;soils contaminated artificially (rej);0.726;0;sem match válido;Qwen3-1.7B
ID_3663976246405654;4;Plantas Cultivadas;soy leaves (rej);0.725;0;sem match válido;Qwen3-1.7B
ID_3663976246405654;5;Transferencia solo - planta;soil-to-plant transfer;0.837;3;match válido;Qwen3-1.7B
ID_3663976246405654;6;Materia Organica;soil biosolid amendment (rej);0.567;0;sem match válido;Qwen3-1.7B
ID_3663976246405654;7;Extracao Sequencial;trace elements (rej);0.462;0;sem match válido;Qwen3-1.7B
ID_3663976246405654;8;Sobresaturacao;heavy metals (rej);0.391;0;sem match válido;Qwen3-1.7B
ID_3663976246405654;9;Bioavailability;soil biosolid amendment (rej);0.521;0;sem match válido;Qwen3-1.7B
ID_3663976246405654;10;Mobilidade;potential mobility;0.855;2;match válido;Qwen3-1.7B
ID_3663976246405654;11;Ecossistemas Tropicais;tropical climate;0.827;1;match válido;Qwen3-1.7B
ID_3663976246405654;12;Sedimentos;cesium (rej);0.471;0;sem match válido;Qwen3-1.7B
ID_3663976246405654;13;Metals;heavy metals;0.895;2;match válido;Qwen3-1.7B
ID_3663976246405654;14;Especiacao;cesium (rej);0.477;0;sem match válido;Qwen3-1.7B
ID_3663976246405654;15;Redox;lead (rej);0.340;0;sem match válido;Qwen3-1.7B
ID_3663976246405654;16;Sulfores;speciation in sediments (rej);0.437;0;sem match válido;Qwen3-1.7B
ID_3663976246405654;17;Ciclagem;cesium (rej);0.643;0;sem match válido;Qwen3-1.7B
ID_3663976246405654;18;Agua;rio (rej);0.518;0;sem match válido;Qwen3-1.7B
ID_3663976246405654;19;Sistemas de Informacao Geografica;geochemical partitioning (rej);0.465;0;sem match válido;Qwen3-1.7B
ID_3663976246405654;20;Maricultura;soil (rej);0.542;0;sem match válido;Qwen3-1.7B
ID_6175285839739641;1;celulas tronco;cell viability (rej);0.641;0;sem match válido;Qwen3-1.7B
ID_6175285839739641;2;isquemia;vitro differentiation (rej);0.373;0;sem match válido;Qwen3-1.7B
ID_6175285839739641;3;neurociência;brain;0.763;1;match válido;Qwen3-1.7B
ID_6175285839739641;4;matriz extracelular;extracellular matrix;0.986;3;match válido;Qwen3-1.7B
ID_6175285839739641;5;cerebelo;neural crest cells (rej);0.681;0;sem match válido;Qwen3-1.7B
ID_6175285839739641;6;glia;glial cells (rej);0.785;0;sem match válido;Qwen3-1.7B
ID_6175285839739641;7;neurônios;neuron;0.944;3;match válido;Qwen3-1.7B
ID_6175285839739641;8;fibrinogênio;astroglial cells (rej);0.369;0;sem match válido;Qwen3-1.7B
ID_6175285839739641;9;microglia;extracellular matrix (rej);0.537;0;sem match válido;Qwen3-1.7B
ID_6175285839739641;10;astrocitos;astroglial cells;0.904;2;match válido;Qwen3-1.7B
ID_6175285839739641;11;células musculares;smooth muscle (rej);0.742;0;sem match válido;Qwen3-1.7B
ID_6175285839739641;12;células de tecido conectivo;stem cell (rej);0.705;0;sem match válido;Qwen3-1.7B
ID_6175285839739641;13;células de tecido nervoso;neural crest cells (rej);0.732;0;sem match válido;Qwen3-1.7B
ID_6175285839739641;14;fator de crescimento;differentiation (rej);0.334;0;sem match válido;Qwen3-1.7B
ID_6175285839739641;15;células da glia;glial cells;0.973;3;match válido;Qwen3-1.7B
ID_6175285839739641;16;células do sistema nervoso;neural crest cells (rej);0.696;0;sem match válido;Qwen3-1.7B
ID_6175285839739641;17;;;;;;Qwen3-1.7B
ID_6175285839739641;18;;;;;;Qwen3-1.7B
ID_6175285839739641;19;;;;;;Qwen3-1.7B
ID_6175285839739641;20;;;;;;Qwen3-1.7B
ID_6911356765220023;1;Armadilhas de Atomos;trapped classical atoms;0.769;1;match válido;Qwen3-1.7B
ID_6911356765220023;2;Condensacao de Bose-Einstein;brownian particle (rej);0.591;0;sem match válido;Qwen3-1.7B
ID_6911356765220023;3;Ginzburg-Landau;non-gaussian (rej);0.398;0;sem match válido;Qwen3-1.7B
ID_6911356765220023;4;Vortex Line;vortex lines;0.965;1;match válido;Qwen3-1.7B
ID_6911356765220023;5;Pinning Centers;clustering (rej);0.491;0;sem match válido;Qwen3-1.7B
ID_6911356765220023;6;Anisotropia Superconductive;type-ii superconducting systems;0.754;1;match válido;Qwen3-1.7B
ID_6911356765220023;7;Vortex-Line-Lattice;vortex line phase;0.890;2;match válido;Qwen3-1.7B
ID_6911356765220023;8;Sistemas Granulares;smooth granular systems;0.771;3;match válido;Qwen3-1.7B
ID_6911356765220023;9;Tensao;ising model (rej);0.302;0;sem match válido;Qwen3-1.7B
ID_6911356765220023;10;Dissipacao de Energia;thermal conductance (rej);0.468;0;sem match válido;Qwen3-1.7B
ID_6911356765220023;11;Turbulencia;vortex line phase (rej);0.624;0;sem match válido;Qwen3-1.7B
ID_6911356765220023;12;Termoelétrica;thermal conductance (rej);0.690;0;sem match válido;Qwen3-1.7B
ID_6911356765220023;13;Estatística de Partículas;rigorous results in statistical mechanics (rej);0.610;0;sem match válido;Qwen3-1.7B
ID_6911356765220023;14;Energia;thermal conductance (rej);0.463;0;sem match válido;Qwen3-1.7B
ID_6911356765220023;15;Fenômenos Críticos;critical exponents (rej);0.514;0;sem match válido;Qwen3-1.7B
ID_6911356765220023;16;Fragilidade;multifractality (rej);0.421;0;sem match válido;Qwen3-1.7B
ID_6911356765220023;17;Distribuição de Partículas;brownian particle (rej);0.578;0;sem match válido;Qwen3-1.7B
ID_6911356765220023;18;Estruturas Cristalinas;quasielastic granular particle (rej);0.508;0;sem match válido;Qwen3-1.7B
ID_6911356765220023;19;Magnetismo;global magnetizations;0.852;1;match válido;Qwen3-1.7B
ID_6911356765220023;20;Resistência;films of diblock (rej);0.318;0;sem match válido;Qwen3-1.7B
ID_3590884268165249;1;Arsenite;arsenic (rej);0.780;0;sem match válido;Qwen3-1.7B
ID_3590884268165249;2;Biosorption;biosorption;0.998;3;match válido;Qwen3-1.7B
ID_3590884268165249;3;EXAFS;removal (rej);0.383;0;sem match válido;Qwen3-1.7B
ID_3590884268165249;4;Raman Spectroscopy;raman spectroscopy;0.782;3;match válido;Qwen3-1.7B
ID_3590884268165249;5;DFT Calculations;functionalization (rej);0.363;0;sem match válido;Qwen3-1.7B
ID_3590884268165249;6;Cysteine;chalcopyrite (rej);0.514;0;sem match válido;Qwen3-1.7B
ID_3590884268165249;7;Sulphydryl Groups;pyrite in alkaline (rej);0.528;0;sem match válido;Qwen3-1.7B
ID_3590884268165249;8;Arsenic;arsenic;0.977;3;match válido;Qwen3-1.7B
ID_3590884268165249;9;Thiol Chelating Resins;strong base resins (rej);0.541;0;sem match válido;Qwen3-1.7B
ID_3590884268165249;10;XANES;imobilização (rej);0.386;0;sem match válido;Qwen3-1.7B
ID_3590884268165249;11;Biomaterial;biosorption (rej);0.716;0;sem match válido;Qwen3-1.7B
ID_3590884268165249;12;Magnetic Composites;magnetic composite;0.988;2;match válido;Qwen3-1.7B
ID_3590884268165249;13;Bentonite;imobilização (rej);0.456;0;sem match válido;Qwen3-1.7B
ID_3590884268165249;14;Heavy Metal Adsorption;metalurgia extrativa (rej);0.717;0;sem match válido;Qwen3-1.7B
ID_3590884268165249;15;Functionalization;functionalization;0.960;2;match válido;Qwen3-1.7B
ID_3590884268165249;16;Biomolecules;biosorption (rej);0.751;0;sem match válido;Qwen3-1.7B
ID_3590884268165249;17;Metal Ion Complexation;heavy metal ions;0.760;2;match válido;Qwen3-1.7B
ID_3590884268165249;18;As(III) Adsorption;adsorption;0.820;3;match válido;Qwen3-1.7B
ID_3590884268165249;19;Sorption;sorption;0.973;3;match válido;Qwen3-1.7B
ID_3590884268165249;20;Arsenic Speciation;iron and arsenic;0.829;3;match válido;Qwen3-1.7B
ID_3524890504250775;1;Laser;diode laser;0.895;1;match válido;Qwen3-1.7B
ID_3524890504250775;2;Dentina;enamel and dentin;0.810;1;match válido;Qwen3-1.7B
ID_3524890504250775;3;Esmalte;ftir;0.767;3;match válido;Qwen3-1.7B
ID_3524890504250775;4;Adesão;enamel (rej);0.549;0;sem match válido;Qwen3-1.7B
ID_3524890504250775;5;Demineralização;demineralization;0.976;2;match válido;Qwen3-1.7B
ID_3524890504250775;6;Fluor;fluoride;0.944;1;match válido;Qwen3-1.7B
ID_3524890504250775;7;Caries;laser in caries (rej);0.589;0;sem match válido;Qwen3-1.7B
ID_3524890504250775;8;Tensão;ftir (rej);0.532;0;sem match válido;Qwen3-1.7B
ID_3524890504250775;9;Microleakage;microleakage;0.996;1;match válido;Qwen3-1.7B
ID_3524890504250775;10;Resistência a Adesão;ftir (rej);0.393;0;sem match válido;Qwen3-1.7B
ID_3524890504250775;11;Cicatrização;enamel (rej);0.648;0;sem match válido;Qwen3-1.7B
ID_3524890504250775;12;Termo;temperature;0.825;2;match válido;Qwen3-1.7B
ID_3524890504250775;13;Biofotônica;spectroscopy (rej);0.570;0;sem match válido;Qwen3-1.7B
ID_3524890504250775;14;OCT;ftir (rej);0.455;0;sem match válido;Qwen3-1.7B
ID_3524890504250775;15;Raman Spectroscopy;spectroscopy (rej);0.656;0;sem match válido;Qwen3-1.7B
ID_3524890504250775;16;Sobrecarga;ftir (rej);0.452;0;sem match válido;Qwen3-1.7B
ID_3524890504250775;17;Morfologia;enamel (rej);0.615;0;sem match válido;Qwen3-1.7B
ID_3524890504250775;18;Fotobiologia;spectroscopy (rej);0.533;0;sem match válido;Qwen3-1.7B
ID_3524890504250775;19;Ciclo Térmico;thermal variation (rej);0.709;0;sem match válido;Qwen3-1.7B
ID_3524890504250775;20;Sobrecarga Térmica;thermal analysis (rej);0.554;0;sem match válido;Qwen3-1.7B
ID_7594033934995220;1;Asteraceae;taxons da flora (rej);0.657;0;sem match válido;Qwen3-1.7B
ID_7594033934995220;2;Floristica;florística em trechos;0.923;1;match válido;Qwen3-1.7B
ID_7594033934995220;3;Taxonomia;listas das espécies;0.793;3;match válido;Qwen3-1.7B
ID_7594033934995220;4;Caatinga;zona da mata (rej);0.493;0;sem match válido;Qwen3-1.7B
ID_7594033934995220;5;Etnobotanica;etnobotânica de plantas;0.795;1;match válido;Qwen3-1.7B
ID_7594033934995220;6;Fitossociologia;etnobotânica de plantas (rej);0.492;0;sem match válido;Qwen3-1.7B
ID_7594033934995220;7;Fruticultura;árvores frutíferas;0.791;2;match válido;Qwen3-1.7B
ID_7594033934995220;8;Plantas medicinais;plantas medicinais utilizadas;0.976;2;match válido;Qwen3-1.7B
ID_7594033934995220;9;Diversidade;mata sul (rej);0.416;0;sem match válido;Qwen3-1.7B
ID_7594033934995220;10;Ecossistemas do Nordeste;flora do nordeste;0.842;3;match válido;Qwen3-1.7B
ID_7594033934995220;11;Banco de Dados de Herbarios;herbário ipa (rej);0.659;0;sem match válido;Qwen3-1.7B
ID_7594033934995220;12;Herbario;herbário ipa;0.828;3;match válido;Qwen3-1.7B
ID_7594033934995220;13;Sistematizacao;mata sul (rej);0.542;0;sem match válido;Qwen3-1.7B
ID_7594033934995220;14;Recuperacao de areas degradadas;indicadas para recuperação (rej);0.544;0;sem match válido;Qwen3-1.7B
ID_7594033934995220;15;Conservacao ambiental;reserva ecológica;0.850;2;match válido;Qwen3-1.7B
ID_7594033934995220;16;Educao Ambiental;reserva ecológica (rej);0.621;0;sem match válido;Qwen3-1.7B
ID_7594033934995220;17;Dunas;árido (rej);0.612;0;sem match válido;Qwen3-1.7B
ID_7594033934995220;18;Plantas ornamentais;vegetação e flora;0.805;3;match válido;Qwen3-1.7B
ID_7594033934995220;19;Karyologia;zona da mata (rej);0.516;0;sem match válido;Qwen3-1.7B
ID_7594033934995220;20;Polifenolico;sertão de pernambuco (rej);0.431;0;sem match válido;Qwen3-1.7B
ID_3059520185406581;1;Bioengenharia;processamento digital (rej);0.177;0;sem match válido;Qwen3-1.7B
ID_3059520185406581;2;Biomecanica;surface reconstruction (rej);0.285;0;sem match válido;Qwen3-1.7B
ID_3059520185406581;3;Cirurgia Cardiovascular;sharpening operation (rej);0.141;0;sem match válido;Qwen3-1.7B
ID_3059520185406581;4;Mecanica dos Fluidos;surface reconstruction (rej);0.341;0;sem match válido;Qwen3-1.7B
ID_3059520185406581;5;Velocimetria por Imagem de Particulas;orientation tensor (rej);0.398;0;sem match válido;Qwen3-1.7B
ID_3059520185406581;6;Valvula Cardiaca Artificial;visual rhythm (rej);0.245;0;sem match válido;Qwen3-1.7B
ID_3059520185406581;7;Processamento Digital de Imagens;processamento digital (rej);0.723;0;sem match válido;Qwen3-1.7B
ID_3059520185406581;8;Gráficos;thematic maps (rej);0.572;0;sem match válido;Qwen3-1.7B
ID_3059520185406581;9;Segmentação de Vídeo;video segmentation;0.878;3;match válido;Qwen3-1.7B
ID_3059520185406581;10;Análise de Rádio;spectral channels (rej);0.462;0;sem match válido;Qwen3-1.7B
ID_3059520185406581;11;Análise de Imagem;image classification;0.828;3;match válido;Qwen3-1.7B
ID_3059520185406581;12;Tecnologia de Imagem;image classification (rej);0.678;0;sem match válido;Qwen3-1.7B
ID_3059520185406581;13;Análise de Dados;spatial data (rej);0.543;0;sem match válido;Qwen3-1.7B
ID_3059520185406581;14;Sistemas de Informação Multimidia;sistemas de informação (rej);0.841;0;sem match válido;Qwen3-1.7B
ID_3059520185406581;15;Bancos de Dados de Imagens;content-based image retrieval (rej);0.703;0;sem match válido;Qwen3-1.7B
ID_3059520185406581;16;Restauracao de Imagens;image classification (rej);0.714;0;sem match válido;Qwen3-1.7B
ID_3059520185406581;17;Aquisicao de Dados;recuperação de informação (rej);0.599;0;sem match válido;Qwen3-1.7B
ID_3059520185406581;18;Sistemas de Informacao Multimidia;sistemas de informação;0.844;2;match válido;Qwen3-1.7B
ID_3059520185406581;19;;;;;;Qwen3-1.7B
ID_3059520185406581;20;;;;;;Qwen3-1.7B
ID_3939504645911140;1;tratado esgoto;tiller (rej);0.687;0;sem match válido;Qwen3-1.7B
ID_3939504645911140;2;irrigacao;produção de mudas (rej);0.683;0;sem match válido;Qwen3-1.7B
ID_3939504645911140;3;solo;tiller (rej);0.558;0;sem match válido;Qwen3-1.7B
ID_3939504645911140;4;nutricao mineral;silagem de milho (rej);0.448;0;sem match válido;Qwen3-1.7B
ID_3939504645911140;5;fertilizacao;produção de mudas (rej);0.663;0;sem match válido;Qwen3-1.7B
ID_3939504645911140;6;sodica;sorghum and palisadegrass (rej);0.584;0;sem match válido;Qwen3-1.7B
ID_3939504645911140;7;cianuro;tiller (rej);0.337;0;sem match válido;Qwen3-1.7B
ID_3939504645911140;8;crescimento;produção de mudas (rej);0.481;0;sem match válido;Qwen3-1.7B
ID_3939504645911140;9;produtividade;water use efficiency (rej);0.425;0;sem match válido;Qwen3-1.7B
ID_3939504645911140;10;manejo;tiller (rej);0.699;0;sem match válido;Qwen3-1.7B
ID_3939504645911140;11;fertilizante;produção de mudas (rej);0.646;0;sem match válido;Qwen3-1.7B
ID_3939504645911140;12;poluentes;treated wastewater (rej);0.563;0;sem match válido;Qwen3-1.7B
ID_3939504645911140;13;crescimento de plantas;produção de mudas (rej);0.718;0;sem match válido;Qwen3-1.7B
ID_3939504645911140;14;manejo da irrigacao;uso agrícola;0.765;2;match válido;Qwen3-1.7B
ID_3939504645911140;15;estresse hidrico;water retention (rej);0.637;0;sem match válido;Qwen3-1.7B
ID_3939504645911140;16;nutrientes;silagem de milho (rej);0.515;0;sem match válido;Qwen3-1.7B
ID_3939504645911140;17;solo haplustox;tiller (rej);0.538;0;sem match válido;Qwen3-1.7B
ID_3939504645911140;18;sistema agua-solo-planta;water retention (rej);0.651;0;sem match válido;Qwen3-1.7B
ID_3939504645911140;19;fertilizante lento;produção de mudas (rej);0.607;0;sem match válido;Qwen3-1.7B
ID_3939504645911140;20;fertilidade do solo;umidade em solos (rej);0.643;0;sem match válido;Qwen3-1.7B
ID_5832558504922244;1;isostatic pressing;prensagem isostática utilizando (rej);0.660;0;sem match válido;Qwen3-1.7B
ID_5832558504922244;2;finite element method;methodology (rej);0.454;0;sem match válido;Qwen3-1.7B
ID_5832558504922244;3;composite materials;resin composite;0.836;2;match válido;Qwen3-1.7B
ID_5832558504922244;4;ceramic powders;structural ceramics;0.769;2;match válido;Qwen3-1.7B
ID_5832558504922244;5;prototyping;rapid prototyping technique;0.880;3;match válido;Qwen3-1.7B
ID_5832558504922244;6;biomaterials;resin composite (rej);0.603;0;sem match válido;Qwen3-1.7B
ID_5832558504922244;7;material characterization;material selection (rej);0.654;0;sem match válido;Qwen3-1.7B
ID_5832558504922244;8;wear testing;wear testing;1.000;2;match válido;Qwen3-1.7B
ID_5832558504922244;9;mechanical properties;structural ceramics (rej);0.534;0;sem match válido;Qwen3-1.7B
ID_5832558504922244;10;biomedical applications;prensagem isostática utilizando (rej);0.459;0;sem match válido;Qwen3-1.7B
ID_5832558504922244;11;porous structures;porous ceramic materials;0.813;3;match válido;Qwen3-1.7B
ID_5832558504922244;12;tibial plateau;tibialis anterior;0.913;3;match válido;Qwen3-1.7B
ID_5832558504922244;13;bone reconstruction;tibialis anterior (rej);0.572;0;sem match válido;Qwen3-1.7B
ID_5832558504922244;14;scaffold fabrication;porous alumina scaffolds (rej);0.658;0;sem match válido;Qwen3-1.7B
ID_5832558504922244;15;polyurethane;resin composite (rej);0.749;0;sem match válido;Qwen3-1.7B
ID_5832558504922244;16;hydroxyapatite;prensagem isostática utilizando (rej);0.416;0;sem match válido;Qwen3-1.7B
ID_5832558504922244;17;alumina;porous alumina scaffolds (rej);0.540;0;sem match válido;Qwen3-1.7B
ID_5832558504922244;18;electromyography;scanning electron microscopy (rej);0.516;0;sem match válido;Qwen3-1.7B
ID_5832558504922244;19;3D printing;tridimensional printing;0.842;3;match válido;Qwen3-1.7B
ID_5832558504922244;20;triaxial testing;wear testing (rej);0.566;0;sem match válido;Qwen3-1.7B
ID_3563923906851611;1;Refactoring;refactoring;0.996;3;match válido;Qwen3-1.7B
ID_3563923906851611;2;Conformance;conformance;0.985;2;match válido;Qwen3-1.7B
ID_3563923906851611;3;Model Driven;model-driven refactoring (rej);0.692;0;sem match válido;Qwen3-1.7B
ID_3563923906851611;4;Alloy;java (rej);0.634;0;sem match válido;Qwen3-1.7B
ID_3563923906851611;5;Theorem Proving;theorem proving;0.998;2;match válido;Qwen3-1.7B
ID_3563923906851611;6;Object Models;object model;0.967;1;match válido;Qwen3-1.7B
ID_3563923906851611;7;Static Semantics;static semantics;0.966;2;match válido;Qwen3-1.7B
ID_3563923906851611;8;Program Generation;program generation;0.987;1;match válido;Qwen3-1.7B
ID_3563923906851611;9;Behavior Preservation;behavior preservation;0.983;2;match válido;Qwen3-1.7B
ID_3563923906851611;10;Model Refactoring;model-driven refactoring;0.960;3;match válido;Qwen3-1.7B
ID_3563923906851611;11;Type System;type system;0.996;1;match válido;Qwen3-1.7B
ID_3563923906851611;12;Semantics;static semantics (rej);0.638;0;sem match válido;Qwen3-1.7B
ID_3563923906851611;13;Efficiency;behavior preservation (rej);0.402;0;sem match válido;Qwen3-1.7B
ID_3563923906851611;14;Code Quality;program testing (rej);0.523;0;sem match válido;Qwen3-1.7B
ID_3563923906851611;15;Database Stored Procedures;behavior preservation (rej);0.432;0;sem match válido;Qwen3-1.7B
ID_3563923906851611;16;Refactoring Tools;refactoring tools;0.995;3;match válido;Qwen3-1.7B
ID_3563923906851611;17;Model Checking;model-driven refactoring (rej);0.655;0;sem match válido;Qwen3-1.7B
ID_3563923906851611;18;UML Class Diagrams;type system (rej);0.393;0;sem match válido;Qwen3-1.7B
ID_3563923906851611;19;Class Diagram;structural object models (rej);0.469;0;sem match válido;Qwen3-1.7B
ID_3563923906851611;20;OCL;java (rej);0.442;0;sem match válido;Qwen3-1.7B
ID_2002515486942024;1;Estruturas de dados;structured program (rej);0.528;0;sem match válido;Qwen3-1.7B
ID_2002515486942024;2;Algoritmos distribuidos;polynomial time algorithms (rej);0.509;0;sem match válido;Qwen3-1.7B
ID_2002515486942024;3;Algoritmos paralelos;polynomial time algorithms (rej);0.581;0;sem match válido;Qwen3-1.7B
ID_2002515486942024;4;Grafo de comparabilidade;comparability graph;0.917;3;match válido;Qwen3-1.7B
ID_2002515486942024;5;P4-comparabilidade;comparability graph (rej);0.518;0;sem match válido;Qwen3-1.7B
ID_2002515486942024;6;Clique maximal;maximal cliques;0.832;3;match válido;Qwen3-1.7B
ID_2002515486942024;7;Grafo circulo;graph;0.808;3;match válido;Qwen3-1.7B
ID_2002515486942024;8;Algoritmos;polynomial time algorithms (rej);0.675;0;sem match válido;Qwen3-1.7B
ID_2002515486942024;9;Fecho transitivo;transitive orientations (rej);0.729;0;sem match válido;Qwen3-1.7B
ID_2002515486942024;10;Convergente;convexity (rej);0.591;0;sem match válido;Qwen3-1.7B
ID_2002515486942024;11;Clique-complete;clique graph (rej);0.541;0;sem match válido;Qwen3-1.7B
ID_2002515486942024;12;Grafo de intervalo propri;interval graphs;0.933;3;match válido;Qwen3-1.7B
ID_2002515486942024;13;Ordem indiferenca;transitive orientations (rej);0.359;0;sem match válido;Qwen3-1.7B
ID_2002515486942024;14;Fontes e sumidouros;helly hypergraphs (rej);0.434;0;sem match válido;Qwen3-1.7B
ID_2002515486942024;15;Paridade;comparability graph (rej);0.472;0;sem match válido;Qwen3-1.7B
ID_2002515486942024;16;Algoritmos de compactacao de dados;polynomial time algorithms (rej);0.471;0;sem match válido;Qwen3-1.7B
ID_2002515486942024;17;Codigos de paridade;comparability graph (rej);0.506;0;sem match válido;Qwen3-1.7B
ID_2002515486942024;18;Algoritmos de deteccao de erros;polynomial time algorithms (rej);0.468;0;sem match válido;Qwen3-1.7B
ID_2002515486942024;19;Orientacao transitiva;transitive orientations;0.954;3;match válido;Qwen3-1.7B
ID_2002515486942024;20;Conjunto fonte;intersecting sets (rej);0.454;0;sem match válido;Qwen3-1.7B
ID_7026313596468626;1;Minimum Degree-Constrained Spanning Tree;minimum spanning tree;0.930;2;match válido;Qwen3-1.7B
ID_7026313596468626;2;Integer Programming;stochastic integer programming (rej);0.742;0;sem match válido;Qwen3-1.7B
ID_7026313596468626;3;Branch-and-bound;branch and bound;0.957;1;match válido;Qwen3-1.7B
ID_7026313596468626;4;Analytic Combinatorics;polynomial formulation (rej);0.657;0;sem match válido;Qwen3-1.7B
ID_7026313596468626;5;Lagrangean Inversion;lagrangian heuristic (rej);0.687;0;sem match válido;Qwen3-1.7B
ID_7026313596468626;6;r-Modular Trees;spanning trees (rej);0.664;0;sem match válido;Qwen3-1.7B
ID_7026313596468626;7;Stochastic Integer Programming;stochastic integer programming;0.961;3;match válido;Qwen3-1.7B
ID_7026313596468626;8;Network Design;network design;0.998;2;match válido;Qwen3-1.7B
ID_7026313596468626;9;Stochastic Optimization;stochastic subgradient procedures (rej);0.671;0;sem match válido;Qwen3-1.7B
ID_7026313596468626;10;Branch Bound Estocastico;branch and bound (rej);0.882;0;sem match válido;Qwen3-1.7B
ID_7026313596468626;11;Programacao Estocastica Inteira;stochastic integer programming (rej);0.516;0;sem match válido;Qwen3-1.7B
ID_7026313596468626;12;Decomposicao de Benders;benders decomposition;0.935;3;match válido;Qwen3-1.7B
ID_7026313596468626;13;Expansao de Redes de Telecomunicacoes;telecommunications network capacity;0.894;3;match válido;Qwen3-1.7B
ID_7026313596468626;14;Multi-facility Network;multi-facility network design;0.923;2;match válido;Qwen3-1.7B
ID_7026313596468626;15;Robust Optimization;subgradient tree algorithm (rej);0.487;0;sem match válido;Qwen3-1.7B
ID_7026313596468626;16;Shortest Path;minimum spanning tree (rej);0.477;0;sem match válido;Qwen3-1.7B
ID_7026313596468626;17;Tree Algorithms;subgradient tree algorithm;0.804;1;match válido;Qwen3-1.7B
ID_7026313596468626;18;Combinatorial Optimization;compact formulation (rej);0.519;0;sem match válido;Qwen3-1.7B
ID_7026313596468626;19;Uncertainty;uncertain demand (rej);0.645;0;sem match válido;Qwen3-1.7B
ID_7026313596468626;20;Heuristics;lagrangian heuristic (rej);0.744;0;sem match válido;Qwen3-1.7B
ID_8659496864305621;1;high-performance;stripping voltammetry (rej);0.359;0;sem match válido;Qwen3-1.7B
ID_8659496864305621;2;and portable.;portable microcontrolled nephelometer (rej);0.447;0;sem match válido;Qwen3-1.7B
ID_8659496864305621;3;};cathodic pretreatment (rej);0.567;0;sem match válido;Qwen3-1.7B
ID_8659496864305621;4;{;cathodic pretreatment (rej);0.567;0;sem match válido;Qwen3-1.7B
ID_8659496864305621;5;"keywords"":";potential protein biomarker (rej);0.265;0;sem match válido;Qwen3-1.7B
ID_8659496864305621;6;using linear sweep adsorptive stripping voltammetry;stripping voltammetry (rej);0.607;0;sem match válido;Qwen3-1.7B
ID_8659496864305621;7;;;;;;Qwen3-1.7B
ID_8659496864305621;8;;;;;;Qwen3-1.7B
ID_8659496864305621;9;;;;;;Qwen3-1.7B
ID_8659496864305621;10;;;;;;Qwen3-1.7B
ID_8659496864305621;11;;;;;;Qwen3-1.7B
ID_8659496864305621;12;;;;;;Qwen3-1.7B
ID_8659496864305621;13;;;;;;Qwen3-1.7B
ID_8659496864305621;14;;;;;;Qwen3-1.7B
ID_8659496864305621;15;;;;;;Qwen3-1.7B
ID_8659496864305621;16;;;;;;Qwen3-1.7B
ID_8659496864305621;17;;;;;;Qwen3-1.7B
ID_8659496864305621;18;;;;;;Qwen3-1.7B
ID_8659496864305621;19;;;;;;Qwen3-1.7B
ID_8659496864305621;20;;;;;;Qwen3-1.7B
ID_1994317879078816;1;Analise de Bacia;paraná basin (rej);0.590;0;sem match válido;Qwen3-1.7B
ID_1994317879078816;2;Sistemas aquiferos;aquifer analog model;0.767;1;match válido;Qwen3-1.7B
ID_1994317879078816;3;unidades mesozoicas;fluvial–aeolian sediments (rej);0.567;0;sem match válido;Qwen3-1.7B
ID_1994317879078816;4;Triangulo Mineiro;vauréal peak (rej);0.521;0;sem match válido;Qwen3-1.7B
ID_1994317879078816;5;Analise estatistica de dados regionalizados;análise estratigráfica aplicada (rej);0.508;0;sem match válido;Qwen3-1.7B
ID_1994317879078816;6;Dados vetoriais;análise estratigráfica aplicada (rej);0.572;0;sem match válido;Qwen3-1.7B
ID_1994317879078816;7;hidrogeologia;reservoir characterization (rej);0.669;0;sem match válido;Qwen3-1.7B
ID_1994317879078816;8;Grupo Bauru;paraná basin (rej);0.535;0;sem match válido;Qwen3-1.7B
ID_1994317879078816;9;Analise estratigrafica regional;regiões de limeira (rej);0.559;0;sem match válido;Qwen3-1.7B
ID_1994317879078816;10;Depositos neocenozoicos;fluvial–aeolian sediments (rej);0.678;0;sem match válido;Qwen3-1.7B
ID_1994317879078816;11;Geologia Economica;depósitos de carvão (rej);0.506;0;sem match válido;Qwen3-1.7B
ID_1994317879078816;12;Diamante;vauréal peak (rej);0.441;0;sem match válido;Qwen3-1.7B
ID_1994317879078816;13;Analise estatistica de dados geologicos;aquifer analog model (rej);0.550;0;sem match válido;Qwen3-1.7B
ID_1994317879078816;14;Dados multivariados;three-dimensional distribution (rej);0.514;0;sem match válido;Qwen3-1.7B
ID_1994317879078816;15;Bacia Sedimentar do Parana;bacia;0.811;1;match válido;Qwen3-1.7B
ID_1994317879078816;16;Grupo Passa Dois;ressedimentação no subgrupo (rej);0.564;0;sem match válido;Qwen3-1.7B
ID_1994317879078816;17;Tertiary Coarse Grained Sedimentation;pós-glaciais da bacia (rej);0.444;0;sem match válido;Qwen3-1.7B
ID_1994317879078816;18;Regiao do Triangulo Mineiro;regiões de limeira (rej);0.577;0;sem match válido;Qwen3-1.7B
ID_1994317879078816;19;Analise de tendencia vetorial;análise estratigráfica aplicada (rej);0.551;0;sem match válido;Qwen3-1.7B
ID_1994317879078816;20;Taxonomia numerica dos mesossaurideos;taxonomic and palaeogeographic (rej);0.621;0;sem match válido;Qwen3-1.7B
ID_8586805521593519;1;vas evidencias de un evento volcánico explosivo en el Cretaceo;paraná magmatic province (rej);0.670;0;sem match válido;Qwen3-1.7B
ID_8586805521593519;2;"keywords"": ""volcanismo";los catalanes gemological (rej);0.471;0;sem match válido;Qwen3-1.7B
ID_8586805521593519;3;Sierras Pampeanas;paraná volcanic province (rej);0.505;0;sem match válido;Qwen3-1.7B
ID_8586805521593519;4;amethyst;basalt (rej);0.579;0;sem match válido;Qwen3-1.7B
ID_8586805521593519;5;gossan;tapajós (rej);0.577;0;sem match válido;Qwen3-1.7B
ID_8586805521593519;6;geologia;geochemistry;0.780;3;match válido;Qwen3-1.7B
ID_8586805521593519;7;"abstract"":";metamorphism (rej);0.387;0;sem match válido;Qwen3-1.7B
ID_8586805521593519;8;};tapajós;0.795;3;match válido;Qwen3-1.7B
ID_8586805521593519;9;{;tapajós (rej);0.782;0;sem match válido;Qwen3-1.7B
ID_8586805521593519;10;"titulo"": ""Geologia";geochemistry (rej);0.643;0;sem match válido;Qwen3-1.7B
ID_8586805521593519;11;"keywords"":";tapajós (rej);0.273;0;sem match válido;Qwen3-1.7B
ID_8586805521593519;12;"titulo"": ""Ore and mineral deposits";basalt (rej);0.614;0;sem match válido;Qwen3-1.7B
ID_8586805521593519;13;"keywords"": ""Ore";tapajós (rej);0.379;0;sem match válido;Qwen3-1.7B
ID_8586805521593519;14;Mineral;basalt;0.758;1;match válido;Qwen3-1.7B
ID_8586805521593519;15;Deposit;la plata (rej);0.435;0;sem match válido;Qwen3-1.7B
ID_8586805521593519;16;Metal;la plata (rej);0.691;0;sem match válido;Qwen3-1.7B
ID_8586805521593519;17;Geology;geochemistry (rej);0.748;0;sem match válido;Qwen3-1.7B
ID_8586805521593519;18;"titulo"": ""Metamorphic processes in the Brazilian Shield";brazilian shield (rej);0.728;0;sem match válido;Qwen3-1.7B
ID_8586805521593519;19;"keywords"": ""Metamorphic";metamorphism (rej);0.720;0;sem match válido;Qwen3-1.7B
ID_8586805521593519;20;Metamorphism;metamorphism;0.994;3;match válido;Qwen3-1.7B
ID_2044247985726091;1;Bovinocultura de leite;vacas leiteiras (rej);0.797;0;sem match válido;Qwen3-1.7B
ID_2044247985726091;2;Contaminantes do leite;milk (rej);0.782;0;sem match válido;Qwen3-1.7B
ID_2044247985726091;3;Seguranca Alimentar;nutrition;0.806;1;match válido;Qwen3-1.7B
ID_2044247985726091;4;Sistema de producao de Leite;farelo de soja (rej);0.513;0;sem match válido;Qwen3-1.7B
ID_2044247985726091;5;Eficiencia alimentar;nutrition (rej);0.741;0;sem match válido;Qwen3-1.7B
ID_2044247985726091;6;Metabolismo;metabolism;0.955;1;match válido;Qwen3-1.7B
ID_2044247985726091;7;Carcass composition;meat quality (rej);0.503;0;sem match válido;Qwen3-1.7B
ID_2044247985726091;8;Digestibilidade in vitro;nutrition (rej);0.748;0;sem match válido;Qwen3-1.7B
ID_2044247985726091;9;Nutricao de rebanhos leiteiros;nutrition (rej);0.715;0;sem match válido;Qwen3-1.7B
ID_2044247985726091;10;Producao de leite;milk;0.917;1;match válido;Qwen3-1.7B
ID_2044247985726091;11;Eutrofizacao;silage (rej);0.392;0;sem match válido;Qwen3-1.7B
ID_2044247985726091;12;Poluicao ambiental;residual feed intake (rej);0.279;0;sem match válido;Qwen3-1.7B
ID_2044247985726091;13;Vacas leiteiras;vacas leiteiras;0.987;3;match válido;Qwen3-1.7B
ID_2044247985726091;14;Carcass traits;meat quality (rej);0.577;0;sem match válido;Qwen3-1.7B
ID_2044247985726091;15;Residual feed intake;residual feed intake;0.983;3;match válido;Qwen3-1.7B
ID_2044247985726091;16;Feed conversion ratio;residual feed intake (rej);0.557;0;sem match válido;Qwen3-1.7B
ID_2044247985726091;17;Gross feed efficiency;residual feed intake (rej);0.695;0;sem match válido;Qwen3-1.7B
ID_2044247985726091;18;Average daily gain;test-days (rej);0.339;0;sem match válido;Qwen3-1.7B
ID_2044247985726091;19;Creatinina serica;protein synthesis (rej);0.379;0;sem match válido;Qwen3-1.7B
ID_2044247985726091;20;Rib eye area;optigen®ii (rej);0.357;0;sem match válido;Qwen3-1.7B
ID_6072951820735063;1;farmacovigilancia;pharmacovigilance;0.942;2;match válido;Qwen3-1.7B
ID_6072951820735063;2;reacoes adversas a medicamentos;reações adversas causadas;0.836;2;match válido;Qwen3-1.7B
ID_6072951820735063;3;uso racional de medicamentos;medication use;0.785;3;match válido;Qwen3-1.7B
ID_6072951820735063;4;farmacoepidemiologia;pharmacoepidemiology;0.964;3;match válido;Qwen3-1.7B
ID_6072951820735063;5;prevencao ao uso indevido de medicamentos;uso de medicamentos;0.835;2;match válido;Qwen3-1.7B
ID_6072951820735063;6;farmacia;pharmacovigilance centre (rej);0.816;0;sem match válido;Qwen3-1.7B
ID_6072951820735063;7;educacao farmaceutica;adequação dos medicamentos (rej);0.729;0;sem match válido;Qwen3-1.7B
ID_6072951820735063;8;satisfacao com a saúde;elderly health (rej);0.583;0;sem match válido;Qwen3-1.7B
ID_6072951820735063;9;medicamentos;medicamentos contínuos;0.943;2;match válido;Qwen3-1.7B
ID_6072951820735063;10;analise de registros;analysis (rej);0.705;0;sem match válido;Qwen3-1.7B
ID_6072951820735063;11;estudos epidemiologicos;epidemiological factors;0.917;1;match válido;Qwen3-1.7B
ID_6072951820735063;12;avisos sobre medicamentos;medicamentos prescritos (rej);0.753;0;sem match válido;Qwen3-1.7B
ID_6072951820735063;13;consciencia sanitaria;world health (rej);0.679;0;sem match válido;Qwen3-1.7B
ID_6072951820735063;14;vigilancia sanitaria;pharmacovigilance (rej);0.671;0;sem match válido;Qwen3-1.7B
ID_6072951820735063;15;atendimento farmaceutico;pharmacovigilance centre;0.842;2;match válido;Qwen3-1.7B
ID_6072951820735063;16;pratica farmaceutica;adequação dos medicamentos;0.880;2;match válido;Qwen3-1.7B
ID_6072951820735063;17;informacao sobre medicamentos;medicamentos prescritos;0.816;2;match válido;Qwen3-1.7B
ID_6072951820735063;18;estudos de caso;cross-sectional studies (rej);0.635;0;sem match válido;Qwen3-1.7B
ID_6072951820735063;19;análise de dados;analysis (rej);0.716;0;sem match válido;Qwen3-1.7B
ID_6072951820735063;20;tratamento de doenças;adequação dos medicamentos (rej);0.671;0;sem match válido;Qwen3-1.7B
ID_4854372533657671;1;};walecka model (rej);0.552;0;sem match válido;Qwen3-1.7B
ID_4854372533657671;2;{;walecka model (rej);0.539;0;sem match válido;Qwen3-1.7B
ID_4854372533657671;3;"keywords"": ""Relativistic Nuclear Matter Models";nuclear matter (rej);0.716;0;sem match válido;Qwen3-1.7B
ID_4854372533657671;4;Skyrme models;model (rej);0.727;0;sem match válido;Qwen3-1.7B
ID_4854372533657671;5;"abstract"": ""Abstract The nonrelativistic limit of the Skyrme model is analyzed";threshold models (rej);0.606;0;sem match válido;Qwen3-1.7B
ID_4854372533657671;6;"titulo"": ""Relativistic effects in the Skyrme model";dimensional effects (rej);0.592;0;sem match válido;Qwen3-1.7B
ID_4854372533657671;7;"abstract"": ""Abstract We study the relativistic effects in the Skyrme model";relativistic mean-field (rej);0.685;0;sem match válido;Qwen3-1.7B
ID_4854372533657671;8;but also different;speciation (rej);0.319;0;sem match válido;Qwen3-1.7B
ID_4854372533657671;9;;;;;;Qwen3-1.7B
ID_4854372533657671;10;;;;;;Qwen3-1.7B
ID_4854372533657671;11;;;;;;Qwen3-1.7B
ID_4854372533657671;12;;;;;;Qwen3-1.7B
ID_4854372533657671;13;;;;;;Qwen3-1.7B
ID_4854372533657671;14;;;;;;Qwen3-1.7B
ID_4854372533657671;15;;;;;;Qwen3-1.7B
ID_4854372533657671;16;;;;;;Qwen3-1.7B
ID_4854372533657671;17;;;;;;Qwen3-1.7B
ID_4854372533657671;18;;;;;;Qwen3-1.7B
ID_4854372533657671;19;;;;;;Qwen3-1.7B
ID_4854372533657671;20;;;;;;Qwen3-1.7B
ID_8192385731123737;1;siRNA;sirna-based cancer therapy (rej);0.608;0;sem match válido;Qwen3-1.7B
ID_8192385731123737;2;cationic liposomes;cationic liposomes;1.000;3;match válido;Qwen3-1.7B
ID_8192385731123737;3;lipoplex;cationic liposome;0.791;2;match válido;Qwen3-1.7B
ID_8192385731123737;4;gene silencing effect;gene knockdown effect (rej);0.800;0;sem match válido;Qwen3-1.7B
ID_8192385731123737;5;vortex-mixing;permeation and accumulation (rej);0.345;0;sem match válido;Qwen3-1.7B
ID_8192385731123737;6;RNA interference;rna interference (rnai);0.810;3;match válido;Qwen3-1.7B
ID_8192385731123737;7;cell uptake;subcutaneous absorption (rej);0.420;0;sem match válido;Qwen3-1.7B
ID_8192385731123737;8;lipofection;lipofection;1.000;1;match válido;Qwen3-1.7B
ID_8192385731123737;9;protein targeting;gene-knockdown efficiency (rej);0.425;0;sem match válido;Qwen3-1.7B
ID_8192385731123737;10;apoptosis;lipofection (rej);0.364;0;sem match válido;Qwen3-1.7B
ID_8192385731123737;11;transdermal delivery;transdermal delivery;1.000;3;match válido;Qwen3-1.7B
ID_8192385731123737;12;drug delivery;transdermal delivery (rej);0.593;0;sem match válido;Qwen3-1.7B
ID_8192385731123737;13;pharmacokinetics;naproxen sodium suspensions (rej);0.534;0;sem match válido;Qwen3-1.7B
ID_8192385731123737;14;cytotoxicity;cationic liposome (rej);0.473;0;sem match válido;Qwen3-1.7B
ID_8192385731123737;15;gene knockdown;gene knockdown effect;0.914;3;match válido;Qwen3-1.7B
ID_8192385731123737;16;liposomal delivery;lipofection (rej);0.804;0;sem match válido;Qwen3-1.7B
ID_8192385731123737;17;siRNA delivery;sirna-based cancer therapy (rej);0.598;0;sem match válido;Qwen3-1.7B
ID_8192385731123737;18;protein expression;gene-knockdown efficiency (rej);0.390;0;sem match válido;Qwen3-1.7B
ID_8192385731123737;19;cellular uptake pathway;small interfering rnas (rej);0.449;0;sem match válido;Qwen3-1.7B
ID_8192385731123737;20;gene regulation;gene knockdown effect (rej);0.720;0;sem match válido;Qwen3-1.7B
ID_1708237858198821;1;fungos patogenos;antagonist fungi;0.764;2;match válido;Qwen3-1.7B
ID_1708237858198821;2;semillas;tomato (rej);0.661;0;sem match válido;Qwen3-1.7B
ID_1708237858198821;3;especies florestais;antagonist fungi (rej);0.416;0;sem match válido;Qwen3-1.7B
ID_1708237858198821;4;controle biologico;biological control;0.968;3;match válido;Qwen3-1.7B
ID_1708237858198821;5;fungo entomopatogenico;entomogenous fungus;0.913;3;match válido;Qwen3-1.7B
ID_1708237858198821;6;Metarhizium anisopliae var;metarhizium anisopliae;0.984;3;match válido;Qwen3-1.7B
ID_1708237858198821;7;gafanhoto;goiás and mato (rej);0.660;0;sem match válido;Qwen3-1.7B
ID_1708237858198821;8;formulacao;resumos informativos (rej);0.645;0;sem match válido;Qwen3-1.7B
ID_1708237858198821;9;viabilidade;resumos informativos (rej);0.469;0;sem match válido;Qwen3-1.7B
ID_1708237858198821;10;isolation;isolados de dicyma (rej);0.537;0;sem match válido;Qwen3-1.7B
ID_1708237858198821;11;fitopatologia;entomogenous fungus (rej);0.620;0;sem match válido;Qwen3-1.7B
ID_1708237858198821;12;trichoderma spp;stiphra robusta (rej);0.594;0;sem match válido;Qwen3-1.7B
ID_1708237858198821;13;bacillus thuringiensis;rhammatocerus schistocercoides (rej);0.525;0;sem match válido;Qwen3-1.7B
ID_1708237858198821;14;biocontrole de fitopatogenos;biological control (rej);0.632;0;sem match válido;Qwen3-1.7B
ID_1708237858198821;15;producao de inoculo;pulvinata em estromas;0.758;2;match válido;Qwen3-1.7B
ID_1708237858198821;16;microbiologia;morphological and pathogenic (rej);0.647;0;sem match válido;Qwen3-1.7B
ID_1708237858198821;17;cultura microbiana;germinativa e infectiva (rej);0.650;0;sem match válido;Qwen3-1.7B
ID_1708237858198821;18;recurso genetic microbiano;genetic variation (rej);0.615;0;sem match válido;Qwen3-1.7B
ID_1708237858198821;19;sistema de cultivo;tomato (rej);0.481;0;sem match válido;Qwen3-1.7B
ID_1708237858198821;20;controle biologico de plantas;biological control (rej);0.763;0;sem match válido;Qwen3-1.7B
ID_1066462335621573;1;Computacao Evolutiva;tropico ra system (rej);0.248;0;sem match válido;Qwen3-1.7B
ID_1066462335621573;2;Redes Opticas;optical packets;0.828;3;match válido;Qwen3-1.7B
ID_1066462335621573;3;Fibras Opticas;optical fibre communication (rej);0.756;0;sem match válido;Qwen3-1.7B
ID_1066462335621573;4;Comunicacoes Opticas;óptica em leds;0.846;2;match válido;Qwen3-1.7B
ID_1066462335621573;5;Telecomunicacoes;telecommunication switching;0.815;3;match válido;Qwen3-1.7B
ID_1066462335621573;6;Tecnologia Fotonica;photonic switching (rej);0.754;0;sem match válido;Qwen3-1.7B
ID_1066462335621573;7;Simulacao de Sistemas de Comunicacao;computer simulations (rej);0.708;0;sem match válido;Qwen3-1.7B
ID_1066462335621573;8;Redes Fotonicas;photonic switching;0.785;3;match válido;Qwen3-1.7B
ID_1066462335621573;9;Optical Packet Switching;optical packet switching;0.993;3;match válido;Qwen3-1.7B
ID_1066462335621573;10;Optical Burst Switching;optical switches;0.873;3;match válido;Qwen3-1.7B
ID_1066462335621573;11;Optical Code Division Multiplexing;optical amplitude multiplexing (rej);0.749;0;sem match válido;Qwen3-1.7B
ID_1066462335621573;12;Optical Label Processing;visible using optical (rej);0.684;0;sem match válido;Qwen3-1.7B
ID_1066462335621573;13;Optical Amplitude Multiplexing;optical amplitude multiplexing;0.951;3;match válido;Qwen3-1.7B
ID_1066462335621573;14;Optical Network;optical fibre communication;0.801;3;match válido;Qwen3-1.7B
ID_1066462335621573;15;Network Protection;throughput and protection (rej);0.698;0;sem match válido;Qwen3-1.7B
ID_1066462335621573;16;Network Topology;telecommunication network routing (rej);0.713;0;sem match válido;Qwen3-1.7B
ID_1066462335621573;17;Network Performance;telecommunication network routing (rej);0.702;0;sem match válido;Qwen3-1.7B
ID_1066462335621573;18;Network Latency;telecommunication network routing (rej);0.675;0;sem match válido;Qwen3-1.7B
ID_1066462335621573;19;Network Throughput;telecommunication network routing;0.764;3;match válido;Qwen3-1.7B
ID_1066462335621573;20;Optical Buffering;visible using optical;0.765;3;match válido;Qwen3-1.7B
ID_3950127945486168;1;galaxias;faint galaxies;0.916;3;match válido;Qwen3-1.7B
ID_3950127945486168;2;fotometria;surface photometry;0.855;3;match válido;Qwen3-1.7B
ID_3950127945486168;3;estrutura;ism: structure (rej);0.727;0;sem match válido;Qwen3-1.7B
ID_3950127945486168;4;populacao estelar;nuclear stellar population;0.817;2;match válido;Qwen3-1.7B
ID_3950127945486168;5;meio interestelar;circumnuclear dust (rej);0.578;0;sem match válido;Qwen3-1.7B
ID_3950127945486168;6;nucleos;circumnuclear dust (rej);0.503;0;sem match válido;Qwen3-1.7B
ID_3950127945486168;7;acrescimento da galaxia;early-type galaxies;0.751;3;match válido;Qwen3-1.7B
ID_3950127945486168;8;acrescimento de nuvem;circumnuclear dust (rej);0.530;0;sem match válido;Qwen3-1.7B
ID_3950127945486168;9;nucleos galaxias;galaxies: structure;0.817;3;match válido;Qwen3-1.7B
ID_3950127945486168;10;acrescimento de agn;zz cetis (rej);0.325;0;sem match válido;Qwen3-1.7B
ID_3950127945486168;11;acrescimento de nuvem interestelar;circumnuclear dust (rej);0.556;0;sem match válido;Qwen3-1.7B
ID_3950127945486168;12;;;;;;Qwen3-1.7B
ID_3950127945486168;13;;;;;;Qwen3-1.7B
ID_3950127945486168;14;;;;;;Qwen3-1.7B
ID_3950127945486168;15;;;;;;Qwen3-1.7B
ID_3950127945486168;16;;;;;;Qwen3-1.7B
ID_3950127945486168;17;;;;;;Qwen3-1.7B
ID_3950127945486168;18;;;;;;Qwen3-1.7B
ID_3950127945486168;19;;;;;;Qwen3-1.7B
ID_3950127945486168;20;;;;;;Qwen3-1.7B
ID_5717546460597615;1;Antartica;rock glacier (rej);0.624;0;sem match válido;Qwen3-1.7B
ID_5717546460597615;2;Glaciares;processos glaciogênicos (rej);0.718;0;sem match válido;Qwen3-1.7B
ID_5717546460597615;3;Geomorfologia Glacial;glacial geomorphology;0.974;3;match válido;Qwen3-1.7B
ID_5717546460597615;4;Sedimentologia;periglacial fatures (rej);0.453;0;sem match válido;Qwen3-1.7B
ID_5717546460597615;5;Análise de Sedimentos;results from texture (rej);0.445;0;sem match válido;Qwen3-1.7B
ID_5717546460597615;6;Processos Glaciais;predominant temperate glacial (rej);0.801;0;sem match válido;Qwen3-1.7B
ID_5717546460597615;7;Deglaciacao;ambiente de deglaciação;0.855;3;match válido;Qwen3-1.7B
ID_5717546460597615;8;Erosao Glacial;glacial geomorphology (rej);0.742;0;sem match válido;Qwen3-1.7B
ID_5717546460597615;9;Morfometria;periglacial features (rej);0.565;0;sem match válido;Qwen3-1.7B
ID_5717546460597615;10;Geoprocessamento;glacial geomorphology (rej);0.567;0;sem match válido;Qwen3-1.7B
ID_5717546460597615;11;Sensoriamento Remoto;visible reflectors (rej);0.502;0;sem match válido;Qwen3-1.7B
ID_5717546460597615;12;Tecnologias de Geoprocessamento;glacial geomorphology (rej);0.506;0;sem match válido;Qwen3-1.7B
ID_5717546460597615;13;Mudanca Climatica;mudanças climáticas;0.988;3;match válido;Qwen3-1.7B
ID_5717546460597615;14;Variabilidade Climatica;rainfall variability;0.757;3;match válido;Qwen3-1.7B
ID_5717546460597615;15;Estruturas Glaciais;rock glacier-like;0.831;3;match válido;Qwen3-1.7B
ID_5717546460597615;16;Litosfera;zona proglacial (rej);0.550;0;sem match válido;Qwen3-1.7B
ID_5717546460597615;17;Sistemas Glaciais;predominant temperate glacial;0.840;2;match válido;Qwen3-1.7B
ID_5717546460597615;18;Geologia Glaciar;rock glacier;0.929;3;match válido;Qwen3-1.7B
ID_5717546460597615;19;Geomorfologia;glacial geomorphology (rej);0.767;0;sem match válido;Qwen3-1.7B
ID_5717546460597615;20;Fenomenos Glaciais;rock glacier (rej);0.827;0;sem match válido;Qwen3-1.7B
ID_7088639503480810;1;such as 8-oxoG;oxoguanine glycosylase (rej);0.514;0;sem match válido;Qwen3-1.7B
ID_7088639503480810;2;including 8-oxoG. Furthermore;oxoguanine glycosylase (rej);0.584;0;sem match válido;Qwen3-1.7B
ID_7088639503480810;3;L-PER can repair multiple oxidatively damaged bases simultaneously;oxidative dna damage (rej);0.583;0;sem match válido;Qwen3-1.7B
ID_7088639503480810;4;};ber;0.755;3;match válido;Qwen3-1.7B
ID_7088639503480810;5;{;ϵa;0.853;1;match válido;Qwen3-1.7B
ID_7088639503480810;6;"titulo"": ""Mitochondrial DNA repair and the regulation of mitochondrial dynamics";mitochondrial repair;0.881;3;match válido;Qwen3-1.7B
ID_7088639503480810;7;"keywords"":";y-box binding protein 1 (rej);0.323;0;sem match válido;Qwen3-1.7B
ID_7088639503480810;8;"abstract"": ""Abstract Mitochondrial DNA (mtDNA) is a small";mammalian mitochondria (rej);0.586;0;sem match válido;Qwen3-1.7B
ID_7088639503480810;9;circular molecule that encodes for 13 polypeptides;y-box binding protein 1 (rej);0.485;0;sem match válido;Qwen3-1.7B
ID_7088639503480810;10;the nuclear and the mitochondrial genome.;mammalian mitochondria;0.794;2;match válido;Qwen3-1.7B
ID_7088639503480810;11;"abstract"": ""Abstract Mitochondria contain their own genome";mammalian mitochondria (rej);0.668;0;sem match válido;Qwen3-1.7B
ID_7088639503480810;12;but its integrity is essential for mitochondrial function;mitochondrial function;0.818;2;match válido;Qwen3-1.7B
ID_7088639503480810;13;the mtDNA is physically associated with the inner mitochondrial membrane;mammalian mitochondria (rej);0.792;0;sem match válido;Qwen3-1.7B
ID_7088639503480810;14;the mitochondrial DNA accumulates high levels of oxidized lesions;mitochondrial oxidative damage;0.855;3;match válido;Qwen3-1.7B
ID_7088639503480810;15;but so far little is known about the;ϵa (rej);0.235;0;sem match válido;Qwen3-1.7B
ID_7088639503480810;16;;;;;;Qwen3-1.7B
ID_7088639503480810;17;;;;;;Qwen3-1.7B
ID_7088639503480810;18;;;;;;Qwen3-1.7B
ID_7088639503480810;19;;;;;;Qwen3-1.7B
ID_7088639503480810;20;;;;;;Qwen3-1.7B
ID_2426330204919814;1;structural health monitoring;structural health monitoring;1.000;3;match válido;Qwen3-1.7B
ID_2426330204919814;2;piezoelectric sensors;piezoelectric sensors;1.000;3;match válido;Qwen3-1.7B
ID_2426330204919814;3;electromechanical impedance;electromechanical impedance;1.000;3;match válido;Qwen3-1.7B
ID_2426330204919814;4;temperature;temperature effects compensation (rej);0.722;0;sem match válido;Qwen3-1.7B
ID_2426330204919814;5;damage detection;damage detection;1.000;3;match válido;Qwen3-1.7B
ID_2426330204919814;6;shm;shm systems (rej);0.745;0;sem match válido;Qwen3-1.7B
ID_2426330204919814;7;transducers;pzt transducers;0.867;3;match válido;Qwen3-1.7B
ID_2426330204919814;8;impedance;impedance;1.000;2;match válido;Qwen3-1.7B
ID_2426330204919814;9;sensor networks;real-time multi-sensors measurement (rej);0.692;0;sem match válido;Qwen3-1.7B
ID_2426330204919814;10;microcontroller;microcontrolled structural health (rej);0.573;0;sem match válido;Qwen3-1.7B
ID_2426330204919814;11;frequency;frequency;1.000;1;match válido;Qwen3-1.7B
ID_2426330204919814;12;wavelet analysis;wavelet analysis;1.000;2;match válido;Qwen3-1.7B
ID_2426330204919814;13;coherence function;wavelet analysis (rej);0.431;0;sem match válido;Qwen3-1.7B
ID_2426330204919814;14;signal processing;frequency range selection (rej);0.473;0;sem match válido;Qwen3-1.7B
ID_2426330204919814;15;smart structures;smart structures;1.000;3;match válido;Qwen3-1.7B
ID_2426330204919814;16;transducer loading;transducer loading effect;0.929;3;match válido;Qwen3-1.7B
ID_2426330204919814;17;sensitivity;practical analysis (rej);0.403;0;sem match válido;Qwen3-1.7B
ID_2426330204919814;18;measurement instruments;real-time multi-sensors measurement (rej);0.666;0;sem match válido;Qwen3-1.7B
ID_2426330204919814;19;virtual instrumentation;virtual instrumentation;1.000;2;match válido;Qwen3-1.7B
ID_2426330204919814;20;experimental analysis;theoretical and experimental;0.782;1;match válido;Qwen3-1.7B
ID_8703127071027272;1;};mosfet (rej);0.724;0;sem match válido;Qwen3-1.7B
ID_8703127071027272;2;{;mosfet (rej);0.707;0;sem match válido;Qwen3-1.7B
ID_8703127071027272;3;"keywords"":";si-o-al bonds (rej);0.346;0;sem match válido;Qwen3-1.7B
ID_8703127071027272;4;"abstract"":";first-principles (rej);0.419;0;sem match válido;Qwen3-1.7B
ID_8703127071027272;5;;;;;;Qwen3-1.7B
ID_8703127071027272;6;;;;;;Qwen3-1.7B
ID_8703127071027272;7;;;;;;Qwen3-1.7B
ID_8703127071027272;8;;;;;;Qwen3-1.7B
ID_8703127071027272;9;;;;;;Qwen3-1.7B
ID_8703127071027272;10;;;;;;Qwen3-1.7B
ID_8703127071027272;11;;;;;;Qwen3-1.7B
ID_8703127071027272;12;;;;;;Qwen3-1.7B
ID_8703127071027272;13;;;;;;Qwen3-1.7B
ID_8703127071027272;14;;;;;;Qwen3-1.7B
ID_8703127071027272;15;;;;;;Qwen3-1.7B
ID_8703127071027272;16;;;;;;Qwen3-1.7B
ID_8703127071027272;17;;;;;;Qwen3-1.7B
ID_8703127071027272;18;;;;;;Qwen3-1.7B
ID_8703127071027272;19;;;;;;Qwen3-1.7B
ID_8703127071027272;20;;;;;;Qwen3-1.7B
ID_6309609498284949;1;Neospora caninum;neospora: neospora caninum;0.967;3;match válido;Qwen3-1.7B
ID_6309609498284949;2;anticorpos;frequência de anticorpos;0.844;3;match válido;Qwen3-1.7B
ID_6309609498284949;3;glial cells;glial cells;1.000;2;match válido;Qwen3-1.7B
ID_6309609498284949;4;tachyzoites;tetramethyl-rhodamine isothiocyanate (rej);0.521;0;sem match válido;Qwen3-1.7B
ID_6309609498284949;5;mitogens;microglia (rej);0.644;0;sem match válido;Qwen3-1.7B
ID_6309609498284949;6;apicomplexa;neospora (rej);0.615;0;sem match válido;Qwen3-1.7B
ID_6309609498284949;7;immunomoduladora;immune response;0.761;3;match válido;Qwen3-1.7B
ID_6309609498284949;8;flavonoides;tetramethyl-rhodamine isothiocyanate (rej);0.483;0;sem match válido;Qwen3-1.7B
ID_6309609498284949;9;NO;no;0.991;2;match válido;Qwen3-1.7B
ID_6309609498284949;10;IL-10;neospora (rej);0.393;0;sem match válido;Qwen3-1.7B
ID_6309609498284949;11;TNF-alpha;tnf-α and no;0.757;2;match válido;Qwen3-1.7B
ID_6309609498284949;12;apoptose;neosporosis (rej);0.459;0;sem match válido;Qwen3-1.7B
ID_6309609498284949;13;;;;;;Qwen3-1.7B
ID_6309609498284949;14;;;;;;Qwen3-1.7B
ID_6309609498284949;15;;;;;;Qwen3-1.7B
ID_6309609498284949;16;;;;;;Qwen3-1.7B
ID_6309609498284949;17;;;;;;Qwen3-1.7B
ID_6309609498284949;18;;;;;;Qwen3-1.7B
ID_6309609498284949;19;;;;;;Qwen3-1.7B
ID_6309609498284949;20;;;;;;Qwen3-1.7B
ID_7034773971317045;1;ICP-OES;icp-oes;0.883;3;match válido;Qwen3-1.7B
ID_7034773971317045;2;microwave-assisted digestion;microwave-assisted digestion;1.000;3;match válido;Qwen3-1.7B
ID_7034773971317045;3;analytical chemistry;determinação espectrofotométrica (rej);0.461;0;sem match válido;Qwen3-1.7B
ID_7034773971317045;4;chemometrics;determinação espectrofotométrica (rej);0.570;0;sem match válido;Qwen3-1.7B
ID_7034773971317045;5;pattern recognition;multi-site detection (rej);0.526;0;sem match válido;Qwen3-1.7B
ID_7034773971317045;6;mineral content;soil (rej);0.519;0;sem match válido;Qwen3-1.7B
ID_7034773971317045;7;elemental analysis;soil analysis (rej);0.548;0;sem match válido;Qwen3-1.7B
ID_7034773971317045;8;sorption;faas (rej);0.519;0;sem match válido;Qwen3-1.7B
ID_7034773971317045;9;sorption sites;multi-site detection (rej);0.484;0;sem match válido;Qwen3-1.7B
ID_7034773971317045;10;residual carbon;residual carbon;1.000;1;match válido;Qwen3-1.7B
ID_7034773971317045;11;isotope dilution;furnace atomic absorption (rej);0.531;0;sem match válido;Qwen3-1.7B
ID_7034773971317045;12;matrix effects;determinação espectrofotométrica (rej);0.306;0;sem match válido;Qwen3-1.7B
ID_7034773971317045;13;analytical throughput;icp-oes (rej);0.399;0;sem match válido;Qwen3-1.7B
ID_7034773971317045;14;sample preparation;sample preparation;1.000;3;match válido;Qwen3-1.7B
ID_7034773971317045;15;element recovery;soil analysis (rej);0.379;0;sem match válido;Qwen3-1.7B
ID_7034773971317045;16;sensitivity;determinação espectrofotométrica (rej);0.348;0;sem match válido;Qwen3-1.7B
ID_7034773971317045;17;accuracy;quechers method (rej);0.333;0;sem match válido;Qwen3-1.7B
ID_7034773971317045;18;determination;faas (rej);0.465;0;sem match válido;Qwen3-1.7B
ID_7034773971317045;19;flow systems;flow injection system (rej);0.727;0;sem match válido;Qwen3-1.7B
ID_7034773971317045;20;photometric detection;determinação espectrofotométrica (rej);0.641;0;sem match válido;Qwen3-1.7B
ID_1224532648969159;1;Global Warming;thermomechanical behavior (rej);0.335;0;sem match válido;Qwen3-1.7B
ID_1224532648969159;2;Daisyworld;chaos (rej);0.298;0;sem match válido;Qwen3-1.7B
ID_1224532648969159;3;Nonlinear Dynamics;nonlinear dynamics;0.982;3;match válido;Qwen3-1.7B
ID_1224532648969159;4;Chaos;chaos;0.994;3;match válido;Qwen3-1.7B
ID_1224532648969159;5;Ecology;chaos (rej);0.310;0;sem match válido;Qwen3-1.7B
ID_1224532648969159;6;Time series;time series;0.994;3;match válido;Qwen3-1.7B
ID_1224532648969159;7;State space reconstruction;state space reconstruction;0.998;3;match válido;Qwen3-1.7B
ID_1224532648969159;8;Prediction;numerical simulations (rej);0.527;0;sem match válido;Qwen3-1.7B
ID_1224532648969159;9;Hydrological modeling;mathematical model (rej);0.572;0;sem match válido;Qwen3-1.7B
ID_1224532648969159;10;Finite Element Analysis;finite element method (rej);0.728;0;sem match válido;Qwen3-1.7B
ID_1224532648969159;11;Shape Memory Alloy;shape memory;0.934;3;match válido;Qwen3-1.7B
ID_1224532648969159;12;Materiais e Estruturas Inteligentes;shape memory alloys (rej);0.597;0;sem match válido;Qwen3-1.7B
ID_1224532648969159;13;Pseudoelasticity;elasto-plasticity (rej);0.528;0;sem match válido;Qwen3-1.7B
ID_1224532648969159;14;One-way shape memory;shape memory alloys;0.759;3;match válido;Qwen3-1.7B
ID_1224532648969159;15;Two-way shape memory;shape memory alloy;0.779;3;match válido;Qwen3-1.7B
ID_1224532648969159;16;Phase transformation;phase transformation;0.992;3;match válido;Qwen3-1.7B
ID_1224532648969159;17;Internal sub-loops;shape memoy (rej);0.458;0;sem match válido;Qwen3-1.7B
ID_1224532648969159;18;Tensile-compressive asymmetry;tensile-compressive asymmetry;0.953;2;match válido;Qwen3-1.7B
ID_1224532648969159;19;Lyapunov Exponents;statistical physics and nonlinear systems  (rej);0.550;0;sem match válido;Qwen3-1.7B
ID_1224532648969159;20;0-1 Test;experimental investigations (rej);0.462;0;sem match válido;Qwen3-1.7B
ID_8457699943400994;1;Climaterio;spironolactone (rej);0.317;0;sem match válido;Qwen3-1.7B
ID_8457699943400994;2;Menopausa;estudo de coorte (rej);0.638;0;sem match válido;Qwen3-1.7B
ID_8457699943400994;3;Hirsutismo;estudo de coorte (rej);0.567;0;sem match válido;Qwen3-1.7B
ID_8457699943400994;4;Hiperandrogenismo;mulheres hipertensas (rej);0.591;0;sem match válido;Qwen3-1.7B
ID_8457699943400994;5;Hiperinsulinemia;estudo de coorte (rej);0.594;0;sem match válido;Qwen3-1.7B
ID_8457699943400994;6;Hipertensão;mulheres hipertensas (rej);0.696;0;sem match válido;Qwen3-1.7B
ID_8457699943400994;7;Obesidade;body mass index (rej);0.682;0;sem match válido;Qwen3-1.7B
ID_8457699943400994;8;Gonadália;estudo de coorte (rej);0.468;0;sem match válido;Qwen3-1.7B
ID_8457699943400994;9;Hormônios;reposição hormonal;0.800;2;match válido;Qwen3-1.7B
ID_8457699943400994;10;Fatores de Risco;causas de internações (rej);0.567;0;sem match válido;Qwen3-1.7B
ID_8457699943400994;11;Metabólito;spironolactone (rej);0.540;0;sem match válido;Qwen3-1.7B
ID_8457699943400994;12;Fatores Antropométricos;estudo de coorte (rej);0.413;0;sem match válido;Qwen3-1.7B
ID_8457699943400994;13;Gestação;estudo de coorte (rej);0.463;0;sem match válido;Qwen3-1.7B
ID_8457699943400994;14;Cervix;estudo de coorte (rej);0.544;0;sem match válido;Qwen3-1.7B
ID_8457699943400994;15;Insulina;reposição hormonal (rej);0.394;0;sem match válido;Qwen3-1.7B
ID_8457699943400994;16;Hipófise;estudo de coorte (rej);0.426;0;sem match válido;Qwen3-1.7B
ID_8457699943400994;17;Pressão Arterial;estudo de coorte (rej);0.527;0;sem match válido;Qwen3-1.7B
ID_8457699943400994;18;Diabetes;mulheres hipertensas (rej);0.552;0;sem match válido;Qwen3-1.7B
ID_8457699943400994;19;Fatores de Saúde;estudo de coorte (rej);0.578;0;sem match válido;Qwen3-1.7B
ID_8457699943400994;20;Estatística;community-based sample (rej);0.431;0;sem match válido;Qwen3-1.7B
ID_6473783273255196;1;Direito;las instituciones judiciales (rej);0.713;0;sem match válido;Qwen3-1.7B
ID_6473783273255196;2;Administração de Conflitos;conflits et techniques (rej);0.726;0;sem match válido;Qwen3-1.7B
ID_6473783273255196;3;Conflitos Sociais;mudanças sociais dirigidas (rej);0.690;0;sem match válido;Qwen3-1.7B
ID_6473783273255196;4;Segurança Pública;paradoxos na segurança;0.765;3;match válido;Qwen3-1.7B
ID_6473783273255196;5;Cidadania;venda ambulante (rej);0.491;0;sem match válido;Qwen3-1.7B
ID_6473783273255196;6;Economia;economic anthropology (rej);0.734;0;sem match válido;Qwen3-1.7B
ID_6473783273255196;7;Comércio Ambulante;venda ambulante (rej);0.595;0;sem match válido;Qwen3-1.7B
ID_6473783273255196;8;Antropologia do Direito;las instituciones judiciales (rej);0.656;0;sem match válido;Qwen3-1.7B
ID_6473783273255196;9;Moralidade;ethical and aesthetic (rej);0.731;0;sem match válido;Qwen3-1.7B
ID_6473783273255196;10;Legalidade;las instituciones judiciales (rej);0.648;0;sem match válido;Qwen3-1.7B
ID_6473783273255196;11;Direitos Humanos;las instituciones judiciales (rej);0.436;0;sem match válido;Qwen3-1.7B
ID_6473783273255196;12;Espaço Público;públicos e representações (rej);0.740;0;sem match válido;Qwen3-1.7B
ID_6473783273255196;13;Institucionalização de Práticas Democráticas;reformas de las (rej);0.661;0;sem match válido;Qwen3-1.7B
ID_6473783273255196;14;Política Pública;públicos e representações (rej);0.735;0;sem match válido;Qwen3-1.7B
ID_6473783273255196;15;Construção de Verdade;construcción de verdad;0.902;3;match válido;Qwen3-1.7B
ID_6473783273255196;16;Conflitos;conflits et techniques;0.791;2;match válido;Qwen3-1.7B
ID_6473783273255196;17;Trens;transportes públicos (rej);0.689;0;sem match válido;Qwen3-1.7B
ID_6473783273255196;18;Mercado Informal;venda ambulante (rej);0.654;0;sem match válido;Qwen3-1.7B
ID_6473783273255196;19;Ilegalidade;d´accueil policière dans (rej);0.506;0;sem match válido;Qwen3-1.7B
ID_6473783273255196;20;Trabalho Informal;work (rej);0.723;0;sem match válido;Qwen3-1.7B
ID_5105401635003548;1;Arqueologia;áreas arqueológicas (rej);0.937;0;sem match válido;Qwen3-1.7B
ID_5105401635003548;2;Arqueometria;archeointensity;0.779;2;match válido;Qwen3-1.7B
ID_5105401635003548;3;Arqueoquimica;áreas arqueológicas (rej);0.896;0;sem match válido;Qwen3-1.7B
ID_5105401635003548;4;Arqueomagnetismo;archeomagnetism;0.945;2;match válido;Qwen3-1.7B
ID_5105401635003548;5;Arte rupestre;rupestres da tradição (rej);0.840;0;sem match válido;Qwen3-1.7B
ID_5105401635003548;6;Serra das Paridas I;salvador (rej);0.592;0;sem match válido;Qwen3-1.7B
ID_5105401635003548;7;Ceramica;cerâmica vermelha fina;0.761;3;match válido;Qwen3-1.7B
ID_5105401635003548;8;Pinturas rupestres;rupestres da tradição;0.856;2;match válido;Qwen3-1.7B
ID_5105401635003548;9;Patrimonio arqueologico;áreas arqueológicas;0.938;3;match válido;Qwen3-1.7B
ID_5105401635003548;10;Arqueologia colonial;áreas arqueológicas (rej);0.786;0;sem match válido;Qwen3-1.7B
ID_5105401635003548;11;Arqueologia baiana;áreas arqueológicas (rej);0.824;0;sem match válido;Qwen3-1.7B
ID_5105401635003548;12;Arqueologia urbana;áreas arqueológicas (rej);0.820;0;sem match válido;Qwen3-1.7B
ID_5105401635003548;13;Arqueologia pre-colonial;umani pre coloniali;0.795;2;match válido;Qwen3-1.7B
ID_5105401635003548;14;Arqueologia sanfranciscana;áreas arqueológicas (rej);0.707;0;sem match válido;Qwen3-1.7B
ID_5105401635003548;15;Arqueologia no ensino de Historia;áreas arqueológicas (rej);0.775;0;sem match válido;Qwen3-1.7B
ID_5105401635003548;16;Educacao patrimonial;studio degli insediamenti (rej);0.470;0;sem match válido;Qwen3-1.7B
ID_5105401635003548;17;Arqueologia no ensino fundamental;áreas arqueológicas (rej);0.786;0;sem match válido;Qwen3-1.7B
ID_5105401635003548;18;Arqueologia no ensino medio;áreas arqueológicas (rej);0.768;0;sem match válido;Qwen3-1.7B
ID_5105401635003548;19;Arqueologia no ensino superior;áreas arqueológicas (rej);0.768;0;sem match válido;Qwen3-1.7B
ID_5105401635003548;20;Arqueologia no ensino de História;áreas arqueológicas (rej);0.764;0;sem match válido;Qwen3-1.7B
ID_9274817658247444;1;Geometria computacional;polygonal approximation (rej);0.658;0;sem match válido;Qwen3-1.7B
ID_9274817658247444;2;Computacao grafica;physically-based animation (rej);0.619;0;sem match válido;Qwen3-1.7B
ID_9274817658247444;3;Aritmetica afim;triangulations with affine (rej);0.652;0;sem match válido;Qwen3-1.7B
ID_9274817658247444;4;Analise intervalar;surface triangulations (rej);0.529;0;sem match válido;Qwen3-1.7B
ID_9274817658247444;5;Fluidos sem malha;multiphase fluids (rej);0.603;0;sem match válido;Qwen3-1.7B
ID_9274817658247444;6;Helmholtz-Hodge decomposicao;meshless helmholtz-hodge decomposition;0.835;3;match válido;Qwen3-1.7B
ID_9274817658247444;7;Spectral segmentation;spectral segmentation methods;0.944;1;match válido;Qwen3-1.7B
ID_9274817658247444;8;Segmentacao de imagens;spectral image segmentation;0.784;2;match válido;Qwen3-1.7B
ID_9274817658247444;9;Reconstrucao de superficies;plane and surface (rej);0.595;0;sem match válido;Qwen3-1.7B
ID_9274817658247444;10;Reconstrucao de objetos 3D;physically-based animation (rej);0.605;0;sem match válido;Qwen3-1.7B
ID_9274817658247444;11;Visualizacao robusta;physically-based framework (rej);0.516;0;sem match válido;Qwen3-1.7B
ID_9274817658247444;12;Mapeamento de dados;mapping in line (rej);0.668;0;sem match válido;Qwen3-1.7B
ID_9274817658247444;13;Decomposicao de imagens;image decomposition;0.952;2;match válido;Qwen3-1.7B
ID_9274817658247444;14;Decomposicao de textos;image decomposition (rej);0.633;0;sem match válido;Qwen3-1.7B
ID_9274817658247444;15;Algoritmos de aproximação;approximating implicit curves (rej);0.646;0;sem match válido;Qwen3-1.7B
ID_9274817658247444;16;Algoritmos de fecho convexo;optimization procedure (rej);0.577;0;sem match válido;Qwen3-1.7B
ID_9274817658247444;17;Algoritmos de minimos quadrados;optimization procedure (rej);0.570;0;sem match válido;Qwen3-1.7B
ID_9274817658247444;18;Algoritmos de base radial;radial basis function;0.799;3;match válido;Qwen3-1.7B
ID_9274817658247444;19;Aproximacao poligonal;polygonal approximation;0.803;3;match válido;Qwen3-1.7B
ID_9274817658247444;20;Tecnicas de visualizacao;physically-based animation (rej);0.589;0;sem match válido;Qwen3-1.7B
ID_3664073315037262;1;hidrodinamica estuarina;estuarine hydrodynamics;0.832;3;match válido;Qwen3-1.7B
ID_3664073315037262;2;sedimentacao;sedimentos em suspensão;0.899;2;match válido;Qwen3-1.7B
ID_3664073315037262;3;sedimentacao marinha;transporte de sedimentos;0.809;3;match válido;Qwen3-1.7B
ID_3664073315037262;4;with a vertical distribution of salinity and temperature;sea surface temperature (rej);0.687;0;sem match válido;Qwen3-1.7B
ID_3664073315037262;5;with a strong tidal current;tidal currents;0.914;2;match válido;Qwen3-1.7B
ID_3664073315037262;6;and the model was validated by the observed data.;estuarine circulation (rej);0.265;0;sem match válido;Qwen3-1.7B
ID_3664073315037262;7;};enseada da armação (rej);0.743;0;sem match válido;Qwen3-1.7B
ID_3664073315037262;8;{;enseada da armação (rej);0.728;0;sem match válido;Qwen3-1.7B
ID_3664073315037262;9;"titulo"": ""Sediment transport in the Itajai-Acu estuary";itajaí-açu river (rej);0.684;0;sem match válido;Qwen3-1.7B
ID_3664073315037262;10;"keywords"":";enseada da armação (rej);0.278;0;sem match válido;Qwen3-1.7B
ID_3664073315037262;11;"abstract"":";sólidos em suspensão (rej);0.331;0;sem match válido;Qwen3-1.7B
ID_3664073315037262;12;"titulo"": ""Estuario Itajai-Acu - Sustentabilidade e Gestao de Recursos Hidricos";itajaí-açu river (rej);0.704;0;sem match válido;Qwen3-1.7B
ID_3664073315037262;13;"keywords"": ""sustentabilidade";ecotoxicology (rej);0.431;0;sem match válido;Qwen3-1.7B
ID_3664073315037262;14;gestao de recursos hidricos;water management (rej);0.694;0;sem match válido;Qwen3-1.7B
ID_3664073315037262;15;ecologia marinha;ecotoxicology (rej);0.556;0;sem match válido;Qwen3-1.7B
ID_3664073315037262;16;the impact of human activities on the estuary;estuarine circulation (rej);0.583;0;sem match válido;Qwen3-1.7B
ID_3664073315037262;17;and the results show that the estuary is a well-mixed estuary;estuarine circulation (rej);0.489;0;sem match válido;Qwen3-1.7B
ID_3664073315037262;18;;;;;;Qwen3-1.7B
ID_3664073315037262;19;;;;;;Qwen3-1.7B
ID_3664073315037262;20;;;;;;Qwen3-1.7B
ID_6799776599317117;1;nanotecnologia;nanotechnology;0.996;3;match válido;Qwen3-1.7B
ID_6799776599317117;2;algoritmos-geneticos;genetic algorithm;0.975;3;match válido;Qwen3-1.7B
ID_6799776599317117;3;neural-networks;neural nets;0.939;2;match válido;Qwen3-1.7B
ID_6799776599317117;4;simulacao;simulation;0.974;1;match válido;Qwen3-1.7B
ID_6799776599317117;5;otimizacao;optimization;0.812;2;match válido;Qwen3-1.7B
ID_6799776599317117;6;qca;qca circuits synthesis (rej);0.501;0;sem match válido;Qwen3-1.7B
ID_6799776599317117;7;computational-intelligence;neural network simulation (rej);0.590;0;sem match válido;Qwen3-1.7B
ID_6799776599317117;8;quantum-dots;quantum dots;0.944;2;match válido;Qwen3-1.7B
ID_6799776599317117;9;modelagem;simulation (rej);0.781;0;sem match válido;Qwen3-1.7B
ID_6799776599317117;10;fotovoltaica;power efficiency (rej);0.516;0;sem match válido;Qwen3-1.7B
ID_6799776599317117;11;hardware-evolucionario;multilayer oled architecture (rej);0.508;0;sem match válido;Qwen3-1.7B
ID_6799776599317117;12;circuitos;qca circuit simulation (rej);0.706;0;sem match válido;Qwen3-1.7B
ID_6799776599317117;13;nanocomposites;nanoscale technology;0.853;2;match válido;Qwen3-1.7B
ID_6799776599317117;14;desenho;simulation (rej);0.539;0;sem match válido;Qwen3-1.7B
ID_6799776599317117;15;sistema-de-informacao;multilayer oled architecture (rej);0.399;0;sem match válido;Qwen3-1.7B
ID_6799776599317117;16;workflow;optimization (rej);0.392;0;sem match válido;Qwen3-1.7B
ID_6799776599317117;17;eletro-mecanica;nanoelectronics. (rej);0.607;0;sem match válido;Qwen3-1.7B
ID_6799776599317117;18;teoria-da-quantum;quantum computing;0.758;1;match válido;Qwen3-1.7B
ID_6799776599317117;19;algoritmos-evolutivos;genetic algorithm (rej);0.782;0;sem match válido;Qwen3-1.7B
ID_6799776599317117;20;crossover;multilayer oleds (rej);0.365;0;sem match válido;Qwen3-1.7B
ID_2961250776014138;1;astrobiologia;astrophysics and astroparticles  (rej);0.706;0;sem match válido;Qwen3-1.7B
ID_2961250776014138;2;estrelas de neutrons;neutron stars;0.991;3;match válido;Qwen3-1.7B
ID_2961250776014138;3;estrelas de quarks;strange stars (rej);0.674;0;sem match válido;Qwen3-1.7B
ID_2961250776014138;4;radiacao;gamma ray bursts (rej);0.457;0;sem match válido;Qwen3-1.7B
ID_2961250776014138;5;axions;strangelet seeding (rej);0.352;0;sem match válido;Qwen3-1.7B
ID_2961250776014138;6;pulsares;astrophysics and astroparticles  (rej);0.423;0;sem match válido;Qwen3-1.7B
ID_2961250776014138;7;magnetars;nuclear physics  (rej);0.394;0;sem match válido;Qwen3-1.7B
ID_2961250776014138;8;supernova;supernova remnants;0.940;3;match válido;Qwen3-1.7B
ID_2961250776014138;9;gamma-ray bursts;gamma ray bursts;0.988;2;match válido;Qwen3-1.7B
ID_2961250776014138;10;estrelas variaveis;strange stars;0.894;3;match válido;Qwen3-1.7B
ID_2961250776014138;11;astrometria;astrophysics and astroparticles ;0.832;2;match válido;Qwen3-1.7B
ID_2961250776014138;12;fotometria;astrophysics and astroparticles  (rej);0.325;0;sem match válido;Qwen3-1.7B
ID_2961250776014138;13;telescopes;strange stars (rej);0.624;0;sem match válido;Qwen3-1.7B
ID_2961250776014138;14;equacao de estado;equations of state;0.914;3;match válido;Qwen3-1.7B
ID_2961250776014138;15;entropia;nuclear physics  (rej);0.479;0;sem match válido;Qwen3-1.7B
ID_2961250776014138;16;complexidade;equations of state (rej);0.400;0;sem match válido;Qwen3-1.7B
ID_2961250776014138;17;desequilibrium;equations of state (rej);0.509;0;sem match válido;Qwen3-1.7B
ID_2961250776014138;18;energia escura;supernova remnants (rej);0.525;0;sem match válido;Qwen3-1.7B
ID_2961250776014138;19;;;;;;Qwen3-1.7B
ID_2961250776014138;20;;;;;;Qwen3-1.7B
ID_6029111646602279;1;"keywords"":";essential oil (rej);0.226;0;sem match válido;Qwen3-1.7B
ID_6029111646602279;2;"abstract"":";spreadability (rej);0.329;0;sem match válido;Qwen3-1.7B
ID_6029111646602279;3;};allium cepa (rej);0.484;0;sem match válido;Qwen3-1.7B
ID_6029111646602279;4;{;allium cepa (rej);0.455;0;sem match válido;Qwen3-1.7B
ID_6029111646602279;5;;;;;;Qwen3-1.7B
ID_6029111646602279;6;;;;;;Qwen3-1.7B
ID_6029111646602279;7;;;;;;Qwen3-1.7B
ID_6029111646602279;8;;;;;;Qwen3-1.7B
ID_6029111646602279;9;;;;;;Qwen3-1.7B
ID_6029111646602279;10;;;;;;Qwen3-1.7B
ID_6029111646602279;11;;;;;;Qwen3-1.7B
ID_6029111646602279;12;;;;;;Qwen3-1.7B
ID_6029111646602279;13;;;;;;Qwen3-1.7B
ID_6029111646602279;14;;;;;;Qwen3-1.7B
ID_6029111646602279;15;;;;;;Qwen3-1.7B
ID_6029111646602279;16;;;;;;Qwen3-1.7B
ID_6029111646602279;17;;;;;;Qwen3-1.7B
ID_6029111646602279;18;;;;;;Qwen3-1.7B
ID_6029111646602279;19;;;;;;Qwen3-1.7B
ID_6029111646602279;20;;;;;;Qwen3-1.7B
ID_4125254830545309;1;astrocyte;astrocyte;1.000;1;match válido;Qwen3-1.7B
ID_4125254830545309;2;microglia;microglia;1.000;3;match válido;Qwen3-1.7B
ID_4125254830545309;3;glioblastoma;tumor (rej);0.617;0;sem match válido;Qwen3-1.7B
ID_4125254830545309;4;tumor microenvironment;tumor (rej);0.755;0;sem match válido;Qwen3-1.7B
ID_4125254830545309;5;neuroinflammation;sciatic nerve (rej);0.598;0;sem match válido;Qwen3-1.7B
ID_4125254830545309;6;extracellular matrix;microglial cells (rej);0.602;0;sem match válido;Qwen3-1.7B
ID_4125254830545309;7;p53;prpc-null astrocytes (rej);0.482;0;sem match válido;Qwen3-1.7B
ID_4125254830545309;8;pro-inflammatory cytokines;pro-inflammatory cytokine expressions;0.957;1;match válido;Qwen3-1.7B
ID_4125254830545309;9;phagocytosis;pro-inflammatory cytokine expressions (rej);0.483;0;sem match válido;Qwen3-1.7B
ID_4125254830545309;10;neurodegeneration;induce cell death (rej);0.558;0;sem match válido;Qwen3-1.7B
ID_4125254830545309;11;angiogenesis;pathologic angiogenesis;0.966;2;match válido;Qwen3-1.7B
ID_4125254830545309;12;cellular prion protein;cellular prion protein;1.000;2;match válido;Qwen3-1.7B
ID_4125254830545309;13;stiffness;sciatic nerve (rej);0.383;0;sem match válido;Qwen3-1.7B
ID_4125254830545309;14;neurite outgrowth;growth and invasion (rej);0.464;0;sem match válido;Qwen3-1.7B
ID_4125254830545309;15;tumor progression;tumor (rej);0.833;0;sem match válido;Qwen3-1.7B
ID_4125254830545309;16;neurotrophic factors;triiodothyronine effects (rej);0.567;0;sem match válido;Qwen3-1.7B
ID_4125254830545309;17;cellular signaling;microglial cells (rej);0.460;0;sem match válido;Qwen3-1.7B
ID_4125254830545309;18;extracellular vesicles;microglial cells (rej);0.609;0;sem match válido;Qwen3-1.7B
ID_4125254830545309;19;neurodegenerative diseases;induce cell death (rej);0.527;0;sem match válido;Qwen3-1.7B
ID_4125254830545309;20;tumor invasion;tumor;0.851;2;match válido;Qwen3-1.7B
ID_3753627053150603;1;emaranhamento;entanglement (rej);0.559;0;sem match válido;Qwen3-1.7B
ID_3753627053150603;2;fisica atomica;optics, quantum optics and lasers  (rej);0.543;0;sem match válido;Qwen3-1.7B
ID_3753627053150603;3;otica quantica;quantum state reconstruction (rej);0.723;0;sem match válido;Qwen3-1.7B
ID_3753627053150603;4;otica nao-linear;optical parametric oscillator (rej);0.515;0;sem match válido;Qwen3-1.7B
ID_3753627053150603;5;correlacoes quanticas;quantum fluctuations;0.769;3;match válido;Qwen3-1.7B
ID_3753627053150603;6;squeezing;entanglement (rej);0.405;0;sem match válido;Qwen3-1.7B
ID_3753627053150603;7;entanglement;entanglement;1.000;3;match válido;Qwen3-1.7B
ID_3753627053150603;8;quantum noise;quantum fluctuations (rej);0.713;0;sem match válido;Qwen3-1.7B
ID_3753627053150603;9;transverse modes;type-ii optical parametric (rej);0.547;0;sem match válido;Qwen3-1.7B
ID_3753627053150603;10;optical parametric oscilators;optical parametric oscillator;0.964;3;match válido;Qwen3-1.7B
ID_3753627053150603;11;optical vortices;optics, quantum optics and lasers  (rej);0.679;0;sem match válido;Qwen3-1.7B
ID_3753627053150603;12;quantum correlations;quantum correlations;1.000;3;match válido;Qwen3-1.7B
ID_3753627053150603;13;pump power;tripartite pump-signal-idler entanglement (rej);0.571;0;sem match válido;Qwen3-1.7B
ID_3753627053150603;14;phase quadratures;type-ii optical parametric (rej);0.514;0;sem match válido;Qwen3-1.7B
ID_3753627053150603;15;signal and idler;tripartite pump-signal-idler entanglement (rej);0.524;0;sem match válido;Qwen3-1.7B
ID_3753627053150603;16;laser beams;optics, quantum optics and lasers  (rej);0.668;0;sem match válido;Qwen3-1.7B
ID_3753627053150603;17;nonlinear optical crystals;optics, quantum optics and lasers  (rej);0.653;0;sem match válido;Qwen3-1.7B
ID_3753627053150603;18;photonic systems;optics, quantum optics and lasers  (rej);0.729;0;sem match válido;Qwen3-1.7B
ID_3753627053150603;19;noise spectroscopy;shot noise (rej);0.579;0;sem match válido;Qwen3-1.7B
ID_3753627053150603;20;magneto-optical resonances;optics, quantum optics and lasers  (rej);0.551;0;sem match válido;Qwen3-1.7B
ID_7721483148298785;1;Sensoriamento Remoto;remote sensing;0.767;3;match válido;Qwen3-1.7B
ID_7721483148298785;2;Hidrologia;hydrological model (rej);0.852;0;sem match válido;Qwen3-1.7B
ID_7721483148298785;3;Modelagem Hidrológica;hydrological modelling;0.969;3;match válido;Qwen3-1.7B
ID_7721483148298785;4;Modelagem Hidrodinâmica;hydrological model;0.888;3;match válido;Qwen3-1.7B
ID_7721483148298785;5;Bacia Hidrográfica;hydrological model (rej);0.690;0;sem match válido;Qwen3-1.7B
ID_7721483148298785;6;Recursos Hidráulicos;hydrological model (rej);0.684;0;sem match válido;Qwen3-1.7B
ID_7721483148298785;7;Gestão de Recursos Hidráulicos;hydrological model (rej);0.679;0;sem match válido;Qwen3-1.7B
ID_7721483148298785;8;Sedimentologia;model (rej);0.316;0;sem match válido;Qwen3-1.7B
ID_7721483148298785;9;Erosão;hydrological model (rej);0.534;0;sem match válido;Qwen3-1.7B
ID_7721483148298785;10;Balanco Hidrológico;river basins (rej);0.747;0;sem match válido;Qwen3-1.7B
ID_7721483148298785;11;Evapotranspiração;hydrological model (rej);0.426;0;sem match válido;Qwen3-1.7B
ID_7721483148298785;12;Precipitação;hydrological model (rej);0.627;0;sem match válido;Qwen3-1.7B
ID_7721483148298785;13;Vazão;bacia amazônica (rej);0.461;0;sem match válido;Qwen3-1.7B
ID_7721483148298785;14;Flood Simulation;hydrological modelling (rej);0.749;0;sem match válido;Qwen3-1.7B
ID_7721483148298785;15;Modelos Climáticos;hydrological model (rej);0.565;0;sem match válido;Qwen3-1.7B
ID_7721483148298785;16;Análise Regional;semiarid region (rej);0.567;0;sem match válido;Qwen3-1.7B
ID_7721483148298785;17;Sistema de Suporte a Decisão;model (rej);0.357;0;sem match válido;Qwen3-1.7B
ID_7721483148298785;18;Simulação de Cheias;model (rej);0.514;0;sem match válido;Qwen3-1.7B
ID_7721483148298785;19;Interpolação;mgb-iph model (rej);0.385;0;sem match válido;Qwen3-1.7B
ID_7721483148298785;20;Batimetria;bacia amazônica (rej);0.411;0;sem match válido;Qwen3-1.7B
ID_7312223977002681;1;Vidros dopados com quantum dots;dielectric properties (rej);0.421;0;sem match válido;Qwen3-1.7B
ID_7312223977002681;2;KDP PEDOT:PSS;pedot:pss (rej);0.748;0;sem match válido;Qwen3-1.7B
ID_7312223977002681;3;Plastics Substrates;polystyrene;0.758;2;match válido;Qwen3-1.7B
ID_7312223977002681;4;eletronica organica;thermal and electrical (rej);0.464;0;sem match válido;Qwen3-1.7B
ID_7312223977002681;5;Pressure sensing;pressure sensing;0.995;1;match válido;Qwen3-1.7B
ID_7312223977002681;6;Negative Differential Resistance;dielectric constant (rej);0.454;0;sem match válido;Qwen3-1.7B
ID_7312223977002681;7;Ferroelectrics;ferroelectric phase transition;0.831;2;match válido;Qwen3-1.7B
ID_7312223977002681;8;Raman spectroscopy;raman spectra (rej);0.645;0;sem match válido;Qwen3-1.7B
ID_7312223977002681;9;Thermal diffusivity;thermal diffusivity;0.999;3;match válido;Qwen3-1.7B
ID_7312223977002681;10;Thermal lens;thermal lens;0.999;3;match válido;Qwen3-1.7B
ID_7312223977002681;11;Electrical properties;dielectric properties;0.800;3;match válido;Qwen3-1.7B
ID_7312223977002681;12;Optical properties;thermal lens (rej);0.565;0;sem match válido;Qwen3-1.7B
ID_7312223977002681;13;Piezoelectric effect;dielectric properties (rej);0.605;0;sem match válido;Qwen3-1.7B
ID_7312223977002681;14;Phase transitions;phase transitions;0.996;3;match válido;Qwen3-1.7B
ID_7312223977002681;15;Crystal growth;mauritia flexuosa (rej);0.373;0;sem match válido;Qwen3-1.7B
ID_7312223977002681;16;Material ferroeletrico;ferroelectric phase transition (rej);0.658;0;sem match válido;Qwen3-1.7B
ID_7312223977002681;17;X-ray diffraction;emission spectra (rej);0.458;0;sem match válido;Qwen3-1.7B
ID_7312223977002681;18;Synchrotron radiation;emission spectra (rej);0.604;0;sem match válido;Qwen3-1.7B
ID_7312223977002681;19;Dielectric constant;dielectric constant;0.995;2;match válido;Qwen3-1.7B
ID_7312223977002681;20;Doping;kdp (rej);0.428;0;sem match válido;Qwen3-1.7B
ID_1741102469161036;1;Cholesterol;plasma membrane cholesterol;0.789;1;match válido;Qwen3-1.7B
ID_1741102469161036;2;Membrane;matricellular-secreted protein involved (rej);0.507;0;sem match válido;Qwen3-1.7B
ID_1741102469161036;3;Microdomains;microcephaly (rej);0.451;0;sem match válido;Qwen3-1.7B
ID_1741102469161036;4;Cell migration;migration (rej);0.688;0;sem match válido;Qwen3-1.7B
ID_1741102469161036;5;Metastasis;teratocarcinoma (rej);0.572;0;sem match válido;Qwen3-1.7B
ID_1741102469161036;6;Tendon;expression (rej);0.479;0;sem match válido;Qwen3-1.7B
ID_1741102469161036;7;BMP4;p19 cell line (rej);0.368;0;sem match válido;Qwen3-1.7B
ID_1741102469161036;8;FGF3;fibroblast growth factor (rej);0.543;0;sem match válido;Qwen3-1.7B
ID_1741102469161036;9;CCN2;ccn2/ctgf;0.846;3;match válido;Qwen3-1.7B
ID_1741102469161036;10;Synovial;midbrain pattering (rej);0.514;0;sem match válido;Qwen3-1.7B
ID_1741102469161036;11;Mesenchymal;disrupts prechordal plate (rej);0.414;0;sem match válido;Qwen3-1.7B
ID_1741102469161036;12;Stem cells;embryonal carcinoma p19 (rej);0.431;0;sem match válido;Qwen3-1.7B
ID_1741102469161036;13;Neural crest;facial neural crest;0.885;3;match válido;Qwen3-1.7B
ID_1741102469161036;14;Forebrain;midbrain pattering (rej);0.756;0;sem match válido;Qwen3-1.7B
ID_1741102469161036;15;Midbrain;midbrain pattering;0.867;2;match válido;Qwen3-1.7B
ID_1741102469161036;16;Gastrula;chemoattraction (rej);0.425;0;sem match válido;Qwen3-1.7B
ID_1741102469161036;17;Embryo;embryonal carcinoma p19 (rej);0.555;0;sem match válido;Qwen3-1.7B
ID_1741102469161036;18;Cell adhesion;weak adhesive property (rej);0.638;0;sem match válido;Qwen3-1.7B
ID_1741102469161036;19;Cell proliferation;embryonal carcinoma p19 (rej);0.524;0;sem match válido;Qwen3-1.7B
ID_1741102469161036;20;Cell survival;modulates cell–ecm interactions (rej);0.459;0;sem match válido;Qwen3-1.7B
ID_1177407730126204;1;agroindustrial residues;agroindustrial residues;1.000;3;match válido;Qwen3-1.7B
ID_1177407730126204;2;bioprocesses;biocatalysis (rej);0.830;0;sem match válido;Qwen3-1.7B
ID_1177407730126204;3;biocatalysis;biocatalysis;1.000;3;match válido;Qwen3-1.7B
ID_1177407730126204;4;enzymes;biocatalysis (rej);0.670;0;sem match válido;Qwen3-1.7B
ID_1177407730126204;5;proteases;tributyrine substrate (rej);0.481;0;sem match válido;Qwen3-1.7B
ID_1177407730126204;6;proteolysis;transglutaminase (rej);0.566;0;sem match válido;Qwen3-1.7B
ID_1177407730126204;7;transglutaminase;transglutaminase;1.000;2;match válido;Qwen3-1.7B
ID_1177407730126204;8;enzymatic activity;functional properties of proteins (rej);0.582;0;sem match válido;Qwen3-1.7B
ID_1177407730126204;9;cell immobilization;immobilized cells;0.953;2;match válido;Qwen3-1.7B
ID_1177407730126204;10;solubilization;submerged fermentation (rej);0.542;0;sem match válido;Qwen3-1.7B
ID_1177407730126204;11;enzymatic synthesis;biocatalysis (rej);0.678;0;sem match válido;Qwen3-1.7B
ID_1177407730126204;12;biomolecules production;biocatalysis (rej);0.791;0;sem match válido;Qwen3-1.7B
ID_1177407730126204;13;enzyme production;biocatalysis (rej);0.684;0;sem match válido;Qwen3-1.7B
ID_1177407730126204;14;cellular protection;immobilized cells (rej);0.528;0;sem match válido;Qwen3-1.7B
ID_1177407730126204;15;enzymatic reduction;reduction using saccharomyces (rej);0.701;0;sem match válido;Qwen3-1.7B
ID_1177407730126204;16;enantiosseletivity;tributyrine substrate (rej);0.516;0;sem match válido;Qwen3-1.7B
ID_1177407730126204;17;biocatalytic applications;biocatalyst screening;0.767;3;match válido;Qwen3-1.7B
ID_1177407730126204;18;protein solubility;functional properties of proteins (rej);0.741;0;sem match válido;Qwen3-1.7B
ID_1177407730126204;19;protein hydrolysis;functional properties of proteins (rej);0.701;0;sem match válido;Qwen3-1.7B
ID_1177407730126204;20;protease activity;functional properties of proteins (rej);0.544;0;sem match válido;Qwen3-1.7B
ID_3935638786776109;1;PSZ zirconia;investigation of zirconia;0.861;1;match válido;Qwen3-1.7B
ID_3935638786776109;2;sintering;psz sintered (rej);0.634;0;sem match válido;Qwen3-1.7B
ID_3935638786776109;3;densification;thin layer (rej);0.390;0;sem match válido;Qwen3-1.7B
ID_3935638786776109;4;Y2O3-ZrO2;y2o3–zro2;0.982;3;match válido;Qwen3-1.7B
ID_3935638786776109;5;niobia;addition of niobia;0.903;2;match válido;Qwen3-1.7B
ID_3935638786776109;6;EB-PVD;psz sintered (rej);0.498;0;sem match válido;Qwen3-1.7B
ID_3935638786776109;7;TBC;tbcs of zirconia (rej);0.618;0;sem match válido;Qwen3-1.7B
ID_3935638786776109;8;thermal conductivity;thermal conductivity;1.000;1;match válido;Qwen3-1.7B
ID_3935638786776109;9;microstructure;thin layer (rej);0.470;0;sem match válido;Qwen3-1.7B
ID_3935638786776109;10;turbine blades;turbine blades;1.000;3;match válido;Qwen3-1.7B
ID_3935638786776109;11;coatings;special coatings;0.953;1;match válido;Qwen3-1.7B
ID_3935638786776109;12;ceramics;ceramic coatings;0.820;1;match válido;Qwen3-1.7B
ID_3935638786776109;13;powder metallurgy;ceramic coatings (rej);0.540;0;sem match válido;Qwen3-1.7B
ID_3935638786776109;14;intermetallics;zirconia tetragonal phase (rej);0.530;0;sem match válido;Qwen3-1.7B
ID_3935638786776109;15;alloys;ceramic coatings (rej);0.567;0;sem match válido;Qwen3-1.7B
ID_3935638786776109;16;solid electrolyte;thermal conductivity (rej);0.440;0;sem match válido;Qwen3-1.7B
ID_3935638786776109;17;fuel cells;propulsão líquida (rej);0.487;0;sem match válido;Qwen3-1.7B
ID_3935638786776109;18;furnace elements;thermal properties (rej);0.671;0;sem match válido;Qwen3-1.7B
ID_3935638786776109;19;regenerative cooling;thermal properties (rej);0.522;0;sem match válido;Qwen3-1.7B
ID_3935638786776109;20;heat flow;thermal properties (rej);0.679;0;sem match válido;Qwen3-1.7B
ID_7053039409324203;1;Apocynaceae;subfamily apocynoideae;0.824;1;match válido;Qwen3-1.7B
ID_7053039409324203;2;Taxonomia;species;0.849;2;match válido;Qwen3-1.7B
ID_7053039409324203;3;Phylogeny;phylogeny and biogeography;0.910;1;match válido;Qwen3-1.7B
ID_7053039409324203;4;Morphologia;morphological differences;0.809;1;match válido;Qwen3-1.7B
ID_7053039409324203;5;Anatomia;anatomy;0.977;3;match válido;Qwen3-1.7B
ID_7053039409324203;6;Floristica;rauvolfioideae (rej);0.631;0;sem match válido;Qwen3-1.7B
ID_7053039409324203;7;Biogeografia;phylogeny and biogeography (rej);0.798;0;sem match válido;Qwen3-1.7B
ID_7053039409324203;8;Sistematica;list (rej);0.731;0;sem match válido;Qwen3-1.7B
ID_7053039409324203;9;Molecular phylogeny;phylogeny and biogeography (rej);0.758;0;sem match válido;Qwen3-1.7B
ID_7053039409324203;10;Ciclo de vida;mato grosso (rej);0.352;0;sem match válido;Qwen3-1.7B
ID_7053039409324203;11;Sementes;serra da canastra (rej);0.556;0;sem match válido;Qwen3-1.7B
ID_7053039409324203;12;Colleters;calycine colleters (rej);0.595;0;sem match válido;Qwen3-1.7B
ID_7053039409324203;13;Fragilidade;mato grosso (rej);0.460;0;sem match válido;Qwen3-1.7B
ID_7053039409324203;14;Distribuição;patterns of distribution;0.784;1;match válido;Qwen3-1.7B
ID_7053039409324203;15;Morfologia floral;rauvolfioideae (rej);0.660;0;sem match válido;Qwen3-1.7B
ID_7053039409324203;16;Anatomia floral;rauvolfioideae (rej);0.668;0;sem match válido;Qwen3-1.7B
ID_7053039409324203;17;Morfologia de frutos;rauvolfioideae (rej);0.542;0;sem match válido;Qwen3-1.7B
ID_7053039409324203;18;Anatomia de frutos;rauvolfioideae (rej);0.504;0;sem match válido;Qwen3-1.7B
ID_7053039409324203;19;Morfologia de flores;rauvolfioideae (rej);0.638;0;sem match válido;Qwen3-1.7B
ID_7053039409324203;20;Anatomia de flores;rauvolfioideae (rej);0.638;0;sem match válido;Qwen3-1.7B
ID_0170762259145267;1;agricultura;agriculture produce;0.932;2;match válido;Qwen3-1.7B
ID_0170762259145267;2;irrigacao;irrigação;0.838;3;match válido;Qwen3-1.7B
ID_0170762259145267;3;fertirrigacao;lâminas de irrigação (rej);0.627;0;sem match válido;Qwen3-1.7B
ID_0170762259145267;4;potassio;potassium displacement;0.798;3;match válido;Qwen3-1.7B
ID_0170762259145267;5;nematoides;efeito de lâminas (rej);0.403;0;sem match válido;Qwen3-1.7B
ID_0170762259145267;6;microbiologia;arachis hypogaea (rej);0.402;0;sem match válido;Qwen3-1.7B
ID_0170762259145267;7;condutividade eletrica;motor para acionamento (rej);0.556;0;sem match válido;Qwen3-1.7B
ID_0170762259145267;8;sensibilidade;escolha do tipo (rej);0.471;0;sem match válido;Qwen3-1.7B
ID_0170762259145267;9;teor de clorofila;potássio no solo (rej);0.451;0;sem match válido;Qwen3-1.7B
ID_0170762259145267;10;clima;low incident solar (rej);0.444;0;sem match válido;Qwen3-1.7B
ID_0170762259145267;11;mulching;lâminas de irrigação (rej);0.553;0;sem match válido;Qwen3-1.7B
ID_0170762259145267;12;diametro economico;diâmetro econômico;0.962;3;match válido;Qwen3-1.7B
ID_0170762259145267;13;bombeamento;vazão em condutos (rej);0.748;0;sem match válido;Qwen3-1.7B
ID_0170762259145267;14;energia;efeito de lâminas (rej);0.504;0;sem match válido;Qwen3-1.7B
ID_0170762259145267;15;fisiologia;efeito de lâminas (rej);0.572;0;sem match válido;Qwen3-1.7B
ID_0170762259145267;16;solo;solo cultivado (rej);0.486;0;sem match válido;Qwen3-1.7B
ID_0170762259145267;17;pontos de controle;protótipo controlador (rej);0.648;0;sem match válido;Qwen3-1.7B
ID_0170762259145267;18;tecnologias;métodos e sistemas (rej);0.510;0;sem match válido;Qwen3-1.7B
ID_0170762259145267;19;produtividade;diâmetro econômico (rej);0.590;0;sem match válido;Qwen3-1.7B
ID_0170762259145267;20;concentracao ionica;potassium displacement (rej);0.586;0;sem match válido;Qwen3-1.7B
ID_3314639624288740;1;quimica;dehydrogenation reaction (rej);0.501;0;sem match válido;Qwen3-1.7B
ID_3314639624288740;2;teoria;structure (rej);0.591;0;sem match válido;Qwen3-1.7B
ID_3314639624288740;3;computacao;computational physics  (rej);0.622;0;sem match válido;Qwen3-1.7B
ID_3314639624288740;4;fisica;computational physics  (rej);0.688;0;sem match válido;Qwen3-1.7B
ID_3314639624288740;5;mecanica;structure (rej);0.482;0;sem match válido;Qwen3-1.7B
ID_3314639624288740;6;quimica aplicada;dehydrogenation reaction (rej);0.515;0;sem match válido;Qwen3-1.7B
ID_3314639624288740;7;quimica teorica;molecular dynamics (rej);0.685;0;sem match válido;Qwen3-1.7B
ID_3314639624288740;8;computacao quimica;computational physics  (rej);0.600;0;sem match válido;Qwen3-1.7B
ID_3314639624288740;9;fisica quimica;atomic and molecular physics  (rej);0.726;0;sem match válido;Qwen3-1.7B
ID_3314639624288740;10;estrutura molecular;molecular dynamics;0.764;3;match válido;Qwen3-1.7B
ID_3314639624288740;11;energia;potential energy surface (rej);0.737;0;sem match válido;Qwen3-1.7B
ID_3314639624288740;12;estabilidade;structure (rej);0.410;0;sem match válido;Qwen3-1.7B
ID_3314639624288740;13;distribuicao;structure (rej);0.518;0;sem match válido;Qwen3-1.7B
ID_3314639624288740;14;desorcção;structure (rej);0.504;0;sem match válido;Qwen3-1.7B
ID_3314639624288740;15;ionizacao;dehydrogenation reaction (rej);0.418;0;sem match válido;Qwen3-1.7B
ID_3314639624288740;16;catalise;dehydrogenation reaction (rej);0.530;0;sem match válido;Qwen3-1.7B
ID_3314639624288740;17;molecula;molecular dynamics (rej);0.714;0;sem match válido;Qwen3-1.7B
ID_3314639624288740;18;estruturas;structure;0.942;2;match válido;Qwen3-1.7B
ID_3314639624288740;19;pKa;trypsin, β-factor xiia (rej);0.343;0;sem match válido;Qwen3-1.7B
ID_3314639624288740;20;energia de fragmentacao;potential energy surface (rej);0.704;0;sem match válido;Qwen3-1.7B
ID_9856332816841794;1;Respiracao;respiration;0.971;3;match válido;Qwen3-1.7B
ID_9856332816841794;2;Metabolismo;metabolic response;0.886;3;match válido;Qwen3-1.7B
ID_9856332816841794;3;Fisiologia;respiratory physiology (rej);0.634;0;sem match válido;Qwen3-1.7B
ID_9856332816841794;4;Morfologia;morphology;0.960;3;match válido;Qwen3-1.7B
ID_9856332816841794;5;Anatomia;morphology (rej);0.774;0;sem match válido;Qwen3-1.7B
ID_9856332816841794;6;Hematologia;posterior vena cava (rej);0.594;0;sem match válido;Qwen3-1.7B
ID_9856332816841794;7;Oxigeno;respiration (rej);0.665;0;sem match válido;Qwen3-1.7B
ID_9856332816841794;8;Aerobica;respiration (rej);0.513;0;sem match válido;Qwen3-1.7B
ID_9856332816841794;9;Anidro;teiidae (rej);0.502;0;sem match válido;Qwen3-1.7B
ID_9856332816841794;10;Aerobiose;respiratory physiology (rej);0.573;0;sem match válido;Qwen3-1.7B
ID_9856332816841794;11;Respiratorio;ventilation and breathing;0.885;3;match válido;Qwen3-1.7B
ID_9856332816841794;12;Sistemas respiratorios;respiratory systems;0.992;3;match válido;Qwen3-1.7B
ID_9856332816841794;13;Tecnicas de mediacao;reconstruction (rej);0.295;0;sem match válido;Qwen3-1.7B
ID_9856332816841794;14;Ecofisiologia;pterygoplichthys (rej);0.450;0;sem match válido;Qwen3-1.7B
ID_9856332816841794;15;Herpetologia;pterygoplichthys (rej);0.577;0;sem match válido;Qwen3-1.7B
ID_9856332816841794;16;Repteis;tegu lizard (tupinambis merianae);0.761;3;match válido;Qwen3-1.7B
ID_9856332816841794;17;Lagartos;pterygoplichthys (rej);0.554;0;sem match válido;Qwen3-1.7B
ID_9856332816841794;18;Serpentes;tegu lizard (tupinambis merianae) (rej);0.635;0;sem match válido;Qwen3-1.7B
ID_9856332816841794;19;Tupinambis;teiidae (rej);0.646;0;sem match válido;Qwen3-1.7B
ID_9856332816841794;20;Litoral Norte da Bahia;pterygoplichthys (rej);0.324;0;sem match válido;Qwen3-1.7B
ID_7014991384513854;1;Redes Sociais;social networks;0.976;3;match válido;Qwen3-1.7B
ID_7014991384513854;2;Business Intelligence;supervised classification algorithms (rej);0.359;0;sem match válido;Qwen3-1.7B
ID_7014991384513854;3;Sentiment Analysis;twitter (rej);0.337;0;sem match válido;Qwen3-1.7B
ID_7014991384513854;4;Redes Ativas a Nivel de Aplicacao;web-based services (rej);0.632;0;sem match válido;Qwen3-1.7B
ID_7014991384513854;5;Comercio Eletronico;web-based services (rej);0.435;0;sem match válido;Qwen3-1.7B
ID_7014991384513854;6;Servidores Proxy;web-based services (rej);0.547;0;sem match válido;Qwen3-1.7B
ID_7014991384513854;7;Active Learning;user behavior (rej);0.389;0;sem match válido;Qwen3-1.7B
ID_7014991384513854;8;Video Pollution;video pollution;0.994;2;match válido;Qwen3-1.7B
ID_7014991384513854;9;Spam Detection;video spammers detection;0.819;2;match válido;Qwen3-1.7B
ID_7014991384513854;10;Content Promotion;content promoters;0.944;1;match válido;Qwen3-1.7B
ID_7014991384513854;11;Dengue Surveillance;viral campaigns (rej);0.275;0;sem match válido;Qwen3-1.7B
ID_7014991384513854;12;Location-based Social Networks;redes sociais geolocalizadas;0.939;2;match válido;Qwen3-1.7B
ID_7014991384513854;13;Tip Spam;spammers and promoters;0.774;2;match válido;Qwen3-1.7B
ID_7014991384513854;14;Tip Analysis;supervised classification algorithms (rej);0.473;0;sem match válido;Qwen3-1.7B
ID_7014991384513854;15;User Profiling;user navigation profile (rej);0.724;0;sem match válido;Qwen3-1.7B
ID_7014991384513854;16;Social Network Analysis;social network;0.924;3;match válido;Qwen3-1.7B
ID_7014991384513854;17;Web 2.0;web-based services (rej);0.627;0;sem match válido;Qwen3-1.7B
ID_7014991384513854;18;Data Mining;supervised classification algorithms (rej);0.468;0;sem match válido;Qwen3-1.7B
ID_7014991384513854;19;Network Modeling;social network (rej);0.556;0;sem match válido;Qwen3-1.7B
ID_7014991384513854;20;Content Distribution;content promoters (rej);0.642;0;sem match válido;Qwen3-1.7B
ID_1272997735344283;1;Multi-agent;multi-agent systems;0.923;3;match válido;Qwen3-1.7B
ID_1272997735344283;2;Software Engineering;software engineering techniques;0.964;1;match válido;Qwen3-1.7B
ID_1272997735344283;3;Product Lines;software product lines (rej);0.797;0;sem match válido;Qwen3-1.7B
ID_1272997735344283;4;Agent-oriented;agent-oriented software engineering;0.785;3;match válido;Qwen3-1.7B
ID_1272997735344283;5;Model Analysis;model-driven development (rej);0.741;0;sem match válido;Qwen3-1.7B
ID_1272997735344283;6;Configuration Knowledge;configuration knowledge;0.953;2;match válido;Qwen3-1.7B
ID_1272997735344283;7;Variability Management;configuration knowledge (rej);0.467;0;sem match válido;Qwen3-1.7B
ID_1272997735344283;8;Software Product Lines;software product lines;0.992;3;match válido;Qwen3-1.7B
ID_1272997735344283;9;Explanations;model-driven development (rej);0.320;0;sem match válido;Qwen3-1.7B
ID_1272997735344283;10;Trust;configuration knowledge (rej);0.263;0;sem match válido;Qwen3-1.7B
ID_1272997735344283;11;User Centric;configuration knowledge (rej);0.480;0;sem match válido;Qwen3-1.7B
ID_1272997735344283;12;Model Driven;model-driven development;0.773;3;match válido;Qwen3-1.7B
ID_1272997735344283;13;Automation;application engineering (rej);0.465;0;sem match válido;Qwen3-1.7B
ID_1272997735344283;14;Domain Engineering;application engineering (rej);0.505;0;sem match válido;Qwen3-1.7B
ID_1272997735344283;15;System Design;design modularity (rej);0.644;0;sem match válido;Qwen3-1.7B
ID_1272997735344283;16;Software Reuse;software engineering techniques (rej);0.649;0;sem match válido;Qwen3-1.7B
ID_1272997735344283;17;Agent Variability;multi-agent systems (rej);0.652;0;sem match válido;Qwen3-1.7B
ID_1272997735344283;18;System Architecture;multiagent systems (rej);0.600;0;sem match válido;Qwen3-1.7B
ID_1272997735344283;19;Provenance;configuration knowledge (rej);0.231;0;sem match válido;Qwen3-1.7B
ID_1272997735344283;20;Decision Making;configuration knowledge (rej);0.311;0;sem match válido;Qwen3-1.7B
ID_0306964533388350;1;Cerrado;localizada em ecótono (rej);0.592;0;sem match válido;Qwen3-1.7B
ID_0306964533388350;2;Savannas;savanna in southeastern (rej);0.649;0;sem match válido;Qwen3-1.7B
ID_0306964533388350;3;Edafologia;localizada em ecótono (rej);0.524;0;sem match válido;Qwen3-1.7B
ID_0306964533388350;4;Fitossociologia;pliocene (rej);0.380;0;sem match válido;Qwen3-1.7B
ID_0306964533388350;5;Ecologia;ecotone (rej);0.725;0;sem match válido;Qwen3-1.7B
ID_0306964533388350;6;Biodiversidade;regional biodiversity;0.870;3;match válido;Qwen3-1.7B
ID_0306964533388350;7;Botânica;bauru botanic;0.790;3;match válido;Qwen3-1.7B
ID_0306964533388350;8;Paleontologia;pliocene (rej);0.523;0;sem match válido;Qwen3-1.7B
ID_0306964533388350;9;Florística;showed savanna floristic;0.839;1;match válido;Qwen3-1.7B
ID_0306964533388350;10;Geostatística;geostatistics;0.974;2;match válido;Qwen3-1.7B
ID_0306964533388350;11;Conservação;urban reserves (rej);0.607;0;sem match válido;Qwen3-1.7B
ID_0306964533388350;12;Microambiente;ecotone (rej);0.555;0;sem match válido;Qwen3-1.7B
ID_0306964533388350;13;Fenologia;pliocene (rej);0.553;0;sem match válido;Qwen3-1.7B
ID_0306964533388350;14;Materia orgânica;ecotone (rej);0.526;0;sem match válido;Qwen3-1.7B
ID_0306964533388350;15;Decomposição;isolated remnants (rej);0.470;0;sem match válido;Qwen3-1.7B
ID_0306964533388350;16;Sazonalidade;localizada em ecótono (rej);0.661;0;sem match válido;Qwen3-1.7B
ID_0306964533388350;17;Terra;localizada em ecótono (rej);0.683;0;sem match válido;Qwen3-1.7B
ID_0306964533388350;18;Fogo;fire suppression (rej);0.625;0;sem match válido;Qwen3-1.7B
ID_0306964533388350;19;Comunidades vegetais;jardim botânico municipal (rej);0.684;0;sem match válido;Qwen3-1.7B
ID_0306964533388350;20;Ecotono;ecotone;0.935;1;match válido;Qwen3-1.7B
ID_7299082066704598;1;floresta;mature forests;0.838;3;match válido;Qwen3-1.7B
ID_7299082066704598;2;fragmentacao;species in fragments (rej);0.687;0;sem match válido;Qwen3-1.7B
ID_7299082066704598;3;sistema de informacao geografica;tropical forests (rej);0.338;0;sem match válido;Qwen3-1.7B
ID_7299082066704598;4;germinacao;seed germination;0.771;3;match válido;Qwen3-1.7B
ID_7299082066704598;5;sementes;seeds and seedlings;0.918;3;match válido;Qwen3-1.7B
ID_7299082066704598;6;silvicultura;vegetation structure (rej);0.680;0;sem match válido;Qwen3-1.7B
ID_7299082066704598;7;biodiversidade;species extinctions (rej);0.690;0;sem match válido;Qwen3-1.7B
ID_7299082066704598;8;ecosistema;vegetation structure (rej);0.659;0;sem match válido;Qwen3-1.7B
ID_7299082066704598;9;plantulas;seeds and seedlings (rej);0.708;0;sem match válido;Qwen3-1.7B
ID_7299082066704598;10;tropical;tropical trees;0.833;3;match válido;Qwen3-1.7B
ID_7299082066704598;11;morfologia;morfologia externa;0.853;1;match válido;Qwen3-1.7B
ID_7299082066704598;12;reproducao;morfologia externa (rej);0.477;0;sem match válido;Qwen3-1.7B
ID_7299082066704598;13;diversidade genetica;pioneer species (rej);0.474;0;sem match válido;Qwen3-1.7B
ID_7299082066704598;14;conserve;reforestation (rej);0.472;0;sem match válido;Qwen3-1.7B
ID_7299082066704598;15;ecologia;vegetation structure (rej);0.642;0;sem match válido;Qwen3-1.7B
ID_7299082066704598;16;manejo florestal;secondary forests;0.784;3;match válido;Qwen3-1.7B
ID_7299082066704598;17;estabelecimento;vpd (rej);0.555;0;sem match válido;Qwen3-1.7B
ID_7299082066704598;18;sobrevivencia;seedling survival (rej);0.583;0;sem match válido;Qwen3-1.7B
ID_7299082066704598;19;tamanho;morfologia externa (rej);0.456;0;sem match válido;Qwen3-1.7B
ID_7299082066704598;20;mudanca foliar;disturbance (rej);0.512;0;sem match válido;Qwen3-1.7B
ID_3886712611757992;1;Aquisicao de vocabulario;fala espontânea (rej);0.600;0;sem match válido;Qwen3-1.7B
ID_3886712611757992;2;interacao verbal;fala espontânea;0.786;1;match válido;Qwen3-1.7B
ID_3886712611757992;3;criancas pre-escolares;pré-exposição ao objeto (rej);0.429;0;sem match válido;Qwen3-1.7B
ID_3886712611757992;4;Controle instrucional;instructional control;0.977;3;match válido;Qwen3-1.7B
ID_3886712611757992;5;Equivalencia de estimulos;stimulus equivalence;0.812;3;match válido;Qwen3-1.7B
ID_3886712611757992;6;Discriminacao simultanea;conditional discriminations (rej);0.741;0;sem match válido;Qwen3-1.7B
ID_3886712611757992;7;Responder por exclusao;conditional discriminations (rej);0.612;0;sem match válido;Qwen3-1.7B
ID_3886712611757992;8;Aprendizagem relacional;meaningful stimuli (rej);0.466;0;sem match válido;Qwen3-1.7B
ID_3886712611757992;9;Aprendizagem condicional;instructional control (rej);0.608;0;sem match válido;Qwen3-1.7B
ID_3886712611757992;10;Habilidades sociais;inclusão de pessoas (rej);0.441;0;sem match válido;Qwen3-1.7B
ID_3886712611757992;11;Ratos wistar;operante livre (rej);0.397;0;sem match válido;Qwen3-1.7B
ID_3886712611757992;12;Educacao especial;special education institutions;0.864;2;match válido;Qwen3-1.7B
ID_3886712611757992;13;Inclusao no mercado de trabalho;inclusão de pessoas (rej);0.486;0;sem match válido;Qwen3-1.7B
ID_3886712611757992;14;Deficiencia mental;people with special needs (rej);0.547;0;sem match válido;Qwen3-1.7B
ID_3886712611757992;15;Deficiencia;necessidades especiais (rej);0.539;0;sem match válido;Qwen3-1.7B
ID_3886712611757992;16;Pessoa com necessidades especiais;people with special needs;0.918;2;match válido;Qwen3-1.7B
ID_3886712611757992;17;Crianca institucionalizada;instituições educacionais especiais (rej);0.539;0;sem match válido;Qwen3-1.7B
ID_3886712611757992;18;Criancas;operante livre (rej);0.304;0;sem match válido;Qwen3-1.7B
ID_3886712611757992;19;Estimulacao de bebes;separação mãe-filho (rej);0.449;0;sem match válido;Qwen3-1.7B
ID_3886712611757992;20;Desenvolvimento infantil;separação mãe-filho (rej);0.528;0;sem match válido;Qwen3-1.7B
ID_3621433615334969;1;sensor networks;network models (rej);0.576;0;sem match válido;Qwen3-1.7B
ID_3621433615334969;2;distributed algorithms;peer-to-peer sharing systems (rej);0.496;0;sem match válido;Qwen3-1.7B
ID_3621433615334969;3;clock synchronization;time-aware ranking (rej);0.447;0;sem match válido;Qwen3-1.7B
ID_3621433615334969;4;edge coloring;udp (rej);0.312;0;sem match válido;Qwen3-1.7B
ID_3621433615334969;5;wireless sensor networks;network models (rej);0.525;0;sem match válido;Qwen3-1.7B
ID_3621433615334969;6;network performance;network traffic characterization;0.778;2;match válido;Qwen3-1.7B
ID_3621433615334969;7;packet loss;packet simulation (rej);0.716;0;sem match válido;Qwen3-1.7B
ID_3621433615334969;8;packet recovery;packet simulation (rej);0.646;0;sem match válido;Qwen3-1.7B
ID_3621433615334969;9;voice transmission;voip (rej);0.424;0;sem match válido;Qwen3-1.7B
ID_3621433615334969;10;congestion control;traffic management (rej);0.745;0;sem match válido;Qwen3-1.7B
ID_3621433615334969;11;random walks;game theory (rej);0.268;0;sem match válido;Qwen3-1.7B
ID_3621433615334969;12;network modeling;network models;0.976;3;match válido;Qwen3-1.7B
ID_3621433615334969;13;traffic analysis;traffic analysis;1.000;1;match válido;Qwen3-1.7B
ID_3621433615334969;14;system optimization;simulation efficiency (rej);0.654;0;sem match válido;Qwen3-1.7B
ID_3621433615334969;15;network reliability;network models (rej);0.636;0;sem match válido;Qwen3-1.7B
ID_3621433615334969;16;queueing theory;game theory (rej);0.450;0;sem match válido;Qwen3-1.7B
ID_3621433615334969;17;game theory;game theory;1.000;2;match válido;Qwen3-1.7B
ID_3621433615334969;18;traffic prediction;traffic analysis (rej);0.857;0;sem match válido;Qwen3-1.7B
ID_3621433615334969;19;network simulation;network models (rej);0.885;0;sem match válido;Qwen3-1.7B
ID_3621433615334969;20;network analysis;network structure;0.862;3;match válido;Qwen3-1.7B
ID_1138639549823932;1;Adsorcao;adsorption;0.766;3;match válido;Qwen3-1.7B
ID_1138639549823932;2;Argila;alumina (rej);0.614;0;sem match válido;Qwen3-1.7B
ID_1138639549823932;3;Biuret;alumina (rej);0.544;0;sem match válido;Qwen3-1.7B
ID_1138639549823932;4;Catalisador;refine process (rej);0.547;0;sem match válido;Qwen3-1.7B
ID_1138639549823932;5;Contaminantes;sulfur contaminants (rej);0.724;0;sem match válido;Qwen3-1.7B
ID_1138639549823932;6;Corrosao;alumina (rej);0.439;0;sem match válido;Qwen3-1.7B
ID_1138639549823932;7;Desempenho;ótica da legislação (rej);0.582;0;sem match válido;Qwen3-1.7B
ID_1138639549823932;8;Estrutura;environment (rej);0.549;0;sem match válido;Qwen3-1.7B
ID_1138639549823932;9;Estatistica;uso de indicadores (rej);0.676;0;sem match válido;Qwen3-1.7B
ID_1138639549823932;10;Ferro;nitrogen and sulfur (rej);0.455;0;sem match válido;Qwen3-1.7B
ID_1138639549823932;11;Gestao;group (rej);0.410;0;sem match válido;Qwen3-1.7B
ID_1138639549823932;12;Hidrocarburos;petroleum oil;0.801;2;match válido;Qwen3-1.7B
ID_1138639549823932;13;Industria;qualidade e minimização (rej);0.453;0;sem match válido;Qwen3-1.7B
ID_1138639549823932;14;Inorgânico;alumina (rej);0.632;0;sem match válido;Qwen3-1.7B
ID_1138639549823932;15;;;;;;Qwen3-1.7B
ID_1138639549823932;16;;;;;;Qwen3-1.7B
ID_1138639549823932;17;;;;;;Qwen3-1.7B
ID_1138639549823932;18;;;;;;Qwen3-1.7B
ID_1138639549823932;19;;;;;;Qwen3-1.7B
ID_1138639549823932;20;;;;;;Qwen3-1.7B
ID_1661480072159875;1;Geometria Diferencial;euclidean spaces (rej);0.693;0;sem match válido;Qwen3-1.7B
ID_1661480072159875;2;Curvatura Media;mean curvature;0.758;3;match válido;Qwen3-1.7B
ID_1661480072159875;3;Modelagem Geometrica;mean curvature (rej);0.587;0;sem match válido;Qwen3-1.7B
ID_1661480072159875;4;Computacao Grafica;minimal surfaces (rej);0.461;0;sem match válido;Qwen3-1.7B
ID_1661480072159875;5;Superficies Triangulares;complex quadratic form (rej);0.625;0;sem match válido;Qwen3-1.7B
ID_1661480072159875;6;NURBS;hopf (rej);0.602;0;sem match válido;Qwen3-1.7B
ID_1661480072159875;7;Estabilidade;stability;0.985;3;match válido;Qwen3-1.7B
ID_1661480072159875;8;Rigidez;stability (rej);0.617;0;sem match válido;Qwen3-1.7B
ID_1661480072159875;9;Forma Quadratica de Hopf;hopf (rej);0.699;0;sem match válido;Qwen3-1.7B
ID_1661480072159875;10;Vetor Curvatura Media;unit vector (rej);0.602;0;sem match válido;Qwen3-1.7B
ID_1661480072159875;11;Curvatura Escalar Constante;constant scalar curvature;0.800;3;match válido;Qwen3-1.7B
ID_1661480072159875;12;Hipersuperficies Invariantes;stable hypersurfaces (rej);0.704;0;sem match válido;Qwen3-1.7B
ID_1661480072159875;13;Hipersuperficies Minima;minimal hypersurfaces (rej);0.741;0;sem match válido;Qwen3-1.7B
ID_1661480072159875;14;Curvatura Linearizada;constant scalar curvature (rej);0.723;0;sem match válido;Qwen3-1.7B
ID_1661480072159875;15;Autovalor;eigenvalue (rej);0.524;0;sem match válido;Qwen3-1.7B
ID_1661480072159875;16;Primeiro Autovalor;eigenvalue (rej);0.429;0;sem match válido;Qwen3-1.7B
ID_1661480072159875;17;Estabilidade de Hipersuperficies;stability of hypersurfaces;0.848;3;match válido;Qwen3-1.7B
ID_1661480072159875;18;Integral Formulas;integral formula;0.948;3;match válido;Qwen3-1.7B
ID_1661480072159875;19;Minkowski Formulas;integral formula (rej);0.520;0;sem match válido;Qwen3-1.7B
ID_1661480072159875;20;Curvatura Media Constante;constant mean curvature;0.828;3;match válido;Qwen3-1.7B
ID_3714905065293466;1;Stellar Rotation;stellar rotation;0.985;3;match válido;Qwen3-1.7B
ID_3714905065293466;2;Stellar Clusters;stellar core (rej);0.759;0;sem match válido;Qwen3-1.7B
ID_3714905065293466;3;Stellar Evolution;stars: evolution;0.916;2;match válido;Qwen3-1.7B
ID_3714905065293466;4;Non-Gaussian Statistics;non-gaussian (rej);0.590;0;sem match válido;Qwen3-1.7B
ID_3714905065293466;5;Kaniadakis Statistics;stars: population ii (rej);0.425;0;sem match válido;Qwen3-1.7B
ID_3714905065293466;6;Tsallis Statistics;tsallis formalism (rej);0.507;0;sem match válido;Qwen3-1.7B
ID_3714905065293466;7;Rotation Velocity;rotational velocity;0.942;3;match válido;Qwen3-1.7B
ID_3714905065293466;8;Lithium;binaries: spectroscopic (rej);0.303;0;sem match válido;Qwen3-1.7B
ID_3714905065293466;9;Magnetic Braking;rotational velocity (rej);0.461;0;sem match válido;Qwen3-1.7B
ID_3714905065293466;10;Entropy;entropic index (rej);0.516;0;sem match válido;Qwen3-1.7B
ID_3714905065293466;11;Stellar Structure;stellar core;0.811;1;match válido;Qwen3-1.7B
ID_3714905065293466;12;Stellar Dynamics;stellar rotation (rej);0.778;0;sem match válido;Qwen3-1.7B
ID_3714905065293466;13;Stellar Spectroscopy;solar-type stars;0.808;2;match válido;Qwen3-1.7B
ID_3714905065293466;14;Stellar Classification;stars: fundamental parameters (rej);0.784;0;sem match válido;Qwen3-1.7B
ID_3714905065293466;15;Stellar Age;stars: late-type;0.765;2;match válido;Qwen3-1.7B
ID_3714905065293466;16;Rotation Period;moderately high rotation;0.792;2;match válido;Qwen3-1.7B
ID_3714905065293466;17;Stellar Mass;stellar core (rej);0.721;0;sem match válido;Qwen3-1.7B
ID_3714905065293466;18;Stellar Radius;stars: rotation;0.778;3;match válido;Qwen3-1.7B
ID_3714905065293466;19;Stellar Inclination;stars: fundamental parameters;0.799;3;match válido;Qwen3-1.7B
ID_3714905065293466;20;Stellar Activity;stars: fundamental parameters (rej);0.776;0;sem match válido;Qwen3-1.7B
ID_6306096928606380;1;Formacao estelar;stars: formation;0.923;3;match válido;Qwen3-1.7B
ID_6306096928606380;2;Meio interestelar;herbig-haro objects (rej);0.529;0;sem match válido;Qwen3-1.7B
ID_6306096928606380;3;Polarimetria;optical polarimetry;0.874;3;match válido;Qwen3-1.7B
ID_6306096928606380;4;Estrelas jovens;young stellar object;0.824;3;match válido;Qwen3-1.7B
ID_6306096928606380;5;Estrelas pre-sequencia principal;stars: formation (rej);0.798;0;sem match válido;Qwen3-1.7B
ID_6306096928606380;6;Nuvens escuras;cluster of galaxies (rej);0.475;0;sem match válido;Qwen3-1.7B
ID_6306096928606380;7;Globulos cometarios;protostellar jets (rej);0.624;0;sem match válido;Qwen3-1.7B
ID_6306096928606380;8;Campo magnetico;ism: magnetic fields;0.877;3;match válido;Qwen3-1.7B
ID_6306096928606380;9;Sistemas AM Her;herbig-haro objects (rej);0.230;0;sem match válido;Qwen3-1.7B
ID_6306096928606380;10;Variaveis cataclismicas;stars: formation (rej);0.423;0;sem match válido;Qwen3-1.7B
ID_6306096928606380;11;Estrelas semiregulares;stars: formation (rej);0.777;0;sem match válido;Qwen3-1.7B
ID_6306096928606380;12;Maser de H2O;radiative transfer (rej);0.383;0;sem match válido;Qwen3-1.7B
ID_6306096928606380;13;Infravermelho fotometria;infrared photometry;0.935;3;match válido;Qwen3-1.7B
ID_6306096928606380;14;Radioastronomia - Transicoes moleculares;radiative transfer (rej);0.568;0;sem match válido;Qwen3-1.7B
ID_6306096928606380;15;Sistemas Herbig-Haro;herbig-haro objects;0.819;2;match válido;Qwen3-1.7B
ID_6306096928606380;16;Nuvens moleculares;stars: formation (rej);0.507;0;sem match válido;Qwen3-1.7B
ID_6306096928606380;17;Sistemas binarios;polarization (rej);0.412;0;sem match válido;Qwen3-1.7B
ID_6306096928606380;18;Estrelas variaveis;stars: formation (rej);0.836;0;sem match válido;Qwen3-1.7B
ID_6306096928606380;19;Ciclotronica;radiative transfer (rej);0.367;0;sem match válido;Qwen3-1.7B
ID_6306096928606380;20;Polarizacao;polarization;0.946;3;match válido;Qwen3-1.7B
ID_4830050448543240;1;van der waals;van der waals;1.000;3;match válido;Qwen3-1.7B
ID_4830050448543240;2;density functional;density functionals;0.988;3;match válido;Qwen3-1.7B
ID_4830050448543240;3;dipole oscillator-strengths;dynamic dipole polarizability (rej);0.634;0;sem match válido;Qwen3-1.7B
ID_4830050448543240;4;dispersion coefficients;multipole dispersion;0.767;3;match válido;Qwen3-1.7B
ID_4830050448543240;5;hartree-fock;hubbard (rej);0.639;0;sem match válido;Qwen3-1.7B
ID_4830050448543240;6;xe;hubbard (rej);0.356;0;sem match válido;Qwen3-1.7B
ID_4830050448543240;7;he;heisenberg-like hamiltonian (rej);0.477;0;sem match válido;Qwen3-1.7B
ID_4830050448543240;8;polarizabilities;dynamic dipole polarizability;0.798;3;match válido;Qwen3-1.7B
ID_4830050448543240;9;luttinger liquid;luttinger;0.804;3;match válido;Qwen3-1.7B
ID_4830050448543240;10;hubbard model;hubbard (rej);0.718;0;sem match válido;Qwen3-1.7B
ID_4830050448543240;11;superlattice;heisenberg-like hamiltonian (rej);0.402;0;sem match válido;Qwen3-1.7B
ID_4830050448543240;12;mott insulator;mott gap (rej);0.561;0;sem match válido;Qwen3-1.7B
ID_4830050448543240;13;local-density approximation;local-density approximation;1.000;3;match válido;Qwen3-1.7B
ID_4830050448543240;14;band structure gap;mott gap (rej);0.565;0;sem match válido;Qwen3-1.7B
ID_4830050448543240;15;charge density;density functionals (rej);0.643;0;sem match válido;Qwen3-1.7B
ID_4830050448543240;16;ground state energy;mean-field free energy (rej);0.544;0;sem match válido;Qwen3-1.7B
ID_4830050448543240;17;density functional theory;density-functional study;0.921;3;match válido;Qwen3-1.7B
ID_4830050448543240;18;nonadditivity;specific nonlocal density (rej);0.458;0;sem match válido;Qwen3-1.7B
ID_4830050448543240;19;three-body dipole;dynamic dipole polarizability (rej);0.577;0;sem match válido;Qwen3-1.7B
ID_4830050448543240;20;ab initio;hubbard (rej);0.350;0;sem match válido;Qwen3-1.7B
ID_5368167403557640;1;Finite Element Method;finite element method;0.914;3;match válido;Qwen3-1.7B
ID_5368167403557640;2;Viscous Membranes;viscous membrane;0.839;3;match válido;Qwen3-1.7B
ID_5368167403557640;3;Fluid Flow;two-phase flow;0.752;3;match válido;Qwen3-1.7B
ID_5368167403557640;4;Surface Tension;surface tension;0.961;3;match válido;Qwen3-1.7B
ID_5368167403557640;5;Meshless Methods;unstructured mesh generation (rej);0.679;0;sem match válido;Qwen3-1.7B
ID_5368167403557640;6;Interface Tracking;tracking with moving-least-squares (rej);0.584;0;sem match válido;Qwen3-1.7B
ID_5368167403557640;7;Numerical Stability;reynolds equation (rej);0.538;0;sem match válido;Qwen3-1.7B
ID_5368167403557640;8;Discontinuous Pressure;surface tension (rej);0.678;0;sem match válido;Qwen3-1.7B
ID_5368167403557640;9;Algebraic Methods;reynolds equation (rej);0.597;0;sem match válido;Qwen3-1.7B
ID_5368167403557640;10;Computational Fluid Dynamics;two-fluid model (rej);0.715;0;sem match válido;Qwen3-1.7B
ID_5368167403557640;11;High-Order Methods;optimization (rej);0.479;0;sem match válido;Qwen3-1.7B
ID_5368167403557640;12;Stability Analysis;surface tension (rej);0.409;0;sem match válido;Qwen3-1.7B
ID_5368167403557640;13;Adaptive Meshing;unstructured mesh generation (rej);0.686;0;sem match válido;Qwen3-1.7B
ID_5368167403557640;14;Microfluidics;viscoelastic fluids (rej);0.601;0;sem match válido;Qwen3-1.7B
ID_5368167403557640;15;Eulerian Methods;finite element method (rej);0.536;0;sem match válido;Qwen3-1.7B
ID_5368167403557640;16;Lagrangian Methods;cavitation model (rej);0.494;0;sem match válido;Qwen3-1.7B
ID_5368167403557640;17;Projection Methods;shape sensitivity analysis (rej);0.418;0;sem match válido;Qwen3-1.7B
ID_5368167403557640;18;Capillary Flows;incompressible flow (rej);0.570;0;sem match válido;Qwen3-1.7B
ID_5368167403557640;19;Surface Tension Effects;surface tension (rej);0.906;0;sem match válido;Qwen3-1.7B
ID_5368167403557640;20;Contact Mechanics;surface tension (rej);0.527;0;sem match válido;Qwen3-1.7B
ID_1122362218673413;1;Minerais Pesados;proveniência de minerais (rej);0.781;0;sem match válido;Qwen3-1.7B
ID_1122362218673413;2;Proveniencia;estratigráfica e proveniência (rej);0.616;0;sem match válido;Qwen3-1.7B
ID_1122362218673413;3;Sedimentologia;são luís–grajaú basin (rej);0.418;0;sem match válido;Qwen3-1.7B
ID_1122362218673413;4;Petrografia;cráton (rej);0.517;0;sem match válido;Qwen3-1.7B
ID_1122362218673413;5;Depositos Cretaceos;paleozoic basin (rej);0.726;0;sem match válido;Qwen3-1.7B
ID_1122362218673413;6;Depositos Albianos;albian sandstones (rej);0.694;0;sem match válido;Qwen3-1.7B
ID_1122362218673413;7;Bacia de Sao Luis-Grajau;são luís–grajaú basin;0.754;1;match válido;Qwen3-1.7B
ID_1122362218673413;8;Sub-Bacia de Cameta;são luís–grajaú basin (rej);0.700;0;sem match válido;Qwen3-1.7B
ID_1122362218673413;9;Estratigrafia;estratigráfica e proveniência (rej);0.531;0;sem match válido;Qwen3-1.7B
ID_1122362218673413;10;Provincia Mineral de Carajas;proveniência de minerais (rej);0.632;0;sem match válido;Qwen3-1.7B
ID_1122362218673413;11;Carajas;são luís–grajaú basin (rej);0.591;0;sem match válido;Qwen3-1.7B
ID_1122362218673413;12;Amazonian Craton;amazonian craton;0.908;2;match válido;Qwen3-1.7B
ID_1122362218673413;13;Sistemas Deposicionais;estratigráfica e proveniência (rej);0.549;0;sem match válido;Qwen3-1.7B
ID_1122362218673413;14;Zirco Detritico;detrital zircon;0.841;3;match válido;Qwen3-1.7B
ID_1122362218673413;15;Textura de Quartzo;mineral chemistry (rej);0.603;0;sem match válido;Qwen3-1.7B
ID_1122362218673413;16;Minerais Pesados de Delta;proveniência de minerais (rej);0.656;0;sem match válido;Qwen3-1.7B
ID_1122362218673413;17;Minerais Pesados de Barreiras;proveniência de minerais (rej);0.740;0;sem match válido;Qwen3-1.7B
ID_1122362218673413;18;Minerais Pesados de Ipixuna;proveniência de minerais (rej);0.709;0;sem match válido;Qwen3-1.7B
ID_1122362218673413;19;Minerais Pesados de Arenitos;proveniência de minerais;0.786;3;match válido;Qwen3-1.7B
ID_1122362218673413;20;Minerais Pesados de Delta do Rio Tubarao;proveniência de minerais (rej);0.629;0;sem match válido;Qwen3-1.7B
ID_7269889225548975;1;cosmologia;cosmological particle production (rej);0.740;0;sem match válido;Qwen3-1.7B
ID_7269889225548975;2;gravitacao;gravitational collapse (rej);0.741;0;sem match válido;Qwen3-1.7B
ID_7269889225548975;3;vacuo;lissajous figures (rej);0.492;0;sem match válido;Qwen3-1.7B
ID_7269889225548975;4;colapso gravitacional;gravitational collapse;0.990;3;match válido;Qwen3-1.7B
ID_7269889225548975;5;energia escura;dark energy (rej);0.982;0;sem match válido;Qwen3-1.7B
ID_7269889225548975;6;estrutura formacao;construção das figuras (rej);0.655;0;sem match válido;Qwen3-1.7B
ID_7269889225548975;7;computacao algebrica;construção das figuras (rej);0.477;0;sem match válido;Qwen3-1.7B
ID_7269889225548975;8;equacoes de maxwell;friedmann type model (rej);0.440;0;sem match válido;Qwen3-1.7B
ID_7269889225548975;9;teoria de einstein;concepção pré-newtoniana (rej);0.499;0;sem match válido;Qwen3-1.7B
ID_7269889225548975;10;historia da fisica;cosmological particle production (rej);0.596;0;sem match válido;Qwen3-1.7B
ID_7269889225548975;11;fisica classica;cosmological particle production (rej);0.584;0;sem match válido;Qwen3-1.7B
ID_7269889225548975;12;processo ensino-aprendizagem;processo cognitivo (rej);0.509;0;sem match válido;Qwen3-1.7B
ID_7269889225548975;13;perturbacoes escalares;lissajous figures (rej);0.542;0;sem match válido;Qwen3-1.7B
ID_7269889225548975;14;quasi-normal modes;renormalization group (rej);0.452;0;sem match válido;Qwen3-1.7B
ID_7269889225548975;15;gravitacao ondulatoria;gravitational collapse (rej);0.652;0;sem match válido;Qwen3-1.7B
ID_7269889225548975;16;distancia angular;luminosity distance (rej);0.516;0;sem match válido;Qwen3-1.7B
ID_7269889225548975;17;fisica relativista;singularity (rej);0.554;0;sem match válido;Qwen3-1.7B
ID_7269889225548975;18;modelo cosmologico;cosmological particle production (rej);0.733;0;sem match válido;Qwen3-1.7B
ID_7269889225548975;19;dark energy;dark energy;1.000;3;match válido;Qwen3-1.7B
ID_7269889225548975;20;dark matter;dark matter;1.000;2;match válido;Qwen3-1.7B
ID_3258168964977007;1;Reator Nuclear;nuclear reactor core;0.909;3;match válido;Qwen3-1.7B
ID_3258168964977007;2;Recarga;core fuel reload (rej);0.562;0;sem match válido;Qwen3-1.7B
ID_3258168964977007;3;Otimizacao;reload optimization problem (rej);0.580;0;sem match válido;Qwen3-1.7B
ID_3258168964977007;4;Algoritmos Evolucionarios;particle swarm optimization (rej);0.484;0;sem match válido;Qwen3-1.7B
ID_3258168964977007;5;Algoritmos de Inspiração Quantica;particle swarm optimization (rej);0.492;0;sem match válido;Qwen3-1.7B
ID_3258168964977007;6;Ant Colony;artiticial ant colony (rej);0.730;0;sem match válido;Qwen3-1.7B
ID_3258168964977007;7;PSO;sistemas críticos (rej);0.366;0;sem match válido;Qwen3-1.7B
ID_3258168964977007;8;Redes Neurais Artificiais;particle swarm optimization (rej);0.415;0;sem match válido;Qwen3-1.7B
ID_3258168964977007;9;Diagnostico de Acidentes;sistemas críticos (rej);0.331;0;sem match válido;Qwen3-1.7B
ID_3258168964977007;10;Identificacao de Transientes;plant transient identification (rej);0.528;0;sem match válido;Qwen3-1.7B
ID_3258168964977007;11;Sistemas Criticos Quanto a Seguranca;sistemas críticos (rej);0.720;0;sem match válido;Qwen3-1.7B
ID_3258168964977007;12;Engenharia de Software;sistemas críticos (rej);0.422;0;sem match válido;Qwen3-1.7B
ID_3258168964977007;13;Inteligencia Artificial;sistemas críticos (rej);0.343;0;sem match válido;Qwen3-1.7B
ID_3258168964977007;14;Quantum Computation;particle swarm optimization (rej);0.410;0;sem match válido;Qwen3-1.7B
ID_3258168964977007;15;Monte Carlo;monte carlo (rej);0.734;0;sem match válido;Qwen3-1.7B
ID_3258168964977007;16;Xenon Oscillation;plant transient identification (rej);0.292;0;sem match válido;Qwen3-1.7B
ID_3258168964977007;17;Control Rod Drop;power plant transients (rej);0.367;0;sem match válido;Qwen3-1.7B
ID_3258168964977007;18;Dose Certa;monte carlo (rej);0.490;0;sem match válido;Qwen3-1.7B
ID_3258168964977007;19;Isodose Curve;monte carlo (rej);0.370;0;sem match válido;Qwen3-1.7B
ID_3258168964977007;20;Modelagem Matematica;particle swarm optimization (rej);0.397;0;sem match válido;Qwen3-1.7B
ID_3341755886753117;1;switched-capacitor filters;switched-capacitor filters;1.000;3;match válido;Qwen3-1.7B
ID_3341755886753117;2;capacitance matching;capacitance matching;1.000;3;match válido;Qwen3-1.7B
ID_3341755886753117;3;genetic algorithms;genetic algorithms;1.000;3;match válido;Qwen3-1.7B
ID_3341755886753117;4;operational transconductance amplifier;analog integrated circuits (rej);0.580;0;sem match válido;Qwen3-1.7B
ID_3341755886753117;5;parallel processing;approximation algorithm (rej);0.385;0;sem match válido;Qwen3-1.7B
ID_3341755886753117;6;electromagnetic transients;frequency response (rej);0.481;0;sem match válido;Qwen3-1.7B
ID_3341755886753117;7;phase locked loop;analog integrated circuits (rej);0.388;0;sem match válido;Qwen3-1.7B
ID_3341755886753117;8;filter design;filter;0.919;3;match válido;Qwen3-1.7B
ID_3341755886753117;9;cmos technology;35 μm cmos (rej);0.578;0;sem match válido;Qwen3-1.7B
ID_3341755886753117;10;filter coefficients;filter coefficients;1.000;1;match válido;Qwen3-1.7B
ID_3341755886753117;11;frequency response;frequency response;1.000;2;match válido;Qwen3-1.7B
ID_3341755886753117;12;die area;35 μm cmos (rej);0.416;0;sem match válido;Qwen3-1.7B
ID_3341755886753117;13;linearity;coefficient approximations (rej);0.535;0;sem match válido;Qwen3-1.7B
ID_3341755886753117;14;differential voltage;analog integrated circuits (rej);0.536;0;sem match válido;Qwen3-1.7B
ID_3341755886753117;15;capacitor arrangement;unit capacitors;0.855;3;match válido;Qwen3-1.7B
ID_3341755886753117;16;simulation;approximation algorithm (rej);0.549;0;sem match válido;Qwen3-1.7B
ID_3341755886753117;17;monte carlo analysis;coefficient approximations (rej);0.427;0;sem match válido;Qwen3-1.7B
ID_3341755886753117;18;signal processing;frequency response (rej);0.554;0;sem match válido;Qwen3-1.7B
ID_3341755886753117;19;transconductance;capacitance (rej);0.489;0;sem match válido;Qwen3-1.7B
ID_3341755886753117;20;filter performance;filter (rej);0.912;0;sem match válido;Qwen3-1.7B
ID_4165114386602896;1;Estados Unidos;united states;0.966;3;match válido;Qwen3-1.7B
ID_4165114386602896;2;Meio Ambiente;climate (rej);0.621;0;sem match válido;Qwen3-1.7B
ID_4165114386602896;3;Geopolitica;política externa (rej);0.766;0;sem match válido;Qwen3-1.7B
ID_4165114386602896;4;Energia;energética dos estados (rej);0.738;0;sem match válido;Qwen3-1.7B
ID_4165114386602896;5;Seguranca;perspectivas (rej);0.624;0;sem match válido;Qwen3-1.7B
ID_4165114386602896;6;Política Externa;política externa;0.996;3;match válido;Qwen3-1.7B
ID_4165114386602896;7;Política Domestica;domestic interests;0.822;3;match válido;Qwen3-1.7B
ID_4165114386602896;8;Conflito Israel-Palestina;política externa (rej);0.424;0;sem match válido;Qwen3-1.7B
ID_4165114386602896;9;Relações Internacionais;política externa (rej);0.742;0;sem match válido;Qwen3-1.7B
ID_4165114386602896;10;Integração Regional;identidade subcontinental (rej);0.576;0;sem match válido;Qwen3-1.7B
ID_4165114386602896;11;Nacionalismo;identidade subcontinental (rej);0.658;0;sem match válido;Qwen3-1.7B
ID_4165114386602896;12;Globalização;global discussions (rej);0.717;0;sem match válido;Qwen3-1.7B
ID_4165114386602896;13;Economia;economia;0.996;2;match válido;Qwen3-1.7B
ID_4165114386602896;14;Política de Energia Renovável;política de energia;0.884;3;match válido;Qwen3-1.7B
ID_4165114386602896;15;Monopolios Energéticos;monopólios do gás;0.785;3;match válido;Qwen3-1.7B
ID_4165114386602896;16;Política de Defesa;estratégia de defesa;0.848;3;match válido;Qwen3-1.7B
ID_4165114386602896;17;Crise Energética;política de energia (rej);0.812;0;sem match válido;Qwen3-1.7B
ID_4165114386602896;18;Insegurança Energética;política de energia (rej);0.802;0;sem match válido;Qwen3-1.7B
ID_4165114386602896;19;Política de Xisto;política externa (rej);0.674;0;sem match válido;Qwen3-1.7B
ID_4165114386602896;20;Política Climática;climate policy;0.984;3;match válido;Qwen3-1.7B
ID_3413049864861519;1;Metaheurísticas;acyclic orientations (rej);0.427;0;sem match válido;Qwen3-1.7B
ID_3413049864861519;2;Redes Elasticas;embedded network (rej);0.691;0;sem match válido;Qwen3-1.7B
ID_3413049864861519;3;Caixeiro Viajante;maritime transportation (rej);0.277;0;sem match válido;Qwen3-1.7B
ID_3413049864861519;4;Otimização Combinatória;combinatorial optimization problems;0.761;3;match válido;Qwen3-1.7B
ID_3413049864861519;5;Algoritmos Paralelos;combinatorial optimization problems (rej);0.601;0;sem match válido;Qwen3-1.7B
ID_3413049864861519;6;Escalonamento de Tarefas;maximum balanced subgraph (rej);0.426;0;sem match válido;Qwen3-1.7B
ID_3413049864861519;7;GOMS;exact approach (rej);0.287;0;sem match válido;Qwen3-1.7B
ID_3413049864861519;8;Apoio ao Aprendizado;exact approach (rej);0.233;0;sem match válido;Qwen3-1.7B
ID_3413049864861519;9;Programação Linear;dynamic programming (rej);0.557;0;sem match válido;Qwen3-1.7B
ID_3413049864861519;10;Modelos de Tarefas;exact approach (rej);0.496;0;sem match válido;Qwen3-1.7B
ID_3413049864861519;11;Avaliação de Comunicação;uncertainty (rej);0.312;0;sem match válido;Qwen3-1.7B
ID_3413049864861519;12;Apoio Educacional;resource inequalities formulation (rej);0.208;0;sem match válido;Qwen3-1.7B
ID_3413049864861519;13;Robustização;robust optimization (rej);0.689;0;sem match válido;Qwen3-1.7B
ID_3413049864861519;14;Avaliação de Interfaces;embedded network (rej);0.456;0;sem match válido;Qwen3-1.7B
ID_3413049864861519;15;Grafos;maximum balanced subgraph (rej);0.543;0;sem match válido;Qwen3-1.7B
ID_3413049864861519;16;Poliedros;uncertainty polytope (rej);0.502;0;sem match válido;Qwen3-1.7B
ID_3413049864861519;17;Algoritmos Branch-and-Cut;robust combinatorial optimization (rej);0.557;0;sem match válido;Qwen3-1.7B
ID_3413049864861519;18;Teoria Poliedrica;uncertainty polytope (rej);0.561;0;sem match válido;Qwen3-1.7B
ID_3413049864861519;19;Alocação de Tarefas;routing (rej);0.441;0;sem match válido;Qwen3-1.7B
ID_3413049864861519;20;Schedulamento;sequence-dependent batch setup (rej);0.492;0;sem match válido;Qwen3-1.7B
ID_0521334155968808;1;farmacoepidemiologia;pharmacoepidemiological studies;0.935;3;match válido;Qwen3-1.7B
ID_0521334155968808;2;psicotropicos;rational drug (rej);0.453;0;sem match válido;Qwen3-1.7B
ID_0521334155968808;3;assistencia farmaceutica;recetas médicas ambulatorias;0.860;2;match válido;Qwen3-1.7B
ID_0521334155968808;4;reacoes adversas;reacciones adversas;0.972;3;match válido;Qwen3-1.7B
ID_0521334155968808;5;geriatria;geriatrics requires well-designed;0.786;2;match válido;Qwen3-1.7B
ID_0521334155968808;6;hipertensao;reacciones adversas (rej);0.412;0;sem match válido;Qwen3-1.7B
ID_0521334155968808;7;consumo de medicamentos;consumo de medicamentos;1.000;3;match válido;Qwen3-1.7B
ID_0521334155968808;8;prescricao;recetas médicas ambulatorias (rej);0.828;0;sem match válido;Qwen3-1.7B
ID_0521334155968808;9;sistema unico de saude - sus;esboço dos fatores (rej);0.455;0;sem match válido;Qwen3-1.7B
ID_0521334155968808;10;medicamentos;studies on medication;0.869;3;match válido;Qwen3-1.7B
ID_0521334155968808;11;ambulatorio;recetas médicas ambulatorias (rej);0.658;0;sem match válido;Qwen3-1.7B
ID_0521334155968808;12;atencao interdisciplinar;base para estudios (rej);0.633;0;sem match válido;Qwen3-1.7B
ID_0521334155968808;13;fatores determinantes;esboço dos fatores;0.814;1;match válido;Qwen3-1.7B
ID_0521334155968808;14;uso racional;rational drug (rej);0.661;0;sem match válido;Qwen3-1.7B
ID_0521334155968808;15;empurroterapia;consumo de medicamentos (rej);0.576;0;sem match válido;Qwen3-1.7B
ID_0521334155968808;16;veterinaria;farmácia hospitalar (rej);0.407;0;sem match válido;Qwen3-1.7B
ID_0521334155968808;17;sauda publica;legais em ordens (rej);0.456;0;sem match válido;Qwen3-1.7B
ID_0521334155968808;18;percepcao;base para estudios (rej);0.461;0;sem match válido;Qwen3-1.7B
ID_0521334155968808;19;cuidados geriatricos;queda entre idosos;0.757;3;match válido;Qwen3-1.7B
ID_0521334155968808;20;medicamentos veterinarios;recetas médicas ambulatorias (rej);0.632;0;sem match válido;Qwen3-1.7B
