Autor;Rank;Tag_Predita;Melhor_Match_Gabarito;Similaridade;Peso;Match_Status;Modelo
ID_0144465590218939;1;bone morphogenetic protein;protein kinase (rej);0.595;0;sem match válido;Qwen3-1.7B-QLoRA
ID_0144465590218939;2;bone morphogenetic protein-9;protein kinase (rej);0.580;0;sem match válido;Qwen3-1.7B-QLoRA
ID_0144465590218939;3;cell proliferation;protein kinase (rej);0.464;0;sem match válido;Qwen3-1.7B-QLoRA
ID_0144465590218939;4;cellular signal transduction;signal transduction pathway;0.821;3;match válido;Qwen3-1.7B-QLoRA
ID_0144465590218939;5;cyclic adenosine monophosphate;phosphatidylinositol (rej);0.495;0;sem match válido;Qwen3-1.7B-QLoRA
ID_0144465590218939;6;dexamethasone;phosphatidylinositol (rej);0.621;0;sem match válido;Qwen3-1.7B-QLoRA
ID_0144465590218939;7;early lactating rats;early lactating rats;1.000;2;match válido;Qwen3-1.7B-QLoRA
ID_0144465590218939;8;early lactation;early lactating rats (rej);0.764;0;sem match válido;Qwen3-1.7B-QLoRA
ID_0144465590218939;9;expression and processing;signal transduction pathway (rej);0.338;0;sem match válido;Qwen3-1.7B-QLoRA
ID_0144465590218939;10;folic acid;phosphatidylinositol (rej);0.490;0;sem match válido;Qwen3-1.7B-QLoRA
ID_0144465590218939;11;glucose homeostasis;postpartum glycemic homeostasis (rej);0.654;0;sem match válido;Qwen3-1.7B-QLoRA
ID_0144465590218939;12;glucocorticoid-induced;postpartum glycemic homeostasis (rej);0.480;0;sem match válido;Qwen3-1.7B-QLoRA
ID_0144465590218939;13;hypothalamic suprachiasmatic region;postpartum glycemic homeostasis (rej);0.411;0;sem match válido;Qwen3-1.7B-QLoRA
ID_0144465590218939;14;insulin receptor;insulin receptor;1.000;3;match válido;Qwen3-1.7B-QLoRA
ID_0144465590218939;15;insulin resistance;insulin receptor (rej);0.785;0;sem match válido;Qwen3-1.7B-QLoRA
ID_0144465590218939;16;insulin secretion;insulin secretion;1.000;3;match válido;Qwen3-1.7B-QLoRA
ID_0144465590218939;17;insulin secretion stimulation;insulin secretion (rej);0.918;0;sem match válido;Qwen3-1.7B-QLoRA
ID_0144465590218939;18;insulin sensitivity;soleus insulin response;0.774;2;match válido;Qwen3-1.7B-QLoRA
ID_0144465590218939;19;insulin-sensitizing substance;insulin receptor (rej);0.887;0;sem match válido;Qwen3-1.7B-QLoRA
ID_0144465590218939;20;insulin-sensitizing substance (hiiss);insulin receptor (rej);0.830;0;sem match válido;Qwen3-1.7B-QLoRA
ID_0170762259145267;1;cultivares de morangueiro;solo cultivado;0.795;2;match válido;Qwen3-1.7B-QLoRA
ID_0170762259145267;2;cultivares de morangueiro em colheita;pós-colheita da mangueira;0.881;3;match válido;Qwen3-1.7B-QLoRA
ID_0170762259145267;3;cultivares de morangueiro em colheita de produção;agriculture produce;0.841;2;match válido;Qwen3-1.7B-QLoRA
ID_0170762259145267;4;cultivares de morangueiro em colheita de produção de mudas;pós-colheita da mangueira (rej);0.815;0;sem match válido;Qwen3-1.7B-QLoRA
ID_0170762259145267;5;cultivares de morangueiro em colheita de produção de plantas;pós-colheita da mangueira (rej);0.817;0;sem match válido;Qwen3-1.7B-QLoRA
ID_0170762259145267;6;cultivares de morangueiro em colheita de produção de plantas em colheita;pós-colheita da mangueira (rej);0.823;0;sem match válido;Qwen3-1.7B-QLoRA
ID_0170762259145267;7;cultivares de morangueiro em colheita de produção de plantas em colheita de produção;agriculture produce (rej);0.830;0;sem match válido;Qwen3-1.7B-QLoRA
ID_0170762259145267;8;;;;;;Qwen3-1.7B-QLoRA
ID_0170762259145267;9;;;;;;Qwen3-1.7B-QLoRA
ID_0170762259145267;10;;;;;;Qwen3-1.7B-QLoRA
ID_0170762259145267;11;;;;;;Qwen3-1.7B-QLoRA
ID_0170762259145267;12;;;;;;Qwen3-1.7B-QLoRA
ID_0170762259145267;13;;;;;;Qwen3-1.7B-QLoRA
ID_0170762259145267;14;;;;;;Qwen3-1.7B-QLoRA
ID_0170762259145267;15;;;;;;Qwen3-1.7B-QLoRA
ID_0170762259145267;16;;;;;;Qwen3-1.7B-QLoRA
ID_0170762259145267;17;;;;;;Qwen3-1.7B-QLoRA
ID_0170762259145267;18;;;;;;Qwen3-1.7B-QLoRA
ID_0170762259145267;19;;;;;;Qwen3-1.7B-QLoRA
ID_0170762259145267;20;;;;;;Qwen3-1.7B-QLoRA
ID_0174325304693036;1;adenocarcinoma;primary tumor (rej);0.520;0;sem match válido;Qwen3-1.7B-QLoRA
ID_0174325304693036;2;head and neck squamous cell;head and neck squamous cell carcinoma (rej);0.846;0;sem match válido;Qwen3-1.7B-QLoRA
ID_0174325304693036;3;head and neck squamous cell carcinoma;head and neck squamous cell carcinoma;1.000;3;match válido;Qwen3-1.7B-QLoRA
ID_0174325304693036;4;immunohistochemistry;immunohistochemistry;1.000;2;match válido;Qwen3-1.7B-QLoRA
ID_0174325304693036;5;molecular markers;co-expression of mct1 (rej);0.525;0;sem match válido;Qwen3-1.7B-QLoRA
ID_0174325304693036;6;molecular markers of cancer;prostate cancer screening (rej);0.544;0;sem match válido;Qwen3-1.7B-QLoRA
ID_0174325304693036;7;molecular markers of head;head and neck (rej);0.666;0;sem match válido;Qwen3-1.7B-QLoRA
ID_0174325304693036;8;molecular markers of oral;oral cancer (rej);0.612;0;sem match válido;Qwen3-1.7B-QLoRA
ID_0174325304693036;9;prognostic markers;potential prognostic markers;0.936;3;match válido;Qwen3-1.7B-QLoRA
ID_0174325304693036;10;prognostic significance;prognostic factors;0.909;3;match válido;Qwen3-1.7B-QLoRA
ID_0174325304693036;11;prognostic significance of tgf-β;potential prognostic markers (rej);0.553;0;sem match válido;Qwen3-1.7B-QLoRA
ID_0174325304693036;12;prognostic significance of tgf-β1;potential prognostic markers (rej);0.491;0;sem match válido;Qwen3-1.7B-QLoRA
ID_0174325304693036;13;prognostic significance of tgf-β3;potential prognostic markers (rej);0.492;0;sem match válido;Qwen3-1.7B-QLoRA
ID_0174325304693036;14;prognostic significance of tgf-β3 expression;potential prognostic markers (rej);0.432;0;sem match válido;Qwen3-1.7B-QLoRA
ID_0174325304693036;15;prognostic significance of tumor;primary tumor (rej);0.723;0;sem match válido;Qwen3-1.7B-QLoRA
ID_0174325304693036;16;squamous cell carcinoma;squamous cell carcinoma;1.000;2;match válido;Qwen3-1.7B-QLoRA
ID_0174325304693036;17;squamous cell carcinomas;squamous cell carcinoma (rej);0.995;0;sem match válido;Qwen3-1.7B-QLoRA
ID_0174325304693036;18;squamous cell carcinomas of head;câncer de cabeça;0.836;2;match válido;Qwen3-1.7B-QLoRA
ID_0174325304693036;19;squamous cell carcinomas of oral;oral squamous cell;0.844;2;match válido;Qwen3-1.7B-QLoRA
ID_0174325304693036;20;squamous cell carcinomas of oral cavity;oral cancer;0.801;3;match válido;Qwen3-1.7B-QLoRA
ID_0228970585981305;1;benzoic anhydride;β-cyclodextrin (rej);0.597;0;sem match válido;Qwen3-1.7B-QLoRA
ID_0228970585981305;2;benzoic anhydride hydrolysis;hydrolysis (rej);0.700;0;sem match válido;Qwen3-1.7B-QLoRA
ID_0228970585981305;3;benzoic anhydride hydrolysis reaction;hydrolysis (rej);0.680;0;sem match válido;Qwen3-1.7B-QLoRA
ID_0228970585981305;4;benzoic anhydrides;β-cyclodextrin (rej);0.607;0;sem match válido;Qwen3-1.7B-QLoRA
ID_0228970585981305;5;benzoic anhydrides hydrolysis;hydrolysis (rej);0.671;0;sem match válido;Qwen3-1.7B-QLoRA
ID_0228970585981305;6;benzoic anhydrides hydrolysis reaction;hydrolysis (rej);0.662;0;sem match válido;Qwen3-1.7B-QLoRA
ID_0228970585981305;7;benzoic anhydrides: ester hydrolysis;hydrolysis (rej);0.598;0;sem match válido;Qwen3-1.7B-QLoRA
ID_0228970585981305;8;benzoic anhydrides: hydrolysis;hydrolysis (rej);0.650;0;sem match válido;Qwen3-1.7B-QLoRA
ID_0228970585981305;9;benzoic anhydrides: hydrolysis reactions;hydrolysis (rej);0.620;0;sem match válido;Qwen3-1.7B-QLoRA
ID_0228970585981305;10;benzoic ester;solvent effect (rej);0.607;0;sem match válido;Qwen3-1.7B-QLoRA
ID_0228970585981305;11;benzoic ester hydrolysis;hydrolysis (rej);0.698;0;sem match válido;Qwen3-1.7B-QLoRA
ID_0228970585981305;12;benzoic ester hydrolysis reaction;hydrolysis (rej);0.682;0;sem match válido;Qwen3-1.7B-QLoRA
ID_0228970585981305;13;benzoic ester hydrolysis reactions;hydrolysis (rej);0.669;0;sem match válido;Qwen3-1.7B-QLoRA
ID_0228970585981305;14;benzoic ester: ester hydrolysis;solvent effect (rej);0.611;0;sem match válido;Qwen3-1.7B-QLoRA
ID_0228970585981305;15;benzoic ester: hydrolysis;hydrolysis (rej);0.671;0;sem match válido;Qwen3-1.7B-QLoRA
ID_0228970585981305;16;benzoic ester: hydrolysis reaction;hydrolysis (rej);0.651;0;sem match válido;Qwen3-1.7B-QLoRA
ID_0228970585981305;17;benzoic esters;solvent effect (rej);0.592;0;sem match válido;Qwen3-1.7B-QLoRA
ID_0228970585981305;18;benzoic esters: ester hydrolysis;hydrolysis (rej);0.633;0;sem match válido;Qwen3-1.7B-QLoRA
ID_0228970585981305;19;benzoic esters: hydrolysis;hydrolysis (rej);0.679;0;sem match válido;Qwen3-1.7B-QLoRA
ID_0228970585981305;20;benzoic esters: hydrolysis reaction;hydrolysis (rej);0.664;0;sem match válido;Qwen3-1.7B-QLoRA
ID_0229339143607870;1;blood flukes;tegument (rej);0.315;0;sem match válido;Qwen3-1.7B-QLoRA
ID_0229339143607870;2;blood flukes schistosoma;human parasite schistosoma;0.770;3;match válido;Qwen3-1.7B-QLoRA
ID_0229339143607870;3;blood flukes schistosoma mansoni;schistosoma mansoni;0.859;3;match válido;Qwen3-1.7B-QLoRA
ID_0229339143607870;4;blood flukes schistosoma mansoni genome;schistosoma mansoni tnf-alpha;0.833;2;match válido;Qwen3-1.7B-QLoRA
ID_0229339143607870;5;blood flukes schistosoma mansoni genome project;schistosoma mansoni tnf-alpha (rej);0.811;0;sem match válido;Qwen3-1.7B-QLoRA
ID_0229339143607870;6;blood flukes schistosoma mansoni proteomics;schistosome proteomic research (rej);0.802;0;sem match válido;Qwen3-1.7B-QLoRA
ID_0229339143607870;7;blood flukes schistosoma mansoni proteomes;schistosome proteomic research (rej);0.802;0;sem match válido;Qwen3-1.7B-QLoRA
ID_0229339143607870;8;blood flukes schistosoma proteomics;schistosome proteomic research;0.857;3;match válido;Qwen3-1.7B-QLoRA
ID_0229339143607870;9;blood flukes schistosoma proteomes;schistosome proteomic research (rej);0.857;0;sem match válido;Qwen3-1.7B-QLoRA
ID_0229339143607870;10;blood flukes schistosoma species;schistosoma;0.826;3;match válido;Qwen3-1.7B-QLoRA
ID_0229339143607870;11;;;;;;Qwen3-1.7B-QLoRA
ID_0229339143607870;12;;;;;;Qwen3-1.7B-QLoRA
ID_0229339143607870;13;;;;;;Qwen3-1.7B-QLoRA
ID_0229339143607870;14;;;;;;Qwen3-1.7B-QLoRA
ID_0229339143607870;15;;;;;;Qwen3-1.7B-QLoRA
ID_0229339143607870;16;;;;;;Qwen3-1.7B-QLoRA
ID_0229339143607870;17;;;;;;Qwen3-1.7B-QLoRA
ID_0229339143607870;18;;;;;;Qwen3-1.7B-QLoRA
ID_0229339143607870;19;;;;;;Qwen3-1.7B-QLoRA
ID_0229339143607870;20;;;;;;Qwen3-1.7B-QLoRA
ID_0277415539607307;1;biological nitrogen fixation;biological nitrogen fixation;1.000;3;match válido;Qwen3-1.7B-QLoRA
ID_0277415539607307;2;biological nitrogen fixation contributions;biological nitrogen fixation (rej);0.968;0;sem match válido;Qwen3-1.7B-QLoRA
ID_0277415539607307;3;biological nitrogen fixation contribution;nitrogen fixation;0.884;3;match válido;Qwen3-1.7B-QLoRA
ID_0277415539607307;4;biological nitrogen fixation efficiency;biological nitrogen fixation (rej);0.898;0;sem match válido;Qwen3-1.7B-QLoRA
ID_0277415539607307;5;biological nitrogen fixation in soybean;biological nitrogen fixation (rej);0.746;0;sem match válido;Qwen3-1.7B-QLoRA
ID_0277415539607307;6;biological nitrogen fixation in soybean crops;biological nitrogen fixation (rej);0.740;0;sem match válido;Qwen3-1.7B-QLoRA
ID_0277415539607307;7;biological nitrogen fixation potential;biological nitrogen fixation (rej);0.948;0;sem match válido;Qwen3-1.7B-QLoRA
ID_0277415539607307;8;biological nitrogen fixation potential contribution;biological nitrogen fixation (rej);0.949;0;sem match válido;Qwen3-1.7B-QLoRA
ID_0277415539607307;9;biological nitrogen fixation potential contributions;conteúdo de nitrogênio;0.784;1;match válido;Qwen3-1.7B-QLoRA
ID_0277415539607307;10;;;;;;Qwen3-1.7B-QLoRA
ID_0277415539607307;11;;;;;;Qwen3-1.7B-QLoRA
ID_0277415539607307;12;;;;;;Qwen3-1.7B-QLoRA
ID_0277415539607307;13;;;;;;Qwen3-1.7B-QLoRA
ID_0277415539607307;14;;;;;;Qwen3-1.7B-QLoRA
ID_0277415539607307;15;;;;;;Qwen3-1.7B-QLoRA
ID_0277415539607307;16;;;;;;Qwen3-1.7B-QLoRA
ID_0277415539607307;17;;;;;;Qwen3-1.7B-QLoRA
ID_0277415539607307;18;;;;;;Qwen3-1.7B-QLoRA
ID_0277415539607307;19;;;;;;Qwen3-1.7B-QLoRA
ID_0277415539607307;20;;;;;;Qwen3-1.7B-QLoRA
ID_0291695624884565;1;carbon nanotubes;carbon nanotubes;1.000;3;match válido;Qwen3-1.7B-QLoRA
ID_0291695624884565;2;carbon nanotubes enhanced;titanate nanotubes;0.802;3;match válido;Qwen3-1.7B-QLoRA
ID_0291695624884565;3;carbon nanotubes enhanced lead;carbon nanotubes (rej);0.796;0;sem match válido;Qwen3-1.7B-QLoRA
ID_0291695624884565;4;carbon nanotubes in environmental;carbon nanotubes (rej);0.950;0;sem match válido;Qwen3-1.7B-QLoRA
ID_0291695624884565;5;carbon nanotubes in treatment;carbon nanotubes (rej);0.913;0;sem match válido;Qwen3-1.7B-QLoRA
ID_0291695624884565;6;carbon nanotubes toxicity;carbon nanotubes (rej);0.843;0;sem match válido;Qwen3-1.7B-QLoRA
ID_0291695624884565;7;carbon nanotubes toxicity on;carbon nanotubes (rej);0.828;0;sem match válido;Qwen3-1.7B-QLoRA
ID_0291695624884565;8;carbon nanotubes toxicity on freshwater;carbon nanotubes (rej);0.722;0;sem match válido;Qwen3-1.7B-QLoRA
ID_0291695624884565;9;carbon nanotubes toxicity on freshwater fish;carbon nanotubes (rej);0.671;0;sem match válido;Qwen3-1.7B-QLoRA
ID_0291695624884565;10;;;;;;Qwen3-1.7B-QLoRA
ID_0291695624884565;11;;;;;;Qwen3-1.7B-QLoRA
ID_0291695624884565;12;;;;;;Qwen3-1.7B-QLoRA
ID_0291695624884565;13;;;;;;Qwen3-1.7B-QLoRA
ID_0291695624884565;14;;;;;;Qwen3-1.7B-QLoRA
ID_0291695624884565;15;;;;;;Qwen3-1.7B-QLoRA
ID_0291695624884565;16;;;;;;Qwen3-1.7B-QLoRA
ID_0291695624884565;17;;;;;;Qwen3-1.7B-QLoRA
ID_0291695624884565;18;;;;;;Qwen3-1.7B-QLoRA
ID_0291695624884565;19;;;;;;Qwen3-1.7B-QLoRA
ID_0291695624884565;20;;;;;;Qwen3-1.7B-QLoRA
ID_0306964533388350;1;biodiversity;regional biodiversity;0.858;3;match válido;Qwen3-1.7B-QLoRA
ID_0306964533388350;2;biodiversity conservation;regional biodiversity (rej);0.808;0;sem match válido;Qwen3-1.7B-QLoRA
ID_0306964533388350;3;biodiversity conservation actions;regional biodiversity (rej);0.750;0;sem match válido;Qwen3-1.7B-QLoRA
ID_0306964533388350;4;biodiversity conservation programs;regional biodiversity (rej);0.763;0;sem match válido;Qwen3-1.7B-QLoRA
ID_0306964533388350;5;biodiversity loss;regional biodiversity (rej);0.744;0;sem match válido;Qwen3-1.7B-QLoRA
ID_0306964533388350;6;biodiversity loss rate;regional biodiversity (rej);0.709;0;sem match válido;Qwen3-1.7B-QLoRA
ID_0306964533388350;7;biodiversity projects;regional biodiversity (rej);0.793;0;sem match válido;Qwen3-1.7B-QLoRA
ID_0306964533388350;8;biodiversity studies;regional biodiversity (rej);0.843;0;sem match válido;Qwen3-1.7B-QLoRA
ID_0306964533388350;9;biodiversity studies program;regional biodiversity (rej);0.797;0;sem match válido;Qwen3-1.7B-QLoRA
ID_0306964533388350;10;biodiversity studies programs;regional biodiversity (rej);0.785;0;sem match válido;Qwen3-1.7B-QLoRA
ID_0306964533388350;11;biodiversity studies programs in brazil;regional biodiversity (rej);0.721;0;sem match válido;Qwen3-1.7B-QLoRA
ID_0306964533388350;12;biodiversity studies programs in brazilian;regional biodiversity (rej);0.715;0;sem match válido;Qwen3-1.7B-QLoRA
ID_0306964533388350;13;biodiversity studies programs in brazilian states;regional biodiversity (rej);0.743;0;sem match válido;Qwen3-1.7B-QLoRA
ID_0306964533388350;14;biodiversity studies programs in brazilian states and cities;regional biodiversity (rej);0.740;0;sem match válido;Qwen3-1.7B-QLoRA
ID_0306964533388350;15;biodiversity studies programs in brazilian states and cities: conservation;regional biodiversity (rej);0.729;0;sem match válido;Qwen3-1.7B-QLoRA
ID_0306964533388350;16;biodiversity studies programs in brazilian states and cities: conservation actions;regional biodiversity (rej);0.718;0;sem match válido;Qwen3-1.7B-QLoRA
ID_0306964533388350;17;biodiversity studies programs in brazilian states and cities: conservation programs;regional biodiversity (rej);0.724;0;sem match válido;Qwen3-1.7B-QLoRA
ID_0306964533388350;18;biodiversity studies programs in brazilian states and cities: conservation programs and actions;regional biodiversity (rej);0.717;0;sem match válido;Qwen3-1.7B-QLoRA
ID_0306964533388350;19;biodiversity studies programs in brazilian states and cities: conservation projects;regional biodiversity (rej);0.724;0;sem match válido;Qwen3-1.7B-QLoRA
ID_0306964533388350;20;biodiversity studies programs in brazilian states and cities: conservation projects and programs;regional biodiversity (rej);0.720;0;sem match válido;Qwen3-1.7B-QLoRA
ID_0321740024191482;1;antioxidant activity;antioxidant activity;1.000;3;match válido;Qwen3-1.7B-QLoRA
ID_0321740024191482;2;antioxidant activity assay;vitro antioxidant;0.914;3;match válido;Qwen3-1.7B-QLoRA
ID_0321740024191482;3;antioxidant activity, free radical;antioxidant activity (rej);0.904;0;sem match válido;Qwen3-1.7B-QLoRA
ID_0321740024191482;4;antioxidant capacity;antioxidant activity (rej);0.910;0;sem match válido;Qwen3-1.7B-QLoRA
ID_0321740024191482;5;antioxidant activity of extracts;antioxidant activity (rej);0.897;0;sem match válido;Qwen3-1.7B-QLoRA
ID_0321740024191482;6;antioxidant activity of lycium barbarum;antioxidant activity (rej);0.663;0;sem match válido;Qwen3-1.7B-QLoRA
ID_0321740024191482;7;antioxidant capacity and activity;antioxidant activity (rej);0.938;0;sem match válido;Qwen3-1.7B-QLoRA
ID_0321740024191482;8;antioxidant capacity assay;antioxidant activity (rej);0.865;0;sem match válido;Qwen3-1.7B-QLoRA
ID_0321740024191482;9;;;;;;Qwen3-1.7B-QLoRA
ID_0321740024191482;10;;;;;;Qwen3-1.7B-QLoRA
ID_0321740024191482;11;;;;;;Qwen3-1.7B-QLoRA
ID_0321740024191482;12;;;;;;Qwen3-1.7B-QLoRA
ID_0321740024191482;13;;;;;;Qwen3-1.7B-QLoRA
ID_0321740024191482;14;;;;;;Qwen3-1.7B-QLoRA
ID_0321740024191482;15;;;;;;Qwen3-1.7B-QLoRA
ID_0321740024191482;16;;;;;;Qwen3-1.7B-QLoRA
ID_0321740024191482;17;;;;;;Qwen3-1.7B-QLoRA
ID_0321740024191482;18;;;;;;Qwen3-1.7B-QLoRA
ID_0321740024191482;19;;;;;;Qwen3-1.7B-QLoRA
ID_0321740024191482;20;;;;;;Qwen3-1.7B-QLoRA
ID_0353944603330456;1;astronomy education;teaching of astronomy;0.941;3;match válido;Qwen3-1.7B-QLoRA
ID_0353944603330456;2;astronomy education research;teaching of astronomy (rej);0.911;0;sem match válido;Qwen3-1.7B-QLoRA
ID_0353944603330456;3;astronomy education research projects;teaching of astronomy (rej);0.878;0;sem match válido;Qwen3-1.7B-QLoRA
ID_0353944603330456;4;astronomy education research projects in brazil;teaching of astronomy (rej);0.767;0;sem match válido;Qwen3-1.7B-QLoRA
ID_0353944603330456;5;astronomy education research projects in brazilian;teaching of astronomy (rej);0.778;0;sem match válido;Qwen3-1.7B-QLoRA
ID_0353944603330456;6;astronomy education research projects in brazilian states;teaching of astronomy (rej);0.745;0;sem match válido;Qwen3-1.7B-QLoRA
ID_0353944603330456;7;astronomy education research projects in brazilian states and cities;teaching of astronomy (rej);0.703;0;sem match válido;Qwen3-1.7B-QLoRA
ID_0353944603330456;8;;;;;;Qwen3-1.7B-QLoRA
ID_0353944603330456;9;;;;;;Qwen3-1.7B-QLoRA
ID_0353944603330456;10;;;;;;Qwen3-1.7B-QLoRA
ID_0353944603330456;11;;;;;;Qwen3-1.7B-QLoRA
ID_0353944603330456;12;;;;;;Qwen3-1.7B-QLoRA
ID_0353944603330456;13;;;;;;Qwen3-1.7B-QLoRA
ID_0353944603330456;14;;;;;;Qwen3-1.7B-QLoRA
ID_0353944603330456;15;;;;;;Qwen3-1.7B-QLoRA
ID_0353944603330456;16;;;;;;Qwen3-1.7B-QLoRA
ID_0353944603330456;17;;;;;;Qwen3-1.7B-QLoRA
ID_0353944603330456;18;;;;;;Qwen3-1.7B-QLoRA
ID_0353944603330456;19;;;;;;Qwen3-1.7B-QLoRA
ID_0353944603330456;20;;;;;;Qwen3-1.7B-QLoRA
ID_0422858064703713;1;bioinsecticide;bioatividade de extratos (rej);0.619;0;sem match válido;Qwen3-1.7B-QLoRA
ID_0422858064703713;2;citrus red mite;insecticidal plant (rej);0.651;0;sem match válido;Qwen3-1.7B-QLoRA
ID_0422858064703713;3;citrus sinensis;extractos de meliáceas (rej);0.691;0;sem match válido;Qwen3-1.7B-QLoRA
ID_0422858064703713;4;drought tolerance;tolerance (rej);0.557;0;sem match válido;Qwen3-1.7B-QLoRA
ID_0422858064703713;5;extracts and fractions;aqueous extracts (rej);0.499;0;sem match válido;Qwen3-1.7B-QLoRA
ID_0422858064703713;6;formulation;extrato aquoso (rej);0.515;0;sem match válido;Qwen3-1.7B-QLoRA
ID_0422858064703713;7;grain-protectant compounds;botanical insecticide (rej);0.471;0;sem match válido;Qwen3-1.7B-QLoRA
ID_0422858064703713;8;green peach aphid;insecticidal plant (rej);0.587;0;sem match válido;Qwen3-1.7B-QLoRA
ID_0422858064703713;9;insecticidal activity;insecticidal activity;1.000;3;match válido;Qwen3-1.7B-QLoRA
ID_0422858064703713;10;insecticidal activity against;atividade inseticida;0.928;3;match válido;Qwen3-1.7B-QLoRA
ID_0422858064703713;11;mortality;antixenosis (rej);0.316;0;sem match válido;Qwen3-1.7B-QLoRA
ID_0422858064703713;12;natural compounds;botanical insecticide (rej);0.544;0;sem match válido;Qwen3-1.7B-QLoRA
ID_0422858064703713;13;natural products;extractos de meliáceas (rej);0.654;0;sem match válido;Qwen3-1.7B-QLoRA
ID_0422858064703713;14;neem;spodoptera (rej);0.578;0;sem match válido;Qwen3-1.7B-QLoRA
ID_0422858064703713;15;neem derivatives;extractos de meliáceas (rej);0.521;0;sem match válido;Qwen3-1.7B-QLoRA
ID_0422858064703713;16;neem oil;extractos de meliáceas (rej);0.594;0;sem match válido;Qwen3-1.7B-QLoRA
ID_0422858064703713;17;organic neem;pós vegetais (rej);0.674;0;sem match válido;Qwen3-1.7B-QLoRA
ID_0422858064703713;18;organophosphorus insecticides;botanical insecticide;0.819;3;match válido;Qwen3-1.7B-QLoRA
ID_0422858064703713;19;organophosphorus insecticides (opis),;botanical insecticide (rej);0.797;0;sem match válido;Qwen3-1.7B-QLoRA
ID_0422858064703713;20;organic plant extracts;extractos de meliáceas;0.791;3;match válido;Qwen3-1.7B-QLoRA
ID_0433763336350310;1;bone marrow stromal cells;marrow stromal cells;0.972;3;match válido;Qwen3-1.7B-QLoRA
ID_0433763336350310;2;bone marrow stem cells;bone marrow cell;0.938;3;match válido;Qwen3-1.7B-QLoRA
ID_0433763336350310;3;cardiac fibrosis;cardiomyopathy (rej);0.692;0;sem match válido;Qwen3-1.7B-QLoRA
ID_0433763336350310;4;cardiac fibrosis in rats;cardiac function (rej);0.633;0;sem match válido;Qwen3-1.7B-QLoRA
ID_0433763336350310;5;cardiomyocyte regeneration;cardiomyopathy (rej);0.737;0;sem match válido;Qwen3-1.7B-QLoRA
ID_0433763336350310;6;chronic liver disease;severe chronic liver;0.958;3;match válido;Qwen3-1.7B-QLoRA
ID_0433763336350310;7;chronic liver injury;severe chronic liver (rej);0.927;0;sem match válido;Qwen3-1.7B-QLoRA
ID_0433763336350310;8;chronic liver injury model;severe chronic liver (rej);0.827;0;sem match válido;Qwen3-1.7B-QLoRA
ID_0433763336350310;9;chronic liver diseases;liver;0.804;3;match válido;Qwen3-1.7B-QLoRA
ID_0433763336350310;10;chronic liver diseases model;severe chronic liver (rej);0.875;0;sem match válido;Qwen3-1.7B-QLoRA
ID_0433763336350310;11;chronic liver disease model;severe chronic liver (rej);0.871;0;sem match válido;Qwen3-1.7B-QLoRA
ID_0433763336350310;12;chronic liver injury models;severe chronic liver (rej);0.809;0;sem match válido;Qwen3-1.7B-QLoRA
ID_0433763336350310;13;;;;;;Qwen3-1.7B-QLoRA
ID_0433763336350310;14;;;;;;Qwen3-1.7B-QLoRA
ID_0433763336350310;15;;;;;;Qwen3-1.7B-QLoRA
ID_0433763336350310;16;;;;;;Qwen3-1.7B-QLoRA
ID_0433763336350310;17;;;;;;Qwen3-1.7B-QLoRA
ID_0433763336350310;18;;;;;;Qwen3-1.7B-QLoRA
ID_0433763336350310;19;;;;;;Qwen3-1.7B-QLoRA
ID_0433763336350310;20;;;;;;Qwen3-1.7B-QLoRA
ID_0521334155968808;1;adverse drug reactions;reacciones adversas;0.842;3;match válido;Qwen3-1.7B-QLoRA
ID_0521334155968808;2;ambulatorial prescription;recetas médicas ambulatorias;0.915;2;match válido;Qwen3-1.7B-QLoRA
ID_0521334155968808;3;ambulatory settings;recetas médicas ambulatorias (rej);0.615;0;sem match válido;Qwen3-1.7B-QLoRA
ID_0521334155968808;4;ambulatory services;recetas médicas ambulatorias (rej);0.680;0;sem match válido;Qwen3-1.7B-QLoRA
ID_0521334155968808;5;ambulatory treatment;recetas médicas ambulatorias (rej);0.726;0;sem match válido;Qwen3-1.7B-QLoRA
ID_0521334155968808;6;ambulatory visits;ordens médicas (rej);0.669;0;sem match válido;Qwen3-1.7B-QLoRA
ID_0521334155968808;7;antidepressant;studies on medication (rej);0.682;0;sem match válido;Qwen3-1.7B-QLoRA
ID_0521334155968808;8;antidepressants;studies on medication (rej);0.694;0;sem match válido;Qwen3-1.7B-QLoRA
ID_0521334155968808;9;antidepressant treatment;studies on medication (rej);0.652;0;sem match válido;Qwen3-1.7B-QLoRA
ID_0521334155968808;10;antidepressant therapy;studies on medication (rej);0.635;0;sem match válido;Qwen3-1.7B-QLoRA
ID_0521334155968808;11;antidepressants use;studies on medication (rej);0.694;0;sem match válido;Qwen3-1.7B-QLoRA
ID_0521334155968808;12;antidepressant use;studies on medication (rej);0.691;0;sem match válido;Qwen3-1.7B-QLoRA
ID_0521334155968808;13;ambulatory health services;recetas médicas ambulatorias (rej);0.674;0;sem match válido;Qwen3-1.7B-QLoRA
ID_0521334155968808;14;antidepressant drug use;drug utilization (rej);0.723;0;sem match válido;Qwen3-1.7B-QLoRA
ID_0521334155968808;15;antidepressants and adverse;studies on medication (rej);0.721;0;sem match válido;Qwen3-1.7B-QLoRA
ID_0521334155968808;16;antidepressants and adverse drug;studies on medication (rej);0.738;0;sem match válido;Qwen3-1.7B-QLoRA
ID_0521334155968808;17;antidepressants and adverse reactions;studies on medication (rej);0.720;0;sem match válido;Qwen3-1.7B-QLoRA
ID_0521334155968808;18;;;;;;Qwen3-1.7B-QLoRA
ID_0521334155968808;19;;;;;;Qwen3-1.7B-QLoRA
ID_0521334155968808;20;;;;;;Qwen3-1.7B-QLoRA
ID_0535860239259102;1;amazon forest;southern amazon forest;0.869;1;match válido;Qwen3-1.7B-QLoRA
ID_0535860239259102;2;amazonian forest;amazonian forest;1.000;2;match válido;Qwen3-1.7B-QLoRA
ID_0535860239259102;3;amazonian rain forest;tropical rain forest;0.846;3;match válido;Qwen3-1.7B-QLoRA
ID_0535860239259102;4;carbon dioxide fluxes;terrestrial carbon exchange (rej);0.742;0;sem match válido;Qwen3-1.7B-QLoRA
ID_0535860239259102;5;carbon flux;terrestrial carbon exchange (rej);0.778;0;sem match válido;Qwen3-1.7B-QLoRA
ID_0535860239259102;6;carbon fluxes;terrestrial carbon exchange (rej);0.762;0;sem match válido;Qwen3-1.7B-QLoRA
ID_0535860239259102;7;carbon exchange;terrestrial carbon exchange;0.898;3;match válido;Qwen3-1.7B-QLoRA
ID_0535860239259102;8;carbon exchange rates;terrestrial carbon exchange (rej);0.768;0;sem match válido;Qwen3-1.7B-QLoRA
ID_0535860239259102;9;carbon sequestration;terrestrial carbon exchange (rej);0.744;0;sem match válido;Qwen3-1.7B-QLoRA
ID_0535860239259102;10;carbon sequestration over amazon;terrestrial carbon exchange (rej);0.657;0;sem match válido;Qwen3-1.7B-QLoRA
ID_0535860239259102;11;carbon sequestration over amazonian;terrestrial carbon exchange (rej);0.655;0;sem match válido;Qwen3-1.7B-QLoRA
ID_0535860239259102;12;carbon storage;within-canopy co2 storage;0.834;1;match válido;Qwen3-1.7B-QLoRA
ID_0535860239259102;13;carbon storage over amazon;amazon (rej);0.615;0;sem match válido;Qwen3-1.7B-QLoRA
ID_0535860239259102;14;carbon storage over amazonian;amazon (rej);0.648;0;sem match válido;Qwen3-1.7B-QLoRA
ID_0535860239259102;15;carbon storage rates;energy and carbon;0.758;3;match válido;Qwen3-1.7B-QLoRA
ID_0535860239259102;16;carbon storage rates over amazon;energy and carbon (rej);0.605;0;sem match válido;Qwen3-1.7B-QLoRA
ID_0535860239259102;17;carbon storage rates over amazonian;amazon (rej);0.591;0;sem match válido;Qwen3-1.7B-QLoRA
ID_0535860239259102;18;carbon sequestration over amazonia;central amazonia (rej);0.711;0;sem match válido;Qwen3-1.7B-QLoRA
ID_0535860239259102;19;carbon sequestration rates;energy and carbon (rej);0.733;0;sem match válido;Qwen3-1.7B-QLoRA
ID_0535860239259102;20;carbon sequestration rates over;terrestrial carbon exchange (rej);0.684;0;sem match válido;Qwen3-1.7B-QLoRA
ID_0544144585124313;1;dosimetry;dosimetry;1.000;3;match válido;Qwen3-1.7B-QLoRA
ID_0544144585124313;2;dosimetric characteristics;dosimetric properties;0.932;3;match válido;Qwen3-1.7B-QLoRA
ID_0544144585124313;3;dosimetric evaluation;aplicação em dosimetria (rej);0.847;0;sem match válido;Qwen3-1.7B-QLoRA
ID_0544144585124313;4;dosimetric methods;dosimetric properties (rej);0.838;0;sem match válido;Qwen3-1.7B-QLoRA
ID_0544144585124313;5;dosimetric response;aplicação em dosimetria (rej);0.793;0;sem match válido;Qwen3-1.7B-QLoRA
ID_0544144585124313;6;dosimetric response dependence;aplicação em dosimetria (rej);0.686;0;sem match válido;Qwen3-1.7B-QLoRA
ID_0544144585124313;7;dosimetric response dependence study;dose rate dependent (rej);0.612;0;sem match válido;Qwen3-1.7B-QLoRA
ID_0544144585124313;8;dosimetric response study;aplicação em dosimetria (rej);0.731;0;sem match válido;Qwen3-1.7B-QLoRA
ID_0544144585124313;9;dosimetric study;aplicação em dosimetria (rej);0.860;0;sem match válido;Qwen3-1.7B-QLoRA
ID_0544144585124313;10;dosimetric studies;aplicação em dosimetria (rej);0.860;0;sem match válido;Qwen3-1.7B-QLoRA
ID_0544144585124313;11;dosimetric studies of gel;fricke gel dosimeter;0.822;3;match válido;Qwen3-1.7B-QLoRA
ID_0544144585124313;12;dosimetry characteristics;dosimetry (rej);0.883;0;sem match válido;Qwen3-1.7B-QLoRA
ID_0544144585124313;13;dosimetry of ionizing radiation;radiation effect (rej);0.738;0;sem match válido;Qwen3-1.7B-QLoRA
ID_0544144585124313;14;dosimetry response;dosimetry (rej);0.845;0;sem match válido;Qwen3-1.7B-QLoRA
ID_0544144585124313;15;dosimetry response study;aplicação em dosimetria (rej);0.806;0;sem match válido;Qwen3-1.7B-QLoRA
ID_0544144585124313;16;dosimetry study;aplicação em dosimetria (rej);0.883;0;sem match válido;Qwen3-1.7B-QLoRA
ID_0544144585124313;17;dosimetry studies;aplicação em dosimetria;0.884;2;match válido;Qwen3-1.7B-QLoRA
ID_0544144585124313;18;dosimetric studies of gel solutions;fricke gel dosimeter (rej);0.748;0;sem match válido;Qwen3-1.7B-QLoRA
ID_0544144585124313;19;;;;;;Qwen3-1.7B-QLoRA
ID_0544144585124313;20;;;;;;Qwen3-1.7B-QLoRA
ID_0577007377836185;1;direct injection;direct injection;1.000;3;match válido;Qwen3-1.7B-QLoRA
ID_0577007377836185;2;direct injection high-performance;injeção direta;0.818;3;match válido;Qwen3-1.7B-QLoRA
ID_0577007377836185;3;direct injection high-performance liquid;high-performance liquid;0.761;1;match válido;Qwen3-1.7B-QLoRA
ID_0577007377836185;4;direct injection high-performance liquid chromatography;high-performance liquid chromatography;0.880;3;match válido;Qwen3-1.7B-QLoRA
ID_0577007377836185;5;direct injection high-performance liquid chromatography system;high-performance liquid chromatography (rej);0.857;0;sem match válido;Qwen3-1.7B-QLoRA
ID_0577007377836185;6;;;;;;Qwen3-1.7B-QLoRA
ID_0577007377836185;7;;;;;;Qwen3-1.7B-QLoRA
ID_0577007377836185;8;;;;;;Qwen3-1.7B-QLoRA
ID_0577007377836185;9;;;;;;Qwen3-1.7B-QLoRA
ID_0577007377836185;10;;;;;;Qwen3-1.7B-QLoRA
ID_0577007377836185;11;;;;;;Qwen3-1.7B-QLoRA
ID_0577007377836185;12;;;;;;Qwen3-1.7B-QLoRA
ID_0577007377836185;13;;;;;;Qwen3-1.7B-QLoRA
ID_0577007377836185;14;;;;;;Qwen3-1.7B-QLoRA
ID_0577007377836185;15;;;;;;Qwen3-1.7B-QLoRA
ID_0577007377836185;16;;;;;;Qwen3-1.7B-QLoRA
ID_0577007377836185;17;;;;;;Qwen3-1.7B-QLoRA
ID_0577007377836185;18;;;;;;Qwen3-1.7B-QLoRA
ID_0577007377836185;19;;;;;;Qwen3-1.7B-QLoRA
ID_0577007377836185;20;;;;;;Qwen3-1.7B-QLoRA
ID_0588546982625730;1;atomic physics;atomic and molecular physics ;0.939;3;match válido;Qwen3-1.7B-QLoRA
ID_0588546982625730;2;electron detachment;electron detachment;1.000;3;match válido;Qwen3-1.7B-QLoRA
ID_0588546982625730;3;electron loss cross sections;total electron-detachment cross;0.866;3;match válido;Qwen3-1.7B-QLoRA
ID_0588546982625730;4;electron loss channels;electron loss (rej);0.826;0;sem match válido;Qwen3-1.7B-QLoRA
ID_0588546982625730;5;electron detachment cross sections;electron detachment cross;0.955;3;match válido;Qwen3-1.7B-QLoRA
ID_0588546982625730;6;electron loss;electron loss;1.000;3;match válido;Qwen3-1.7B-QLoRA
ID_0588546982625730;7;electron loss cross section;total electron detachment;0.770;3;match válido;Qwen3-1.7B-QLoRA
ID_0588546982625730;8;experimental evidence;experimental data;0.887;3;match válido;Qwen3-1.7B-QLoRA
ID_0588546982625730;9;experimental evidence of twin;experimental results (rej);0.486;0;sem match válido;Qwen3-1.7B-QLoRA
ID_0588546982625730;10;fusion chamber;atomic collisions (rej);0.563;0;sem match válido;Qwen3-1.7B-QLoRA
ID_0588546982625730;11;ionization and dissociation;ionization (rej);0.875;0;sem match válido;Qwen3-1.7B-QLoRA
ID_0588546982625730;12;ionization and dissociation of cometary;ionization (rej);0.699;0;sem match válido;Qwen3-1.7B-QLoRA
ID_0588546982625730;13;ionization and dissociation of the formic;ionization (rej);0.776;0;sem match válido;Qwen3-1.7B-QLoRA
ID_0588546982625730;14;ionization and fragmentation;ionization;0.891;3;match válido;Qwen3-1.7B-QLoRA
ID_0588546982625730;15;ionization and fragmentation of the;ionization (rej);0.868;0;sem match válido;Qwen3-1.7B-QLoRA
ID_0588546982625730;16;ionization and fragmentation studies;ionization cross sections;0.862;3;match válido;Qwen3-1.7B-QLoRA
ID_0588546982625730;17;molecular dissociation;molecular fragmentation;0.804;3;match válido;Qwen3-1.7B-QLoRA
ID_0588546982625730;18;negative ions;negative ions;1.000;3;match válido;Qwen3-1.7B-QLoRA
ID_0588546982625730;19;negative ions beams;negative ions (rej);0.847;0;sem match válido;Qwen3-1.7B-QLoRA
ID_0588546982625730;20;negative ions beams for modeling;negative ions (rej);0.758;0;sem match válido;Qwen3-1.7B-QLoRA
ID_0654596992211296;1;brazilian amazon;brazilian amazonia (rej);0.926;0;sem match válido;Qwen3-1.7B-QLoRA
ID_0654596992211296;2;brazilian amazonia;brazilian amazonia;1.000;3;match válido;Qwen3-1.7B-QLoRA
ID_0654596992211296;3;dengue;brazilian amazonia (rej);0.330;0;sem match válido;Qwen3-1.7B-QLoRA
ID_0654596992211296;4;dengue fever;brazilian amazonia (rej);0.300;0;sem match válido;Qwen3-1.7B-QLoRA
ID_0654596992211296;5;geospatial analysis;geospatial web services (rej);0.771;0;sem match válido;Qwen3-1.7B-QLoRA
ID_0654596992211296;6;geospatial web services;geospatial web services;1.000;3;match válido;Qwen3-1.7B-QLoRA
ID_0654596992211296;7;geospatial web services composition;geospatial web services (rej);0.946;0;sem match válido;Qwen3-1.7B-QLoRA
ID_0654596992211296;8;gis and remote sensing;remote sensing;0.777;3;match válido;Qwen3-1.7B-QLoRA
ID_0654596992211296;9;gis and remote sensing imagery;gis (rej);0.711;0;sem match válido;Qwen3-1.7B-QLoRA
ID_0654596992211296;10;human population;urban population (rej);0.676;0;sem match válido;Qwen3-1.7B-QLoRA
ID_0654596992211296;11;land use;land use;1.000;3;match válido;Qwen3-1.7B-QLoRA
ID_0654596992211296;12;land use dynamics;land use (rej);0.903;0;sem match válido;Qwen3-1.7B-QLoRA
ID_0654596992211296;13;land use change;land use (rej);0.910;0;sem match válido;Qwen3-1.7B-QLoRA
ID_0654596992211296;14;land use change probabilities;land use (rej);0.797;0;sem match válido;Qwen3-1.7B-QLoRA
ID_0654596992211296;15;land use transition;land use (rej);0.870;0;sem match válido;Qwen3-1.7B-QLoRA
ID_0654596992211296;16;modelling urban land use;urban land;0.832;3;match válido;Qwen3-1.7B-QLoRA
ID_0654596992211296;17;modelling urban land use change;urban land (rej);0.807;0;sem match válido;Qwen3-1.7B-QLoRA
ID_0654596992211296;18;modelagem espacial;spatial analysis (rej);0.692;0;sem match válido;Qwen3-1.7B-QLoRA
ID_0654596992211296;19;modelagem espacial de uso;spatial analysis (rej);0.747;0;sem match válido;Qwen3-1.7B-QLoRA
ID_0654596992211296;20;modelos espaciais;simulação estocástica (rej);0.622;0;sem match válido;Qwen3-1.7B-QLoRA
ID_0848413770343284;1;blood clotting;blood coagulation (rej);0.862;0;sem match válido;Qwen3-1.7B-QLoRA
ID_0848413770343284;2;blood clotting cascade;blood coagulation (rej);0.866;0;sem match válido;Qwen3-1.7B-QLoRA
ID_0848413770343284;3;blood coagulation;blood coagulation;1.000;3;match válido;Qwen3-1.7B-QLoRA
ID_0848413770343284;4;blood clotting enzyme;blood coagulation (rej);0.766;0;sem match válido;Qwen3-1.7B-QLoRA
ID_0848413770343284;5;blood clotting proteins;blood coagulation (rej);0.782;0;sem match válido;Qwen3-1.7B-QLoRA
ID_0848413770343284;6;blood coagulation proteins;coagulation;0.819;3;match válido;Qwen3-1.7B-QLoRA
ID_0848413770343284;7;blood coagulation proteins expression;blood coagulation (rej);0.851;0;sem match válido;Qwen3-1.7B-QLoRA
ID_0848413770343284;8;blood coagulation proteins expression levels;blood coagulation (rej);0.815;0;sem match válido;Qwen3-1.7B-QLoRA
ID_0848413770343284;9;blood coagulation proteins expression levels in patients;blood coagulation (rej);0.834;0;sem match válido;Qwen3-1.7B-QLoRA
ID_0848413770343284;10;blood clotting enzymes;blood coagulation (rej);0.754;0;sem match válido;Qwen3-1.7B-QLoRA
ID_0848413770343284;11;blood clotting proteins expression;blood coagulation (rej);0.746;0;sem match válido;Qwen3-1.7B-QLoRA
ID_0848413770343284;12;blood clotting proteins expression levels;blood coagulation (rej);0.720;0;sem match válido;Qwen3-1.7B-QLoRA
ID_0848413770343284;13;blood clotting proteins expression levels in patients;blood coagulation (rej);0.723;0;sem match válido;Qwen3-1.7B-QLoRA
ID_0848413770343284;14;blood clotting proteins expression levels in patients with multiple;blood coagulation (rej);0.692;0;sem match válido;Qwen3-1.7B-QLoRA
ID_0848413770343284;15;blood clotting proteins expression levels in patients with multiple sclerosis;inflammation and thrombosis (rej);0.535;0;sem match válido;Qwen3-1.7B-QLoRA
ID_0848413770343284;16;;;;;;Qwen3-1.7B-QLoRA
ID_0848413770343284;17;;;;;;Qwen3-1.7B-QLoRA
ID_0848413770343284;18;;;;;;Qwen3-1.7B-QLoRA
ID_0848413770343284;19;;;;;;Qwen3-1.7B-QLoRA
ID_0848413770343284;20;;;;;;Qwen3-1.7B-QLoRA
ID_0915732258069388;1;headspace solid-phase microextraction;solid-phase microextraction (rej);0.813;0;sem match válido;Qwen3-1.7B-QLoRA
ID_0915732258069388;2;solid-phase microextraction;solid-phase microextraction;1.000;3;match válido;Qwen3-1.7B-QLoRA
ID_0915732258069388;3;solid-phase microextraction and gas;solid phase microextraction;0.838;3;match válido;Qwen3-1.7B-QLoRA
ID_0915732258069388;4;solid-phase microextraction and gas chromatography;gas chromatography;0.772;3;match válido;Qwen3-1.7B-QLoRA
ID_0915732258069388;5;solid-phase microextraction and gas chromatography-mass;gas chromatography (rej);0.730;0;sem match válido;Qwen3-1.7B-QLoRA
ID_0915732258069388;6;solid-phase microextraction and gas chromatography-mass spectrometry;gas chromatography (rej);0.751;0;sem match válido;Qwen3-1.7B-QLoRA
ID_0915732258069388;7;;;;;;Qwen3-1.7B-QLoRA
ID_0915732258069388;8;;;;;;Qwen3-1.7B-QLoRA
ID_0915732258069388;9;;;;;;Qwen3-1.7B-QLoRA
ID_0915732258069388;10;;;;;;Qwen3-1.7B-QLoRA
ID_0915732258069388;11;;;;;;Qwen3-1.7B-QLoRA
ID_0915732258069388;12;;;;;;Qwen3-1.7B-QLoRA
ID_0915732258069388;13;;;;;;Qwen3-1.7B-QLoRA
ID_0915732258069388;14;;;;;;Qwen3-1.7B-QLoRA
ID_0915732258069388;15;;;;;;Qwen3-1.7B-QLoRA
ID_0915732258069388;16;;;;;;Qwen3-1.7B-QLoRA
ID_0915732258069388;17;;;;;;Qwen3-1.7B-QLoRA
ID_0915732258069388;18;;;;;;Qwen3-1.7B-QLoRA
ID_0915732258069388;19;;;;;;Qwen3-1.7B-QLoRA
ID_0915732258069388;20;;;;;;Qwen3-1.7B-QLoRA
ID_0932673194762377;1;aquatic macroinvertebrates;benthic macroinvertebrates (rej);0.824;0;sem match válido;Qwen3-1.7B-QLoRA
ID_0932673194762377;2;aquatic macroinvertebrate communities;benthic macroinvertebrates (rej);0.729;0;sem match válido;Qwen3-1.7B-QLoRA
ID_0932673194762377;3;aquatic macroinvertebrate diversity;benthic macroinvertebrates (rej);0.722;0;sem match válido;Qwen3-1.7B-QLoRA
ID_0932673194762377;4;aquatic macroinvertebrates as indicators;benthic macroinvertebrates (rej);0.741;0;sem match válido;Qwen3-1.7B-QLoRA
ID_0932673194762377;5;aquatic macroinvertebrate communities in rivers;river ecology;0.752;3;match válido;Qwen3-1.7B-QLoRA
ID_0932673194762377;6;benthic macroinvertebrates;benthic macroinvertebrates;1.000;3;match válido;Qwen3-1.7B-QLoRA
ID_0932673194762377;7;benthic macroinvertebrates as indicators;benthic macroinvertebrates (rej);0.914;0;sem match válido;Qwen3-1.7B-QLoRA
ID_0932673194762377;8;benthic macroinvertebrate community;benthic macroinvertebrates (rej);0.923;0;sem match válido;Qwen3-1.7B-QLoRA
ID_0932673194762377;9;benthic macroinvertebrate communities;benthic macroinvertebrates (rej);0.904;0;sem match válido;Qwen3-1.7B-QLoRA
ID_0932673194762377;10;benthic macroinvertebrate diversity;benthic macroinvertebrates (rej);0.875;0;sem match válido;Qwen3-1.7B-QLoRA
ID_0932673194762377;11;benthic macroinvertebrate diversity patterns;benthic macroinvertebrates (rej);0.800;0;sem match válido;Qwen3-1.7B-QLoRA
ID_0932673194762377;12;benthic macroinvertebrate community structures;benthic macroinvertebrates (rej);0.811;0;sem match válido;Qwen3-1.7B-QLoRA
ID_0932673194762377;13;benthic macroinvertebrate composition;benthic macroinvertebrates (rej);0.839;0;sem match válido;Qwen3-1.7B-QLoRA
ID_0932673194762377;14;benthic macroinvertebrate diversity patterns among fishes;benthic macroinvertebrates (rej);0.740;0;sem match válido;Qwen3-1.7B-QLoRA
ID_0932673194762377;15;benthic macroinvertebrates along a reservoir;benthic macroinvertebrates (rej);0.857;0;sem match válido;Qwen3-1.7B-QLoRA
ID_0932673194762377;16;benthic macroinvertebrates in altitudinal lotic ecosystems;benthic macroinvertebrates (rej);0.810;0;sem match válido;Qwen3-1.7B-QLoRA
ID_0932673194762377;17;benthic macroinvertebrate communities associated;benthic macroinvertebrates (rej);0.897;0;sem match válido;Qwen3-1.7B-QLoRA
ID_0932673194762377;18;benthic macroinvertebrate fauna;benthic macroinvertebrates (rej);0.930;0;sem match válido;Qwen3-1.7B-QLoRA
ID_0932673194762377;19;benthic macroinvertebrate diversity in altitudinal;benthic macroinvertebrates (rej);0.814;0;sem match válido;Qwen3-1.7B-QLoRA
ID_0932673194762377;20;benthic macroinvertebrate diversity patterns among;benthic macroinvertebrates (rej);0.779;0;sem match válido;Qwen3-1.7B-QLoRA
ID_0967035318418472;1;antimicrobial activity;antiprotozoan activity (rej);0.698;0;sem match válido;Qwen3-1.7B-QLoRA
ID_0967035318418472;2;biological activity;biological control (rej);0.600;0;sem match válido;Qwen3-1.7B-QLoRA
ID_0967035318418472;3;brazilian cerrado;-epigallocatechin (rej);0.460;0;sem match válido;Qwen3-1.7B-QLoRA
ID_0967035318418472;4;brazilian medicinal plants;medicinal plants (rej);0.854;0;sem match válido;Qwen3-1.7B-QLoRA
ID_0967035318418472;5;catalytic activity;antioxidant activities (rej);0.342;0;sem match válido;Qwen3-1.7B-QLoRA
ID_0967035318418472;6;chemical stability;total polyphenols (rej);0.422;0;sem match válido;Qwen3-1.7B-QLoRA
ID_0967035318418472;7;crude extract;crude extract;1.000;3;match válido;Qwen3-1.7B-QLoRA
ID_0967035318418472;8;crude extracts;crude extract (rej);0.976;0;sem match válido;Qwen3-1.7B-QLoRA
ID_0967035318418472;9;extracts from plants;plant extracts;0.974;3;match válido;Qwen3-1.7B-QLoRA
ID_0967035318418472;10;extracts of medicinal;plant extracts (rej);0.819;0;sem match válido;Qwen3-1.7B-QLoRA
ID_0967035318418472;11;flavonoids from tagetes;leguminosae (rej);0.564;0;sem match válido;Qwen3-1.7B-QLoRA
ID_0967035318418472;12;in vitro antiviral activity;antiprotozoan activity (rej);0.487;0;sem match válido;Qwen3-1.7B-QLoRA
ID_0967035318418472;13;leishmania amazonensis;bouchea fluminensis (rej);0.610;0;sem match válido;Qwen3-1.7B-QLoRA
ID_0967035318418472;14;medicinal plants from northeastern;medicinal plants (rej);0.885;0;sem match válido;Qwen3-1.7B-QLoRA
ID_0967035318418472;15;medicinal plants of brazilian;medicinal plants (rej);0.860;0;sem match válido;Qwen3-1.7B-QLoRA
ID_0967035318418472;16;medicinal plants used;medicinal plants;0.975;3;match válido;Qwen3-1.7B-QLoRA
ID_0967035318418472;17;phenylpropanoid substituted flavan-3-ols;phenylpropanoid substituted;0.820;3;match válido;Qwen3-1.7B-QLoRA
ID_0967035318418472;18;phenylpropanoid substituted flavan-3-ols from trichilia;phenylpropanoid substituted (rej);0.731;0;sem match válido;Qwen3-1.7B-QLoRA
ID_0967035318418472;19;phenylpropanoid substituted flavan-3-ols in semipurified;phenylpropanoid substituted (rej);0.771;0;sem match válido;Qwen3-1.7B-QLoRA
ID_0967035318418472;20;phenylpropanoid substituted flavan-3-ols in semipurified extract;phenylpropanoid substituted (rej);0.719;0;sem match válido;Qwen3-1.7B-QLoRA
ID_0990344839864230;1;agent communication;software agent communication;0.860;1;match válido;Qwen3-1.7B-QLoRA
ID_0990344839864230;2;agent-based systems;software agent communication (rej);0.692;0;sem match válido;Qwen3-1.7B-QLoRA
ID_0990344839864230;3;agent-based systems communication;software agent communication (rej);0.847;0;sem match válido;Qwen3-1.7B-QLoRA
ID_0990344839864230;4;agents;software agent communication (rej);0.642;0;sem match válido;Qwen3-1.7B-QLoRA
ID_0990344839864230;5;agent-based communication;software agent communication (rej);0.838;0;sem match válido;Qwen3-1.7B-QLoRA
ID_0990344839864230;6;;;;;;Qwen3-1.7B-QLoRA
ID_0990344839864230;7;;;;;;Qwen3-1.7B-QLoRA
ID_0990344839864230;8;;;;;;Qwen3-1.7B-QLoRA
ID_0990344839864230;9;;;;;;Qwen3-1.7B-QLoRA
ID_0990344839864230;10;;;;;;Qwen3-1.7B-QLoRA
ID_0990344839864230;11;;;;;;Qwen3-1.7B-QLoRA
ID_0990344839864230;12;;;;;;Qwen3-1.7B-QLoRA
ID_0990344839864230;13;;;;;;Qwen3-1.7B-QLoRA
ID_0990344839864230;14;;;;;;Qwen3-1.7B-QLoRA
ID_0990344839864230;15;;;;;;Qwen3-1.7B-QLoRA
ID_0990344839864230;16;;;;;;Qwen3-1.7B-QLoRA
ID_0990344839864230;17;;;;;;Qwen3-1.7B-QLoRA
ID_0990344839864230;18;;;;;;Qwen3-1.7B-QLoRA
ID_0990344839864230;19;;;;;;Qwen3-1.7B-QLoRA
ID_0990344839864230;20;;;;;;Qwen3-1.7B-QLoRA
ID_1041565102315246;1;active region;active region;1.000;2;match válido;Qwen3-1.7B-QLoRA
ID_1041565102315246;2;atmospheric model;solar atmospheric model (rej);0.835;0;sem match válido;Qwen3-1.7B-QLoRA
ID_1041565102315246;3;atmospheric models;solar atmospheric model (rej);0.830;0;sem match válido;Qwen3-1.7B-QLoRA
ID_1041565102315246;4;atmospheric model over active;solar atmospheric model (rej);0.746;0;sem match válido;Qwen3-1.7B-QLoRA
ID_1041565102315246;5;atmospheric models: general;solar atmospheric model (rej);0.806;0;sem match válido;Qwen3-1.7B-QLoRA
ID_1041565102315246;6;atmospheric models: general methods;solar atmospheric model (rej);0.785;0;sem match válido;Qwen3-1.7B-QLoRA
ID_1041565102315246;7;atmospheric models: solar;solar atmospheric model;0.982;3;match válido;Qwen3-1.7B-QLoRA
ID_1041565102315246;8;atmospheric models: solar atmosphere;solar atmospheric model (rej);0.963;0;sem match válido;Qwen3-1.7B-QLoRA
ID_1041565102315246;9;atmospheric models: solar chromosphere;solar atmospheric model (rej);0.907;0;sem match válido;Qwen3-1.7B-QLoRA
ID_1041565102315246;10;atmospheric models: solar radiation;solar atmospheric model (rej);0.937;0;sem match válido;Qwen3-1.7B-QLoRA
ID_1041565102315246;11;atmospheric models: thermal equilibrium;solar atmospheric model (rej);0.742;0;sem match válido;Qwen3-1.7B-QLoRA
ID_1041565102315246;12;atmospheric models: thermal structure;solar atmospheric model (rej);0.771;0;sem match válido;Qwen3-1.7B-QLoRA
ID_1041565102315246;13;atmospheric models: thermal structure and radiation;solar atmospheric model (rej);0.778;0;sem match válido;Qwen3-1.7B-QLoRA
ID_1041565102315246;14;;;;;;Qwen3-1.7B-QLoRA
ID_1041565102315246;15;;;;;;Qwen3-1.7B-QLoRA
ID_1041565102315246;16;;;;;;Qwen3-1.7B-QLoRA
ID_1041565102315246;17;;;;;;Qwen3-1.7B-QLoRA
ID_1041565102315246;18;;;;;;Qwen3-1.7B-QLoRA
ID_1041565102315246;19;;;;;;Qwen3-1.7B-QLoRA
ID_1041565102315246;20;;;;;;Qwen3-1.7B-QLoRA
ID_1050516524103988;1;capacitively coupled contactless conductivity detection;capacitively coupled contactless conductivity detection;1.000;3;match válido;Qwen3-1.7B-QLoRA
ID_1050516524103988;2;capillary electrophoresis;capillary electrophoresis;1.000;3;match válido;Qwen3-1.7B-QLoRA
ID_1050516524103988;3;capillary electrophoresis with contactless;capillary electrophoresis (rej);0.934;0;sem match válido;Qwen3-1.7B-QLoRA
ID_1050516524103988;4;conductivity detection;conductivity detection;1.000;3;match válido;Qwen3-1.7B-QLoRA
ID_1050516524103988;5;conductivity detectors;conductivity detection (rej);0.914;0;sem match válido;Qwen3-1.7B-QLoRA
ID_1050516524103988;6;conductivity measurement;conductivity (rej);0.914;0;sem match válido;Qwen3-1.7B-QLoRA
ID_1050516524103988;7;conductivity meters;conductivity (rej);0.857;0;sem match válido;Qwen3-1.7B-QLoRA
ID_1050516524103988;8;contactless conductivity detection;contactless conductivity detection;1.000;3;match válido;Qwen3-1.7B-QLoRA
ID_1050516524103988;9;contactless conductivity detection applied;contactless conductivity;0.856;3;match válido;Qwen3-1.7B-QLoRA
ID_1050516524103988;10;conductivity;conductivity;1.000;2;match válido;Qwen3-1.7B-QLoRA
ID_1050516524103988;11;conductivity detection for capillary;capillary;0.775;2;match válido;Qwen3-1.7B-QLoRA
ID_1050516524103988;12;conductivity measurement system;conductivity detection (rej);0.869;0;sem match válido;Qwen3-1.7B-QLoRA
ID_1050516524103988;13;conductivity meters design;conductivity (rej);0.772;0;sem match válido;Qwen3-1.7B-QLoRA
ID_1050516524103988;14;conductivity meters design and fabrication;conductivity detection (rej);0.739;0;sem match válido;Qwen3-1.7B-QLoRA
ID_1050516524103988;15;conductivity meters for industrial;conductivity detection (rej);0.749;0;sem match válido;Qwen3-1.7B-QLoRA
ID_1050516524103988;16;conductivity meters for industrial use;conductivity detection (rej);0.731;0;sem match válido;Qwen3-1.7B-QLoRA
ID_1050516524103988;17;;;;;;Qwen3-1.7B-QLoRA
ID_1050516524103988;18;;;;;;Qwen3-1.7B-QLoRA
ID_1050516524103988;19;;;;;;Qwen3-1.7B-QLoRA
ID_1050516524103988;20;;;;;;Qwen3-1.7B-QLoRA
ID_1066462335621573;1;optical burst switching;optical switches;0.881;3;match válido;Qwen3-1.7B-QLoRA
ID_1066462335621573;2;optical code division;optical switches (rej);0.668;0;sem match válido;Qwen3-1.7B-QLoRA
ID_1066462335621573;3;optical code paths;optical packets (rej);0.735;0;sem match válido;Qwen3-1.7B-QLoRA
ID_1066462335621573;4;optical code paths considering;optical packets (rej);0.722;0;sem match válido;Qwen3-1.7B-QLoRA
ID_1066462335621573;5;optical code switching;optical switches (rej);0.829;0;sem match válido;Qwen3-1.7B-QLoRA
ID_1066462335621573;6;optical code switching router;optical packet switching;0.842;3;match válido;Qwen3-1.7B-QLoRA
ID_1066462335621573;7;optical code switching router performance;optical packet switching (rej);0.807;0;sem match válido;Qwen3-1.7B-QLoRA
ID_1066462335621573;8;optical code switching router performance analysis;optical packet switching (rej);0.773;0;sem match válido;Qwen3-1.7B-QLoRA
ID_1066462335621573;9;optical code switching routing;optical packet switching (rej);0.842;0;sem match válido;Qwen3-1.7B-QLoRA
ID_1066462335621573;10;optical code switching routing architecture;optical packet switching (rej);0.800;0;sem match válido;Qwen3-1.7B-QLoRA
ID_1066462335621573;11;optical code switching routing architecture proposal;optical packet switching (rej);0.757;0;sem match válido;Qwen3-1.7B-QLoRA
ID_1066462335621573;12;;;;;;Qwen3-1.7B-QLoRA
ID_1066462335621573;13;;;;;;Qwen3-1.7B-QLoRA
ID_1066462335621573;14;;;;;;Qwen3-1.7B-QLoRA
ID_1066462335621573;15;;;;;;Qwen3-1.7B-QLoRA
ID_1066462335621573;16;;;;;;Qwen3-1.7B-QLoRA
ID_1066462335621573;17;;;;;;Qwen3-1.7B-QLoRA
ID_1066462335621573;18;;;;;;Qwen3-1.7B-QLoRA
ID_1066462335621573;19;;;;;;Qwen3-1.7B-QLoRA
ID_1066462335621573;20;;;;;;Qwen3-1.7B-QLoRA
ID_1122362218673413;1;amazonian craton;amazonian craton;1.000;2;match válido;Qwen3-1.7B-QLoRA
ID_1122362218673413;2;heavy minerals;heavy mineral indices;0.920;3;match válido;Qwen3-1.7B-QLoRA
ID_1122362218673413;3;heavy mineral;mineral chemistry;0.820;3;match válido;Qwen3-1.7B-QLoRA
ID_1122362218673413;4;heavy mineral grains;heavy mineral indices (rej);0.825;0;sem match válido;Qwen3-1.7B-QLoRA
ID_1122362218673413;5;heavy mineral zones;proveniência de minerais;0.777;3;match válido;Qwen3-1.7B-QLoRA
ID_1122362218673413;6;heavy mineral zones in albian;albian sandstones (rej);0.822;0;sem match válido;Qwen3-1.7B-QLoRA
ID_1122362218673413;7;heavy mineral zones in albian sandstones;albian sandstones;0.871;2;match válido;Qwen3-1.7B-QLoRA
ID_1122362218673413;8;heavy mineral zones in albian sandstones from;albian sandstones (rej);0.869;0;sem match válido;Qwen3-1.7B-QLoRA
ID_1122362218673413;9;heavy mineral zones in albian sandstones from sâ;albian sandstones (rej);0.810;0;sem match válido;Qwen3-1.7B-QLoRA
ID_1122362218673413;10;heavy mineral zones in albian sandstones from sâo;albian sandstones (rej);0.776;0;sem match válido;Qwen3-1.7B-QLoRA
ID_1122362218673413;11;heavy mineral zones in albian sandstones from sâo luís;albian sandstones (rej);0.776;0;sem match válido;Qwen3-1.7B-QLoRA
ID_1122362218673413;12;heavy mineral zones in albian sandstones from sâo luís–grajau;albian sandstones (rej);0.799;0;sem match válido;Qwen3-1.7B-QLoRA
ID_1122362218673413;13;;;;;;Qwen3-1.7B-QLoRA
ID_1122362218673413;14;;;;;;Qwen3-1.7B-QLoRA
ID_1122362218673413;15;;;;;;Qwen3-1.7B-QLoRA
ID_1122362218673413;16;;;;;;Qwen3-1.7B-QLoRA
ID_1122362218673413;17;;;;;;Qwen3-1.7B-QLoRA
ID_1122362218673413;18;;;;;;Qwen3-1.7B-QLoRA
ID_1122362218673413;19;;;;;;Qwen3-1.7B-QLoRA
ID_1122362218673413;20;;;;;;Qwen3-1.7B-QLoRA
ID_1138639549823932;1;adsorption;adsorption;1.000;3;match válido;Qwen3-1.7B-QLoRA
ID_1138639549823932;2;adsorption capacity;adsorption (rej);0.867;0;sem match válido;Qwen3-1.7B-QLoRA
ID_1138639549823932;3;adsorption capacity recovery;adsorption (rej);0.770;0;sem match válido;Qwen3-1.7B-QLoRA
ID_1138639549823932;4;;;;;;Qwen3-1.7B-QLoRA
ID_1138639549823932;5;;;;;;Qwen3-1.7B-QLoRA
ID_1138639549823932;6;;;;;;Qwen3-1.7B-QLoRA
ID_1138639549823932;7;;;;;;Qwen3-1.7B-QLoRA
ID_1138639549823932;8;;;;;;Qwen3-1.7B-QLoRA
ID_1138639549823932;9;;;;;;Qwen3-1.7B-QLoRA
ID_1138639549823932;10;;;;;;Qwen3-1.7B-QLoRA
ID_1138639549823932;11;;;;;;Qwen3-1.7B-QLoRA
ID_1138639549823932;12;;;;;;Qwen3-1.7B-QLoRA
ID_1138639549823932;13;;;;;;Qwen3-1.7B-QLoRA
ID_1138639549823932;14;;;;;;Qwen3-1.7B-QLoRA
ID_1138639549823932;15;;;;;;Qwen3-1.7B-QLoRA
ID_1138639549823932;16;;;;;;Qwen3-1.7B-QLoRA
ID_1138639549823932;17;;;;;;Qwen3-1.7B-QLoRA
ID_1138639549823932;18;;;;;;Qwen3-1.7B-QLoRA
ID_1138639549823932;19;;;;;;Qwen3-1.7B-QLoRA
ID_1138639549823932;20;;;;;;Qwen3-1.7B-QLoRA
ID_1177407730126204;1;amazonian fungi;amazon region (rej);0.616;0;sem match válido;Qwen3-1.7B-QLoRA
ID_1177407730126204;2;bacteria;fungal processes (rej);0.587;0;sem match válido;Qwen3-1.7B-QLoRA
ID_1177407730126204;3;brazilian amazon;amazon region;0.816;1;match válido;Qwen3-1.7B-QLoRA
ID_1177407730126204;4;brazilian amazon fungi;amazon region (rej);0.605;0;sem match válido;Qwen3-1.7B-QLoRA
ID_1177407730126204;5;brazilian amazon fungi isolation;amazon region (rej);0.584;0;sem match válido;Qwen3-1.7B-QLoRA
ID_1177407730126204;6;brazilian amazon fungi isolation and isolation;amazon region (rej);0.567;0;sem match válido;Qwen3-1.7B-QLoRA
ID_1177407730126204;7;brazilian amazon fungi isolation and growth;melipona compressipes manaosensis (rej);0.571;0;sem match válido;Qwen3-1.7B-QLoRA
ID_1177407730126204;8;brazilian amazon fungi isolation and growth conditions;melipona compressipes manaosensis (rej);0.557;0;sem match válido;Qwen3-1.7B-QLoRA
ID_1177407730126204;9;;;;;;Qwen3-1.7B-QLoRA
ID_1177407730126204;10;;;;;;Qwen3-1.7B-QLoRA
ID_1177407730126204;11;;;;;;Qwen3-1.7B-QLoRA
ID_1177407730126204;12;;;;;;Qwen3-1.7B-QLoRA
ID_1177407730126204;13;;;;;;Qwen3-1.7B-QLoRA
ID_1177407730126204;14;;;;;;Qwen3-1.7B-QLoRA
ID_1177407730126204;15;;;;;;Qwen3-1.7B-QLoRA
ID_1177407730126204;16;;;;;;Qwen3-1.7B-QLoRA
ID_1177407730126204;17;;;;;;Qwen3-1.7B-QLoRA
ID_1177407730126204;18;;;;;;Qwen3-1.7B-QLoRA
ID_1177407730126204;19;;;;;;Qwen3-1.7B-QLoRA
ID_1177407730126204;20;;;;;;Qwen3-1.7B-QLoRA
ID_1218389465274602;1;herpes simplex virus;herpes simplex virus;1.000;2;match válido;Qwen3-1.7B-QLoRA
ID_1218389465274602;2;herpes simplex virus-1;herpes simplex virus-1;1.000;2;match válido;Qwen3-1.7B-QLoRA
ID_1218389465274602;3;inflammation;sterile inflammation;0.763;1;match válido;Qwen3-1.7B-QLoRA
ID_1218389465274602;4;infection;sterile inflammation (rej);0.739;0;sem match válido;Qwen3-1.7B-QLoRA
ID_1218389465274602;5;infection control;sterile inflammation (rej);0.633;0;sem match válido;Qwen3-1.7B-QLoRA
ID_1218389465274602;6;inflammatory response;neuroinflammation (rej);0.660;0;sem match válido;Qwen3-1.7B-QLoRA
ID_1218389465274602;7;inflammatory responses;neuroinflammation (rej);0.658;0;sem match válido;Qwen3-1.7B-QLoRA
ID_1218389465274602;8;intravital microscopy;intravital microscopy;1.000;1;match válido;Qwen3-1.7B-QLoRA
ID_1218389465274602;9;leukocyte adhesion;leukocyte adhesion;1.000;1;match válido;Qwen3-1.7B-QLoRA
ID_1218389465274602;10;leukocyte recruitment;leukocyte adhesion (rej);0.727;0;sem match válido;Qwen3-1.7B-QLoRA
ID_1218389465274602;11;neutrophils;neutrophil recruitment;0.881;1;match válido;Qwen3-1.7B-QLoRA
ID_1218389465274602;12;severe encephalitis;severe encephalitis;1.000;1;match válido;Qwen3-1.7B-QLoRA
ID_1218389465274602;13;severe herpes simplex encephalitis;herpes simplex (rej);0.815;0;sem match válido;Qwen3-1.7B-QLoRA
ID_1218389465274602;14;severe model;severe model;1.000;1;match válido;Qwen3-1.7B-QLoRA
ID_1218389465274602;15;severe model of herpes;herpes virus;0.801;2;match válido;Qwen3-1.7B-QLoRA
ID_1218389465274602;16;severe model of herpes simplex;herpes simplex;0.906;2;match válido;Qwen3-1.7B-QLoRA
ID_1218389465274602;17;severe model of herpes simplex virus;herpes simplex virus type 1;0.920;2;match válido;Qwen3-1.7B-QLoRA
ID_1218389465274602;18;severe myelitis;neuroinflammation (rej);0.578;0;sem match válido;Qwen3-1.7B-QLoRA
ID_1218389465274602;19;severe myelitis in mice;neuroinflammation (rej);0.598;0;sem match válido;Qwen3-1.7B-QLoRA
ID_1218389465274602;20;severe myelitis mice;neuroinflammation (rej);0.594;0;sem match válido;Qwen3-1.7B-QLoRA
ID_1224532648969159;1;chaos;chaos;1.000;3;match válido;Qwen3-1.7B-QLoRA
ID_1224532648969159;2;chaos control;chaos control;1.000;3;match válido;Qwen3-1.7B-QLoRA
ID_1224532648969159;3;chaos control techniques;chaos control method;0.983;3;match válido;Qwen3-1.7B-QLoRA
ID_1224532648969159;4;chaotic response;chaos (rej);0.842;0;sem match válido;Qwen3-1.7B-QLoRA
ID_1224532648969159;5;chaotic system;chaos (rej);0.885;0;sem match válido;Qwen3-1.7B-QLoRA
ID_1224532648969159;6;chaotic systems;transient chaos;0.835;2;match válido;Qwen3-1.7B-QLoRA
ID_1224532648969159;7;chaos in shape;chaos (rej);0.909;0;sem match válido;Qwen3-1.7B-QLoRA
ID_1224532648969159;8;chaos in shape memory;shape memory;0.802;3;match válido;Qwen3-1.7B-QLoRA
ID_1224532648969159;9;chaos in shape memory alloys;shape memory alloys;0.818;3;match válido;Qwen3-1.7B-QLoRA
ID_1224532648969159;10;chaos in shape memory alloys systems;shape memory alloy;0.776;3;match válido;Qwen3-1.7B-QLoRA
ID_1224532648969159;11;;;;;;Qwen3-1.7B-QLoRA
ID_1224532648969159;12;;;;;;Qwen3-1.7B-QLoRA
ID_1224532648969159;13;;;;;;Qwen3-1.7B-QLoRA
ID_1224532648969159;14;;;;;;Qwen3-1.7B-QLoRA
ID_1224532648969159;15;;;;;;Qwen3-1.7B-QLoRA
ID_1224532648969159;16;;;;;;Qwen3-1.7B-QLoRA
ID_1224532648969159;17;;;;;;Qwen3-1.7B-QLoRA
ID_1224532648969159;18;;;;;;Qwen3-1.7B-QLoRA
ID_1224532648969159;19;;;;;;Qwen3-1.7B-QLoRA
ID_1224532648969159;20;;;;;;Qwen3-1.7B-QLoRA
ID_1234565160573730;1;biodegradation;biodegradation;1.000;3;match válido;Qwen3-1.7B-QLoRA
ID_1234565160573730;2;biodegradable polymeric nanoparticles;nanopartículas;0.810;3;match válido;Qwen3-1.7B-QLoRA
ID_1234565160573730;3;chemical characterization;preparation and characterization (rej);0.537;0;sem match válido;Qwen3-1.7B-QLoRA
ID_1234565160573730;4;chemical characterization of azadirachta;oil of azadirachta;0.771;1;match válido;Qwen3-1.7B-QLoRA
ID_1234565160573730;5;dendrocalamus gigas;zabrotes subfasciatus (rej);0.586;0;sem match válido;Qwen3-1.7B-QLoRA
ID_1234565160573730;6;diabrotica;zabrotes subfasciatus (rej);0.477;0;sem match válido;Qwen3-1.7B-QLoRA
ID_1234565160573730;7;diabrotica speciosa;zabrotes subfasciatus (rej);0.648;0;sem match válido;Qwen3-1.7B-QLoRA
ID_1234565160573730;8;green chemistry;biodegradation (rej);0.466;0;sem match válido;Qwen3-1.7B-QLoRA
ID_1234565160573730;9;high-speed counter-current chromatography;high-speed counter-current chromatography;1.000;1;match válido;Qwen3-1.7B-QLoRA
ID_1234565160573730;10;insecticide;plant insecticides (rej);0.929;0;sem match válido;Qwen3-1.7B-QLoRA
ID_1234565160573730;11;insecticide plants;plant insecticides;0.982;3;match válido;Qwen3-1.7B-QLoRA
ID_1234565160573730;12;insecticides against tuta;plant insecticides (rej);0.827;0;sem match válido;Qwen3-1.7B-QLoRA
ID_1234565160573730;13;neem;tuta absoluta (rej);0.665;0;sem match válido;Qwen3-1.7B-QLoRA
ID_1234565160573730;14;neem oil;oil of azadirachta (rej);0.749;0;sem match válido;Qwen3-1.7B-QLoRA
ID_1234565160573730;15;neem oil nanoformulations;nanopartículas (rej);0.638;0;sem match válido;Qwen3-1.7B-QLoRA
ID_1234565160573730;16;neem products;plant extract (rej);0.607;0;sem match válido;Qwen3-1.7B-QLoRA
ID_1234565160573730;17;neem seed;plant extract (rej);0.631;0;sem match válido;Qwen3-1.7B-QLoRA
ID_1234565160573730;18;neem seed extracts;plant extract;0.770;1;match válido;Qwen3-1.7B-QLoRA
ID_1234565160573730;19;neem seed extracts with known;plant extract (rej);0.734;0;sem match válido;Qwen3-1.7B-QLoRA
ID_1234565160573730;20;neem seed extracts with known azadirachtin;oil of azadirachta (rej);0.682;0;sem match válido;Qwen3-1.7B-QLoRA
ID_1272997735344283;1;agent-oriented software engineering;agent-oriented software engineering;1.000;3;match válido;Qwen3-1.7B-QLoRA
ID_1272997735344283;2;agent-oriented software engineering (aoe);agent-oriented software engineering (rej);0.882;0;sem match válido;Qwen3-1.7B-QLoRA
ID_1272997735344283;3;agent-oriented software engineering (aoe) techniques;agent-oriented software engineering (rej);0.867;0;sem match válido;Qwen3-1.7B-QLoRA
ID_1272997735344283;4;automated decisions;multi-agent systems (rej);0.430;0;sem match válido;Qwen3-1.7B-QLoRA
ID_1272997735344283;5;automated decision making;multi-agent systems (rej);0.419;0;sem match válido;Qwen3-1.7B-QLoRA
ID_1272997735344283;6;automated decision systems;multi-agent systems (rej);0.473;0;sem match válido;Qwen3-1.7B-QLoRA
ID_1272997735344283;7;automated product derivation;product derivation tool;0.841;2;match válido;Qwen3-1.7B-QLoRA
ID_1272997735344283;8;automated software engineering;software engineering techniques (rej);0.837;0;sem match válido;Qwen3-1.7B-QLoRA
ID_1272997735344283;9;automated software engineering techniques;software engineering techniques;0.878;1;match válido;Qwen3-1.7B-QLoRA
ID_1272997735344283;10;automated software product;software product lines (rej);0.729;0;sem match válido;Qwen3-1.7B-QLoRA
ID_1272997735344283;11;automated software product lines;software product lines;0.873;3;match válido;Qwen3-1.7B-QLoRA
ID_1272997735344283;12;automated software reuse;software engineering techniques (rej);0.617;0;sem match válido;Qwen3-1.7B-QLoRA
ID_1272997735344283;13;automated systems;multi-agent systems (rej);0.571;0;sem match válido;Qwen3-1.7B-QLoRA
ID_1272997735344283;14;bdi agent architectures;agent-oriented software engineering (rej);0.661;0;sem match válido;Qwen3-1.7B-QLoRA
ID_1272997735344283;15;bdi agents;multi-agent systems (rej);0.501;0;sem match válido;Qwen3-1.7B-QLoRA
ID_1272997735344283;16;bdi agents based;agent-oriented software engineering (rej);0.576;0;sem match válido;Qwen3-1.7B-QLoRA
ID_1272997735344283;17;bdi agents based on;multi-agent systems (rej);0.602;0;sem match válido;Qwen3-1.7B-QLoRA
ID_1272997735344283;18;bdi agents based on high-level;multi-agent systems (rej);0.599;0;sem match válido;Qwen3-1.7B-QLoRA
ID_1272997735344283;19;bdi agents based on high-level user;multi-agent systems (rej);0.601;0;sem match válido;Qwen3-1.7B-QLoRA
ID_1272997735344283;20;bdi layer;multiagent systems (rej);0.304;0;sem match válido;Qwen3-1.7B-QLoRA
ID_1290711673273506;1;estimation of harmonics;time-varying harmonic/interharmonic estimation (rej);0.783;0;sem match válido;Qwen3-1.7B-QLoRA
ID_1290711673273506;2;harmonic estimation;time-varying harmonic/interharmonic estimation (rej);0.800;0;sem match válido;Qwen3-1.7B-QLoRA
ID_1290711673273506;3;harmonics estimation;time-varying harmonic/interharmonic estimation;0.804;2;match válido;Qwen3-1.7B-QLoRA
ID_1290711673273506;4;higher-order cumulants;discrete fourier transforms (rej);0.514;0;sem match válido;Qwen3-1.7B-QLoRA
ID_1290711673273506;5;power quality;power quality;1.000;3;match válido;Qwen3-1.7B-QLoRA
ID_1290711673273506;6;power quality disturbances;voltage disturbances;0.798;2;match válido;Qwen3-1.7B-QLoRA
ID_1290711673273506;7;power quality events recognition;quality events recognition;0.763;2;match válido;Qwen3-1.7B-QLoRA
ID_1290711673273506;8;power quality monitoring;power quality analysis;0.906;2;match válido;Qwen3-1.7B-QLoRA
ID_1290711673273506;9;power quality signal processing;signal processing;0.785;3;match válido;Qwen3-1.7B-QLoRA
ID_1290711673273506;10;power systems harmonic estimation;power system measurement (rej);0.758;0;sem match válido;Qwen3-1.7B-QLoRA
ID_1290711673273506;11;power systems harmonic estimation algorithm;power system measurement (rej);0.728;0;sem match válido;Qwen3-1.7B-QLoRA
ID_1290711673273506;12;power systems harmonic transition principle;power systems (rej);0.670;0;sem match válido;Qwen3-1.7B-QLoRA
ID_1290711673273506;13;power system;power systems;0.977;2;match válido;Qwen3-1.7B-QLoRA
ID_1290711673273506;14;power system diagnostics;power system measurement;0.871;1;match válido;Qwen3-1.7B-QLoRA
ID_1290711673273506;15;power system harmonic estimation;power system measurement (rej);0.771;0;sem match válido;Qwen3-1.7B-QLoRA
ID_1290711673273506;16;power system harmonic transition;power systems (rej);0.720;0;sem match válido;Qwen3-1.7B-QLoRA
ID_1290711673273506;17;power system harmonic transition principle;power systems (rej);0.666;0;sem match válido;Qwen3-1.7B-QLoRA
ID_1290711673273506;18;power systems harmonic transition;power systems (rej);0.723;0;sem match válido;Qwen3-1.7B-QLoRA
ID_1290711673273506;19;;;;;;Qwen3-1.7B-QLoRA
ID_1290711673273506;20;;;;;;Qwen3-1.7B-QLoRA
ID_1305553577433058;1;antitumor activity;antitumor activity;1.000;3;match válido;Qwen3-1.7B-QLoRA
ID_1305553577433058;2;antitumor effects;antitumor;0.866;3;match válido;Qwen3-1.7B-QLoRA
ID_1305553577433058;3;antitumor effects of himatanthus;antitumor activity (rej);0.637;0;sem match válido;Qwen3-1.7B-QLoRA
ID_1305553577433058;4;antitumor effects of himatanthus drasticus;antitumor activity (rej);0.616;0;sem match válido;Qwen3-1.7B-QLoRA
ID_1305553577433058;5;antitumor activity and composition;antitumor activity (rej);0.939;0;sem match válido;Qwen3-1.7B-QLoRA
ID_1305553577433058;6;antitumor activity in vivo;vivo antitumor effect;0.899;3;match válido;Qwen3-1.7B-QLoRA
ID_1305553577433058;7;antitumor activity in vivo and composition;discover new antitumor;0.816;3;match válido;Qwen3-1.7B-QLoRA
ID_1305553577433058;8;essential oil;essential oil;1.000;2;match válido;Qwen3-1.7B-QLoRA
ID_1305553577433058;9;essential oil composition;essential oil (rej);0.940;0;sem match válido;Qwen3-1.7B-QLoRA
ID_1305553577433058;10;essential oil composition and cytotoxicity;essential oil (rej);0.759;0;sem match válido;Qwen3-1.7B-QLoRA
ID_1305553577433058;11;essential oil from leaves;essential oil (rej);0.829;0;sem match válido;Qwen3-1.7B-QLoRA
ID_1305553577433058;12;essential oil isolated;essential oil (rej);0.918;0;sem match válido;Qwen3-1.7B-QLoRA
ID_1305553577433058;13;essential oil isolated from leaves;essential oil (rej);0.825;0;sem match válido;Qwen3-1.7B-QLoRA
ID_1305553577433058;14;essential oil of xylopia;essential oil (rej);0.728;0;sem match válido;Qwen3-1.7B-QLoRA
ID_1305553577433058;15;essential oil of xylopia frutescens;essential oil (rej);0.696;0;sem match válido;Qwen3-1.7B-QLoRA
ID_1305553577433058;16;essential oils;essential oil (rej);0.967;0;sem match válido;Qwen3-1.7B-QLoRA
ID_1305553577433058;17;essential oils from leaves;essential oil (rej);0.795;0;sem match válido;Qwen3-1.7B-QLoRA
ID_1305553577433058;18;in vitro cytotoxic activity;cytotoxic activity;0.952;3;match válido;Qwen3-1.7B-QLoRA
ID_1305553577433058;19;in vitro cytotoxic activity of some;cytotoxic activities;0.927;3;match válido;Qwen3-1.7B-QLoRA
ID_1305553577433058;20;in vitro cytotoxicity;synthesis and cytotoxicity;0.853;3;match válido;Qwen3-1.7B-QLoRA
ID_1351748125964309;1;biodiversity conservation;tropical biodiversity (rej);0.735;0;sem match válido;Qwen3-1.7B-QLoRA
ID_1351748125964309;2;biodiversity thresholds;habitat loss (rej);0.657;0;sem match válido;Qwen3-1.7B-QLoRA
ID_1351748125964309;3;brazilian amazon;tropical rainforest (rej);0.526;0;sem match válido;Qwen3-1.7B-QLoRA
ID_1351748125964309;4;brazilian amazon forest;tropical rainforest;0.803;2;match válido;Qwen3-1.7B-QLoRA
ID_1351748125964309;5;brazilian forest;tropical forest;0.868;3;match válido;Qwen3-1.7B-QLoRA
ID_1351748125964309;6;brazilian forest fragmentation;forest fragmentation;0.831;2;match válido;Qwen3-1.7B-QLoRA
ID_1351748125964309;7;brazilian forest fragments;tropical forest (rej);0.813;0;sem match válido;Qwen3-1.7B-QLoRA
ID_1351748125964309;8;brazilian forest fragments size;tropical forest (rej);0.723;0;sem match válido;Qwen3-1.7B-QLoRA
ID_1351748125964309;9;brazilian forest fragments size effects;forest fragmentation (rej);0.734;0;sem match válido;Qwen3-1.7B-QLoRA
ID_1351748125964309;10;;;;;;Qwen3-1.7B-QLoRA
ID_1351748125964309;11;;;;;;Qwen3-1.7B-QLoRA
ID_1351748125964309;12;;;;;;Qwen3-1.7B-QLoRA
ID_1351748125964309;13;;;;;;Qwen3-1.7B-QLoRA
ID_1351748125964309;14;;;;;;Qwen3-1.7B-QLoRA
ID_1351748125964309;15;;;;;;Qwen3-1.7B-QLoRA
ID_1351748125964309;16;;;;;;Qwen3-1.7B-QLoRA
ID_1351748125964309;17;;;;;;Qwen3-1.7B-QLoRA
ID_1351748125964309;18;;;;;;Qwen3-1.7B-QLoRA
ID_1351748125964309;19;;;;;;Qwen3-1.7B-QLoRA
ID_1351748125964309;20;;;;;;Qwen3-1.7B-QLoRA
ID_1364246301366731;1;air pollution;urban climate (rej);0.546;0;sem match válido;Qwen3-1.7B-QLoRA
ID_1364246301366731;2;atmospheric boundary layer;atmospheric numerical model (rej);0.728;0;sem match válido;Qwen3-1.7B-QLoRA
ID_1364246301366731;3;convective boundary layer;wavelet (rej);0.439;0;sem match válido;Qwen3-1.7B-QLoRA
ID_1364246301366731;4;large eddy simulation;atmospheric numerical model (rej);0.414;0;sem match válido;Qwen3-1.7B-QLoRA
ID_1364246301366731;5;large eddy simulation model;atmospheric numerical model (rej);0.476;0;sem match válido;Qwen3-1.7B-QLoRA
ID_1364246301366731;6;large-eddy simulation;atmospheric numerical model (rej);0.417;0;sem match válido;Qwen3-1.7B-QLoRA
ID_1364246301366731;7;numerical modeling;coupled numerical model (rej);0.792;0;sem match válido;Qwen3-1.7B-QLoRA
ID_1364246301366731;8;numerical modeling of planetary boundary;atmospheric numerical model (rej);0.587;0;sem match válido;Qwen3-1.7B-QLoRA
ID_1364246301366731;9;numerical models;coupled numerical model;0.793;2;match válido;Qwen3-1.7B-QLoRA
ID_1364246301366731;10;pollutant dispersion;diffuse solar radiation (rej);0.522;0;sem match válido;Qwen3-1.7B-QLoRA
ID_1364246301366731;11;planetary boundary layer;equatorial atlantic ocean (rej);0.453;0;sem match válido;Qwen3-1.7B-QLoRA
ID_1364246301366731;12;planetary boundary layer at low;surface radiation balance (rej);0.479;0;sem match válido;Qwen3-1.7B-QLoRA
ID_1364246301366731;13;planetary boundary layer at sub-tropical;equatorial atlantic ocean (rej);0.576;0;sem match válido;Qwen3-1.7B-QLoRA
ID_1364246301366731;14;planetary boundary layer at sub-tropical regions;equatorial atlantic ocean (rej);0.576;0;sem match válido;Qwen3-1.7B-QLoRA
ID_1364246301366731;15;planetary boundary layer at sub-tropical regions of;equatorial atlantic ocean (rej);0.570;0;sem match válido;Qwen3-1.7B-QLoRA
ID_1364246301366731;16;planetary boundary layer at sub-tropical regions of brazil;equatorial atlantic ocean (rej);0.599;0;sem match válido;Qwen3-1.7B-QLoRA
ID_1364246301366731;17;planetary boundary layer at low latitudes;equatorial atlantic ocean (rej);0.484;0;sem match válido;Qwen3-1.7B-QLoRA
ID_1364246301366731;18;;;;;;Qwen3-1.7B-QLoRA
ID_1364246301366731;19;;;;;;Qwen3-1.7B-QLoRA
ID_1364246301366731;20;;;;;;Qwen3-1.7B-QLoRA
ID_1387531666012807;1;cell therapy;cell therapy;1.000;3;match válido;Qwen3-1.7B-QLoRA
ID_1387531666012807;2;cellular therapy;terapia celular;0.938;3;match válido;Qwen3-1.7B-QLoRA
ID_1387531666012807;3;cellular therapy in stroke;stroke (rej);0.708;0;sem match válido;Qwen3-1.7B-QLoRA
ID_1387531666012807;4;cellular therapy therapy;terapia celular (rej);0.926;0;sem match válido;Qwen3-1.7B-QLoRA
ID_1387531666012807;5;cellular therapy therapy for stroke;terapia celular (rej);0.680;0;sem match válido;Qwen3-1.7B-QLoRA
ID_1387531666012807;6;cellular therapy therapy for stroke treatment;terapia celular (rej);0.676;0;sem match válido;Qwen3-1.7B-QLoRA
ID_1387531666012807;7;cellular therapy therapy in stroke;stroke (rej);0.689;0;sem match válido;Qwen3-1.7B-QLoRA
ID_1387531666012807;8;cellular therapy therapy in stroke treatment;terapia celular (rej);0.670;0;sem match válido;Qwen3-1.7B-QLoRA
ID_1387531666012807;9;cellular therapy therapy in stroke treatment protocol;stroke (rej);0.672;0;sem match válido;Qwen3-1.7B-QLoRA
ID_1387531666012807;10;cellular therapy therapy protocol;terapia celular (rej);0.914;0;sem match válido;Qwen3-1.7B-QLoRA
ID_1387531666012807;11;cellular therapy therapy protocol for stroke;stroke (rej);0.688;0;sem match válido;Qwen3-1.7B-QLoRA
ID_1387531666012807;12;cellular therapy therapy protocol for stroke treatment;stroke (rej);0.672;0;sem match válido;Qwen3-1.7B-QLoRA
ID_1387531666012807;13;;;;;;Qwen3-1.7B-QLoRA
ID_1387531666012807;14;;;;;;Qwen3-1.7B-QLoRA
ID_1387531666012807;15;;;;;;Qwen3-1.7B-QLoRA
ID_1387531666012807;16;;;;;;Qwen3-1.7B-QLoRA
ID_1387531666012807;17;;;;;;Qwen3-1.7B-QLoRA
ID_1387531666012807;18;;;;;;Qwen3-1.7B-QLoRA
ID_1387531666012807;19;;;;;;Qwen3-1.7B-QLoRA
ID_1387531666012807;20;;;;;;Qwen3-1.7B-QLoRA
ID_1511271976880714;1;buffalo;pampa horse (rej);0.469;0;sem match válido;Qwen3-1.7B-QLoRA
ID_1511271976880714;2;buffalo identification;cavalos da raça (rej);0.430;0;sem match válido;Qwen3-1.7B-QLoRA
ID_1511271976880714;3;cross-specific multiplexed microsatellite;multiplexed microsatellite set;0.936;3;match válido;Qwen3-1.7B-QLoRA
ID_1511271976880714;4;dna extraction;extraction procedure (rej);0.665;0;sem match válido;Qwen3-1.7B-QLoRA
ID_1511271976880714;5;dna markers;utilizando marcadores;0.845;3;match válido;Qwen3-1.7B-QLoRA
ID_1511271976880714;6;dna microsatellites;microsatellite;0.969;3;match válido;Qwen3-1.7B-QLoRA
ID_1511271976880714;7;dna markers for paternity;parentage tests (rej);0.737;0;sem match válido;Qwen3-1.7B-QLoRA
ID_1511271976880714;8;dna markers for paternity testing;parentage tests;0.788;2;match válido;Qwen3-1.7B-QLoRA
ID_1511271976880714;9;dna markers for paternity testing in;parentage tests (rej);0.787;0;sem match válido;Qwen3-1.7B-QLoRA
ID_1511271976880714;10;dna markers for paternity testing in brazilian;parentage tests (rej);0.727;0;sem match válido;Qwen3-1.7B-QLoRA
ID_1511271976880714;11;dna microsatellites for genetic;microsatellite (rej);0.755;0;sem match válido;Qwen3-1.7B-QLoRA
ID_1511271976880714;12;dna microsatellite markers;microsatellite (rej);0.881;0;sem match válido;Qwen3-1.7B-QLoRA
ID_1511271976880714;13;dna microsatellite markers for paternity;parentage tests (rej);0.665;0;sem match válido;Qwen3-1.7B-QLoRA
ID_1511271976880714;14;dna technique;dna para verificação (rej);0.619;0;sem match válido;Qwen3-1.7B-QLoRA
ID_1511271976880714;15;dna technique for species;genetic markers (rej);0.558;0;sem match válido;Qwen3-1.7B-QLoRA
ID_1511271976880714;16;dna technique for species specific;genetic markers (rej);0.563;0;sem match válido;Qwen3-1.7B-QLoRA
ID_1511271976880714;17;dna technique for species specific differentiation;genetic markers (rej);0.551;0;sem match válido;Qwen3-1.7B-QLoRA
ID_1511271976880714;18;dna technique for species-specific differentiation;genetic markers (rej);0.561;0;sem match válido;Qwen3-1.7B-QLoRA
ID_1511271976880714;19;;;;;;Qwen3-1.7B-QLoRA
ID_1511271976880714;20;;;;;;Qwen3-1.7B-QLoRA
ID_1602277501575415;1;analysis;systematic evaluation;0.793;3;match válido;Qwen3-1.7B-QLoRA
ID_1602277501575415;2;brazilian coffee;sugar-cane spirit (rej);0.512;0;sem match válido;Qwen3-1.7B-QLoRA
ID_1602277501575415;3;brazilian spirits;sugar-cane spirit (rej);0.592;0;sem match válido;Qwen3-1.7B-QLoRA
ID_1602277501575415;4;chemical oxidation;sulphochromic waste (rej);0.599;0;sem match válido;Qwen3-1.7B-QLoRA
ID_1602277501575415;5;electrochemical impedance;oxide ph electrodes (rej);0.665;0;sem match válido;Qwen3-1.7B-QLoRA
ID_1602277501575415;6;electrochemical impedance spectroscopy;oxide ph electrodes (rej);0.692;0;sem match válido;Qwen3-1.7B-QLoRA
ID_1602277501575415;7;electrochemical measurements;oxide ph electrodes (rej);0.686;0;sem match válido;Qwen3-1.7B-QLoRA
ID_1602277501575415;8;electrochemical responses;oxide ph electrodes (rej);0.630;0;sem match válido;Qwen3-1.7B-QLoRA
ID_1602277501575415;9;electrolyte composition;oxide ph electrodes (rej);0.594;0;sem match válido;Qwen3-1.7B-QLoRA
ID_1602277501575415;10;electrolyte composition effect;oxide ph electrodes (rej);0.590;0;sem match válido;Qwen3-1.7B-QLoRA
ID_1602277501575415;11;electrolyte composition effect on discharge;oxide ph electrodes (rej);0.568;0;sem match válido;Qwen3-1.7B-QLoRA
ID_1602277501575415;12;electrolyte composition effects;oxide ph electrodes (rej);0.592;0;sem match válido;Qwen3-1.7B-QLoRA
ID_1602277501575415;13;electrolyte composition effects on discharge;oxide ph electrodes (rej);0.569;0;sem match válido;Qwen3-1.7B-QLoRA
ID_1602277501575415;14;;;;;;Qwen3-1.7B-QLoRA
ID_1602277501575415;15;;;;;;Qwen3-1.7B-QLoRA
ID_1602277501575415;16;;;;;;Qwen3-1.7B-QLoRA
ID_1602277501575415;17;;;;;;Qwen3-1.7B-QLoRA
ID_1602277501575415;18;;;;;;Qwen3-1.7B-QLoRA
ID_1602277501575415;19;;;;;;Qwen3-1.7B-QLoRA
ID_1602277501575415;20;;;;;;Qwen3-1.7B-QLoRA
ID_1612969183171944;1;animal performance;animal;0.754;1;match válido;Qwen3-1.7B-QLoRA
ID_1612969183171944;2;animal production;animal (rej);0.670;0;sem match válido;Qwen3-1.7B-QLoRA
ID_1612969183171944;3;broiler chickens;pig (rej);0.466;0;sem match válido;Qwen3-1.7B-QLoRA
ID_1612969183171944;4;broiler chickens performance;pig (rej);0.472;0;sem match válido;Qwen3-1.7B-QLoRA
ID_1612969183171944;5;broiler chicken;silagem de grãos (rej);0.430;0;sem match válido;Qwen3-1.7B-QLoRA
ID_1612969183171944;6;broiler chickens growth;techniques in growing-finishing (rej);0.444;0;sem match válido;Qwen3-1.7B-QLoRA
ID_1612969183171944;7;broiler chicken growth;silagem de grãos (rej);0.422;0;sem match válido;Qwen3-1.7B-QLoRA
ID_1612969183171944;8;broiler chicken growth performance;techniques in growing-finishing (rej);0.426;0;sem match válido;Qwen3-1.7B-QLoRA
ID_1612969183171944;9;broiler chicken performance;pig (rej);0.429;0;sem match válido;Qwen3-1.7B-QLoRA
ID_1612969183171944;10;broiler chicken performance evaluation;pig (rej);0.401;0;sem match válido;Qwen3-1.7B-QLoRA
ID_1612969183171944;11;broiler chickens growth performance;techniques in growing-finishing (rej);0.436;0;sem match válido;Qwen3-1.7B-QLoRA
ID_1612969183171944;12;broiler chickens growth rate;techniques in growing-finishing (rej);0.402;0;sem match válido;Qwen3-1.7B-QLoRA
ID_1612969183171944;13;broiler chickens growth rates;techniques in growing-finishing (rej);0.394;0;sem match válido;Qwen3-1.7B-QLoRA
ID_1612969183171944;14;broiler chicken growth rates;techniques in growing-finishing (rej);0.385;0;sem match válido;Qwen3-1.7B-QLoRA
ID_1612969183171944;15;chickens growth;techniques in growing-finishing (rej);0.521;0;sem match válido;Qwen3-1.7B-QLoRA
ID_1612969183171944;16;chickens growth rate;techniques in growing-finishing (rej);0.422;0;sem match válido;Qwen3-1.7B-QLoRA
ID_1612969183171944;17;chickens growth rates;techniques in growing-finishing (rej);0.415;0;sem match válido;Qwen3-1.7B-QLoRA
ID_1612969183171944;18;;;;;;Qwen3-1.7B-QLoRA
ID_1612969183171944;19;;;;;;Qwen3-1.7B-QLoRA
ID_1612969183171944;20;;;;;;Qwen3-1.7B-QLoRA
ID_1661480072159875;1;curvature integral estimates;mean curvature;0.831;3;match válido;Qwen3-1.7B-QLoRA
ID_1661480072159875;2;curvature integral formulas;mean curvature (rej);0.785;0;sem match válido;Qwen3-1.7B-QLoRA
ID_1661480072159875;3;curvature integral formulas for the r-mean;r-mean curvature (rej);0.857;0;sem match válido;Qwen3-1.7B-QLoRA
ID_1661480072159875;4;curvature linearized operator;mean curvature (rej);0.760;0;sem match válido;Qwen3-1.7B-QLoRA
ID_1661480072159875;5;curvature linearized operator of a hypersurface;hyperbolic plane (rej);0.719;0;sem match válido;Qwen3-1.7B-QLoRA
ID_1661480072159875;6;curvature linearized operator of the r-mean;r-mean curvature (rej);0.868;0;sem match válido;Qwen3-1.7B-QLoRA
ID_1661480072159875;7;curvature linearized operator, r-mean curvatures;r-mean curvature;0.878;3;match válido;Qwen3-1.7B-QLoRA
ID_1661480072159875;8;curvature linearized operator, r-mean curvatures in euclidean;r-mean curvature (rej);0.848;0;sem match válido;Qwen3-1.7B-QLoRA
ID_1661480072159875;9;curvature linearized operator, r-mean curvatures in euclidean spaces;r-mean curvature (rej);0.821;0;sem match válido;Qwen3-1.7B-QLoRA
ID_1661480072159875;10;;;;;;Qwen3-1.7B-QLoRA
ID_1661480072159875;11;;;;;;Qwen3-1.7B-QLoRA
ID_1661480072159875;12;;;;;;Qwen3-1.7B-QLoRA
ID_1661480072159875;13;;;;;;Qwen3-1.7B-QLoRA
ID_1661480072159875;14;;;;;;Qwen3-1.7B-QLoRA
ID_1661480072159875;15;;;;;;Qwen3-1.7B-QLoRA
ID_1661480072159875;16;;;;;;Qwen3-1.7B-QLoRA
ID_1661480072159875;17;;;;;;Qwen3-1.7B-QLoRA
ID_1661480072159875;18;;;;;;Qwen3-1.7B-QLoRA
ID_1661480072159875;19;;;;;;Qwen3-1.7B-QLoRA
ID_1661480072159875;20;;;;;;Qwen3-1.7B-QLoRA
ID_1686212165863890;1;brazilian grasses;pasture (rej);0.561;0;sem match válido;Qwen3-1.7B-QLoRA
ID_1686212165863890;2;brazilian grasses pastures;pasture (rej);0.660;0;sem match válido;Qwen3-1.7B-QLoRA
ID_1686212165863890;3;brachiaria brizantha;brachiaria decumbens (rej);0.726;0;sem match válido;Qwen3-1.7B-QLoRA
ID_1686212165863890;4;brachiaria brizantha cv;brachiaria decumbens (rej);0.756;0;sem match válido;Qwen3-1.7B-QLoRA
ID_1686212165863890;5;brachiaria brizantha cv marandu;brachiaria decumbens (rej);0.731;0;sem match válido;Qwen3-1.7B-QLoRA
ID_1686212165863890;6;brachiaria decumbens;brachiaria decumbens;1.000;2;match válido;Qwen3-1.7B-QLoRA
ID_1686212165863890;7;brachiaria decumbens pastures;brachiaria decumbens (rej);0.747;0;sem match válido;Qwen3-1.7B-QLoRA
ID_1686212165863890;8;capim marandu;recria de novilhos;0.891;3;match válido;Qwen3-1.7B-QLoRA
ID_1686212165863890;9;capim marandu grass;recria de novilhos (rej);0.731;0;sem match válido;Qwen3-1.7B-QLoRA
ID_1686212165863890;10;capim marandu grasses;recria de novilhos (rej);0.669;0;sem match válido;Qwen3-1.7B-QLoRA
ID_1686212165863890;11;capim marandu pastures;recria de bovinos;0.776;3;match válido;Qwen3-1.7B-QLoRA
ID_1686212165863890;12;capim marandu pasture;pasture;0.895;3;match válido;Qwen3-1.7B-QLoRA
ID_1686212165863890;13;capim marandu pasturelands;pasture (rej);0.846;0;sem match válido;Qwen3-1.7B-QLoRA
ID_1686212165863890;14;capim marandu silage;recria de novilhos (rej);0.776;0;sem match válido;Qwen3-1.7B-QLoRA
ID_1686212165863890;15;capim marandu silage and;corn silage (rej);0.588;0;sem match válido;Qwen3-1.7B-QLoRA
ID_1686212165863890;16;capim marandu silage and hay;corn silage (rej);0.656;0;sem match válido;Qwen3-1.7B-QLoRA
ID_1686212165863890;17;;;;;;Qwen3-1.7B-QLoRA
ID_1686212165863890;18;;;;;;Qwen3-1.7B-QLoRA
ID_1686212165863890;19;;;;;;Qwen3-1.7B-QLoRA
ID_1686212165863890;20;;;;;;Qwen3-1.7B-QLoRA
ID_1708237858198821;1;brazilian amazon;goiás and mato (rej);0.324;0;sem match válido;Qwen3-1.7B-QLoRA
ID_1708237858198821;2;biocontrol;biological control (rej);0.727;0;sem match válido;Qwen3-1.7B-QLoRA
ID_1708237858198821;3;controle biológico;biological control;0.986;3;match válido;Qwen3-1.7B-QLoRA
ID_1708237858198821;4;cultivo convencional;organic growth factors (rej);0.512;0;sem match válido;Qwen3-1.7B-QLoRA
ID_1708237858198821;5;cultivo de morangueiro;tomato (rej);0.588;0;sem match válido;Qwen3-1.7B-QLoRA
ID_1708237858198821;6;cultura microbiana;germinativa e infectiva (rej);0.650;0;sem match válido;Qwen3-1.7B-QLoRA
ID_1708237858198821;7;dendropanthe;isolados de dicyma (rej);0.508;0;sem match válido;Qwen3-1.7B-QLoRA
ID_1708237858198821;8;dendropanthe sp.;pulvinata em estromas (rej);0.538;0;sem match válido;Qwen3-1.7B-QLoRA
ID_1708237858198821;9;embrapa resources;resumos informativos (rej);0.399;0;sem match válido;Qwen3-1.7B-QLoRA
ID_1708237858198821;10;embrapa resources collection;resumos informativos (rej);0.411;0;sem match válido;Qwen3-1.7B-QLoRA
ID_1708237858198821;11;embrapa resources collection and conservation;reductions in population (rej);0.363;0;sem match válido;Qwen3-1.7B-QLoRA
ID_1708237858198821;12;embrapa resources collection and conservation program;reductions in population (rej);0.376;0;sem match válido;Qwen3-1.7B-QLoRA
ID_1708237858198821;13;;;;;;Qwen3-1.7B-QLoRA
ID_1708237858198821;14;;;;;;Qwen3-1.7B-QLoRA
ID_1708237858198821;15;;;;;;Qwen3-1.7B-QLoRA
ID_1708237858198821;16;;;;;;Qwen3-1.7B-QLoRA
ID_1708237858198821;17;;;;;;Qwen3-1.7B-QLoRA
ID_1708237858198821;18;;;;;;Qwen3-1.7B-QLoRA
ID_1708237858198821;19;;;;;;Qwen3-1.7B-QLoRA
ID_1708237858198821;20;;;;;;Qwen3-1.7B-QLoRA
ID_1717412318563908;1;antibacterial activity;anti-inflammatory activities (rej);0.543;0;sem match válido;Qwen3-1.7B-QLoRA
ID_1717412318563908;2;anti-inflammatory activity;anti-inflammatory activities;0.963;2;match válido;Qwen3-1.7B-QLoRA
ID_1717412318563908;3;biological activities;phytochemical study (rej);0.654;0;sem match válido;Qwen3-1.7B-QLoRA
ID_1717412318563908;4;catalytic performance;ultrafast dynamics (rej);0.448;0;sem match válido;Qwen3-1.7B-QLoRA
ID_1717412318563908;5;chelates with r;dsc curves (rej);0.454;0;sem match válido;Qwen3-1.7B-QLoRA
ID_1717412318563908;6;chelates with r=ch3;dsc curves (rej);0.441;0;sem match válido;Qwen3-1.7B-QLoRA
ID_1717412318563908;7;chemical synthesis;synthesis;0.880;2;match válido;Qwen3-1.7B-QLoRA
ID_1717412318563908;8;chemical synthesis and characterization;synthesis and characterization;0.865;3;match válido;Qwen3-1.7B-QLoRA
ID_1717412318563908;9;chiral;ocotea duckei (rej);0.416;0;sem match válido;Qwen3-1.7B-QLoRA
ID_1717412318563908;10;chiral compounds;mesoionic compounds (rej);0.585;0;sem match válido;Qwen3-1.7B-QLoRA
ID_1717412318563908;11;chiral compounds synthesis;utilização de compostos (rej);0.587;0;sem match válido;Qwen3-1.7B-QLoRA
ID_1717412318563908;12;chiral synthesis;synthesis (rej);0.612;0;sem match válido;Qwen3-1.7B-QLoRA
ID_1717412318563908;13;chiral synthesis of chiral;mesoionic compounds (rej);0.475;0;sem match válido;Qwen3-1.7B-QLoRA
ID_1717412318563908;14;;;;;;Qwen3-1.7B-QLoRA
ID_1717412318563908;15;;;;;;Qwen3-1.7B-QLoRA
ID_1717412318563908;16;;;;;;Qwen3-1.7B-QLoRA
ID_1717412318563908;17;;;;;;Qwen3-1.7B-QLoRA
ID_1717412318563908;18;;;;;;Qwen3-1.7B-QLoRA
ID_1717412318563908;19;;;;;;Qwen3-1.7B-QLoRA
ID_1717412318563908;20;;;;;;Qwen3-1.7B-QLoRA
ID_1741102469161036;1;cell migration;migration (rej);0.669;0;sem match válido;Qwen3-1.7B-QLoRA
ID_1741102469161036;2;cell migration and metastasis;teratocarcinoma (rej);0.559;0;sem match válido;Qwen3-1.7B-QLoRA
ID_1741102469161036;3;chondrocyte differentiation;membrane cholesterol depletion (rej);0.537;0;sem match válido;Qwen3-1.7B-QLoRA
ID_1741102469161036;4;chondrocyte differentiation and proliferation;membrane cholesterol depletion (rej);0.497;0;sem match válido;Qwen3-1.7B-QLoRA
ID_1741102469161036;5;cell adhesion;weak adhesive property (rej);0.641;0;sem match válido;Qwen3-1.7B-QLoRA
ID_1741102469161036;6;cell aggregation;modulates cell–ecm interactions (rej);0.564;0;sem match válido;Qwen3-1.7B-QLoRA
ID_1741102469161036;7;cell adhesion properties;weak adhesive property (rej);0.706;0;sem match válido;Qwen3-1.7B-QLoRA
ID_1741102469161036;8;cell proliferation;embryonal carcinoma p19 (rej);0.530;0;sem match válido;Qwen3-1.7B-QLoRA
ID_1741102469161036;9;cellular proliferation;modulates cell–ecm interactions (rej);0.549;0;sem match válido;Qwen3-1.7B-QLoRA
ID_1741102469161036;10;cellular proliferation and differentiation;modulates cell–ecm interactions (rej);0.544;0;sem match válido;Qwen3-1.7B-QLoRA
ID_1741102469161036;11;chondrocyte;plasma membrane cholesterol (rej);0.551;0;sem match válido;Qwen3-1.7B-QLoRA
ID_1741102469161036;12;connective tissue growth factor;fibroblast growth factor (rej);0.683;0;sem match válido;Qwen3-1.7B-QLoRA
ID_1741102469161036;13;cytotoxicity;teratocarcinoma (rej);0.551;0;sem match válido;Qwen3-1.7B-QLoRA
ID_1741102469161036;14;cytotoxicity of ctgf;ccn2/ctgf (rej);0.671;0;sem match válido;Qwen3-1.7B-QLoRA
ID_1741102469161036;15;ctgf;ccn2/ctgf;0.854;3;match válido;Qwen3-1.7B-QLoRA
ID_1741102469161036;16;ctgf-mediated cell aggregation;ccn2/ctgf (rej);0.566;0;sem match válido;Qwen3-1.7B-QLoRA
ID_1741102469161036;17;ctgf-mediated cell aggregation in pluripotent;modulates cell–ecm interactions (rej);0.484;0;sem match válido;Qwen3-1.7B-QLoRA
ID_1741102469161036;18;;;;;;Qwen3-1.7B-QLoRA
ID_1741102469161036;19;;;;;;Qwen3-1.7B-QLoRA
ID_1741102469161036;20;;;;;;Qwen3-1.7B-QLoRA
ID_1827829018668226;1;architecture;design (rej);0.625;0;sem match válido;Qwen3-1.7B-QLoRA
ID_1827829018668226;2;architecture description language;software architecture (rej);0.633;0;sem match válido;Qwen3-1.7B-QLoRA
ID_1827829018668226;3;architecture description languages;software architecture (rej);0.646;0;sem match válido;Qwen3-1.7B-QLoRA
ID_1827829018668226;4;architecture stability;stability assessment (rej);0.737;0;sem match válido;Qwen3-1.7B-QLoRA
ID_1827829018668226;5;architecture stability assessment;stability assessment;0.804;3;match válido;Qwen3-1.7B-QLoRA
ID_1827829018668226;6;aspect;heterogeneous aspects (rej);0.622;0;sem match válido;Qwen3-1.7B-QLoRA
ID_1827829018668226;7;aspect-oriented architecture;aspect-oriented software (rej);0.801;0;sem match válido;Qwen3-1.7B-QLoRA
ID_1827829018668226;8;aspect-oriented architecture description;aspect-oriented software (rej);0.742;0;sem match válido;Qwen3-1.7B-QLoRA
ID_1827829018668226;9;aspect-oriented architecture description languages;aspect-oriented software (rej);0.731;0;sem match válido;Qwen3-1.7B-QLoRA
ID_1827829018668226;10;aspect-oriented composition;aspect-oriented software (rej);0.722;0;sem match válido;Qwen3-1.7B-QLoRA
ID_1827829018668226;11;aspect-oriented software development;aspect-oriented software;0.912;3;match válido;Qwen3-1.7B-QLoRA
ID_1827829018668226;12;aspectual connectors;aspect-oriented software (rej);0.601;0;sem match válido;Qwen3-1.7B-QLoRA
ID_1827829018668226;13;crosscutting concerns;crosscutting concerns;1.000;3;match válido;Qwen3-1.7B-QLoRA
ID_1827829018668226;14;design models;design;0.817;3;match válido;Qwen3-1.7B-QLoRA
ID_1827829018668226;15;dynamic reconfiguration;model composition (rej);0.386;0;sem match válido;Qwen3-1.7B-QLoRA
ID_1827829018668226;16;engineering multi-agent systems;engineering multi-agent systems;1.000;2;match válido;Qwen3-1.7B-QLoRA
ID_1827829018668226;17;model composition;model composition;1.000;2;match válido;Qwen3-1.7B-QLoRA
ID_1827829018668226;18;model composition techniques;model composition effort;0.929;2;match válido;Qwen3-1.7B-QLoRA
ID_1827829018668226;19;model composition techniques and heuristic-based;model composition (rej);0.753;0;sem match válido;Qwen3-1.7B-QLoRA
ID_1827829018668226;20;multi-agent systems;multi-agent systems;1.000;2;match válido;Qwen3-1.7B-QLoRA
ID_1836274062343953;1;computational fluid dynamics;unsteady turbulent reactive (rej);0.617;0;sem match válido;Qwen3-1.7B-QLoRA
ID_1836274062343953;2;computational fluid dynamics simulation;turbulent reactive flows (rej);0.590;0;sem match válido;Qwen3-1.7B-QLoRA
ID_1836274062343953;3;computational fluid dynamics techniques;unsteady turbulent reactive (rej);0.575;0;sem match válido;Qwen3-1.7B-QLoRA
ID_1836274062343953;4;finite volume method;finite volume method;1.000;3;match válido;Qwen3-1.7B-QLoRA
ID_1836274062343953;5;finite volume methods;finite volume technique;0.888;3;match válido;Qwen3-1.7B-QLoRA
ID_1836274062343953;6;large eddy simulation;combustion modelling (rej);0.465;0;sem match válido;Qwen3-1.7B-QLoRA
ID_1836274062343953;7;large eddy simulations;combustion modelling (rej);0.472;0;sem match válido;Qwen3-1.7B-QLoRA
ID_1836274062343953;8;numerical simulation;combustion modelling (rej);0.556;0;sem match válido;Qwen3-1.7B-QLoRA
ID_1836274062343953;9;premixed combustion;premixed flame propagating;0.844;3;match válido;Qwen3-1.7B-QLoRA
ID_1836274062343953;10;reacting flow;turbulent reactive flows (rej);0.753;0;sem match válido;Qwen3-1.7B-QLoRA
ID_1836274062343953;11;reactive flows;turbulent reactive flows;0.884;3;match válido;Qwen3-1.7B-QLoRA
ID_1836274062343953;12;reactive flows simulation;turbulent reactive flows (rej);0.839;0;sem match válido;Qwen3-1.7B-QLoRA
ID_1836274062343953;13;reactive flows with heat;flows with heat;0.865;1;match válido;Qwen3-1.7B-QLoRA
ID_1836274062343953;14;reactive flows with heat release;flows with heat (rej);0.823;0;sem match válido;Qwen3-1.7B-QLoRA
ID_1836274062343953;15;;;;;;Qwen3-1.7B-QLoRA
ID_1836274062343953;16;;;;;;Qwen3-1.7B-QLoRA
ID_1836274062343953;17;;;;;;Qwen3-1.7B-QLoRA
ID_1836274062343953;18;;;;;;Qwen3-1.7B-QLoRA
ID_1836274062343953;19;;;;;;Qwen3-1.7B-QLoRA
ID_1836274062343953;20;;;;;;Qwen3-1.7B-QLoRA
ID_1885766127325722;1;azospirillum amazonense;azospirillum amazonense;1.000;1;match válido;Qwen3-1.7B-QLoRA
ID_1885766127325722;2;biological nitrogen fixation;inoculated with nitrogen-fixing;0.848;1;match válido;Qwen3-1.7B-QLoRA
ID_1885766127325722;3;brazilian inoculation;showed that inoculation (rej);0.650;0;sem match válido;Qwen3-1.7B-QLoRA
ID_1885766127325722;4;brazilian sugarcane;sugarcane;0.920;1;match válido;Qwen3-1.7B-QLoRA
ID_1885766127325722;5;brazilian sugarcane plants;sugar cane;0.769;2;match válido;Qwen3-1.7B-QLoRA
ID_1885766127325722;6;brazilian sugarcane plantlets;sugarcane plantlets;0.932;2;match válido;Qwen3-1.7B-QLoRA
ID_1885766127325722;7;brazilian sugarcane plants grown;sugarcane plantlets (rej);0.875;0;sem match válido;Qwen3-1.7B-QLoRA
ID_1885766127325722;8;brazilian sugarcane plants grown under;sugarcane plantlets (rej);0.860;0;sem match válido;Qwen3-1.7B-QLoRA
ID_1885766127325722;9;brazilian sugarcane plants grown under greenhouse;sugarcane plantlets (rej);0.837;0;sem match válido;Qwen3-1.7B-QLoRA
ID_1885766127325722;10;brazilian sugarcane plants grown under greenhouse conditions;sugarcane plantlets (rej);0.828;0;sem match válido;Qwen3-1.7B-QLoRA
ID_1885766127325722;11;;;;;;Qwen3-1.7B-QLoRA
ID_1885766127325722;12;;;;;;Qwen3-1.7B-QLoRA
ID_1885766127325722;13;;;;;;Qwen3-1.7B-QLoRA
ID_1885766127325722;14;;;;;;Qwen3-1.7B-QLoRA
ID_1885766127325722;15;;;;;;Qwen3-1.7B-QLoRA
ID_1885766127325722;16;;;;;;Qwen3-1.7B-QLoRA
ID_1885766127325722;17;;;;;;Qwen3-1.7B-QLoRA
ID_1885766127325722;18;;;;;;Qwen3-1.7B-QLoRA
ID_1885766127325722;19;;;;;;Qwen3-1.7B-QLoRA
ID_1885766127325722;20;;;;;;Qwen3-1.7B-QLoRA
ID_1966638146185479;1;carbon nanotubes;carbon nanotubes;1.000;3;match válido;Qwen3-1.7B-QLoRA
ID_1966638146185479;2;carbon nanotubes in amide;single-walled carbon nanotubes;0.844;3;match válido;Qwen3-1.7B-QLoRA
ID_1966638146185479;3;carbon nanotubes in amide solvents;carbon nanotubes (rej);0.852;0;sem match válido;Qwen3-1.7B-QLoRA
ID_1966638146185479;4;carbon nanotubes in aqueous;single-wall carbon nanotubes;0.822;3;match válido;Qwen3-1.7B-QLoRA
ID_1966638146185479;5;carbon nanotubes in aqueous solutions;carbon nanotubes (rej);0.878;0;sem match válido;Qwen3-1.7B-QLoRA
ID_1966638146185479;6;carbon nanotubes with differently;dna-wrapped carbon nanotube;0.899;2;match válido;Qwen3-1.7B-QLoRA
ID_1966638146185479;7;electronic properties;surface properties (rej);0.584;0;sem match válido;Qwen3-1.7B-QLoRA
ID_1966638146185479;8;enhanced solubilization;surface chemical modification (rej);0.555;0;sem match válido;Qwen3-1.7B-QLoRA
ID_1966638146185479;9;enhanced solubilization of carbon;carbon nanotubes (rej);0.506;0;sem match válido;Qwen3-1.7B-QLoRA
ID_1966638146185479;10;electron phonon interaction;condensed matter: electrical, magnetic and optical  (rej);0.466;0;sem match válido;Qwen3-1.7B-QLoRA
ID_1966638146185479;11;electron phonon interactions;condensed matter: electrical, magnetic and optical  (rej);0.474;0;sem match válido;Qwen3-1.7B-QLoRA
ID_1966638146185479;12;electron-phonon interactions;condensed matter: electrical, magnetic and optical  (rej);0.475;0;sem match válido;Qwen3-1.7B-QLoRA
ID_1966638146185479;13;electronic interactions;resonant raman (rej);0.447;0;sem match válido;Qwen3-1.7B-QLoRA
ID_1966638146185479;14;ferric oxide;resonant raman (rej);0.534;0;sem match válido;Qwen3-1.7B-QLoRA
ID_1966638146185479;15;ferric oxide nanoparticles;carbon nanotubes (rej);0.574;0;sem match válido;Qwen3-1.7B-QLoRA
ID_1966638146185479;16;ferric oxide nanoplatelets;thermoplastic polyurethane nanocomposites (rej);0.568;0;sem match válido;Qwen3-1.7B-QLoRA
ID_1966638146185479;17;ferric oxide nanoscale;carbon nanotubes (rej);0.663;0;sem match válido;Qwen3-1.7B-QLoRA
ID_1966638146185479;18;ferric oxide nanoscale particles;carbon nanotubes (rej);0.607;0;sem match válido;Qwen3-1.7B-QLoRA
ID_1966638146185479;19;ferric oxide particles;condensed matter: electrical, magnetic and optical  (rej);0.508;0;sem match válido;Qwen3-1.7B-QLoRA
ID_1966638146185479;20;;;;;;Qwen3-1.7B-QLoRA
ID_1994317879078816;1;bacia do parana;bacia;0.893;1;match válido;Qwen3-1.7B-QLoRA
ID_1994317879078816;2;brazil;paraná basin (rej);0.534;0;sem match válido;Qwen3-1.7B-QLoRA
ID_1994317879078816;3;brazilian caves;subterrânea da gruta (rej);0.720;0;sem match válido;Qwen3-1.7B-QLoRA
ID_1994317879078816;4;caves;subterrânea da gruta (rej);0.858;0;sem match válido;Qwen3-1.7B-QLoRA
ID_1994317879078816;5;cave;subterrânea da gruta (rej);0.883;0;sem match válido;Qwen3-1.7B-QLoRA
ID_1994317879078816;6;cave environment;subterrânea da gruta (rej);0.830;0;sem match válido;Qwen3-1.7B-QLoRA
ID_1994317879078816;7;cave environments;subterrânea da gruta (rej);0.828;0;sem match válido;Qwen3-1.7B-QLoRA
ID_1994317879078816;8;cave of santana;subterrânea da gruta (rej);0.777;0;sem match válido;Qwen3-1.7B-QLoRA
ID_1994317879078816;9;caverna do morro;subterrânea da gruta;0.900;1;match válido;Qwen3-1.7B-QLoRA
ID_1994317879078816;10;caverna morro preto;subterrânea da gruta (rej);0.741;0;sem match válido;Qwen3-1.7B-QLoRA
ID_1994317879078816;11;climate dynamics;zoneamento ambiental microclimático (rej);0.530;0;sem match válido;Qwen3-1.7B-QLoRA
ID_1994317879078816;12;climate dynamics in caves;subterrânea da gruta (rej);0.670;0;sem match válido;Qwen3-1.7B-QLoRA
ID_1994317879078816;13;climate dynamics in santo;zoneamento ambiental microclimático (rej);0.492;0;sem match válido;Qwen3-1.7B-QLoRA
ID_1994317879078816;14;caverna de santana;subterrânea da gruta (rej);0.846;0;sem match válido;Qwen3-1.7B-QLoRA
ID_1994317879078816;15;cavernas de santana;subterrânea da gruta (rej);0.888;0;sem match válido;Qwen3-1.7B-QLoRA
ID_1994317879078816;16;climate;zoneamento ambiental microclimático (rej);0.585;0;sem match válido;Qwen3-1.7B-QLoRA
ID_1994317879078816;17;cognition;parana (rej);0.517;0;sem match válido;Qwen3-1.7B-QLoRA
ID_1994317879078816;18;environmental management;zoneamento ambiental microclimático (rej);0.575;0;sem match válido;Qwen3-1.7B-QLoRA
ID_1994317879078816;19;geotourism;state and touristic (rej);0.608;0;sem match válido;Qwen3-1.7B-QLoRA
ID_1994317879078816;20;geology;subterrânea da gruta (rej);0.599;0;sem match válido;Qwen3-1.7B-QLoRA
ID_2002515486942024;1;computational complexity;computational complexity;1.000;3;match válido;Qwen3-1.7B-QLoRA
ID_2002515486942024;2;computational complexity theory;complexity aspects;0.880;2;match válido;Qwen3-1.7B-QLoRA
ID_2002515486942024;3;computability;computational complexity (rej);0.678;0;sem match válido;Qwen3-1.7B-QLoRA
ID_2002515486942024;4;computability and complexity;computational complexity (rej);0.907;0;sem match válido;Qwen3-1.7B-QLoRA
ID_2002515486942024;5;computability theory;computational complexity (rej);0.678;0;sem match válido;Qwen3-1.7B-QLoRA
ID_2002515486942024;6;;;;;;Qwen3-1.7B-QLoRA
ID_2002515486942024;7;;;;;;Qwen3-1.7B-QLoRA
ID_2002515486942024;8;;;;;;Qwen3-1.7B-QLoRA
ID_2002515486942024;9;;;;;;Qwen3-1.7B-QLoRA
ID_2002515486942024;10;;;;;;Qwen3-1.7B-QLoRA
ID_2002515486942024;11;;;;;;Qwen3-1.7B-QLoRA
ID_2002515486942024;12;;;;;;Qwen3-1.7B-QLoRA
ID_2002515486942024;13;;;;;;Qwen3-1.7B-QLoRA
ID_2002515486942024;14;;;;;;Qwen3-1.7B-QLoRA
ID_2002515486942024;15;;;;;;Qwen3-1.7B-QLoRA
ID_2002515486942024;16;;;;;;Qwen3-1.7B-QLoRA
ID_2002515486942024;17;;;;;;Qwen3-1.7B-QLoRA
ID_2002515486942024;18;;;;;;Qwen3-1.7B-QLoRA
ID_2002515486942024;19;;;;;;Qwen3-1.7B-QLoRA
ID_2002515486942024;20;;;;;;Qwen3-1.7B-QLoRA
ID_2044247985726091;1;blood cell;somatic cell (rej);0.576;0;sem match válido;Qwen3-1.7B-QLoRA
ID_2044247985726091;2;blood cell profiles;somatic cell (rej);0.472;0;sem match válido;Qwen3-1.7B-QLoRA
ID_2044247985726091;3;blood cell profiles in cows;vacas leiteiras (rej);0.645;0;sem match válido;Qwen3-1.7B-QLoRA
ID_2044247985726091;4;blood cell profiles in cows: milk production;vacas leiteiras (rej);0.656;0;sem match válido;Qwen3-1.7B-QLoRA
ID_2044247985726091;5;;;;;;Qwen3-1.7B-QLoRA
ID_2044247985726091;6;;;;;;Qwen3-1.7B-QLoRA
ID_2044247985726091;7;;;;;;Qwen3-1.7B-QLoRA
ID_2044247985726091;8;;;;;;Qwen3-1.7B-QLoRA
ID_2044247985726091;9;;;;;;Qwen3-1.7B-QLoRA
ID_2044247985726091;10;;;;;;Qwen3-1.7B-QLoRA
ID_2044247985726091;11;;;;;;Qwen3-1.7B-QLoRA
ID_2044247985726091;12;;;;;;Qwen3-1.7B-QLoRA
ID_2044247985726091;13;;;;;;Qwen3-1.7B-QLoRA
ID_2044247985726091;14;;;;;;Qwen3-1.7B-QLoRA
ID_2044247985726091;15;;;;;;Qwen3-1.7B-QLoRA
ID_2044247985726091;16;;;;;;Qwen3-1.7B-QLoRA
ID_2044247985726091;17;;;;;;Qwen3-1.7B-QLoRA
ID_2044247985726091;18;;;;;;Qwen3-1.7B-QLoRA
ID_2044247985726091;19;;;;;;Qwen3-1.7B-QLoRA
ID_2044247985726091;20;;;;;;Qwen3-1.7B-QLoRA
ID_2086707959173246;1;consanguinity;endogamy (rej);0.593;0;sem match válido;Qwen3-1.7B-QLoRA
ID_2086707959173246;2;endogamy;endogamy;1.000;3;match válido;Qwen3-1.7B-QLoRA
ID_2086707959173246;3;genealogical studies;recessive genes (rej);0.537;0;sem match válido;Qwen3-1.7B-QLoRA
ID_2086707959173246;4;genetic drift;recessive genes (rej);0.675;0;sem match válido;Qwen3-1.7B-QLoRA
ID_2086707959173246;5;genetic diversity;recessive genes (rej);0.638;0;sem match válido;Qwen3-1.7B-QLoRA
ID_2086707959173246;6;genetic disorders;recessive genes (rej);0.728;0;sem match válido;Qwen3-1.7B-QLoRA
ID_2086707959173246;7;genetic factors;recessive genes (rej);0.712;0;sem match válido;Qwen3-1.7B-QLoRA
ID_2086707959173246;8;genetic linkage;recessive genes (rej);0.718;0;sem match válido;Qwen3-1.7B-QLoRA
ID_2086707959173246;9;genetic polymorphism;recessive genes (rej);0.694;0;sem match válido;Qwen3-1.7B-QLoRA
ID_2086707959173246;10;inbreeding;spoan gene (rej);0.568;0;sem match válido;Qwen3-1.7B-QLoRA
ID_2086707959173246;11;inbreeding levels;prevalence and etiology (rej);0.552;0;sem match válido;Qwen3-1.7B-QLoRA
ID_2086707959173246;12;inherited neuromuscular disorders;recessive neurodegenerative disorder;0.801;2;match válido;Qwen3-1.7B-QLoRA
ID_2086707959173246;13;inherited neuromuscular disorders due;autosomal recessive neurodegenerative;0.774;2;match válido;Qwen3-1.7B-QLoRA
ID_2086707959173246;14;inherited neuromuscular disorders due to endogamy;recessive neurodegenerative disorder (rej);0.741;0;sem match válido;Qwen3-1.7B-QLoRA
ID_2086707959173246;15;inherited neuromuscular disorders in communities;recessive neurodegenerative disorder (rej);0.741;0;sem match válido;Qwen3-1.7B-QLoRA
ID_2086707959173246;16;inherited neuromuscular disorders in populations;recessive neurodegenerative disorder (rej);0.769;0;sem match válido;Qwen3-1.7B-QLoRA
ID_2086707959173246;17;inherited neuromuscular disorders in populations and geographic;recessive neurodegenerative disorder (rej);0.713;0;sem match válido;Qwen3-1.7B-QLoRA
ID_2086707959173246;18;inherited neuromuscular disorders in regions;recessive neurodegenerative disorder (rej);0.779;0;sem match válido;Qwen3-1.7B-QLoRA
ID_2086707959173246;19;inherited neuromuscular disorders in the northeast;recessive neurodegenerative disorder (rej);0.753;0;sem match válido;Qwen3-1.7B-QLoRA
ID_2086707959173246;20;inherited neuromuscular disorders in the state;recessive neurodegenerative disorder (rej);0.800;0;sem match válido;Qwen3-1.7B-QLoRA
ID_2129963760543898;1;brazilian flora;família orchidaceae (rej);0.638;0;sem match válido;Qwen3-1.7B-QLoRA
ID_2129963760543898;2;brazilian flora classification;família orchidaceae (rej);0.644;0;sem match válido;Qwen3-1.7B-QLoRA
ID_2129963760543898;3;classification of orchidaceae;família orchidaceae (rej);0.933;0;sem match válido;Qwen3-1.7B-QLoRA
ID_2129963760543898;4;conservation;conservation genetics (rej);0.703;0;sem match válido;Qwen3-1.7B-QLoRA
ID_2129963760543898;5;conservation genetics;conservation genetics;1.000;3;match válido;Qwen3-1.7B-QLoRA
ID_2129963760543898;6;genetic diversity;genetic diversity;1.000;3;match válido;Qwen3-1.7B-QLoRA
ID_2129963760543898;7;genetic diversity and population;genetic variability;0.840;3;match válido;Qwen3-1.7B-QLoRA
ID_2129963760543898;8;genetic diversity and structure;genetic variation;0.901;3;match válido;Qwen3-1.7B-QLoRA
ID_2129963760543898;9;molecular phylogeny;molecular phylogeny;1.000;3;match válido;Qwen3-1.7B-QLoRA
ID_2129963760543898;10;molecular phylogeny of orchidaceae;família orchidaceae (rej);0.954;0;sem match válido;Qwen3-1.7B-QLoRA
ID_2129963760543898;11;molecular phylogeny of sapotaceae;família orchidaceae (rej);0.641;0;sem match válido;Qwen3-1.7B-QLoRA
ID_2129963760543898;12;molecular systematics;molecular phylogeny (rej);0.752;0;sem match válido;Qwen3-1.7B-QLoRA
ID_2129963760543898;13;molecular systematics of orchidaceae;família orchidaceae (rej);0.928;0;sem match válido;Qwen3-1.7B-QLoRA
ID_2129963760543898;14;morphology;morphology;1.000;1;match válido;Qwen3-1.7B-QLoRA
ID_2129963760543898;15;neotropical orchidaceae;família orchidaceae (rej);0.892;0;sem match válido;Qwen3-1.7B-QLoRA
ID_2129963760543898;16;orchidaceae;família orchidaceae (rej);0.956;0;sem match válido;Qwen3-1.7B-QLoRA
ID_2129963760543898;17;orchidaceae: orchidaceae;família orchidaceae (rej);0.958;0;sem match válido;Qwen3-1.7B-QLoRA
ID_2129963760543898;18;orchidaceae: orchidaceae family;família orchidaceae;0.988;3;match válido;Qwen3-1.7B-QLoRA
ID_2129963760543898;19;;;;;;Qwen3-1.7B-QLoRA
ID_2129963760543898;20;;;;;;Qwen3-1.7B-QLoRA
ID_2220699289355930;1;amazonian;amazon basin;0.921;2;match válido;Qwen3-1.7B-QLoRA
ID_2220699289355930;2;amazonian soils;tropical soil (rej);0.725;0;sem match válido;Qwen3-1.7B-QLoRA
ID_2220699289355930;3;amazonia;amazon basin (rej);0.896;0;sem match válido;Qwen3-1.7B-QLoRA
ID_2220699289355930;4;amazonia oriental;amazon basin (rej);0.775;0;sem match válido;Qwen3-1.7B-QLoRA
ID_2220699289355930;5;amazonian oxisols;amazon basin (rej);0.759;0;sem match válido;Qwen3-1.7B-QLoRA
ID_2220699289355930;6;carbon stock;soil carbon stock;0.792;2;match válido;Qwen3-1.7B-QLoRA
ID_2220699289355930;7;deforestation;forest conversion (rej);0.720;0;sem match válido;Qwen3-1.7B-QLoRA
ID_2220699289355930;8;deforestation and forest;forest conversion (rej);0.763;0;sem match válido;Qwen3-1.7B-QLoRA
ID_2220699289355930;9;deforestation and forest conversion;forest conversion (rej);0.861;0;sem match válido;Qwen3-1.7B-QLoRA
ID_2220699289355930;10;deforestation and pasture;forest conversion (rej);0.702;0;sem match válido;Qwen3-1.7B-QLoRA
ID_2220699289355930;11;forest;forest conversion (rej);0.802;0;sem match válido;Qwen3-1.7B-QLoRA
ID_2220699289355930;12;forest conversion;forest conversion;1.000;2;match válido;Qwen3-1.7B-QLoRA
ID_2220699289355930;13;forest management;forest conversion (rej);0.784;0;sem match válido;Qwen3-1.7B-QLoRA
ID_2220699289355930;14;forest systems;forest conversion (rej);0.769;0;sem match válido;Qwen3-1.7B-QLoRA
ID_2220699289355930;15;forest type;forest conversion (rej);0.786;0;sem match válido;Qwen3-1.7B-QLoRA
ID_2220699289355930;16;forest type distribution;forest conversion (rej);0.706;0;sem match válido;Qwen3-1.7B-QLoRA
ID_2220699289355930;17;forest types;forest conversion (rej);0.775;0;sem match válido;Qwen3-1.7B-QLoRA
ID_2220699289355930;18;forest types in brazil;forest conversion (rej);0.646;0;sem match válido;Qwen3-1.7B-QLoRA
ID_2220699289355930;19;forest types in brazilian;forest conversion (rej);0.636;0;sem match válido;Qwen3-1.7B-QLoRA
ID_2220699289355930;20;forest types in brazilian amazon;amazon basin (rej);0.619;0;sem match válido;Qwen3-1.7B-QLoRA
ID_2324159515825927;1;fusion;fusion and breakup;0.829;3;match válido;Qwen3-1.7B-QLoRA
ID_2324159515825927;2;fusion cross sections;fusion cross section;0.986;3;match válido;Qwen3-1.7B-QLoRA
ID_2324159515825927;3;fusion reactions;fusion processes (rej);0.922;0;sem match válido;Qwen3-1.7B-QLoRA
ID_2324159515825927;4;fusion processes;fusion processes;1.000;3;match válido;Qwen3-1.7B-QLoRA
ID_2324159515825927;5;heavy-ion optical potential;heavy-ion collisions (rej);0.569;0;sem match válido;Qwen3-1.7B-QLoRA
ID_2324159515825927;6;isotopic mass;ternary fission (rej);0.446;0;sem match válido;Qwen3-1.7B-QLoRA
ID_2324159515825927;7;laser spectroscopy;nuclear physics  (rej);0.392;0;sem match válido;Qwen3-1.7B-QLoRA
ID_2324159515825927;8;laser spectroscopy of isotopes;nuclear physics  (rej);0.537;0;sem match válido;Qwen3-1.7B-QLoRA
ID_2324159515825927;9;nuclear fusion;fusion processes (rej);0.830;0;sem match válido;Qwen3-1.7B-QLoRA
ID_2324159515825927;10;nuclear physics;nuclear physics ;1.000;3;match válido;Qwen3-1.7B-QLoRA
ID_2324159515825927;11;nuclear physics cross sections;nuclear multifragmentation;0.790;3;match válido;Qwen3-1.7B-QLoRA
ID_2324159515825927;12;nuclear reactions;nuclear reactions;1.000;3;match válido;Qwen3-1.7B-QLoRA
ID_2324159515825927;13;nuclear physics cross section;nuclear physics  (rej);0.902;0;sem match válido;Qwen3-1.7B-QLoRA
ID_2324159515825927;14;nuclear physics data;nuclear physics  (rej);0.917;0;sem match válido;Qwen3-1.7B-QLoRA
ID_2324159515825927;15;nuclear physics data sets;nuclear physics  (rej);0.836;0;sem match válido;Qwen3-1.7B-QLoRA
ID_2324159515825927;16;nuclear physics measurements;nuclear physics  (rej);0.926;0;sem match válido;Qwen3-1.7B-QLoRA
ID_2324159515825927;17;nuclear physics measurements and data;nuclear physics  (rej);0.898;0;sem match válido;Qwen3-1.7B-QLoRA
ID_2324159515825927;18;nuclear physics measurements and data sets;nuclear physics  (rej);0.869;0;sem match válido;Qwen3-1.7B-QLoRA
ID_2324159515825927;19;;;;;;Qwen3-1.7B-QLoRA
ID_2324159515825927;20;;;;;;Qwen3-1.7B-QLoRA
ID_2364016372924935;1;azadirachtin;effect of azadirachtin;0.754;3;match válido;Qwen3-1.7B-QLoRA
ID_2364016372924935;2;chagas disease;trypanosoma rangeli infected (rej);0.400;0;sem match válido;Qwen3-1.7B-QLoRA
ID_2364016372924935;3;dysdercus peruvianus;hemipteran rhodnius (rej);0.580;0;sem match válido;Qwen3-1.7B-QLoRA
ID_2364016372924935;4;fat body;fat body;1.000;3;match válido;Qwen3-1.7B-QLoRA
ID_2364016372924935;5;fat body homogenates;fat body (rej);0.818;0;sem match válido;Qwen3-1.7B-QLoRA
ID_2364016372924935;6;hemolymph;hemipteran rhodnius (rej);0.803;0;sem match válido;Qwen3-1.7B-QLoRA
ID_2364016372924935;7;hemolymph of rhodnius;hemipteran rhodnius;0.955;3;match válido;Qwen3-1.7B-QLoRA
ID_2364016372924935;8;immunity;prodigiosin (rej);0.314;0;sem match válido;Qwen3-1.7B-QLoRA
ID_2364016372924935;9;insect;haemolymph of insects;0.833;3;match válido;Qwen3-1.7B-QLoRA
ID_2364016372924935;10;insecticidal activity;haemolymph of insects (rej);0.653;0;sem match válido;Qwen3-1.7B-QLoRA
ID_2364016372924935;11;insecticidal nanoemulsion;haemolymph of insects (rej);0.519;0;sem match válido;Qwen3-1.7B-QLoRA
ID_2364016372924935;12;lutzomyia longipalpis;rhodnius prolixus (rej);0.612;0;sem match válido;Qwen3-1.7B-QLoRA
ID_2364016372924935;13;metalloproteases in trypanosoma;trypanosoma rangeli;0.794;3;match válido;Qwen3-1.7B-QLoRA
ID_2364016372924935;14;optical tweezers;trehalose (rej);0.431;0;sem match válido;Qwen3-1.7B-QLoRA
ID_2364016372924935;15;parasite;decapitated insects (rej);0.566;0;sem match válido;Qwen3-1.7B-QLoRA
ID_2364016372924935;16;parasite-vector interactions;haemolymph of insects (rej);0.515;0;sem match válido;Qwen3-1.7B-QLoRA
ID_2364016372924935;17;prophenoloxidase system;prophenoloxidase;0.938;3;match válido;Qwen3-1.7B-QLoRA
ID_2364016372924935;18;rhodnius prolixus;rhodnius prolixus;1.000;3;match válido;Qwen3-1.7B-QLoRA
ID_2364016372924935;19;rhodnius prolixus larvae;larvae of rhodnius;0.897;3;match válido;Qwen3-1.7B-QLoRA
ID_2364016372924935;20;rhodnius prolixus larvae: evidence;larvae of rhodnius (rej);0.869;0;sem match válido;Qwen3-1.7B-QLoRA
ID_2426330204919814;1;electromechanical impedance;electromechanical impedance;1.000;3;match válido;Qwen3-1.7B-QLoRA
ID_2426330204919814;2;impedance;impedance;1.000;2;match válido;Qwen3-1.7B-QLoRA
ID_2426330204919814;3;impedance-based structural health;impedance-based structural health;1.000;1;match válido;Qwen3-1.7B-QLoRA
ID_2426330204919814;4;impedance-based structural health monitoring;impedance-based structural health (rej);0.855;0;sem match válido;Qwen3-1.7B-QLoRA
ID_2426330204919814;5;impedance measurement system;impedance measurement system;1.000;2;match válido;Qwen3-1.7B-QLoRA
ID_2426330204919814;6;impedance measurement systems;impedance analyzers;0.939;3;match válido;Qwen3-1.7B-QLoRA
ID_2426330204919814;7;impedance measurement systems for structural health;impedance analyzer;0.766;2;match válido;Qwen3-1.7B-QLoRA
ID_2426330204919814;8;structural health monitoring;structural health monitoring;1.000;3;match válido;Qwen3-1.7B-QLoRA
ID_2426330204919814;9;structural health monitoring systems;structural health monitoring (shm);0.888;3;match válido;Qwen3-1.7B-QLoRA
ID_2426330204919814;10;transducers for impedance-based;electrical impedance;0.758;3;match válido;Qwen3-1.7B-QLoRA
ID_2426330204919814;11;electromechanical impedance method;electromechanical impedance technique;0.993;3;match válido;Qwen3-1.7B-QLoRA
ID_2426330204919814;12;electromechanical impedance signal;electromechanical impedance-based techniques;0.901;3;match válido;Qwen3-1.7B-QLoRA
ID_2426330204919814;13;electromechanical impedance signal analysis;electric impedance measurement;0.887;3;match válido;Qwen3-1.7B-QLoRA
ID_2426330204919814;14;;;;;;Qwen3-1.7B-QLoRA
ID_2426330204919814;15;;;;;;Qwen3-1.7B-QLoRA
ID_2426330204919814;16;;;;;;Qwen3-1.7B-QLoRA
ID_2426330204919814;17;;;;;;Qwen3-1.7B-QLoRA
ID_2426330204919814;18;;;;;;Qwen3-1.7B-QLoRA
ID_2426330204919814;19;;;;;;Qwen3-1.7B-QLoRA
ID_2426330204919814;20;;;;;;Qwen3-1.7B-QLoRA
ID_2538824540800669;1;bipartite quantum correlation;quantum correlations;0.883;3;match válido;Qwen3-1.7B-QLoRA
ID_2538824540800669;2;classical and quantum;quantum information and quantum mechanics ;0.755;3;match válido;Qwen3-1.7B-QLoRA
ID_2538824540800669;3;classical correlation;nonclassical correlations;0.855;3;match válido;Qwen3-1.7B-QLoRA
ID_2538824540800669;4;classicality witness;nonclassical correlations (rej);0.298;0;sem match válido;Qwen3-1.7B-QLoRA
ID_2538824540800669;5;correlations under decoherence;nonclassical correlations (rej);0.827;0;sem match válido;Qwen3-1.7B-QLoRA
ID_2538824540800669;6;correlations in nuclear;quantum correlations (rej);0.665;0;sem match válido;Qwen3-1.7B-QLoRA
ID_2538824540800669;7;correlations in nuclear magnetic;nuclear magnetic resonance;0.819;2;match válido;Qwen3-1.7B-QLoRA
ID_2538824540800669;8;decoherence;entanglement (rej);0.562;0;sem match válido;Qwen3-1.7B-QLoRA
ID_2538824540800669;9;decoherence in trapped;entanglement (rej);0.636;0;sem match válido;Qwen3-1.7B-QLoRA
ID_2538824540800669;10;experimental analysis;theoretical and experimental;0.782;2;match válido;Qwen3-1.7B-QLoRA
ID_2538824540800669;11;experimental reconstruction;theoretical and experimental (rej);0.607;0;sem match válido;Qwen3-1.7B-QLoRA
ID_2538824540800669;12;geometric phase;phase space;0.812;2;match válido;Qwen3-1.7B-QLoRA
ID_2538824540800669;13;geometric phases and dynamical;types of dynamics (rej);0.726;0;sem match válido;Qwen3-1.7B-QLoRA
ID_2538824540800669;14;information processing;quantum information (rej);0.449;0;sem match válido;Qwen3-1.7B-QLoRA
ID_2538824540800669;15;information theory;quantum information (rej);0.613;0;sem match válido;Qwen3-1.7B-QLoRA
ID_2538824540800669;16;nonadiabatic quantum state;quantum state engineering;0.767;2;match válido;Qwen3-1.7B-QLoRA
ID_2538824540800669;17;quantum computation;quantum computation;1.000;3;match válido;Qwen3-1.7B-QLoRA
ID_2538824540800669;18;quantum discord;quantum discord;1.000;3;match válido;Qwen3-1.7B-QLoRA
ID_2538824540800669;19;quantum delayed-choice;time-dependent quantum system (rej);0.676;0;sem match válido;Qwen3-1.7B-QLoRA
ID_2538824540800669;20;quantum delayed-choice experiment;time-dependent quantum system (rej);0.676;0;sem match válido;Qwen3-1.7B-QLoRA
ID_2543067198319684;1;epilepsy;epileptic patients;0.953;3;match válido;Qwen3-1.7B-QLoRA
ID_2543067198319684;2;epileptic seizures;epileptic patients (rej);0.917;0;sem match válido;Qwen3-1.7B-QLoRA
ID_2543067198319684;3;epileptiform discharges;epileptic patients (rej);0.822;0;sem match válido;Qwen3-1.7B-QLoRA
ID_2543067198319684;4;epileptiform activity;epileptic patients (rej);0.865;0;sem match válido;Qwen3-1.7B-QLoRA
ID_2543067198319684;5;epileptiform seizures;epileptic patients (rej);0.914;0;sem match válido;Qwen3-1.7B-QLoRA
ID_2543067198319684;6;epileptiform seizure;epileptic patients (rej);0.911;0;sem match válido;Qwen3-1.7B-QLoRA
ID_2543067198319684;7;epileptic seizure;seizures;0.913;3;match válido;Qwen3-1.7B-QLoRA
ID_2543067198319684;8;epileptic seizures in neonates;neonatal seizures;0.830;3;match válido;Qwen3-1.7B-QLoRA
ID_2543067198319684;9;epileptic seizure activity;seizures (rej);0.888;0;sem match válido;Qwen3-1.7B-QLoRA
ID_2543067198319684;10;;;;;;Qwen3-1.7B-QLoRA
ID_2543067198319684;11;;;;;;Qwen3-1.7B-QLoRA
ID_2543067198319684;12;;;;;;Qwen3-1.7B-QLoRA
ID_2543067198319684;13;;;;;;Qwen3-1.7B-QLoRA
ID_2543067198319684;14;;;;;;Qwen3-1.7B-QLoRA
ID_2543067198319684;15;;;;;;Qwen3-1.7B-QLoRA
ID_2543067198319684;16;;;;;;Qwen3-1.7B-QLoRA
ID_2543067198319684;17;;;;;;Qwen3-1.7B-QLoRA
ID_2543067198319684;18;;;;;;Qwen3-1.7B-QLoRA
ID_2543067198319684;19;;;;;;Qwen3-1.7B-QLoRA
ID_2543067198319684;20;;;;;;Qwen3-1.7B-QLoRA
ID_2627414712422817;1;brazilian citrus genome;plant geneticists (rej);0.625;0;sem match válido;Qwen3-1.7B-QLoRA
ID_2627414712422817;2;citrus genome;plant geneticists (rej);0.693;0;sem match válido;Qwen3-1.7B-QLoRA
ID_2627414712422817;3;citrus genome project;plant geneticists (rej);0.685;0;sem match válido;Qwen3-1.7B-QLoRA
ID_2627414712422817;4;citrus genome sequencing;plant geneticists (rej);0.641;0;sem match válido;Qwen3-1.7B-QLoRA
ID_2627414712422817;5;citrus genome sequence;plant geneticists (rej);0.650;0;sem match válido;Qwen3-1.7B-QLoRA
ID_2627414712422817;6;citrus genome sequencing project;plant geneticists (rej);0.642;0;sem match válido;Qwen3-1.7B-QLoRA
ID_2627414712422817;7;citrus genome sequence analysis;plant geneticists (rej);0.634;0;sem match válido;Qwen3-1.7B-QLoRA
ID_2627414712422817;8;citrus genome sequence analysis tools;plant geneticists (rej);0.624;0;sem match válido;Qwen3-1.7B-QLoRA
ID_2627414712422817;9;citrus genome sequencing tools;plant geneticists (rej);0.627;0;sem match válido;Qwen3-1.7B-QLoRA
ID_2627414712422817;10;citrus genome sequencing project database;plant geneticists (rej);0.596;0;sem match válido;Qwen3-1.7B-QLoRA
ID_2627414712422817;11;citrus genome sequence database;plant geneticists (rej);0.609;0;sem match válido;Qwen3-1.7B-QLoRA
ID_2627414712422817;12;citrus genome sequence database tools;plant geneticists (rej);0.595;0;sem match válido;Qwen3-1.7B-QLoRA
ID_2627414712422817;13;;;;;;Qwen3-1.7B-QLoRA
ID_2627414712422817;14;;;;;;Qwen3-1.7B-QLoRA
ID_2627414712422817;15;;;;;;Qwen3-1.7B-QLoRA
ID_2627414712422817;16;;;;;;Qwen3-1.7B-QLoRA
ID_2627414712422817;17;;;;;;Qwen3-1.7B-QLoRA
ID_2627414712422817;18;;;;;;Qwen3-1.7B-QLoRA
ID_2627414712422817;19;;;;;;Qwen3-1.7B-QLoRA
ID_2627414712422817;20;;;;;;Qwen3-1.7B-QLoRA
ID_2653769170795641;1;cancer;neurospora crassa (rej);0.347;0;sem match válido;Qwen3-1.7B-QLoRA
ID_2653769170795641;2;cancer cell cycle;virulence and biofilm (rej);0.299;0;sem match válido;Qwen3-1.7B-QLoRA
ID_2653769170795641;3;cell cycle;tyrosine phosphorylation (rej);0.450;0;sem match válido;Qwen3-1.7B-QLoRA
ID_2653769170795641;4;cyclic amp;vias de transdução (rej);0.342;0;sem match válido;Qwen3-1.7B-QLoRA
ID_2653769170795641;5;gene expression;genome sequence (rej);0.735;0;sem match válido;Qwen3-1.7B-QLoRA
ID_2653769170795641;6;heat shock protein;heat-shock proteins;0.959;2;match válido;Qwen3-1.7B-QLoRA
ID_2653769170795641;7;human genome;genome sequence (rej);0.883;0;sem match válido;Qwen3-1.7B-QLoRA
ID_2653769170795641;8;human genome sequencing;genome sequence;0.890;3;match válido;Qwen3-1.7B-QLoRA
ID_2653769170795641;9;human transcriptome;transcription profiling;0.786;3;match válido;Qwen3-1.7B-QLoRA
ID_2653769170795641;10;microarray;mrna levels (rej);0.389;0;sem match válido;Qwen3-1.7B-QLoRA
ID_2653769170795641;11;microarray-based genome comparison;genome sequence (rej);0.698;0;sem match válido;Qwen3-1.7B-QLoRA
ID_2653769170795641;12;noncoding rnas;transcription profiling (rej);0.421;0;sem match válido;Qwen3-1.7B-QLoRA
ID_2653769170795641;13;prostate cancer;neurospora crassa (rej);0.153;0;sem match válido;Qwen3-1.7B-QLoRA
ID_2653769170795641;14;prostate cancer cell line;neurospora crassa (rej);0.251;0;sem match válido;Qwen3-1.7B-QLoRA
ID_2653769170795641;15;prostate cancer markers;transcription profiling (rej);0.240;0;sem match válido;Qwen3-1.7B-QLoRA
ID_2653769170795641;16;prostate cancer markers selection;transcription profiling (rej);0.317;0;sem match válido;Qwen3-1.7B-QLoRA
ID_2653769170795641;17;prostate cancer markers selection process;transcription profiling (rej);0.352;0;sem match válido;Qwen3-1.7B-QLoRA
ID_2653769170795641;18;;;;;;Qwen3-1.7B-QLoRA
ID_2653769170795641;19;;;;;;Qwen3-1.7B-QLoRA
ID_2653769170795641;20;;;;;;Qwen3-1.7B-QLoRA
ID_2662364620923506;1;bromeliaceae;plantas vasculares (rej);0.606;0;sem match válido;Qwen3-1.7B-QLoRA
ID_2662364620923506;2;fern;levantamento florístico (rej);0.654;0;sem match válido;Qwen3-1.7B-QLoRA
ID_2662364620923506;3;fern flora;levantamento florístico;0.764;3;match válido;Qwen3-1.7B-QLoRA
ID_2662364620923506;4;fern flora of neotropical;levantamento florístico (rej);0.674;0;sem match válido;Qwen3-1.7B-QLoRA
ID_2662364620923506;5;fern genus blechnum;levantamento florístico (rej);0.635;0;sem match válido;Qwen3-1.7B-QLoRA
ID_2662364620923506;6;fern genera;levantamento florístico (rej);0.759;0;sem match válido;Qwen3-1.7B-QLoRA
ID_2662364620923506;7;fern genera from pernambuco;composição florística (rej);0.611;0;sem match válido;Qwen3-1.7B-QLoRA
ID_2662364620923506;8;fern flora of neotropical forest;levantamento florístico (rej);0.620;0;sem match válido;Qwen3-1.7B-QLoRA
ID_2662364620923506;9;fern genera of neotropical;levantamento florístico (rej);0.610;0;sem match válido;Qwen3-1.7B-QLoRA
ID_2662364620923506;10;fern genus;levantamento florístico (rej);0.722;0;sem match válido;Qwen3-1.7B-QLoRA
ID_2662364620923506;11;fern genera from neotropical;levantamento florístico (rej);0.596;0;sem match válido;Qwen3-1.7B-QLoRA
ID_2662364620923506;12;fern genera from neotropical forest;levantamento florístico (rej);0.575;0;sem match válido;Qwen3-1.7B-QLoRA
ID_2662364620923506;13;;;;;;Qwen3-1.7B-QLoRA
ID_2662364620923506;14;;;;;;Qwen3-1.7B-QLoRA
ID_2662364620923506;15;;;;;;Qwen3-1.7B-QLoRA
ID_2662364620923506;16;;;;;;Qwen3-1.7B-QLoRA
ID_2662364620923506;17;;;;;;Qwen3-1.7B-QLoRA
ID_2662364620923506;18;;;;;;Qwen3-1.7B-QLoRA
ID_2662364620923506;19;;;;;;Qwen3-1.7B-QLoRA
ID_2662364620923506;20;;;;;;Qwen3-1.7B-QLoRA
ID_2691497637313274;1;bio-optical model;biogeochemical processes (rej);0.519;0;sem match válido;Qwen3-1.7B-QLoRA
ID_2691497637313274;2;chlorophyll-a concentration;evaporation rate (rej);0.335;0;sem match válido;Qwen3-1.7B-QLoRA
ID_2691497637313274;3;chlorophyll-a concentration in reservoir;itumbiara reservoir (rej);0.546;0;sem match válido;Qwen3-1.7B-QLoRA
ID_2691497637313274;4;chlorophyll-a concentration in tropical;tropical bay (rej);0.440;0;sem match válido;Qwen3-1.7B-QLoRA
ID_2691497637313274;5;chlorophyll-a concentration time series;temporal da evaporação (rej);0.379;0;sem match válido;Qwen3-1.7B-QLoRA
ID_2691497637313274;6;chlorophyll-a concentration time series analysis;spectral analysis (rej);0.356;0;sem match válido;Qwen3-1.7B-QLoRA
ID_2691497637313274;7;chlorophyll-a concentration time series analysis and spatial;spectral analysis (rej);0.356;0;sem match válido;Qwen3-1.7B-QLoRA
ID_2691497637313274;8;chlorophyll-a concentration time series analysis and spatial variability;spatial regression model (rej);0.351;0;sem match válido;Qwen3-1.7B-QLoRA
ID_2691497637313274;9;;;;;;Qwen3-1.7B-QLoRA
ID_2691497637313274;10;;;;;;Qwen3-1.7B-QLoRA
ID_2691497637313274;11;;;;;;Qwen3-1.7B-QLoRA
ID_2691497637313274;12;;;;;;Qwen3-1.7B-QLoRA
ID_2691497637313274;13;;;;;;Qwen3-1.7B-QLoRA
ID_2691497637313274;14;;;;;;Qwen3-1.7B-QLoRA
ID_2691497637313274;15;;;;;;Qwen3-1.7B-QLoRA
ID_2691497637313274;16;;;;;;Qwen3-1.7B-QLoRA
ID_2691497637313274;17;;;;;;Qwen3-1.7B-QLoRA
ID_2691497637313274;18;;;;;;Qwen3-1.7B-QLoRA
ID_2691497637313274;19;;;;;;Qwen3-1.7B-QLoRA
ID_2691497637313274;20;;;;;;Qwen3-1.7B-QLoRA
ID_2714004273523549;1;ab initio total energy;initio total energy;0.953;3;match válido;Qwen3-1.7B-QLoRA
ID_2714004273523549;2;ab initio total energy calculations;initio total energy (rej);0.920;0;sem match válido;Qwen3-1.7B-QLoRA
ID_2714004273523549;3;ab initio studies;ab initio study;0.985;3;match válido;Qwen3-1.7B-QLoRA
ID_2714004273523549;4;ab initio studies of pristine;ab initio study (rej);0.689;0;sem match válido;Qwen3-1.7B-QLoRA
ID_2714004273523549;5;ab initio total energy investigation;initio total energy (rej);0.861;0;sem match válido;Qwen3-1.7B-QLoRA
ID_2714004273523549;6;ab initio theoretical investigation;ab initio study (rej);0.849;0;sem match válido;Qwen3-1.7B-QLoRA
ID_2714004273523549;7;ab initio theoretical investigations;theoretical investigation;0.835;3;match válido;Qwen3-1.7B-QLoRA
ID_2714004273523549;8;ab initio theoretical study;theoretical studies;0.751;3;match válido;Qwen3-1.7B-QLoRA
ID_2714004273523549;9;ab initio calculations;ab initio calculation;0.993;3;match válido;Qwen3-1.7B-QLoRA
ID_2714004273523549;10;ab initio density functional theory;density functional calculations;0.796;3;match válido;Qwen3-1.7B-QLoRA
ID_2714004273523549;11;ab initio density functional theory study;density functional;0.824;3;match válido;Qwen3-1.7B-QLoRA
ID_2714004273523549;12;ab initio density functional theory studies;density functional theory;0.880;3;match válido;Qwen3-1.7B-QLoRA
ID_2714004273523549;13;ab initio investigations;ab initio study (rej);0.839;0;sem match válido;Qwen3-1.7B-QLoRA
ID_2714004273523549;14;ab initio total energy investigations;initio total energy (rej);0.847;0;sem match válido;Qwen3-1.7B-QLoRA
ID_2714004273523549;15;ab initio total energy results;initio total energy (rej);0.924;0;sem match válido;Qwen3-1.7B-QLoRA
ID_2714004273523549;16;ab initio total energy study;initio total energy (rej);0.902;0;sem match válido;Qwen3-1.7B-QLoRA
ID_2714004273523549;17;ab initio total energy studies;initio total energy (rej);0.896;0;sem match válido;Qwen3-1.7B-QLoRA
ID_2714004273523549;18;;;;;;Qwen3-1.7B-QLoRA
ID_2714004273523549;19;;;;;;Qwen3-1.7B-QLoRA
ID_2714004273523549;20;;;;;;Qwen3-1.7B-QLoRA
ID_2864595160355410;1;antimicrobial resistance;bacterial resistance (rej);0.880;0;sem match válido;Qwen3-1.7B-QLoRA
ID_2864595160355410;2;antibiotic;antibiotic users;0.925;3;match válido;Qwen3-1.7B-QLoRA
ID_2864595160355410;3;antibiotic resistance;bacterial resistance;0.902;3;match válido;Qwen3-1.7B-QLoRA
ID_2864595160355410;4;antibiotic use;uso de antibióticos;0.983;3;match válido;Qwen3-1.7B-QLoRA
ID_2864595160355410;5;antibiotic use patterns;uso de antibióticos (rej);0.912;0;sem match válido;Qwen3-1.7B-QLoRA
ID_2864595160355410;6;antibiotic therapy;prescription of antibiotics;0.873;3;match válido;Qwen3-1.7B-QLoRA
ID_2864595160355410;7;antibiotic therapy failure;uso de antibióticos (rej);0.734;0;sem match válido;Qwen3-1.7B-QLoRA
ID_2864595160355410;8;antimicrobial therapy;terapêutica antimicrobiana;0.977;3;match válido;Qwen3-1.7B-QLoRA
ID_2864595160355410;9;antimicrobial therapy failure;terapêutica antimicrobiana durante (rej);0.820;0;sem match válido;Qwen3-1.7B-QLoRA
ID_2864595160355410;10;antimicrobial therapy failure rates;terapêutica antimicrobiana durante (rej);0.763;0;sem match válido;Qwen3-1.7B-QLoRA
ID_2864595160355410;11;antimicrobial treatment;tratamento antimmicrobiano;0.965;3;match válido;Qwen3-1.7B-QLoRA
ID_2864595160355410;12;antimicrobial treatments;terapêutica antimicrobiana durante;0.954;1;match válido;Qwen3-1.7B-QLoRA
ID_2864595160355410;13;antimicrobial treatments and resistance;terapêutica antimicrobiana (rej);0.906;0;sem match válido;Qwen3-1.7B-QLoRA
ID_2864595160355410;14;;;;;;Qwen3-1.7B-QLoRA
ID_2864595160355410;15;;;;;;Qwen3-1.7B-QLoRA
ID_2864595160355410;16;;;;;;Qwen3-1.7B-QLoRA
ID_2864595160355410;17;;;;;;Qwen3-1.7B-QLoRA
ID_2864595160355410;18;;;;;;Qwen3-1.7B-QLoRA
ID_2864595160355410;19;;;;;;Qwen3-1.7B-QLoRA
ID_2864595160355410;20;;;;;;Qwen3-1.7B-QLoRA
ID_2929963416385218;1;bacterial sphingomyelinases;sphingomyelinase gene;0.784;3;match válido;Qwen3-1.7B-QLoRA
ID_2929963416385218;2;bacterial sphingomyelinase;sphingomyelinase activity;0.804;3;match válido;Qwen3-1.7B-QLoRA
ID_2929963416385218;3;bacterial sphingomyelinases d;mechanism of sphingomyelinases;0.759;3;match válido;Qwen3-1.7B-QLoRA
ID_2929963416385218;4;bacterial sphingomyelinases d from loxosceles;loxosceles sphingomyelinase induces;0.819;3;match válido;Qwen3-1.7B-QLoRA
ID_2929963416385218;5;bacteria;spider (rej);0.492;0;sem match válido;Qwen3-1.7B-QLoRA
ID_2929963416385218;6;bacterial sphingomyelinase d;sphingomyelinase d;0.853;3;match válido;Qwen3-1.7B-QLoRA
ID_2929963416385218;7;bacteria and loxosceles;sphingomyelinase from loxosceles (rej);0.683;0;sem match válido;Qwen3-1.7B-QLoRA
ID_2929963416385218;8;bacteria and loxosceles laeta;sphingomyelinase from loxosceles (rej);0.636;0;sem match válido;Qwen3-1.7B-QLoRA
ID_2929963416385218;9;bacterial sphingomyelinase d from loxosceles;sphingomyelinase from loxosceles;0.889;3;match válido;Qwen3-1.7B-QLoRA
ID_2929963416385218;10;bacteria and loxosceles spider;loxosceles spiders (rej);0.851;0;sem match válido;Qwen3-1.7B-QLoRA
ID_2929963416385218;11;bacteria and loxosceles spider venom;loxosceles spiders (rej);0.825;0;sem match válido;Qwen3-1.7B-QLoRA
ID_2929963416385218;12;bacteria and loxosceles spiders;loxosceles spiders;0.887;3;match válido;Qwen3-1.7B-QLoRA
ID_2929963416385218;13;bacteria and loxosceles spiders venom;loxosceles spiders (rej);0.846;0;sem match válido;Qwen3-1.7B-QLoRA
ID_2929963416385218;14;bacteria and loxosceles venom;venom and sphingomyelinases (rej);0.681;0;sem match válido;Qwen3-1.7B-QLoRA
ID_2929963416385218;15;;;;;;Qwen3-1.7B-QLoRA
ID_2929963416385218;16;;;;;;Qwen3-1.7B-QLoRA
ID_2929963416385218;17;;;;;;Qwen3-1.7B-QLoRA
ID_2929963416385218;18;;;;;;Qwen3-1.7B-QLoRA
ID_2929963416385218;19;;;;;;Qwen3-1.7B-QLoRA
ID_2929963416385218;20;;;;;;Qwen3-1.7B-QLoRA
ID_2961250776014138;1;astrophysics;astrophysics and astroparticles  (rej);0.884;0;sem match válido;Qwen3-1.7B-QLoRA
ID_2961250776014138;2;astrophysics and astroparticle physics;astrophysics and astroparticles ;0.978;2;match válido;Qwen3-1.7B-QLoRA
ID_2961250776014138;3;astrophysics: high-energy;astrophysics and astroparticles  (rej);0.829;0;sem match válido;Qwen3-1.7B-QLoRA
ID_2961250776014138;4;astrophysics: interstellar and extragalactic;astrophysics and astroparticles  (rej);0.803;0;sem match válido;Qwen3-1.7B-QLoRA
ID_2961250776014138;5;astrophysics: stellar structure;astrophysics and astroparticles  (rej);0.788;0;sem match válido;Qwen3-1.7B-QLoRA
ID_2961250776014138;6;astrophysics: stars;strange stars;0.852;3;match válido;Qwen3-1.7B-QLoRA
ID_2961250776014138;7;cosmology;astrophysics and astroparticles  (rej);0.640;0;sem match válido;Qwen3-1.7B-QLoRA
ID_2961250776014138;8;cosmology: early universe;astrophysics and astroparticles  (rej);0.620;0;sem match válido;Qwen3-1.7B-QLoRA
ID_2961250776014138;9;cosmology: observations;astrophysics and astroparticles  (rej);0.693;0;sem match válido;Qwen3-1.7B-QLoRA
ID_2961250776014138;10;cosmology: theory;astrophysics and astroparticles  (rej);0.633;0;sem match válido;Qwen3-1.7B-QLoRA
ID_2961250776014138;11;dark matter;black hole (rej);0.613;0;sem match válido;Qwen3-1.7B-QLoRA
ID_2961250776014138;12;dark energy;supernova remnants (rej);0.473;0;sem match válido;Qwen3-1.7B-QLoRA
ID_2961250776014138;13;gamma ray bursts;gamma ray bursts;1.000;2;match válido;Qwen3-1.7B-QLoRA
ID_2961250776014138;14;gamma ray bursts: general;gamma ray bursts (rej);0.973;0;sem match válido;Qwen3-1.7B-QLoRA
ID_2961250776014138;15;gamma ray bursts: individual;gamma ray bursts (rej);0.958;0;sem match válido;Qwen3-1.7B-QLoRA
ID_2961250776014138;16;gamma-ray bursts: general;gamma ray bursts (rej);0.965;0;sem match válido;Qwen3-1.7B-QLoRA
ID_2961250776014138;17;gamma-ray bursts: individual: sgrb1998-01;gamma ray bursts (rej);0.934;0;sem match válido;Qwen3-1.7B-QLoRA
ID_2961250776014138;18;gamma-ray bursts: individual: sgrb1998-02;gamma ray bursts (rej);0.934;0;sem match válido;Qwen3-1.7B-QLoRA
ID_2961250776014138;19;gamma-ray bursts: individual: sgrb1998-03;gamma ray bursts (rej);0.935;0;sem match válido;Qwen3-1.7B-QLoRA
ID_2961250776014138;20;gamma-ray bursts: individual: sgrb1998-04;gamma ray bursts (rej);0.937;0;sem match válido;Qwen3-1.7B-QLoRA
ID_3059520185406581;1;content-based image retrieval;content-based image retrieval;1.000;3;match válido;Qwen3-1.7B-QLoRA
ID_3059520185406581;2;content-based image retrieval system;content-based image retrieval (rej);0.972;0;sem match válido;Qwen3-1.7B-QLoRA
ID_3059520185406581;3;content-based image retrieval systems;content-based image retrieval (rej);0.973;0;sem match válido;Qwen3-1.7B-QLoRA
ID_3059520185406581;4;digital image processing;processamento digital;0.755;3;match válido;Qwen3-1.7B-QLoRA
ID_3059520185406581;5;image retrieval;content-based image retrieval (rej);0.884;0;sem match válido;Qwen3-1.7B-QLoRA
ID_3059520185406581;6;image retrieval system;content-based image retrieval (rej);0.830;0;sem match válido;Qwen3-1.7B-QLoRA
ID_3059520185406581;7;image retrieval systems;content-based image retrieval (rej);0.833;0;sem match válido;Qwen3-1.7B-QLoRA
ID_3059520185406581;8;image summarization;video summarization (rej);0.762;0;sem match válido;Qwen3-1.7B-QLoRA
ID_3059520185406581;9;image summarization approach;image classification (rej);0.737;0;sem match válido;Qwen3-1.7B-QLoRA
ID_3059520185406581;10;image summarization method;image classification (rej);0.728;0;sem match válido;Qwen3-1.7B-QLoRA
ID_3059520185406581;11;image summarization methods;image classification (rej);0.732;0;sem match válido;Qwen3-1.7B-QLoRA
ID_3059520185406581;12;image summarization technique;image classification (rej);0.740;0;sem match válido;Qwen3-1.7B-QLoRA
ID_3059520185406581;13;image retrieval methods;content-based image retrieval (rej);0.879;0;sem match válido;Qwen3-1.7B-QLoRA
ID_3059520185406581;14;image summarization algorithm;image classification (rej);0.758;0;sem match válido;Qwen3-1.7B-QLoRA
ID_3059520185406581;15;image summarization algorithms;image classification;0.763;3;match válido;Qwen3-1.7B-QLoRA
ID_3059520185406581;16;image summarization methods for video;video summarization (rej);0.884;0;sem match válido;Qwen3-1.7B-QLoRA
ID_3059520185406581;17;image summarization techniques;image classification (rej);0.747;0;sem match válido;Qwen3-1.7B-QLoRA
ID_3059520185406581;18;image summarization techniques for video;video summarization (rej);0.887;0;sem match válido;Qwen3-1.7B-QLoRA
ID_3059520185406581;19;image summarization techniques on video;video summarization (rej);0.889;0;sem match válido;Qwen3-1.7B-QLoRA
ID_3059520185406581;20;image summarization techniques on videos;video summarization;0.892;3;match válido;Qwen3-1.7B-QLoRA
ID_3091742095568302;1;adjuvant treatment;oral gabapentin treatment (rej);0.440;0;sem match válido;Qwen3-1.7B-QLoRA
ID_3091742095568302;2;adjuvant treatment with pentoxifylline;oral gabapentin treatment (rej);0.571;0;sem match válido;Qwen3-1.7B-QLoRA
ID_3091742095568302;3;alanyl-glutamine;alanyl-glutamine;1.000;3;match válido;Qwen3-1.7B-QLoRA
ID_3091742095568302;4;alanyl-glutamine and glutamine;alanyl-glutamine (rej);0.929;0;sem match válido;Qwen3-1.7B-QLoRA
ID_3091742095568302;5;apoptosis;apoptosis;1.000;2;match válido;Qwen3-1.7B-QLoRA
ID_3091742095568302;6;apoptosis and necrosis;apoptosis (rej);0.905;0;sem match válido;Qwen3-1.7B-QLoRA
ID_3091742095568302;7;apoptosis and necrosis in vivo;apoptosis (rej);0.876;0;sem match válido;Qwen3-1.7B-QLoRA
ID_3091742095568302;8;apoptosis in vivo;apoptosis (rej);0.945;0;sem match válido;Qwen3-1.7B-QLoRA
ID_3091742095568302;9;apoptosis-inducing factor;apoptosis (rej);0.874;0;sem match válido;Qwen3-1.7B-QLoRA
ID_3091742095568302;10;aspartate aminotransferase;alanyl-glutamine (rej);0.484;0;sem match válido;Qwen3-1.7B-QLoRA
ID_3091742095568302;11;cell death;cell (rej);0.689;0;sem match válido;Qwen3-1.7B-QLoRA
ID_3091742095568302;12;cell proliferation;cell (rej);0.652;0;sem match válido;Qwen3-1.7B-QLoRA
ID_3091742095568302;13;cell proliferation and apoptosis;apoptosis (rej);0.775;0;sem match válido;Qwen3-1.7B-QLoRA
ID_3091742095568302;14;cell proliferation and death;apoptosis (rej);0.563;0;sem match válido;Qwen3-1.7B-QLoRA
ID_3091742095568302;15;cell proliferation and necrosis;apoptosis (rej);0.543;0;sem match válido;Qwen3-1.7B-QLoRA
ID_3091742095568302;16;cyclooxygenase-2;clostridium difficile toxin a (rej);0.505;0;sem match válido;Qwen3-1.7B-QLoRA
ID_3091742095568302;17;cytotoxicity;clostridium difficile toxin (rej);0.619;0;sem match válido;Qwen3-1.7B-QLoRA
ID_3091742095568302;18;diarrhea;diarrhea;1.000;3;match válido;Qwen3-1.7B-QLoRA
ID_3091742095568302;19;dose-dependent effect;risk factors (rej);0.502;0;sem match válido;Qwen3-1.7B-QLoRA
ID_3091742095568302;20;glutamine;alanyl-glutamine (rej);0.803;0;sem match válido;Qwen3-1.7B-QLoRA
ID_3107924103069456;1;binuclear ruthenium complex;ruthenium (rej);0.802;0;sem match válido;Qwen3-1.7B-QLoRA
ID_3107924103069456;2;crystal structure;crystal structure;1.000;3;match válido;Qwen3-1.7B-QLoRA
ID_3107924103069456;3;complexes of ruthenium;ruthenium;0.871;2;match válido;Qwen3-1.7B-QLoRA
ID_3107924103069456;4;crystallization and preliminary crystalographic;preliminary crystallographic studies;0.930;2;match válido;Qwen3-1.7B-QLoRA
ID_3107924103069456;5;electrochemistry;paramagnetically active (rej);0.473;0;sem match válido;Qwen3-1.7B-QLoRA
ID_3107924103069456;6;electrochemical;paramagnetically active (rej);0.478;0;sem match válido;Qwen3-1.7B-QLoRA
ID_3107924103069456;7;electrochemical studies;paramagnetically active (rej);0.462;0;sem match válido;Qwen3-1.7B-QLoRA
ID_3107924103069456;8;glucose-6-phosphate dehydrogenase;dehydrogenase from trypanosoma (rej);0.558;0;sem match válido;Qwen3-1.7B-QLoRA
ID_3107924103069456;9;glucose-6-phosphate dehydrogenase (g6pdh);purine nucleoside phosphorylase (rej);0.529;0;sem match válido;Qwen3-1.7B-QLoRA
ID_3107924103069456;10;g6pdh;gapdh (rej);0.509;0;sem match válido;Qwen3-1.7B-QLoRA
ID_3107924103069456;11;g6pdh enzyme;enzyme inhibition (rej);0.610;0;sem match válido;Qwen3-1.7B-QLoRA
ID_3107924103069456;12;g6pdh from trypanosoma cruzi;trypanosoma cruzi glycosomal;0.848;3;match válido;Qwen3-1.7B-QLoRA
ID_3107924103069456;13;g6pdh from trypanosoma;trypanosoma cruzi glycosomal (rej);0.738;0;sem match válido;Qwen3-1.7B-QLoRA
ID_3107924103069456;14;glyceraldehyde-3-phosphate dehydrogenase;purine nucleoside phosphorylase (rej);0.592;0;sem match válido;Qwen3-1.7B-QLoRA
ID_3107924103069456;15;glyceraldehyde-3-phosphate dehydrogenase (g6pdh);purine nucleoside phosphorylase (rej);0.562;0;sem match válido;Qwen3-1.7B-QLoRA
ID_3107924103069456;16;;;;;;Qwen3-1.7B-QLoRA
ID_3107924103069456;17;;;;;;Qwen3-1.7B-QLoRA
ID_3107924103069456;18;;;;;;Qwen3-1.7B-QLoRA
ID_3107924103069456;19;;;;;;Qwen3-1.7B-QLoRA
ID_3107924103069456;20;;;;;;Qwen3-1.7B-QLoRA
ID_3256932358053453;1;biological functions;ros-mitochondria pathway (rej);0.513;0;sem match válido;Qwen3-1.7B-QLoRA
ID_3256932358053453;2;biological systems;sepsis animal (rej);0.442;0;sem match válido;Qwen3-1.7B-QLoRA
ID_3256932358053453;3;cellular redox state;ros-mitochondria pathway (rej);0.520;0;sem match válido;Qwen3-1.7B-QLoRA
ID_3256932358053453;4;cellular responses;rat sertoli cells (rej);0.490;0;sem match válido;Qwen3-1.7B-QLoRA
ID_3256932358053453;5;cellular responses to oxidative;mediated by oxidants;0.803;1;match válido;Qwen3-1.7B-QLoRA
ID_3256932358053453;6;cellular responses to oxidative stress;oxidative stress;0.868;3;match válido;Qwen3-1.7B-QLoRA
ID_3256932358053453;7;;;;;;Qwen3-1.7B-QLoRA
ID_3256932358053453;8;;;;;;Qwen3-1.7B-QLoRA
ID_3256932358053453;9;;;;;;Qwen3-1.7B-QLoRA
ID_3256932358053453;10;;;;;;Qwen3-1.7B-QLoRA
ID_3256932358053453;11;;;;;;Qwen3-1.7B-QLoRA
ID_3256932358053453;12;;;;;;Qwen3-1.7B-QLoRA
ID_3256932358053453;13;;;;;;Qwen3-1.7B-QLoRA
ID_3256932358053453;14;;;;;;Qwen3-1.7B-QLoRA
ID_3256932358053453;15;;;;;;Qwen3-1.7B-QLoRA
ID_3256932358053453;16;;;;;;Qwen3-1.7B-QLoRA
ID_3256932358053453;17;;;;;;Qwen3-1.7B-QLoRA
ID_3256932358053453;18;;;;;;Qwen3-1.7B-QLoRA
ID_3256932358053453;19;;;;;;Qwen3-1.7B-QLoRA
ID_3256932358053453;20;;;;;;Qwen3-1.7B-QLoRA
ID_3258168964977007;1;artificial ant colony networks;artiticial ant colony (rej);0.677;0;sem match válido;Qwen3-1.7B-QLoRA
ID_3258168964977007;2;artificial ant colony optimization;artiticial ant colony (rej);0.639;0;sem match válido;Qwen3-1.7B-QLoRA
ID_3258168964977007;3;artificial ant colony systems;artiticial ant colony (rej);0.698;0;sem match válido;Qwen3-1.7B-QLoRA
ID_3258168964977007;4;artificial ant colony system;artiticial ant colony (rej);0.722;0;sem match válido;Qwen3-1.7B-QLoRA
ID_3258168964977007;5;ant colony system;artiticial ant colony (rej);0.737;0;sem match válido;Qwen3-1.7B-QLoRA
ID_3258168964977007;6;ant colony systems;artiticial ant colony (rej);0.720;0;sem match válido;Qwen3-1.7B-QLoRA
ID_3258168964977007;7;artificial ant colony;artiticial ant colony (rej);0.774;0;sem match válido;Qwen3-1.7B-QLoRA
ID_3258168964977007;8;ant system;artiticial ant colony (rej);0.628;0;sem match válido;Qwen3-1.7B-QLoRA
ID_3258168964977007;9;artificial ant;artiticial ant colony (rej);0.659;0;sem match válido;Qwen3-1.7B-QLoRA
ID_3258168964977007;10;artificial ants;artiticial ant colony (rej);0.637;0;sem match válido;Qwen3-1.7B-QLoRA
ID_3258168964977007;11;ant system for nuclear;nuclear engineering (rej);0.618;0;sem match válido;Qwen3-1.7B-QLoRA
ID_3258168964977007;12;artificial ants for nuclear;nuclear engineering (rej);0.544;0;sem match válido;Qwen3-1.7B-QLoRA
ID_3258168964977007;13;ant colony;artiticial ant colony;0.787;3;match válido;Qwen3-1.7B-QLoRA
ID_3258168964977007;14;ant colony optimization;artiticial ant colony (rej);0.639;0;sem match válido;Qwen3-1.7B-QLoRA
ID_3258168964977007;15;artificial ants for nuclear power;nuclear engineering (rej);0.585;0;sem match válido;Qwen3-1.7B-QLoRA
ID_3258168964977007;16;artificial ants for nuclear power plant;nuclear power plant (rej);0.603;0;sem match válido;Qwen3-1.7B-QLoRA
ID_3258168964977007;17;artificial ants for nuclear power plant transients;nuclear power plant (rej);0.591;0;sem match válido;Qwen3-1.7B-QLoRA
ID_3258168964977007;18;artificial ants for nuclear power plant transients using;nuclear power plant (rej);0.563;0;sem match válido;Qwen3-1.7B-QLoRA
ID_3258168964977007;19;;;;;;Qwen3-1.7B-QLoRA
ID_3258168964977007;20;;;;;;Qwen3-1.7B-QLoRA
ID_3314639624288740;1;ab initio;ab initio conformational map (rej);0.655;0;sem match válido;Qwen3-1.7B-QLoRA
ID_3314639624288740;2;ab initio calculations;ab initio conformational map (rej);0.680;0;sem match válido;Qwen3-1.7B-QLoRA
ID_3314639624288740;3;ab initio conformational maps;ab initio conformational map;0.985;2;match válido;Qwen3-1.7B-QLoRA
ID_3314639624288740;4;ab initio calculations of absolute pka;ab initio conformational map (rej);0.542;0;sem match válido;Qwen3-1.7B-QLoRA
ID_3314639624288740;5;ab initio conformational maps for;conformational map;0.841;2;match válido;Qwen3-1.7B-QLoRA
ID_3314639624288740;6;ab initio calculations of pka;ab initio conformational map (rej);0.535;0;sem match válido;Qwen3-1.7B-QLoRA
ID_3314639624288740;7;ab initio description;ab initio conformational map (rej);0.670;0;sem match válido;Qwen3-1.7B-QLoRA
ID_3314639624288740;8;ab initio description of the;ab initio conformational map (rej);0.627;0;sem match válido;Qwen3-1.7B-QLoRA
ID_3314639624288740;9;ab initio description of the ground;ab initio conformational map (rej);0.581;0;sem match válido;Qwen3-1.7B-QLoRA
ID_3314639624288740;10;ab initio description of the low-lying;ab initio conformational map (rej);0.442;0;sem match válido;Qwen3-1.7B-QLoRA
ID_3314639624288740;11;ab initio description of the electronic;ab initio conformational map (rej);0.437;0;sem match válido;Qwen3-1.7B-QLoRA
ID_3314639624288740;12;ab initio description of the ground state;ab initio conformational map (rej);0.576;0;sem match válido;Qwen3-1.7B-QLoRA
ID_3314639624288740;13;ab initio description of the low-lying valence;generalized valence bond (rej);0.486;0;sem match válido;Qwen3-1.7B-QLoRA
ID_3314639624288740;14;ab initio description of the low-lying valence states;generalized valence bond (rej);0.553;0;sem match válido;Qwen3-1.7B-QLoRA
ID_3314639624288740;15;;;;;;Qwen3-1.7B-QLoRA
ID_3314639624288740;16;;;;;;Qwen3-1.7B-QLoRA
ID_3314639624288740;17;;;;;;Qwen3-1.7B-QLoRA
ID_3314639624288740;18;;;;;;Qwen3-1.7B-QLoRA
ID_3314639624288740;19;;;;;;Qwen3-1.7B-QLoRA
ID_3314639624288740;20;;;;;;Qwen3-1.7B-QLoRA
ID_3341755886753117;1;active power filter;filter (rej);0.707;0;sem match válido;Qwen3-1.7B-QLoRA
ID_3341755886753117;2;active power filters;switched-capacitor filters (rej);0.725;0;sem match válido;Qwen3-1.7B-QLoRA
ID_3341755886753117;3;active power filters implementation;filter (rej);0.693;0;sem match válido;Qwen3-1.7B-QLoRA
ID_3341755886753117;4;capacitance matching;capacitance matching;1.000;3;match válido;Qwen3-1.7B-QLoRA
ID_3341755886753117;5;capacitance ratios;capacitance;0.903;2;match válido;Qwen3-1.7B-QLoRA
ID_3341755886753117;6;capacitance ratio approximations;capacitance ratio approximations;1.000;1;match válido;Qwen3-1.7B-QLoRA
ID_3341755886753117;7;capacitance ratios approximation;capacitance ratio approximations (rej);0.996;0;sem match válido;Qwen3-1.7B-QLoRA
ID_3341755886753117;8;capacitance ratios in switched-capacitor;capacitance ratio assignment (rej);0.792;0;sem match válido;Qwen3-1.7B-QLoRA
ID_3341755886753117;9;capacitance ratio assignment;capacitance ratio assignment;1.000;2;match válido;Qwen3-1.7B-QLoRA
ID_3341755886753117;10;capacitance ratio measurements;capacitance ratio approximations (rej);0.917;0;sem match válido;Qwen3-1.7B-QLoRA
ID_3341755886753117;11;cmos switched-capacitor filter;switched-capacitor filters;0.913;3;match válido;Qwen3-1.7B-QLoRA
ID_3341755886753117;12;design;design;1.000;2;match válido;Qwen3-1.7B-QLoRA
ID_3341755886753117;13;genetic algorithm;genetic algorithm;1.000;3;match válido;Qwen3-1.7B-QLoRA
ID_3341755886753117;14;genetic algorithm to optimize;genetic algorithms;0.879;3;match válido;Qwen3-1.7B-QLoRA
ID_3341755886753117;15;identical unit capacitors;identical unit capacitors;1.000;1;match válido;Qwen3-1.7B-QLoRA
ID_3341755886753117;16;identical unit capacitors in parallel;identical unit capacitors (rej);0.925;0;sem match válido;Qwen3-1.7B-QLoRA
ID_3341755886753117;17;identical unit capacitors to improve;unit capacitors;0.862;3;match válido;Qwen3-1.7B-QLoRA
ID_3341755886753117;18;identical unit capacitors to implement;identical unit capacitors (rej);0.963;0;sem match válido;Qwen3-1.7B-QLoRA
ID_3341755886753117;19;identification;design (rej);0.422;0;sem match válido;Qwen3-1.7B-QLoRA
ID_3341755886753117;20;optimizing capacitance ratio;capacitance ratio assignment (rej);0.878;0;sem match válido;Qwen3-1.7B-QLoRA
ID_3387018530825694;1;aspect-oriented programming;aspect-oriented programming;1.000;2;match válido;Qwen3-1.7B-QLoRA
ID_3387018530825694;2;aspect-oriented software;aspect-oriented programming (rej);0.855;0;sem match válido;Qwen3-1.7B-QLoRA
ID_3387018530825694;3;aspect-oriented software development;aspect-oriented programming (rej);0.791;0;sem match válido;Qwen3-1.7B-QLoRA
ID_3387018530825694;4;aspect-oriented software engineering;software engineering;0.827;3;match válido;Qwen3-1.7B-QLoRA
ID_3387018530825694;5;component-based design;aspect-oriented programming (rej);0.660;0;sem match válido;Qwen3-1.7B-QLoRA
ID_3387018530825694;6;component-based model;aspect-oriented programming (rej);0.579;0;sem match válido;Qwen3-1.7B-QLoRA
ID_3387018530825694;7;crosscutting features;aspect-oriented programming (rej);0.473;0;sem match válido;Qwen3-1.7B-QLoRA
ID_3387018530825694;8;design patterns;structured programming (rej);0.492;0;sem match válido;Qwen3-1.7B-QLoRA
ID_3387018530825694;9;design patterns as aspects;aspect-oriented programming (rej);0.548;0;sem match válido;Qwen3-1.7B-QLoRA
ID_3387018530825694;10;design patterns with aspects;aspect-oriented programming (rej);0.587;0;sem match válido;Qwen3-1.7B-QLoRA
ID_3387018530825694;11;design patterns with aspect;aspect-oriented programming (rej);0.633;0;sem match válido;Qwen3-1.7B-QLoRA
ID_3387018530825694;12;exception handling;exception handling;1.000;3;match válido;Qwen3-1.7B-QLoRA
ID_3387018530825694;13;framework crosscutting extensions;tool integration (rej);0.483;0;sem match válido;Qwen3-1.7B-QLoRA
ID_3387018530825694;14;frameworks with aspects;aspect-oriented programming (rej);0.651;0;sem match válido;Qwen3-1.7B-QLoRA
ID_3387018530825694;15;generative and aspect-oriented;aspect-oriented programming (rej);0.716;0;sem match válido;Qwen3-1.7B-QLoRA
ID_3387018530825694;16;layered information system;especificação de sistemas (rej);0.457;0;sem match válido;Qwen3-1.7B-QLoRA
ID_3387018530825694;17;multicriteria decision;separation of concerns (rej);0.413;0;sem match válido;Qwen3-1.7B-QLoRA
ID_3387018530825694;18;multi-agent systems;especificação de sistemas (rej);0.514;0;sem match válido;Qwen3-1.7B-QLoRA
ID_3387018530825694;19;multi-agent system;especificação de sistemas (rej);0.486;0;sem match válido;Qwen3-1.7B-QLoRA
ID_3387018530825694;20;multi-agent systems using mock;especificação de sistemas (rej);0.441;0;sem match válido;Qwen3-1.7B-QLoRA
ID_3413049864861519;1;exact approach;exact approach;1.000;2;match válido;Qwen3-1.7B-QLoRA
ID_3413049864861519;2;integer programming;integer programming formulations;0.955;3;match válido;Qwen3-1.7B-QLoRA
ID_3413049864861519;3;maximum k-balanced subgraph;maximum balanced subgraph (rej);0.866;0;sem match válido;Qwen3-1.7B-QLoRA
ID_3413049864861519;4;maximum k-balanced subgraph problem;maximum balanced subgraph (rej);0.836;0;sem match válido;Qwen3-1.7B-QLoRA
ID_3413049864861519;5;maximum k-balanced subgraph problems;maximum balanced subgraph (rej);0.824;0;sem match válido;Qwen3-1.7B-QLoRA
ID_3413049864861519;6;maximum k-balanced subgraphs;maximum balanced subgraph (rej);0.863;0;sem match válido;Qwen3-1.7B-QLoRA
ID_3413049864861519;7;maximum embedded network;embedded network;0.807;3;match válido;Qwen3-1.7B-QLoRA
ID_3413049864861519;8;maximum embedded network submatrix;embedded network (rej);0.703;0;sem match válido;Qwen3-1.7B-QLoRA
ID_3413049864861519;9;maximum subgraph;maximum balanced subgraph;0.896;2;match válido;Qwen3-1.7B-QLoRA
ID_3413049864861519;10;maximum subgraph problem;maximum balanced subgraph (rej);0.866;0;sem match válido;Qwen3-1.7B-QLoRA
ID_3413049864861519;11;maximum subgraphs;maximum balanced subgraph (rej);0.891;0;sem match válido;Qwen3-1.7B-QLoRA
ID_3413049864861519;12;maximum subgraph problems;maximum balanced subgraph (rej);0.859;0;sem match válido;Qwen3-1.7B-QLoRA
ID_3413049864861519;13;maximum subgraphs problems;maximum balanced subgraph (rej);0.859;0;sem match válido;Qwen3-1.7B-QLoRA
ID_3413049864861519;14;;;;;;Qwen3-1.7B-QLoRA
ID_3413049864861519;15;;;;;;Qwen3-1.7B-QLoRA
ID_3413049864861519;16;;;;;;Qwen3-1.7B-QLoRA
ID_3413049864861519;17;;;;;;Qwen3-1.7B-QLoRA
ID_3413049864861519;18;;;;;;Qwen3-1.7B-QLoRA
ID_3413049864861519;19;;;;;;Qwen3-1.7B-QLoRA
ID_3413049864861519;20;;;;;;Qwen3-1.7B-QLoRA
ID_3496070172209437;1;bacterial diversity;bacterial diversity;1.000;3;match válido;Qwen3-1.7B-QLoRA
ID_3496070172209437;2;bacterial population;bacterial diversity (rej);0.835;0;sem match válido;Qwen3-1.7B-QLoRA
ID_3496070172209437;3;bacteria associated with plants;plant growth-promoting bacteria;0.861;3;match válido;Qwen3-1.7B-QLoRA
ID_3496070172209437;4;bacterial population dynamics;bacterial diversity (rej);0.757;0;sem match válido;Qwen3-1.7B-QLoRA
ID_3496070172209437;5;bacterial populations;bacterial diversity (rej);0.846;0;sem match válido;Qwen3-1.7B-QLoRA
ID_3496070172209437;6;bacterial population structure;bacterial diversity (rej);0.808;0;sem match válido;Qwen3-1.7B-QLoRA
ID_3496070172209437;7;bacterial richness;bacterial diversity (rej);0.817;0;sem match válido;Qwen3-1.7B-QLoRA
ID_3496070172209437;8;bacterial strains;bacterial isolates (rej);0.855;0;sem match válido;Qwen3-1.7B-QLoRA
ID_3496070172209437;9;bacterial strains nodulating soybean;soybean bradyrhizobia populations (rej);0.778;0;sem match válido;Qwen3-1.7B-QLoRA
ID_3496070172209437;10;bacterial strains isolated;bacterial isolates;0.907;1;match válido;Qwen3-1.7B-QLoRA
ID_3496070172209437;11;bacterial strains nodulating;bacterial isolates (rej);0.781;0;sem match válido;Qwen3-1.7B-QLoRA
ID_3496070172209437;12;bacteria in soil;plant growth-promoting bacteria (rej);0.729;0;sem match válido;Qwen3-1.7B-QLoRA
ID_3496070172209437;13;bacteria in rhizosphere;strains of rhizobacteria;0.813;1;match válido;Qwen3-1.7B-QLoRA
ID_3496070172209437;14;bacteria populations;bacterial diversity (rej);0.826;0;sem match válido;Qwen3-1.7B-QLoRA
ID_3496070172209437;15;bacterial species;strain of bacillus;0.763;2;match válido;Qwen3-1.7B-QLoRA
ID_3496070172209437;16;bacteria strains;bacterial isolates (rej);0.844;0;sem match válido;Qwen3-1.7B-QLoRA
ID_3496070172209437;17;bacterial strains from soil;plant growth-promoting bacteria (rej);0.736;0;sem match válido;Qwen3-1.7B-QLoRA
ID_3496070172209437;18;bacterial strains of soybean;soybean bradyrhizobia populations;0.817;2;match válido;Qwen3-1.7B-QLoRA
ID_3496070172209437;19;bacteria of soybean;soybean bradyrhizobia populations (rej);0.806;0;sem match válido;Qwen3-1.7B-QLoRA
ID_3496070172209437;20;bacteria populations in soil;bacterial diversity (rej);0.703;0;sem match válido;Qwen3-1.7B-QLoRA
ID_3524890504250775;1;co2 laser;laser de diodo;0.757;1;match válido;Qwen3-1.7B-QLoRA
ID_3524890504250775;2;co2 laser irradiation;laser irradiation;0.852;2;match válido;Qwen3-1.7B-QLoRA
ID_3524890504250775;3;co2 lasers;laser de diodo (rej);0.752;0;sem match válido;Qwen3-1.7B-QLoRA
ID_3524890504250775;4;dental enamel;dental enamel;1.000;1;match válido;Qwen3-1.7B-QLoRA
ID_3524890504250775;5;dental hard tissues;dental enamel (rej);0.813;0;sem match válido;Qwen3-1.7B-QLoRA
ID_3524890504250775;6;fluoride dentifrice effect;fluoride (rej);0.791;0;sem match válido;Qwen3-1.7B-QLoRA
ID_3524890504250775;7;fluoride dentifrices;fluoride (rej);0.820;0;sem match válido;Qwen3-1.7B-QLoRA
ID_3524890504250775;8;fluoride on enamel;fluoride;0.959;1;match válido;Qwen3-1.7B-QLoRA
ID_3524890504250775;9;fluoride on enamel demineralization;fluoride (rej);0.836;0;sem match válido;Qwen3-1.7B-QLoRA
ID_3524890504250775;10;fluoride on enamel demineralization evaluation;fluoride (rej);0.766;0;sem match válido;Qwen3-1.7B-QLoRA
ID_3524890504250775;11;fluoride on enamel surface;fluoride (rej);0.896;0;sem match válido;Qwen3-1.7B-QLoRA
ID_3524890504250775;12;fluoride on enamel surface hardness;fluoride (rej);0.762;0;sem match válido;Qwen3-1.7B-QLoRA
ID_3524890504250775;13;fluoride on enamel surface hardness measurement;fluoride (rej);0.701;0;sem match válido;Qwen3-1.7B-QLoRA
ID_3524890504250775;14;fluoride on enamel surface hardness values;fluoride (rej);0.731;0;sem match válido;Qwen3-1.7B-QLoRA
ID_3524890504250775;15;;;;;;Qwen3-1.7B-QLoRA
ID_3524890504250775;16;;;;;;Qwen3-1.7B-QLoRA
ID_3524890504250775;17;;;;;;Qwen3-1.7B-QLoRA
ID_3524890504250775;18;;;;;;Qwen3-1.7B-QLoRA
ID_3524890504250775;19;;;;;;Qwen3-1.7B-QLoRA
ID_3524890504250775;20;;;;;;Qwen3-1.7B-QLoRA
ID_3532765293459410;1;alimento e fezes;total digestible nutrients (rej);0.662;0;sem match válido;Qwen3-1.7B-QLoRA
ID_3532765293459410;2;alimento para ruminantes;silagem de milho (rej);0.638;0;sem match válido;Qwen3-1.7B-QLoRA
ID_3532765293459410;3;alimentos para ruminantes;silagem de milho (rej);0.641;0;sem match válido;Qwen3-1.7B-QLoRA
ID_3532765293459410;4;compostos nitrogenados associados;compostos nitrogenados;0.974;2;match válido;Qwen3-1.7B-QLoRA
ID_3532765293459410;5;curva de lactação;nellore (rej);0.503;0;sem match válido;Qwen3-1.7B-QLoRA
ID_3532765293459410;6;dietas contendo diferentes;total digestible nutrients (rej);0.688;0;sem match válido;Qwen3-1.7B-QLoRA
ID_3532765293459410;7;digestibilidade dos nutrientes;total digestible nutrients;0.920;3;match válido;Qwen3-1.7B-QLoRA
ID_3532765293459410;8;digestibility coefficient;digestibility;0.938;3;match válido;Qwen3-1.7B-QLoRA
ID_3532765293459410;9;estimação da digestibilidade;digestibilidade aparente;0.915;2;match válido;Qwen3-1.7B-QLoRA
ID_3532765293459410;10;estimação laboratorial dos teores;níveis de concentrado (rej);0.544;0;sem match válido;Qwen3-1.7B-QLoRA
ID_3532765293459410;11;forage;pasture (rej);0.688;0;sem match válido;Qwen3-1.7B-QLoRA
ID_3532765293459410;12;forragem de baixa qualidade;silagem de milho (rej);0.557;0;sem match válido;Qwen3-1.7B-QLoRA
ID_3532765293459410;13;in vitro da fibra;neutral detergent fiber (rej);0.643;0;sem match válido;Qwen3-1.7B-QLoRA
ID_3532765293459410;14;lactating cows;beef cattle;0.760;3;match válido;Qwen3-1.7B-QLoRA
ID_3532765293459410;15;lignin;nellore (rej);0.421;0;sem match válido;Qwen3-1.7B-QLoRA
ID_3532765293459410;16;neutral detergent fiber;neutral detergent fiber;1.000;2;match válido;Qwen3-1.7B-QLoRA
ID_3532765293459410;17;neutral detergent fiber (nrf);neutral detergent fiber (rej);0.903;0;sem match válido;Qwen3-1.7B-QLoRA
ID_3532765293459410;18;nutrient requirements;total digestible nutrients (rej);0.725;0;sem match válido;Qwen3-1.7B-QLoRA
ID_3532765293459410;19;nutrição em bovinos;beef cattle (rej);0.717;0;sem match válido;Qwen3-1.7B-QLoRA
ID_3532765293459410;20;nutrição em bovinos em pastejo;silagem de milho (rej);0.663;0;sem match válido;Qwen3-1.7B-QLoRA
ID_3563923906851611;1;alloy;semantics for alloy;0.808;1;match válido;Qwen3-1.7B-QLoRA
ID_3563923906851611;2;alloy idioms;introducing alloy idioms;0.931;2;match válido;Qwen3-1.7B-QLoRA
ID_3563923906851611;3;alloy model;semantics for alloy (rej);0.767;0;sem match válido;Qwen3-1.7B-QLoRA
ID_3563923906851611;4;alloy model-driven development;semantics for alloy (rej);0.659;0;sem match válido;Qwen3-1.7B-QLoRA
ID_3563923906851611;5;alloy model-refactoring;model-driven refactoring (rej);0.703;0;sem match válido;Qwen3-1.7B-QLoRA
ID_3563923906851611;6;alloy model-refactoring approach;model-driven refactoring (rej);0.720;0;sem match válido;Qwen3-1.7B-QLoRA
ID_3563923906851611;7;alloy model-driven approach;semantics for alloy (rej);0.659;0;sem match válido;Qwen3-1.7B-QLoRA
ID_3563923906851611;8;alloy model-driven development approach;semantics for alloy (rej);0.633;0;sem match válido;Qwen3-1.7B-QLoRA
ID_3563923906851611;9;alloy model-driven development techniques;semantics for alloy (rej);0.630;0;sem match válido;Qwen3-1.7B-QLoRA
ID_3563923906851611;10;alloy model-driven methods;semantics for alloy (rej);0.637;0;sem match válido;Qwen3-1.7B-QLoRA
ID_3563923906851611;11;alloy model-driven program refactoring;model-driven refactoring (rej);0.786;0;sem match válido;Qwen3-1.7B-QLoRA
ID_3563923906851611;12;alloy model-driven program refactoring approach;model-driven refactoring;0.795;3;match válido;Qwen3-1.7B-QLoRA
ID_3563923906851611;13;alloy model-driven program refactoring techniques;model-driven refactoring (rej);0.775;0;sem match válido;Qwen3-1.7B-QLoRA
ID_3563923906851611;14;alloy model-driven software engineering;software engineering;0.762;2;match válido;Qwen3-1.7B-QLoRA
ID_3563923906851611;15;alloy model-driven software engineering techniques;software engineering (rej);0.742;0;sem match válido;Qwen3-1.7B-QLoRA
ID_3563923906851611;16;alloy model-driven techniques;semantics for alloy (rej);0.654;0;sem match válido;Qwen3-1.7B-QLoRA
ID_3563923906851611;17;alloy model-refactoring tools;model-driven refactoring (rej);0.695;0;sem match válido;Qwen3-1.7B-QLoRA
ID_3563923906851611;18;alloy model-refactoring tools and techniques;model-driven refactoring (rej);0.650;0;sem match válido;Qwen3-1.7B-QLoRA
ID_3563923906851611;19;;;;;;Qwen3-1.7B-QLoRA
ID_3563923906851611;20;;;;;;Qwen3-1.7B-QLoRA
ID_3569531507114017;1;atomic force;impact ionization (rej);0.473;0;sem match válido;Qwen3-1.7B-QLoRA
ID_3569531507114017;2;atomic force microscopy;performed magneto-photoluminescence experiments (rej);0.536;0;sem match válido;Qwen3-1.7B-QLoRA
ID_3569531507114017;3;atomic force microscopy study;performed magneto-photoluminescence experiments (rej);0.513;0;sem match válido;Qwen3-1.7B-QLoRA
ID_3569531507114017;4;deep level defects;surface (rej);0.436;0;sem match válido;Qwen3-1.7B-QLoRA
ID_3569531507114017;5;electrical properties;electric transport properties (rej);0.683;0;sem match válido;Qwen3-1.7B-QLoRA
ID_3569531507114017;6;epitaxial growth;growth of inas (rej);0.459;0;sem match válido;Qwen3-1.7B-QLoRA
ID_3569531507114017;7;gaas samples;sxs measurements (rej);0.474;0;sem match válido;Qwen3-1.7B-QLoRA
ID_3569531507114017;8;high electric fields;threshold electric field (rej);0.744;0;sem match válido;Qwen3-1.7B-QLoRA
ID_3569531507114017;9;low frequency oscillations;low frequency oscillations;1.000;2;match válido;Qwen3-1.7B-QLoRA
ID_3569531507114017;10;low mobility;gaas spacer (rej);0.447;0;sem match válido;Qwen3-1.7B-QLoRA
ID_3569531507114017;11;low temperature molecular beam;λ-microcavity, rabi splitting, temperature tuning (rej);0.551;0;sem match válido;Qwen3-1.7B-QLoRA
ID_3569531507114017;12;low-temperature molecular beam;λ-microcavity, rabi splitting, temperature tuning (rej);0.540;0;sem match válido;Qwen3-1.7B-QLoRA
ID_3569531507114017;13;low-temperature molecular beam epitaxy;λ-microcavity, rabi splitting, temperature tuning (rej);0.483;0;sem match válido;Qwen3-1.7B-QLoRA
ID_3569531507114017;14;molecular beam epitaxy;synchrotron radiation (rej);0.422;0;sem match válido;Qwen3-1.7B-QLoRA
ID_3569531507114017;15;molecular beam epitaxy (mbe);indium arsenide (rej);0.397;0;sem match válido;Qwen3-1.7B-QLoRA
ID_3569531507114017;16;molecular beam epitaxy gaas;synchrotron radiation (rej);0.441;0;sem match válido;Qwen3-1.7B-QLoRA
ID_3569531507114017;17;molecular beam epitaxy gaas samples;gallium arsenide (rej);0.443;0;sem match válido;Qwen3-1.7B-QLoRA
ID_3569531507114017;18;molecular beam epitaxy growth;growth of inas (rej);0.416;0;sem match válido;Qwen3-1.7B-QLoRA
ID_3569531507114017;19;molecular beam epitaxy growth temperature;λ-microcavity, rabi splitting, temperature tuning (rej);0.477;0;sem match válido;Qwen3-1.7B-QLoRA
ID_3569531507114017;20;molecular beam epitaxy growth temperatures;λ-microcavity, rabi splitting, temperature tuning (rej);0.485;0;sem match válido;Qwen3-1.7B-QLoRA
ID_3590884268165249;1;adsorption;adsorption;1.000;3;match válido;Qwen3-1.7B-QLoRA
ID_3590884268165249;2;biological route;biosorption (rej);0.521;0;sem match válido;Qwen3-1.7B-QLoRA
ID_3590884268165249;3;brazília;strong base resins (rej);0.280;0;sem match válido;Qwen3-1.7B-QLoRA
ID_3590884268165249;4;heavy metal;selected heavy metal;0.896;3;match válido;Qwen3-1.7B-QLoRA
ID_3590884268165249;5;heavy metals;heavy metal ions;0.855;2;match válido;Qwen3-1.7B-QLoRA
ID_3590884268165249;6;heavy metal removal;selected heavy metal (rej);0.677;0;sem match válido;Qwen3-1.7B-QLoRA
ID_3590884268165249;7;heavy metal uptake;selected heavy metal (rej);0.802;0;sem match válido;Qwen3-1.7B-QLoRA
ID_3590884268165249;8;heavy metal uptake capacity;heavy metal ions (rej);0.617;0;sem match válido;Qwen3-1.7B-QLoRA
ID_3590884268165249;9;heavy metal uptake mechanism;metalurgia extrativa (rej);0.697;0;sem match válido;Qwen3-1.7B-QLoRA
ID_3590884268165249;10;heavy metal uptake process;metalurgia extrativa (rej);0.729;0;sem match válido;Qwen3-1.7B-QLoRA
ID_3590884268165249;11;heavy metal removal process;metalurgia extrativa (rej);0.654;0;sem match válido;Qwen3-1.7B-QLoRA
ID_3590884268165249;12;heavy metal removal studies;metalurgia extrativa (rej);0.706;0;sem match válido;Qwen3-1.7B-QLoRA
ID_3590884268165249;13;heavy metal removal techniques;metalurgia extrativa (rej);0.664;0;sem match válido;Qwen3-1.7B-QLoRA
ID_3590884268165249;14;heavy metals removal;arsenic removal (rej);0.734;0;sem match válido;Qwen3-1.7B-QLoRA
ID_3590884268165249;15;heavy metal sorption;selected heavy metal (rej);0.753;0;sem match válido;Qwen3-1.7B-QLoRA
ID_3590884268165249;16;heavy metal sorption studies;metalurgia extrativa (rej);0.722;0;sem match válido;Qwen3-1.7B-QLoRA
ID_3590884268165249;17;heavy metal uptake studies;selected heavy metal (rej);0.780;0;sem match válido;Qwen3-1.7B-QLoRA
ID_3590884268165249;18;;;;;;Qwen3-1.7B-QLoRA
ID_3590884268165249;19;;;;;;Qwen3-1.7B-QLoRA
ID_3590884268165249;20;;;;;;Qwen3-1.7B-QLoRA
ID_3594651355252245;1;density functional theory;density functional theory;1.000;3;match válido;Qwen3-1.7B-QLoRA
ID_3594651355252245;2;electronic transport;electronic transport;1.000;3;match válido;Qwen3-1.7B-QLoRA
ID_3594651355252245;3;electronic transport properties;electronic transport (rej);0.882;0;sem match válido;Qwen3-1.7B-QLoRA
ID_3594651355252245;4;finite-size scaling;scaling properties;0.827;2;match válido;Qwen3-1.7B-QLoRA
ID_3594651355252245;5;magnetic properties;magnetic polaritons;0.781;1;match válido;Qwen3-1.7B-QLoRA
ID_3594651355252245;6;magnetic phase transitions;magnetic polaritons (rej);0.726;0;sem match válido;Qwen3-1.7B-QLoRA
ID_3594651355252245;7;optical properties;optical properties;1.000;1;match válido;Qwen3-1.7B-QLoRA
ID_3594651355252245;8;optical spectroscopy;optical absorption;0.790;2;match válido;Qwen3-1.7B-QLoRA
ID_3594651355252245;9;optoelectronic properties;optical properties (rej);0.781;0;sem match válido;Qwen3-1.7B-QLoRA
ID_3594651355252245;10;quasiperiodic magnetic multilayers;magnetic polaritons (rej);0.699;0;sem match válido;Qwen3-1.7B-QLoRA
ID_3594651355252245;11;quasiperiodic photonic crystals;quasiperiodic photonic crystals;1.000;2;match válido;Qwen3-1.7B-QLoRA
ID_3594651355252245;12;quasiperiodic photonic crystals: optical absorption;quasiperiodic photonic crystals (rej);0.934;0;sem match válido;Qwen3-1.7B-QLoRA
ID_3594651355252245;13;quasiperiodic photonic crystals: optical properties;photonic crystals;0.916;3;match válido;Qwen3-1.7B-QLoRA
ID_3594651355252245;14;quasiperiodic photonic crystals: specific heat;quasiperiodic photonic crystals (rej);0.909;0;sem match válido;Qwen3-1.7B-QLoRA
ID_3594651355252245;15;quasiperiodic photonic crystals: thermodynamic properties;quasiperiodic photonic crystals (rej);0.881;0;sem match válido;Qwen3-1.7B-QLoRA
ID_3594651355252245;16;quasiperiodic photonic crystals: vibrational properties;quasiperiodic photonic crystals (rej);0.922;0;sem match válido;Qwen3-1.7B-QLoRA
ID_3594651355252245;17;quasiperiodic photonic crystals: vibrational spectra;quasiperiodic photonic crystals (rej);0.931;0;sem match válido;Qwen3-1.7B-QLoRA
ID_3594651355252245;18;quasiperiodic photonic crystals: vibrational spectra of monohydrated;quasiperiodic photonic crystals (rej);0.852;0;sem match válido;Qwen3-1.7B-QLoRA
ID_3594651355252245;19;quasiperiodic photonic crystals: vibrational spectra of monohydrated l-aspartic;quasiperiodic photonic crystals (rej);0.779;0;sem match válido;Qwen3-1.7B-QLoRA
ID_3594651355252245;20;;;;;;Qwen3-1.7B-QLoRA
ID_3621433615334969;1;computer science;computer systems;0.752;2;match válido;Qwen3-1.7B-QLoRA
ID_3621433615334969;2;deterministic models;utility-based modeling (rej);0.548;0;sem match válido;Qwen3-1.7B-QLoRA
ID_3621433615334969;3;evolutionary game-theoretic;evolutionary game-theoretic approach (rej);0.991;0;sem match válido;Qwen3-1.7B-QLoRA
ID_3621433615334969;4;evolutionary game-theoretic approach;evolutionary game-theoretic approach;1.000;1;match válido;Qwen3-1.7B-QLoRA
ID_3621433615334969;5;game theory;game theory;1.000;2;match válido;Qwen3-1.7B-QLoRA
ID_3621433615334969;6;game-theoretic approach;game theory (rej);0.960;0;sem match válido;Qwen3-1.7B-QLoRA
ID_3621433615334969;7;internet traffic;network traffic characterization (rej);0.794;0;sem match válido;Qwen3-1.7B-QLoRA
ID_3621433615334969;8;internet traffic models;traffic analysis;0.797;1;match válido;Qwen3-1.7B-QLoRA
ID_3621433615334969;9;modeling;utility-based modeling (rej);0.607;0;sem match válido;Qwen3-1.7B-QLoRA
ID_3621433615334969;10;network traffic;network traffic characterization;0.928;2;match válido;Qwen3-1.7B-QLoRA
ID_3621433615334969;11;peer-to-peer;peer-to-peer sharing systems;0.845;2;match válido;Qwen3-1.7B-QLoRA
ID_3621433615334969;12;peer-to-peer file sharing;peer-to-peer file-sharing;0.992;2;match válido;Qwen3-1.7B-QLoRA
ID_3621433615334969;13;peer-to-peer video streaming;peer-to-peer sharing systems (rej);0.671;0;sem match válido;Qwen3-1.7B-QLoRA
ID_3621433615334969;14;preferential attachment;long-range dependence (rej);0.423;0;sem match válido;Qwen3-1.7B-QLoRA
ID_3621433615334969;15;preferential attachment model;long-range dependence (rej);0.459;0;sem match válido;Qwen3-1.7B-QLoRA
ID_3621433615334969;16;preferential attachment models;long-range dependence (rej);0.480;0;sem match válido;Qwen3-1.7B-QLoRA
ID_3621433615334969;17;preferential attachment process;long-range dependence (rej);0.359;0;sem match válido;Qwen3-1.7B-QLoRA
ID_3621433615334969;18;preferential attachment processes;tcp mechanisms (rej);0.388;0;sem match válido;Qwen3-1.7B-QLoRA
ID_3621433615334969;19;preferential attachment systems;long-range dependence (rej);0.417;0;sem match válido;Qwen3-1.7B-QLoRA
ID_3621433615334969;20;preferential attachment systems model;long-range dependence (rej);0.474;0;sem match válido;Qwen3-1.7B-QLoRA
ID_3663976246405654;1;bioavailability;soil biosolid amendment (rej);0.508;0;sem match válido;Qwen3-1.7B-QLoRA
ID_3663976246405654;2;geochemical behavior;geochemical partitioning;0.778;3;match válido;Qwen3-1.7B-QLoRA
ID_3663976246405654;3;heavy metals;heavy metals;1.000;2;match válido;Qwen3-1.7B-QLoRA
ID_3663976246405654;4;heavy metal;heavy metals (rej);0.871;0;sem match válido;Qwen3-1.7B-QLoRA
ID_3663976246405654;5;heavy metals distribution;trace metal distribution;0.765;1;match válido;Qwen3-1.7B-QLoRA
ID_3663976246405654;6;mercury speciation;heavy metals (rej);0.527;0;sem match válido;Qwen3-1.7B-QLoRA
ID_3663976246405654;7;mercury species;cesium (rej);0.449;0;sem match válido;Qwen3-1.7B-QLoRA
ID_3663976246405654;8;organic amendment;soil biosolid amendment (rej);0.635;0;sem match válido;Qwen3-1.7B-QLoRA
ID_3663976246405654;9;soil contamination;soils contaminated artificially;0.921;2;match válido;Qwen3-1.7B-QLoRA
ID_3663976246405654;10;soil to plant transfer;soil-to-plant transfer;0.975;3;match válido;Qwen3-1.7B-QLoRA
ID_3663976246405654;11;soil to plant transfer factor;soil-to-plant transfer factor;0.979;3;match válido;Qwen3-1.7B-QLoRA
ID_3663976246405654;12;transfer and mobility;potential mobility;0.803;2;match válido;Qwen3-1.7B-QLoRA
ID_3663976246405654;13;transfer factor;soil-to-plant transfer factor (rej);0.561;0;sem match válido;Qwen3-1.7B-QLoRA
ID_3663976246405654;14;transfer factor values;soil-to-plant transfer factor (rej);0.523;0;sem match válido;Qwen3-1.7B-QLoRA
ID_3663976246405654;15;transfer factor values by;soil-to-plant transfer factor (rej);0.516;0;sem match válido;Qwen3-1.7B-QLoRA
ID_3663976246405654;16;transfer factor values for;soil-to-plant transfer factor (rej);0.518;0;sem match válido;Qwen3-1.7B-QLoRA
ID_3663976246405654;17;transfer factor values of;soil-to-plant transfer factor (rej);0.512;0;sem match válido;Qwen3-1.7B-QLoRA
ID_3663976246405654;18;transfer factor values of 137cs;soil-to-plant transfer factor (rej);0.421;0;sem match válido;Qwen3-1.7B-QLoRA
ID_3663976246405654;19;transfer factor values of 137cs and;soil-to-plant transfer factor (rej);0.425;0;sem match válido;Qwen3-1.7B-QLoRA
ID_3663976246405654;20;transfer factor values of 137cs and 60co;soil-to-plant transfer factor (rej);0.402;0;sem match válido;Qwen3-1.7B-QLoRA
ID_3664073315037262;1;caravelas estuary;estuarine circulation (rej);0.576;0;sem match válido;Qwen3-1.7B-QLoRA
ID_3664073315037262;2;caravelas estuaries;estuarine circulation (rej);0.686;0;sem match válido;Qwen3-1.7B-QLoRA
ID_3664073315037262;3;caravelas estuaries system;estuarine circulation (rej);0.602;0;sem match válido;Qwen3-1.7B-QLoRA
ID_3664073315037262;4;estuarine system;estuarine hydrodynamics (rej);0.752;0;sem match válido;Qwen3-1.7B-QLoRA
ID_3664073315037262;5;hydrodynamics;estuarine hydrodynamics;0.790;3;match válido;Qwen3-1.7B-QLoRA
ID_3664073315037262;6;hydrodynamics and sediment;sedimentos em suspensão;0.770;2;match válido;Qwen3-1.7B-QLoRA
ID_3664073315037262;7;hydrodynamics and suspended;estuarine hydrodynamics (rej);0.700;0;sem match válido;Qwen3-1.7B-QLoRA
ID_3664073315037262;8;hydrodynamics and transport;estuarine hydrodynamics (rej);0.673;0;sem match válido;Qwen3-1.7B-QLoRA
ID_3664073315037262;9;hydrodynamics and transport processes;transport processes (rej);0.675;0;sem match válido;Qwen3-1.7B-QLoRA
ID_3664073315037262;10;hydrodynamics and suspended sediment;suspended sediments;0.849;2;match válido;Qwen3-1.7B-QLoRA
ID_3664073315037262;11;hydrodynamics and suspended sediment transport;suspended sediment transport;0.895;3;match válido;Qwen3-1.7B-QLoRA
ID_3664073315037262;12;hydrodynamics and transport process;transport processes (rej);0.675;0;sem match válido;Qwen3-1.7B-QLoRA
ID_3664073315037262;13;hydrodynamics and transport processs;transport processes (rej);0.674;0;sem match válido;Qwen3-1.7B-QLoRA
ID_3664073315037262;14;;;;;;Qwen3-1.7B-QLoRA
ID_3664073315037262;15;;;;;;Qwen3-1.7B-QLoRA
ID_3664073315037262;16;;;;;;Qwen3-1.7B-QLoRA
ID_3664073315037262;17;;;;;;Qwen3-1.7B-QLoRA
ID_3664073315037262;18;;;;;;Qwen3-1.7B-QLoRA
ID_3664073315037262;19;;;;;;Qwen3-1.7B-QLoRA
ID_3664073315037262;20;;;;;;Qwen3-1.7B-QLoRA
ID_3714905065293466;1;celestial mechanics;stellar rotation (rej);0.717;0;sem match válido;Qwen3-1.7B-QLoRA
ID_3714905065293466;2;celestial mechanics and astronomy;stellar rotation (rej);0.744;0;sem match válido;Qwen3-1.7B-QLoRA
ID_3714905065293466;3;celestial mechanics and dynamics;stellar rotation (rej);0.678;0;sem match válido;Qwen3-1.7B-QLoRA
ID_3714905065293466;4;celestial mechanics and orbital dynamics;stellar rotation (rej);0.720;0;sem match válido;Qwen3-1.7B-QLoRA
ID_3714905065293466;5;celestial mechanics and planetary;stellar rotation (rej);0.743;0;sem match válido;Qwen3-1.7B-QLoRA
ID_3714905065293466;6;celestial mechanics and planetary dynamics;stellar rotation (rej);0.708;0;sem match válido;Qwen3-1.7B-QLoRA
ID_3714905065293466;7;celestial mechanics and planetary physics;stellar rotation (rej);0.725;0;sem match válido;Qwen3-1.7B-QLoRA
ID_3714905065293466;8;celestial mechanics and physics;astrophysics and astroparticles  (rej);0.718;0;sem match válido;Qwen3-1.7B-QLoRA
ID_3714905065293466;9;;;;;;Qwen3-1.7B-QLoRA
ID_3714905065293466;10;;;;;;Qwen3-1.7B-QLoRA
ID_3714905065293466;11;;;;;;Qwen3-1.7B-QLoRA
ID_3714905065293466;12;;;;;;Qwen3-1.7B-QLoRA
ID_3714905065293466;13;;;;;;Qwen3-1.7B-QLoRA
ID_3714905065293466;14;;;;;;Qwen3-1.7B-QLoRA
ID_3714905065293466;15;;;;;;Qwen3-1.7B-QLoRA
ID_3714905065293466;16;;;;;;Qwen3-1.7B-QLoRA
ID_3714905065293466;17;;;;;;Qwen3-1.7B-QLoRA
ID_3714905065293466;18;;;;;;Qwen3-1.7B-QLoRA
ID_3714905065293466;19;;;;;;Qwen3-1.7B-QLoRA
ID_3714905065293466;20;;;;;;Qwen3-1.7B-QLoRA
ID_3718352314610417;1;animal strongyloidiasis;strongyloides venezuelensis (rej);0.675;0;sem match válido;Qwen3-1.7B-QLoRA
ID_3718352314610417;2;behavioral changes;condições (rej);0.376;0;sem match válido;Qwen3-1.7B-QLoRA
ID_3718352314610417;3;concomitant infections;experimental infection (rej);0.785;0;sem match válido;Qwen3-1.7B-QLoRA
ID_3718352314610417;4;experimental infections;experimental infection;0.990;3;match válido;Qwen3-1.7B-QLoRA
ID_3718352314610417;5;experimental strongyloidiasis;strongyloides venezuelensis (rej);0.633;0;sem match válido;Qwen3-1.7B-QLoRA
ID_3718352314610417;6;experimental toxocariasis;experimental toxocariasis;1.000;3;match válido;Qwen3-1.7B-QLoRA
ID_3718352314610417;7;experimental toxocariasis in hamsters;experimental toxocariasis (rej);0.761;0;sem match válido;Qwen3-1.7B-QLoRA
ID_3718352314610417;8;human strongyloidiasis;visceral leishmaniasis (rej);0.578;0;sem match válido;Qwen3-1.7B-QLoRA
ID_3718352314610417;9;human toxocariasis;toxocariasis;0.955;3;match válido;Qwen3-1.7B-QLoRA
ID_3718352314610417;10;infection;experimental infection (rej);0.876;0;sem match válido;Qwen3-1.7B-QLoRA
ID_3718352314610417;11;molecular diagnosis;esquistossomose mansônica (rej);0.489;0;sem match válido;Qwen3-1.7B-QLoRA
ID_3718352314610417;12;parasitology;esquistossomose mansoni (rej);0.694;0;sem match válido;Qwen3-1.7B-QLoRA
ID_3718352314610417;13;strongyloides venezuelensis;strongyloides venezuelensis;1.000;3;match válido;Qwen3-1.7B-QLoRA
ID_3718352314610417;14;strongyloides stercoralis;strongyloides venezuelensis (rej);0.759;0;sem match válido;Qwen3-1.7B-QLoRA
ID_3718352314610417;15;strongyloidiasis;strongyloides venezuelensis (rej);0.662;0;sem match válido;Qwen3-1.7B-QLoRA
ID_3718352314610417;16;strongyloides stercoralis infection;strongyloides venezuelensis (rej);0.612;0;sem match válido;Qwen3-1.7B-QLoRA
ID_3718352314610417;17;toxocara canis;toxocara canis;1.000;3;match válido;Qwen3-1.7B-QLoRA
ID_3718352314610417;18;toxocara cati;toxocara cati;1.000;3;match válido;Qwen3-1.7B-QLoRA
ID_3718352314610417;19;toxocara spp.;toxocara;0.930;3;match válido;Qwen3-1.7B-QLoRA
ID_3718352314610417;20;toxoplasma gondii;toxoplasma gondii;1.000;3;match válido;Qwen3-1.7B-QLoRA
ID_3746397954560718;1;advective surface velocities;advective surface velocities;1.000;1;match válido;Qwen3-1.7B-QLoRA
ID_3746397954560718;2;advective surface velocities derived;surface advective velocities;0.973;2;match válido;Qwen3-1.7B-QLoRA
ID_3746397954560718;3;advective velocities;advective surface velocities (rej);0.895;0;sem match válido;Qwen3-1.7B-QLoRA
ID_3746397954560718;4;advective velocities derived;advective surface velocities (rej);0.875;0;sem match válido;Qwen3-1.7B-QLoRA
ID_3746397954560718;5;advective velocities from sequential;advective surface velocities (rej);0.806;0;sem match válido;Qwen3-1.7B-QLoRA
ID_3746397954560718;6;advective velocities in the southwestern;advective surface velocities (rej);0.737;0;sem match válido;Qwen3-1.7B-QLoRA
ID_3746397954560718;7;advective velocities in the southwestern atlantic;southwestern atlantic ocean (rej);0.725;0;sem match válido;Qwen3-1.7B-QLoRA
ID_3746397954560718;8;advective velocities in the southwestern atlantic ocean;southwestern atlantic ocean;0.780;3;match válido;Qwen3-1.7B-QLoRA
ID_3746397954560718;9;advective velocities in the southwestern atlantic oceanic;southwestern atlantic ocean (rej);0.763;0;sem match válido;Qwen3-1.7B-QLoRA
ID_3746397954560718;10;;;;;;Qwen3-1.7B-QLoRA
ID_3746397954560718;11;;;;;;Qwen3-1.7B-QLoRA
ID_3746397954560718;12;;;;;;Qwen3-1.7B-QLoRA
ID_3746397954560718;13;;;;;;Qwen3-1.7B-QLoRA
ID_3746397954560718;14;;;;;;Qwen3-1.7B-QLoRA
ID_3746397954560718;15;;;;;;Qwen3-1.7B-QLoRA
ID_3746397954560718;16;;;;;;Qwen3-1.7B-QLoRA
ID_3746397954560718;17;;;;;;Qwen3-1.7B-QLoRA
ID_3746397954560718;18;;;;;;Qwen3-1.7B-QLoRA
ID_3746397954560718;19;;;;;;Qwen3-1.7B-QLoRA
ID_3746397954560718;20;;;;;;Qwen3-1.7B-QLoRA
ID_3752951275341381;1;atmospheric reanalysis;tropospheric circulation (rej);0.612;0;sem match válido;Qwen3-1.7B-QLoRA
ID_3752951275341381;2;data assimilation;data assimilation;1.000;3;match válido;Qwen3-1.7B-QLoRA
ID_3752951275341381;3;data assimilation system;assimilação de dados;0.901;3;match válido;Qwen3-1.7B-QLoRA
ID_3752951275341381;4;data assimilation system (cp-tec);assimilação de dados (rej);0.764;0;sem match válido;Qwen3-1.7B-QLoRA
ID_3752951275341381;5;data assimilation system (letkf);assimilação de dados (rej);0.692;0;sem match válido;Qwen3-1.7B-QLoRA
ID_3752951275341381;6;data assimilation system (letkf): cp-tec;assimilação de dados (rej);0.640;0;sem match válido;Qwen3-1.7B-QLoRA
ID_3752951275341381;7;data assimilation system (letkf): cp-tec global;assimilação de dados (rej);0.628;0;sem match válido;Qwen3-1.7B-QLoRA
ID_3752951275341381;8;data assimilation system (letkf): cp-tec global data;assimilação de dados (rej);0.658;0;sem match válido;Qwen3-1.7B-QLoRA
ID_3752951275341381;9;data assimilation system (letkf): cp-tec global model;assimilação de dados (rej);0.651;0;sem match válido;Qwen3-1.7B-QLoRA
ID_3752951275341381;10;;;;;;Qwen3-1.7B-QLoRA
ID_3752951275341381;11;;;;;;Qwen3-1.7B-QLoRA
ID_3752951275341381;12;;;;;;Qwen3-1.7B-QLoRA
ID_3752951275341381;13;;;;;;Qwen3-1.7B-QLoRA
ID_3752951275341381;14;;;;;;Qwen3-1.7B-QLoRA
ID_3752951275341381;15;;;;;;Qwen3-1.7B-QLoRA
ID_3752951275341381;16;;;;;;Qwen3-1.7B-QLoRA
ID_3752951275341381;17;;;;;;Qwen3-1.7B-QLoRA
ID_3752951275341381;18;;;;;;Qwen3-1.7B-QLoRA
ID_3752951275341381;19;;;;;;Qwen3-1.7B-QLoRA
ID_3752951275341381;20;;;;;;Qwen3-1.7B-QLoRA
ID_3753627053150603;1;atomic vapour;thermal fluctuations (rej);0.457;0;sem match válido;Qwen3-1.7B-QLoRA
ID_3753627053150603;2;atomic vapours;thermal fluctuations (rej);0.457;0;sem match válido;Qwen3-1.7B-QLoRA
ID_3753627053150603;3;continuous-variable entanglement;tripartite continuous-variable entanglement;0.853;3;match válido;Qwen3-1.7B-QLoRA
ID_3753627053150603;4;continuous-variable entangled beams;tripartite continuous-variable entanglement (rej);0.621;0;sem match válido;Qwen3-1.7B-QLoRA
ID_3753627053150603;5;correlation spectra;power-broadening-free correlation spectroscopy;0.771;3;match válido;Qwen3-1.7B-QLoRA
ID_3753627053150603;6;correlations and anti-correlations;quantum correlations;0.769;3;match válido;Qwen3-1.7B-QLoRA
ID_3753627053150603;7;correlations of laser;optics, quantum optics and lasers  (rej);0.684;0;sem match válido;Qwen3-1.7B-QLoRA
ID_3753627053150603;8;entanglement;entanglement;1.000;3;match válido;Qwen3-1.7B-QLoRA
ID_3753627053150603;9;entanglement sudden death;entanglement (rej);0.699;0;sem match válido;Qwen3-1.7B-QLoRA
ID_3753627053150603;10;entangled beams;entanglement (rej);0.592;0;sem match válido;Qwen3-1.7B-QLoRA
ID_3753627053150603;11;entanglement sudden death criteria;entanglement (rej);0.649;0;sem match válido;Qwen3-1.7B-QLoRA
ID_3753627053150603;12;entanglement sudden death theory;entanglement (rej);0.713;0;sem match válido;Qwen3-1.7B-QLoRA
ID_3753627053150603;13;entangled light;entanglement (rej);0.608;0;sem match válido;Qwen3-1.7B-QLoRA
ID_3753627053150603;14;entangled light beams;optics, quantum optics and lasers  (rej);0.486;0;sem match válido;Qwen3-1.7B-QLoRA
ID_3753627053150603;15;entangled states;entanglement (rej);0.786;0;sem match válido;Qwen3-1.7B-QLoRA
ID_3753627053150603;16;entanglement between signal;entanglement (rej);0.708;0;sem match válido;Qwen3-1.7B-QLoRA
ID_3753627053150603;17;entanglement between signal and idler;tripartite pump-signal-idler entanglement (rej);0.653;0;sem match válido;Qwen3-1.7B-QLoRA
ID_3753627053150603;18;entangled states of light;entanglement (rej);0.562;0;sem match válido;Qwen3-1.7B-QLoRA
ID_3753627053150603;19;experimental study;thermal fluctuations (rej);0.324;0;sem match válido;Qwen3-1.7B-QLoRA
ID_3753627053150603;20;high degrees of intensity;thermal fluctuations (rej);0.563;0;sem match válido;Qwen3-1.7B-QLoRA
ID_3837157956819433;1;obsessive-compulsive disorder;obsessive-compulsive disorder;1.000;3;match válido;Qwen3-1.7B-QLoRA
ID_3837157956819433;2;obsessive-compulsive spectrum disorders;obsessive–compulsive disorder;0.928;3;match válido;Qwen3-1.7B-QLoRA
ID_3837157956819433;3;obsessive-compulsive symptoms;obsessive–compulsive disorder (rej);0.913;0;sem match válido;Qwen3-1.7B-QLoRA
ID_3837157956819433;4;obsessive-compulsive spectrum;yale–brown obsessive–compulsive scale;0.751;2;match válido;Qwen3-1.7B-QLoRA
ID_3837157956819433;5;obsessive-compulsive symptoms in patients;obsessive–compulsive disorder (rej);0.905;0;sem match válido;Qwen3-1.7B-QLoRA
ID_3837157956819433;6;obsessive-compulsive symptoms in patients with;obsessive–compulsive disorder (rej);0.907;0;sem match válido;Qwen3-1.7B-QLoRA
ID_3837157956819433;7;obsessive-compulsive symptoms in patients with obsessive;obsessive–compulsive disorder (rej);0.915;0;sem match válido;Qwen3-1.7B-QLoRA
ID_3837157956819433;8;obsessive-compulsive symptoms in patients with obsessive-compulsive;obsessive–compulsive disorder (rej);0.903;0;sem match válido;Qwen3-1.7B-QLoRA
ID_3837157956819433;9;;;;;;Qwen3-1.7B-QLoRA
ID_3837157956819433;10;;;;;;Qwen3-1.7B-QLoRA
ID_3837157956819433;11;;;;;;Qwen3-1.7B-QLoRA
ID_3837157956819433;12;;;;;;Qwen3-1.7B-QLoRA
ID_3837157956819433;13;;;;;;Qwen3-1.7B-QLoRA
ID_3837157956819433;14;;;;;;Qwen3-1.7B-QLoRA
ID_3837157956819433;15;;;;;;Qwen3-1.7B-QLoRA
ID_3837157956819433;16;;;;;;Qwen3-1.7B-QLoRA
ID_3837157956819433;17;;;;;;Qwen3-1.7B-QLoRA
ID_3837157956819433;18;;;;;;Qwen3-1.7B-QLoRA
ID_3837157956819433;19;;;;;;Qwen3-1.7B-QLoRA
ID_3837157956819433;20;;;;;;Qwen3-1.7B-QLoRA
ID_3867942762661182;1;biodiversity data;biodiversity data management;0.916;2;match válido;Qwen3-1.7B-QLoRA
ID_3867942762661182;2;data matching;metadata deduplication (rej);0.482;0;sem match válido;Qwen3-1.7B-QLoRA
ID_3867942762661182;3;data mining;information retrieval (rej);0.664;0;sem match válido;Qwen3-1.7B-QLoRA
ID_3867942762661182;4;data mining and knowledge discovery;information retrieval (rej);0.692;0;sem match válido;Qwen3-1.7B-QLoRA
ID_3867942762661182;5;deduplication;deduplication;1.000;3;match válido;Qwen3-1.7B-QLoRA
ID_3867942762661182;6;digital libraries;digital libraries;1.000;2;match válido;Qwen3-1.7B-QLoRA
ID_3867942762661182;7;information representation;information retrieval (rej);0.649;0;sem match válido;Qwen3-1.7B-QLoRA
ID_3867942762661182;8;information retrieval;information retrieval;1.000;3;match válido;Qwen3-1.7B-QLoRA
ID_3867942762661182;9;information visualization;information retrieval (rej);0.565;0;sem match válido;Qwen3-1.7B-QLoRA
ID_3867942762661182;10;machine learning;information retrieval (rej);0.410;0;sem match válido;Qwen3-1.7B-QLoRA
ID_3867942762661182;11;metadados bibliográficos;bibliographic metadata;0.944;2;match válido;Qwen3-1.7B-QLoRA
ID_3867942762661182;12;metadados de objetos;object-relational mapping (rej);0.614;0;sem match válido;Qwen3-1.7B-QLoRA
ID_3867942762661182;13;ontology;operational semantics (rej);0.416;0;sem match válido;Qwen3-1.7B-QLoRA
ID_3867942762661182;14;ontology-based approach;operational semantics (rej);0.427;0;sem match válido;Qwen3-1.7B-QLoRA
ID_3867942762661182;15;query processing;query (rej);0.748;0;sem match válido;Qwen3-1.7B-QLoRA
ID_3867942762661182;16;retrieval;information retrieval (rej);0.745;0;sem match válido;Qwen3-1.7B-QLoRA
ID_3867942762661182;17;retrieval models;information retrieval (rej);0.649;0;sem match válido;Qwen3-1.7B-QLoRA
ID_3867942762661182;18;retrieval systems;information retrieval (rej);0.739;0;sem match válido;Qwen3-1.7B-QLoRA
ID_3867942762661182;19;retrieval systems and methods;information retrieval (rej);0.719;0;sem match válido;Qwen3-1.7B-QLoRA
ID_3867942762661182;20;schema evolution;schema evolution;1.000;3;match válido;Qwen3-1.7B-QLoRA
ID_3886712611757992;1;behavioral instruction;instructional control (rej);0.645;0;sem match válido;Qwen3-1.7B-QLoRA
ID_3886712611757992;2;behavioral instruction program;instructional control (rej);0.656;0;sem match válido;Qwen3-1.7B-QLoRA
ID_3886712611757992;3;behavioral instruction programs;instructional control (rej);0.654;0;sem match válido;Qwen3-1.7B-QLoRA
ID_3886712611757992;4;behavioral instruction training;instructional control (rej);0.560;0;sem match válido;Qwen3-1.7B-QLoRA
ID_3886712611757992;5;behavioral instruction training programs;instructional control (rej);0.545;0;sem match válido;Qwen3-1.7B-QLoRA
ID_3886712611757992;6;behavioral instruction training program;instructional control (rej);0.559;0;sem match válido;Qwen3-1.7B-QLoRA
ID_3886712611757992;7;behavioral instruction training procedures;instructional control (rej);0.584;0;sem match válido;Qwen3-1.7B-QLoRA
ID_3886712611757992;8;behavioral instruction training procedures and programs;instructional control (rej);0.589;0;sem match válido;Qwen3-1.7B-QLoRA
ID_3886712611757992;9;behavioral instruction training procedures and training;instructional control (rej);0.553;0;sem match válido;Qwen3-1.7B-QLoRA
ID_3886712611757992;10;behavioral instruction training procedures and training programs;instructional control (rej);0.546;0;sem match válido;Qwen3-1.7B-QLoRA
ID_3886712611757992;11;behavioral instruction training procedures and training procedures;instructional control (rej);0.565;0;sem match válido;Qwen3-1.7B-QLoRA
ID_3886712611757992;12;;;;;;Qwen3-1.7B-QLoRA
ID_3886712611757992;13;;;;;;Qwen3-1.7B-QLoRA
ID_3886712611757992;14;;;;;;Qwen3-1.7B-QLoRA
ID_3886712611757992;15;;;;;;Qwen3-1.7B-QLoRA
ID_3886712611757992;16;;;;;;Qwen3-1.7B-QLoRA
ID_3886712611757992;17;;;;;;Qwen3-1.7B-QLoRA
ID_3886712611757992;18;;;;;;Qwen3-1.7B-QLoRA
ID_3886712611757992;19;;;;;;Qwen3-1.7B-QLoRA
ID_3886712611757992;20;;;;;;Qwen3-1.7B-QLoRA
ID_3919711591553904;1;angiotensin-(1-7);angiotensin ii;0.916;3;match válido;Qwen3-1.7B-QLoRA
ID_3919711591553904;2;angiotensin-(1-7) receptor;angiotensin-converting enzyme;0.777;3;match válido;Qwen3-1.7B-QLoRA
ID_3919711591553904;3;angiotensin-(1-7) receptor mas;angiotensin receptors (rej);0.905;0;sem match válido;Qwen3-1.7B-QLoRA
ID_3919711591553904;4;angiotensin-(1-7) receptor subtype;angiotensin-converting enzyme type;0.788;3;match válido;Qwen3-1.7B-QLoRA
ID_3919711591553904;5;angiotensin-(1-7) receptor subtypes;angiotensin receptors (rej);0.917;0;sem match válido;Qwen3-1.7B-QLoRA
ID_3919711591553904;6;angiotensin-(1-7) receptors;angiotensin receptors;0.941;3;match válido;Qwen3-1.7B-QLoRA
ID_3919711591553904;7;angiotensin-(1-7) vasorelaxant effect;effect of angiotensin;0.837;2;match válido;Qwen3-1.7B-QLoRA
ID_3919711591553904;8;angiotensin-(1-7) vasorelaxant effects;effect of angiotensin (rej);0.835;0;sem match válido;Qwen3-1.7B-QLoRA
ID_3919711591553904;9;;;;;;Qwen3-1.7B-QLoRA
ID_3919711591553904;10;;;;;;Qwen3-1.7B-QLoRA
ID_3919711591553904;11;;;;;;Qwen3-1.7B-QLoRA
ID_3919711591553904;12;;;;;;Qwen3-1.7B-QLoRA
ID_3919711591553904;13;;;;;;Qwen3-1.7B-QLoRA
ID_3919711591553904;14;;;;;;Qwen3-1.7B-QLoRA
ID_3919711591553904;15;;;;;;Qwen3-1.7B-QLoRA
ID_3919711591553904;16;;;;;;Qwen3-1.7B-QLoRA
ID_3919711591553904;17;;;;;;Qwen3-1.7B-QLoRA
ID_3919711591553904;18;;;;;;Qwen3-1.7B-QLoRA
ID_3919711591553904;19;;;;;;Qwen3-1.7B-QLoRA
ID_3919711591553904;20;;;;;;Qwen3-1.7B-QLoRA
ID_3935638786776109;1;electronic beam-physical vapor;electron beam-physical vapor (rej);0.884;0;sem match válido;Qwen3-1.7B-QLoRA
ID_3935638786776109;2;electron beam-physical vapor deposition;electron beam-physical vapour;0.843;3;match válido;Qwen3-1.7B-QLoRA
ID_3935638786776109;3;electron beam-physical vapor deposition (eb-pvd);electron beam-physical vapor (rej);0.870;0;sem match válido;Qwen3-1.7B-QLoRA
ID_3935638786776109;4;electron beam-physical vapor;electron beam-physical vapor;1.000;3;match válido;Qwen3-1.7B-QLoRA
ID_3935638786776109;5;physical vapor deposition;electron beam-physical vapor (rej);0.627;0;sem match válido;Qwen3-1.7B-QLoRA
ID_3935638786776109;6;sintering;psz sintered (rej);0.634;0;sem match válido;Qwen3-1.7B-QLoRA
ID_3935638786776109;7;sintering temperatures;thermal properties (rej);0.656;0;sem match válido;Qwen3-1.7B-QLoRA
ID_3935638786776109;8;sintering temperatures used;thermal properties (rej);0.647;0;sem match válido;Qwen3-1.7B-QLoRA
ID_3935638786776109;9;sintering temperatures used were;thermal properties (rej);0.635;0;sem match válido;Qwen3-1.7B-QLoRA
ID_3935638786776109;10;sintering temperatures used were 1600, 1700, 1800 and;thermal properties (rej);0.486;0;sem match válido;Qwen3-1.7B-QLoRA
ID_3935638786776109;11;sintering temperatures used were 1600, 1700, 1800 and 1900;thermal properties (rej);0.499;0;sem match válido;Qwen3-1.7B-QLoRA
ID_3935638786776109;12;sintering temperatures used were 1600, 1700, 1800 and 1900°C;thermal properties (rej);0.515;0;sem match válido;Qwen3-1.7B-QLoRA
ID_3935638786776109;13;sintering temperatures used were 1600, 1700, 1800 and 1900°;thermal properties (rej);0.511;0;sem match válido;Qwen3-1.7B-QLoRA
ID_3935638786776109;14;sintering temperatures used were 1600, 1700, 1800 and 1900°c;thermal properties (rej);0.512;0;sem match válido;Qwen3-1.7B-QLoRA
ID_3935638786776109;15;;;;;;Qwen3-1.7B-QLoRA
ID_3935638786776109;16;;;;;;Qwen3-1.7B-QLoRA
ID_3935638786776109;17;;;;;;Qwen3-1.7B-QLoRA
ID_3935638786776109;18;;;;;;Qwen3-1.7B-QLoRA
ID_3935638786776109;19;;;;;;Qwen3-1.7B-QLoRA
ID_3935638786776109;20;;;;;;Qwen3-1.7B-QLoRA
ID_3939504645911140;1;agrometeorological variables;umidade em solos (rej);0.565;0;sem match válido;Qwen3-1.7B-QLoRA
ID_3939504645911140;2;brachiaria brizantha;tiller and plant (rej);0.440;0;sem match válido;Qwen3-1.7B-QLoRA
ID_3939504645911140;3;capim-marandu;tiller (rej);0.586;0;sem match válido;Qwen3-1.7B-QLoRA
ID_3939504645911140;4;capim-marandu and maize;silagem de milho (rej);0.705;0;sem match válido;Qwen3-1.7B-QLoRA
ID_3939504645911140;5;capim-marandu under water;water balance (rej);0.522;0;sem match válido;Qwen3-1.7B-QLoRA
ID_3939504645911140;6;crops and soils;uso agrícola;0.796;2;match válido;Qwen3-1.7B-QLoRA
ID_3939504645911140;7;dry matter production;matéria seca;0.808;2;match válido;Qwen3-1.7B-QLoRA
ID_3939504645911140;8;economic return;avaliação dos impactos (rej);0.437;0;sem match válido;Qwen3-1.7B-QLoRA
ID_3939504645911140;9;estresse por deficite;water deficit (rej);0.484;0;sem match válido;Qwen3-1.7B-QLoRA
ID_3939504645911140;10;estresse por deficite hidrico;water deficit;0.800;3;match válido;Qwen3-1.7B-QLoRA
ID_3939504645911140;11;fertilization;produção de mudas (rej);0.568;0;sem match válido;Qwen3-1.7B-QLoRA
ID_3939504645911140;12;fertilization of alfalfa;silage for alfalfa (rej);0.702;0;sem match válido;Qwen3-1.7B-QLoRA
ID_3939504645911140;13;fertilization of alfalfa pasture;silage for alfalfa (rej);0.666;0;sem match válido;Qwen3-1.7B-QLoRA
ID_3939504645911140;14;irrigation;drought (rej);0.674;0;sem match válido;Qwen3-1.7B-QLoRA
ID_3939504645911140;15;irrigation and fertilization;uso agrícola (rej);0.686;0;sem match válido;Qwen3-1.7B-QLoRA
ID_3939504645911140;16;irrigation and fertilization in alfalfa;uso agrícola (rej);0.663;0;sem match válido;Qwen3-1.7B-QLoRA
ID_3939504645911140;17;irrigation and water;drought (rej);0.681;0;sem match válido;Qwen3-1.7B-QLoRA
ID_3939504645911140;18;irrigation systems;drought (rej);0.628;0;sem match válido;Qwen3-1.7B-QLoRA
ID_3939504645911140;19;irrigation with water;water retention (rej);0.640;0;sem match válido;Qwen3-1.7B-QLoRA
ID_3939504645911140;20;irrigation systems and water;drought (rej);0.654;0;sem match válido;Qwen3-1.7B-QLoRA
ID_3950127945486168;1;astronomy;space telescope observations;0.833;1;match válido;Qwen3-1.7B-QLoRA
ID_3950127945486168;2;astronomy education;space telescope observations (rej);0.719;0;sem match válido;Qwen3-1.7B-QLoRA
ID_3950127945486168;3;astronomy teaching;space telescope observations (rej);0.672;0;sem match válido;Qwen3-1.7B-QLoRA
ID_3950127945486168;4;brazil;zz cetis (rej);0.283;0;sem match válido;Qwen3-1.7B-QLoRA
ID_3950127945486168;5;education;estudantes universitários (rej);0.595;0;sem match válido;Qwen3-1.7B-QLoRA
ID_3950127945486168;6;education system;estudantes universitários (rej);0.470;0;sem match válido;Qwen3-1.7B-QLoRA
ID_3950127945486168;7;educational research;estudantes universitários (rej);0.569;0;sem match válido;Qwen3-1.7B-QLoRA
ID_3950127945486168;8;epistemological approach;estudantes universitários (rej);0.329;0;sem match válido;Qwen3-1.7B-QLoRA
ID_3950127945486168;9;física na educação;estudantes universitários (rej);0.499;0;sem match válido;Qwen3-1.7B-QLoRA
ID_3950127945486168;10;física na educação básica;estudantes universitários (rej);0.464;0;sem match válido;Qwen3-1.7B-QLoRA
ID_3950127945486168;11;fotometria superficial;surface photometry;0.881;3;match válido;Qwen3-1.7B-QLoRA
ID_3950127945486168;12;high school;estudantes universitários (rej);0.705;0;sem match válido;Qwen3-1.7B-QLoRA
ID_3950127945486168;13;lunar phases;space telescope observations (rej);0.539;0;sem match válido;Qwen3-1.7B-QLoRA
ID_3950127945486168;14;mechanics;ism: structure (rej);0.364;0;sem match válido;Qwen3-1.7B-QLoRA
ID_3950127945486168;15;mechanics and physics;circumnuclear dust (rej);0.397;0;sem match válido;Qwen3-1.7B-QLoRA
ID_3950127945486168;16;mechanics and physics education;estudantes universitários (rej);0.376;0;sem match válido;Qwen3-1.7B-QLoRA
ID_3950127945486168;17;mechanics education;estudantes universitários (rej);0.365;0;sem match válido;Qwen3-1.7B-QLoRA
ID_3950127945486168;18;mechanics in physics;circumnuclear dust (rej);0.391;0;sem match válido;Qwen3-1.7B-QLoRA
ID_3950127945486168;19;mechanics teaching;estudantes universitários (rej);0.381;0;sem match válido;Qwen3-1.7B-QLoRA
ID_3950127945486168;20;nuclear stellar population;nuclear stellar population;1.000;2;match válido;Qwen3-1.7B-QLoRA
ID_4041211770858318;1;antarctic bottom water;antarctic bottom water;1.000;3;match válido;Qwen3-1.7B-QLoRA
ID_4041211770858318;2;antarctic bottom water changes;antarctic bottom water (rej);0.918;0;sem match válido;Qwen3-1.7B-QLoRA
ID_4041211770858318;3;antarctic deep water;antarctic bottom water (rej);0.907;0;sem match válido;Qwen3-1.7B-QLoRA
ID_4041211770858318;4;antarctic intermediate water;antarctic bottom water (rej);0.919;0;sem match válido;Qwen3-1.7B-QLoRA
ID_4041211770858318;5;antarctic intermediate waters;antarctic bottom water (rej);0.887;0;sem match válido;Qwen3-1.7B-QLoRA
ID_4041211770858318;6;antarctic shelf water;antarctic bottom water (rej);0.876;0;sem match válido;Qwen3-1.7B-QLoRA
ID_4041211770858318;7;antarctic shelf waters;antarctic bottom water (rej);0.862;0;sem match válido;Qwen3-1.7B-QLoRA
ID_4041211770858318;8;antarctic shelf water mass;antarctic bottom water (rej);0.821;0;sem match válido;Qwen3-1.7B-QLoRA
ID_4041211770858318;9;antarctic shelf water masses;antarctic bottom water (rej);0.835;0;sem match válido;Qwen3-1.7B-QLoRA
ID_4041211770858318;10;antarctic shelf water mass structure;antarctic bottom water (rej);0.808;0;sem match válido;Qwen3-1.7B-QLoRA
ID_4041211770858318;11;;;;;;Qwen3-1.7B-QLoRA
ID_4041211770858318;12;;;;;;Qwen3-1.7B-QLoRA
ID_4041211770858318;13;;;;;;Qwen3-1.7B-QLoRA
ID_4041211770858318;14;;;;;;Qwen3-1.7B-QLoRA
ID_4041211770858318;15;;;;;;Qwen3-1.7B-QLoRA
ID_4041211770858318;16;;;;;;Qwen3-1.7B-QLoRA
ID_4041211770858318;17;;;;;;Qwen3-1.7B-QLoRA
ID_4041211770858318;18;;;;;;Qwen3-1.7B-QLoRA
ID_4041211770858318;19;;;;;;Qwen3-1.7B-QLoRA
ID_4041211770858318;20;;;;;;Qwen3-1.7B-QLoRA
ID_4120322936662925;1;brazilian amazon;paracoccidioides brasiliensis (rej);0.321;0;sem match válido;Qwen3-1.7B-QLoRA
ID_4120322936662925;2;brazilian amazon forest;paracoccidioides brasiliensis (rej);0.376;0;sem match válido;Qwen3-1.7B-QLoRA
ID_4120322936662925;3;biological control;biological control;1.000;3;match válido;Qwen3-1.7B-QLoRA
ID_4120322936662925;4;brazilian rain forest;paracoccidioides brasiliensis (rej);0.428;0;sem match válido;Qwen3-1.7B-QLoRA
ID_4120322936662925;5;candida albicans;biomphalaria tenagophila (rej);0.652;0;sem match válido;Qwen3-1.7B-QLoRA
ID_4120322936662925;6;chlamydia trachomatis;biomphalaria tenagophila (rej);0.573;0;sem match válido;Qwen3-1.7B-QLoRA
ID_4120322936662925;7;chlamydiae;trichosporon montevideense cloa (rej);0.530;0;sem match válido;Qwen3-1.7B-QLoRA
ID_4120322936662925;8;dental caries;adhesion (rej);0.278;0;sem match válido;Qwen3-1.7B-QLoRA
ID_4120322936662925;9;endophytic fungi;fungal cell growth (rej);0.701;0;sem match válido;Qwen3-1.7B-QLoRA
ID_4120322936662925;10;endophytic fungi community;rust fungi (rej);0.677;0;sem match válido;Qwen3-1.7B-QLoRA
ID_4120322936662925;11;endophytic fungi in baccharis;trichosporon montevideense cloa (rej);0.604;0;sem match válido;Qwen3-1.7B-QLoRA
ID_4120322936662925;12;endophytic fungi in baccharis dracunculifolia;trichosporon montevideense cloa (rej);0.637;0;sem match válido;Qwen3-1.7B-QLoRA
ID_4120322936662925;13;fungos endófitos;fungal cell growth (rej);0.731;0;sem match válido;Qwen3-1.7B-QLoRA
ID_4120322936662925;14;human enamel colonization;rust fungi (rej);0.365;0;sem match válido;Qwen3-1.7B-QLoRA
ID_4120322936662925;15;infectious diseases;paracoccidioidomycosis (rej);0.615;0;sem match válido;Qwen3-1.7B-QLoRA
ID_4120322936662925;16;influenza;postharvest disease (rej);0.506;0;sem match válido;Qwen3-1.7B-QLoRA
ID_4120322936662925;17;influenza b;postharvest disease (rej);0.459;0;sem match válido;Qwen3-1.7B-QLoRA
ID_4120322936662925;18;influenzae;postharvest disease (rej);0.521;0;sem match válido;Qwen3-1.7B-QLoRA
ID_4120322936662925;19;influenzae in influenza;postharvest disease (rej);0.504;0;sem match válido;Qwen3-1.7B-QLoRA
ID_4120322936662925;20;influenzae infection;paracoccidioidomycosis (rej);0.463;0;sem match válido;Qwen3-1.7B-QLoRA
ID_4125254830545309;1;astrocytes;astrocyte;0.961;1;match válido;Qwen3-1.7B-QLoRA
ID_4125254830545309;2;brain;sciatic nerve (rej);0.378;0;sem match válido;Qwen3-1.7B-QLoRA
ID_4125254830545309;3;brain parenchyma;sciatic nerve (rej);0.498;0;sem match válido;Qwen3-1.7B-QLoRA
ID_4125254830545309;4;central nervous system;sciatic nerve (rej);0.565;0;sem match válido;Qwen3-1.7B-QLoRA
ID_4125254830545309;5;glioblastoma;tumor (rej);0.617;0;sem match válido;Qwen3-1.7B-QLoRA
ID_4125254830545309;6;glioblastoma cell;microglial cells (rej);0.631;0;sem match válido;Qwen3-1.7B-QLoRA
ID_4125254830545309;7;glioblastoma cell line;microglial cells (rej);0.631;0;sem match válido;Qwen3-1.7B-QLoRA
ID_4125254830545309;8;glioblastoma cells;microglial cells (rej);0.657;0;sem match válido;Qwen3-1.7B-QLoRA
ID_4125254830545309;9;glioblastoma cell line a172;sti1 promotes glioma (rej);0.584;0;sem match válido;Qwen3-1.7B-QLoRA
ID_4125254830545309;10;glioblastoma cells proliferation;sti1 promotes glioma (rej);0.612;0;sem match válido;Qwen3-1.7B-QLoRA
ID_4125254830545309;11;glioblastoma-derived cell;microglial cells (rej);0.622;0;sem match válido;Qwen3-1.7B-QLoRA
ID_4125254830545309;12;glioblastoma-derived cell line;microglial cells (rej);0.625;0;sem match válido;Qwen3-1.7B-QLoRA
ID_4125254830545309;13;glioblastoma-derived cell lines;microglial cells (rej);0.630;0;sem match válido;Qwen3-1.7B-QLoRA
ID_4125254830545309;14;glioblastoma progression;sti1 promotes glioma (rej);0.576;0;sem match válido;Qwen3-1.7B-QLoRA
ID_4125254830545309;15;human glioblastoma cell;microglial cells (rej);0.615;0;sem match válido;Qwen3-1.7B-QLoRA
ID_4125254830545309;16;human glioblastoma cell line;microglial cells (rej);0.618;0;sem match válido;Qwen3-1.7B-QLoRA
ID_4125254830545309;17;human glioblastoma cell lines;microglial cells (rej);0.624;0;sem match válido;Qwen3-1.7B-QLoRA
ID_4125254830545309;18;microglia;microglia;1.000;3;match válido;Qwen3-1.7B-QLoRA
ID_4125254830545309;19;microglial activation;microglial cells (rej);0.843;0;sem match válido;Qwen3-1.7B-QLoRA
ID_4125254830545309;20;microglial cells;microglial cells;1.000;3;match válido;Qwen3-1.7B-QLoRA
ID_4165114386602896;1;climate policy;climate policy;1.000;3;match válido;Qwen3-1.7B-QLoRA
ID_4165114386602896;2;energy;energética dos estados (rej);0.724;0;sem match válido;Qwen3-1.7B-QLoRA
ID_4165114386602896;3;energy and environment;política de energia (rej);0.790;0;sem match válido;Qwen3-1.7B-QLoRA
ID_4165114386602896;4;energy and politics;política de energia;0.898;3;match válido;Qwen3-1.7B-QLoRA
ID_4165114386602896;5;energy and power;energética dos estados;0.782;3;match válido;Qwen3-1.7B-QLoRA
ID_4165114386602896;6;energy and power systems;energética dos estados (rej);0.772;0;sem match válido;Qwen3-1.7B-QLoRA
ID_4165114386602896;7;energy and power systems engineering;política de energia (rej);0.667;0;sem match válido;Qwen3-1.7B-QLoRA
ID_4165114386602896;8;energy and power systems engineering field;política de energia (rej);0.673;0;sem match válido;Qwen3-1.7B-QLoRA
ID_4165114386602896;9;energy and power systems engineering program;política de energia (rej);0.667;0;sem match válido;Qwen3-1.7B-QLoRA
ID_4165114386602896;10;energy and power systems engineering research;política de energia (rej);0.669;0;sem match válido;Qwen3-1.7B-QLoRA
ID_4165114386602896;11;energy and power systems research;política de energia (rej);0.744;0;sem match válido;Qwen3-1.7B-QLoRA
ID_4165114386602896;12;energy and power systems research field;política de energia (rej);0.741;0;sem match válido;Qwen3-1.7B-QLoRA
ID_4165114386602896;13;energy and power systems research program;política de energia (rej);0.738;0;sem match válido;Qwen3-1.7B-QLoRA
ID_4165114386602896;14;energy and power systems research program field;política de energia (rej);0.735;0;sem match válido;Qwen3-1.7B-QLoRA
ID_4165114386602896;15;;;;;;Qwen3-1.7B-QLoRA
ID_4165114386602896;16;;;;;;Qwen3-1.7B-QLoRA
ID_4165114386602896;17;;;;;;Qwen3-1.7B-QLoRA
ID_4165114386602896;18;;;;;;Qwen3-1.7B-QLoRA
ID_4165114386602896;19;;;;;;Qwen3-1.7B-QLoRA
ID_4165114386602896;20;;;;;;Qwen3-1.7B-QLoRA
ID_4210289862552350;1;ceramic composites;ceramic composites;1.000;3;match válido;Qwen3-1.7B-QLoRA
ID_4210289862552350;2;ceramic composites derived;ceramic composite;0.958;2;match válido;Qwen3-1.7B-QLoRA
ID_4210289862552350;3;ceramic composites from polysiloxane;ceramic composites (rej);0.876;0;sem match válido;Qwen3-1.7B-QLoRA
ID_4210289862552350;4;;;;;;Qwen3-1.7B-QLoRA
ID_4210289862552350;5;;;;;;Qwen3-1.7B-QLoRA
ID_4210289862552350;6;;;;;;Qwen3-1.7B-QLoRA
ID_4210289862552350;7;;;;;;Qwen3-1.7B-QLoRA
ID_4210289862552350;8;;;;;;Qwen3-1.7B-QLoRA
ID_4210289862552350;9;;;;;;Qwen3-1.7B-QLoRA
ID_4210289862552350;10;;;;;;Qwen3-1.7B-QLoRA
ID_4210289862552350;11;;;;;;Qwen3-1.7B-QLoRA
ID_4210289862552350;12;;;;;;Qwen3-1.7B-QLoRA
ID_4210289862552350;13;;;;;;Qwen3-1.7B-QLoRA
ID_4210289862552350;14;;;;;;Qwen3-1.7B-QLoRA
ID_4210289862552350;15;;;;;;Qwen3-1.7B-QLoRA
ID_4210289862552350;16;;;;;;Qwen3-1.7B-QLoRA
ID_4210289862552350;17;;;;;;Qwen3-1.7B-QLoRA
ID_4210289862552350;18;;;;;;Qwen3-1.7B-QLoRA
ID_4210289862552350;19;;;;;;Qwen3-1.7B-QLoRA
ID_4210289862552350;20;;;;;;Qwen3-1.7B-QLoRA
ID_4408599021040004;1;angiotensin-(1-7);angiotensin ii;0.916;3;match válido;Qwen3-1.7B-QLoRA
ID_4408599021040004;2;angiotensin-(1-7) receptor;angiotensin ii (rej);0.855;0;sem match válido;Qwen3-1.7B-QLoRA
ID_4408599021040004;3;angiotensin-(1-7) receptor mas;angiotensin ii (rej);0.822;0;sem match válido;Qwen3-1.7B-QLoRA
ID_4408599021040004;4;angiotensin-converting enzyme;angiotensin ii (rej);0.813;0;sem match válido;Qwen3-1.7B-QLoRA
ID_4408599021040004;5;angiotensin-converting enzyme inhibition;angiotensin ii (rej);0.792;0;sem match válido;Qwen3-1.7B-QLoRA
ID_4408599021040004;6;angiotensin-converting enzyme inhibitors;angiotensin ii (rej);0.786;0;sem match válido;Qwen3-1.7B-QLoRA
ID_4408599021040004;7;;;;;;Qwen3-1.7B-QLoRA
ID_4408599021040004;8;;;;;;Qwen3-1.7B-QLoRA
ID_4408599021040004;9;;;;;;Qwen3-1.7B-QLoRA
ID_4408599021040004;10;;;;;;Qwen3-1.7B-QLoRA
ID_4408599021040004;11;;;;;;Qwen3-1.7B-QLoRA
ID_4408599021040004;12;;;;;;Qwen3-1.7B-QLoRA
ID_4408599021040004;13;;;;;;Qwen3-1.7B-QLoRA
ID_4408599021040004;14;;;;;;Qwen3-1.7B-QLoRA
ID_4408599021040004;15;;;;;;Qwen3-1.7B-QLoRA
ID_4408599021040004;16;;;;;;Qwen3-1.7B-QLoRA
ID_4408599021040004;17;;;;;;Qwen3-1.7B-QLoRA
ID_4408599021040004;18;;;;;;Qwen3-1.7B-QLoRA
ID_4408599021040004;19;;;;;;Qwen3-1.7B-QLoRA
ID_4408599021040004;20;;;;;;Qwen3-1.7B-QLoRA
ID_4550717883781091;1;black yeasts;black yeasts;1.000;3;match válido;Qwen3-1.7B-QLoRA
ID_4550717883781091;2;chaetothyrialean black yeasts;yeast-like fungi involved;0.759;2;match válido;Qwen3-1.7B-QLoRA
ID_4550717883781091;3;chaetothyriales from hydrocarbon-contaminated;species of chaetothyriales (rej);0.600;0;sem match válido;Qwen3-1.7B-QLoRA
ID_4550717883781091;4;chaetothyriales isolated from leaf-cutting;species of chaetothyriales;0.803;3;match válido;Qwen3-1.7B-QLoRA
ID_4550717883781091;5;chaetothyriales isolated from leaf-cutting ants;species of chaetothyriales (rej);0.758;0;sem match válido;Qwen3-1.7B-QLoRA
ID_4550717883781091;6;;;;;;Qwen3-1.7B-QLoRA
ID_4550717883781091;7;;;;;;Qwen3-1.7B-QLoRA
ID_4550717883781091;8;;;;;;Qwen3-1.7B-QLoRA
ID_4550717883781091;9;;;;;;Qwen3-1.7B-QLoRA
ID_4550717883781091;10;;;;;;Qwen3-1.7B-QLoRA
ID_4550717883781091;11;;;;;;Qwen3-1.7B-QLoRA
ID_4550717883781091;12;;;;;;Qwen3-1.7B-QLoRA
ID_4550717883781091;13;;;;;;Qwen3-1.7B-QLoRA
ID_4550717883781091;14;;;;;;Qwen3-1.7B-QLoRA
ID_4550717883781091;15;;;;;;Qwen3-1.7B-QLoRA
ID_4550717883781091;16;;;;;;Qwen3-1.7B-QLoRA
ID_4550717883781091;17;;;;;;Qwen3-1.7B-QLoRA
ID_4550717883781091;18;;;;;;Qwen3-1.7B-QLoRA
ID_4550717883781091;19;;;;;;Qwen3-1.7B-QLoRA
ID_4550717883781091;20;;;;;;Qwen3-1.7B-QLoRA
ID_4679830870331445;1;bentonite;topaz (rej);0.612;0;sem match válido;Qwen3-1.7B-QLoRA
ID_4679830870331445;2;diffuse reflectance;x-ray diffraction (rej);0.572;0;sem match válido;Qwen3-1.7B-QLoRA
ID_4679830870331445;3;diffuse reflectance spectroscopy;raman spectroscopy (rej);0.649;0;sem match válido;Qwen3-1.7B-QLoRA
ID_4679830870331445;4;diffuse reflectance technique;x-ray diffraction (rej);0.564;0;sem match válido;Qwen3-1.7B-QLoRA
ID_4679830870331445;5;mossbauer spectroscopy;raman spectroscopy;0.752;2;match válido;Qwen3-1.7B-QLoRA
ID_4679830870331445;6;metallic iron;iron oxides;0.811;3;match válido;Qwen3-1.7B-QLoRA
ID_4679830870331445;7;metallic iron nanoclusters;nano-sized iron-oxide;0.828;3;match válido;Qwen3-1.7B-QLoRA
ID_4679830870331445;8;metallic iron nanoclusters in amorphous;nano-sized iron-oxide (rej);0.825;0;sem match válido;Qwen3-1.7B-QLoRA
ID_4679830870331445;9;magnetic hyperfine field;magnetite (rej);0.677;0;sem match válido;Qwen3-1.7B-QLoRA
ID_4679830870331445;10;metallic particles;magnetite (rej);0.654;0;sem match válido;Qwen3-1.7B-QLoRA
ID_4679830870331445;11;metallic particles covered;magnetite (rej);0.608;0;sem match válido;Qwen3-1.7B-QLoRA
ID_4679830870331445;12;mineralogical and chemical;sulphate mineral ettringite;0.804;1;match válido;Qwen3-1.7B-QLoRA
ID_4679830870331445;13;mineralogical properties;sulphate mineral ettringite (rej);0.799;0;sem match válido;Qwen3-1.7B-QLoRA
ID_4679830870331445;14;minerals in iron ores;iron ores;0.937;3;match válido;Qwen3-1.7B-QLoRA
ID_4679830870331445;15;mossbauer effect;mössbauer spectra (rej);0.627;0;sem match válido;Qwen3-1.7B-QLoRA
ID_4679830870331445;16;mossbauer spectra;mössbauer spectra;0.906;3;match válido;Qwen3-1.7B-QLoRA
ID_4679830870331445;17;natural radioactive;iron oxides (rej);0.471;0;sem match válido;Qwen3-1.7B-QLoRA
ID_4679830870331445;18;natural radioactive isotopes;iron oxides (rej);0.464;0;sem match válido;Qwen3-1.7B-QLoRA
ID_4679830870331445;19;optical properties;optical microscopy (rej);0.729;0;sem match válido;Qwen3-1.7B-QLoRA
ID_4679830870331445;20;polarization;temperature dependence (rej);0.425;0;sem match válido;Qwen3-1.7B-QLoRA
ID_4735276653354808;1;agroecology;agroecology;1.000;2;match válido;Qwen3-1.7B-QLoRA
ID_4735276653354808;2;agroforestry;agroforestry systems (rej);0.932;0;sem match válido;Qwen3-1.7B-QLoRA
ID_4735276653354808;3;agroforestry systems;agroforestry systems;1.000;3;match válido;Qwen3-1.7B-QLoRA
ID_4735276653354808;4;agroecological systems;sistemas agroflorestais;0.929;3;match válido;Qwen3-1.7B-QLoRA
ID_4735276653354808;5;agroecology systems;agroforestry systems (rej);0.935;0;sem match válido;Qwen3-1.7B-QLoRA
ID_4735276653354808;6;agroecology systems evaluation;agroforestry systems (rej);0.883;0;sem match válido;Qwen3-1.7B-QLoRA
ID_4735276653354808;7;agroforestry systems evaluation;agroforestry systems (rej);0.941;0;sem match válido;Qwen3-1.7B-QLoRA
ID_4735276653354808;8;;;;;;Qwen3-1.7B-QLoRA
ID_4735276653354808;9;;;;;;Qwen3-1.7B-QLoRA
ID_4735276653354808;10;;;;;;Qwen3-1.7B-QLoRA
ID_4735276653354808;11;;;;;;Qwen3-1.7B-QLoRA
ID_4735276653354808;12;;;;;;Qwen3-1.7B-QLoRA
ID_4735276653354808;13;;;;;;Qwen3-1.7B-QLoRA
ID_4735276653354808;14;;;;;;Qwen3-1.7B-QLoRA
ID_4735276653354808;15;;;;;;Qwen3-1.7B-QLoRA
ID_4735276653354808;16;;;;;;Qwen3-1.7B-QLoRA
ID_4735276653354808;17;;;;;;Qwen3-1.7B-QLoRA
ID_4735276653354808;18;;;;;;Qwen3-1.7B-QLoRA
ID_4735276653354808;19;;;;;;Qwen3-1.7B-QLoRA
ID_4735276653354808;20;;;;;;Qwen3-1.7B-QLoRA
ID_4765080870408661;1;healthcare information systems;multilevel healthcare information;0.857;3;match válido;Qwen3-1.7B-QLoRA
ID_4765080870408661;2;healthcare information systems modeling;modeling of healthcare;0.831;3;match válido;Qwen3-1.7B-QLoRA
ID_4765080870408661;3;healthcare information systems modeling approach;modeling of healthcare (rej);0.823;0;sem match válido;Qwen3-1.7B-QLoRA
ID_4765080870408661;4;;;;;;Qwen3-1.7B-QLoRA
ID_4765080870408661;5;;;;;;Qwen3-1.7B-QLoRA
ID_4765080870408661;6;;;;;;Qwen3-1.7B-QLoRA
ID_4765080870408661;7;;;;;;Qwen3-1.7B-QLoRA
ID_4765080870408661;8;;;;;;Qwen3-1.7B-QLoRA
ID_4765080870408661;9;;;;;;Qwen3-1.7B-QLoRA
ID_4765080870408661;10;;;;;;Qwen3-1.7B-QLoRA
ID_4765080870408661;11;;;;;;Qwen3-1.7B-QLoRA
ID_4765080870408661;12;;;;;;Qwen3-1.7B-QLoRA
ID_4765080870408661;13;;;;;;Qwen3-1.7B-QLoRA
ID_4765080870408661;14;;;;;;Qwen3-1.7B-QLoRA
ID_4765080870408661;15;;;;;;Qwen3-1.7B-QLoRA
ID_4765080870408661;16;;;;;;Qwen3-1.7B-QLoRA
ID_4765080870408661;17;;;;;;Qwen3-1.7B-QLoRA
ID_4765080870408661;18;;;;;;Qwen3-1.7B-QLoRA
ID_4765080870408661;19;;;;;;Qwen3-1.7B-QLoRA
ID_4765080870408661;20;;;;;;Qwen3-1.7B-QLoRA
ID_4804205224697296;1;citrus sudden death;citrus sudden death;1.000;3;match válido;Qwen3-1.7B-QLoRA
ID_4804205224697296;2;citrus sudden death disease;diseased fruit;0.774;1;match válido;Qwen3-1.7B-QLoRA
ID_4804205224697296;3;citrus sudden death agent;citrus sudden death (rej);0.856;0;sem match válido;Qwen3-1.7B-QLoRA
ID_4804205224697296;4;citrus sudden death diagnosis;citrus sudden death (rej);0.944;0;sem match válido;Qwen3-1.7B-QLoRA
ID_4804205224697296;5;citrus sudden death symptoms;citrus sudden death (rej);0.922;0;sem match válido;Qwen3-1.7B-QLoRA
ID_4804205224697296;6;citrus sudden death virus;citrus sudden death (rej);0.808;0;sem match válido;Qwen3-1.7B-QLoRA
ID_4804205224697296;7;citrus sudden death virus diagnosis;citrus sudden death (rej);0.792;0;sem match válido;Qwen3-1.7B-QLoRA
ID_4804205224697296;8;citrus sudden death virus infection;citrus sudden death (rej);0.778;0;sem match válido;Qwen3-1.7B-QLoRA
ID_4804205224697296;9;citrus sudden death virus infection symptoms;citrus sudden death (rej);0.763;0;sem match válido;Qwen3-1.7B-QLoRA
ID_4804205224697296;10;citrus sudden death virus symptoms;citrus sudden death (rej);0.790;0;sem match válido;Qwen3-1.7B-QLoRA
ID_4804205224697296;11;citrus sudden death virus symptoms diagnosis;citrus sudden death (rej);0.773;0;sem match válido;Qwen3-1.7B-QLoRA
ID_4804205224697296;12;citrus sudden death virus symptoms diagnosis symptoms;citrus sudden death (rej);0.760;0;sem match válido;Qwen3-1.7B-QLoRA
ID_4804205224697296;13;diagnosis of citrus sudden death;citrus sudden death (rej);0.934;0;sem match válido;Qwen3-1.7B-QLoRA
ID_4804205224697296;14;diagnosis of citrus sudden death disease;citrus sudden death (rej);0.897;0;sem match válido;Qwen3-1.7B-QLoRA
ID_4804205224697296;15;diagnosis of citrus sudden death disease symptoms;symptomatic fruit;0.775;1;match válido;Qwen3-1.7B-QLoRA
ID_4804205224697296;16;diagnosis of citrus sudden death symptoms;citrus sudden death (rej);0.884;0;sem match válido;Qwen3-1.7B-QLoRA
ID_4804205224697296;17;diagnosis of citrus sudden death symptoms symptoms;citrus sudden death (rej);0.857;0;sem match válido;Qwen3-1.7B-QLoRA
ID_4804205224697296;18;;;;;;Qwen3-1.7B-QLoRA
ID_4804205224697296;19;;;;;;Qwen3-1.7B-QLoRA
ID_4804205224697296;20;;;;;;Qwen3-1.7B-QLoRA
ID_4830050448543240;1;density-functional theory;density functionals;0.918;3;match válido;Qwen3-1.7B-QLoRA
ID_4830050448543240;2;density-functional study;density-functional study;1.000;3;match válido;Qwen3-1.7B-QLoRA
ID_4830050448543240;3;density-functional study of spatially;specific nonlocal density;0.782;1;match válido;Qwen3-1.7B-QLoRA
ID_4830050448543240;4;density-functional study of spatially inhomogeneous;specific nonlocal density (rej);0.721;0;sem match válido;Qwen3-1.7B-QLoRA
ID_4830050448543240;5;density-functional study of spatially inhomogeneous hubbard;specific nonlocal density (rej);0.547;0;sem match válido;Qwen3-1.7B-QLoRA
ID_4830050448543240;6;density-functional study of spatially inhomogeneous hubbard model;density-functional study (rej);0.635;0;sem match válido;Qwen3-1.7B-QLoRA
ID_4830050448543240;7;density-functional study of spatially inhomogeneous hubbard models;density-functional study (rej);0.627;0;sem match válido;Qwen3-1.7B-QLoRA
ID_4830050448543240;8;density-functional study of spatially inhomogeneous hubbard models: impurities;density-functional study (rej);0.608;0;sem match válido;Qwen3-1.7B-QLoRA
ID_4830050448543240;9;density-functional study of spatially inhomogeneous hubbard models: impurities and superlattices;density-functional study (rej);0.531;0;sem match válido;Qwen3-1.7B-QLoRA
ID_4830050448543240;10;expansão perturbativa regularizada;density-matrix renormalization group (rej);0.445;0;sem match válido;Qwen3-1.7B-QLoRA
ID_4830050448543240;11;estudo de correções empíricas;occuring or man-made (rej);0.364;0;sem match válido;Qwen3-1.7B-QLoRA
ID_4830050448543240;12;effects of nanoscale spatial;effects of nanoscale;0.881;1;match válido;Qwen3-1.7B-QLoRA
ID_4830050448543240;13;estudo de correções empíricas da teoria;occuring or man-made (rej);0.437;0;sem match válido;Qwen3-1.7B-QLoRA
ID_4830050448543240;14;expansão perturbativa regularizada para;density-matrix renormalization group (rej);0.462;0;sem match válido;Qwen3-1.7B-QLoRA
ID_4830050448543240;15;local-density approximation;local-density approximation;1.000;3;match válido;Qwen3-1.7B-QLoRA
ID_4830050448543240;16;local-density approximation for a luttinger;local-density approximation (rej);0.770;0;sem match válido;Qwen3-1.7B-QLoRA
ID_4830050448543240;17;local-potentials and attractive;local-density (rej);0.516;0;sem match válido;Qwen3-1.7B-QLoRA
ID_4830050448543240;18;mean-field phase diagram;mean-field phase diagram;1.000;3;match válido;Qwen3-1.7B-QLoRA
ID_4830050448543240;19;modelo de hubbard;hubbard (rej);0.693;0;sem match válido;Qwen3-1.7B-QLoRA
ID_4830050448543240;20;modelo de hubbard model;hubbard (rej);0.597;0;sem match válido;Qwen3-1.7B-QLoRA
ID_4854372533657671;1;critical behavior;stochastic behavior (rej);0.505;0;sem match válido;Qwen3-1.7B-QLoRA
ID_4854372533657671;2;critical point;threshold models (rej);0.524;0;sem match válido;Qwen3-1.7B-QLoRA
ID_4854372533657671;3;critical phenomena;dimensional effects (rej);0.510;0;sem match válido;Qwen3-1.7B-QLoRA
ID_4854372533657671;4;critical temperature;“flash” temperature (rej);0.680;0;sem match válido;Qwen3-1.7B-QLoRA
ID_4854372533657671;5;earthquake fault system;earthquake faults;0.937;2;match válido;Qwen3-1.7B-QLoRA
ID_4854372533657671;6;earthquake models;physics of earthquakes;0.829;3;match válido;Qwen3-1.7B-QLoRA
ID_4854372533657671;7;evolutionary models;evolution (rej);0.804;0;sem match válido;Qwen3-1.7B-QLoRA
ID_4854372533657671;8;evolutionary theory;evolution;0.841;3;match válido;Qwen3-1.7B-QLoRA
ID_4854372533657671;9;field-induced phase transitions;phase transition;0.800;3;match válido;Qwen3-1.7B-QLoRA
ID_4854372533657671;10;finite nuclei;nuclear matter (rej);0.592;0;sem match válido;Qwen3-1.7B-QLoRA
ID_4854372533657671;11;fractal growth;sympatric speciation (rej);0.444;0;sem match válido;Qwen3-1.7B-QLoRA
ID_4854372533657671;12;hierarchy model;model (rej);0.578;0;sem match válido;Qwen3-1.7B-QLoRA
ID_4854372533657671;13;hierarchy on a network;parallel computing (rej);0.362;0;sem match válido;Qwen3-1.7B-QLoRA
ID_4854372533657671;14;hierarchy on a network model;computer model (rej);0.425;0;sem match válido;Qwen3-1.7B-QLoRA
ID_4854372533657671;15;;;;;;Qwen3-1.7B-QLoRA
ID_4854372533657671;16;;;;;;Qwen3-1.7B-QLoRA
ID_4854372533657671;17;;;;;;Qwen3-1.7B-QLoRA
ID_4854372533657671;18;;;;;;Qwen3-1.7B-QLoRA
ID_4854372533657671;19;;;;;;Qwen3-1.7B-QLoRA
ID_4854372533657671;20;;;;;;Qwen3-1.7B-QLoRA
ID_4928616387172275;1;amazon;amazonia (rej);0.902;0;sem match válido;Qwen3-1.7B-QLoRA
ID_4928616387172275;2;amazonia;amazonia;1.000;3;match válido;Qwen3-1.7B-QLoRA
ID_4928616387172275;3;amazonia history;amazonia (rej);0.901;0;sem match válido;Qwen3-1.7B-QLoRA
ID_4928616387172275;4;amazonian avifauna;amazonia (rej);0.760;0;sem match válido;Qwen3-1.7B-QLoRA
ID_4928616387172275;5;amazonian biogeography;biogeography;0.769;3;match válido;Qwen3-1.7B-QLoRA
ID_4928616387172275;6;amazonian history;amazonia (rej);0.857;0;sem match válido;Qwen3-1.7B-QLoRA
ID_4928616387172275;7;amazonian species;amazonia (rej);0.833;0;sem match válido;Qwen3-1.7B-QLoRA
ID_4928616387172275;8;amazonian species limits;species limits (rej);0.744;0;sem match válido;Qwen3-1.7B-QLoRA
ID_4928616387172275;9;amazonian species range;amazonia (rej);0.782;0;sem match válido;Qwen3-1.7B-QLoRA
ID_4928616387172275;10;amazonian species range boundaries;amazonia (rej);0.734;0;sem match válido;Qwen3-1.7B-QLoRA
ID_4928616387172275;11;amazonian species ranges;amazonia (rej);0.767;0;sem match válido;Qwen3-1.7B-QLoRA
ID_4928616387172275;12;amazonian species richness;amazonia (rej);0.748;0;sem match válido;Qwen3-1.7B-QLoRA
ID_4928616387172275;13;amazonian species richness patterns;patterns in amazonia;0.808;3;match válido;Qwen3-1.7B-QLoRA
ID_4928616387172275;14;amazonian species richness patterns and diversity;patterns in amazonia (rej);0.768;0;sem match válido;Qwen3-1.7B-QLoRA
ID_4928616387172275;15;amazonian species richness patterns and diversity gradients;patterns in amazonia (rej);0.750;0;sem match válido;Qwen3-1.7B-QLoRA
ID_4928616387172275;16;amazonian species richness patterns and diversity gradients and biogeography;patterns in amazonia (rej);0.724;0;sem match válido;Qwen3-1.7B-QLoRA
ID_4928616387172275;17;;;;;;Qwen3-1.7B-QLoRA
ID_4928616387172275;18;;;;;;Qwen3-1.7B-QLoRA
ID_4928616387172275;19;;;;;;Qwen3-1.7B-QLoRA
ID_4928616387172275;20;;;;;;Qwen3-1.7B-QLoRA
ID_5006741787749124;1;bipolar disorder;bipolar disorder;1.000;1;match válido;Qwen3-1.7B-QLoRA
ID_5006741787749124;2;dopamine;neuropsychiatric disorders (rej);0.510;0;sem match válido;Qwen3-1.7B-QLoRA
ID_5006741787749124;3;dopamine d2 receptor;neuronal calcium sensor 1 (rej);0.432;0;sem match válido;Qwen3-1.7B-QLoRA
ID_5006741787749124;4;dopamine d2 receptor activity;neuronal calcium sensor 1 (rej);0.420;0;sem match válido;Qwen3-1.7B-QLoRA
ID_5006741787749124;5;dopamine d2 receptor activity modulates;signaling pathway (rej);0.427;0;sem match válido;Qwen3-1.7B-QLoRA
ID_5006741787749124;6;dopamine d2 receptor activity modulates akt;signaling pathway (rej);0.426;0;sem match válido;Qwen3-1.7B-QLoRA
ID_5006741787749124;7;dopamine d2 receptor activity modulates akt signaling;signaling pathway (rej);0.474;0;sem match válido;Qwen3-1.7B-QLoRA
ID_5006741787749124;8;dopamine d2 receptor activity modulates akt signaling and alters;signaling pathway (rej);0.468;0;sem match válido;Qwen3-1.7B-QLoRA
ID_5006741787749124;9;dopamine d2 receptor activity modulates akt signaling and alters gabaergic;signaling pathway (rej);0.465;0;sem match válido;Qwen3-1.7B-QLoRA
ID_5006741787749124;10;dopamine signaling;signaling pathway (rej);0.505;0;sem match válido;Qwen3-1.7B-QLoRA
ID_5006741787749124;11;neuropsychiatric disorders;neuropsychiatric disorders;1.000;2;match válido;Qwen3-1.7B-QLoRA
ID_5006741787749124;12;neurodevelopment;neuropsychiatric disorders (rej);0.509;0;sem match válido;Qwen3-1.7B-QLoRA
ID_5006741787749124;13;neurodevelopmental genes;psychiatric genetics research (rej);0.611;0;sem match válido;Qwen3-1.7B-QLoRA
ID_5006741787749124;14;neurodevelopmental origin;psychiatric genetics research (rej);0.516;0;sem match válido;Qwen3-1.7B-QLoRA
ID_5006741787749124;15;neurodevelopmental origin of at least;psychiatric genetics research (rej);0.504;0;sem match válido;Qwen3-1.7B-QLoRA
ID_5006741787749124;16;neurodevelopmental origin of some;psychiatric genetics research (rej);0.521;0;sem match válido;Qwen3-1.7B-QLoRA
ID_5006741787749124;17;neuroplasticity;neuropsychiatric disorders (rej);0.569;0;sem match válido;Qwen3-1.7B-QLoRA
ID_5006741787749124;18;neuroplasticity to drug effects;neuropsychiatric disorders (rej);0.603;0;sem match válido;Qwen3-1.7B-QLoRA
ID_5006741787749124;19;neuroplasticity to drug effects and cognition;neuropsychiatric disorders (rej);0.637;0;sem match válido;Qwen3-1.7B-QLoRA
ID_5006741787749124;20;neurotransmission imbalance;neuropsychiatric disorders (rej);0.604;0;sem match válido;Qwen3-1.7B-QLoRA
ID_5065411466998527;1;antileishmanial activity;leishmanicidal activity (rej);0.649;0;sem match válido;Qwen3-1.7B-QLoRA
ID_5065411466998527;2;antileishmanial drugs;piplartine (rej);0.505;0;sem match válido;Qwen3-1.7B-QLoRA
ID_5065411466998527;3;antileishmanial drugs development;leishmanicidal activity (rej);0.465;0;sem match válido;Qwen3-1.7B-QLoRA
ID_5065411466998527;4;;;;;;Qwen3-1.7B-QLoRA
ID_5065411466998527;5;;;;;;Qwen3-1.7B-QLoRA
ID_5065411466998527;6;;;;;;Qwen3-1.7B-QLoRA
ID_5065411466998527;7;;;;;;Qwen3-1.7B-QLoRA
ID_5065411466998527;8;;;;;;Qwen3-1.7B-QLoRA
ID_5065411466998527;9;;;;;;Qwen3-1.7B-QLoRA
ID_5065411466998527;10;;;;;;Qwen3-1.7B-QLoRA
ID_5065411466998527;11;;;;;;Qwen3-1.7B-QLoRA
ID_5065411466998527;12;;;;;;Qwen3-1.7B-QLoRA
ID_5065411466998527;13;;;;;;Qwen3-1.7B-QLoRA
ID_5065411466998527;14;;;;;;Qwen3-1.7B-QLoRA
ID_5065411466998527;15;;;;;;Qwen3-1.7B-QLoRA
ID_5065411466998527;16;;;;;;Qwen3-1.7B-QLoRA
ID_5065411466998527;17;;;;;;Qwen3-1.7B-QLoRA
ID_5065411466998527;18;;;;;;Qwen3-1.7B-QLoRA
ID_5065411466998527;19;;;;;;Qwen3-1.7B-QLoRA
ID_5065411466998527;20;;;;;;Qwen3-1.7B-QLoRA
ID_5105401635003548;1;archaeomagnetic dating;archeomagnetism (rej);0.725;0;sem match válido;Qwen3-1.7B-QLoRA
ID_5105401635003548;2;archaeomagnetic dating protocols;archeomagnetism (rej);0.673;0;sem match válido;Qwen3-1.7B-QLoRA
ID_5105401635003548;3;archaeomagnetic dating results;recent archeointensity results (rej);0.702;0;sem match válido;Qwen3-1.7B-QLoRA
ID_5105401635003548;4;;;;;;Qwen3-1.7B-QLoRA
ID_5105401635003548;5;;;;;;Qwen3-1.7B-QLoRA
ID_5105401635003548;6;;;;;;Qwen3-1.7B-QLoRA
ID_5105401635003548;7;;;;;;Qwen3-1.7B-QLoRA
ID_5105401635003548;8;;;;;;Qwen3-1.7B-QLoRA
ID_5105401635003548;9;;;;;;Qwen3-1.7B-QLoRA
ID_5105401635003548;10;;;;;;Qwen3-1.7B-QLoRA
ID_5105401635003548;11;;;;;;Qwen3-1.7B-QLoRA
ID_5105401635003548;12;;;;;;Qwen3-1.7B-QLoRA
ID_5105401635003548;13;;;;;;Qwen3-1.7B-QLoRA
ID_5105401635003548;14;;;;;;Qwen3-1.7B-QLoRA
ID_5105401635003548;15;;;;;;Qwen3-1.7B-QLoRA
ID_5105401635003548;16;;;;;;Qwen3-1.7B-QLoRA
ID_5105401635003548;17;;;;;;Qwen3-1.7B-QLoRA
ID_5105401635003548;18;;;;;;Qwen3-1.7B-QLoRA
ID_5105401635003548;19;;;;;;Qwen3-1.7B-QLoRA
ID_5105401635003548;20;;;;;;Qwen3-1.7B-QLoRA
ID_5118629875846648;1;association rules;association rules;1.000;3;match válido;Qwen3-1.7B-QLoRA
ID_5118629875846648;2;association rule;association rules (rej);0.964;0;sem match válido;Qwen3-1.7B-QLoRA
ID_5118629875846648;3;association rule mining;association rules (rej);0.751;0;sem match válido;Qwen3-1.7B-QLoRA
ID_5118629875846648;4;association rule-based method;statistical association rules;0.786;2;match válido;Qwen3-1.7B-QLoRA
ID_5118629875846648;5;association rules mining;association rules (rej);0.722;0;sem match válido;Qwen3-1.7B-QLoRA
ID_5118629875846648;6;associative classifier;associative classifier;1.000;2;match válido;Qwen3-1.7B-QLoRA
ID_5118629875846648;7;associative classifiers;associative classifier (rej);0.992;0;sem match válido;Qwen3-1.7B-QLoRA
ID_5118629875846648;8;;;;;;Qwen3-1.7B-QLoRA
ID_5118629875846648;9;;;;;;Qwen3-1.7B-QLoRA
ID_5118629875846648;10;;;;;;Qwen3-1.7B-QLoRA
ID_5118629875846648;11;;;;;;Qwen3-1.7B-QLoRA
ID_5118629875846648;12;;;;;;Qwen3-1.7B-QLoRA
ID_5118629875846648;13;;;;;;Qwen3-1.7B-QLoRA
ID_5118629875846648;14;;;;;;Qwen3-1.7B-QLoRA
ID_5118629875846648;15;;;;;;Qwen3-1.7B-QLoRA
ID_5118629875846648;16;;;;;;Qwen3-1.7B-QLoRA
ID_5118629875846648;17;;;;;;Qwen3-1.7B-QLoRA
ID_5118629875846648;18;;;;;;Qwen3-1.7B-QLoRA
ID_5118629875846648;19;;;;;;Qwen3-1.7B-QLoRA
ID_5118629875846648;20;;;;;;Qwen3-1.7B-QLoRA
ID_5183458350445779;1;bacterial cell;escherichia coli (rej);0.660;0;sem match válido;Qwen3-1.7B-QLoRA
ID_5183458350445779;2;bacterial cell physiology;escherichia coli (rej);0.608;0;sem match válido;Qwen3-1.7B-QLoRA
ID_5183458350445779;3;bacterial cells;escherichia coli (rej);0.677;0;sem match válido;Qwen3-1.7B-QLoRA
ID_5183458350445779;4;bacterial growth;escherichia coli (rej);0.619;0;sem match válido;Qwen3-1.7B-QLoRA
ID_5183458350445779;5;bacterial physiology;escherichia coli (rej);0.644;0;sem match válido;Qwen3-1.7B-QLoRA
ID_5183458350445779;6;bacteria;escherichia coli (rej);0.713;0;sem match válido;Qwen3-1.7B-QLoRA
ID_5183458350445779;7;bacteria cells;escherichia coli (rej);0.674;0;sem match válido;Qwen3-1.7B-QLoRA
ID_5183458350445779;8;cell physiology;structure and peroxidase (rej);0.447;0;sem match válido;Qwen3-1.7B-QLoRA
ID_5183458350445779;9;cloning;cloning;1.000;3;match válido;Qwen3-1.7B-QLoRA
ID_5183458350445779;10;expression;heterologous expression (rej);0.595;0;sem match válido;Qwen3-1.7B-QLoRA
ID_5183458350445779;11;expression and purification;purification and characterization;0.872;3;match válido;Qwen3-1.7B-QLoRA
ID_5183458350445779;12;expression in eukaryotes;protein micro-exon gene (rej);0.541;0;sem match válido;Qwen3-1.7B-QLoRA
ID_5183458350445779;13;expression studies;heterologous expression (rej);0.567;0;sem match válido;Qwen3-1.7B-QLoRA
ID_5183458350445779;14;factors of baculovirus;escherichia coli (rej);0.398;0;sem match válido;Qwen3-1.7B-QLoRA
ID_5183458350445779;15;;;;;;Qwen3-1.7B-QLoRA
ID_5183458350445779;16;;;;;;Qwen3-1.7B-QLoRA
ID_5183458350445779;17;;;;;;Qwen3-1.7B-QLoRA
ID_5183458350445779;18;;;;;;Qwen3-1.7B-QLoRA
ID_5183458350445779;19;;;;;;Qwen3-1.7B-QLoRA
ID_5183458350445779;20;;;;;;Qwen3-1.7B-QLoRA
ID_5187181156228197;1;geochronology;geochronology;1.000;3;match válido;Qwen3-1.7B-QLoRA
ID_5187181156228197;2;magmatic arc;magmatic arc;1.000;2;match válido;Qwen3-1.7B-QLoRA
ID_5187181156228197;3;magmatic pulse;magmatic arc (rej);0.786;0;sem match válido;Qwen3-1.7B-QLoRA
ID_5187181156228197;4;neoproterozoic;neoproterozoic;1.000;3;match válido;Qwen3-1.7B-QLoRA
ID_5187181156228197;5;neoproterozoic magmatism;magmatic arc (rej);0.767;0;sem match válido;Qwen3-1.7B-QLoRA
ID_5187181156228197;6;neoproterozoic magmatic activity;magmatic arc (rej);0.767;0;sem match válido;Qwen3-1.7B-QLoRA
ID_5187181156228197;7;neoproterozoic magmatic arc;magmatic arc (rej);0.868;0;sem match válido;Qwen3-1.7B-QLoRA
ID_5187181156228197;8;neoproterozoic magmatic pulses;magmatic arc (rej);0.761;0;sem match válido;Qwen3-1.7B-QLoRA
ID_5187181156228197;9;neoproterozoic ribeira belt;neoproterozoic (rej);0.793;0;sem match válido;Qwen3-1.7B-QLoRA
ID_5187181156228197;10;neoproterozoic rio negro magmatic arc;magmatic arc (rej);0.812;0;sem match válido;Qwen3-1.7B-QLoRA
ID_5187181156228197;11;neoproterozoic rio negro magmatic;magmatic arc (rej);0.721;0;sem match válido;Qwen3-1.7B-QLoRA
ID_5187181156228197;12;ribeira belt;ribeira belt;1.000;3;match válido;Qwen3-1.7B-QLoRA
ID_5187181156228197;13;ribeira belt and central;ribeira belt (rej);0.840;0;sem match válido;Qwen3-1.7B-QLoRA
ID_5187181156228197;14;ribeira belt and central ribeira;ribeira belt (rej);0.807;0;sem match válido;Qwen3-1.7B-QLoRA
ID_5187181156228197;15;ribeira belt and central ribeira belt;ribeira belt (rej);0.847;0;sem match válido;Qwen3-1.7B-QLoRA
ID_5187181156228197;16;serra da bolívia complex;ribeira mobile (rej);0.618;0;sem match válido;Qwen3-1.7B-QLoRA
ID_5187181156228197;17;south atlantic conjugate margins;neoproterozoic passive margin (rej);0.572;0;sem match válido;Qwen3-1.7B-QLoRA
ID_5187181156228197;18;south atlantic margin;south shetland islands (rej);0.509;0;sem match válido;Qwen3-1.7B-QLoRA
ID_5187181156228197;19;south atlantic margin (se-brazil);southern brasilia;0.758;3;match válido;Qwen3-1.7B-QLoRA
ID_5187181156228197;20;south atlantic margin (sw-africa);southern brasilia (rej);0.521;0;sem match válido;Qwen3-1.7B-QLoRA
ID_5265254209364825;1;analog arrays;field programmable analog (rej);0.552;0;sem match válido;Qwen3-1.7B-QLoRA
ID_5265254209364825;2;built-in self-test;built-in self-test;1.000;3;match válido;Qwen3-1.7B-QLoRA
ID_5265254209364825;3;field programmable analog;field programmable analog;1.000;3;match válido;Qwen3-1.7B-QLoRA
ID_5265254209364825;4;field programmable analog arrays;field programmable analog (rej);0.819;0;sem match válido;Qwen3-1.7B-QLoRA
ID_5265254209364825;5;functional test;testing;0.831;3;match válido;Qwen3-1.7B-QLoRA
ID_5265254209364825;6;interconnect faults;test of interconnects (rej);0.747;0;sem match válido;Qwen3-1.7B-QLoRA
ID_5265254209364825;7;interconnects and routers;networks-on-chip (rej);0.631;0;sem match válido;Qwen3-1.7B-QLoRA
ID_5265254209364825;8;interconnects and test;test of interconnects;0.976;3;match válido;Qwen3-1.7B-QLoRA
ID_5265254209364825;9;interconnects of field;test of interconnects (rej);0.649;0;sem match válido;Qwen3-1.7B-QLoRA
ID_5265254209364825;10;interconnects of field programmable;field programmable analog (rej);0.701;0;sem match válido;Qwen3-1.7B-QLoRA
ID_5265254209364825;11;interconnects of field programmable analog;field programmable analog (rej);0.829;0;sem match válido;Qwen3-1.7B-QLoRA
ID_5265254209364825;12;interconnects of field programmable arrays;field programmable analog (rej);0.590;0;sem match válido;Qwen3-1.7B-QLoRA
ID_5265254209364825;13;;;;;;Qwen3-1.7B-QLoRA
ID_5265254209364825;14;;;;;;Qwen3-1.7B-QLoRA
ID_5265254209364825;15;;;;;;Qwen3-1.7B-QLoRA
ID_5265254209364825;16;;;;;;Qwen3-1.7B-QLoRA
ID_5265254209364825;17;;;;;;Qwen3-1.7B-QLoRA
ID_5265254209364825;18;;;;;;Qwen3-1.7B-QLoRA
ID_5265254209364825;19;;;;;;Qwen3-1.7B-QLoRA
ID_5265254209364825;20;;;;;;Qwen3-1.7B-QLoRA
ID_5317385915649516;1;animal production;bovinos alimentados (rej);0.639;0;sem match válido;Qwen3-1.7B-QLoRA
ID_5317385915649516;2;carcass;bovinos alimentados (rej);0.512;0;sem match válido;Qwen3-1.7B-QLoRA
ID_5317385915649516;3;carcass characteristics;crude protein (rej);0.506;0;sem match válido;Qwen3-1.7B-QLoRA
ID_5317385915649516;4;carcass and meat;bovinos alimentados (rej);0.619;0;sem match válido;Qwen3-1.7B-QLoRA
ID_5317385915649516;5;carcass characteristics and meat;crude protein (rej);0.580;0;sem match válido;Qwen3-1.7B-QLoRA
ID_5317385915649516;6;carcass characteristics and meat quality;bovinos alimentados (rej);0.541;0;sem match válido;Qwen3-1.7B-QLoRA
ID_5317385915649516;7;carcass characteristics and meat quality traits;bovinos alimentados (rej);0.546;0;sem match válido;Qwen3-1.7B-QLoRA
ID_5317385915649516;8;carcass characteristics and meat quality traits of heifers;bovinos alimentados (rej);0.591;0;sem match válido;Qwen3-1.7B-QLoRA
ID_5317385915649516;9;carcass characteristics and meat quality traits of heifers receiving;bovinos alimentados (rej);0.626;0;sem match válido;Qwen3-1.7B-QLoRA
ID_5317385915649516;10;carcass and meat quality;bovinos alimentados (rej);0.566;0;sem match válido;Qwen3-1.7B-QLoRA
ID_5317385915649516;11;carcass and meat quality traits;bovinos alimentados (rej);0.561;0;sem match válido;Qwen3-1.7B-QLoRA
ID_5317385915649516;12;;;;;;Qwen3-1.7B-QLoRA
ID_5317385915649516;13;;;;;;Qwen3-1.7B-QLoRA
ID_5317385915649516;14;;;;;;Qwen3-1.7B-QLoRA
ID_5317385915649516;15;;;;;;Qwen3-1.7B-QLoRA
ID_5317385915649516;16;;;;;;Qwen3-1.7B-QLoRA
ID_5317385915649516;17;;;;;;Qwen3-1.7B-QLoRA
ID_5317385915649516;18;;;;;;Qwen3-1.7B-QLoRA
ID_5317385915649516;19;;;;;;Qwen3-1.7B-QLoRA
ID_5317385915649516;20;;;;;;Qwen3-1.7B-QLoRA
ID_5368167403557640;1;finite element method;finite element method;1.000;3;match válido;Qwen3-1.7B-QLoRA
ID_5368167403557640;2;finite element space;finite elements (rej);0.833;0;sem match válido;Qwen3-1.7B-QLoRA
ID_5368167403557640;3;finite element spaces;finite elements (rej);0.810;0;sem match válido;Qwen3-1.7B-QLoRA
ID_5368167403557640;4;finite element method for fluid;finite element method (rej);0.772;0;sem match válido;Qwen3-1.7B-QLoRA
ID_5368167403557640;5;finite element method for viscous;viscoelastic fluids (rej);0.732;0;sem match válido;Qwen3-1.7B-QLoRA
ID_5368167403557640;6;finite element methods;finite elements;0.870;3;match válido;Qwen3-1.7B-QLoRA
ID_5368167403557640;7;finite element spaces for incompressible;finite elements (rej);0.710;0;sem match válido;Qwen3-1.7B-QLoRA
ID_5368167403557640;8;finite element spaces with embedded;finite elements (rej);0.697;0;sem match válido;Qwen3-1.7B-QLoRA
ID_5368167403557640;9;finite element spaces with embedded discontinuities;finite elements (rej);0.661;0;sem match válido;Qwen3-1.7B-QLoRA
ID_5368167403557640;10;finite element method for viscous membranes;viscous membrane;0.817;3;match válido;Qwen3-1.7B-QLoRA
ID_5368167403557640;11;;;;;;Qwen3-1.7B-QLoRA
ID_5368167403557640;12;;;;;;Qwen3-1.7B-QLoRA
ID_5368167403557640;13;;;;;;Qwen3-1.7B-QLoRA
ID_5368167403557640;14;;;;;;Qwen3-1.7B-QLoRA
ID_5368167403557640;15;;;;;;Qwen3-1.7B-QLoRA
ID_5368167403557640;16;;;;;;Qwen3-1.7B-QLoRA
ID_5368167403557640;17;;;;;;Qwen3-1.7B-QLoRA
ID_5368167403557640;18;;;;;;Qwen3-1.7B-QLoRA
ID_5368167403557640;19;;;;;;Qwen3-1.7B-QLoRA
ID_5368167403557640;20;;;;;;Qwen3-1.7B-QLoRA
ID_5424781102486268;1;atomic force;atomic force microscopy (rej);0.807;0;sem match válido;Qwen3-1.7B-QLoRA
ID_5424781102486268;2;atomic force microscopy;atomic force microscopy;1.000;3;match válido;Qwen3-1.7B-QLoRA
ID_5424781102486268;3;bacteria;yeast cell (rej);0.595;0;sem match válido;Qwen3-1.7B-QLoRA
ID_5424781102486268;4;biological effects;toxin (rej);0.486;0;sem match válido;Qwen3-1.7B-QLoRA
ID_5424781102486268;5;birefringence;including (rej);0.613;0;sem match válido;Qwen3-1.7B-QLoRA
ID_5424781102486268;6;birefringence and transmission;transmission electron microscopy (rej);0.508;0;sem match válido;Qwen3-1.7B-QLoRA
ID_5424781102486268;7;birefringence and transmission electron;transmission electron microscopy (rej);0.746;0;sem match válido;Qwen3-1.7B-QLoRA
ID_5424781102486268;8;birefringence and transmission electron microscopy;transmission electron microscopy;0.860;2;match válido;Qwen3-1.7B-QLoRA
ID_5424781102486268;9;cell surface;cell;0.798;3;match válido;Qwen3-1.7B-QLoRA
ID_5424781102486268;10;cell surface covered;cell (rej);0.730;0;sem match válido;Qwen3-1.7B-QLoRA
ID_5424781102486268;11;cellular uptake;cell (rej);0.677;0;sem match válido;Qwen3-1.7B-QLoRA
ID_5424781102486268;12;cytometry;cell (rej);0.499;0;sem match válido;Qwen3-1.7B-QLoRA
ID_5424781102486268;13;cytometry and genetic;cell (rej);0.447;0;sem match válido;Qwen3-1.7B-QLoRA
ID_5424781102486268;14;cytometry and micronucleus;cell (rej);0.492;0;sem match válido;Qwen3-1.7B-QLoRA
ID_5424781102486268;15;dextran-coated magnetite;magnetite-based magnetic fluid (rej);0.791;0;sem match válido;Qwen3-1.7B-QLoRA
ID_5424781102486268;16;dextran-coated magnetite nanoparticles;magnetite-based magnetic fluid (rej);0.694;0;sem match válido;Qwen3-1.7B-QLoRA
ID_5424781102486268;17;double-coated magnetite-based;magnetite-based magnetic fluid (rej);0.775;0;sem match válido;Qwen3-1.7B-QLoRA
ID_5424781102486268;18;double-coated magnetite-based magnetic;magnetite-based magnetic fluid (rej);0.831;0;sem match válido;Qwen3-1.7B-QLoRA
ID_5424781102486268;19;double-coated magnetite-based magnetic fluid;magnetite-based magnetic fluid;0.925;2;match válido;Qwen3-1.7B-QLoRA
ID_5424781102486268;20;double-coated magnetite-based magnetic fluids;magnetic fluids;0.851;3;match válido;Qwen3-1.7B-QLoRA
ID_5465930712415985;1;brazil;tropical forest (rej);0.482;0;sem match válido;Qwen3-1.7B-QLoRA
ID_5465930712415985;2;brazilian flora;vegetation types (rej);0.710;0;sem match válido;Qwen3-1.7B-QLoRA
ID_5465930712415985;3;brazilian flora and fauna;tropical forest (rej);0.709;0;sem match válido;Qwen3-1.7B-QLoRA
ID_5465930712415985;4;brazilian flora and fungi;arbóreas da floresta (rej);0.687;0;sem match válido;Qwen3-1.7B-QLoRA
ID_5465930712415985;5;;;;;;Qwen3-1.7B-QLoRA
ID_5465930712415985;6;;;;;;Qwen3-1.7B-QLoRA
ID_5465930712415985;7;;;;;;Qwen3-1.7B-QLoRA
ID_5465930712415985;8;;;;;;Qwen3-1.7B-QLoRA
ID_5465930712415985;9;;;;;;Qwen3-1.7B-QLoRA
ID_5465930712415985;10;;;;;;Qwen3-1.7B-QLoRA
ID_5465930712415985;11;;;;;;Qwen3-1.7B-QLoRA
ID_5465930712415985;12;;;;;;Qwen3-1.7B-QLoRA
ID_5465930712415985;13;;;;;;Qwen3-1.7B-QLoRA
ID_5465930712415985;14;;;;;;Qwen3-1.7B-QLoRA
ID_5465930712415985;15;;;;;;Qwen3-1.7B-QLoRA
ID_5465930712415985;16;;;;;;Qwen3-1.7B-QLoRA
ID_5465930712415985;17;;;;;;Qwen3-1.7B-QLoRA
ID_5465930712415985;18;;;;;;Qwen3-1.7B-QLoRA
ID_5465930712415985;19;;;;;;Qwen3-1.7B-QLoRA
ID_5465930712415985;20;;;;;;Qwen3-1.7B-QLoRA
ID_5554472337681978;1;biomarkers;molecular markers (rej);0.715;0;sem match válido;Qwen3-1.7B-QLoRA
ID_5554472337681978;2;coprostanol;coprostanol;1.000;3;match válido;Qwen3-1.7B-QLoRA
ID_5554472337681978;3;coprostanol concentration;coprostanol (rej);0.841;0;sem match válido;Qwen3-1.7B-QLoRA
ID_5554472337681978;4;coprostanol levels;coprostanol (rej);0.800;0;sem match válido;Qwen3-1.7B-QLoRA
ID_5554472337681978;5;coprostanol ratios;coprostanol (rej);0.850;0;sem match válido;Qwen3-1.7B-QLoRA
ID_5554472337681978;6;coprostanol ratios in sediments;matéria orgânica sedimentar (rej);0.712;0;sem match válido;Qwen3-1.7B-QLoRA
ID_5554472337681978;7;;;;;;Qwen3-1.7B-QLoRA
ID_5554472337681978;8;;;;;;Qwen3-1.7B-QLoRA
ID_5554472337681978;9;;;;;;Qwen3-1.7B-QLoRA
ID_5554472337681978;10;;;;;;Qwen3-1.7B-QLoRA
ID_5554472337681978;11;;;;;;Qwen3-1.7B-QLoRA
ID_5554472337681978;12;;;;;;Qwen3-1.7B-QLoRA
ID_5554472337681978;13;;;;;;Qwen3-1.7B-QLoRA
ID_5554472337681978;14;;;;;;Qwen3-1.7B-QLoRA
ID_5554472337681978;15;;;;;;Qwen3-1.7B-QLoRA
ID_5554472337681978;16;;;;;;Qwen3-1.7B-QLoRA
ID_5554472337681978;17;;;;;;Qwen3-1.7B-QLoRA
ID_5554472337681978;18;;;;;;Qwen3-1.7B-QLoRA
ID_5554472337681978;19;;;;;;Qwen3-1.7B-QLoRA
ID_5554472337681978;20;;;;;;Qwen3-1.7B-QLoRA
ID_5717546460597615;1;acoustic profiles;acoustic reflectors (rej);0.758;0;sem match válido;Qwen3-1.7B-QLoRA
ID_5717546460597615;2;acoustic reflectors;acoustic reflectors;1.000;3;match válido;Qwen3-1.7B-QLoRA
ID_5717546460597615;3;acoustic reflectors display;acoustic reflectors (rej);0.961;0;sem match válido;Qwen3-1.7B-QLoRA
ID_5717546460597615;4;acoustic reflectors characteristic;acoustic reflectors (rej);0.974;0;sem match válido;Qwen3-1.7B-QLoRA
ID_5717546460597615;5;acoustic sub-bottom;acoustic reflectors (rej);0.704;0;sem match válido;Qwen3-1.7B-QLoRA
ID_5717546460597615;6;acoustic sub-bottom profiles;acoustic reflectors (rej);0.672;0;sem match válido;Qwen3-1.7B-QLoRA
ID_5717546460597615;7;acoustic sub-bottom profiles and submarine;morfologia submarina (rej);0.730;0;sem match válido;Qwen3-1.7B-QLoRA
ID_5717546460597615;8;acoustic reflectors characteristic show;acoustic reflectors (rej);0.959;0;sem match válido;Qwen3-1.7B-QLoRA
ID_5717546460597615;9;acoustic reflectors display two;acoustic reflectors (rej);0.919;0;sem match válido;Qwen3-1.7B-QLoRA
ID_5717546460597615;10;acoustic reflectors display two main;acoustic reflectors (rej);0.910;0;sem match válido;Qwen3-1.7B-QLoRA
ID_5717546460597615;11;acoustic reflectors influence;acoustic reflectors (rej);0.950;0;sem match válido;Qwen3-1.7B-QLoRA
ID_5717546460597615;12;acoustic reflectors show evidence;acoustic reflectors (rej);0.900;0;sem match válido;Qwen3-1.7B-QLoRA
ID_5717546460597615;13;;;;;;Qwen3-1.7B-QLoRA
ID_5717546460597615;14;;;;;;Qwen3-1.7B-QLoRA
ID_5717546460597615;15;;;;;;Qwen3-1.7B-QLoRA
ID_5717546460597615;16;;;;;;Qwen3-1.7B-QLoRA
ID_5717546460597615;17;;;;;;Qwen3-1.7B-QLoRA
ID_5717546460597615;18;;;;;;Qwen3-1.7B-QLoRA
ID_5717546460597615;19;;;;;;Qwen3-1.7B-QLoRA
ID_5717546460597615;20;;;;;;Qwen3-1.7B-QLoRA
ID_5832250655889116;1;bone marrow mononuclear cells;bone marrow mononuclear;0.969;3;match válido;Qwen3-1.7B-QLoRA
ID_5832250655889116;2;cell therapy;stem cells (rej);0.704;0;sem match válido;Qwen3-1.7B-QLoRA
ID_5832250655889116;3;demyelination;nadph-diaphorase (rej);0.481;0;sem match válido;Qwen3-1.7B-QLoRA
ID_5832250655889116;4;ganglioside;9-o-acetyl gangliosides (rej);0.574;0;sem match válido;Qwen3-1.7B-QLoRA
ID_5832250655889116;5;gangliosides;superior colliculus (rej);0.512;0;sem match válido;Qwen3-1.7B-QLoRA
ID_5832250655889116;6;glial cell proliferation;radial glia-like cells (rej);0.831;0;sem match válido;Qwen3-1.7B-QLoRA
ID_5832250655889116;7;glial cell survival;radial glia-like cells (rej);0.764;0;sem match válido;Qwen3-1.7B-QLoRA
ID_5832250655889116;8;glial cells;radial glia-like cells;0.900;2;match válido;Qwen3-1.7B-QLoRA
ID_5832250655889116;9;hippocampus;subventricular zone neurons (rej);0.609;0;sem match válido;Qwen3-1.7B-QLoRA
ID_5832250655889116;10;hippocampal area;subventricular zone neurons (rej);0.660;0;sem match válido;Qwen3-1.7B-QLoRA
ID_5832250655889116;11;hippocampal region;subventricular zone neurons (rej);0.660;0;sem match válido;Qwen3-1.7B-QLoRA
ID_5832250655889116;12;hippocampal region of rats;subventricular zone neurons (rej);0.670;0;sem match válido;Qwen3-1.7B-QLoRA
ID_5832250655889116;13;hippocampal region of the rat;subventricular zone neurons (rej);0.665;0;sem match válido;Qwen3-1.7B-QLoRA
ID_5832250655889116;14;hippocampus and dentate gyrus;subventricular zone neurons (rej);0.480;0;sem match válido;Qwen3-1.7B-QLoRA
ID_5832250655889116;15;hippocampus and dentate;subventricular zone neurons (rej);0.474;0;sem match válido;Qwen3-1.7B-QLoRA
ID_5832250655889116;16;hippocampal area of rats;subventricular zone neurons (rej);0.668;0;sem match válido;Qwen3-1.7B-QLoRA
ID_5832250655889116;17;hippocampal region of;subventricular zone neurons (rej);0.659;0;sem match válido;Qwen3-1.7B-QLoRA
ID_5832250655889116;18;;;;;;Qwen3-1.7B-QLoRA
ID_5832250655889116;19;;;;;;Qwen3-1.7B-QLoRA
ID_5832250655889116;20;;;;;;Qwen3-1.7B-QLoRA
ID_5832558504922244;1;alumina;porous alumina scaffolds (rej);0.540;0;sem match válido;Qwen3-1.7B-QLoRA
ID_5832558504922244;2;alumina ceramic;structural ceramics (rej);0.744;0;sem match válido;Qwen3-1.7B-QLoRA
ID_5832558504922244;3;alumina ceramic scaffolds;porous alumina scaffolds (rej);0.852;0;sem match válido;Qwen3-1.7B-QLoRA
ID_5832558504922244;4;alumina ceramic scaffold;structural ceramics;0.780;2;match válido;Qwen3-1.7B-QLoRA
ID_5832558504922244;5;alumina ceramics;structural ceramics (rej);0.738;0;sem match válido;Qwen3-1.7B-QLoRA
ID_5832558504922244;6;alumina porous;porous alumina scaffolds (rej);0.811;0;sem match válido;Qwen3-1.7B-QLoRA
ID_5832558504922244;7;alumina scaffold;porous alumina scaffolds (rej);0.868;0;sem match válido;Qwen3-1.7B-QLoRA
ID_5832558504922244;8;alumina scaffold composites;porous alumina scaffolds (rej);0.802;0;sem match válido;Qwen3-1.7B-QLoRA
ID_5832558504922244;9;alumina scaffolds;porous alumina scaffolds;0.890;3;match válido;Qwen3-1.7B-QLoRA
ID_5832558504922244;10;alumina scaffolds with bioactive;porous alumina scaffolds (rej);0.727;0;sem match válido;Qwen3-1.7B-QLoRA
ID_5832558504922244;11;alumina slurry;porous alumina scaffolds (rej);0.448;0;sem match válido;Qwen3-1.7B-QLoRA
ID_5832558504922244;12;alumina slurry technique;porous alumina scaffolds (rej);0.521;0;sem match válido;Qwen3-1.7B-QLoRA
ID_5832558504922244;13;alumina spheres;ceramic spheres (rej);0.687;0;sem match válido;Qwen3-1.7B-QLoRA
ID_5832558504922244;14;alumina spheres with bioactive;ceramic spheres (rej);0.570;0;sem match válido;Qwen3-1.7B-QLoRA
ID_5832558504922244;15;alumina spheres with bioactive coating;porous alumina scaffolds (rej);0.615;0;sem match válido;Qwen3-1.7B-QLoRA
ID_5832558504922244;16;alumina spheres with bioactive coatings;porous alumina scaffolds (rej);0.619;0;sem match válido;Qwen3-1.7B-QLoRA
ID_5832558504922244;17;;;;;;Qwen3-1.7B-QLoRA
ID_5832558504922244;18;;;;;;Qwen3-1.7B-QLoRA
ID_5832558504922244;19;;;;;;Qwen3-1.7B-QLoRA
ID_5832558504922244;20;;;;;;Qwen3-1.7B-QLoRA
ID_5871402136758674;1;astronomy education;licenciandos em física (rej);0.593;0;sem match válido;Qwen3-1.7B-QLoRA
ID_5871402136758674;2;cosmic microwave background;cosmic microwave background;1.000;3;match válido;Qwen3-1.7B-QLoRA
ID_5871402136758674;3;cosmic microwave background power spectrum;cosmic microwave background (rej);0.918;0;sem match válido;Qwen3-1.7B-QLoRA
ID_5871402136758674;4;cosmic microwave background radiation;cosmic microwave background (rej);0.949;0;sem match válido;Qwen3-1.7B-QLoRA
ID_5871402136758674;5;cosmic microwave background power;cosmic microwave background (rej);0.924;0;sem match válido;Qwen3-1.7B-QLoRA
ID_5871402136758674;6;cosmic microwave background radiation anisotropy;cosmic microwave background (rej);0.882;0;sem match válido;Qwen3-1.7B-QLoRA
ID_5871402136758674;7;cosmic microwave background radiation anisotropies;cosmic microwave background (rej);0.862;0;sem match válido;Qwen3-1.7B-QLoRA
ID_5871402136758674;8;cosmic microwave background radiation power;cosmic microwave background (rej);0.900;0;sem match válido;Qwen3-1.7B-QLoRA
ID_5871402136758674;9;cosmic microwave background radiation power spectrum;cosmic microwave background (rej);0.901;0;sem match válido;Qwen3-1.7B-QLoRA
ID_5871402136758674;10;cosmic microwave background power spectra;cosmic microwave background (rej);0.915;0;sem match válido;Qwen3-1.7B-QLoRA
ID_5871402136758674;11;cosmic microwave background power spectrum from;cosmic microwave background (rej);0.906;0;sem match válido;Qwen3-1.7B-QLoRA
ID_5871402136758674;12;cosmic microwave background power spectra from;cosmic microwave background (rej);0.901;0;sem match válido;Qwen3-1.7B-QLoRA
ID_5871402136758674;13;cosmic microwave background power spectra from beast;cosmic microwave background (rej);0.812;0;sem match válido;Qwen3-1.7B-QLoRA
ID_5871402136758674;14;cosmic microwave background power spectra from beast experiment;cosmic microwave background (rej);0.812;0;sem match válido;Qwen3-1.7B-QLoRA
ID_5871402136758674;15;cosmic microwave background power spectra from beast experiments;cosmic microwave background (rej);0.812;0;sem match válido;Qwen3-1.7B-QLoRA
ID_5871402136758674;16;;;;;;Qwen3-1.7B-QLoRA
ID_5871402136758674;17;;;;;;Qwen3-1.7B-QLoRA
ID_5871402136758674;18;;;;;;Qwen3-1.7B-QLoRA
ID_5871402136758674;19;;;;;;Qwen3-1.7B-QLoRA
ID_5871402136758674;20;;;;;;Qwen3-1.7B-QLoRA
ID_5898801580033554;1;biclique;cycle transversals (rej);0.491;0;sem match válido;Qwen3-1.7B-QLoRA
ID_5898801580033554;2;biclique editing;helly hypergraphs (rej);0.372;0;sem match válido;Qwen3-1.7B-QLoRA
ID_5898801580033554;3;cluster graph;clique-helly graphs;0.784;3;match válido;Qwen3-1.7B-QLoRA
ID_5898801580033554;4;cluster graph editing;clique graph (rej);0.715;0;sem match válido;Qwen3-1.7B-QLoRA
ID_5898801580033554;5;clique;clique graph (rej);0.728;0;sem match válido;Qwen3-1.7B-QLoRA
ID_5898801580033554;6;clique editing;clique graph (rej);0.608;0;sem match válido;Qwen3-1.7B-QLoRA
ID_5898801580033554;7;clique editing problem;clique graph (rej);0.593;0;sem match válido;Qwen3-1.7B-QLoRA
ID_5898801580033554;8;clique editing problems;clique graph (rej);0.582;0;sem match válido;Qwen3-1.7B-QLoRA
ID_5898801580033554;9;clique partition;clique graph (rej);0.565;0;sem match válido;Qwen3-1.7B-QLoRA
ID_5898801580033554;10;clique partition problems;particionamento de grafos (rej);0.507;0;sem match válido;Qwen3-1.7B-QLoRA
ID_5898801580033554;11;clique partitioning;particionamento de grafos (rej);0.591;0;sem match válido;Qwen3-1.7B-QLoRA
ID_5898801580033554;12;clique partitioning problems;particionamento de grafos (rej);0.582;0;sem match válido;Qwen3-1.7B-QLoRA
ID_5898801580033554;13;clique partitioning problem;particionamento de grafos (rej);0.557;0;sem match válido;Qwen3-1.7B-QLoRA
ID_5898801580033554;14;;;;;;Qwen3-1.7B-QLoRA
ID_5898801580033554;15;;;;;;Qwen3-1.7B-QLoRA
ID_5898801580033554;16;;;;;;Qwen3-1.7B-QLoRA
ID_5898801580033554;17;;;;;;Qwen3-1.7B-QLoRA
ID_5898801580033554;18;;;;;;Qwen3-1.7B-QLoRA
ID_5898801580033554;19;;;;;;Qwen3-1.7B-QLoRA
ID_5898801580033554;20;;;;;;Qwen3-1.7B-QLoRA
ID_5936682335701497;1;clonal selection;genetic programming (rej);0.610;0;sem match válido;Qwen3-1.7B-QLoRA
ID_5936682335701497;2;clonal selection algorithms;genetic algorithms (rej);0.718;0;sem match válido;Qwen3-1.7B-QLoRA
ID_5936682335701497;3;clonal selection algorithm;genetic algorithms (rej);0.703;0;sem match válido;Qwen3-1.7B-QLoRA
ID_5936682335701497;4;;;;;;Qwen3-1.7B-QLoRA
ID_5936682335701497;5;;;;;;Qwen3-1.7B-QLoRA
ID_5936682335701497;6;;;;;;Qwen3-1.7B-QLoRA
ID_5936682335701497;7;;;;;;Qwen3-1.7B-QLoRA
ID_5936682335701497;8;;;;;;Qwen3-1.7B-QLoRA
ID_5936682335701497;9;;;;;;Qwen3-1.7B-QLoRA
ID_5936682335701497;10;;;;;;Qwen3-1.7B-QLoRA
ID_5936682335701497;11;;;;;;Qwen3-1.7B-QLoRA
ID_5936682335701497;12;;;;;;Qwen3-1.7B-QLoRA
ID_5936682335701497;13;;;;;;Qwen3-1.7B-QLoRA
ID_5936682335701497;14;;;;;;Qwen3-1.7B-QLoRA
ID_5936682335701497;15;;;;;;Qwen3-1.7B-QLoRA
ID_5936682335701497;16;;;;;;Qwen3-1.7B-QLoRA
ID_5936682335701497;17;;;;;;Qwen3-1.7B-QLoRA
ID_5936682335701497;18;;;;;;Qwen3-1.7B-QLoRA
ID_5936682335701497;19;;;;;;Qwen3-1.7B-QLoRA
ID_5936682335701497;20;;;;;;Qwen3-1.7B-QLoRA
ID_5957855817378897;1;consensus protocols;robust adaptive consensus (rej);0.677;0;sem match válido;Qwen3-1.7B-QLoRA
ID_5957855817378897;2;distributed systems;distributed systems;1.000;3;match válido;Qwen3-1.7B-QLoRA
ID_5957855817378897;3;fault tolerance;fault tolerance;1.000;2;match válido;Qwen3-1.7B-QLoRA
ID_5957855817378897;4;fault-tolerant distributed protocols;fault tolerant computing (rej);0.733;0;sem match válido;Qwen3-1.7B-QLoRA
ID_5957855817378897;5;fault-tolerant grid;fault tolerant computing (rej);0.740;0;sem match válido;Qwen3-1.7B-QLoRA
ID_5957855817378897;6;grid computing;grid computing;1.000;3;match válido;Qwen3-1.7B-QLoRA
ID_5957855817378897;7;grid information service;grid computing (rej);0.841;0;sem match válido;Qwen3-1.7B-QLoRA
ID_5957855817378897;8;grid information services;grid computing (rej);0.835;0;sem match válido;Qwen3-1.7B-QLoRA
ID_5957855817378897;9;grid services;grid computing (rej);0.847;0;sem match válido;Qwen3-1.7B-QLoRA
ID_5957855817378897;10;grid systems;grid;0.900;2;match válido;Qwen3-1.7B-QLoRA
ID_5957855817378897;11;high availability;availability;0.872;2;match válido;Qwen3-1.7B-QLoRA
ID_5957855817378897;12;high availability systems;availability (rej);0.766;0;sem match válido;Qwen3-1.7B-QLoRA
ID_5957855817378897;13;human aspects;volunteers engagement (rej);0.316;0;sem match válido;Qwen3-1.7B-QLoRA
ID_5957855817378897;14;human computation;processing (rej);0.596;0;sem match válido;Qwen3-1.7B-QLoRA
ID_5957855817378897;15;human computation applications;processing (rej);0.565;0;sem match válido;Qwen3-1.7B-QLoRA
ID_5957855817378897;16;human aspects of workers;workload characterization (rej);0.517;0;sem match válido;Qwen3-1.7B-QLoRA
ID_5957855817378897;17;independent task;task replication (rej);0.646;0;sem match válido;Qwen3-1.7B-QLoRA
ID_5957855817378897;18;information service;provedor de serviços (rej);0.702;0;sem match válido;Qwen3-1.7B-QLoRA
ID_5957855817378897;19;peer-to-peer grids;peer-to-peer grids;1.000;3;match válido;Qwen3-1.7B-QLoRA
ID_5957855817378897;20;peer-to-peer grid;peer-to-peer grids (rej);0.965;0;sem match válido;Qwen3-1.7B-QLoRA
ID_6029111646602279;1;dexamethasone;allium cepa (rej);0.473;0;sem match válido;Qwen3-1.7B-QLoRA
ID_6029111646602279;2;dexamethasone-loaded nanocapsules;lipid-core nanocapsules (rej);0.723;0;sem match válido;Qwen3-1.7B-QLoRA
ID_6029111646602279;3;essential oil;essential oil;1.000;3;match válido;Qwen3-1.7B-QLoRA
ID_6029111646602279;4;nanocapsules;lipid-core nanocapsules;0.802;3;match válido;Qwen3-1.7B-QLoRA
ID_6029111646602279;5;nanocapsules containing;polysorbate-coated polymeric nanocapsules (rej);0.836;0;sem match válido;Qwen3-1.7B-QLoRA
ID_6029111646602279;6;nanocapsules for cutaneous;lipid-core nanocapsules (rej);0.722;0;sem match válido;Qwen3-1.7B-QLoRA
ID_6029111646602279;7;nanocapsules as a nanomedicine;polysorbate-coated polymeric nanocapsules (rej);0.771;0;sem match válido;Qwen3-1.7B-QLoRA
ID_6029111646602279;8;nanocapsules containing lemongrass;lipid-core nanocapsules (rej);0.659;0;sem match válido;Qwen3-1.7B-QLoRA
ID_6029111646602279;9;nanocapsules containing tea;lipid-core nanocapsules (rej);0.657;0;sem match válido;Qwen3-1.7B-QLoRA
ID_6029111646602279;10;nanocapsules containing tea tree;tea tree (rej);0.661;0;sem match válido;Qwen3-1.7B-QLoRA
ID_6029111646602279;11;nanocapsules of poly;polysorbate-coated polymeric nanocapsules;0.952;2;match válido;Qwen3-1.7B-QLoRA
ID_6029111646602279;12;nanocapsules of poly(methyl;polysorbate-coated polymeric nanocapsules (rej);0.932;0;sem match válido;Qwen3-1.7B-QLoRA
ID_6029111646602279;13;;;;;;Qwen3-1.7B-QLoRA
ID_6029111646602279;14;;;;;;Qwen3-1.7B-QLoRA
ID_6029111646602279;15;;;;;;Qwen3-1.7B-QLoRA
ID_6029111646602279;16;;;;;;Qwen3-1.7B-QLoRA
ID_6029111646602279;17;;;;;;Qwen3-1.7B-QLoRA
ID_6029111646602279;18;;;;;;Qwen3-1.7B-QLoRA
ID_6029111646602279;19;;;;;;Qwen3-1.7B-QLoRA
ID_6029111646602279;20;;;;;;Qwen3-1.7B-QLoRA
ID_6046165866539973;1;amino acid;excitatory amino acids;0.809;2;match válido;Qwen3-1.7B-QLoRA
ID_6046165866539973;2;amino acid translocase;excitatory amino acids (rej);0.705;0;sem match válido;Qwen3-1.7B-QLoRA
ID_6046165866539973;3;amino acid translocase activity;excitatory amino acids (rej);0.736;0;sem match válido;Qwen3-1.7B-QLoRA
ID_6046165866539973;4;amino acid translocase activity assay;excitatory amino acids (rej);0.721;0;sem match válido;Qwen3-1.7B-QLoRA
ID_6046165866539973;5;amino acid translocase activity assay, spectrophotometric;excitatory amino acids (rej);0.687;0;sem match válido;Qwen3-1.7B-QLoRA
ID_6046165866539973;6;;;;;;Qwen3-1.7B-QLoRA
ID_6046165866539973;7;;;;;;Qwen3-1.7B-QLoRA
ID_6046165866539973;8;;;;;;Qwen3-1.7B-QLoRA
ID_6046165866539973;9;;;;;;Qwen3-1.7B-QLoRA
ID_6046165866539973;10;;;;;;Qwen3-1.7B-QLoRA
ID_6046165866539973;11;;;;;;Qwen3-1.7B-QLoRA
ID_6046165866539973;12;;;;;;Qwen3-1.7B-QLoRA
ID_6046165866539973;13;;;;;;Qwen3-1.7B-QLoRA
ID_6046165866539973;14;;;;;;Qwen3-1.7B-QLoRA
ID_6046165866539973;15;;;;;;Qwen3-1.7B-QLoRA
ID_6046165866539973;16;;;;;;Qwen3-1.7B-QLoRA
ID_6046165866539973;17;;;;;;Qwen3-1.7B-QLoRA
ID_6046165866539973;18;;;;;;Qwen3-1.7B-QLoRA
ID_6046165866539973;19;;;;;;Qwen3-1.7B-QLoRA
ID_6046165866539973;20;;;;;;Qwen3-1.7B-QLoRA
ID_6072951820735063;1;adverse drug reactions;suspected adverse reactions;0.866;2;match válido;Qwen3-1.7B-QLoRA
ID_6072951820735063;2;adverse reactions;reações adversas causadas;0.982;2;match válido;Qwen3-1.7B-QLoRA
ID_6072951820735063;3;anemia em pacientes;tratamento da anemia;0.941;1;match válido;Qwen3-1.7B-QLoRA
ID_6072951820735063;4;anemia pós-renal;tratamento da anemia (rej);0.826;0;sem match válido;Qwen3-1.7B-QLoRA
ID_6072951820735063;5;anemia renal crônica;tratamento da anemia (rej);0.786;0;sem match válido;Qwen3-1.7B-QLoRA
ID_6072951820735063;6;anemia renal crônica e anêmia;tratamento da anemia (rej);0.818;0;sem match válido;Qwen3-1.7B-QLoRA
ID_6072951820735063;7;anemia renal crônica e anemia;tratamento da anemia (rej);0.841;0;sem match válido;Qwen3-1.7B-QLoRA
ID_6072951820735063;8;anemia renal crônica e anêmias;tratamento da anemia (rej);0.820;0;sem match válido;Qwen3-1.7B-QLoRA
ID_6072951820735063;9;anêmias em pacientes;tratamento da anemia (rej);0.807;0;sem match válido;Qwen3-1.7B-QLoRA
ID_6072951820735063;10;central de farmacovigilância;pharmacovigilance centre;0.900;2;match válido;Qwen3-1.7B-QLoRA
ID_6072951820735063;11;central de farmacovigilância do ce;pharmacovigilance centre (rej);0.725;0;sem match válido;Qwen3-1.7B-QLoRA
ID_6072951820735063;12;;;;;;Qwen3-1.7B-QLoRA
ID_6072951820735063;13;;;;;;Qwen3-1.7B-QLoRA
ID_6072951820735063;14;;;;;;Qwen3-1.7B-QLoRA
ID_6072951820735063;15;;;;;;Qwen3-1.7B-QLoRA
ID_6072951820735063;16;;;;;;Qwen3-1.7B-QLoRA
ID_6072951820735063;17;;;;;;Qwen3-1.7B-QLoRA
ID_6072951820735063;18;;;;;;Qwen3-1.7B-QLoRA
ID_6072951820735063;19;;;;;;Qwen3-1.7B-QLoRA
ID_6072951820735063;20;;;;;;Qwen3-1.7B-QLoRA
ID_6171517695707255;1;dna binding;protein–dna complex (rej);0.569;0;sem match válido;Qwen3-1.7B-QLoRA
ID_6171517695707255;2;dna-binding;protein–dna complex;0.766;2;match válido;Qwen3-1.7B-QLoRA
ID_6171517695707255;3;dna-binding domain;protein–dna complex (rej);0.674;0;sem match válido;Qwen3-1.7B-QLoRA
ID_6171517695707255;4;dna-binding domain of lac;protein–dna complex (rej);0.666;0;sem match válido;Qwen3-1.7B-QLoRA
ID_6171517695707255;5;dna-binding domains;protein–dna complex (rej);0.709;0;sem match válido;Qwen3-1.7B-QLoRA
ID_6171517695707255;6;dna-binding domain of lac repressor;protein–dna complex (rej);0.583;0;sem match válido;Qwen3-1.7B-QLoRA
ID_6171517695707255;7;dna-binding domain of lac repressor headpiece;protein–protein docking (rej);0.460;0;sem match válido;Qwen3-1.7B-QLoRA
ID_6171517695707255;8;dna-binding domain of lac repressor recognition;protein–dna recognition (rej);0.687;0;sem match válido;Qwen3-1.7B-QLoRA
ID_6171517695707255;9;dna-binding domain of lac repressor recognition helix;protein–dna recognition (rej);0.697;0;sem match válido;Qwen3-1.7B-QLoRA
ID_6171517695707255;10;;;;;;Qwen3-1.7B-QLoRA
ID_6171517695707255;11;;;;;;Qwen3-1.7B-QLoRA
ID_6171517695707255;12;;;;;;Qwen3-1.7B-QLoRA
ID_6171517695707255;13;;;;;;Qwen3-1.7B-QLoRA
ID_6171517695707255;14;;;;;;Qwen3-1.7B-QLoRA
ID_6171517695707255;15;;;;;;Qwen3-1.7B-QLoRA
ID_6171517695707255;16;;;;;;Qwen3-1.7B-QLoRA
ID_6171517695707255;17;;;;;;Qwen3-1.7B-QLoRA
ID_6171517695707255;18;;;;;;Qwen3-1.7B-QLoRA
ID_6171517695707255;19;;;;;;Qwen3-1.7B-QLoRA
ID_6171517695707255;20;;;;;;Qwen3-1.7B-QLoRA
ID_6175285839739641;1;extracellular matrix;extracellular matrix;1.000;3;match válido;Qwen3-1.7B-QLoRA
ID_6175285839739641;2;extracellular matrix proteins;extracellular matrix protein;0.992;2;match válido;Qwen3-1.7B-QLoRA
ID_6175285839739641;3;extracellular matrix proteins expression;extracellular matrix protein (rej);0.963;0;sem match válido;Qwen3-1.7B-QLoRA
ID_6175285839739641;4;extracellular matrix proteins expression levels;extracellular matrix protein (rej);0.914;0;sem match válido;Qwen3-1.7B-QLoRA
ID_6175285839739641;5;extracellular matrix proteins levels;extracellular matrix protein (rej);0.932;0;sem match válido;Qwen3-1.7B-QLoRA
ID_6175285839739641;6;;;;;;Qwen3-1.7B-QLoRA
ID_6175285839739641;7;;;;;;Qwen3-1.7B-QLoRA
ID_6175285839739641;8;;;;;;Qwen3-1.7B-QLoRA
ID_6175285839739641;9;;;;;;Qwen3-1.7B-QLoRA
ID_6175285839739641;10;;;;;;Qwen3-1.7B-QLoRA
ID_6175285839739641;11;;;;;;Qwen3-1.7B-QLoRA
ID_6175285839739641;12;;;;;;Qwen3-1.7B-QLoRA
ID_6175285839739641;13;;;;;;Qwen3-1.7B-QLoRA
ID_6175285839739641;14;;;;;;Qwen3-1.7B-QLoRA
ID_6175285839739641;15;;;;;;Qwen3-1.7B-QLoRA
ID_6175285839739641;16;;;;;;Qwen3-1.7B-QLoRA
ID_6175285839739641;17;;;;;;Qwen3-1.7B-QLoRA
ID_6175285839739641;18;;;;;;Qwen3-1.7B-QLoRA
ID_6175285839739641;19;;;;;;Qwen3-1.7B-QLoRA
ID_6175285839739641;20;;;;;;Qwen3-1.7B-QLoRA
ID_6201224121456969;1;animal production;reprodutiva de vacas (rej);0.742;0;sem match válido;Qwen3-1.7B-QLoRA
ID_6201224121456969;2;animal genetic resources;genetic resources;0.879;3;match válido;Qwen3-1.7B-QLoRA
ID_6201224121456969;3;animal genetic resources conservation;genetic resources (rej);0.773;0;sem match válido;Qwen3-1.7B-QLoRA
ID_6201224121456969;4;animal production systems;sistemas de producao (rej);0.699;0;sem match válido;Qwen3-1.7B-QLoRA
ID_6201224121456969;5;caprinos nambis;supranumerárias em caprinos (rej);0.660;0;sem match válido;Qwen3-1.7B-QLoRA
ID_6201224121456969;6;caprinos nativos;supranumerárias em caprinos (rej);0.729;0;sem match válido;Qwen3-1.7B-QLoRA
ID_6201224121456969;7;caprinos natizados;supranumerárias em caprinos (rej);0.729;0;sem match válido;Qwen3-1.7B-QLoRA
ID_6201224121456969;8;caprinos naturais;supranumerárias em caprinos (rej);0.710;0;sem match válido;Qwen3-1.7B-QLoRA
ID_6201224121456969;9;caprinos naturizados por meio;supranumerárias em caprinos (rej);0.684;0;sem match válido;Qwen3-1.7B-QLoRA
ID_6201224121456969;10;caprinos nambis do estado;supranumerárias em caprinos (rej);0.632;0;sem match válido;Qwen3-1.7B-QLoRA
ID_6201224121456969;11;caprinos naturalizados;supranumerárias em caprinos (rej);0.713;0;sem match válido;Qwen3-1.7B-QLoRA
ID_6201224121456969;12;caprinos naturalizados por meio;supranumerárias em caprinos (rej);0.677;0;sem match válido;Qwen3-1.7B-QLoRA
ID_6201224121456969;13;captive spotted paca;animais silvestres (rej);0.495;0;sem match válido;Qwen3-1.7B-QLoRA
ID_6201224121456969;14;captive spotted paca from brazil;animais silvestres (rej);0.406;0;sem match válido;Qwen3-1.7B-QLoRA
ID_6201224121456969;15;captive spotted paca populations;animais silvestres (rej);0.573;0;sem match válido;Qwen3-1.7B-QLoRA
ID_6201224121456969;16;captive spotted paca species;animais silvestres (rej);0.587;0;sem match válido;Qwen3-1.7B-QLoRA
ID_6201224121456969;17;captive spotted paca species diversity;wild animals (rej);0.604;0;sem match válido;Qwen3-1.7B-QLoRA
ID_6201224121456969;18;;;;;;Qwen3-1.7B-QLoRA
ID_6201224121456969;19;;;;;;Qwen3-1.7B-QLoRA
ID_6201224121456969;20;;;;;;Qwen3-1.7B-QLoRA
ID_6217509029802638;1;finite state machine;finite state machines (rej);0.983;0;sem match válido;Qwen3-1.7B-QLoRA
ID_6217509029802638;2;finite state machine verification;finite state machines (rej);0.798;0;sem match válido;Qwen3-1.7B-QLoRA
ID_6217509029802638;3;finite state machines;finite state machines;1.000;2;match válido;Qwen3-1.7B-QLoRA
ID_6217509029802638;4;finite state machines verification;finite state machines (rej);0.828;0;sem match válido;Qwen3-1.7B-QLoRA
ID_6217509029802638;5;finite-state machine;finite state machines (rej);0.958;0;sem match válido;Qwen3-1.7B-QLoRA
ID_6217509029802638;6;finite-state machine verification;finite state machines (rej);0.773;0;sem match válido;Qwen3-1.7B-QLoRA
ID_6217509029802638;7;finite-state machines verification;finite state machines (rej);0.809;0;sem match válido;Qwen3-1.7B-QLoRA
ID_6217509029802638;8;finite-state machine model checking;finite state machines (rej);0.801;0;sem match válido;Qwen3-1.7B-QLoRA
ID_6217509029802638;9;finite-state machine verification approach;finite state machines (rej);0.733;0;sem match válido;Qwen3-1.7B-QLoRA
ID_6217509029802638;10;finite-state machines;finite state machines (rej);0.972;0;sem match válido;Qwen3-1.7B-QLoRA
ID_6217509029802638;11;finite-state machine model;finite state machines (rej);0.893;0;sem match válido;Qwen3-1.7B-QLoRA
ID_6217509029802638;12;finite-state machines verification approach;finite state machines (rej);0.771;0;sem match válido;Qwen3-1.7B-QLoRA
ID_6217509029802638;13;;;;;;Qwen3-1.7B-QLoRA
ID_6217509029802638;14;;;;;;Qwen3-1.7B-QLoRA
ID_6217509029802638;15;;;;;;Qwen3-1.7B-QLoRA
ID_6217509029802638;16;;;;;;Qwen3-1.7B-QLoRA
ID_6217509029802638;17;;;;;;Qwen3-1.7B-QLoRA
ID_6217509029802638;18;;;;;;Qwen3-1.7B-QLoRA
ID_6217509029802638;19;;;;;;Qwen3-1.7B-QLoRA
ID_6217509029802638;20;;;;;;Qwen3-1.7B-QLoRA
ID_6284168579617066;1;ab initio;ab initio calculation (rej);0.801;0;sem match válido;Qwen3-1.7B-QLoRA
ID_6284168579617066;2;ab initio calculations;ab initio calculation;0.993;3;match válido;Qwen3-1.7B-QLoRA
ID_6284168579617066;3;ab initio calculations based;ab initio calculation (rej);0.969;0;sem match válido;Qwen3-1.7B-QLoRA
ID_6284168579617066;4;ab initio calculations for wurtzite;ab initio calculation (rej);0.715;0;sem match válido;Qwen3-1.7B-QLoRA
ID_6284168579617066;5;ab initio calculations on wurtzite;ab initio calculation (rej);0.708;0;sem match válido;Qwen3-1.7B-QLoRA
ID_6284168579617066;6;ab initio calculations with b3lyp;ab initio calculation (rej);0.770;0;sem match válido;Qwen3-1.7B-QLoRA
ID_6284168579617066;7;ab initio correlated all-electron dirac-fock;ab initio calculation (rej);0.512;0;sem match válido;Qwen3-1.7B-QLoRA
ID_6284168579617066;8;ab initio correlated all-electron dirac-fock calculations;ab initio calculation (rej);0.590;0;sem match válido;Qwen3-1.7B-QLoRA
ID_6284168579617066;9;ab initio correlated all-electron dirac-fock calculations for;ab initio calculation (rej);0.585;0;sem match válido;Qwen3-1.7B-QLoRA
ID_6284168579617066;10;ab initio correlated all-electron dirac-fock calculations for eka-francium;ab initio calculation (rej);0.537;0;sem match válido;Qwen3-1.7B-QLoRA
ID_6284168579617066;11;ab initio correlated all-electron dirac-fock calculations for eka-francium fluoride;ab initio calculation (rej);0.476;0;sem match válido;Qwen3-1.7B-QLoRA
ID_6284168579617066;12;;;;;;Qwen3-1.7B-QLoRA
ID_6284168579617066;13;;;;;;Qwen3-1.7B-QLoRA
ID_6284168579617066;14;;;;;;Qwen3-1.7B-QLoRA
ID_6284168579617066;15;;;;;;Qwen3-1.7B-QLoRA
ID_6284168579617066;16;;;;;;Qwen3-1.7B-QLoRA
ID_6284168579617066;17;;;;;;Qwen3-1.7B-QLoRA
ID_6284168579617066;18;;;;;;Qwen3-1.7B-QLoRA
ID_6284168579617066;19;;;;;;Qwen3-1.7B-QLoRA
ID_6284168579617066;20;;;;;;Qwen3-1.7B-QLoRA
ID_6286838179330044;1;bacterial community structure;bacterial communities;0.952;3;match válido;Qwen3-1.7B-QLoRA
ID_6286838179330044;2;bacterial diversity;bacterial diversity;1.000;3;match válido;Qwen3-1.7B-QLoRA
ID_6286838179330044;3;bacterial diversity in rhizosphere;microbial diversity;0.757;3;match válido;Qwen3-1.7B-QLoRA
ID_6286838179330044;4;bacterial diversity in tree;bacterial diversity (rej);0.772;0;sem match válido;Qwen3-1.7B-QLoRA
ID_6286838179330044;5;bacterial diversity in tree canopies;tree canopies;0.796;2;match válido;Qwen3-1.7B-QLoRA
ID_6286838179330044;6;bacterial diversity in tree canopies of;tree canopies (rej);0.772;0;sem match válido;Qwen3-1.7B-QLoRA
ID_6286838179330044;7;bacterial diversity in tree species;bacterial diversity (rej);0.771;0;sem match válido;Qwen3-1.7B-QLoRA
ID_6286838179330044;8;bacterial diversity in tree species of;bacterial diversity (rej);0.767;0;sem match válido;Qwen3-1.7B-QLoRA
ID_6286838179330044;9;bacterial diversity of tree;bacterial diversity (rej);0.774;0;sem match válido;Qwen3-1.7B-QLoRA
ID_6286838179330044;10;bacterial diversity of tree species;mangrove bacterial diversity;0.753;3;match válido;Qwen3-1.7B-QLoRA
ID_6286838179330044;11;bacterial diversity of tree species in;bacterial diversity (rej);0.761;0;sem match válido;Qwen3-1.7B-QLoRA
ID_6286838179330044;12;bacterial diversity of tree species of;bacterial diversity (rej);0.760;0;sem match válido;Qwen3-1.7B-QLoRA
ID_6286838179330044;13;;;;;;Qwen3-1.7B-QLoRA
ID_6286838179330044;14;;;;;;Qwen3-1.7B-QLoRA
ID_6286838179330044;15;;;;;;Qwen3-1.7B-QLoRA
ID_6286838179330044;16;;;;;;Qwen3-1.7B-QLoRA
ID_6286838179330044;17;;;;;;Qwen3-1.7B-QLoRA
ID_6286838179330044;18;;;;;;Qwen3-1.7B-QLoRA
ID_6286838179330044;19;;;;;;Qwen3-1.7B-QLoRA
ID_6286838179330044;20;;;;;;Qwen3-1.7B-QLoRA
ID_6306096928606380;1;am her binaries;herbig-haro objects (rej);0.327;0;sem match válido;Qwen3-1.7B-QLoRA
ID_6306096928606380;2;am her systems;herbig-haro objects (rej);0.241;0;sem match válido;Qwen3-1.7B-QLoRA
ID_6306096928606380;3;astrophysics;stars: formation (rej);0.696;0;sem match válido;Qwen3-1.7B-QLoRA
ID_6306096928606380;4;bipolar structure;polarization (rej);0.516;0;sem match válido;Qwen3-1.7B-QLoRA
ID_6306096928606380;5;bipolar structure of herbig-haro;herbig-haro objects (rej);0.648;0;sem match válido;Qwen3-1.7B-QLoRA
ID_6306096928606380;6;bipolar structures;polarization (rej);0.524;0;sem match válido;Qwen3-1.7B-QLoRA
ID_6306096928606380;7;binaries: general;herbig-haro objects (rej);0.333;0;sem match válido;Qwen3-1.7B-QLoRA
ID_6306096928606380;8;binaries: mass transfer;radiative transfer (rej);0.371;0;sem match válido;Qwen3-1.7B-QLoRA
ID_6306096928606380;9;binaries: mass transfer and evolution;interstellar polarization (rej);0.338;0;sem match válido;Qwen3-1.7B-QLoRA
ID_6306096928606380;10;;;;;;Qwen3-1.7B-QLoRA
ID_6306096928606380;11;;;;;;Qwen3-1.7B-QLoRA
ID_6306096928606380;12;;;;;;Qwen3-1.7B-QLoRA
ID_6306096928606380;13;;;;;;Qwen3-1.7B-QLoRA
ID_6306096928606380;14;;;;;;Qwen3-1.7B-QLoRA
ID_6306096928606380;15;;;;;;Qwen3-1.7B-QLoRA
ID_6306096928606380;16;;;;;;Qwen3-1.7B-QLoRA
ID_6306096928606380;17;;;;;;Qwen3-1.7B-QLoRA
ID_6306096928606380;18;;;;;;Qwen3-1.7B-QLoRA
ID_6306096928606380;19;;;;;;Qwen3-1.7B-QLoRA
ID_6306096928606380;20;;;;;;Qwen3-1.7B-QLoRA
ID_6309609498284949;1;antibodies against neospora;anticorpos anti-neospora caninum (rej);0.732;0;sem match válido;Qwen3-1.7B-QLoRA
ID_6309609498284949;2;astrocyte;astrocyte;1.000;2;match válido;Qwen3-1.7B-QLoRA
ID_6309609498284949;3;astrocytes infected;astrocyte (rej);0.799;0;sem match válido;Qwen3-1.7B-QLoRA
ID_6309609498284949;4;astrocytes infected in vitro;astrocyte and microglia (rej);0.779;0;sem match válido;Qwen3-1.7B-QLoRA
ID_6309609498284949;5;astrocytes primary cultures;astrocyte and microglia;0.846;1;match válido;Qwen3-1.7B-QLoRA
ID_6309609498284949;6;astrocyte primary;rat astrocyte primary;0.892;2;match válido;Qwen3-1.7B-QLoRA
ID_6309609498284949;7;astrocyte primary cultures;rat astrocytes;0.796;2;match válido;Qwen3-1.7B-QLoRA
ID_6309609498284949;8;astrocyte primary cultures infected;astrocyte and microglia (rej);0.769;0;sem match válido;Qwen3-1.7B-QLoRA
ID_6309609498284949;9;astrocyte primary cultures infected by;astrocyte and microglia (rej);0.783;0;sem match válido;Qwen3-1.7B-QLoRA
ID_6309609498284949;10;astrocyte primary cultures infected with;astrocyte and microglia (rej);0.775;0;sem match válido;Qwen3-1.7B-QLoRA
ID_6309609498284949;11;astrocyte primary cultures infected with neospora;astrocyte and microglia (rej);0.772;0;sem match válido;Qwen3-1.7B-QLoRA
ID_6309609498284949;12;astrocyte primary cultures infected with neospora caninum;astrocyte (rej);0.690;0;sem match válido;Qwen3-1.7B-QLoRA
ID_6309609498284949;13;astrocyte primary cultures infected by neospora;astrocyte and microglia (rej);0.772;0;sem match válido;Qwen3-1.7B-QLoRA
ID_6309609498284949;14;;;;;;Qwen3-1.7B-QLoRA
ID_6309609498284949;15;;;;;;Qwen3-1.7B-QLoRA
ID_6309609498284949;16;;;;;;Qwen3-1.7B-QLoRA
ID_6309609498284949;17;;;;;;Qwen3-1.7B-QLoRA
ID_6309609498284949;18;;;;;;Qwen3-1.7B-QLoRA
ID_6309609498284949;19;;;;;;Qwen3-1.7B-QLoRA
ID_6309609498284949;20;;;;;;Qwen3-1.7B-QLoRA
ID_6372649810646310;1;antimicrobial activity;antinociceptive activities (rej);0.599;0;sem match válido;Qwen3-1.7B-QLoRA
ID_6372649810646310;2;antimicrobial agents;antinociceptive activities (rej);0.602;0;sem match válido;Qwen3-1.7B-QLoRA
ID_6372649810646310;3;antimicrobial agents and compounds;indole alkaloids (rej);0.586;0;sem match válido;Qwen3-1.7B-QLoRA
ID_6372649810646310;4;essential oil;essential oil;1.000;3;match válido;Qwen3-1.7B-QLoRA
ID_6372649810646310;5;essential oil composition;óleo de grãos;0.767;2;match válido;Qwen3-1.7B-QLoRA
ID_6372649810646310;6;essential oil composition analysis;essential oil (rej);0.870;0;sem match válido;Qwen3-1.7B-QLoRA
ID_6372649810646310;7;essential oil from tetradenia;essential oil (rej);0.727;0;sem match válido;Qwen3-1.7B-QLoRA
ID_6372649810646310;8;essential oil of tetradenia;essential oil (rej);0.696;0;sem match válido;Qwen3-1.7B-QLoRA
ID_6372649810646310;9;essential oils;essential oil (rej);0.967;0;sem match válido;Qwen3-1.7B-QLoRA
ID_6372649810646310;10;essential oils composition;essential oil (rej);0.927;0;sem match válido;Qwen3-1.7B-QLoRA
ID_6372649810646310;11;flavonoids and extracts;indole alkaloids (rej);0.608;0;sem match válido;Qwen3-1.7B-QLoRA
ID_6372649810646310;12;flavonoids and extracts of tetradenia;tetranorfriedolabdane from vellozia (rej);0.621;0;sem match válido;Qwen3-1.7B-QLoRA
ID_6372649810646310;13;gas chromatography;gas chromatography;1.000;2;match válido;Qwen3-1.7B-QLoRA
ID_6372649810646310;14;gas chromatography-mass spectrometry;gas chromatography-mass;0.955;3;match válido;Qwen3-1.7B-QLoRA
ID_6372649810646310;15;gas chromatography-mass spectrometry analyses;gas chromatography-mass (rej);0.946;0;sem match válido;Qwen3-1.7B-QLoRA
ID_6372649810646310;16;gas chromatography-mass spectrometry and chemometrics;gas chromatography-mass (rej);0.907;0;sem match válido;Qwen3-1.7B-QLoRA
ID_6372649810646310;17;gas chromatography-mass spectrometry and chemometric methods;gas chromatography-mass (rej);0.890;0;sem match válido;Qwen3-1.7B-QLoRA
ID_6372649810646310;18;gas chromatography-mass spectrometry analysis;gas chromatography-mass (rej);0.942;0;sem match válido;Qwen3-1.7B-QLoRA
ID_6372649810646310;19;;;;;;Qwen3-1.7B-QLoRA
ID_6372649810646310;20;;;;;;Qwen3-1.7B-QLoRA
ID_6377288674588197;1;binuclear iron complex;iron complexes (rej);0.819;0;sem match válido;Qwen3-1.7B-QLoRA
ID_6377288674588197;2;binuclear iron complexes;iron complexes (rej);0.855;0;sem match válido;Qwen3-1.7B-QLoRA
ID_6377288674588197;3;catalytic activity;catalytic activity;1.000;2;match válido;Qwen3-1.7B-QLoRA
ID_6377288674588197;4;crystal structure;crystal structure;1.000;2;match válido;Qwen3-1.7B-QLoRA
ID_6377288674588197;5;cyclohexane;cyclohexane;1.000;2;match válido;Qwen3-1.7B-QLoRA
ID_6377288674588197;6;cyclohexane oxidation;cyclohexane oxidation;1.000;3;match válido;Qwen3-1.7B-QLoRA
ID_6377288674588197;7;crystal structures;crystal structures;1.000;2;match válido;Qwen3-1.7B-QLoRA
ID_6377288674588197;8;iron tetraphenylporphyrin;tetranuclear iron complex (rej);0.751;0;sem match válido;Qwen3-1.7B-QLoRA
ID_6377288674588197;9;iron(III) complexes;iron complexes;0.931;2;match válido;Qwen3-1.7B-QLoRA
ID_6377288674588197;10;iron(III) complexes containing;tetranuclear iron complex;0.773;3;match válido;Qwen3-1.7B-QLoRA
ID_6377288674588197;11;iron(III) complexes containing bipodal;iron complexes (rej);0.846;0;sem match válido;Qwen3-1.7B-QLoRA
ID_6377288674588197;12;iron(III) complexes with;iron complexes (rej);0.920;0;sem match válido;Qwen3-1.7B-QLoRA
ID_6377288674588197;13;iron(III) tetraphenylporphyrin;tetranuclear iron complex (rej);0.764;0;sem match válido;Qwen3-1.7B-QLoRA
ID_6377288674588197;14;;;;;;Qwen3-1.7B-QLoRA
ID_6377288674588197;15;;;;;;Qwen3-1.7B-QLoRA
ID_6377288674588197;16;;;;;;Qwen3-1.7B-QLoRA
ID_6377288674588197;17;;;;;;Qwen3-1.7B-QLoRA
ID_6377288674588197;18;;;;;;Qwen3-1.7B-QLoRA
ID_6377288674588197;19;;;;;;Qwen3-1.7B-QLoRA
ID_6377288674588197;20;;;;;;Qwen3-1.7B-QLoRA
ID_6473783273255196;1;administração de conflitos;conflits et techniques (rej);0.727;0;sem match válido;Qwen3-1.7B-QLoRA
ID_6473783273255196;2;administración de conflictos;conflits et techniques (rej);0.737;0;sem match válido;Qwen3-1.7B-QLoRA
ID_6473783273255196;3;administrative practices;processos de administração;0.880;2;match válido;Qwen3-1.7B-QLoRA
ID_6473783273255196;4;administrative practices of conflict;processos de administração (rej);0.706;0;sem match válido;Qwen3-1.7B-QLoRA
ID_6473783273255196;5;administrative practices of conflict management;processos de administração (rej);0.674;0;sem match válido;Qwen3-1.7B-QLoRA
ID_6473783273255196;6;administrative practices of conflict management strategies;processos de administração (rej);0.632;0;sem match válido;Qwen3-1.7B-QLoRA
ID_6473783273255196;7;;;;;;Qwen3-1.7B-QLoRA
ID_6473783273255196;8;;;;;;Qwen3-1.7B-QLoRA
ID_6473783273255196;9;;;;;;Qwen3-1.7B-QLoRA
ID_6473783273255196;10;;;;;;Qwen3-1.7B-QLoRA
ID_6473783273255196;11;;;;;;Qwen3-1.7B-QLoRA
ID_6473783273255196;12;;;;;;Qwen3-1.7B-QLoRA
ID_6473783273255196;13;;;;;;Qwen3-1.7B-QLoRA
ID_6473783273255196;14;;;;;;Qwen3-1.7B-QLoRA
ID_6473783273255196;15;;;;;;Qwen3-1.7B-QLoRA
ID_6473783273255196;16;;;;;;Qwen3-1.7B-QLoRA
ID_6473783273255196;17;;;;;;Qwen3-1.7B-QLoRA
ID_6473783273255196;18;;;;;;Qwen3-1.7B-QLoRA
ID_6473783273255196;19;;;;;;Qwen3-1.7B-QLoRA
ID_6473783273255196;20;;;;;;Qwen3-1.7B-QLoRA
ID_6499108085922209;1;diabetic retinopathy;diagnosis (rej);0.357;0;sem match válido;Qwen3-1.7B-QLoRA
ID_6499108085922209;2;diagnosis;diagnosis;1.000;2;match válido;Qwen3-1.7B-QLoRA
ID_6499108085922209;3;diagnosis and treatment;diagnosis (rej);0.828;0;sem match válido;Qwen3-1.7B-QLoRA
ID_6499108085922209;4;diagnosis and treatment of diseases;diagnosis (rej);0.766;0;sem match válido;Qwen3-1.7B-QLoRA
ID_6499108085922209;5;diagnosis and treatment of diabetes;diagnosis (rej);0.475;0;sem match válido;Qwen3-1.7B-QLoRA
ID_6499108085922209;6;diagnosis and treatment of diabetes mellitus;diagnosis (rej);0.455;0;sem match válido;Qwen3-1.7B-QLoRA
ID_6499108085922209;7;diagnosis and treatment of diseases in diabetes;diagnosis (rej);0.451;0;sem match válido;Qwen3-1.7B-QLoRA
ID_6499108085922209;8;diagnosis and treatment of diseases in diabetes mellitus;diagnosis (rej);0.455;0;sem match válido;Qwen3-1.7B-QLoRA
ID_6499108085922209;9;;;;;;Qwen3-1.7B-QLoRA
ID_6499108085922209;10;;;;;;Qwen3-1.7B-QLoRA
ID_6499108085922209;11;;;;;;Qwen3-1.7B-QLoRA
ID_6499108085922209;12;;;;;;Qwen3-1.7B-QLoRA
ID_6499108085922209;13;;;;;;Qwen3-1.7B-QLoRA
ID_6499108085922209;14;;;;;;Qwen3-1.7B-QLoRA
ID_6499108085922209;15;;;;;;Qwen3-1.7B-QLoRA
ID_6499108085922209;16;;;;;;Qwen3-1.7B-QLoRA
ID_6499108085922209;17;;;;;;Qwen3-1.7B-QLoRA
ID_6499108085922209;18;;;;;;Qwen3-1.7B-QLoRA
ID_6499108085922209;19;;;;;;Qwen3-1.7B-QLoRA
ID_6499108085922209;20;;;;;;Qwen3-1.7B-QLoRA
ID_6532338737692493;1;circuit design;logic circuits;0.781;1;match válido;Qwen3-1.7B-QLoRA
ID_6532338737692493;2;fault tolerance;fault tolerance;1.000;3;match válido;Qwen3-1.7B-QLoRA
ID_6532338737692493;3;fault-tolerant design;hybrid fault tolerance techniques;0.836;3;match válido;Qwen3-1.7B-QLoRA
ID_6532338737692493;4;fault-tolerant design techniques;software-based fault tolerant;0.759;3;match válido;Qwen3-1.7B-QLoRA
ID_6532338737692493;5;fault-tolerant microprocessor;microprocessor chips;0.752;1;match válido;Qwen3-1.7B-QLoRA
ID_6532338737692493;6;fault-tolerant techniques;fault tolerance techniques;0.955;3;match válido;Qwen3-1.7B-QLoRA
ID_6532338737692493;7;fault-tolerant techniques for sram-based;fault tolerance techniques (rej);0.758;0;sem match válido;Qwen3-1.7B-QLoRA
ID_6532338737692493;8;fault-injection;fault injection;0.964;3;match válido;Qwen3-1.7B-QLoRA
ID_6532338737692493;9;fault-injection technique;fault injection (rej);0.909;0;sem match válido;Qwen3-1.7B-QLoRA
ID_6532338737692493;10;fault-injection campaigns;fault injection campaigns;0.970;2;match válido;Qwen3-1.7B-QLoRA
ID_6532338737692493;11;fault-injection campaigns have been;fault injection campaigns (rej);0.912;0;sem match válido;Qwen3-1.7B-QLoRA
ID_6532338737692493;12;fault-injection experiments;fault injection (rej);0.867;0;sem match válido;Qwen3-1.7B-QLoRA
ID_6532338737692493;13;fault-injection method;fault injection (rej);0.912;0;sem match válido;Qwen3-1.7B-QLoRA
ID_6532338737692493;14;fault-injection methodology;fault injection (rej);0.907;0;sem match válido;Qwen3-1.7B-QLoRA
ID_6532338737692493;15;fault-injection methodologies;fault injection (rej);0.893;0;sem match válido;Qwen3-1.7B-QLoRA
ID_6532338737692493;16;fault-injection methodology for soft;fault injection (rej);0.761;0;sem match válido;Qwen3-1.7B-QLoRA
ID_6532338737692493;17;fault-injection platform;fault injection (rej);0.883;0;sem match válido;Qwen3-1.7B-QLoRA
ID_6532338737692493;18;fault-injection platform for soft;fault injection (rej);0.760;0;sem match válido;Qwen3-1.7B-QLoRA
ID_6532338737692493;19;fault-injection platform for soft errors;fault injection (rej);0.770;0;sem match válido;Qwen3-1.7B-QLoRA
ID_6532338737692493;20;fault-injection platform for soft errors in sram;fault injection (rej);0.693;0;sem match válido;Qwen3-1.7B-QLoRA
ID_6535298436643783;1;acetylation;vinyl acetate (rej);0.683;0;sem match válido;Qwen3-1.7B-QLoRA
ID_6535298436643783;2;acylation;regioselective acylation (rej);0.715;0;sem match válido;Qwen3-1.7B-QLoRA
ID_6535298436643783;3;aliphatic acylate;allylic azide (rej);0.665;0;sem match válido;Qwen3-1.7B-QLoRA
ID_6535298436643783;4;acyltransferase;acyl donors (rej);0.619;0;sem match válido;Qwen3-1.7B-QLoRA
ID_6535298436643783;5;ayllic bromides;allylic thiocyanate (rej);0.643;0;sem match válido;Qwen3-1.7B-QLoRA
ID_6535298436643783;6;azido diazo esters;allylic azide (rej);0.536;0;sem match válido;Qwen3-1.7B-QLoRA
ID_6535298436643783;7;bromination;solvolysis (rej);0.540;0;sem match válido;Qwen3-1.7B-QLoRA
ID_6535298436643783;8;carbonyl compounds;química orgânica (rej);0.642;0;sem match válido;Qwen3-1.7B-QLoRA
ID_6535298436643783;9;catalysis;triethylamine-catalyzed transesterification (rej);0.572;0;sem match válido;Qwen3-1.7B-QLoRA
ID_6535298436643783;10;catalytic activity;reaction mechanisms (rej);0.683;0;sem match válido;Qwen3-1.7B-QLoRA
ID_6535298436643783;11;catalytic reaction;reaction mechanisms;0.762;1;match válido;Qwen3-1.7B-QLoRA
ID_6535298436643783;12;catalytic transformation;reaction mechanisms (rej);0.581;0;sem match válido;Qwen3-1.7B-QLoRA
ID_6535298436643783;13;chagas disease;solvolysis (rej);0.326;0;sem match válido;Qwen3-1.7B-QLoRA
ID_6535298436643783;14;catalysis in organic;química orgânica;0.753;3;match válido;Qwen3-1.7B-QLoRA
ID_6535298436643783;15;catalysis in organic synthesis;química orgânica (rej);0.718;0;sem match válido;Qwen3-1.7B-QLoRA
ID_6535298436643783;16;chemical synthesis;synthesis;0.880;3;match válido;Qwen3-1.7B-QLoRA
ID_6535298436643783;17;chiral catalysts;triethylamine-catalyzed transesterification (rej);0.492;0;sem match válido;Qwen3-1.7B-QLoRA
ID_6535298436643783;18;chiral catalysts in organic;química orgânica (rej);0.608;0;sem match válido;Qwen3-1.7B-QLoRA
ID_6535298436643783;19;dienes from allylic;allylic azide (rej);0.701;0;sem match válido;Qwen3-1.7B-QLoRA
ID_6535298436643783;20;diazo transfer reaction;reaction mechanisms (rej);0.587;0;sem match válido;Qwen3-1.7B-QLoRA
ID_6555511233950866;1;brachiaria brizantha;zebu e caracu (rej);0.437;0;sem match válido;Qwen3-1.7B-QLoRA
ID_6555511233950866;2;brachiaria brizantha cv marandu;zebu e caracu (rej);0.496;0;sem match válido;Qwen3-1.7B-QLoRA
ID_6555511233950866;3;brachiaria brizantha pasture;sorghum sudan grass (rej);0.523;0;sem match válido;Qwen3-1.7B-QLoRA
ID_6555511233950866;4;brachiaria brizantha pastures;sorghum sudan grass (rej);0.519;0;sem match válido;Qwen3-1.7B-QLoRA
ID_6555511233950866;5;brachiaria brizantha pastures under;sorghum sudan grass (rej);0.535;0;sem match válido;Qwen3-1.7B-QLoRA
ID_6555511233950866;6;brachiaria brizantha pastures under grazing;sorghum sudan grass (rej);0.537;0;sem match válido;Qwen3-1.7B-QLoRA
ID_6555511233950866;7;brachiaria brizantha pasture management;sorghum sudan grass (rej);0.522;0;sem match válido;Qwen3-1.7B-QLoRA
ID_6555511233950866;8;brachiaria brizantha pasture structure;sorghum sudan grass (rej);0.486;0;sem match válido;Qwen3-1.7B-QLoRA
ID_6555511233950866;9;brachiaria brizantha pastures with different;sorghum sudan grass (rej);0.528;0;sem match válido;Qwen3-1.7B-QLoRA
ID_6555511233950866;10;brachiaria brizantha pastures with different grazing;sorghum sudan grass (rej);0.524;0;sem match válido;Qwen3-1.7B-QLoRA
ID_6555511233950866;11;brachiaria brizantha pastures with different heights;sorghum sudan grass (rej);0.532;0;sem match válido;Qwen3-1.7B-QLoRA
ID_6555511233950866;12;brachiaria brizantha pastures with different moisture;sorghum sudan grass (rej);0.553;0;sem match válido;Qwen3-1.7B-QLoRA
ID_6555511233950866;13;brachiaria brizantha pasture structure and;sorghum sudan grass (rej);0.489;0;sem match válido;Qwen3-1.7B-QLoRA
ID_6555511233950866;14;brachiaria brizantha pasture structure and performance;sorghum sudan grass (rej);0.511;0;sem match válido;Qwen3-1.7B-QLoRA
ID_6555511233950866;15;;;;;;Qwen3-1.7B-QLoRA
ID_6555511233950866;16;;;;;;Qwen3-1.7B-QLoRA
ID_6555511233950866;17;;;;;;Qwen3-1.7B-QLoRA
ID_6555511233950866;18;;;;;;Qwen3-1.7B-QLoRA
ID_6555511233950866;19;;;;;;Qwen3-1.7B-QLoRA
ID_6555511233950866;20;;;;;;Qwen3-1.7B-QLoRA
ID_6723353746838236;1;antiretroviral drugs;antiretroviral drugs;1.000;2;match válido;Qwen3-1.7B-QLoRA
ID_6723353746838236;2;antiretroviral treatment;antiretroviral agents;0.909;2;match válido;Qwen3-1.7B-QLoRA
ID_6723353746838236;3;bacterial vaginosis;infection (rej);0.705;0;sem match válido;Qwen3-1.7B-QLoRA
ID_6723353746838236;4;bacterial vaginosis treatment;infection (rej);0.620;0;sem match válido;Qwen3-1.7B-QLoRA
ID_6723353746838236;5;brazilian multicenter study;etonogestrel (rej);0.262;0;sem match válido;Qwen3-1.7B-QLoRA
ID_6723353746838236;6;brazilian women;pregnant women (rej);0.491;0;sem match válido;Qwen3-1.7B-QLoRA
ID_6723353746838236;7;birth weight;pregnancy (rej);0.555;0;sem match válido;Qwen3-1.7B-QLoRA
ID_6723353746838236;8;birth weight and gestational age;pregnancy (rej);0.614;0;sem match válido;Qwen3-1.7B-QLoRA
ID_6723353746838236;9;cervical cancer;doenças sexualmente transmissíveis (rej);0.497;0;sem match válido;Qwen3-1.7B-QLoRA
ID_6723353746838236;10;cervical intraepithelial neoplasia;squamous intraepithelial lesions (rej);0.665;0;sem match válido;Qwen3-1.7B-QLoRA
ID_6723353746838236;11;cervical intraepithelial neoplasia lesions;squamous intraepithelial lesions (rej);0.690;0;sem match válido;Qwen3-1.7B-QLoRA
ID_6723353746838236;12;cervical intraepithelial neoplasia stage;squamous intraepithelial lesions (rej);0.602;0;sem match válido;Qwen3-1.7B-QLoRA
ID_6723353746838236;13;cervical intraepithelial neoplasm;squamous intraepithelial lesions (rej);0.663;0;sem match válido;Qwen3-1.7B-QLoRA
ID_6723353746838236;14;;;;;;Qwen3-1.7B-QLoRA
ID_6723353746838236;15;;;;;;Qwen3-1.7B-QLoRA
ID_6723353746838236;16;;;;;;Qwen3-1.7B-QLoRA
ID_6723353746838236;17;;;;;;Qwen3-1.7B-QLoRA
ID_6723353746838236;18;;;;;;Qwen3-1.7B-QLoRA
ID_6723353746838236;19;;;;;;Qwen3-1.7B-QLoRA
ID_6723353746838236;20;;;;;;Qwen3-1.7B-QLoRA
ID_6751513272539561;1;cost-effectiveness analysis;cost utility;0.754;3;match válido;Qwen3-1.7B-QLoRA
ID_6751513272539561;2;economics determinants;monetary policies (rej);0.604;0;sem match válido;Qwen3-1.7B-QLoRA
ID_6751513272539561;3;economics determinants of physical activity;productivity (rej);0.451;0;sem match válido;Qwen3-1.7B-QLoRA
ID_6751513272539561;4;health technology assessment;methodology (rej);0.416;0;sem match válido;Qwen3-1.7B-QLoRA
ID_6751513272539561;5;health technology assessment (hta);methodology (rej);0.410;0;sem match válido;Qwen3-1.7B-QLoRA
ID_6751513272539561;6;health technology assessment (hta) in brazil;seguro-desemprego no brasil (rej);0.466;0;sem match válido;Qwen3-1.7B-QLoRA
ID_6751513272539561;7;;;;;;Qwen3-1.7B-QLoRA
ID_6751513272539561;8;;;;;;Qwen3-1.7B-QLoRA
ID_6751513272539561;9;;;;;;Qwen3-1.7B-QLoRA
ID_6751513272539561;10;;;;;;Qwen3-1.7B-QLoRA
ID_6751513272539561;11;;;;;;Qwen3-1.7B-QLoRA
ID_6751513272539561;12;;;;;;Qwen3-1.7B-QLoRA
ID_6751513272539561;13;;;;;;Qwen3-1.7B-QLoRA
ID_6751513272539561;14;;;;;;Qwen3-1.7B-QLoRA
ID_6751513272539561;15;;;;;;Qwen3-1.7B-QLoRA
ID_6751513272539561;16;;;;;;Qwen3-1.7B-QLoRA
ID_6751513272539561;17;;;;;;Qwen3-1.7B-QLoRA
ID_6751513272539561;18;;;;;;Qwen3-1.7B-QLoRA
ID_6751513272539561;19;;;;;;Qwen3-1.7B-QLoRA
ID_6751513272539561;20;;;;;;Qwen3-1.7B-QLoRA
ID_6785547194105600;1;carinae;eta carinae (rej);0.728;0;sem match válido;Qwen3-1.7B-QLoRA
ID_6785547194105600;2;carinae stars;stars: formation (rej);0.704;0;sem match válido;Qwen3-1.7B-QLoRA
ID_6785547194105600;3;gamma-ray bursts;infrared: stars (rej);0.490;0;sem match válido;Qwen3-1.7B-QLoRA
ID_6785547194105600;4;gamma-ray burst;infrared: stars (rej);0.470;0;sem match válido;Qwen3-1.7B-QLoRA
ID_6785547194105600;5;gamma-ray bursts: individual;infrared: stars (rej);0.476;0;sem match válido;Qwen3-1.7B-QLoRA
ID_6785547194105600;6;gamma-ray bursts: general;infrared: stars (rej);0.487;0;sem match válido;Qwen3-1.7B-QLoRA
ID_6785547194105600;7;gamma-ray bursts: individual: 1999;infrared: stars (rej);0.509;0;sem match válido;Qwen3-1.7B-QLoRA
ID_6785547194105600;8;gamma-ray bursts: individual: 1999-2005;infrared: stars (rej);0.499;0;sem match válido;Qwen3-1.7B-QLoRA
ID_6785547194105600;9;galactic center;stars: rotation (rej);0.650;0;sem match válido;Qwen3-1.7B-QLoRA
ID_6785547194105600;10;galactic center region;stars: rotation (rej);0.617;0;sem match válido;Qwen3-1.7B-QLoRA
ID_6785547194105600;11;galactic center stars;stars: rotation;0.758;2;match válido;Qwen3-1.7B-QLoRA
ID_6785547194105600;12;galactic center stars: individual;stars: individual;0.791;2;match válido;Qwen3-1.7B-QLoRA
ID_6785547194105600;13;galactic structure;stars: formation (rej);0.730;0;sem match válido;Qwen3-1.7B-QLoRA
ID_6785547194105600;14;galaxy;massive stars (rej);0.644;0;sem match válido;Qwen3-1.7B-QLoRA
ID_6785547194105600;15;high-resolution k-band;km (rej);0.325;0;sem match válido;Qwen3-1.7B-QLoRA
ID_6785547194105600;16;high-resolution k-band spectra;infrared: stars (rej);0.478;0;sem match válido;Qwen3-1.7B-QLoRA
ID_6785547194105600;17;high-resolution optical spectra;integral field spectroscopy (rej);0.591;0;sem match válido;Qwen3-1.7B-QLoRA
ID_6785547194105600;18;ionizing star candidates;stars: fundamental parameters (rej);0.699;0;sem match válido;Qwen3-1.7B-QLoRA
ID_6785547194105600;19;luminous blue variables;luminous blue variables;1.000;3;match válido;Qwen3-1.7B-QLoRA
ID_6785547194105600;20;massive young stellar;massive stars;0.859;3;match válido;Qwen3-1.7B-QLoRA
ID_6799776599317117;1;artificial neural network;neural network simulation;0.875;3;match válido;Qwen3-1.7B-QLoRA
ID_6799776599317117;2;computational intelligence;neural network simulation (rej);0.581;0;sem match válido;Qwen3-1.7B-QLoRA
ID_6799776599317117;3;computational intelligence optimization method;optimization;0.775;2;match válido;Qwen3-1.7B-QLoRA
ID_6799776599317117;4;computational intelligence techniques;neural network simulation (rej);0.592;0;sem match válido;Qwen3-1.7B-QLoRA
ID_6799776599317117;5;computational intelligence techniques in neural networks;neural network simulation (rej);0.808;0;sem match válido;Qwen3-1.7B-QLoRA
ID_6799776599317117;6;computational intelligence optimization;optimization (rej);0.768;0;sem match válido;Qwen3-1.7B-QLoRA
ID_6799776599317117;7;computational intelligence optimization methods;optimization (rej);0.770;0;sem match válido;Qwen3-1.7B-QLoRA
ID_6799776599317117;8;computational intelligence techniques in neural;neural network simulation (rej);0.772;0;sem match válido;Qwen3-1.7B-QLoRA
ID_6799776599317117;9;;;;;;Qwen3-1.7B-QLoRA
ID_6799776599317117;10;;;;;;Qwen3-1.7B-QLoRA
ID_6799776599317117;11;;;;;;Qwen3-1.7B-QLoRA
ID_6799776599317117;12;;;;;;Qwen3-1.7B-QLoRA
ID_6799776599317117;13;;;;;;Qwen3-1.7B-QLoRA
ID_6799776599317117;14;;;;;;Qwen3-1.7B-QLoRA
ID_6799776599317117;15;;;;;;Qwen3-1.7B-QLoRA
ID_6799776599317117;16;;;;;;Qwen3-1.7B-QLoRA
ID_6799776599317117;17;;;;;;Qwen3-1.7B-QLoRA
ID_6799776599317117;18;;;;;;Qwen3-1.7B-QLoRA
ID_6799776599317117;19;;;;;;Qwen3-1.7B-QLoRA
ID_6799776599317117;20;;;;;;Qwen3-1.7B-QLoRA
ID_6911356765220023;1;exact nonequilibrium work generating;kinetic equations (rej);0.593;0;sem match válido;Qwen3-1.7B-QLoRA
ID_6911356765220023;2;exact time-averaged thermal conductance;time-averaged thermal conductance;0.975;3;match válido;Qwen3-1.7B-QLoRA
ID_6911356765220023;3;exact time-average distribution;time averaging;0.801;3;match válido;Qwen3-1.7B-QLoRA
ID_6911356765220023;4;exact time-averaged thermal conductance for small;thermal conductance;0.802;3;match válido;Qwen3-1.7B-QLoRA
ID_6911356765220023;5;exact time-averaged thermal conductance for small systems;time-averaged thermal conductance (rej);0.863;0;sem match válido;Qwen3-1.7B-QLoRA
ID_6911356765220023;6;exact time-average distribution for;time-average;0.756;3;match válido;Qwen3-1.7B-QLoRA
ID_6911356765220023;7;exact time-average distribution for small;time averaging (rej);0.687;0;sem match válido;Qwen3-1.7B-QLoRA
ID_6911356765220023;8;exact time-average distribution for small systems;time averaging (rej);0.655;0;sem match válido;Qwen3-1.7B-QLoRA
ID_6911356765220023;9;exact time-average distribution for small systems: comparison;time averaging (rej);0.657;0;sem match válido;Qwen3-1.7B-QLoRA
ID_6911356765220023;10;exact time-average distribution for small systems: comparison between direct;time averaging (rej);0.636;0;sem match válido;Qwen3-1.7B-QLoRA
ID_6911356765220023;11;exact time-average distribution for small systems: comparison between direct calculation;time averaging (rej);0.639;0;sem match válido;Qwen3-1.7B-QLoRA
ID_6911356765220023;12;exact time-average distribution for small systems: comparison between direct calculation and;time averaging (rej);0.634;0;sem match válido;Qwen3-1.7B-QLoRA
ID_6911356765220023;13;exact time-average distribution for small systems: comparison between direct calculation and green-kubo;time averaging (rej);0.541;0;sem match válido;Qwen3-1.7B-QLoRA
ID_6911356765220023;14;exact time-average distribution for small systems: comparison between direct calculation and green-kubo formalism;time averaging (rej);0.540;0;sem match válido;Qwen3-1.7B-QLoRA
ID_6911356765220023;15;;;;;;Qwen3-1.7B-QLoRA
ID_6911356765220023;16;;;;;;Qwen3-1.7B-QLoRA
ID_6911356765220023;17;;;;;;Qwen3-1.7B-QLoRA
ID_6911356765220023;18;;;;;;Qwen3-1.7B-QLoRA
ID_6911356765220023;19;;;;;;Qwen3-1.7B-QLoRA
ID_6911356765220023;20;;;;;;Qwen3-1.7B-QLoRA
ID_7014991384513854;1;complex networks;social networks (rej);0.623;0;sem match válido;Qwen3-1.7B-QLoRA
ID_7014991384513854;2;social network;social network;1.000;3;match válido;Qwen3-1.7B-QLoRA
ID_7014991384513854;3;social network analysis;social network (rej);0.918;0;sem match válido;Qwen3-1.7B-QLoRA
ID_7014991384513854;4;social networks;social networks;1.000;3;match válido;Qwen3-1.7B-QLoRA
ID_7014991384513854;5;social networks and web;online social networks;0.940;3;match válido;Qwen3-1.7B-QLoRA
ID_7014991384513854;6;social network topology;social network (rej);0.856;0;sem match válido;Qwen3-1.7B-QLoRA
ID_7014991384513854;7;social networks and web services;social networking (online);0.865;3;match válido;Qwen3-1.7B-QLoRA
ID_7014991384513854;8;;;;;;Qwen3-1.7B-QLoRA
ID_7014991384513854;9;;;;;;Qwen3-1.7B-QLoRA
ID_7014991384513854;10;;;;;;Qwen3-1.7B-QLoRA
ID_7014991384513854;11;;;;;;Qwen3-1.7B-QLoRA
ID_7014991384513854;12;;;;;;Qwen3-1.7B-QLoRA
ID_7014991384513854;13;;;;;;Qwen3-1.7B-QLoRA
ID_7014991384513854;14;;;;;;Qwen3-1.7B-QLoRA
ID_7014991384513854;15;;;;;;Qwen3-1.7B-QLoRA
ID_7014991384513854;16;;;;;;Qwen3-1.7B-QLoRA
ID_7014991384513854;17;;;;;;Qwen3-1.7B-QLoRA
ID_7014991384513854;18;;;;;;Qwen3-1.7B-QLoRA
ID_7014991384513854;19;;;;;;Qwen3-1.7B-QLoRA
ID_7014991384513854;20;;;;;;Qwen3-1.7B-QLoRA
ID_7026313596468626;1;branch and bound;branch and bound;1.000;1;match válido;Qwen3-1.7B-QLoRA
ID_7026313596468626;2;branch and bound algorithm;branch and bound (rej);0.819;0;sem match válido;Qwen3-1.7B-QLoRA
ID_7026313596468626;3;branch and bound approach;branch and bound (rej);0.927;0;sem match válido;Qwen3-1.7B-QLoRA
ID_7026313596468626;4;branch and bound techniques;branch and bound (rej);0.917;0;sem match válido;Qwen3-1.7B-QLoRA
ID_7026313596468626;5;branch and bound techniques for network design;network design (rej);0.745;0;sem match válido;Qwen3-1.7B-QLoRA
ID_7026313596468626;6;branch and bound strategies;branch and bound (rej);0.864;0;sem match válido;Qwen3-1.7B-QLoRA
ID_7026313596468626;7;branch and bound strategies for network design;network design;0.784;2;match válido;Qwen3-1.7B-QLoRA
ID_7026313596468626;8;branch and bound strategies for robust optimization;branch and bound (rej);0.580;0;sem match válido;Qwen3-1.7B-QLoRA
ID_7026313596468626;9;branch and bound strategies for robust optimization problems;branch and bound (rej);0.566;0;sem match válido;Qwen3-1.7B-QLoRA
ID_7026313596468626;10;branch and bound techniques for integer programming;branch and bound (rej);0.696;0;sem match válido;Qwen3-1.7B-QLoRA
ID_7026313596468626;11;branch and bound techniques for integer programming problems;branch and bound (rej);0.687;0;sem match válido;Qwen3-1.7B-QLoRA
ID_7026313596468626;12;branch and bound techniques for network design problems;network design (rej);0.687;0;sem match válido;Qwen3-1.7B-QLoRA
ID_7026313596468626;13;branch and bound techniques for robust optimization problems;branch and bound (rej);0.593;0;sem match válido;Qwen3-1.7B-QLoRA
ID_7026313596468626;14;branch and bound techniques for two-stage stochastic integer programming;stochastic integer programming;0.828;3;match válido;Qwen3-1.7B-QLoRA
ID_7026313596468626;15;branch and bound techniques for two-stage stochastic integer programming problems;stochastic integer programming (rej);0.788;0;sem match válido;Qwen3-1.7B-QLoRA
ID_7026313596468626;16;;;;;;Qwen3-1.7B-QLoRA
ID_7026313596468626;17;;;;;;Qwen3-1.7B-QLoRA
ID_7026313596468626;18;;;;;;Qwen3-1.7B-QLoRA
ID_7026313596468626;19;;;;;;Qwen3-1.7B-QLoRA
ID_7026313596468626;20;;;;;;Qwen3-1.7B-QLoRA
ID_7034773971317045;1;acids diluidos;sample preparation (rej);0.375;0;sem match válido;Qwen3-1.7B-QLoRA
ID_7034773971317045;2;acids diluted;sample preparation (rej);0.393;0;sem match válido;Qwen3-1.7B-QLoRA
ID_7034773971317045;3;análise exploratória;soil analysis (rej);0.560;0;sem match válido;Qwen3-1.7B-QLoRA
ID_7034773971317045;4;análise exploratória de minerais;soil analysis (rej);0.639;0;sem match válido;Qwen3-1.7B-QLoRA
ID_7034773971317045;5;análise exploratória dos teores;determinação espectrofotométrica (rej);0.516;0;sem match válido;Qwen3-1.7B-QLoRA
ID_7034773971317045;6;análise exploratória dos teores totais;faas (rej);0.370;0;sem match válido;Qwen3-1.7B-QLoRA
ID_7034773971317045;7;análise exploratória dos teores totais de ba;determinação espectrofotométrica (rej);0.408;0;sem match válido;Qwen3-1.7B-QLoRA
ID_7034773971317045;8;análise exploratória para avaliação;sample preparation (rej);0.574;0;sem match válido;Qwen3-1.7B-QLoRA
ID_7034773971317045;9;análise exploratória para avaliação da qualidade;sample preparation (rej);0.527;0;sem match válido;Qwen3-1.7B-QLoRA
ID_7034773971317045;10;análise exploratória para avaliação da qualidade de gramineas;sample preparation (rej);0.572;0;sem match válido;Qwen3-1.7B-QLoRA
ID_7034773971317045;11;análise exploratória para classificação;sample preparation (rej);0.502;0;sem match válido;Qwen3-1.7B-QLoRA
ID_7034773971317045;12;análise exploratória para classificação de aguas;soil analysis (rej);0.501;0;sem match válido;Qwen3-1.7B-QLoRA
ID_7034773971317045;13;análise exploratória para classificação geográfica;soil analysis (rej);0.554;0;sem match válido;Qwen3-1.7B-QLoRA
ID_7034773971317045;14;análise exploratória para classificação geográfica de águas;soil analysis (rej);0.514;0;sem match válido;Qwen3-1.7B-QLoRA
ID_7034773971317045;15;análise exploratória para classificação geográfica de águas minerais;soil analysis (rej);0.567;0;sem match válido;Qwen3-1.7B-QLoRA
ID_7034773971317045;16;análise exploratória para classificação geográfica de águas minerais do estado;soil analysis (rej);0.547;0;sem match válido;Qwen3-1.7B-QLoRA
ID_7034773971317045;17;;;;;;Qwen3-1.7B-QLoRA
ID_7034773971317045;18;;;;;;Qwen3-1.7B-QLoRA
ID_7034773971317045;19;;;;;;Qwen3-1.7B-QLoRA
ID_7034773971317045;20;;;;;;Qwen3-1.7B-QLoRA
ID_7053039409324203;1;apocynaceae;subfamily apocynoideae (rej);0.808;0;sem match válido;Qwen3-1.7B-QLoRA
ID_7053039409324203;2;apocynoideae;subfamily apocynoideae;0.913;1;match válido;Qwen3-1.7B-QLoRA
ID_7053039409324203;3;character evolution;morphological differences (rej);0.475;0;sem match válido;Qwen3-1.7B-QLoRA
ID_7053039409324203;4;character evolution in mesechiteae;mesechiteae (rej);0.706;0;sem match válido;Qwen3-1.7B-QLoRA
ID_7053039409324203;5;flora da serra;plant biodiversity;0.796;2;match válido;Qwen3-1.7B-QLoRA
ID_7053039409324203;6;flora fanerogâmica da ilha;rauvolfioideae (rej);0.714;0;sem match válido;Qwen3-1.7B-QLoRA
ID_7053039409324203;7;flora fanerogâmica da ilha do;rauvolfioideae (rej);0.711;0;sem match válido;Qwen3-1.7B-QLoRA
ID_7053039409324203;8;florais do género;plant biodiversity (rej);0.706;0;sem match válido;Qwen3-1.7B-QLoRA
ID_7053039409324203;9;gynostegium morphology;rauvolfioideae (rej);0.630;0;sem match válido;Qwen3-1.7B-QLoRA
ID_7053039409324203;10;morphology and anatomy;anatomy;0.840;3;match válido;Qwen3-1.7B-QLoRA
ID_7053039409324203;11;morphology and systematics;morphological differences;0.806;1;match válido;Qwen3-1.7B-QLoRA
ID_7053039409324203;12;morphology and wasp pollination;wasp pollination;0.933;3;match válido;Qwen3-1.7B-QLoRA
ID_7053039409324203;13;morphology and wasps;wasp pollination (rej);0.742;0;sem match válido;Qwen3-1.7B-QLoRA
ID_7053039409324203;14;morphological and molecular;morphological differences (rej);0.675;0;sem match válido;Qwen3-1.7B-QLoRA
ID_7053039409324203;15;morphology of mesechiteae;mesechiteae;0.836;3;match válido;Qwen3-1.7B-QLoRA
ID_7053039409324203;16;morphology and evolution;morphological differences (rej);0.669;0;sem match válido;Qwen3-1.7B-QLoRA
ID_7053039409324203;17;morphology and pollination;wasp pollination (rej);0.792;0;sem match válido;Qwen3-1.7B-QLoRA
ID_7053039409324203;18;morphology and pollination of two;wasp pollination (rej);0.722;0;sem match válido;Qwen3-1.7B-QLoRA
ID_7053039409324203;19;morphology and pollination studies;wasp pollination (rej);0.786;0;sem match válido;Qwen3-1.7B-QLoRA
ID_7053039409324203;20;morphology and pollination studies in;wasp pollination (rej);0.786;0;sem match válido;Qwen3-1.7B-QLoRA
ID_7057449448661416;1;clientelismo;patron-client relations (rej);0.716;0;sem match válido;Qwen3-1.7B-QLoRA
ID_7057449448661416;2;clientelism;patron-client relations (rej);0.742;0;sem match válido;Qwen3-1.7B-QLoRA
ID_7057449448661416;3;clientelism and politics;patron-client relations (rej);0.615;0;sem match válido;Qwen3-1.7B-QLoRA
ID_7057449448661416;4;clientelism in brazil;patron-client relations (rej);0.604;0;sem match válido;Qwen3-1.7B-QLoRA
ID_7057449448661416;5;clientelism in brazilian politics;brasil (rej);0.570;0;sem match válido;Qwen3-1.7B-QLoRA
ID_7057449448661416;6;clientelism in politics;patron-client relations (rej);0.572;0;sem match válido;Qwen3-1.7B-QLoRA
ID_7057449448661416;7;;;;;;Qwen3-1.7B-QLoRA
ID_7057449448661416;8;;;;;;Qwen3-1.7B-QLoRA
ID_7057449448661416;9;;;;;;Qwen3-1.7B-QLoRA
ID_7057449448661416;10;;;;;;Qwen3-1.7B-QLoRA
ID_7057449448661416;11;;;;;;Qwen3-1.7B-QLoRA
ID_7057449448661416;12;;;;;;Qwen3-1.7B-QLoRA
ID_7057449448661416;13;;;;;;Qwen3-1.7B-QLoRA
ID_7057449448661416;14;;;;;;Qwen3-1.7B-QLoRA
ID_7057449448661416;15;;;;;;Qwen3-1.7B-QLoRA
ID_7057449448661416;16;;;;;;Qwen3-1.7B-QLoRA
ID_7057449448661416;17;;;;;;Qwen3-1.7B-QLoRA
ID_7057449448661416;18;;;;;;Qwen3-1.7B-QLoRA
ID_7057449448661416;19;;;;;;Qwen3-1.7B-QLoRA
ID_7057449448661416;20;;;;;;Qwen3-1.7B-QLoRA
ID_7088639503480810;1;base excision repair;base excision repair;1.000;3;match válido;Qwen3-1.7B-QLoRA
ID_7088639503480810;2;mitochondrial base excision repair;mitochondrial base excision;0.955;3;match válido;Qwen3-1.7B-QLoRA
ID_7088639503480810;3;mitochondrial dna repair;mitochondrial repair;0.944;3;match válido;Qwen3-1.7B-QLoRA
ID_7088639503480810;4;mitochondrial dna repair pathways;mitochondrial dna damage;0.872;3;match válido;Qwen3-1.7B-QLoRA
ID_7088639503480810;5;mitochondrial genome;mammalian mitochondria (rej);0.829;0;sem match válido;Qwen3-1.7B-QLoRA
ID_7088639503480810;6;mitochondrial genome stability;mammalian mitochondria (rej);0.738;0;sem match válido;Qwen3-1.7B-QLoRA
ID_7088639503480810;7;mitochondrial nucleoid;mammalian mitochondria;0.830;2;match válido;Qwen3-1.7B-QLoRA
ID_7088639503480810;8;mitochondrial oxidative stress;mitochondrial oxidative damage;0.913;3;match válido;Qwen3-1.7B-QLoRA
ID_7088639503480810;9;mitochondrial transcription factor a;mitochondrial function (rej);0.850;0;sem match válido;Qwen3-1.7B-QLoRA
ID_7088639503480810;10;mitochondrial transcription factor a functions;mitochondrial function;0.890;2;match válido;Qwen3-1.7B-QLoRA
ID_7088639503480810;11;mitochondrial transcription factor a proteins;mitochondrial function (rej);0.841;0;sem match válido;Qwen3-1.7B-QLoRA
ID_7088639503480810;12;mitochondrial transcription factor a proteins function;mitochondrial function (rej);0.864;0;sem match válido;Qwen3-1.7B-QLoRA
ID_7088639503480810;13;mitochondrial transcription factor a proteins function in;mitochondrial function (rej);0.861;0;sem match válido;Qwen3-1.7B-QLoRA
ID_7088639503480810;14;mitochondrial transcription factor a proteins function in mtDNA;mitochondrial function (rej);0.711;0;sem match válido;Qwen3-1.7B-QLoRA
ID_7088639503480810;15;;;;;;Qwen3-1.7B-QLoRA
ID_7088639503480810;16;;;;;;Qwen3-1.7B-QLoRA
ID_7088639503480810;17;;;;;;Qwen3-1.7B-QLoRA
ID_7088639503480810;18;;;;;;Qwen3-1.7B-QLoRA
ID_7088639503480810;19;;;;;;Qwen3-1.7B-QLoRA
ID_7088639503480810;20;;;;;;Qwen3-1.7B-QLoRA
ID_7090419604571199;1;budding efficiency;produção de mudas (rej);0.450;0;sem match válido;Qwen3-1.7B-QLoRA
ID_7090419604571199;2;;;;;;Qwen3-1.7B-QLoRA
ID_7090419604571199;3;;;;;;Qwen3-1.7B-QLoRA
ID_7090419604571199;4;;;;;;Qwen3-1.7B-QLoRA
ID_7090419604571199;5;;;;;;Qwen3-1.7B-QLoRA
ID_7090419604571199;6;;;;;;Qwen3-1.7B-QLoRA
ID_7090419604571199;7;;;;;;Qwen3-1.7B-QLoRA
ID_7090419604571199;8;;;;;;Qwen3-1.7B-QLoRA
ID_7090419604571199;9;;;;;;Qwen3-1.7B-QLoRA
ID_7090419604571199;10;;;;;;Qwen3-1.7B-QLoRA
ID_7090419604571199;11;;;;;;Qwen3-1.7B-QLoRA
ID_7090419604571199;12;;;;;;Qwen3-1.7B-QLoRA
ID_7090419604571199;13;;;;;;Qwen3-1.7B-QLoRA
ID_7090419604571199;14;;;;;;Qwen3-1.7B-QLoRA
ID_7090419604571199;15;;;;;;Qwen3-1.7B-QLoRA
ID_7090419604571199;16;;;;;;Qwen3-1.7B-QLoRA
ID_7090419604571199;17;;;;;;Qwen3-1.7B-QLoRA
ID_7090419604571199;18;;;;;;Qwen3-1.7B-QLoRA
ID_7090419604571199;19;;;;;;Qwen3-1.7B-QLoRA
ID_7090419604571199;20;;;;;;Qwen3-1.7B-QLoRA
ID_7216933992248038;1;autoimmune disease;autoimmune disease;1.000;3;match válido;Qwen3-1.7B-QLoRA
ID_7216933992248038;2;autoimmunity;autoimmunity;1.000;3;match válido;Qwen3-1.7B-QLoRA
ID_7216933992248038;3;cardiac myosin;heart tissue (rej);0.649;0;sem match válido;Qwen3-1.7B-QLoRA
ID_7216933992248038;4;cardiac myosin peptides;heart tissue proteins (rej);0.659;0;sem match válido;Qwen3-1.7B-QLoRA
ID_7216933992248038;5;cardiac tissue;heart tissue;0.971;3;match válido;Qwen3-1.7B-QLoRA
ID_7216933992248038;6;cardiac tissue proteins;heart tissue proteins;0.978;3;match válido;Qwen3-1.7B-QLoRA
ID_7216933992248038;7;chronic severe aortic regurgitation;rheumatic heart disease (rej);0.637;0;sem match válido;Qwen3-1.7B-QLoRA
ID_7216933992248038;8;disease;autoimmune disease (rej);0.656;0;sem match válido;Qwen3-1.7B-QLoRA
ID_7216933992248038;9;immunodominant region;immunology;0.840;3;match válido;Qwen3-1.7B-QLoRA
ID_7216933992248038;10;immunodominant region of streptococcal;streptococcal group;0.848;3;match válido;Qwen3-1.7B-QLoRA
ID_7216933992248038;11;molecular mimicry;molecular mimicry;1.000;3;match válido;Qwen3-1.7B-QLoRA
ID_7216933992248038;12;molecular mimicry between streptococcal;streptococcal group (rej);0.839;0;sem match válido;Qwen3-1.7B-QLoRA
ID_7216933992248038;13;molecular mimicry between streptococcal antigens;streptococcal group (rej);0.774;0;sem match válido;Qwen3-1.7B-QLoRA
ID_7216933992248038;14;molecular mimicry in recognition;molecular mimicry (rej);0.862;0;sem match válido;Qwen3-1.7B-QLoRA
ID_7216933992248038;15;molecular mimicry in recognition of cardiac;heart tissue proteins (rej);0.619;0;sem match válido;Qwen3-1.7B-QLoRA
ID_7216933992248038;16;molecular mimicry in recognition of cardiac myosin;heart tissue proteins (rej);0.612;0;sem match válido;Qwen3-1.7B-QLoRA
ID_7216933992248038;17;molecular mimicry in recognition of cardiac tissue;heart tissue (rej);0.711;0;sem match válido;Qwen3-1.7B-QLoRA
ID_7216933992248038;18;molecular mimicry in recognition of cardiac tissue proteins;heart tissue proteins (rej);0.781;0;sem match válido;Qwen3-1.7B-QLoRA
ID_7216933992248038;19;molecular mimicry in recognition of cardiac tissue proteins leads;heart tissue proteins (rej);0.784;0;sem match válido;Qwen3-1.7B-QLoRA
ID_7216933992248038;20;molecular mimicry in recognition of cardiac tissue proteins leads to heart;heart tissue proteins (rej);0.821;0;sem match válido;Qwen3-1.7B-QLoRA
ID_7233767393471644;1;carbohydrate expression;cytodifferentiation stages (rej);0.338;0;sem match válido;Qwen3-1.7B-QLoRA
ID_7233767393471644;2;cytokine expression;cytodifferentiation stages (rej);0.739;0;sem match válido;Qwen3-1.7B-QLoRA
ID_7233767393471644;3;cytokines and chemokines;cytodifferentiation stages (rej);0.666;0;sem match válido;Qwen3-1.7B-QLoRA
ID_7233767393471644;4;cytokines in patients;cytodifferentiation stages (rej);0.624;0;sem match válido;Qwen3-1.7B-QLoRA
ID_7233767393471644;5;cytokines levels;cytodifferentiation stages (rej);0.618;0;sem match válido;Qwen3-1.7B-QLoRA
ID_7233767393471644;6;cytokine release inhibition;cytodifferentiation stages (rej);0.616;0;sem match válido;Qwen3-1.7B-QLoRA
ID_7233767393471644;7;cytokine release inhibition test;cytodifferentiation stages (rej);0.568;0;sem match válido;Qwen3-1.7B-QLoRA
ID_7233767393471644;8;cytokines in patients with rheumatoid;rheumatoid arthritis (rej);0.736;0;sem match válido;Qwen3-1.7B-QLoRA
ID_7233767393471644;9;cytokines levels in patients;cytodifferentiation stages (rej);0.536;0;sem match válido;Qwen3-1.7B-QLoRA
ID_7233767393471644;10;cytokines profiles;cytodifferentiation stages (rej);0.682;0;sem match válido;Qwen3-1.7B-QLoRA
ID_7233767393471644;11;cytokines release inhibition;cytodifferentiation stages (rej);0.612;0;sem match válido;Qwen3-1.7B-QLoRA
ID_7233767393471644;12;;;;;;Qwen3-1.7B-QLoRA
ID_7233767393471644;13;;;;;;Qwen3-1.7B-QLoRA
ID_7233767393471644;14;;;;;;Qwen3-1.7B-QLoRA
ID_7233767393471644;15;;;;;;Qwen3-1.7B-QLoRA
ID_7233767393471644;16;;;;;;Qwen3-1.7B-QLoRA
ID_7233767393471644;17;;;;;;Qwen3-1.7B-QLoRA
ID_7233767393471644;18;;;;;;Qwen3-1.7B-QLoRA
ID_7233767393471644;19;;;;;;Qwen3-1.7B-QLoRA
ID_7233767393471644;20;;;;;;Qwen3-1.7B-QLoRA
ID_7249500407405478;1;blend;polymer blends (rej);0.655;0;sem match válido;Qwen3-1.7B-QLoRA
ID_7249500407405478;2;compatibilization;reactive compatibilization;0.830;3;match válido;Qwen3-1.7B-QLoRA
ID_7249500407405478;3;compatibilization agents;reactive compatibilization (rej);0.805;0;sem match válido;Qwen3-1.7B-QLoRA
ID_7249500407405478;4;compatibilization effect;reactive compatibilization (rej);0.787;0;sem match válido;Qwen3-1.7B-QLoRA
ID_7249500407405478;5;compatibilization effect on the dispersion;reactive compatibilization (rej);0.554;0;sem match válido;Qwen3-1.7B-QLoRA
ID_7249500407405478;6;compatibilization effect on the morphology;morphology (rej);0.694;0;sem match válido;Qwen3-1.7B-QLoRA
ID_7249500407405478;7;compatibilization effect on the physical;reactive compatibilization (rej);0.652;0;sem match válido;Qwen3-1.7B-QLoRA
ID_7249500407405478;8;compatibilization effect on the physical properties;physical properties (rej);0.712;0;sem match válido;Qwen3-1.7B-QLoRA
ID_7249500407405478;9;compatibilization effect on the physical properties of polyethylene;polyethylene;0.870;2;match válido;Qwen3-1.7B-QLoRA
ID_7249500407405478;10;;;;;;Qwen3-1.7B-QLoRA
ID_7249500407405478;11;;;;;;Qwen3-1.7B-QLoRA
ID_7249500407405478;12;;;;;;Qwen3-1.7B-QLoRA
ID_7249500407405478;13;;;;;;Qwen3-1.7B-QLoRA
ID_7249500407405478;14;;;;;;Qwen3-1.7B-QLoRA
ID_7249500407405478;15;;;;;;Qwen3-1.7B-QLoRA
ID_7249500407405478;16;;;;;;Qwen3-1.7B-QLoRA
ID_7249500407405478;17;;;;;;Qwen3-1.7B-QLoRA
ID_7249500407405478;18;;;;;;Qwen3-1.7B-QLoRA
ID_7249500407405478;19;;;;;;Qwen3-1.7B-QLoRA
ID_7249500407405478;20;;;;;;Qwen3-1.7B-QLoRA
ID_7254844415865063;1;adsorption;adsorption;1.000;3;match válido;Qwen3-1.7B-QLoRA
ID_7254844415865063;2;adsorption capacity;adsorption (rej);0.867;0;sem match válido;Qwen3-1.7B-QLoRA
ID_7254844415865063;3;adsorption properties;adsorption (rej);0.934;0;sem match válido;Qwen3-1.7B-QLoRA
ID_7254844415865063;4;adsorption study;adsorption (rej);0.944;0;sem match válido;Qwen3-1.7B-QLoRA
ID_7254844415865063;5;bacterial viability;antibacterial polymeric complexes (rej);0.493;0;sem match válido;Qwen3-1.7B-QLoRA
ID_7254844415865063;6;copolymer;porous copolymers network (rej);0.777;0;sem match válido;Qwen3-1.7B-QLoRA
ID_7254844415865063;7;copolymer beads;porous copolymers network (rej);0.697;0;sem match válido;Qwen3-1.7B-QLoRA
ID_7254844415865063;8;copolymer network;porous copolymers network (rej);0.840;0;sem match válido;Qwen3-1.7B-QLoRA
ID_7254844415865063;9;copolymer networks;porous copolymers network (rej);0.844;0;sem match válido;Qwen3-1.7B-QLoRA
ID_7254844415865063;10;copolymers based;porous copolymers network (rej);0.778;0;sem match válido;Qwen3-1.7B-QLoRA
ID_7254844415865063;11;copolymers networks;porous copolymers network;0.854;3;match válido;Qwen3-1.7B-QLoRA
ID_7254844415865063;12;crosslinked resin;resíduo de polietileno (rej);0.577;0;sem match válido;Qwen3-1.7B-QLoRA
ID_7254844415865063;13;crosslinked resins;resíduo de polietileno (rej);0.593;0;sem match válido;Qwen3-1.7B-QLoRA
ID_7254844415865063;14;diluents on copolymers;resíduo de polietileno (rej);0.664;0;sem match válido;Qwen3-1.7B-QLoRA
ID_7254844415865063;15;divinylbenzene;catalysis (rej);0.518;0;sem match válido;Qwen3-1.7B-QLoRA
ID_7254844415865063;16;divinylbenzene copolymers;resíduo de polietileno (rej);0.698;0;sem match válido;Qwen3-1.7B-QLoRA
ID_7254844415865063;17;divinylbenzene (dvb);vinylpyridine (rej);0.512;0;sem match válido;Qwen3-1.7B-QLoRA
ID_7254844415865063;18;divinylbenzene (dvb) copolymers;vinylpyridine (rej);0.666;0;sem match válido;Qwen3-1.7B-QLoRA
ID_7254844415865063;19;divinylbenzene (dvb) copolymers networks;porous copolymers network (rej);0.618;0;sem match válido;Qwen3-1.7B-QLoRA
ID_7254844415865063;20;divinylbenzene (dvb) copolymer;vinylpyridine (rej);0.684;0;sem match válido;Qwen3-1.7B-QLoRA
ID_7269889225548975;1;gravitational collapse;gravitational collapse;1.000;3;match válido;Qwen3-1.7B-QLoRA
ID_7269889225548975;2;gravitational collapse and vacuum energy;gravitational collapse (rej);0.844;0;sem match válido;Qwen3-1.7B-QLoRA
ID_7269889225548975;3;gravitational collapse with decaying;gravitational collapse (rej);0.928;0;sem match válido;Qwen3-1.7B-QLoRA
ID_7269889225548975;4;gravitational collapse with decaying vacuum;gravitational collapse (rej);0.880;0;sem match válido;Qwen3-1.7B-QLoRA
ID_7269889225548975;5;interacting dark components;dark interaction;0.870;3;match válido;Qwen3-1.7B-QLoRA
ID_7269889225548975;6;interacting vacuum energy;interacting vacuum energy;1.000;3;match válido;Qwen3-1.7B-QLoRA
ID_7269889225548975;7;interacting vacuum energy density;vacuum energy density;0.955;3;match válido;Qwen3-1.7B-QLoRA
ID_7269889225548975;8;interacting vacuum energy density increases;vacuum energy density (rej);0.915;0;sem match válido;Qwen3-1.7B-QLoRA
ID_7269889225548975;9;interacting vacuum energy density increases the collapsing;interacting vacuum energy (rej);0.808;0;sem match válido;Qwen3-1.7B-QLoRA
ID_7269889225548975;10;interacting vacuum energy density increases the collapsing time;interacting vacuum energy (rej);0.776;0;sem match válido;Qwen3-1.7B-QLoRA
ID_7269889225548975;11;interacting vacuum energy density increases the collapsing time, but;interacting vacuum energy (rej);0.776;0;sem match válido;Qwen3-1.7B-QLoRA
ID_7269889225548975;12;interacting vacuum energy density increases the collapsing time, but it;interacting vacuum energy (rej);0.776;0;sem match válido;Qwen3-1.7B-QLoRA
ID_7269889225548975;13;interacting vacuum energy density increases the collapsing time, but it cannot;interacting vacuum energy (rej);0.767;0;sem match válido;Qwen3-1.7B-QLoRA
ID_7269889225548975;14;interacting vacuum energy density increases the collapsing time, but it cannot prevent;interacting vacuum energy (rej);0.759;0;sem match válido;Qwen3-1.7B-QLoRA
ID_7269889225548975;15;interacting vacuum energy density increases the collapsing time, but it cannot prevent the formation;interacting vacuum energy (rej);0.732;0;sem match válido;Qwen3-1.7B-QLoRA
ID_7269889225548975;16;;;;;;Qwen3-1.7B-QLoRA
ID_7269889225548975;17;;;;;;Qwen3-1.7B-QLoRA
ID_7269889225548975;18;;;;;;Qwen3-1.7B-QLoRA
ID_7269889225548975;19;;;;;;Qwen3-1.7B-QLoRA
ID_7269889225548975;20;;;;;;Qwen3-1.7B-QLoRA
ID_7299082066704598;1;amazonian forest;amazonian forest;1.000;3;match válido;Qwen3-1.7B-QLoRA
ID_7299082066704598;2;amazonian rain forest;tropical rain forest;0.846;3;match válido;Qwen3-1.7B-QLoRA
ID_7299082066704598;3;amazonian tree communities;amazonian forest (rej);0.876;0;sem match válido;Qwen3-1.7B-QLoRA
ID_7299082066704598;4;amazonian trees;tropical trees;0.752;3;match válido;Qwen3-1.7B-QLoRA
ID_7299082066704598;5;amazonia central;amazon;0.761;2;match válido;Qwen3-1.7B-QLoRA
ID_7299082066704598;6;amazonian forest fragments;amazonian forest (rej);0.896;0;sem match válido;Qwen3-1.7B-QLoRA
ID_7299082066704598;7;amazonian forest fragments: a 32-year investigation;amazonian forest (rej);0.870;0;sem match válido;Qwen3-1.7B-QLoRA
ID_7299082066704598;8;amazonian pioneer species;pioneer species;0.768;3;match válido;Qwen3-1.7B-QLoRA
ID_7299082066704598;9;amazonian rain forest patch;rain forest;0.822;3;match válido;Qwen3-1.7B-QLoRA
ID_7299082066704598;10;amazonian tree seed biology;amazonian forest (rej);0.719;0;sem match válido;Qwen3-1.7B-QLoRA
ID_7299082066704598;11;amazonian tree species;tropical forest tree;0.793;3;match válido;Qwen3-1.7B-QLoRA
ID_7299082066704598;12;amazonian tree species diversity;amazonian forest (rej);0.832;0;sem match válido;Qwen3-1.7B-QLoRA
ID_7299082066704598;13;amazonian tree species diversity and seed;amazonian forest (rej);0.768;0;sem match válido;Qwen3-1.7B-QLoRA
ID_7299082066704598;14;;;;;;Qwen3-1.7B-QLoRA
ID_7299082066704598;15;;;;;;Qwen3-1.7B-QLoRA
ID_7299082066704598;16;;;;;;Qwen3-1.7B-QLoRA
ID_7299082066704598;17;;;;;;Qwen3-1.7B-QLoRA
ID_7299082066704598;18;;;;;;Qwen3-1.7B-QLoRA
ID_7299082066704598;19;;;;;;Qwen3-1.7B-QLoRA
ID_7299082066704598;20;;;;;;Qwen3-1.7B-QLoRA
ID_7305428791149745;1;amastigote-specific protein;protein (rej);0.691;0;sem match válido;Qwen3-1.7B-QLoRA
ID_7305428791149745;2;antigenic polymorphic linear b-cell epitopes;protein (rej);0.256;0;sem match válido;Qwen3-1.7B-QLoRA
ID_7305428791149745;3;antigenic polymorphic linear b-cell epitopes mapping;single isomorphous replacement with anomalous scattering (rej);0.261;0;sem match válido;Qwen3-1.7B-QLoRA
ID_7305428791149745;4;carica candamarcensis latex;solving macromolecular crystal (rej);0.349;0;sem match válido;Qwen3-1.7B-QLoRA
ID_7305428791149745;5;crystallization;solving macromolecular crystal;0.757;3;match válido;Qwen3-1.7B-QLoRA
ID_7305428791149745;6;crystallization and preliminary x-ray;crystal structure (rej);0.735;0;sem match válido;Qwen3-1.7B-QLoRA
ID_7305428791149745;7;crystallization and structure determination;crystal structure;0.877;3;match válido;Qwen3-1.7B-QLoRA
ID_7305428791149745;8;crystallization and x-ray diffraction;x-ray diffraction;0.832;3;match válido;Qwen3-1.7B-QLoRA
ID_7305428791149745;9;crystallization and x-ray diffraction studies;x-ray diffraction studies;0.830;3;match válido;Qwen3-1.7B-QLoRA
ID_7305428791149745;10;crystallization and x-ray structure;x-ray structure;0.792;3;match válido;Qwen3-1.7B-QLoRA
ID_7305428791149745;11;crystallization and x-ray structures;crystallographic structures;0.807;3;match válido;Qwen3-1.7B-QLoRA
ID_7305428791149745;12;crystallization and x-ray structures of leishmania;crystallographic structures (rej);0.686;0;sem match válido;Qwen3-1.7B-QLoRA
ID_7305428791149745;13;crystallization and x-ray structure determination;x-ray structure (rej);0.780;0;sem match válido;Qwen3-1.7B-QLoRA
ID_7305428791149745;14;;;;;;Qwen3-1.7B-QLoRA
ID_7305428791149745;15;;;;;;Qwen3-1.7B-QLoRA
ID_7305428791149745;16;;;;;;Qwen3-1.7B-QLoRA
ID_7305428791149745;17;;;;;;Qwen3-1.7B-QLoRA
ID_7305428791149745;18;;;;;;Qwen3-1.7B-QLoRA
ID_7305428791149745;19;;;;;;Qwen3-1.7B-QLoRA
ID_7305428791149745;20;;;;;;Qwen3-1.7B-QLoRA
ID_7312223977002681;1;ferroelectric phase transition;ferroelectric phase transition;1.000;2;match válido;Qwen3-1.7B-QLoRA
ID_7312223977002681;2;kdp crystal;kdp (rej);0.675;0;sem match válido;Qwen3-1.7B-QLoRA
ID_7312223977002681;3;kdp crystal structure;pure kdp (rej);0.574;0;sem match válido;Qwen3-1.7B-QLoRA
ID_7312223977002681;4;kdp doped crystals;pure kdp (rej);0.566;0;sem match válido;Qwen3-1.7B-QLoRA
ID_7312223977002681;5;kdp doped with mn;kdp (rej);0.651;0;sem match válido;Qwen3-1.7B-QLoRA
ID_7312223977002681;6;kdp doped with mn piezoelectric coefficients;dielectric properties (rej);0.551;0;sem match válido;Qwen3-1.7B-QLoRA
ID_7312223977002681;7;kdp doped with mn piezoelectric properties;dielectric properties (rej);0.568;0;sem match válido;Qwen3-1.7B-QLoRA
ID_7312223977002681;8;;;;;;Qwen3-1.7B-QLoRA
ID_7312223977002681;9;;;;;;Qwen3-1.7B-QLoRA
ID_7312223977002681;10;;;;;;Qwen3-1.7B-QLoRA
ID_7312223977002681;11;;;;;;Qwen3-1.7B-QLoRA
ID_7312223977002681;12;;;;;;Qwen3-1.7B-QLoRA
ID_7312223977002681;13;;;;;;Qwen3-1.7B-QLoRA
ID_7312223977002681;14;;;;;;Qwen3-1.7B-QLoRA
ID_7312223977002681;15;;;;;;Qwen3-1.7B-QLoRA
ID_7312223977002681;16;;;;;;Qwen3-1.7B-QLoRA
ID_7312223977002681;17;;;;;;Qwen3-1.7B-QLoRA
ID_7312223977002681;18;;;;;;Qwen3-1.7B-QLoRA
ID_7312223977002681;19;;;;;;Qwen3-1.7B-QLoRA
ID_7312223977002681;20;;;;;;Qwen3-1.7B-QLoRA
ID_7430030311775522;1;brazilian metropolises;urban infrastructure (rej);0.576;0;sem match válido;Qwen3-1.7B-QLoRA
ID_7430030311775522;2;brazilian metropolises: comparing poor;urban poverty (rej);0.667;0;sem match válido;Qwen3-1.7B-QLoRA
ID_7430030311775522;3;comparando estruturas sociais;social structure;0.926;3;match válido;Qwen3-1.7B-QLoRA
ID_7430030311775522;4;comparative study;local conditions (rej);0.464;0;sem match válido;Qwen3-1.7B-QLoRA
ID_7430030311775522;5;desigualdades sociais;social structure (rej);0.611;0;sem match válido;Qwen3-1.7B-QLoRA
ID_7430030311775522;6;desigualdades sociais no rio;rio de janeiro (rej);0.541;0;sem match válido;Qwen3-1.7B-QLoRA
ID_7430030311775522;7;distribuição da população;spatial inequalities (rej);0.492;0;sem match válido;Qwen3-1.7B-QLoRA
ID_7430030311775522;8;distribuição espacial;spatial inequalities (rej);0.660;0;sem match válido;Qwen3-1.7B-QLoRA
ID_7430030311775522;9;distribuição espacial da população;spatial inequalities (rej);0.650;0;sem match válido;Qwen3-1.7B-QLoRA
ID_7430030311775522;10;distribuição espacial das classes;spatial inequalities (rej);0.647;0;sem match válido;Qwen3-1.7B-QLoRA
ID_7430030311775522;11;distribuição espacial de grupos;spatial inequalities (rej);0.657;0;sem match válido;Qwen3-1.7B-QLoRA
ID_7430030311775522;12;distribuição espacial do rio;rio de janeiro (rej);0.622;0;sem match válido;Qwen3-1.7B-QLoRA
ID_7430030311775522;13;distribuição espacial das classes sociais;social structure (rej);0.690;0;sem match válido;Qwen3-1.7B-QLoRA
ID_7430030311775522;14;distribuição espacial do rio de;rio de janeiro (rej);0.657;0;sem match válido;Qwen3-1.7B-QLoRA
ID_7430030311775522;15;distribuição espacial no rio;rio de janeiro (rej);0.623;0;sem match válido;Qwen3-1.7B-QLoRA
ID_7430030311775522;16;estudo de casos;saude publica (rej);0.429;0;sem match válido;Qwen3-1.7B-QLoRA
ID_7430030311775522;17;estudo de caso;saude publica (rej);0.497;0;sem match válido;Qwen3-1.7B-QLoRA
ID_7430030311775522;18;estudo de casos em duas;saude publica (rej);0.412;0;sem match válido;Qwen3-1.7B-QLoRA
ID_7430030311775522;19;estudo de casos em duas metrópoles;políticas urbanas (rej);0.717;0;sem match válido;Qwen3-1.7B-QLoRA
ID_7430030311775522;20;estudo de casos em duas metrópolis;urban sociology (rej);0.715;0;sem match válido;Qwen3-1.7B-QLoRA
ID_7456235597127456;1;4h-sic;tem (rej);0.458;0;sem match válido;Qwen3-1.7B-QLoRA
ID_7456235597127456;2;4h-sic interfacial region;stoichiometric layer (rej);0.481;0;sem match válido;Qwen3-1.7B-QLoRA
ID_7456235597127456;3;4h-sic structures;n-type gaas layers (rej);0.519;0;sem match válido;Qwen3-1.7B-QLoRA
ID_7456235597127456;4;4h-sic structures annealed;n-type gaas layers (rej);0.487;0;sem match válido;Qwen3-1.7B-QLoRA
ID_7456235597127456;5;4h-sic structures annealing;n-type gaas layers (rej);0.519;0;sem match válido;Qwen3-1.7B-QLoRA
ID_7456235597127456;6;4h-sic structures annealing in;n-type gaas layers (rej);0.512;0;sem match válido;Qwen3-1.7B-QLoRA
ID_7456235597127456;7;4h-sic structures annealing in dry;condensed matter: structural, mechanical & thermal  (rej);0.525;0;sem match válido;Qwen3-1.7B-QLoRA
ID_7456235597127456;8;4h-sic structures annealing in water;stoichiometric layer (rej);0.475;0;sem match válido;Qwen3-1.7B-QLoRA
ID_7456235597127456;9;4h-sic structures annealing process;condensed matter: structural, mechanical & thermal  (rej);0.479;0;sem match válido;Qwen3-1.7B-QLoRA
ID_7456235597127456;10;4h-sic structures annealing process in;condensed matter: structural, mechanical & thermal  (rej);0.466;0;sem match válido;Qwen3-1.7B-QLoRA
ID_7456235597127456;11;4h-sic structures annealing process in dry;condensed matter: structural, mechanical & thermal  (rej);0.511;0;sem match válido;Qwen3-1.7B-QLoRA
ID_7456235597127456;12;4h-sic structures annealing process in water;condensed matter: structural, mechanical & thermal  (rej);0.451;0;sem match válido;Qwen3-1.7B-QLoRA
ID_7456235597127456;13;4h-sic structures annealing process in wet;condensed matter: structural, mechanical & thermal  (rej);0.471;0;sem match válido;Qwen3-1.7B-QLoRA
ID_7456235597127456;14;4h-sic structures annealing process in wet oxidation;condensed matter: structural, mechanical & thermal  (rej);0.446;0;sem match válido;Qwen3-1.7B-QLoRA
ID_7456235597127456;15;4h-sic structures annealing process in water-containing;condensed matter: structural, mechanical & thermal  (rej);0.488;0;sem match válido;Qwen3-1.7B-QLoRA
ID_7456235597127456;16;4h-sic structures annealing process in water-containing oxygen;condensed matter: structural, mechanical & thermal  (rej);0.373;0;sem match válido;Qwen3-1.7B-QLoRA
ID_7456235597127456;17;4h-sic structures annealing process in water-containing nitrogen;condensed matter: structural, mechanical & thermal  (rej);0.417;0;sem match válido;Qwen3-1.7B-QLoRA
ID_7456235597127456;18;4h-sic structures annealing process in water-containing oxygen and;condensed matter: structural, mechanical & thermal  (rej);0.381;0;sem match válido;Qwen3-1.7B-QLoRA
ID_7456235597127456;19;4h-sic structures annealing process in wet oxidation atmosphere;condensed matter: structural, mechanical & thermal  (rej);0.464;0;sem match válido;Qwen3-1.7B-QLoRA
ID_7456235597127456;20;;;;;;Qwen3-1.7B-QLoRA
ID_7464190101117707;1;dengue virus;dengue virus;1.000;3;match válido;Qwen3-1.7B-QLoRA
ID_7464190101117707;2;dengue virus fusion;dengue virus fusion;1.000;1;match válido;Qwen3-1.7B-QLoRA
ID_7464190101117707;3;dengue virus fusion peptide;virus fusion peptide;0.798;2;match válido;Qwen3-1.7B-QLoRA
ID_7464190101117707;4;dengue virus nonstructural protein;dengue virus infection;0.816;3;match válido;Qwen3-1.7B-QLoRA
ID_7464190101117707;5;dengue virus nonstructural protein ns1;dengue virus ns1 (rej);0.889;0;sem match válido;Qwen3-1.7B-QLoRA
ID_7464190101117707;6;dengue virus ns1 protein;dengue virus ns1;0.941;2;match válido;Qwen3-1.7B-QLoRA
ID_7464190101117707;7;dengue virus ns1 protein interaction;dengue virus ns1 (rej);0.885;0;sem match válido;Qwen3-1.7B-QLoRA
ID_7464190101117707;8;dengue virus ns1 protein interactions;dengue virus ns1 (rej);0.873;0;sem match válido;Qwen3-1.7B-QLoRA
ID_7464190101117707;9;;;;;;Qwen3-1.7B-QLoRA
ID_7464190101117707;10;;;;;;Qwen3-1.7B-QLoRA
ID_7464190101117707;11;;;;;;Qwen3-1.7B-QLoRA
ID_7464190101117707;12;;;;;;Qwen3-1.7B-QLoRA
ID_7464190101117707;13;;;;;;Qwen3-1.7B-QLoRA
ID_7464190101117707;14;;;;;;Qwen3-1.7B-QLoRA
ID_7464190101117707;15;;;;;;Qwen3-1.7B-QLoRA
ID_7464190101117707;16;;;;;;Qwen3-1.7B-QLoRA
ID_7464190101117707;17;;;;;;Qwen3-1.7B-QLoRA
ID_7464190101117707;18;;;;;;Qwen3-1.7B-QLoRA
ID_7464190101117707;19;;;;;;Qwen3-1.7B-QLoRA
ID_7464190101117707;20;;;;;;Qwen3-1.7B-QLoRA
ID_7471111924336519;1;data center fault tolerant;core network (rej);0.510;0;sem match válido;Qwen3-1.7B-QLoRA
ID_7471111924336519;2;data center networks;core network (rej);0.696;0;sem match válido;Qwen3-1.7B-QLoRA
ID_7471111924336519;3;energy;performability (rej);0.281;0;sem match válido;Qwen3-1.7B-QLoRA
ID_7471111924336519;4;energy and stability;evolving sdn (rej);0.274;0;sem match válido;Qwen3-1.7B-QLoRA
ID_7471111924336519;5;fault tolerant routing;core network (rej);0.546;0;sem match válido;Qwen3-1.7B-QLoRA
ID_7471111924336519;6;fault tolerance;unavailability (rej);0.353;0;sem match válido;Qwen3-1.7B-QLoRA
ID_7471111924336519;7;fault-tolerant routing;core network (rej);0.556;0;sem match válido;Qwen3-1.7B-QLoRA
ID_7471111924336519;8;forwarding;evolving sdn (rej);0.306;0;sem match válido;Qwen3-1.7B-QLoRA
ID_7471111924336519;9;high-speed networks;network performance evaluation (rej);0.744;0;sem match válido;Qwen3-1.7B-QLoRA
ID_7471111924336519;10;internet;web clusters (rej);0.564;0;sem match válido;Qwen3-1.7B-QLoRA
ID_7471111924336519;11;internet traffic;recovery and traffic (rej);0.612;0;sem match válido;Qwen3-1.7B-QLoRA
ID_7471111924336519;12;performance;performability;0.790;3;match válido;Qwen3-1.7B-QLoRA
ID_7471111924336519;13;performance analysis;network performance evaluation (rej);0.743;0;sem match válido;Qwen3-1.7B-QLoRA
ID_7471111924336519;14;performance evaluation;performability (rej);0.760;0;sem match válido;Qwen3-1.7B-QLoRA
ID_7471111924336519;15;performance measurement;performability (rej);0.762;0;sem match válido;Qwen3-1.7B-QLoRA
ID_7471111924336519;16;performance monitoring;network performance evaluation (rej);0.701;0;sem match válido;Qwen3-1.7B-QLoRA
ID_7471111924336519;17;performance metrics;performability (rej);0.748;0;sem match válido;Qwen3-1.7B-QLoRA
ID_7471111924336519;18;performance prediction;performability (rej);0.666;0;sem match válido;Qwen3-1.7B-QLoRA
ID_7471111924336519;19;performance testing;performability (rej);0.692;0;sem match válido;Qwen3-1.7B-QLoRA
ID_7471111924336519;20;performance testing framework;network performance evaluation (rej);0.689;0;sem match válido;Qwen3-1.7B-QLoRA
ID_7506578377321090;1;citrus;citrus;1.000;2;match válido;Qwen3-1.7B-QLoRA
ID_7506578377321090;2;citrus genetic linkage map;citrus (rej);0.644;0;sem match válido;Qwen3-1.7B-QLoRA
ID_7506578377321090;3;genetic linkage map;genetic similarity;0.810;3;match válido;Qwen3-1.7B-QLoRA
ID_7506578377321090;4;gene expression profile;genetic markers;0.797;2;match válido;Qwen3-1.7B-QLoRA
ID_7506578377321090;5;hybridization;diversidade genética (rej);0.498;0;sem match válido;Qwen3-1.7B-QLoRA
ID_7506578377321090;6;hybridization in citrus;citrus (rej);0.788;0;sem match válido;Qwen3-1.7B-QLoRA
ID_7506578377321090;7;hybridization in citrus genotypes;citrus (rej);0.649;0;sem match válido;Qwen3-1.7B-QLoRA
ID_7506578377321090;8;hybridization of citrus;citrus (rej);0.827;0;sem match válido;Qwen3-1.7B-QLoRA
ID_7506578377321090;9;microarray;micropropagation (rej);0.812;0;sem match válido;Qwen3-1.7B-QLoRA
ID_7506578377321090;10;microarray analyses;micropropagation (rej);0.723;0;sem match válido;Qwen3-1.7B-QLoRA
ID_7506578377321090;11;micropropagation;micropropagation;1.000;3;match válido;Qwen3-1.7B-QLoRA
ID_7506578377321090;12;micropropagation of banana;micropropagação de bananeira;0.976;3;match válido;Qwen3-1.7B-QLoRA
ID_7506578377321090;13;micropropagation of citrus;citrus (rej);0.755;0;sem match válido;Qwen3-1.7B-QLoRA
ID_7506578377321090;14;micropropagation of citrus genotypes;citrus (rej);0.630;0;sem match válido;Qwen3-1.7B-QLoRA
ID_7506578377321090;15;micropropagation of diploids;micropropagation (rej);0.717;0;sem match válido;Qwen3-1.7B-QLoRA
ID_7506578377321090;16;micropropagation of diploid banana;micropropagação de bananeira (rej);0.910;0;sem match válido;Qwen3-1.7B-QLoRA
ID_7506578377321090;17;micropropagation of diploid banana accession;micropropagação de bananeira (rej);0.858;0;sem match válido;Qwen3-1.7B-QLoRA
ID_7506578377321090;18;micropropagation of diploid banana accessions;micropropagação de bananeira (rej);0.847;0;sem match válido;Qwen3-1.7B-QLoRA
ID_7506578377321090;19;micropropagation of diploids cv;micropropagation (rej);0.686;0;sem match válido;Qwen3-1.7B-QLoRA
ID_7506578377321090;20;micropropagation of diploid genotypes;genetic markers (rej);0.643;0;sem match válido;Qwen3-1.7B-QLoRA
ID_7527179767450432;1;carioca common beans;tropical maize (rej);0.626;0;sem match válido;Qwen3-1.7B-QLoRA
ID_7527179767450432;2;common bean;tropical maize (rej);0.605;0;sem match válido;Qwen3-1.7B-QLoRA
ID_7527179767450432;3;common bean cultivars;tropical maize (rej);0.689;0;sem match válido;Qwen3-1.7B-QLoRA
ID_7527179767450432;4;common bean lines;tropical maize (rej);0.460;0;sem match válido;Qwen3-1.7B-QLoRA
ID_7527179767450432;5;genetic diversity;genetic diversity;1.000;2;match válido;Qwen3-1.7B-QLoRA
ID_7527179767450432;6;genetic diversity parameters;genetic diversity (rej);0.958;0;sem match válido;Qwen3-1.7B-QLoRA
ID_7527179767450432;7;genetic linkage map;genetic linkage map;1.000;3;match válido;Qwen3-1.7B-QLoRA
ID_7527179767450432;8;genetic linkage maps;genetic similarity;0.781;2;match válido;Qwen3-1.7B-QLoRA
ID_7527179767450432;9;genotype by environment interaction;genetic diversity (rej);0.670;0;sem match válido;Qwen3-1.7B-QLoRA
ID_7527179767450432;10;genotype by environment interactions;genetic diversity (rej);0.677;0;sem match válido;Qwen3-1.7B-QLoRA
ID_7527179767450432;11;integrated genetic map;genetic map;0.889;3;match válido;Qwen3-1.7B-QLoRA
ID_7527179767450432;12;linkage analysis;linkage map (rej);0.771;0;sem match válido;Qwen3-1.7B-QLoRA
ID_7527179767450432;13;linkage map;linkage map;1.000;3;match válido;Qwen3-1.7B-QLoRA
ID_7527179767450432;14;linkage map construction;linkage map (rej);0.947;0;sem match válido;Qwen3-1.7B-QLoRA
ID_7527179767450432;15;linkage maps;linkage map (rej);0.981;0;sem match válido;Qwen3-1.7B-QLoRA
ID_7527179767450432;16;marker assisted selection;microsatellite markers (rej);0.475;0;sem match válido;Qwen3-1.7B-QLoRA
ID_7527179767450432;17;marker-assisted selection;microsatellite markers (rej);0.487;0;sem match válido;Qwen3-1.7B-QLoRA
ID_7527179767450432;18;mapping population;population structure;0.771;2;match válido;Qwen3-1.7B-QLoRA
ID_7527179767450432;19;mapping population parents;population structure (rej);0.720;0;sem match válido;Qwen3-1.7B-QLoRA
ID_7527179767450432;20;mapping populations;population structure (rej);0.767;0;sem match válido;Qwen3-1.7B-QLoRA
ID_7532334620264577;1;acute renal failure;chronic kidney failure;0.914;3;match válido;Qwen3-1.7B-QLoRA
ID_7532334620264577;2;acute renal failure after massive honeybee;chronic kidney failure (rej);0.649;0;sem match válido;Qwen3-1.7B-QLoRA
ID_7532334620264577;3;;;;;;Qwen3-1.7B-QLoRA
ID_7532334620264577;4;;;;;;Qwen3-1.7B-QLoRA
ID_7532334620264577;5;;;;;;Qwen3-1.7B-QLoRA
ID_7532334620264577;6;;;;;;Qwen3-1.7B-QLoRA
ID_7532334620264577;7;;;;;;Qwen3-1.7B-QLoRA
ID_7532334620264577;8;;;;;;Qwen3-1.7B-QLoRA
ID_7532334620264577;9;;;;;;Qwen3-1.7B-QLoRA
ID_7532334620264577;10;;;;;;Qwen3-1.7B-QLoRA
ID_7532334620264577;11;;;;;;Qwen3-1.7B-QLoRA
ID_7532334620264577;12;;;;;;Qwen3-1.7B-QLoRA
ID_7532334620264577;13;;;;;;Qwen3-1.7B-QLoRA
ID_7532334620264577;14;;;;;;Qwen3-1.7B-QLoRA
ID_7532334620264577;15;;;;;;Qwen3-1.7B-QLoRA
ID_7532334620264577;16;;;;;;Qwen3-1.7B-QLoRA
ID_7532334620264577;17;;;;;;Qwen3-1.7B-QLoRA
ID_7532334620264577;18;;;;;;Qwen3-1.7B-QLoRA
ID_7532334620264577;19;;;;;;Qwen3-1.7B-QLoRA
ID_7532334620264577;20;;;;;;Qwen3-1.7B-QLoRA
ID_7572366766177648;1;biosensor;biosensor;1.000;3;match válido;Qwen3-1.7B-QLoRA
ID_7572366766177648;2;electrochemical sensor;electrochemical sensor;1.000;3;match válido;Qwen3-1.7B-QLoRA
ID_7572366766177648;3;electrochemical sensor development;electrochemical study;0.807;3;match válido;Qwen3-1.7B-QLoRA
ID_7572366766177648;4;electrochemical sensors;electrochemical detection;0.882;3;match válido;Qwen3-1.7B-QLoRA
ID_7572366766177648;5;electrochemical sensors and biosensors;amperometric biosensor;0.777;3;match válido;Qwen3-1.7B-QLoRA
ID_7572366766177648;6;electrochemical sensors and biosensors development;electrochemical sensor (rej);0.890;0;sem match válido;Qwen3-1.7B-QLoRA
ID_7572366766177648;7;;;;;;Qwen3-1.7B-QLoRA
ID_7572366766177648;8;;;;;;Qwen3-1.7B-QLoRA
ID_7572366766177648;9;;;;;;Qwen3-1.7B-QLoRA
ID_7572366766177648;10;;;;;;Qwen3-1.7B-QLoRA
ID_7572366766177648;11;;;;;;Qwen3-1.7B-QLoRA
ID_7572366766177648;12;;;;;;Qwen3-1.7B-QLoRA
ID_7572366766177648;13;;;;;;Qwen3-1.7B-QLoRA
ID_7572366766177648;14;;;;;;Qwen3-1.7B-QLoRA
ID_7572366766177648;15;;;;;;Qwen3-1.7B-QLoRA
ID_7572366766177648;16;;;;;;Qwen3-1.7B-QLoRA
ID_7572366766177648;17;;;;;;Qwen3-1.7B-QLoRA
ID_7572366766177648;18;;;;;;Qwen3-1.7B-QLoRA
ID_7572366766177648;19;;;;;;Qwen3-1.7B-QLoRA
ID_7572366766177648;20;;;;;;Qwen3-1.7B-QLoRA
ID_7594033934995220;1;asteraceae;taxons da flora (rej);0.658;0;sem match válido;Qwen3-1.7B-QLoRA
ID_7594033934995220;2;flora;vegetação e flora;0.898;3;match válido;Qwen3-1.7B-QLoRA
ID_7594033934995220;3;floração de árvores;árvores frutíferas (rej);0.880;0;sem match válido;Qwen3-1.7B-QLoRA
ID_7594033934995220;4;floristicas entre localidades;florística em trechos (rej);0.823;0;sem match válido;Qwen3-1.7B-QLoRA
ID_7594033934995220;5;floristicos nos domínios;florística em trechos (rej);0.854;0;sem match válido;Qwen3-1.7B-QLoRA
ID_7594033934995220;6;floração de árvores frutíferas;árvores frutíferas;0.948;2;match válido;Qwen3-1.7B-QLoRA
ID_7594033934995220;7;floristicos nos dominios das;florística em trechos (rej);0.818;0;sem match válido;Qwen3-1.7B-QLoRA
ID_7594033934995220;8;floração de árvores frutíferas e;árvores frutíferas (rej);0.946;0;sem match válido;Qwen3-1.7B-QLoRA
ID_7594033934995220;9;floristicos nos domínios das caatingas;florística em trechos (rej);0.785;0;sem match válido;Qwen3-1.7B-QLoRA
ID_7594033934995220;10;herbario;herbário ipa (rej);0.788;0;sem match válido;Qwen3-1.7B-QLoRA
ID_7594033934995220;11;herbario ipa;herbário ipa;0.918;3;match válido;Qwen3-1.7B-QLoRA
ID_7594033934995220;12;inventario floristico;inventário florístico;0.976;3;match válido;Qwen3-1.7B-QLoRA
ID_7594033934995220;13;inventario florístico;inventário florístico (rej);0.971;0;sem match válido;Qwen3-1.7B-QLoRA
ID_7594033934995220;14;investigação florística;florística em trechos (rej);0.869;0;sem match válido;Qwen3-1.7B-QLoRA
ID_7594033934995220;15;levantamento florístico;florística em trechos;0.904;1;match válido;Qwen3-1.7B-QLoRA
ID_7594033934995220;16;natividades florísticas;florística em trechos (rej);0.859;0;sem match válido;Qwen3-1.7B-QLoRA
ID_7594033934995220;17;plantas medicinais;plantas medicinais utilizadas (rej);0.972;0;sem match válido;Qwen3-1.7B-QLoRA
ID_7594033934995220;18;plantas medicinais utilizadas;plantas medicinais utilizadas;1.000;2;match válido;Qwen3-1.7B-QLoRA
ID_7594033934995220;19;preservação de espécies;reserva ecológica;0.757;2;match válido;Qwen3-1.7B-QLoRA
ID_7594033934995220;20;região de mata;zona da mata;0.935;3;match válido;Qwen3-1.7B-QLoRA
ID_7606805059403041;1;air traffic control;air traffic control;1.000;3;match válido;Qwen3-1.7B-QLoRA
ID_7606805059403041;2;aircraft;navigation and air (rej);0.664;0;sem match válido;Qwen3-1.7B-QLoRA
ID_7606805059403041;3;aircraft safety;safety analysis (rej);0.749;0;sem match válido;Qwen3-1.7B-QLoRA
ID_7606805059403041;4;aircraft systems;air traffic system (rej);0.745;0;sem match válido;Qwen3-1.7B-QLoRA
ID_7606805059403041;5;aircraft systems design;air traffic system (rej);0.645;0;sem match válido;Qwen3-1.7B-QLoRA
ID_7606805059403041;6;aircraft systems design and development;air traffic system (rej);0.626;0;sem match válido;Qwen3-1.7B-QLoRA
ID_7606805059403041;7;aircraft systems integration;air traffic system (rej);0.657;0;sem match válido;Qwen3-1.7B-QLoRA
ID_7606805059403041;8;aircraft systems management;air traffic management;0.789;3;match válido;Qwen3-1.7B-QLoRA
ID_7606805059403041;9;aircraft systems safety;safety analysis (rej);0.735;0;sem match válido;Qwen3-1.7B-QLoRA
ID_7606805059403041;10;aircraft systems safety management;air traffic management (rej);0.767;0;sem match válido;Qwen3-1.7B-QLoRA
ID_7606805059403041;11;aircraft systems safety management system;air traffic management (rej);0.762;0;sem match válido;Qwen3-1.7B-QLoRA
ID_7606805059403041;12;aircraft systems safety standards;safety analysis (rej);0.738;0;sem match válido;Qwen3-1.7B-QLoRA
ID_7606805059403041;13;aircraft systems safety standards development;safety analysis (rej);0.728;0;sem match válido;Qwen3-1.7B-QLoRA
ID_7606805059403041;14;aircraft systems safety standards management;air traffic management (rej);0.725;0;sem match válido;Qwen3-1.7B-QLoRA
ID_7606805059403041;15;aircraft systems safety standards requirements;safety requirements elicitation;0.760;3;match válido;Qwen3-1.7B-QLoRA
ID_7606805059403041;16;aircraft systems safety standards requirements development;safety requirements elicitation (rej);0.722;0;sem match válido;Qwen3-1.7B-QLoRA
ID_7606805059403041;17;aircraft systems safety standards requirements specification;safety requirements elicitation (rej);0.744;0;sem match válido;Qwen3-1.7B-QLoRA
ID_7606805059403041;18;aircraft systems safety standards requirements specification development;safety requirements elicitation (rej);0.698;0;sem match válido;Qwen3-1.7B-QLoRA
ID_7606805059403041;19;aircraft systems safety standards requirements specification development and implementation;safety assessment methods (rej);0.703;0;sem match válido;Qwen3-1.7B-QLoRA
ID_7606805059403041;20;aircraft systems safety standards requirements specification development and implementation process;safety assessment methods (rej);0.704;0;sem match válido;Qwen3-1.7B-QLoRA
ID_7721483148298785;1;bacia hidrográfica;hydrological model;0.796;3;match válido;Qwen3-1.7B-QLoRA
ID_7721483148298785;2;bacia hidrográfica do rio;large river basins;0.890;3;match válido;Qwen3-1.7B-QLoRA
ID_7721483148298785;3;bacia hidrográfica do rio pajeu;river basins (rej);0.763;0;sem match válido;Qwen3-1.7B-QLoRA
ID_7721483148298785;4;bacias hidrográficas;river basins (rej);0.868;0;sem match válido;Qwen3-1.7B-QLoRA
ID_7721483148298785;5;bacias hidrográficas do estado;river basins (rej);0.793;0;sem match válido;Qwen3-1.7B-QLoRA
ID_7721483148298785;6;bacias hidrográficas do estado de;river basins (rej);0.814;0;sem match válido;Qwen3-1.7B-QLoRA
ID_7721483148298785;7;bacias hidrográficas do rio;river basins;0.947;2;match válido;Qwen3-1.7B-QLoRA
ID_7721483148298785;8;bacias hidrográficas do rio pajeu;river basins (rej);0.852;0;sem match válido;Qwen3-1.7B-QLoRA
ID_7721483148298785;9;bacias hidrográficas do rio tucupi;river basins (rej);0.698;0;sem match válido;Qwen3-1.7B-QLoRA
ID_7721483148298785;10;bacia do rio;river basins (rej);0.529;0;sem match válido;Qwen3-1.7B-QLoRA
ID_7721483148298785;11;bacia do rio tucupi;bacia amazônica (rej);0.468;0;sem match válido;Qwen3-1.7B-QLoRA
ID_7721483148298785;12;bacia do rio tucupi do estado;river basins (rej);0.665;0;sem match válido;Qwen3-1.7B-QLoRA
ID_7721483148298785;13;bacia do rio tucupi do estado de;river basins (rej);0.691;0;sem match válido;Qwen3-1.7B-QLoRA
ID_7721483148298785;14;bacias hidrográficas do estado de pernambuco;river basins (rej);0.705;0;sem match válido;Qwen3-1.7B-QLoRA
ID_7721483148298785;15;bacias hidrográficas do rio tucupi do;river basins (rej);0.739;0;sem match válido;Qwen3-1.7B-QLoRA
ID_7721483148298785;16;bacias hidrográficas do rio tucupi do estado;river basins (rej);0.752;0;sem match válido;Qwen3-1.7B-QLoRA
ID_7721483148298785;17;bacias hidrográficas do rio tucupi do estado de;river basins (rej);0.767;0;sem match válido;Qwen3-1.7B-QLoRA
ID_7721483148298785;18;bacia hidrográfica do rio tucupi;river basins (rej);0.679;0;sem match válido;Qwen3-1.7B-QLoRA
ID_7721483148298785;19;;;;;;Qwen3-1.7B-QLoRA
ID_7721483148298785;20;;;;;;Qwen3-1.7B-QLoRA
ID_7740917144757410;1;dynamical systems;equations of motion (rej);0.451;0;sem match válido;Qwen3-1.7B-QLoRA
ID_7740917144757410;2;earth oblateness;environmental and earth science  (rej);0.571;0;sem match válido;Qwen3-1.7B-QLoRA
ID_7740917144757410;3;earth oblateness effects;environmental and earth science  (rej);0.585;0;sem match válido;Qwen3-1.7B-QLoRA
ID_7740917144757410;4;equatorial ellipticity;elliptic orbits;0.776;3;match válido;Qwen3-1.7B-QLoRA
ID_7740917144757410;5;geopotential perturbations;geopotential coefficients;0.799;3;match válido;Qwen3-1.7B-QLoRA
ID_7740917144757410;6;gravity gradient;gravity gradient;1.000;3;match válido;Qwen3-1.7B-QLoRA
ID_7740917144757410;7;gravity gradient torque;gravity gradient (rej);0.885;0;sem match válido;Qwen3-1.7B-QLoRA
ID_7740917144757410;8;gravity gradient torque effects;gravity gradient (rej);0.853;0;sem match válido;Qwen3-1.7B-QLoRA
ID_7740917144757410;9;gravity gradient torques;gravity gradient (rej);0.868;0;sem match válido;Qwen3-1.7B-QLoRA
ID_7740917144757410;10;lunar artificial satellite;lunar artificial satellite;1.000;3;match válido;Qwen3-1.7B-QLoRA
ID_7740917144757410;11;lunar artificial satellites;artificial satellite;0.844;3;match válido;Qwen3-1.7B-QLoRA
ID_7740917144757410;12;lunar artificial satellites orbits;orbitais de satélites;0.848;1;match válido;Qwen3-1.7B-QLoRA
ID_7740917144757410;13;lunar artificial satellite orbits;planetary satellites;0.809;3;match válido;Qwen3-1.7B-QLoRA
ID_7740917144757410;14;lunar artificial satellite perturbations;lunar artificial satellite (rej);0.928;0;sem match válido;Qwen3-1.7B-QLoRA
ID_7740917144757410;15;lunar artificial satellites dynamics;lunar artificial satellite (rej);0.900;0;sem match válido;Qwen3-1.7B-QLoRA
ID_7740917144757410;16;lunar artificial satellites motion;rotational motion of artificial satellites;0.862;3;match válido;Qwen3-1.7B-QLoRA
ID_7740917144757410;17;lunar artificial satellites motion analysis;lunar artificial satellite (rej);0.898;0;sem match válido;Qwen3-1.7B-QLoRA
ID_7740917144757410;18;lunar artificial satellites motion perturbations;lunar artificial satellite (rej);0.872;0;sem match válido;Qwen3-1.7B-QLoRA
ID_7740917144757410;19;lunar artificial satellites perturbations;órbitas de satélites;0.842;3;match válido;Qwen3-1.7B-QLoRA
ID_7740917144757410;20;lunar artificial satellites perturbations due;lunar artificial satellite (rej);0.882;0;sem match válido;Qwen3-1.7B-QLoRA
ID_7881527576747420;1;antibody-enhanced dengue disease;antibody-enhanced dengue disease;1.000;3;match válido;Qwen3-1.7B-QLoRA
ID_7881527576747420;2;angiarchitecture;hrsem (rej);0.438;0;sem match válido;Qwen3-1.7B-QLoRA
ID_7881527576747420;3;angioarchitecture characteristics;vascular corrosion cast (rej);0.525;0;sem match válido;Qwen3-1.7B-QLoRA
ID_7881527576747420;4;angioarchitecture of palatine;palatine gingiva (rej);0.534;0;sem match válido;Qwen3-1.7B-QLoRA
ID_7881527576747420;5;angioarchitecture study;vascular corrosion cast (rej);0.535;0;sem match válido;Qwen3-1.7B-QLoRA
ID_7881527576747420;6;angioarchitecture study of young;vascular corrosion cast (rej);0.499;0;sem match válido;Qwen3-1.7B-QLoRA
ID_7881527576747420;7;angioarchitectural arrangements;vascular corrosion cast (rej);0.501;0;sem match válido;Qwen3-1.7B-QLoRA
ID_7881527576747420;8;angioarchitectural arrangements of the nasal;palatine mucosa (rej);0.523;0;sem match válido;Qwen3-1.7B-QLoRA
ID_7881527576747420;9;antibody-enhanced dengue disease outcomes;experimental dengue infection;0.867;3;match válido;Qwen3-1.7B-QLoRA
ID_7881527576747420;10;dental tubules of non-erupted deciduous;tooth (rej);0.664;0;sem match válido;Qwen3-1.7B-QLoRA
ID_7881527576747420;11;dental tubules of non-erupted deciduous incisors;tooth (rej);0.664;0;sem match válido;Qwen3-1.7B-QLoRA
ID_7881527576747420;12;dental tubules of non-erupted human deciduous;tooth (rej);0.693;0;sem match válido;Qwen3-1.7B-QLoRA
ID_7881527576747420;13;dental tubules of non-erupted young;tooth (rej);0.675;0;sem match válido;Qwen3-1.7B-QLoRA
ID_7881527576747420;14;dental tubules of young;tooth (rej);0.713;0;sem match válido;Qwen3-1.7B-QLoRA
ID_7881527576747420;15;diabetes;vascular corrosion cast (rej);0.301;0;sem match válido;Qwen3-1.7B-QLoRA
ID_7881527576747420;16;dental tubules;tooth (rej);0.735;0;sem match válido;Qwen3-1.7B-QLoRA
ID_7881527576747420;17;dental tubules of non-erupted;tooth (rej);0.653;0;sem match válido;Qwen3-1.7B-QLoRA
ID_7881527576747420;18;deciduous incisor teeth;tooth;0.832;2;match válido;Qwen3-1.7B-QLoRA
ID_7881527576747420;19;deciduous incisors;capillary loops (rej);0.543;0;sem match válido;Qwen3-1.7B-QLoRA
ID_7881527576747420;20;deciduous incisors in young;showed rarefying microvasculature (rej);0.476;0;sem match válido;Qwen3-1.7B-QLoRA
ID_7927416076958362;1;galactic structure;galaxy: structure;0.948;3;match válido;Qwen3-1.7B-QLoRA
ID_7927416076958362;2;galaxy: kinematics and dynamics;galaxy: structure (rej);0.758;0;sem match válido;Qwen3-1.7B-QLoRA
ID_7927416076958362;3;open clusters and associations;open clusters;0.866;3;match válido;Qwen3-1.7B-QLoRA
ID_7927416076958362;4;open clusters and associations: general;open clusters and associations: general;1.000;3;match válido;Qwen3-1.7B-QLoRA
ID_7927416076958362;5;proper motion;proper motion;1.000;2;match válido;Qwen3-1.7B-QLoRA
ID_7927416076958362;6;proper motions;proper motion (rej);0.979;0;sem match válido;Qwen3-1.7B-QLoRA
ID_7927416076958362;7;proper motion determination;proper motion determination;1.000;3;match válido;Qwen3-1.7B-QLoRA
ID_7927416076958362;8;proper motions of open;proper motion (rej);0.754;0;sem match válido;Qwen3-1.7B-QLoRA
ID_7927416076958362;9;proper motions of open clusters;visible open clusters;0.794;3;match válido;Qwen3-1.7B-QLoRA
ID_7927416076958362;10;stars: formation;young stellar associations;0.765;2;match válido;Qwen3-1.7B-QLoRA
ID_7927416076958362;11;stars: kinematics;young stellar associations (rej);0.589;0;sem match válido;Qwen3-1.7B-QLoRA
ID_7927416076958362;12;stars: stellar content;young stellar associations (rej);0.723;0;sem match válido;Qwen3-1.7B-QLoRA
ID_7927416076958362;13;stars: stellar content: general;young stellar associations (rej);0.726;0;sem match válido;Qwen3-1.7B-QLoRA
ID_7927416076958362;14;stars: structure;galaxy: structure (rej);0.813;0;sem match válido;Qwen3-1.7B-QLoRA
ID_7927416076958362;15;stars: structure: general;galaxy: structure (rej);0.801;0;sem match válido;Qwen3-1.7B-QLoRA
ID_7927416076958362;16;stars: structure: individual;galaxy: structure (rej);0.750;0;sem match válido;Qwen3-1.7B-QLoRA
ID_7927416076958362;17;stars: structure: spiral;spiral structure;0.792;3;match válido;Qwen3-1.7B-QLoRA
ID_7927416076958362;18;stars: structure: spiral arms;galaxy: structure (rej);0.780;0;sem match válido;Qwen3-1.7B-QLoRA
ID_7927416076958362;19;stars: structure: spiral pattern;spiral structure (rej);0.783;0;sem match válido;Qwen3-1.7B-QLoRA
ID_7927416076958362;20;stars: structure: spiral pattern rotation;spiral pattern rotation;0.798;3;match válido;Qwen3-1.7B-QLoRA
ID_7927685281122435;1;acoustic wave equation;wave equation;0.822;2;match válido;Qwen3-1.7B-QLoRA
ID_7927685281122435;2;acoustic wave modeling;wave equation (rej);0.668;0;sem match válido;Qwen3-1.7B-QLoRA
ID_7927685281122435;3;acoustic wave propagation;wave equation (rej);0.628;0;sem match válido;Qwen3-1.7B-QLoRA
ID_7927685281122435;4;acoustic wave equations;wave equation method;0.792;3;match válido;Qwen3-1.7B-QLoRA
ID_7927685281122435;5;acoustic wave modeling and migration;wave equation migration (rej);0.735;0;sem match válido;Qwen3-1.7B-QLoRA
ID_7927685281122435;6;acoustic wave equations for modeling;wave equation method (rej);0.758;0;sem match válido;Qwen3-1.7B-QLoRA
ID_7927685281122435;7;anisotropic media;complex padé (rej);0.477;0;sem match válido;Qwen3-1.7B-QLoRA
ID_7927685281122435;8;anisotropic seismic wave equations;wave equation (rej);0.666;0;sem match válido;Qwen3-1.7B-QLoRA
ID_7927685281122435;9;anisotropy;complex padé (rej);0.490;0;sem match válido;Qwen3-1.7B-QLoRA
ID_7927685281122435;10;anisotropy in seismic wave equations;wave equation (rej);0.671;0;sem match válido;Qwen3-1.7B-QLoRA
ID_7927685281122435;11;anisotropic seismic wave propagation;wave equation (rej);0.538;0;sem match válido;Qwen3-1.7B-QLoRA
ID_7927685281122435;12;anisotropic seismic wave propagation equations;wave equation (rej);0.622;0;sem match válido;Qwen3-1.7B-QLoRA
ID_7927685281122435;13;;;;;;Qwen3-1.7B-QLoRA
ID_7927685281122435;14;;;;;;Qwen3-1.7B-QLoRA
ID_7927685281122435;15;;;;;;Qwen3-1.7B-QLoRA
ID_7927685281122435;16;;;;;;Qwen3-1.7B-QLoRA
ID_7927685281122435;17;;;;;;Qwen3-1.7B-QLoRA
ID_7927685281122435;18;;;;;;Qwen3-1.7B-QLoRA
ID_7927685281122435;19;;;;;;Qwen3-1.7B-QLoRA
ID_7927685281122435;20;;;;;;Qwen3-1.7B-QLoRA
ID_7930540518087267;1;broiler chickens;broiler chicks;0.865;3;match válido;Qwen3-1.7B-QLoRA
ID_7930540518087267;2;broiler chicken;broiler chicks (rej);0.780;0;sem match válido;Qwen3-1.7B-QLoRA
ID_7930540518087267;3;broiler chicken feed;broiler chicks (rej);0.729;0;sem match válido;Qwen3-1.7B-QLoRA
ID_7930540518087267;4;broiler chickens feed;poultry;0.793;2;match válido;Qwen3-1.7B-QLoRA
ID_7930540518087267;5;corte de frangos;frangos de corte;0.947;2;match válido;Qwen3-1.7B-QLoRA
ID_7930540518087267;6;corte de frangos de corte;corte machos;0.763;3;match válido;Qwen3-1.7B-QLoRA
ID_7930540518087267;7;corte de frangos de corte de 1;frangos de corte (rej);0.785;0;sem match válido;Qwen3-1.7B-QLoRA
ID_7930540518087267;8;corte de frangos de corte de 21;frangos de corte (rej);0.788;0;sem match válido;Qwen3-1.7B-QLoRA
ID_7930540518087267;9;corte de frangos de corte de 22;frangos de corte (rej);0.809;0;sem match válido;Qwen3-1.7B-QLoRA
ID_7930540518087267;10;corte de frangos de corte de 42;frangos de corte (rej);0.822;0;sem match válido;Qwen3-1.7B-QLoRA
ID_7930540518087267;11;corte de frangos de corte de 42 dias;frangos de corte (rej);0.616;0;sem match válido;Qwen3-1.7B-QLoRA
ID_7930540518087267;12;corte de frangos de corte de 5;frangos de corte (rej);0.786;0;sem match válido;Qwen3-1.7B-QLoRA
ID_7930540518087267;13;corte de frangos de corte de 1 a;frangos de corte (rej);0.844;0;sem match válido;Qwen3-1.7B-QLoRA
ID_7930540518087267;14;corte de frangos de corte de 1 a 21;frangos de corte (rej);0.741;0;sem match válido;Qwen3-1.7B-QLoRA
ID_7930540518087267;15;corte de frangos de corte de 21 a;frangos de corte (rej);0.838;0;sem match válido;Qwen3-1.7B-QLoRA
ID_7930540518087267;16;corte de frangos de corte de 21 dias;frangos de corte (rej);0.594;0;sem match válido;Qwen3-1.7B-QLoRA
ID_7930540518087267;17;corte de frangos de corte de 3;frangos de corte (rej);0.790;0;sem match válido;Qwen3-1.7B-QLoRA
ID_7930540518087267;18;corte de frangos de corte de 4;frangos de corte (rej);0.799;0;sem match válido;Qwen3-1.7B-QLoRA
ID_7930540518087267;19;corte de frangos de corte de 58;frangos de corte (rej);0.787;0;sem match válido;Qwen3-1.7B-QLoRA
ID_7930540518087267;20;corte de frangos de corte de 6;frangos de corte (rej);0.785;0;sem match válido;Qwen3-1.7B-QLoRA
ID_7967486980814458;1;bipolar disorder;bipolar disorder;1.000;3;match válido;Qwen3-1.7B-QLoRA
ID_7967486980814458;2;brain-derived neurotrophic factor;serum brain-derived neurotrophic (rej);0.847;0;sem match válido;Qwen3-1.7B-QLoRA
ID_7967486980814458;3;biological rhythms interview;rhythm score (rej);0.659;0;sem match válido;Qwen3-1.7B-QLoRA
ID_7967486980814458;4;bipolar patients;manic and depressive;0.788;2;match válido;Qwen3-1.7B-QLoRA
ID_7967486980814458;5;biological rhythm interview;rhythm score (rej);0.696;0;sem match válido;Qwen3-1.7B-QLoRA
ID_7967486980814458;6;biological rhythms;rhythm score (rej);0.669;0;sem match válido;Qwen3-1.7B-QLoRA
ID_7967486980814458;7;biological rhythm dysfunction;rhythm score (rej);0.614;0;sem match válido;Qwen3-1.7B-QLoRA
ID_7967486980814458;8;brazilian version;sz merits (rej);0.328;0;sem match válido;Qwen3-1.7B-QLoRA
ID_7967486980814458;9;brain-derived neurotrophic;serum brain-derived neurotrophic;0.887;2;match válido;Qwen3-1.7B-QLoRA
ID_7967486980814458;10;brazilian version of functioning;short functioning (rej);0.462;0;sem match válido;Qwen3-1.7B-QLoRA
ID_7967486980814458;11;cognitive performance;cognitive impairment (rej);0.687;0;sem match válido;Qwen3-1.7B-QLoRA
ID_7967486980814458;12;cognitive performance of patients;cognitive impairment;0.758;3;match válido;Qwen3-1.7B-QLoRA
ID_7967486980814458;13;cognitive performance test;cognitive impairment (rej);0.648;0;sem match válido;Qwen3-1.7B-QLoRA
ID_7967486980814458;14;cognitive performance tests;cognitive impairment (rej);0.641;0;sem match válido;Qwen3-1.7B-QLoRA
ID_7967486980814458;15;cognitive performance tests in patients;cognitive impairment (rej);0.685;0;sem match válido;Qwen3-1.7B-QLoRA
ID_7967486980814458;16;cognitive performance tests of patients;cognitive impairment (rej);0.688;0;sem match válido;Qwen3-1.7B-QLoRA
ID_7967486980814458;17;cognitive performance tests of patients with;cognitive impairment (rej);0.687;0;sem match válido;Qwen3-1.7B-QLoRA
ID_7967486980814458;18;cognitive performance tests with patients;cognitive impairment (rej);0.681;0;sem match válido;Qwen3-1.7B-QLoRA
ID_7967486980814458;19;cognitive performance tests with patients with;cognitive impairment (rej);0.680;0;sem match válido;Qwen3-1.7B-QLoRA
ID_7967486980814458;20;cognitive performance tests with patients with bipolar;bipolar disorder (rej);0.741;0;sem match válido;Qwen3-1.7B-QLoRA
ID_8047078292358267;1;b3lyp level;13c nmr spectral (rej);0.377;0;sem match válido;Qwen3-1.7B-QLoRA
ID_8047078292358267;2;crystal structure;crystal structure;1.000;1;match válido;Qwen3-1.7B-QLoRA
ID_8047078292358267;3;crystal structure and theoretical;crystal structure (rej);0.957;0;sem match válido;Qwen3-1.7B-QLoRA
ID_8047078292358267;4;endophytic fungus;tachigali myrmecophyla (rej);0.547;0;sem match válido;Qwen3-1.7B-QLoRA
ID_8047078292358267;5;endophytic fungus aspergillus;tachigali myrmecophyla (rej);0.508;0;sem match válido;Qwen3-1.7B-QLoRA
ID_8047078292358267;6;endophytic fungus pestalotiopsis;senna obtusifolia (rej);0.601;0;sem match válido;Qwen3-1.7B-QLoRA
ID_8047078292358267;7;endophytic fungus pestalotiopsis guepinii;senna obtusifolia (rej);0.613;0;sem match válido;Qwen3-1.7B-QLoRA
ID_8047078292358267;8;esteroidal alkaloids;coumarins and alkaloids;0.825;3;match válido;Qwen3-1.7B-QLoRA
ID_8047078292358267;9;esteroidal alkaloids from rhizophora;coumarins and alkaloids (rej);0.696;0;sem match válido;Qwen3-1.7B-QLoRA
ID_8047078292358267;10;esteroidal alkaloids from rhizophora cuneata;coumarins and alkaloids (rej);0.711;0;sem match válido;Qwen3-1.7B-QLoRA
ID_8047078292358267;11;esteroidal alkaloids from rhizophora mucronata;coumarins and alkaloids (rej);0.663;0;sem match válido;Qwen3-1.7B-QLoRA
ID_8047078292358267;12;estudos químicos;chemical substances;0.836;3;match válido;Qwen3-1.7B-QLoRA
ID_8047078292358267;13;extatos de folhas;leaves of derris;0.779;3;match válido;Qwen3-1.7B-QLoRA
ID_8047078292358267;14;flavonoides de deguelia;flavones from neoraputia (rej);0.810;0;sem match válido;Qwen3-1.7B-QLoRA
ID_8047078292358267;15;flavonoides de deguelia rufescens;flavones from neoraputia;0.827;2;match válido;Qwen3-1.7B-QLoRA
ID_8047078292358267;16;fungo endofitico pestalotiopsis;senna obtusifolia (rej);0.638;0;sem match válido;Qwen3-1.7B-QLoRA
ID_8047078292358267;17;hplc;naftoquinonas do caule (rej);0.392;0;sem match válido;Qwen3-1.7B-QLoRA
ID_8047078292358267;18;isolated from paspalum maritimum;senna obtusifolia (rej);0.597;0;sem match válido;Qwen3-1.7B-QLoRA
ID_8047078292358267;19;isolated from paspalum maritimum trin;triterpenoids isolated (rej);0.638;0;sem match válido;Qwen3-1.7B-QLoRA
ID_8047078292358267;20;limonoid 6-o-acetylswietephragmin;protolimonoid and lignans (rej);0.609;0;sem match válido;Qwen3-1.7B-QLoRA
ID_8049184468038869;1;cardiovascular autonomic dysfunction;cardiovascular autonomic dysfunction;1.000;3;match válido;Qwen3-1.7B-QLoRA
ID_8049184468038869;2;cardiovascular autonomic dysfunction in experimental;cardiovascular and autonomic;0.911;3;match válido;Qwen3-1.7B-QLoRA
ID_8049184468038869;3;cardiovascular autonomic dysfunction in rats;autonomic and myocardial;0.795;3;match válido;Qwen3-1.7B-QLoRA
ID_8049184468038869;4;cardiovascular autonomic modulation;cardiovascular autonomic control;0.906;3;match válido;Qwen3-1.7B-QLoRA
ID_8049184468038869;5;cardiovascular autonomic dysfunction in diabetes;cardiovascular autonomic dysfunction (rej);0.878;0;sem match válido;Qwen3-1.7B-QLoRA
ID_8049184468038869;6;cardiovascular autonomic dysfunction and oxidative;cardiovascular dysfunction;0.798;3;match válido;Qwen3-1.7B-QLoRA
ID_8049184468038869;7;cardiovascular autonomic dysfunction and oxidative stress;cardiovascular autonomic dysfunction (rej);0.838;0;sem match válido;Qwen3-1.7B-QLoRA
ID_8049184468038869;8;;;;;;Qwen3-1.7B-QLoRA
ID_8049184468038869;9;;;;;;Qwen3-1.7B-QLoRA
ID_8049184468038869;10;;;;;;Qwen3-1.7B-QLoRA
ID_8049184468038869;11;;;;;;Qwen3-1.7B-QLoRA
ID_8049184468038869;12;;;;;;Qwen3-1.7B-QLoRA
ID_8049184468038869;13;;;;;;Qwen3-1.7B-QLoRA
ID_8049184468038869;14;;;;;;Qwen3-1.7B-QLoRA
ID_8049184468038869;15;;;;;;Qwen3-1.7B-QLoRA
ID_8049184468038869;16;;;;;;Qwen3-1.7B-QLoRA
ID_8049184468038869;17;;;;;;Qwen3-1.7B-QLoRA
ID_8049184468038869;18;;;;;;Qwen3-1.7B-QLoRA
ID_8049184468038869;19;;;;;;Qwen3-1.7B-QLoRA
ID_8049184468038869;20;;;;;;Qwen3-1.7B-QLoRA
ID_8192385731123737;1;agitation during lipoplex;lipofection (rej);0.697;0;sem match válido;Qwen3-1.7B-QLoRA
ID_8192385731123737;2;agitation during siRNA-lipoplex;sirna-lipoplex preparation procedure (rej);0.715;0;sem match válido;Qwen3-1.7B-QLoRA
ID_8192385731123737;3;agitation during siRNA-lipoplex formation;sirna-lipoplex preparation procedure (rej);0.739;0;sem match válido;Qwen3-1.7B-QLoRA
ID_8192385731123737;4;agitation during siRNA-lipoplex preparation;sirna-lipoplex preparation procedure (rej);0.859;0;sem match válido;Qwen3-1.7B-QLoRA
ID_8192385731123737;5;agitation during siRNA-lipoplex preparation procedure;sirna-lipoplex preparation procedure;0.895;3;match válido;Qwen3-1.7B-QLoRA
ID_8192385731123737;6;;;;;;Qwen3-1.7B-QLoRA
ID_8192385731123737;7;;;;;;Qwen3-1.7B-QLoRA
ID_8192385731123737;8;;;;;;Qwen3-1.7B-QLoRA
ID_8192385731123737;9;;;;;;Qwen3-1.7B-QLoRA
ID_8192385731123737;10;;;;;;Qwen3-1.7B-QLoRA
ID_8192385731123737;11;;;;;;Qwen3-1.7B-QLoRA
ID_8192385731123737;12;;;;;;Qwen3-1.7B-QLoRA
ID_8192385731123737;13;;;;;;Qwen3-1.7B-QLoRA
ID_8192385731123737;14;;;;;;Qwen3-1.7B-QLoRA
ID_8192385731123737;15;;;;;;Qwen3-1.7B-QLoRA
ID_8192385731123737;16;;;;;;Qwen3-1.7B-QLoRA
ID_8192385731123737;17;;;;;;Qwen3-1.7B-QLoRA
ID_8192385731123737;18;;;;;;Qwen3-1.7B-QLoRA
ID_8192385731123737;19;;;;;;Qwen3-1.7B-QLoRA
ID_8192385731123737;20;;;;;;Qwen3-1.7B-QLoRA
ID_8209219651894646;1;atmosfera modificada;ozone (rej);0.656;0;sem match válido;Qwen3-1.7B-QLoRA
ID_8209219651894646;2;armazenamento;utilizando-se o extravasamento (rej);0.383;0;sem match válido;Qwen3-1.7B-QLoRA
ID_8209219651894646;3;armazenamento refrigerado;temperature (rej);0.424;0;sem match válido;Qwen3-1.7B-QLoRA
ID_8209219651894646;4;atmosfera modificada e ambiente;ozone (rej);0.661;0;sem match válido;Qwen3-1.7B-QLoRA
ID_8209219651894646;5;atmosfera modificada em frutas;ozone (rej);0.490;0;sem match válido;Qwen3-1.7B-QLoRA
ID_8209219651894646;6;atmosfera modificada para frutas;ozone (rej);0.481;0;sem match válido;Qwen3-1.7B-QLoRA
ID_8209219651894646;7;brazilian agribusiness;qualidade de alface (rej);0.413;0;sem match válido;Qwen3-1.7B-QLoRA
ID_8209219651894646;8;chemical composition;física e química (rej);0.679;0;sem match válido;Qwen3-1.7B-QLoRA
ID_8209219651894646;9;citrus;qualidade de alface (rej);0.562;0;sem match válido;Qwen3-1.7B-QLoRA
ID_8209219651894646;10;citrus juice;vitamin c (rej);0.456;0;sem match válido;Qwen3-1.7B-QLoRA
ID_8209219651894646;11;citrus pulp;qualidade de alface (rej);0.481;0;sem match válido;Qwen3-1.7B-QLoRA
ID_8209219651894646;12;citrus pulp juice;vitamin c (rej);0.393;0;sem match válido;Qwen3-1.7B-QLoRA
ID_8209219651894646;13;citrus pulp juice extract;vitamin c (rej);0.373;0;sem match válido;Qwen3-1.7B-QLoRA
ID_8209219651894646;14;citrus pulp juice extract and fruit;vitamin c (rej);0.392;0;sem match válido;Qwen3-1.7B-QLoRA
ID_8209219651894646;15;citrus pulp juice extract and fruit pulp;qualidade de alface (rej);0.385;0;sem match válido;Qwen3-1.7B-QLoRA
ID_8209219651894646;16;citrus pulp juice extract and fruit pulp juice;vitamin c (rej);0.366;0;sem match válido;Qwen3-1.7B-QLoRA
ID_8209219651894646;17;citrus pulp juice extract and fruit pulp juice extract;qualidade de alface (rej);0.379;0;sem match válido;Qwen3-1.7B-QLoRA
ID_8209219651894646;18;;;;;;Qwen3-1.7B-QLoRA
ID_8209219651894646;19;;;;;;Qwen3-1.7B-QLoRA
ID_8209219651894646;20;;;;;;Qwen3-1.7B-QLoRA
ID_8237569228020224;1;bacterial class i prs proteins;phosphopentomutases in archaeobacteria (rej);0.637;0;sem match válido;Qwen3-1.7B-QLoRA
ID_8237569228020224;2;class i prs;vitro segmentation induction (rej);0.203;0;sem match válido;Qwen3-1.7B-QLoRA
ID_8237569228020224;3;class i prs proteins;peptide-nucleic acid aggregates (rej);0.556;0;sem match válido;Qwen3-1.7B-QLoRA
ID_8237569228020224;4;dihydroneopterinaldolase;tetrathyridia development (rej);0.541;0;sem match válido;Qwen3-1.7B-QLoRA
ID_8237569228020224;5;dihydroneopterinaldolase from mycobacterium;phosphopentomutases in archaeobacteria (rej);0.580;0;sem match válido;Qwen3-1.7B-QLoRA
ID_8237569228020224;6;dna;mesocestoides corti (rej);0.242;0;sem match válido;Qwen3-1.7B-QLoRA
ID_8237569228020224;7;dna unzipping;reversible tegumental damage (rej);0.271;0;sem match válido;Qwen3-1.7B-QLoRA
ID_8237569228020224;8;dna unzipping forces;kinetic mechanism (rej);0.390;0;sem match válido;Qwen3-1.7B-QLoRA
ID_8237569228020224;9;dna unzipping with optical;vitro segmentation induction (rej);0.388;0;sem match válido;Qwen3-1.7B-QLoRA
ID_8237569228020224;10;human thymidine phosphorylase;tetrathyridia development (rej);0.571;0;sem match válido;Qwen3-1.7B-QLoRA
ID_8237569228020224;11;in vitro segmentation induction;vitro segmentation induction;0.989;3;match válido;Qwen3-1.7B-QLoRA
ID_8237569228020224;12;kinetic mechanism;kinetic mechanism;1.000;2;match válido;Qwen3-1.7B-QLoRA
ID_8237569228020224;13;kinetic mechanism of human;kinetic mechanism (rej);0.884;0;sem match válido;Qwen3-1.7B-QLoRA
ID_8237569228020224;14;kinetic studies;kinetic mechanism (rej);0.880;0;sem match válido;Qwen3-1.7B-QLoRA
ID_8237569228020224;15;kinetic steps;kinetic mechanism (rej);0.708;0;sem match válido;Qwen3-1.7B-QLoRA
ID_8237569228020224;16;kinetic steps of such;kinetic mechanism (rej);0.784;0;sem match válido;Qwen3-1.7B-QLoRA
ID_8237569228020224;17;kinetic steps of such interactions;kinetic mechanism (rej);0.794;0;sem match válido;Qwen3-1.7B-QLoRA
ID_8237569228020224;18;kinetic studies revealed;kinetic mechanism (rej);0.829;0;sem match válido;Qwen3-1.7B-QLoRA
ID_8237569228020224;19;;;;;;Qwen3-1.7B-QLoRA
ID_8237569228020224;20;;;;;;Qwen3-1.7B-QLoRA
ID_8241999499678979;1;carbon stocks;carbon;0.819;3;match válido;Qwen3-1.7B-QLoRA
ID_8241999499678979;2;carbon and nitrogen;carbon and nitrogen;1.000;3;match válido;Qwen3-1.7B-QLoRA
ID_8241999499678979;3;carbon and nitrogen stocks;carbon and nitrogen (rej);0.909;0;sem match válido;Qwen3-1.7B-QLoRA
ID_8241999499678979;4;carbon stocks and nitrogen;variability of carbon-nitrogen;0.786;3;match válido;Qwen3-1.7B-QLoRA
ID_8241999499678979;5;carbon stocks and nitrogen stocks;carbon and nitrogen (rej);0.842;0;sem match válido;Qwen3-1.7B-QLoRA
ID_8241999499678979;6;carbon stocks and nitrogen stocks changes;carbon and nitrogen (rej);0.817;0;sem match válido;Qwen3-1.7B-QLoRA
ID_8241999499678979;7;carbon stocks and nitrogen stocks in tropical;carbon and nitrogen (rej);0.701;0;sem match válido;Qwen3-1.7B-QLoRA
ID_8241999499678979;8;carbon stocks and nitrogen stocks in tropical forests;tropical forest (rej);0.692;0;sem match válido;Qwen3-1.7B-QLoRA
ID_8241999499678979;9;carbon stocks and nitrogen stocks in tropical rain;carbon and nitrogen (rej);0.659;0;sem match válido;Qwen3-1.7B-QLoRA
ID_8241999499678979;10;carbon stocks and nitrogen stocks in tropical rainforest;tropical forest (rej);0.709;0;sem match válido;Qwen3-1.7B-QLoRA
ID_8241999499678979;11;carbon stocks and nitrogen stocks in tropical rainforests;tropical forest (rej);0.697;0;sem match válido;Qwen3-1.7B-QLoRA
ID_8241999499678979;12;carbon stocks and nitrogen stocks in tropical rainforest trees;tropical forest (rej);0.713;0;sem match válido;Qwen3-1.7B-QLoRA
ID_8241999499678979;13;carbon stocks and nitrogen stocks in tropical rainforest trees and;tropical forest (rej);0.708;0;sem match válido;Qwen3-1.7B-QLoRA
ID_8241999499678979;14;carbon stocks and nitrogen stocks in tropical rainforest trees and plants;tropical forest (rej);0.669;0;sem match válido;Qwen3-1.7B-QLoRA
ID_8241999499678979;15;;;;;;Qwen3-1.7B-QLoRA
ID_8241999499678979;16;;;;;;Qwen3-1.7B-QLoRA
ID_8241999499678979;17;;;;;;Qwen3-1.7B-QLoRA
ID_8241999499678979;18;;;;;;Qwen3-1.7B-QLoRA
ID_8241999499678979;19;;;;;;Qwen3-1.7B-QLoRA
ID_8241999499678979;20;;;;;;Qwen3-1.7B-QLoRA
ID_8391627429679768;1;coral reefs;coral reefs;1.000;3;match válido;Qwen3-1.7B-QLoRA
ID_8391627429679768;2;coral reefs in brazil;reef corals;0.887;3;match válido;Qwen3-1.7B-QLoRA
ID_8391627429679768;3;coral reef;coral reef;1.000;3;match válido;Qwen3-1.7B-QLoRA
ID_8391627429679768;4;coral reef communities;recifes de corais;0.911;3;match válido;Qwen3-1.7B-QLoRA
ID_8391627429679768;5;coral reef monitoring;recifes em franja;0.813;3;match válido;Qwen3-1.7B-QLoRA
ID_8391627429679768;6;coral species composition;stony corals;0.838;3;match válido;Qwen3-1.7B-QLoRA
ID_8391627429679768;7;coral species diversity;coral species;0.952;3;match válido;Qwen3-1.7B-QLoRA
ID_8391627429679768;8;coral species diversity and distribution;reef coral mussismilia;0.791;3;match válido;Qwen3-1.7B-QLoRA
ID_8391627429679768;9;coral species diversity and distribution patterns;coral species (rej);0.910;0;sem match válido;Qwen3-1.7B-QLoRA
ID_8391627429679768;10;coral species diversity and distribution patterns of benthic cnidarians;coral species (rej);0.830;0;sem match válido;Qwen3-1.7B-QLoRA
ID_8391627429679768;11;coral species diversity and distribution patterns of benthic cnidarians from the Fernando;coral species (rej);0.807;0;sem match válido;Qwen3-1.7B-QLoRA
ID_8391627429679768;12;coral species diversity and distribution patterns of benthic cnidarians from the fernando;coral species (rej);0.816;0;sem match válido;Qwen3-1.7B-QLoRA
ID_8391627429679768;13;coral species diversity and distribution patterns of benthic cnidarians from the fernando de noronha;coral species (rej);0.803;0;sem match válido;Qwen3-1.7B-QLoRA
ID_8391627429679768;14;;;;;;Qwen3-1.7B-QLoRA
ID_8391627429679768;15;;;;;;Qwen3-1.7B-QLoRA
ID_8391627429679768;16;;;;;;Qwen3-1.7B-QLoRA
ID_8391627429679768;17;;;;;;Qwen3-1.7B-QLoRA
ID_8391627429679768;18;;;;;;Qwen3-1.7B-QLoRA
ID_8391627429679768;19;;;;;;Qwen3-1.7B-QLoRA
ID_8391627429679768;20;;;;;;Qwen3-1.7B-QLoRA
ID_8457699943400994;1;anovulation;estudo de coorte (rej);0.615;0;sem match válido;Qwen3-1.7B-QLoRA
ID_8457699943400994;2;brazilian women;post-menopausal women (rej);0.461;0;sem match válido;Qwen3-1.7B-QLoRA
ID_8457699943400994;3;central obesity;body mass index (rej);0.615;0;sem match válido;Qwen3-1.7B-QLoRA
ID_8457699943400994;4;central obesity measured;body mass index (rej);0.667;0;sem match válido;Qwen3-1.7B-QLoRA
ID_8457699943400994;5;central obesity measured using;body mass index (rej);0.670;0;sem match válido;Qwen3-1.7B-QLoRA
ID_8457699943400994;6;central obesity and menopause;mulheres hipertensas (rej);0.715;0;sem match válido;Qwen3-1.7B-QLoRA
ID_8457699943400994;7;central obesity and obesity;body mass index (rej);0.618;0;sem match válido;Qwen3-1.7B-QLoRA
ID_8457699943400994;8;central obesity and weight;body mass index (rej);0.668;0;sem match válido;Qwen3-1.7B-QLoRA
ID_8457699943400994;9;central obesity and waist;waist circumference (rej);0.644;0;sem match válido;Qwen3-1.7B-QLoRA
ID_8457699943400994;10;central obesity and waist-to-hip;mulheres hipertensas (rej);0.645;0;sem match válido;Qwen3-1.7B-QLoRA
ID_8457699943400994;11;central obesity and waist-to-hip ratio;mulheres hipertensas (rej);0.609;0;sem match válido;Qwen3-1.7B-QLoRA
ID_8457699943400994;12;central obesity and waist-to-hip ratio, waist circumference;waist circumference (rej);0.748;0;sem match válido;Qwen3-1.7B-QLoRA
ID_8457699943400994;13;central obesity and waist-to-hip ratio, waist-to-hip ratio, waist circumference;waist circumference (rej);0.681;0;sem match válido;Qwen3-1.7B-QLoRA
ID_8457699943400994;14;central obesity and waist-to-hip ratio, waist-to-hip ratio;body mass index (rej);0.622;0;sem match válido;Qwen3-1.7B-QLoRA
ID_8457699943400994;15;;;;;;Qwen3-1.7B-QLoRA
ID_8457699943400994;16;;;;;;Qwen3-1.7B-QLoRA
ID_8457699943400994;17;;;;;;Qwen3-1.7B-QLoRA
ID_8457699943400994;18;;;;;;Qwen3-1.7B-QLoRA
ID_8457699943400994;19;;;;;;Qwen3-1.7B-QLoRA
ID_8457699943400994;20;;;;;;Qwen3-1.7B-QLoRA
ID_8479803539567479;1;dna fragmentation;dna fragmentation;1.000;1;match válido;Qwen3-1.7B-QLoRA
ID_8479803539567479;2;dna integrity;dna damage (rej);0.458;0;sem match válido;Qwen3-1.7B-QLoRA
ID_8479803539567479;3;mitochondrial activity;mitochondria/metabolism;0.916;1;match válido;Qwen3-1.7B-QLoRA
ID_8479803539567479;4;sperm;aspects of sperm;0.924;1;match válido;Qwen3-1.7B-QLoRA
ID_8479803539567479;5;sperm dna;sperm apoptotic dna;0.815;3;match válido;Qwen3-1.7B-QLoRA
ID_8479803539567479;6;sperm dna integrity;sperm dna integrity;1.000;3;match válido;Qwen3-1.7B-QLoRA
ID_8479803539567479;7;sperm DNA fragmentation;sperm dna fragmentation;0.939;3;match válido;Qwen3-1.7B-QLoRA
ID_8479803539567479;8;sperm mitochondrial activity;sperm nuclear dna (rej);0.773;0;sem match válido;Qwen3-1.7B-QLoRA
ID_8479803539567479;9;sperm nuclear dna fragmentation;sperm dna fragmentation (rej);0.925;0;sem match válido;Qwen3-1.7B-QLoRA
ID_8479803539567479;10;sperm nuclear DNA;sperm nuclear dna (rej);0.932;0;sem match válido;Qwen3-1.7B-QLoRA
ID_8479803539567479;11;sperm nuclear DNA fragmentation;sperm nuclear dna (rej);0.872;0;sem match válido;Qwen3-1.7B-QLoRA
ID_8479803539567479;12;sperm nuclear dna;sperm nuclear dna;1.000;3;match válido;Qwen3-1.7B-QLoRA
ID_8479803539567479;13;sperm quality;semen quality;0.795;3;match válido;Qwen3-1.7B-QLoRA
ID_8479803539567479;14;sperm retrieval;aspects of sperm (rej);0.856;0;sem match válido;Qwen3-1.7B-QLoRA
ID_8479803539567479;15;sperm retrieval through electroejaculation;aspects of sperm (rej);0.749;0;sem match válido;Qwen3-1.7B-QLoRA
ID_8479803539567479;16;sperm retrieval through penile vibratory;aspects of sperm (rej);0.751;0;sem match válido;Qwen3-1.7B-QLoRA
ID_8479803539567479;17;sperm retrieval through penile vibratory stimulation;aspects of sperm (rej);0.723;0;sem match válido;Qwen3-1.7B-QLoRA
ID_8479803539567479;18;sperm retrieval through sperm cryopreservation;sperm cryopreservation;0.944;3;match válido;Qwen3-1.7B-QLoRA
ID_8479803539567479;19;;;;;;Qwen3-1.7B-QLoRA
ID_8479803539567479;20;;;;;;Qwen3-1.7B-QLoRA
ID_8496716957724133;1;bpm 37093;pg 1159 (rej);0.560;0;sem match válido;Qwen3-1.7B-QLoRA
ID_8496716957724133;2;crystallization;dense matter (rej);0.419;0;sem match válido;Qwen3-1.7B-QLoRA
ID_8496716957724133;3;crystallized mass fraction;dense matter (rej);0.562;0;sem match válido;Qwen3-1.7B-QLoRA
ID_8496716957724133;4;hydrogen atmosphere white dwarf;atmosphere white dwarf;0.887;3;match válido;Qwen3-1.7B-QLoRA
ID_8496716957724133;5;hydrogen atmosphere white dwarf stars;white dwarf stars (rej);0.849;0;sem match válido;Qwen3-1.7B-QLoRA
ID_8496716957724133;6;hydrogen atmosphere white dwarfs;atmosphere white dwarf (rej);0.875;0;sem match válido;Qwen3-1.7B-QLoRA
ID_8496716957724133;7;massive pulsating hydrogen;stellar mass (rej);0.635;0;sem match válido;Qwen3-1.7B-QLoRA
ID_8496716957724133;8;massive pulsating hydrogen atmosphere;stellar mass (rej);0.662;0;sem match válido;Qwen3-1.7B-QLoRA
ID_8496716957724133;9;mode trapping;mode identification (rej);0.742;0;sem match válido;Qwen3-1.7B-QLoRA
ID_8496716957724133;10;pulsating white dwarf;pulsating white dwarf;1.000;3;match válido;Qwen3-1.7B-QLoRA
ID_8496716957724133;11;pulsating white dwarf star;stars: white dwarfs;0.919;3;match válido;Qwen3-1.7B-QLoRA
ID_8496716957724133;12;pulsating white dwarf stars;white dwarf stars;0.947;2;match válido;Qwen3-1.7B-QLoRA
ID_8496716957724133;13;pulsation;nonradial g-mode pulsations (rej);0.715;0;sem match válido;Qwen3-1.7B-QLoRA
ID_8496716957724133;14;pulsation properties;nonradial g-mode pulsations (rej);0.701;0;sem match válido;Qwen3-1.7B-QLoRA
ID_8496716957724133;15;pulsation periods;nonradial g-mode pulsations (rej);0.707;0;sem match válido;Qwen3-1.7B-QLoRA
ID_8496716957724133;16;pulsating white dwarfs;white dwarf;0.830;3;match válido;Qwen3-1.7B-QLoRA
ID_8496716957724133;17;pulsators: general;nonradial g-mode pulsations;0.770;3;match válido;Qwen3-1.7B-QLoRA
ID_8496716957724133;18;pulsators: hydrogen atmosphere;stellar mass (rej);0.594;0;sem match válido;Qwen3-1.7B-QLoRA
ID_8496716957724133;19;pulsators: instability;nonradial g-mode pulsations (rej);0.704;0;sem match válido;Qwen3-1.7B-QLoRA
ID_8496716957724133;20;pulsators: individual;nonradial g-mode pulsations (rej);0.654;0;sem match válido;Qwen3-1.7B-QLoRA
ID_8586805521593519;1;amazon craton;amazon craton;1.000;3;match válido;Qwen3-1.7B-QLoRA
ID_8586805521593519;2;amazon craton geology;amazon craton (rej);0.795;0;sem match válido;Qwen3-1.7B-QLoRA
ID_8586805521593519;3;amazon craton history;amazon craton (rej);0.901;0;sem match válido;Qwen3-1.7B-QLoRA
ID_8586805521593519;4;amazon craton magmatism;amazon craton (rej);0.767;0;sem match válido;Qwen3-1.7B-QLoRA
ID_8586805521593519;5;amazon craton metamorphism;amazon craton (rej);0.825;0;sem match válido;Qwen3-1.7B-QLoRA
ID_8586805521593519;6;amazon craton magmatic;amazon craton (rej);0.771;0;sem match válido;Qwen3-1.7B-QLoRA
ID_8586805521593519;7;amazon craton magmatic evolution;amazon craton (rej);0.705;0;sem match válido;Qwen3-1.7B-QLoRA
ID_8586805521593519;8;amazon craton metamorphic;amazon craton (rej);0.841;0;sem match válido;Qwen3-1.7B-QLoRA
ID_8586805521593519;9;amazon craton metamorphic history;amazon craton (rej);0.840;0;sem match válido;Qwen3-1.7B-QLoRA
ID_8586805521593519;10;amazon craton metamorphism and magmatism;neoproterozoic magmatism (rej);0.738;0;sem match válido;Qwen3-1.7B-QLoRA
ID_8586805521593519;11;amazon craton metamorphism and metamorphism;amazon craton (rej);0.777;0;sem match válido;Qwen3-1.7B-QLoRA
ID_8586805521593519;12;amazon craton metamorphism and metamorphic;amazon craton (rej);0.774;0;sem match válido;Qwen3-1.7B-QLoRA
ID_8586805521593519;13;;;;;;Qwen3-1.7B-QLoRA
ID_8586805521593519;14;;;;;;Qwen3-1.7B-QLoRA
ID_8586805521593519;15;;;;;;Qwen3-1.7B-QLoRA
ID_8586805521593519;16;;;;;;Qwen3-1.7B-QLoRA
ID_8586805521593519;17;;;;;;Qwen3-1.7B-QLoRA
ID_8586805521593519;18;;;;;;Qwen3-1.7B-QLoRA
ID_8586805521593519;19;;;;;;Qwen3-1.7B-QLoRA
ID_8586805521593519;20;;;;;;Qwen3-1.7B-QLoRA
ID_8647270006257055;1;albedo;cobertura da terra (rej);0.505;0;sem match válido;Qwen3-1.7B-QLoRA
ID_8647270006257055;2;brazilian savanna;brazilian savanna;1.000;3;match válido;Qwen3-1.7B-QLoRA
ID_8647270006257055;3;cerrado;cerrado biome (rej);0.517;0;sem match válido;Qwen3-1.7B-QLoRA
ID_8647270006257055;4;cerrado biome;cerrado biome;1.000;3;match válido;Qwen3-1.7B-QLoRA
ID_8647270006257055;5;crescimento de vegetação;índices de vegetação;0.792;2;match válido;Qwen3-1.7B-QLoRA
ID_8647270006257055;6;crescimento vegetal;índices de vegetação (rej);0.722;0;sem match válido;Qwen3-1.7B-QLoRA
ID_8647270006257055;7;elevation;cobertura da terra (rej);0.654;0;sem match válido;Qwen3-1.7B-QLoRA
ID_8647270006257055;8;elevation data;cobertura da terra (rej);0.588;0;sem match válido;Qwen3-1.7B-QLoRA
ID_8647270006257055;9;evi;ndvi and evi (rej);0.707;0;sem match válido;Qwen3-1.7B-QLoRA
ID_8647270006257055;10;evi images;ndvi and evi (rej);0.614;0;sem match válido;Qwen3-1.7B-QLoRA
ID_8647270006257055;11;evi performance;ndvi and evi (rej);0.562;0;sem match válido;Qwen3-1.7B-QLoRA
ID_8647270006257055;12;evi performance evaluation;ndvi and evi (rej);0.522;0;sem match válido;Qwen3-1.7B-QLoRA
ID_8647270006257055;13;evi performance indices;ndvi and evi (rej);0.500;0;sem match válido;Qwen3-1.7B-QLoRA
ID_8647270006257055;14;evi performance metrics;ndvi and evi (rej);0.454;0;sem match válido;Qwen3-1.7B-QLoRA
ID_8647270006257055;15;evi performance metrics and metrics;ndvi and evi (rej);0.517;0;sem match válido;Qwen3-1.7B-QLoRA
ID_8647270006257055;16;evi performance results;ndvi and evi (rej);0.542;0;sem match válido;Qwen3-1.7B-QLoRA
ID_8647270006257055;17;evi performance results and metrics;ndvi and evi (rej);0.515;0;sem match válido;Qwen3-1.7B-QLoRA
ID_8647270006257055;18;evi performance results and results;ndvi and evi (rej);0.592;0;sem match válido;Qwen3-1.7B-QLoRA
ID_8647270006257055;19;;;;;;Qwen3-1.7B-QLoRA
ID_8647270006257055;20;;;;;;Qwen3-1.7B-QLoRA
ID_8659496864305621;1;biosensor;potentiometric sensor (rej);0.624;0;sem match válido;Qwen3-1.7B-QLoRA
ID_8659496864305621;2;biosensors;potentiometric sensor (rej);0.638;0;sem match válido;Qwen3-1.7B-QLoRA
ID_8659496864305621;3;determination;cathodic pretreatment (rej);0.459;0;sem match válido;Qwen3-1.7B-QLoRA
ID_8659496864305621;4;determination of lead;tungsten oxide (rej);0.528;0;sem match válido;Qwen3-1.7B-QLoRA
ID_8659496864305621;5;electrochemical flow cell;electrochromic properties (rej);0.710;0;sem match válido;Qwen3-1.7B-QLoRA
ID_8659496864305621;6;electrochemical flow cells;electrochromic properties (rej);0.706;0;sem match válido;Qwen3-1.7B-QLoRA
ID_8659496864305621;7;electrochemical methods;electrochromic properties;0.844;2;match válido;Qwen3-1.7B-QLoRA
ID_8659496864305621;8;electrochemical microfluidic;electrochromic properties (rej);0.698;0;sem match válido;Qwen3-1.7B-QLoRA
ID_8659496864305621;9;electrochemical methods for determination;electrochemical detection;0.917;3;match válido;Qwen3-1.7B-QLoRA
ID_8659496864305621;10;electrochemical sensor;electrochemical detection (rej);0.885;0;sem match válido;Qwen3-1.7B-QLoRA
ID_8659496864305621;11;electrochemical sensors;electrochemical detection (rej);0.882;0;sem match válido;Qwen3-1.7B-QLoRA
ID_8659496864305621;12;electrochemical sensor design;electrochemical detection (rej);0.834;0;sem match válido;Qwen3-1.7B-QLoRA
ID_8659496864305621;13;electrochemical sensor design and application;electrochemical detection (rej);0.846;0;sem match válido;Qwen3-1.7B-QLoRA
ID_8659496864305621;14;electrochemical sensors for determination;electrochemical detection (rej);0.910;0;sem match válido;Qwen3-1.7B-QLoRA
ID_8659496864305621;15;electrochemical sensors for determination of lead;electrochemical detection (rej);0.775;0;sem match válido;Qwen3-1.7B-QLoRA
ID_8659496864305621;16;flow cell;xylella fastidiosa recombinant (rej);0.360;0;sem match válido;Qwen3-1.7B-QLoRA
ID_8659496864305621;17;flow cell design;conducting polymer (rej);0.365;0;sem match válido;Qwen3-1.7B-QLoRA
ID_8659496864305621;18;flow cell design and application;conducting polymer (rej);0.384;0;sem match válido;Qwen3-1.7B-QLoRA
ID_8659496864305621;19;flow cells;electrochromism (rej);0.376;0;sem match válido;Qwen3-1.7B-QLoRA
ID_8659496864305621;20;flow-injection;conducting polymer (rej);0.395;0;sem match válido;Qwen3-1.7B-QLoRA
ID_8696858608013659;1;atmospheric boundary layer;atmospheric boundary layer;1.000;3;match válido;Qwen3-1.7B-QLoRA
ID_8696858608013659;2;atmospheric boundary layer adjustment;atmospheric boundary layer (rej);0.911;0;sem match válido;Qwen3-1.7B-QLoRA
ID_8696858608013659;3;atmospheric boundary layer models;atmospheric boundary layer (rej);0.927;0;sem match válido;Qwen3-1.7B-QLoRA
ID_8696858608013659;4;atmospheric boundary layer physics;atmospheric boundary layer (rej);0.936;0;sem match válido;Qwen3-1.7B-QLoRA
ID_8696858608013659;5;atmospheric boundary layer structure;atmospheric boundary layer (rej);0.972;0;sem match válido;Qwen3-1.7B-QLoRA
ID_8696858608013659;6;atmospheric boundary layer theory;atmospheric boundary layer (rej);0.955;0;sem match válido;Qwen3-1.7B-QLoRA
ID_8696858608013659;7;atmospheric boundary layer turbulence;turbulence;0.887;3;match válido;Qwen3-1.7B-QLoRA
ID_8696858608013659;8;atmospheric boundary layer wind;atmospheric boundary layer (rej);0.853;0;sem match válido;Qwen3-1.7B-QLoRA
ID_8696858608013659;9;atmospheric boundary layer wind profile;atmospheric boundary layer (rej);0.831;0;sem match válido;Qwen3-1.7B-QLoRA
ID_8696858608013659;10;atmospheric boundary layer wind profiles;atmospheric boundary layer (rej);0.822;0;sem match válido;Qwen3-1.7B-QLoRA
ID_8696858608013659;11;atmospheric boundary layer adjustment process;atmospheric boundary layer (rej);0.865;0;sem match válido;Qwen3-1.7B-QLoRA
ID_8696858608013659;12;atmospheric boundary layer modeling;atmospheric boundary layer (rej);0.912;0;sem match válido;Qwen3-1.7B-QLoRA
ID_8696858608013659;13;;;;;;Qwen3-1.7B-QLoRA
ID_8696858608013659;14;;;;;;Qwen3-1.7B-QLoRA
ID_8696858608013659;15;;;;;;Qwen3-1.7B-QLoRA
ID_8696858608013659;16;;;;;;Qwen3-1.7B-QLoRA
ID_8696858608013659;17;;;;;;Qwen3-1.7B-QLoRA
ID_8696858608013659;18;;;;;;Qwen3-1.7B-QLoRA
ID_8696858608013659;19;;;;;;Qwen3-1.7B-QLoRA
ID_8696858608013659;20;;;;;;Qwen3-1.7B-QLoRA
ID_8703127071027272;1;ab initio calculation;first-principles calculations (rej);0.589;0;sem match válido;Qwen3-1.7B-QLoRA
ID_8703127071027272;2;ab initio calculations;first-principles calculations (rej);0.601;0;sem match válido;Qwen3-1.7B-QLoRA
ID_8703127071027272;3;ab initio calculations of the electronic;electronic structure (rej);0.649;0;sem match válido;Qwen3-1.7B-QLoRA
ID_8703127071027272;4;ab initio calculations of the electronic properties;electronic properties;0.772;3;match válido;Qwen3-1.7B-QLoRA
ID_8703127071027272;5;ab initio calculations of the electronic structure;electronic structures;0.755;3;match válido;Qwen3-1.7B-QLoRA
ID_8703127071027272;6;ab initio calculation of the electronic structure;electronic structure (rej);0.783;0;sem match válido;Qwen3-1.7B-QLoRA
ID_8703127071027272;7;ab initio calculations of the electronic structure and;electronic structure (rej);0.782;0;sem match válido;Qwen3-1.7B-QLoRA
ID_8703127071027272;8;ab initio calculation of the electronic;electronic structure (rej);0.650;0;sem match válido;Qwen3-1.7B-QLoRA
ID_8703127071027272;9;ab initio calculation of the electronic structure and;electronic structure;0.785;3;match válido;Qwen3-1.7B-QLoRA
ID_8703127071027272;10;ab initio calculation of the effective;first-principles calculations (rej);0.579;0;sem match válido;Qwen3-1.7B-QLoRA
ID_8703127071027272;11;;;;;;Qwen3-1.7B-QLoRA
ID_8703127071027272;12;;;;;;Qwen3-1.7B-QLoRA
ID_8703127071027272;13;;;;;;Qwen3-1.7B-QLoRA
ID_8703127071027272;14;;;;;;Qwen3-1.7B-QLoRA
ID_8703127071027272;15;;;;;;Qwen3-1.7B-QLoRA
ID_8703127071027272;16;;;;;;Qwen3-1.7B-QLoRA
ID_8703127071027272;17;;;;;;Qwen3-1.7B-QLoRA
ID_8703127071027272;18;;;;;;Qwen3-1.7B-QLoRA
ID_8703127071027272;19;;;;;;Qwen3-1.7B-QLoRA
ID_8703127071027272;20;;;;;;Qwen3-1.7B-QLoRA
ID_8884890472193474;1;entanglement;entanglement;1.000;3;match válido;Qwen3-1.7B-QLoRA
ID_8884890472193474;2;entanglement of formation;entanglement (rej);0.807;0;sem match válido;Qwen3-1.7B-QLoRA
ID_8884890472193474;3;entanglement sudden death;sudden death;0.756;2;match válido;Qwen3-1.7B-QLoRA
ID_8884890472193474;4;entanglement sudden death of entanglement;entanglement (rej);0.780;0;sem match válido;Qwen3-1.7B-QLoRA
ID_8884890472193474;5;entanglement sudden death of entanglement and quantum;entanglement (rej);0.720;0;sem match válido;Qwen3-1.7B-QLoRA
ID_8884890472193474;6;entanglement sudden death of entanglement and quantum discord;quantum discord (rej);0.746;0;sem match válido;Qwen3-1.7B-QLoRA
ID_8884890472193474;7;entanglement sudden death of entanglement and quantum defect;entanglement (rej);0.701;0;sem match válido;Qwen3-1.7B-QLoRA
ID_8884890472193474;8;;;;;;Qwen3-1.7B-QLoRA
ID_8884890472193474;9;;;;;;Qwen3-1.7B-QLoRA
ID_8884890472193474;10;;;;;;Qwen3-1.7B-QLoRA
ID_8884890472193474;11;;;;;;Qwen3-1.7B-QLoRA
ID_8884890472193474;12;;;;;;Qwen3-1.7B-QLoRA
ID_8884890472193474;13;;;;;;Qwen3-1.7B-QLoRA
ID_8884890472193474;14;;;;;;Qwen3-1.7B-QLoRA
ID_8884890472193474;15;;;;;;Qwen3-1.7B-QLoRA
ID_8884890472193474;16;;;;;;Qwen3-1.7B-QLoRA
ID_8884890472193474;17;;;;;;Qwen3-1.7B-QLoRA
ID_8884890472193474;18;;;;;;Qwen3-1.7B-QLoRA
ID_8884890472193474;19;;;;;;Qwen3-1.7B-QLoRA
ID_8884890472193474;20;;;;;;Qwen3-1.7B-QLoRA
ID_8970751075617926;1;acute leukemia;acute lymphoblastic leukemia (rej);0.896;0;sem match válido;Qwen3-1.7B-QLoRA
ID_8970751075617926;2;acute lymphoblastic leukemia;acute lymphoblastic leukemia;1.000;3;match válido;Qwen3-1.7B-QLoRA
ID_8970751075617926;3;acute myeloid leukemia;acute myeloid leukemia;1.000;3;match válido;Qwen3-1.7B-QLoRA
ID_8970751075617926;4;acute myeloid leukemia m5;chronic myeloid leukemia;0.894;3;match válido;Qwen3-1.7B-QLoRA
ID_8970751075617926;5;acute promyelocytic leukemia;acute myeloid leukemia (rej);0.799;0;sem match válido;Qwen3-1.7B-QLoRA
ID_8970751075617926;6;acute promyelocytic leukemia fab;acute myeloid leukemia (rej);0.767;0;sem match válido;Qwen3-1.7B-QLoRA
ID_8970751075617926;7;acute promyelocytic leukemia f;acute myeloid leukemia (rej);0.775;0;sem match válido;Qwen3-1.7B-QLoRA
ID_8970751075617926;8;;;;;;Qwen3-1.7B-QLoRA
ID_8970751075617926;9;;;;;;Qwen3-1.7B-QLoRA
ID_8970751075617926;10;;;;;;Qwen3-1.7B-QLoRA
ID_8970751075617926;11;;;;;;Qwen3-1.7B-QLoRA
ID_8970751075617926;12;;;;;;Qwen3-1.7B-QLoRA
ID_8970751075617926;13;;;;;;Qwen3-1.7B-QLoRA
ID_8970751075617926;14;;;;;;Qwen3-1.7B-QLoRA
ID_8970751075617926;15;;;;;;Qwen3-1.7B-QLoRA
ID_8970751075617926;16;;;;;;Qwen3-1.7B-QLoRA
ID_8970751075617926;17;;;;;;Qwen3-1.7B-QLoRA
ID_8970751075617926;18;;;;;;Qwen3-1.7B-QLoRA
ID_8970751075617926;19;;;;;;Qwen3-1.7B-QLoRA
ID_8970751075617926;20;;;;;;Qwen3-1.7B-QLoRA
ID_9092587237114334;1;contact map matching;residue contacts (rej);0.459;0;sem match válido;Qwen3-1.7B-QLoRA
ID_9092587237114334;2;protein family structural classification;protein structural (rej);0.841;0;sem match válido;Qwen3-1.7B-QLoRA
ID_9092587237114334;3;protein family structural classification based;protein structural (rej);0.808;0;sem match válido;Qwen3-1.7B-QLoRA
ID_9092587237114334;4;protein family structural signatures;protein structural (rej);0.832;0;sem match válido;Qwen3-1.7B-QLoRA
ID_9092587237114334;5;protein-protein interaction patterns;protein structural (rej);0.828;0;sem match válido;Qwen3-1.7B-QLoRA
ID_9092587237114334;6;protein structural comparison;protein structural;0.918;1;match válido;Qwen3-1.7B-QLoRA
ID_9092587237114334;7;protein structural comparison and classification;protein structural (rej);0.899;0;sem match válido;Qwen3-1.7B-QLoRA
ID_9092587237114334;8;protein structural similarity;protein structure similarity (rej);0.980;0;sem match válido;Qwen3-1.7B-QLoRA
ID_9092587237114334;9;protein structural similarity analysis;protein structure similarity (rej);0.939;0;sem match válido;Qwen3-1.7B-QLoRA
ID_9092587237114334;10;protein structural similarity analysis method;protein structure similarity (rej);0.892;0;sem match válido;Qwen3-1.7B-QLoRA
ID_9092587237114334;11;protein structure similarity;protein structure similarity;1.000;3;match válido;Qwen3-1.7B-QLoRA
ID_9092587237114334;12;protein structure similarity analysis;protein structure similarity (rej);0.963;0;sem match válido;Qwen3-1.7B-QLoRA
ID_9092587237114334;13;protein structure similarity analysis method;protein structure similarity (rej);0.921;0;sem match válido;Qwen3-1.7B-QLoRA
ID_9092587237114334;14;;;;;;Qwen3-1.7B-QLoRA
ID_9092587237114334;15;;;;;;Qwen3-1.7B-QLoRA
ID_9092587237114334;16;;;;;;Qwen3-1.7B-QLoRA
ID_9092587237114334;17;;;;;;Qwen3-1.7B-QLoRA
ID_9092587237114334;18;;;;;;Qwen3-1.7B-QLoRA
ID_9092587237114334;19;;;;;;Qwen3-1.7B-QLoRA
ID_9092587237114334;20;;;;;;Qwen3-1.7B-QLoRA
ID_9273702863744424;1;atmospheric modeling;atmospheric modeling;1.000;3;match válido;Qwen3-1.7B-QLoRA
ID_9273702863744424;2;atmospheric transport;atmospheric modeling (rej);0.757;0;sem match válido;Qwen3-1.7B-QLoRA
ID_9273702863744424;3;biomass burning emissions;biomass burning aerosols;0.810;3;match válido;Qwen3-1.7B-QLoRA
ID_9273702863744424;4;biomass burning emissions in south;biomass burning (rej);0.773;0;sem match válido;Qwen3-1.7B-QLoRA
ID_9273702863744424;5;biomass burning locations;biomass burning;0.932;3;match válido;Qwen3-1.7B-QLoRA
ID_9273702863744424;6;climate change;climate change;1.000;3;match válido;Qwen3-1.7B-QLoRA
ID_9273702863744424;7;climate prediction;runoff forecasting;0.755;3;match válido;Qwen3-1.7B-QLoRA
ID_9273702863744424;8;climate change assessment;mudanças climáticas;0.907;3;match válido;Qwen3-1.7B-QLoRA
ID_9273702863744424;9;climate model;climate modeling (rej);0.963;0;sem match válido;Qwen3-1.7B-QLoRA
ID_9273702863744424;10;climate models;climate modeling;0.970;3;match válido;Qwen3-1.7B-QLoRA
ID_9273702863744424;11;climate predictions;seasonal forecasts;0.818;3;match válido;Qwen3-1.7B-QLoRA
ID_9273702863744424;12;coupled aerosol and tracer;biomass burning aerosols (rej);0.666;0;sem match válido;Qwen3-1.7B-QLoRA
ID_9273702863744424;13;coupled aerosol and tracer transport;biomass burning aerosols (rej);0.634;0;sem match válido;Qwen3-1.7B-QLoRA
ID_9273702863744424;14;coupled aerosol and tracer transport model;atmospheric modeling (rej);0.655;0;sem match válido;Qwen3-1.7B-QLoRA
ID_9273702863744424;15;coupled aerosol and tracer transport models;atmospheric modeling (rej);0.660;0;sem match válido;Qwen3-1.7B-QLoRA
ID_9273702863744424;16;;;;;;Qwen3-1.7B-QLoRA
ID_9273702863744424;17;;;;;;Qwen3-1.7B-QLoRA
ID_9273702863744424;18;;;;;;Qwen3-1.7B-QLoRA
ID_9273702863744424;19;;;;;;Qwen3-1.7B-QLoRA
ID_9273702863744424;20;;;;;;Qwen3-1.7B-QLoRA
ID_9274817658247444;1;affine arithmetic;triangulations with affine (rej);0.728;0;sem match válido;Qwen3-1.7B-QLoRA
ID_9274817658247444;2;affine arithmetic and interval arithmetic;triangulations with affine (rej);0.695;0;sem match válido;Qwen3-1.7B-QLoRA
ID_9274817658247444;3;affine arithmetic for interval;triangulations with affine (rej);0.669;0;sem match válido;Qwen3-1.7B-QLoRA
ID_9274817658247444;4;computational geometry;polygonal approximation (rej);0.662;0;sem match válido;Qwen3-1.7B-QLoRA
ID_9274817658247444;5;computational geometry and interval;polygonal approximation (rej);0.642;0;sem match válido;Qwen3-1.7B-QLoRA
ID_9274817658247444;6;interval arithmetic;triangulations with affine (rej);0.604;0;sem match válido;Qwen3-1.7B-QLoRA
ID_9274817658247444;7;interval arithmetic and interval;triangulations with affine (rej);0.610;0;sem match válido;Qwen3-1.7B-QLoRA
ID_9274817658247444;8;interval arithmetic and interval methods;triangulations with affine (rej);0.582;0;sem match válido;Qwen3-1.7B-QLoRA
ID_9274817658247444;9;interval methods;spectral segmentation methods (rej);0.497;0;sem match válido;Qwen3-1.7B-QLoRA
ID_9274817658247444;10;interval methods and interval arithmetic;triangulations with affine (rej);0.587;0;sem match válido;Qwen3-1.7B-QLoRA
ID_9274817658247444;11;interval methods and numerical methods;triangulations with affine (rej);0.534;0;sem match válido;Qwen3-1.7B-QLoRA
ID_9274817658247444;12;interval methods for interval;spectral segmentation methods (rej);0.479;0;sem match válido;Qwen3-1.7B-QLoRA
ID_9274817658247444;13;interval methods for numerical methods;triangulations with affine (rej);0.528;0;sem match válido;Qwen3-1.7B-QLoRA
ID_9274817658247444;14;;;;;;Qwen3-1.7B-QLoRA
ID_9274817658247444;15;;;;;;Qwen3-1.7B-QLoRA
ID_9274817658247444;16;;;;;;Qwen3-1.7B-QLoRA
ID_9274817658247444;17;;;;;;Qwen3-1.7B-QLoRA
ID_9274817658247444;18;;;;;;Qwen3-1.7B-QLoRA
ID_9274817658247444;19;;;;;;Qwen3-1.7B-QLoRA
ID_9274817658247444;20;;;;;;Qwen3-1.7B-QLoRA
ID_9350794843721516;1;adsorption;adsorption;1.000;3;match válido;Qwen3-1.7B-QLoRA
ID_9350794843721516;2;adsorption capacity;adsorption (rej);0.867;0;sem match válido;Qwen3-1.7B-QLoRA
ID_9350794843721516;3;adsorption of cadmium;adsorption (rej);0.611;0;sem match válido;Qwen3-1.7B-QLoRA
ID_9350794843721516;4;adsorption of lead;adsorption (rej);0.707;0;sem match válido;Qwen3-1.7B-QLoRA
ID_9350794843721516;5;adsorption of lead on functionalized;adsorption (rej);0.674;0;sem match válido;Qwen3-1.7B-QLoRA
ID_9350794843721516;6;adsorption of lead onto functionalized;adsorption (rej);0.662;0;sem match válido;Qwen3-1.7B-QLoRA
ID_9350794843721516;7;adsorption of lead onto functionalized formic;adsorption (rej);0.617;0;sem match válido;Qwen3-1.7B-QLoRA
ID_9350794843721516;8;adsorption of lead onto functionalized formic lignin;functionalized formic lignin (rej);0.721;0;sem match válido;Qwen3-1.7B-QLoRA
ID_9350794843721516;9;;;;;;Qwen3-1.7B-QLoRA
ID_9350794843721516;10;;;;;;Qwen3-1.7B-QLoRA
ID_9350794843721516;11;;;;;;Qwen3-1.7B-QLoRA
ID_9350794843721516;12;;;;;;Qwen3-1.7B-QLoRA
ID_9350794843721516;13;;;;;;Qwen3-1.7B-QLoRA
ID_9350794843721516;14;;;;;;Qwen3-1.7B-QLoRA
ID_9350794843721516;15;;;;;;Qwen3-1.7B-QLoRA
ID_9350794843721516;16;;;;;;Qwen3-1.7B-QLoRA
ID_9350794843721516;17;;;;;;Qwen3-1.7B-QLoRA
ID_9350794843721516;18;;;;;;Qwen3-1.7B-QLoRA
ID_9350794843721516;19;;;;;;Qwen3-1.7B-QLoRA
ID_9350794843721516;20;;;;;;Qwen3-1.7B-QLoRA
ID_9430398566741698;1;acidoemias orgânicas;organic acidemias (rej);0.925;0;sem match válido;Qwen3-1.7B-QLoRA
ID_9430398566741698;2;acidoemias orgânicas em pacientes;organic acidemias (rej);0.859;0;sem match válido;Qwen3-1.7B-QLoRA
ID_9430398566741698;3;organic acidemia;organic acidemias (rej);0.989;0;sem match válido;Qwen3-1.7B-QLoRA
ID_9430398566741698;4;organic acidemias;organic acidemias;1.000;3;match válido;Qwen3-1.7B-QLoRA
ID_9430398566741698;5;organic acidemias em pacientes;organic acidemias (rej);0.931;0;sem match válido;Qwen3-1.7B-QLoRA
ID_9430398566741698;6;organic aciduria;organic acidemias (rej);0.937;0;sem match válido;Qwen3-1.7B-QLoRA
ID_9430398566741698;7;organic acidurias;organic acidurias;1.000;3;match válido;Qwen3-1.7B-QLoRA
ID_9430398566741698;8;organic acidurias em pacientes;organic acidurias (rej);0.854;0;sem match válido;Qwen3-1.7B-QLoRA
ID_9430398566741698;9;organic acidurias in brazil;organic acidurias (rej);0.872;0;sem match válido;Qwen3-1.7B-QLoRA
ID_9430398566741698;10;organic acidurias in brazilian;organic acidurias (rej);0.861;0;sem match válido;Qwen3-1.7B-QLoRA
ID_9430398566741698;11;organic acidurias in high-risk;organic acidurias (rej);0.871;0;sem match válido;Qwen3-1.7B-QLoRA
ID_9430398566741698;12;organic acids;organic acids;1.000;3;match válido;Qwen3-1.7B-QLoRA
ID_9430398566741698;13;organic acids in brazilian;organic acids (rej);0.824;0;sem match válido;Qwen3-1.7B-QLoRA
ID_9430398566741698;14;organic acids in brazilian patients;organic acids (rej);0.773;0;sem match válido;Qwen3-1.7B-QLoRA
ID_9430398566741698;15;organic acidemia in brazilian;organic acidemias (rej);0.882;0;sem match válido;Qwen3-1.7B-QLoRA
ID_9430398566741698;16;organic acidemia and neonatal;organic acidemias (rej);0.826;0;sem match válido;Qwen3-1.7B-QLoRA
ID_9430398566741698;17;organic acidemia and neonatal hydrops;organic acidemias (rej);0.769;0;sem match válido;Qwen3-1.7B-QLoRA
ID_9430398566741698;18;organic acidurias in patients;organic acidemias (rej);0.859;0;sem match válido;Qwen3-1.7B-QLoRA
ID_9430398566741698;19;organic acidurias in patients with niemann–pick;organic acidemias (rej);0.755;0;sem match válido;Qwen3-1.7B-QLoRA
ID_9430398566741698;20;organic acidurias in patients with niemann–pick disease;organic acidemias (rej);0.753;0;sem match válido;Qwen3-1.7B-QLoRA
ID_9542837933586912;1;quantum point contact;quantum point contact;1.000;2;match válido;Qwen3-1.7B-QLoRA
ID_9542837933586912;2;scanning gate microscopy;scanning gate microscopy;1.000;3;match válido;Qwen3-1.7B-QLoRA
ID_9542837933586912;3;scanning gate microscopy investigations;gate microscopy investigations;0.962;3;match válido;Qwen3-1.7B-QLoRA
ID_9542837933586912;4;scanning gate imaging;scanning gate imaging;1.000;3;match válido;Qwen3-1.7B-QLoRA
ID_9542837933586912;5;scanning gate microscopy measurements;scanning gate microscopy (rej);0.971;0;sem match válido;Qwen3-1.7B-QLoRA
ID_9542837933586912;6;scanning gate microscopy measurements on an ingaas quantum;scanning gate microscopy (rej);0.704;0;sem match válido;Qwen3-1.7B-QLoRA
ID_9542837933586912;7;scanning gate microscopy studies;scanning gate microscopy (rej);0.982;0;sem match válido;Qwen3-1.7B-QLoRA
ID_9542837933586912;8;scanning gate microscopy studies on an ingaas quantum;gate microscopy investigations (rej);0.673;0;sem match válido;Qwen3-1.7B-QLoRA
ID_9542837933586912;9;scanning gate microscopy investigations on an ingaas quantum;gate microscopy investigations (rej);0.694;0;sem match válido;Qwen3-1.7B-QLoRA
ID_9542837933586912;10;scanning gate microscopy investigations on an ingaas quantum point;gate microscopy investigations (rej);0.727;0;sem match válido;Qwen3-1.7B-QLoRA
ID_9542837933586912;11;scanning gate microscopy investigations on an ingaas quantum point contact;quantum point contact (rej);0.712;0;sem match válido;Qwen3-1.7B-QLoRA
ID_9542837933586912;12;scanning gate microscopy measurements on an ingaas quantum point;scanning gate microscopy (rej);0.732;0;sem match válido;Qwen3-1.7B-QLoRA
ID_9542837933586912;13;scanning gate microscopy measurements on an ingaas quantum point contact;quantum point contact (rej);0.695;0;sem match válido;Qwen3-1.7B-QLoRA
ID_9542837933586912;14;;;;;;Qwen3-1.7B-QLoRA
ID_9542837933586912;15;;;;;;Qwen3-1.7B-QLoRA
ID_9542837933586912;16;;;;;;Qwen3-1.7B-QLoRA
ID_9542837933586912;17;;;;;;Qwen3-1.7B-QLoRA
ID_9542837933586912;18;;;;;;Qwen3-1.7B-QLoRA
ID_9542837933586912;19;;;;;;Qwen3-1.7B-QLoRA
ID_9542837933586912;20;;;;;;Qwen3-1.7B-QLoRA
ID_9763437636509266;1;experimental model;animal model (rej);0.627;0;sem match válido;Qwen3-1.7B-QLoRA
ID_9763437636509266;2;experimental models;animal model (rej);0.626;0;sem match válido;Qwen3-1.7B-QLoRA
ID_9763437636509266;3;experimental models of empyema;estimulação elétrica (rej);0.423;0;sem match válido;Qwen3-1.7B-QLoRA
ID_9763437636509266;4;experimental models of experimental;animal model (rej);0.561;0;sem match válido;Qwen3-1.7B-QLoRA
ID_9763437636509266;5;experimental models of experimental models;animal model (rej);0.578;0;sem match válido;Qwen3-1.7B-QLoRA
ID_9763437636509266;6;experimental models of pleural;pre- and post-bronchodilator (rej);0.390;0;sem match válido;Qwen3-1.7B-QLoRA
ID_9763437636509266;7;experimental models of pleural fluid;pre- and post-bronchodilator (rej);0.436;0;sem match válido;Qwen3-1.7B-QLoRA
ID_9763437636509266;8;experimental models of pleural fluid levels;pre- and post-bronchodilator (rej);0.426;0;sem match válido;Qwen3-1.7B-QLoRA
ID_9763437636509266;9;;;;;;Qwen3-1.7B-QLoRA
ID_9763437636509266;10;;;;;;Qwen3-1.7B-QLoRA
ID_9763437636509266;11;;;;;;Qwen3-1.7B-QLoRA
ID_9763437636509266;12;;;;;;Qwen3-1.7B-QLoRA
ID_9763437636509266;13;;;;;;Qwen3-1.7B-QLoRA
ID_9763437636509266;14;;;;;;Qwen3-1.7B-QLoRA
ID_9763437636509266;15;;;;;;Qwen3-1.7B-QLoRA
ID_9763437636509266;16;;;;;;Qwen3-1.7B-QLoRA
ID_9763437636509266;17;;;;;;Qwen3-1.7B-QLoRA
ID_9763437636509266;18;;;;;;Qwen3-1.7B-QLoRA
ID_9763437636509266;19;;;;;;Qwen3-1.7B-QLoRA
ID_9763437636509266;20;;;;;;Qwen3-1.7B-QLoRA
ID_9836776931160228;1;black-box testing;testing tool (rej);0.659;0;sem match válido;Qwen3-1.7B-QLoRA
ID_9836776931160228;2;finite state machine;finite state machine;1.000;3;match válido;Qwen3-1.7B-QLoRA
ID_9836776931160228;3;finite state machine models;timed finite state machines;0.814;3;match válido;Qwen3-1.7B-QLoRA
ID_9836776931160228;4;finite state machines;finite state machines;1.000;3;match válido;Qwen3-1.7B-QLoRA
ID_9836776931160228;5;finite state machine test;finite state machine (rej);0.839;0;sem match válido;Qwen3-1.7B-QLoRA
ID_9836776931160228;6;finite state machine test suite;finite state machine (rej);0.795;0;sem match válido;Qwen3-1.7B-QLoRA
ID_9836776931160228;7;finite state machine testing;finite state machine (rej);0.827;0;sem match válido;Qwen3-1.7B-QLoRA
ID_9836776931160228;8;finite state machine testing process;finite state machine (rej);0.804;0;sem match válido;Qwen3-1.7B-QLoRA
ID_9836776931160228;9;finite state machine with extra;finite state machine (rej);0.865;0;sem match válido;Qwen3-1.7B-QLoRA
ID_9836776931160228;10;finite state machine with extra states;finite state machine (rej);0.896;0;sem match válido;Qwen3-1.7B-QLoRA
ID_9836776931160228;11;finite state machines with extra;finite state machines (rej);0.887;0;sem match válido;Qwen3-1.7B-QLoRA
ID_9836776931160228;12;finite state machine models and methods;finite state machines (rej);0.865;0;sem match válido;Qwen3-1.7B-QLoRA
ID_9836776931160228;13;finite state machines with extra states;finite state machines (rej);0.912;0;sem match válido;Qwen3-1.7B-QLoRA
ID_9836776931160228;14;;;;;;Qwen3-1.7B-QLoRA
ID_9836776931160228;15;;;;;;Qwen3-1.7B-QLoRA
ID_9836776931160228;16;;;;;;Qwen3-1.7B-QLoRA
ID_9836776931160228;17;;;;;;Qwen3-1.7B-QLoRA
ID_9836776931160228;18;;;;;;Qwen3-1.7B-QLoRA
ID_9836776931160228;19;;;;;;Qwen3-1.7B-QLoRA
ID_9836776931160228;20;;;;;;Qwen3-1.7B-QLoRA
ID_9848311210578810;1;ag filaments;rietveld refinement (rej);0.416;0;sem match válido;Qwen3-1.7B-QLoRA
ID_9848311210578810;2;ag filaments on ag2wo4;ferroelectric properties (rej);0.385;0;sem match válido;Qwen3-1.7B-QLoRA
ID_9848311210578810;3;ag filaments on ag2wo4 crystals;crystal structure (rej);0.605;0;sem match válido;Qwen3-1.7B-QLoRA
ID_9848311210578810;4;ag filaments on ag2wo4 microcrystals;microstructure (rej);0.510;0;sem match válido;Qwen3-1.7B-QLoRA
ID_9848311210578810;5;ag filaments on ag2wo4 microcrystals obtained;microstructure (rej);0.472;0;sem match válido;Qwen3-1.7B-QLoRA
ID_9848311210578810;6;ag filaments on ag2wo4 microcrystals prepared;microstructure (rej);0.521;0;sem match válido;Qwen3-1.7B-QLoRA
ID_9848311210578810;7;ag filaments on ag2wo4 microcrystals prepared by;microstructure (rej);0.501;0;sem match válido;Qwen3-1.7B-QLoRA
ID_9848311210578810;8;ag filaments on ag2wo4 microcrystals prepared by microwave-assisted;microstructure (rej);0.498;0;sem match válido;Qwen3-1.7B-QLoRA
ID_9848311210578810;9;ag filaments on ag2wo4 microcrystals prepared by microwave-assisted hydrothermal;microstructure (rej);0.466;0;sem match válido;Qwen3-1.7B-QLoRA
ID_9848311210578810;10;;;;;;Qwen3-1.7B-QLoRA
ID_9848311210578810;11;;;;;;Qwen3-1.7B-QLoRA
ID_9848311210578810;12;;;;;;Qwen3-1.7B-QLoRA
ID_9848311210578810;13;;;;;;Qwen3-1.7B-QLoRA
ID_9848311210578810;14;;;;;;Qwen3-1.7B-QLoRA
ID_9848311210578810;15;;;;;;Qwen3-1.7B-QLoRA
ID_9848311210578810;16;;;;;;Qwen3-1.7B-QLoRA
ID_9848311210578810;17;;;;;;Qwen3-1.7B-QLoRA
ID_9848311210578810;18;;;;;;Qwen3-1.7B-QLoRA
ID_9848311210578810;19;;;;;;Qwen3-1.7B-QLoRA
ID_9848311210578810;20;;;;;;Qwen3-1.7B-QLoRA
ID_9856332816841794;1;air-breathing behavior;respiration;0.803;3;match válido;Qwen3-1.7B-QLoRA
ID_9856332816841794;2;air-breathing loricariid;respiration (rej);0.695;0;sem match válido;Qwen3-1.7B-QLoRA
ID_9856332816841794;3;air-breathing loricariid fish;pterygoplichthys (rej);0.444;0;sem match válido;Qwen3-1.7B-QLoRA
ID_9856332816841794;4;air-breathing loricariid fish pterygoplichthys;pterygoplichthys (rej);0.660;0;sem match válido;Qwen3-1.7B-QLoRA
ID_9856332816841794;5;air-breathing behavior and physiological;ventilation and breathing;0.830;3;match válido;Qwen3-1.7B-QLoRA
ID_9856332816841794;6;air-breathing behavior and physiological responses;respiratory physiology;0.795;3;match válido;Qwen3-1.7B-QLoRA
ID_9856332816841794;7;air-breathing fish;respiration of mice (rej);0.506;0;sem match válido;Qwen3-1.7B-QLoRA
ID_9856332816841794;8;air-breathing loricariid fish pterygoplichthys anisitsi;pterygoplichthys (rej);0.654;0;sem match válido;Qwen3-1.7B-QLoRA
ID_9856332816841794;9;;;;;;Qwen3-1.7B-QLoRA
ID_9856332816841794;10;;;;;;Qwen3-1.7B-QLoRA
ID_9856332816841794;11;;;;;;Qwen3-1.7B-QLoRA
ID_9856332816841794;12;;;;;;Qwen3-1.7B-QLoRA
ID_9856332816841794;13;;;;;;Qwen3-1.7B-QLoRA
ID_9856332816841794;14;;;;;;Qwen3-1.7B-QLoRA
ID_9856332816841794;15;;;;;;Qwen3-1.7B-QLoRA
ID_9856332816841794;16;;;;;;Qwen3-1.7B-QLoRA
ID_9856332816841794;17;;;;;;Qwen3-1.7B-QLoRA
ID_9856332816841794;18;;;;;;Qwen3-1.7B-QLoRA
ID_9856332816841794;19;;;;;;Qwen3-1.7B-QLoRA
ID_9856332816841794;20;;;;;;Qwen3-1.7B-QLoRA
