Autor;nDCG@10;nDCG@20;Precision@5;Precision@10;Precision@20;Recall@5;Recall@10;Recall@20;MAP@10;Coverage@10;Diversity@10;MAP@20;Coverage@20;Diversity@20;Match_Valido@10;Match_Valido@20;Modelo
ID_0530966378411625;0.2182;0.2452;0.2000;0.3000;0.2500;0.0400;0.1200;0.2000;0.0417;0.5556;0.6762;0.0648;0.7037;0.6488;3;7;TF-IDF
ID_0535860239259102;0.2570;0.2871;0.6000;0.4000;0.3500;0.1304;0.1739;0.3043;0.1130;0.7290;0.6486;0.1641;0.8411;0.6331;5;11;TF-IDF
ID_0578253829444920;0.2620;0.2847;0.4000;0.3000;0.3000;0.0800;0.1200;0.2400;0.0533;0.7164;0.7065;0.0974;0.7855;0.6937;3;6;TF-IDF
ID_0676101131499422;0.4773;0.5276;0.4000;0.4000;0.3500;0.1176;0.2353;0.4118;0.1337;0.9186;0.4897;0.1957;0.9251;0.4555;4;9;TF-IDF
ID_5393628668007180;0.2167;0.2813;0.2000;0.3000;0.3000;0.0500;0.1500;0.3000;0.0483;0.6481;0.6782;0.1002;0.7013;0.6781;4;7;TF-IDF
ID_4290808161139329;0.1536;0.1073;0.2000;0.2000;0.1000;0.0476;0.0952;0.0952;0.0254;0.3036;0.5993;0.0254;0.4628;0.5655;5;5;TF-IDF
ID_3296934538404596;0.0851;0.0788;0.2000;0.1000;0.0500;0.0476;0.0476;0.0476;0.0095;0.6008;0.5692;0.0095;0.7048;0.6110;1;3;TF-IDF
ID_6231675319360093;0.2669;0.2669;0.2000;0.2000;0.1000;0.2000;0.4000;0.4000;0.1167;0.8731;0.5742;0.1167;0.9038;0.5815;2;2;TF-IDF
ID_0174325304693036;0.3445;0.3950;0.6000;0.4000;0.4500;0.0625;0.0833;0.1875;0.0634;0.6809;0.5405;0.1150;0.7727;0.6344;4;9;TF-IDF
ID_0189095897739979;0.5677;0.5099;0.6000;0.7000;0.5500;0.0882;0.2059;0.3235;0.1203;0.6508;0.6040;0.1963;0.6627;0.5737;7;11;TF-IDF
ID_0229339143607870;0.3548;0.3794;0.6000;0.4000;0.5000;0.0857;0.1143;0.2857;0.0648;0.8319;0.6119;0.1479;0.8319;0.6047;4;10;TF-IDF
ID_0278717765065500;0.1405;0.1898;0.4000;0.2000;0.2000;0.0909;0.0909;0.1818;0.0455;0.6896;0.6831;0.0659;0.7506;0.6964;3;6;TF-IDF
ID_0482551013400931;0.5987;0.5211;0.8000;0.8000;0.6500;0.0784;0.1569;0.2549;0.1337;0.7407;0.5653;0.2002;0.8371;0.6036;8;13;TF-IDF
ID_0486569206159968;0.2533;0.2860;0.4000;0.3000;0.3500;0.0556;0.0833;0.1944;0.0300;0.8631;0.5635;0.0688;0.8921;0.5537;3;7;TF-IDF
ID_0509655225224036;0.4031;0.4200;0.4000;0.4000;0.3000;0.0909;0.1818;0.2727;0.1009;0.6813;0.7180;0.1393;0.7637;0.7182;4;6;TF-IDF
ID_0516941410000104;0.3052;0.4191;0.2000;0.2000;0.3000;0.0625;0.1250;0.3750;0.0781;0.7200;0.5780;0.1548;0.8000;0.5977;3;8;TF-IDF
ID_7710344461864924;0.0365;0.1239;0.2000;0.1000;0.2000;0.0200;0.0200;0.0800;0.0040;0.4407;0.4987;0.0139;0.5805;0.5201;1;4;TF-IDF
ID_1840336983035010;0.1463;0.1881;0.2000;0.2000;0.2500;0.0385;0.0769;0.1923;0.0173;0.6210;0.5843;0.0454;0.7661;0.5982;3;8;TF-IDF
ID_3051627641386529;0.5886;0.6004;0.4000;0.5000;0.3500;0.1667;0.4167;0.5833;0.2533;0.5319;0.5589;0.3274;0.6292;0.5930;5;7;TF-IDF
ID_0218004426204544;0.7837;0.6961;0.6000;0.8000;0.7000;0.0833;0.2222;0.3889;0.1864;0.7718;0.5371;0.3042;0.8213;0.5649;8;14;TF-IDF
ID_1779931169656381;0.3459;0.2928;0.6000;0.3000;0.2500;0.0909;0.0909;0.1515;0.0636;0.2806;0.6933;0.0806;0.4060;0.7112;3;5;TF-IDF
ID_1036046601275319;0.3052;0.2856;0.4000;0.2000;0.2000;0.0667;0.0667;0.1333;0.0467;0.5657;0.5423;0.0669;0.6733;0.6261;2;4;TF-IDF
ID_3929176117729138;0.1301;0.1933;0.0000;0.2000;0.2000;0.0000;0.1429;0.2857;0.0323;0.5290;0.7242;0.0697;0.6423;0.7017;2;4;TF-IDF
ID_2123038879875164;0.7412;0.5863;1.0000;0.8000;0.5500;0.1316;0.2105;0.2895;0.2076;0.6592;0.5897;0.2619;0.7627;0.6711;8;11;TF-IDF
ID_0766735065718186;0.3742;0.3255;0.4000;0.5000;0.4000;0.0455;0.1136;0.1818;0.0527;0.8482;0.6318;0.0835;0.8960;0.6663;5;8;TF-IDF
ID_0848413770343284;0.3865;0.3812;0.2000;0.3000;0.3500;0.0435;0.1304;0.3043;0.0674;0.6141;0.6377;0.1311;0.7676;0.6165;5;11;TF-IDF
ID_0973550817356564;0.3037;0.3484;0.8000;0.5000;0.4000;0.1081;0.1351;0.2162;0.1177;0.8368;0.5725;0.1531;0.8892;0.5596;5;8;TF-IDF
ID_0976385386657517;0.2762;0.3027;0.4000;0.3000;0.3000;0.0714;0.1071;0.2143;0.0524;0.8107;0.4562;0.0827;0.8580;0.5755;3;6;TF-IDF
ID_0041995572099705;0.4322;0.4868;0.2000;0.5000;0.5000;0.0333;0.1667;0.3333;0.0884;0.4948;0.5347;0.1763;0.6965;0.4893;6;12;TF-IDF
ID_0061106995455595;0.5754;0.5481;0.6000;0.6000;0.4500;0.1154;0.2308;0.3462;0.1788;0.4153;0.5043;0.2496;0.4746;0.5483;6;9;TF-IDF
ID_0128404227626176;0.1957;0.2256;0.2000;0.3000;0.3500;0.0175;0.0526;0.1228;0.0160;0.6883;0.6239;0.0400;0.7470;0.5904;3;7;TF-IDF
ID_0161925591909696;0.5708;0.4831;0.6000;0.5000;0.4500;0.0938;0.1562;0.2812;0.1290;0.7219;0.6162;0.1994;0.8230;0.6294;5;9;TF-IDF
ID_3964840204818021;0.6074;0.5192;0.8000;0.6000;0.5000;0.0952;0.1429;0.2381;0.1222;0.8854;0.5017;0.1834;0.9076;0.5885;6;10;TF-IDF
ID_9867636928092492;0.5005;0.5488;0.6000;0.5000;0.5000;0.1071;0.1786;0.3571;0.1211;0.8362;0.6006;0.2170;0.8539;0.5915;9;15;TF-IDF
ID_0144465590218939;0.1952;0.3223;0.2000;0.3000;0.3500;0.0500;0.1500;0.3500;0.0375;0.7727;0.6890;0.1159;0.8455;0.6795;4;8;TF-IDF
ID_0932900035896817;0.1584;0.1792;0.2000;0.2000;0.2000;0.0476;0.0952;0.1905;0.0214;0.5593;0.6489;0.0456;0.6641;0.6366;2;4;TF-IDF
ID_1727283700680766;0.1543;0.2499;0.4000;0.3000;0.3000;0.1176;0.1765;0.3529;0.0725;0.4295;0.4822;0.1386;0.5641;0.6242;4;7;TF-IDF
ID_1827829018668226;0.2811;0.2587;0.2000;0.4000;0.3000;0.0333;0.1333;0.2000;0.0420;0.7226;0.6165;0.0630;0.7810;0.5874;5;7;TF-IDF
ID_1878688743763378;0.1447;0.2317;0.0000;0.2000;0.3000;0.0000;0.0741;0.2222;0.0144;0.8020;0.4646;0.0542;0.8218;0.5578;2;6;TF-IDF
ID_1885766127325722;0.0124;0.1149;0.0000;0.0000;0.1000;0.0000;0.0000;0.0952;0.0000;0.6651;0.5850;0.0103;0.7656;0.6468;1;7;TF-IDF
ID_2774467864626548;0.5669;0.4631;0.6000;0.5000;0.3500;0.1429;0.2381;0.3333;0.1706;0.8398;0.5720;0.2164;0.8924;0.6359;5;7;TF-IDF
ID_0807993828734491;0.7015;0.4882;0.8000;0.8000;0.4500;0.1250;0.2500;0.2812;0.1800;0.7291;0.4209;0.1987;0.7962;0.5275;8;9;TF-IDF
ID_9335253053250984;0.5811;0.4798;0.6000;0.5000;0.4000;0.1071;0.1786;0.2857;0.1311;0.6844;0.5742;0.1780;0.7959;0.6138;5;8;TF-IDF
ID_0232075212409214;0.3301;0.3103;0.4000;0.2000;0.2000;0.0952;0.0952;0.1905;0.0794;0.4191;0.6099;0.1036;0.5166;0.6567;2;4;TF-IDF
ID_1325667605623244;0.7527;0.6877;0.8000;0.9000;0.8000;0.0889;0.2000;0.3556;0.1857;0.7343;0.6834;0.3053;0.8217;0.6997;9;16;TF-IDF
ID_1351748125964309;0.4986;0.4512;0.8000;0.6000;0.4500;0.1600;0.2400;0.3600;0.2173;0.6168;0.5628;0.2874;0.7944;0.5891;6;9;TF-IDF
ID_1409367562944345;0.4323;0.5022;0.4000;0.3000;0.3500;0.1333;0.2000;0.4667;0.1619;0.5986;0.5791;0.2542;0.7595;0.5977;3;7;TF-IDF
ID_1443260585180322;0.5604;0.5569;0.4000;0.6000;0.6000;0.0476;0.1429;0.2857;0.0920;0.8707;0.6096;0.1836;0.8943;0.6637;6;12;TF-IDF
ID_1608252203113404;0.6925;0.6565;1.0000;0.7000;0.7000;0.1042;0.1458;0.2917;0.1382;0.7208;0.6505;0.2385;0.8215;0.6598;7;15;TF-IDF
ID_1608392890165390;0.1571;0.1914;0.2000;0.2000;0.1500;0.0714;0.1429;0.2143;0.0302;0.7320;0.6165;0.0436;0.8693;0.6536;2;3;TF-IDF
ID_1682621160901140;0.6321;0.5173;0.8000;0.7000;0.5500;0.0909;0.1591;0.2500;0.1090;0.5200;0.6512;0.1665;0.5600;0.6306;7;12;TF-IDF
ID_1684574356606924;0.6866;0.5619;0.8000;0.7000;0.4000;0.2500;0.4375;0.5000;0.3614;0.4921;0.6705;0.3864;0.6092;0.7098;8;9;TF-IDF
ID_2209576799096027;0.3929;0.5129;0.2000;0.2000;0.2500;0.0769;0.1538;0.3846;0.1026;0.8390;0.6324;0.1626;0.8904;0.6562;6;10;TF-IDF
ID_2220699289355930;0.2738;0.3252;0.4000;0.4000;0.3500;0.0833;0.1667;0.2917;0.1280;0.7277;0.6577;0.1872;0.8170;0.6346;4;8;TF-IDF
ID_2275032719586397;0.2547;0.3346;0.2000;0.3000;0.4000;0.0370;0.1111;0.2963;0.0370;0.7553;0.5942;0.1103;0.8298;0.6416;3;8;TF-IDF
ID_2324159515825927;0.3882;0.3531;0.6000;0.4000;0.3500;0.0750;0.1000;0.1750;0.0525;0.5933;0.5002;0.0790;0.7011;0.6162;4;7;TF-IDF
ID_1973878827354750;0.5947;0.5876;0.8000;0.7000;0.6000;0.1143;0.2000;0.3429;0.1560;0.6629;0.6015;0.2445;0.6761;0.6548;9;15;TF-IDF
ID_1988378870316115;0.1604;0.2461;0.2000;0.2000;0.2500;0.0476;0.0952;0.2381;0.0571;0.7097;0.6827;0.0946;0.8387;0.7238;4;7;TF-IDF
ID_2129963760543898;0.3129;0.3725;0.4000;0.3000;0.4000;0.0800;0.1200;0.3200;0.0560;0.7477;0.6575;0.1333;0.8677;0.6265;4;10;TF-IDF
ID_2145668168587564;0.1986;0.2314;0.4000;0.3000;0.3500;0.0690;0.1034;0.2414;0.0368;0.7089;0.4819;0.0873;0.7595;0.5727;3;7;TF-IDF
ID_9350794843721516;0.1907;0.1563;0.2000;0.2000;0.1500;0.0333;0.0667;0.1000;0.0133;0.4918;0.6698;0.0217;0.7049;0.6360;4;6;TF-IDF
ID_8752453650114092;0.2265;0.2471;0.2000;0.4000;0.3000;0.0500;0.2000;0.3000;0.0703;0.6446;0.6634;0.1078;0.6829;0.6600;4;6;TF-IDF
ID_3935055744673018;0.2141;0.2689;0.4000;0.3000;0.4500;0.0476;0.0714;0.2143;0.0304;0.3794;0.5816;0.0877;0.6031;0.6283;3;9;TF-IDF
ID_1345781867765758;0.6358;0.6380;0.8000;0.6000;0.5000;0.2105;0.3158;0.5263;0.2680;0.9082;0.5805;0.3775;0.9225;0.7206;7;13;TF-IDF
ID_2653769170795641;0.1884;0.2498;0.2000;0.2000;0.2500;0.0385;0.0769;0.1923;0.0256;0.5109;0.5314;0.0637;0.7391;0.6321;2;5;TF-IDF
ID_2791913950833163;0.4966;0.4501;0.6000;0.4000;0.3000;0.1579;0.2105;0.3158;0.1842;0.5949;0.6304;0.2324;0.6592;0.6199;6;9;TF-IDF
ID_2850235880560929;0.3031;0.2349;0.4000;0.3000;0.2000;0.0769;0.1154;0.1538;0.0529;0.7048;0.6726;0.0647;0.8434;0.6904;3;5;TF-IDF
ID_2851798514812201;0.4710;0.4931;0.6000;0.5000;0.5000;0.1304;0.2174;0.4348;0.1234;0.8189;0.5251;0.2241;0.8732;0.5669;5;10;TF-IDF
ID_3085057149388157;0.7842;0.7765;0.8000;0.8000;0.8000;0.0909;0.1818;0.3636;0.1550;0.8042;0.5105;0.3018;0.8282;0.5703;8;17;TF-IDF
ID_3091742095568302;0.3470;0.2692;0.4000;0.4000;0.2500;0.0625;0.1250;0.1562;0.0564;0.5828;0.6859;0.0646;0.6448;0.7224;4;6;TF-IDF
ID_3125269649173653;0.5174;0.3875;0.6000;0.4000;0.3000;0.1071;0.1429;0.2143;0.1125;0.7846;0.6314;0.1381;0.8000;0.6607;4;7;TF-IDF
ID_3150074537946167;0.3016;0.3546;0.4000;0.3000;0.2000;0.2500;0.3750;0.5000;0.1281;0.7159;0.5895;0.1666;0.7955;0.6419;4;8;TF-IDF
ID_3347815035685882;0.5007;0.5309;0.6000;0.4000;0.3500;0.1667;0.2222;0.3889;0.1565;0.5582;0.4830;0.2221;0.7269;0.5944;5;9;TF-IDF
ID_3387018530825694;0.1245;0.0971;0.2000;0.2000;0.1000;0.0526;0.1053;0.1053;0.0263;0.5515;0.6713;0.0263;0.5979;0.6301;2;2;TF-IDF
ID_3427260889880733;0.5886;0.5526;0.8000;0.5000;0.3000;0.3077;0.3846;0.4615;0.2955;0.6250;0.4827;0.3263;0.7446;0.5671;6;7;TF-IDF
ID_3445472713137548;0.2511;0.4617;0.4000;0.4000;0.4000;0.2000;0.4000;0.8000;0.1829;0.5983;0.6046;0.3656;0.8062;0.6169;4;8;TF-IDF
ID_3150103492877008;0.4147;0.4323;0.4000;0.3000;0.3000;0.0870;0.1304;0.2609;0.0911;0.4966;0.5932;0.1377;0.5918;0.6739;4;9;TF-IDF
ID_3222014752923501;0.4226;0.4003;0.6000;0.4000;0.3500;0.1364;0.1818;0.3182;0.1098;0.5351;0.6200;0.1543;0.7159;0.6486;5;8;TF-IDF
ID_3325984959083987;0.3778;0.5242;0.4000;0.3000;0.3500;0.1333;0.2000;0.4667;0.1286;0.9289;0.5569;0.2241;0.9340;0.5263;4;8;TF-IDF
ID_3340828165410597;0.0000;0.0676;0.0000;0.0000;0.1000;0.0000;0.0000;0.0833;0.0000;0.6941;0.5331;0.0070;0.8059;0.5980;0;2;TF-IDF
ID_2482060270236527;0.2901;0.3402;0.4000;0.4000;0.3500;0.1000;0.2000;0.3500;0.0754;0.6763;0.6741;0.1293;0.7386;0.6821;4;7;TF-IDF
ID_2554853704952225;0.6275;0.5099;0.8000;0.5000;0.4000;0.0909;0.1136;0.1818;0.1026;0.5533;0.7380;0.1326;0.6889;0.6988;5;8;TF-IDF
ID_2627414712422817;0.2557;0.2087;0.2000;0.3000;0.2000;0.0357;0.1071;0.1429;0.0610;0.5078;0.6662;0.0682;0.5492;0.5932;4;6;TF-IDF
ID_2636111337875377;0.4657;0.4636;0.4000;0.4000;0.4500;0.0800;0.1600;0.3600;0.0888;0.6050;0.5591;0.1713;0.7028;0.5897;6;13;TF-IDF
ID_4139866243228811;0.2985;0.2603;0.2000;0.2000;0.2000;0.0303;0.0606;0.1212;0.0404;0.4391;0.6191;0.0525;0.6731;0.6880;2;4;TF-IDF
ID_4149038575526706;0.2458;0.2948;0.2000;0.3000;0.4000;0.0278;0.0833;0.2222;0.0351;0.6306;0.6268;0.0880;0.7388;0.6462;3;8;TF-IDF
ID_4186411197580812;0.5887;0.5049;0.6000;0.5000;0.4500;0.0811;0.1351;0.2432;0.1033;0.6636;0.5807;0.1588;0.8444;0.6048;5;9;TF-IDF
ID_4296348942225215;0.2291;0.2627;0.2000;0.1000;0.0500;0.5000;0.5000;0.5000;0.1250;0.7260;0.6308;0.1250;0.8356;0.6267;2;3;TF-IDF
ID_1569228929685657;0.5338;0.5182;0.4000;0.5000;0.5000;0.0800;0.2000;0.4000;0.1149;0.5373;0.6943;0.2120;0.6392;0.7259;6;11;TF-IDF
ID_1572504650930605;0.3070;0.3839;0.4000;0.3000;0.3000;0.1053;0.1579;0.3158;0.0752;0.3419;0.5646;0.1289;0.4022;0.5857;3;7;TF-IDF
ID_1588571859201066;0.7752;0.6078;0.8000;0.7000;0.5000;0.0909;0.1591;0.2273;0.1428;0.7500;0.3775;0.1843;0.8073;0.5582;7;10;TF-IDF
ID_1608166528142462;0.5017;0.5682;0.4000;0.4000;0.3500;0.1429;0.2857;0.5000;0.2092;0.4707;0.6300;0.2965;0.5968;0.6177;4;7;TF-IDF
ID_3729715298008025;0.5420;0.5277;0.6000;0.5000;0.5000;0.1034;0.1724;0.3448;0.1126;0.6970;0.3092;0.2023;0.7300;0.4031;5;10;TF-IDF
ID_3738807633557034;0.2462;0.2223;0.2000;0.3000;0.2000;0.0476;0.1429;0.1905;0.0771;0.8972;0.5725;0.0898;0.9065;0.6179;5;7;TF-IDF
ID_3837157956819433;0.3786;0.3107;0.4000;0.3000;0.2500;0.0769;0.1154;0.1923;0.0703;0.7237;0.3437;0.0890;0.7748;0.4001;3;5;TF-IDF
ID_3870300970951275;0.5089;0.4898;0.4000;0.6000;0.5500;0.0606;0.1818;0.3333;0.0850;0.8947;0.5472;0.1801;0.9474;0.6303;8;13;TF-IDF
ID_1041565102315246;0.3971;0.4170;0.6000;0.5000;0.5000;0.1111;0.1852;0.3704;0.0881;0.7606;0.5603;0.1904;0.8606;0.6054;6;11;TF-IDF
ID_1077091269921532;0.5544;0.4943;0.6000;0.5000;0.3000;0.1034;0.1724;0.2069;0.1318;0.5443;0.6224;0.1466;0.7389;0.6357;6;7;TF-IDF
ID_1264299192805866;0.3020;0.3242;0.4000;0.4000;0.3500;0.0690;0.1379;0.2414;0.0579;0.4753;0.6260;0.0964;0.5332;0.6320;4;7;TF-IDF
ID_1305553577433058;0.7129;0.6417;0.8000;0.7000;0.6000;0.0769;0.1346;0.2308;0.1169;0.5510;0.6245;0.1845;0.6121;0.6224;7;12;TF-IDF
ID_5759795720652106;0.1754;0.2724;0.4000;0.2000;0.4000;0.0690;0.0690;0.2759;0.0310;0.6158;0.6761;0.1104;0.7966;0.6568;2;8;TF-IDF
ID_5822763057370791;0.5743;0.4674;0.8000;0.5000;0.3000;0.1600;0.2000;0.2400;0.1886;0.7967;0.5543;0.2012;0.8407;0.6777;5;6;TF-IDF
ID_5871402136758674;0.5347;0.4670;0.6000;0.5000;0.3000;0.1304;0.2174;0.2609;0.1565;0.6727;0.5134;0.1719;0.6727;0.5956;5;6;TF-IDF
ID_5877415967509579;0.1714;0.2329;0.4000;0.2000;0.2000;0.1667;0.1667;0.3333;0.0750;0.5985;0.6898;0.1154;0.6861;0.6453;2;4;TF-IDF
ID_4940933921005830;0.4100;0.4090;0.6000;0.4000;0.4000;0.0811;0.1081;0.2162;0.0638;0.6737;0.5979;0.1119;0.7931;0.6047;4;8;TF-IDF
ID_5012323059073352;0.7538;0.6164;0.6000;0.7000;0.6000;0.0938;0.2188;0.3750;0.1822;0.8571;0.4896;0.2727;0.8901;0.6060;7;12;TF-IDF
ID_5349740107277233;0.6335;0.5919;0.6000;0.6000;0.4500;0.1111;0.2222;0.3333;0.1776;0.7368;0.7097;0.2395;0.8421;0.6796;6;9;TF-IDF
ID_5379515759830546;0.3663;0.4083;0.6000;0.4000;0.4000;0.1250;0.1667;0.3333;0.0984;0.4315;0.6521;0.1673;0.5766;0.6400;5;10;TF-IDF
ID_4739118307577897;0.5216;0.5557;0.6000;0.5000;0.5500;0.0750;0.1250;0.2750;0.0924;0.8400;0.6663;0.1753;0.8400;0.6287;6;13;TF-IDF
ID_4751064542106755;0.4369;0.4320;0.6000;0.3000;0.2500;0.1875;0.1875;0.3125;0.1719;0.5867;0.6223;0.2022;0.7733;0.6546;3;5;TF-IDF
ID_4765080870408661;0.1863;0.1695;0.2000;0.3000;0.2500;0.0270;0.0811;0.1351;0.0411;0.3270;0.6705;0.0563;0.3648;0.6632;3;5;TF-IDF
ID_4824419385318370;0.3529;0.3034;0.2000;0.4000;0.3000;0.0303;0.1212;0.1818;0.0501;0.6374;0.6727;0.0713;0.7457;0.6322;4;7;TF-IDF
ID_6284168579617066;0.3246;0.3303;0.4000;0.4000;0.4000;0.0870;0.1739;0.3478;0.0693;0.6748;0.6461;0.1407;0.7864;0.6630;4;8;TF-IDF
ID_9848311210578810;0.4378;0.3198;0.6000;0.5000;0.3000;0.0652;0.1087;0.1304;0.0592;0.4559;0.6868;0.0658;0.6181;0.6749;5;7;TF-IDF
ID_5768000922241088;0.1553;0.2455;0.0000;0.2000;0.3000;0.0000;0.1176;0.3529;0.0204;0.7212;0.6135;0.0891;0.8084;0.6750;3;9;TF-IDF
ID_2647529909397336;0.1284;0.1219;0.2000;0.2000;0.1500;0.0385;0.0769;0.1154;0.0224;0.6109;0.6217;0.0288;0.6657;0.6432;2;3;TF-IDF
ID_5465930712415985;0.4533;0.4251;0.6000;0.4000;0.3500;0.0857;0.1143;0.2000;0.0817;0.6364;0.5098;0.1152;0.7769;0.5905;4;7;TF-IDF
ID_5486280310533660;0.4129;0.3595;0.6000;0.5000;0.4000;0.0789;0.1316;0.2105;0.0692;0.5881;0.4335;0.1075;0.7109;0.5773;6;10;TF-IDF
ID_5605590098640584;0.1140;0.1731;0.2000;0.2000;0.2500;0.0333;0.0667;0.1667;0.0179;0.6777;0.5734;0.0469;0.7441;0.5958;2;6;TF-IDF
ID_5719239270509869;0.7632;0.5771;0.8000;0.7000;0.5000;0.0714;0.1250;0.1786;0.1079;0.7073;0.6316;0.1403;0.8314;0.6497;7;10;TF-IDF
ID_4482652690766445;0.7788;0.6910;1.0000;0.7000;0.6500;0.0962;0.1346;0.2500;0.1224;0.7180;0.6377;0.1980;0.7967;0.6666;7;13;TF-IDF
ID_4585253466628293;0.3967;0.4168;0.4000;0.4000;0.4500;0.0645;0.1290;0.2903;0.0699;0.7179;0.7225;0.1454;0.7546;0.6877;4;9;TF-IDF
ID_4621534549550979;0.7281;0.6166;0.8000;0.7000;0.5500;0.1081;0.1892;0.2973;0.1536;0.7348;0.6398;0.2278;0.7769;0.6295;7;11;TF-IDF
ID_4639530865431823;0.2935;0.3424;0.2000;0.2000;0.3500;0.0303;0.0606;0.2121;0.0390;0.7212;0.6911;0.0845;0.8364;0.7425;2;7;TF-IDF
ID_6928187292584643;0.3920;0.4435;0.2000;0.4000;0.3500;0.0588;0.2353;0.4118;0.1216;0.6424;0.5890;0.1897;0.6887;0.6577;4;7;TF-IDF
ID_7027792126979693;0.2138;0.3555;0.0000;0.3000;0.4500;0.0000;0.1429;0.4286;0.0374;0.8452;0.5294;0.1725;0.8926;0.5892;4;10;TF-IDF
ID_7233450359051249;0.1795;0.1451;0.2000;0.2000;0.2000;0.0222;0.0444;0.0889;0.0130;0.5054;0.6043;0.0221;0.7228;0.5540;2;4;TF-IDF
ID_7282243679498643;0.3805;0.3805;0.2000;0.2000;0.1000;0.2500;0.5000;0.5000;0.1458;0.6730;0.4390;0.1458;0.7862;0.5260;2;2;TF-IDF
ID_6378129193246016;0.4622;0.3556;0.4000;0.4000;0.3000;0.0465;0.0930;0.1395;0.0558;0.4891;0.6227;0.0741;0.5465;0.6876;5;8;TF-IDF
ID_6425044612146340;0.2001;0.3000;0.4000;0.4000;0.4500;0.0625;0.1250;0.2812;0.0585;0.9041;0.6810;0.1267;0.9361;0.6662;4;9;TF-IDF
ID_6509414402989975;0.2120;0.2472;0.0000;0.3000;0.2500;0.0000;0.2000;0.3333;0.0552;0.3902;0.7395;0.0894;0.6992;0.7421;5;8;TF-IDF
ID_6564076531735310;0.5485;0.5786;0.6000;0.6000;0.6500;0.0789;0.1579;0.3421;0.1284;0.8385;0.6040;0.2500;0.8624;0.6343;6;14;TF-IDF
ID_3919711591553904;0.6722;0.6300;0.4000;0.7000;0.6500;0.0476;0.1667;0.3095;0.1205;0.7982;0.6540;0.2219;0.8248;0.6026;7;13;TF-IDF
ID_3971396576832634;0.1819;0.2685;0.2000;0.2000;0.3000;0.0400;0.0800;0.2400;0.0333;0.8213;0.5487;0.0722;0.8696;0.5608;3;8;TF-IDF
ID_3977660018939385;0.7559;0.5406;1.0000;0.7000;0.4500;0.1562;0.2188;0.2812;0.2188;0.7274;0.6101;0.2597;0.8051;0.6111;7;9;TF-IDF
ID_4061301060228632;0.6469;0.5024;0.8000;0.7000;0.4500;0.1600;0.2800;0.3600;0.2074;0.5213;0.5429;0.2618;0.5319;0.5925;7;9;TF-IDF
ID_6631439861070680;0.3108;0.3607;0.2000;0.4000;0.4500;0.0294;0.1176;0.2647;0.0461;0.7236;0.5161;0.1157;0.7889;0.6062;4;9;TF-IDF
ID_6785547194105600;0.4186;0.4210;0.6000;0.5000;0.4500;0.1364;0.2273;0.4091;0.1283;0.8421;0.4915;0.2237;0.9043;0.5417;5;9;TF-IDF
ID_6806722604010480;0.7449;0.5845;1.0000;0.7000;0.5000;0.0943;0.1321;0.1887;0.1232;0.8573;0.6035;0.1543;0.8765;0.6282;7;10;TF-IDF
ID_6912702802413733;0.4794;0.4748;0.4000;0.4000;0.4000;0.0952;0.1905;0.3810;0.1184;0.8393;0.4972;0.1944;0.9241;0.6531;5;9;TF-IDF
ID_7581282834093314;0.5339;0.5295;0.8000;0.6000;0.5000;0.1905;0.2857;0.4762;0.2524;0.3859;0.6009;0.3502;0.5054;0.7278;7;11;TF-IDF
ID_7645565922415708;0.2543;0.3216;0.2000;0.2000;0.3000;0.0455;0.0909;0.2727;0.0281;0.6920;0.6396;0.0805;0.7543;0.6544;3;7;TF-IDF
ID_7669967284860729;0.2901;0.2564;0.4000;0.5000;0.3500;0.0667;0.1667;0.2333;0.0721;0.8056;0.5314;0.0986;0.8333;0.5954;5;7;TF-IDF
ID_7884742100487918;0.1258;0.1780;0.4000;0.2000;0.2000;0.1429;0.1429;0.2857;0.0464;0.7494;0.7370;0.0768;0.8056;0.7011;2;4;TF-IDF
ID_6249814039461102;0.3485;0.3770;0.4000;0.3000;0.3500;0.0800;0.1200;0.2800;0.0800;0.7059;0.6503;0.1405;0.8309;0.6136;3;7;TF-IDF
ID_6266684004174408;0.6137;0.5408;0.6000;0.5000;0.4500;0.0882;0.1471;0.2647;0.1242;0.9475;0.6440;0.1850;0.9650;0.7066;5;9;TF-IDF
ID_6286838179330044;0.2305;0.2943;0.2000;0.3000;0.3000;0.0370;0.1111;0.2222;0.0309;0.5702;0.6164;0.0655;0.6364;0.6911;3;6;TF-IDF
ID_6328263723211152;0.5730;0.4784;0.6000;0.6000;0.4500;0.0811;0.1622;0.2432;0.1278;0.7623;0.6113;0.1729;0.8468;0.5941;6;9;TF-IDF
ID_5942068988379022;0.1425;0.3440;0.2000;0.2000;0.4500;0.0333;0.0667;0.3000;0.0178;0.6349;0.5528;0.1112;0.7695;0.5327;2;10;TF-IDF
ID_6009627088282581;0.0896;0.1483;0.0000;0.2000;0.2000;0.0000;0.0690;0.1379;0.0144;0.6923;0.4823;0.0310;0.7949;0.5283;4;8;TF-IDF
ID_6072065135325168;0.1834;0.1524;0.2000;0.2000;0.1500;0.0303;0.0606;0.0909;0.0188;0.2857;0.6401;0.0241;0.5179;0.6587;2;3;TF-IDF
ID_6170215694392885;0.5194;0.4099;0.6000;0.5000;0.3500;0.0909;0.1515;0.2121;0.0822;0.4595;0.5683;0.1125;0.5170;0.6383;8;10;TF-IDF
ID_9194357390613404;0.2518;0.3460;0.6000;0.4000;0.4000;0.1500;0.2000;0.4000;0.1000;0.6250;0.6280;0.1899;0.6875;0.6369;4;8;TF-IDF
ID_9274887847308980;0.1774;0.2314;0.4000;0.2000;0.2000;0.1429;0.1429;0.2857;0.0464;0.6875;0.7518;0.0808;0.7375;0.7546;3;5;TF-IDF
ID_9342074717900720;0.0750;0.1172;0.0000;0.1000;0.2000;0.0000;0.0244;0.0976;0.0041;0.8475;0.7223;0.0168;0.8983;0.6941;4;8;TF-IDF
ID_9356303217059472;0.2913;0.3559;0.6000;0.4000;0.4500;0.1034;0.1379;0.3103;0.0954;0.7302;0.7129;0.1715;0.8073;0.6933;6;13;TF-IDF
ID_9395715443254344;0.6801;0.5981;0.8000;0.7000;0.5500;0.1111;0.1944;0.3056;0.1495;0.5060;0.6152;0.2188;0.6892;0.6201;7;11;TF-IDF
ID_9513562131313692;0.3645;0.2906;0.4000;0.4000;0.2000;0.1000;0.2000;0.2000;0.1221;0.9048;0.6457;0.1221;0.9048;0.6178;4;4;TF-IDF
ID_9518540102256518;0.0948;0.1717;0.2000;0.1000;0.1500;0.0435;0.0435;0.1304;0.0109;0.5480;0.5400;0.0252;0.6160;0.5277;1;4;TF-IDF
ID_9527193250756102;0.4983;0.5053;0.8000;0.5000;0.4000;0.2500;0.3125;0.5000;0.2089;0.7625;0.5835;0.2940;0.8063;0.5990;5;8;TF-IDF
ID_7385883792624886;0.7143;0.6904;0.8000;0.8000;0.7500;0.1333;0.2667;0.5000;0.2388;0.8673;0.4745;0.4245;0.9184;0.4965;8;15;TF-IDF
ID_7436135069574190;0.7157;0.6424;0.8000;0.8000;0.6500;0.0930;0.1860;0.3023;0.1665;0.7153;0.6063;0.2543;0.8293;0.6711;8;13;TF-IDF
ID_7527179767450432;0.0632;0.1768;0.0000;0.2000;0.2500;0.0000;0.0833;0.2083;0.0153;0.7880;0.6223;0.0478;0.8754;0.6705;2;7;TF-IDF
ID_7551488096449640;0.3180;0.2734;0.2000;0.5000;0.3500;0.0400;0.2000;0.2800;0.0741;0.6846;0.7127;0.1097;0.7785;0.7021;5;7;TF-IDF
ID_8814823545159504;0.1357;0.1918;0.0000;0.2000;0.2500;0.0000;0.0526;0.1316;0.0091;0.5825;0.6160;0.0284;0.7600;0.6279;2;5;TF-IDF
ID_8817420732602033;0.6137;0.4783;0.6000;0.5000;0.4000;0.0612;0.1020;0.1633;0.0862;0.8087;0.6629;0.1104;0.8870;0.6455;5;8;TF-IDF
ID_8867390850809735;0.6497;0.5635;0.8000;0.6000;0.5000;0.1429;0.2143;0.3571;0.1642;0.8585;0.5528;0.2473;0.9073;0.6575;6;10;TF-IDF
ID_8903183021436431;0.3673;0.4406;0.4000;0.4000;0.4000;0.1429;0.2857;0.5714;0.1018;0.5988;0.6739;0.2072;0.6512;0.6446;6;11;TF-IDF
ID_9703848266137282;0.4782;0.3918;0.8000;0.5000;0.4000;0.1212;0.1515;0.2424;0.1429;0.4748;0.6331;0.1819;0.6403;0.6737;5;8;TF-IDF
ID_0202840339575079;0.2017;0.2721;0.2000;0.3000;0.2500;0.0769;0.2308;0.3846;0.0861;0.8218;0.5858;0.1354;0.8713;0.6468;3;5;TF-IDF
ID_0321740024191482;0.3046;0.3268;0.6000;0.5000;0.4000;0.0968;0.1613;0.2581;0.1174;0.4650;0.6582;0.1549;0.5471;0.6966;5;8;TF-IDF
ID_0565062540207457;0.3021;0.2381;0.2000;0.2000;0.1500;0.0417;0.0833;0.1250;0.0509;0.6282;0.6514;0.0599;0.7513;0.6574;3;4;TF-IDF
ID_4656875806985353;0.6040;0.5610;0.6000;0.6000;0.5500;0.0789;0.1579;0.2895;0.1157;0.7241;0.4322;0.1890;0.7931;0.5570;6;12;TF-IDF
ID_4702999283260777;0.5220;0.4361;0.6000;0.6000;0.4500;0.0732;0.1463;0.2195;0.1012;0.5760;0.7528;0.1324;0.7542;0.6775;6;9;TF-IDF
ID_4703015447173949;0.4758;0.6157;0.6000;0.8000;0.7500;0.1154;0.3077;0.5769;0.2298;0.9087;0.4883;0.4504;0.9635;0.5023;8;15;TF-IDF
ID_4720283421615359;0.4320;0.5272;0.6000;0.5000;0.6000;0.0652;0.1087;0.2609;0.0565;0.4794;0.6088;0.1441;0.6125;0.6395;5;12;TF-IDF
ID_8241999499678979;0.7900;0.6565;0.8000;0.7000;0.6500;0.1143;0.2000;0.3714;0.1817;0.6232;0.6486;0.2909;0.7474;0.6798;8;14;TF-IDF
ID_8243102075060800;0.6620;0.6045;0.6000;0.6000;0.5500;0.0612;0.1224;0.2245;0.0933;0.8966;0.6173;0.1528;0.9310;0.6231;6;11;TF-IDF
ID_8302605179522059;0.3335;0.4256;0.4000;0.4000;0.4500;0.0769;0.1538;0.3462;0.0748;0.6232;0.6506;0.1616;0.6756;0.6218;4;10;TF-IDF
ID_8351785832221386;0.4534;0.4760;0.4000;0.4000;0.4000;0.0952;0.1905;0.3810;0.1061;0.7900;0.4545;0.1871;0.8635;0.4760;5;10;TF-IDF
ID_7900399551528003;0.3811;0.3531;0.4000;0.3000;0.3000;0.0667;0.1000;0.2000;0.0611;0.7500;0.5044;0.0941;0.7806;0.5564;3;6;TF-IDF
ID_8049184468038869;0.8072;0.7161;1.0000;0.8000;0.7000;0.1042;0.1667;0.2917;0.1667;0.6389;0.7078;0.2618;0.8149;0.6947;8;14;TF-IDF
ID_8220266376719566;0.7453;0.7284;0.8000;0.7000;0.7000;0.0952;0.1667;0.3333;0.1361;0.8791;0.5863;0.2535;0.9253;0.6197;7;14;TF-IDF
ID_8237569228020224;0.3616;0.3204;0.4000;0.2000;0.1500;0.1250;0.1250;0.1875;0.0875;0.7143;0.5369;0.0974;0.8143;0.5856;2;3;TF-IDF
ID_8391182235603982;0.4638;0.4490;0.6000;0.5000;0.5000;0.0750;0.1250;0.2500;0.0858;0.8191;0.4948;0.1525;0.8936;0.6155;5;11;TF-IDF
ID_8392547704796029;0.5049;0.4902;0.6000;0.4000;0.2000;0.3000;0.4000;0.4000;0.3500;0.6835;0.5377;0.3500;0.8257;0.5779;5;7;TF-IDF
ID_8462865850328344;0.4323;0.4915;0.6000;0.5000;0.5500;0.0811;0.1351;0.2973;0.0841;0.8540;0.6123;0.1732;0.8796;0.6667;5;11;TF-IDF
ID_8463458737785676;0.7761;0.6631;1.0000;0.8000;0.7000;0.1250;0.2000;0.3500;0.1894;0.6620;0.6023;0.3047;0.7341;0.6530;8;15;TF-IDF
ID_8492376468047417;0.7968;0.6573;1.0000;0.7000;0.4500;0.2381;0.3333;0.4286;0.3274;0.7360;0.5670;0.3835;0.8119;0.6648;7;12;TF-IDF
ID_8496716957724133;0.4252;0.4039;0.4000;0.5000;0.5500;0.0556;0.1389;0.3056;0.0813;0.7093;0.5333;0.1694;0.7439;0.5350;5;11;TF-IDF
ID_8546635518344761;0.3566;0.3340;0.4000;0.4000;0.3500;0.0909;0.1818;0.3182;0.0866;0.5894;0.6159;0.1422;0.7337;0.6727;4;8;TF-IDF
ID_8563794592947521;0.3613;0.3633;0.6000;0.4000;0.4000;0.0968;0.1290;0.2581;0.0699;0.7445;0.5486;0.1237;0.8477;0.5675;4;8;TF-IDF
ID_3172179226768630;0.3985;0.3760;0.8000;0.6000;0.5500;0.1000;0.1500;0.2750;0.1162;0.7011;0.5774;0.1926;0.8506;0.6151;7;12;TF-IDF
ID_6041333024387123;0.7170;0.5077;0.8000;0.6000;0.3500;0.1081;0.1622;0.1892;0.1393;0.6989;0.4322;0.1520;0.8068;0.5845;8;11;TF-IDF
ID_9002048584203951;0.1562;0.2685;0.4000;0.3000;0.3000;0.1538;0.2308;0.4615;0.0949;0.8784;0.5634;0.1768;0.9324;0.5969;3;6;TF-IDF
ID_0934428004504955;0.6217;0.5058;0.6000;0.6000;0.4500;0.0732;0.1463;0.2195;0.0991;0.6844;0.6289;0.1357;0.8023;0.6415;6;9;TF-IDF
ID_4629575839285869;0.6243;0.5783;0.6000;0.6000;0.5500;0.0682;0.1364;0.2500;0.0939;0.7273;0.6007;0.1584;0.7273;0.6280;6;11;TF-IDF
ID_4747666293431338;0.0000;0.0351;0.0000;0.0000;0.1000;0.0000;0.0000;0.0870;0.0000;0.2401;0.4551;0.0085;0.4742;0.5530;0;2;TF-IDF
ID_6120952417164903;0.6969;0.6677;0.8000;0.6000;0.6000;0.0702;0.1053;0.2105;0.0924;0.8038;0.5989;0.1569;0.8457;0.6179;6;13;TF-IDF
ID_6372649810646310;0.1908;0.1751;0.2000;0.4000;0.2500;0.0256;0.1026;0.1282;0.0438;0.5488;0.6690;0.0544;0.6397;0.6594;4;5;TF-IDF
ID_2050094723109880;0.6808;0.5194;0.8000;0.7000;0.5500;0.1176;0.2059;0.3235;0.1836;0.5011;0.5669;0.2514;0.5874;0.5886;7;11;TF-IDF
ID_2158196443144675;0.6746;0.6286;0.8000;0.6000;0.6000;0.0952;0.1429;0.2857;0.1153;0.7569;0.5252;0.2039;0.8059;0.4881;6;12;TF-IDF
ID_2160668047976488;0.1254;0.1558;0.2000;0.2000;0.2000;0.0435;0.0870;0.1739;0.0196;0.6953;0.6208;0.0376;0.7500;0.5838;3;5;TF-IDF
ID_3192797452693362;0.5381;0.4642;0.6000;0.5000;0.4000;0.0938;0.1562;0.2500;0.1068;0.8261;0.5500;0.1561;0.9052;0.5125;6;9;TF-IDF
ID_8655277884027052;0.4112;0.3925;0.6000;0.4000;0.2500;0.2727;0.3636;0.4545;0.1859;0.7465;0.6338;0.2098;0.7926;0.6847;5;7;TF-IDF
ID_8721994758453503;0.3033;0.3388;0.2000;0.3000;0.3000;0.0370;0.1111;0.2222;0.0368;0.8214;0.4995;0.0816;0.8968;0.5416;5;8;TF-IDF
ID_8736721273068415;0.5693;0.5239;0.6000;0.6000;0.5500;0.0714;0.1429;0.2619;0.0966;0.7274;0.5251;0.1676;0.7913;0.6378;6;11;TF-IDF
ID_8754335906813622;0.6531;0.5012;0.6000;0.6000;0.4000;0.0938;0.1875;0.2500;0.1348;0.5420;0.6765;0.1703;0.6685;0.6829;7;10;TF-IDF
ID_4916914753471904;0.0372;0.1227;0.0000;0.1000;0.1500;0.0000;0.0714;0.2143;0.0089;0.8218;0.5887;0.0384;0.8750;0.6554;1;3;TF-IDF
ID_3537062520522134;0.6241;0.5082;0.8000;0.6000;0.4500;0.1026;0.1538;0.2308;0.1380;0.7173;0.6406;0.1773;0.7497;0.6167;6;9;TF-IDF
ID_3402075097829969;0.6911;0.5535;0.8000;0.6000;0.4500;0.1333;0.2000;0.3000;0.1705;0.5382;0.5430;0.2245;0.6215;0.6452;6;9;TF-IDF
ID_3774796917452801;0.1442;0.1206;0.2000;0.1000;0.0500;0.0400;0.0400;0.0400;0.0100;0.7835;0.6449;0.0100;0.8144;0.6783;3;4;TF-IDF
ID_6723353746838236;0.4361;0.4890;0.4000;0.4000;0.4500;0.0909;0.1818;0.4091;0.0970;0.5702;0.6053;0.1973;0.7031;0.6240;4;11;TF-IDF
ID_7440413221171078;0.6719;0.4888;0.8000;0.6000;0.4000;0.0833;0.1250;0.1667;0.0995;0.6985;0.6291;0.1246;0.8291;0.6150;6;8;TF-IDF
ID_7796654028353519;0.2249;0.1914;0.4000;0.3000;0.2000;0.0541;0.0811;0.1081;0.0300;0.5050;0.5337;0.0383;0.6334;0.5657;3;4;TF-IDF
ID_8187863977340227;0.2201;0.2256;0.2000;0.1000;0.2000;0.0256;0.0256;0.1026;0.0256;0.6716;0.5916;0.0390;0.7623;0.5898;1;4;TF-IDF
ID_8293766070107110;0.3850;0.3729;0.4000;0.6000;0.5000;0.0476;0.1429;0.2381;0.0808;0.7932;0.6470;0.1298;0.8203;0.6376;6;11;TF-IDF
ID_2538869394815421;0.3259;0.2775;0.2000;0.2000;0.1000;0.0667;0.1333;0.1333;0.0833;0.7626;0.5691;0.0833;0.8022;0.6378;3;3;TF-IDF
ID_7426592963217111;0.5036;0.3759;0.4000;0.4000;0.2500;0.0741;0.1481;0.1852;0.1091;0.5205;0.5865;0.1206;0.6575;0.6322;4;5;TF-IDF
ID_2957078821185186;0.5868;0.4895;0.6000;0.5000;0.4000;0.1250;0.2083;0.3333;0.1562;0.3496;0.5143;0.2119;0.5133;0.6033;5;9;TF-IDF
ID_2662364620923506;0.2706;0.2988;0.4000;0.3000;0.2500;0.1176;0.1765;0.2941;0.1176;0.8298;0.4817;0.1471;0.8511;0.5759;3;5;TF-IDF
ID_7645303175022454;0.6206;0.5115;0.6000;0.7000;0.5000;0.0833;0.1944;0.2778;0.1550;0.7992;0.5846;0.2108;0.8740;0.6111;7;10;TF-IDF
ID_4185521570721716;0.4389;0.3540;0.4000;0.3000;0.2500;0.0800;0.1200;0.2000;0.0950;0.8043;0.6670;0.1184;0.8742;0.6012;4;6;TF-IDF
ID_0469666950995989;0.9266;0.8258;1.0000;0.9000;0.8000;0.1163;0.2093;0.3721;0.2015;0.8778;0.4828;0.3365;0.8985;0.5577;9;16;TF-IDF
ID_7057449448661416;0.1242;0.2553;0.2000;0.1000;0.1500;0.1000;0.1000;0.3000;0.0333;0.8025;0.5459;0.0746;0.8210;0.5492;1;4;TF-IDF
ID_5527724436785061;0.4326;0.4280;0.8000;0.5000;0.3500;0.1905;0.2381;0.3333;0.2087;0.7594;0.7035;0.2487;0.8957;0.6720;7;13;TF-IDF
ID_7506578377321090;0.3102;0.2582;0.2000;0.5000;0.3500;0.0385;0.1923;0.2692;0.0764;0.7078;0.5732;0.1058;0.7939;0.5246;5;7;TF-IDF
ID_2346700109498656;0.9306;0.7761;1.0000;0.9000;0.7000;0.1000;0.1800;0.2800;0.1758;0.9011;0.4831;0.2519;0.9216;0.5979;9;14;TF-IDF
ID_8807333466702951;0.5678;0.6453;0.6000;0.7000;0.6500;0.1071;0.2500;0.4643;0.2110;0.7728;0.5626;0.3667;0.7757;0.6091;7;13;TF-IDF
ID_9836776931160228;0.6234;0.6377;0.8000;0.7000;0.6000;0.2222;0.3889;0.6667;0.3099;0.6239;0.5906;0.4911;0.7778;0.5925;7;12;TF-IDF
ID_7082447037374118;0.3317;0.3240;0.4000;0.4000;0.3500;0.0556;0.1111;0.1944;0.0478;0.7886;0.5526;0.0740;0.8429;0.5842;4;8;TF-IDF
ID_9140990601961322;0.3120;0.2301;0.4000;0.3000;0.2500;0.0667;0.1000;0.1667;0.0500;0.5616;0.7205;0.0666;0.6849;0.7091;3;5;TF-IDF
ID_5183458350445779;0.1626;0.2023;0.2000;0.2000;0.2000;0.0345;0.0690;0.1379;0.0146;0.3267;0.5255;0.0355;0.6165;0.6219;3;5;TF-IDF
ID_7216933992248038;0.7760;0.6073;1.0000;0.8000;0.5500;0.1250;0.2000;0.2750;0.1883;0.7182;0.5282;0.2379;0.7841;0.6113;8;11;TF-IDF
ID_7495729402863374;0.3095;0.2695;0.0000;0.4000;0.3000;0.0000;0.1000;0.1500;0.0296;0.3770;0.5625;0.0469;0.6175;0.6823;6;8;TF-IDF
ID_9157872297410868;0.5850;0.5194;0.8000;0.4000;0.3500;0.1667;0.1667;0.2917;0.1667;0.5683;0.6025;0.2098;0.6414;0.6516;6;9;TF-IDF
ID_9308646552353762;0.5305;0.3776;0.4000;0.6000;0.4000;0.0526;0.1579;0.2105;0.0893;0.7786;0.5473;0.1101;0.8548;0.6043;6;8;TF-IDF
ID_6201224121456969;0.4124;0.4826;0.6000;0.4000;0.5000;0.0667;0.0889;0.2222;0.0541;0.7118;0.5538;0.1212;0.7734;0.5262;4;10;TF-IDF
ID_0251394799200508;0.4748;0.3213;0.4000;0.5000;0.3000;0.0714;0.1786;0.2143;0.1091;0.6860;0.7135;0.1225;0.7603;0.6918;5;6;TF-IDF
ID_0373061112091020;0.5617;0.5462;0.6000;0.5000;0.5000;0.0769;0.1282;0.2564;0.0856;0.6621;0.6847;0.1534;0.7679;0.6802;6;12;TF-IDF
ID_4068903193779093;0.0099;0.0659;0.0000;0.0000;0.0500;0.0000;0.0000;0.0625;0.0000;0.5763;0.6299;0.0057;0.5932;0.6109;1;3;TF-IDF
ID_8528934713225115;0.4878;0.5578;0.6000;0.8000;0.8000;0.0789;0.2105;0.4211;0.1441;0.8984;0.6854;0.3184;0.9257;0.6856;8;16;TF-IDF
ID_1686212165863890;0.2572;0.2904;0.4000;0.4000;0.3500;0.0625;0.1250;0.2188;0.0524;0.7369;0.5697;0.0875;0.8108;0.5629;4;7;TF-IDF
ID_2391615767440759;0.4614;0.4583;0.2000;0.5000;0.4500;0.0500;0.2500;0.4500;0.1326;0.8148;0.6135;0.2355;0.9074;0.6739;5;9;TF-IDF
ID_8971623116160175;0.1299;0.2674;0.0000;0.2000;0.3500;0.0000;0.0392;0.1373;0.0061;0.7593;0.4962;0.0409;0.8194;0.5757;2;7;TF-IDF
ID_8336765967978370;0.1396;0.1576;0.0000;0.2000;0.2000;0.0000;0.0645;0.1290;0.0118;0.5752;0.7208;0.0246;0.6991;0.6821;2;4;TF-IDF
ID_5680428710939826;0.4770;0.5079;0.6000;0.6000;0.5500;0.0938;0.1875;0.3438;0.1069;0.5913;0.4799;0.1926;0.6609;0.5686;8;16;TF-IDF
ID_4692364565124711;0.5389;0.4058;0.8000;0.4000;0.3000;0.1250;0.1250;0.1875;0.1109;0.6515;0.3789;0.1350;0.7879;0.5512;4;7;TF-IDF
ID_8479803539567479;0.6072;0.4831;0.6000;0.5000;0.3500;0.1304;0.2174;0.3043;0.1620;0.6743;0.6753;0.1986;0.7663;0.7596;7;10;TF-IDF
ID_7729955482153416;0.4441;0.4900;0.2000;0.4000;0.5000;0.0323;0.1290;0.3226;0.0667;0.7244;0.6430;0.1629;0.7350;0.6757;5;13;TF-IDF
ID_5305326747268396;0.3817;0.3257;0.4000;0.4000;0.3500;0.0571;0.1143;0.2000;0.0514;0.8625;0.6286;0.0817;0.8832;0.6311;5;10;TF-IDF
ID_1324132789176127;0.2524;0.3069;0.4000;0.3000;0.3500;0.0526;0.0789;0.1842;0.0325;0.6279;0.7305;0.0707;0.6860;0.7078;3;7;TF-IDF
ID_1248448556190472;0.0000;0.0096;0.0000;0.0000;0.0000;0.0000;0.0000;0.0000;0.0000;0.8034;0.4163;0.0000;0.8917;0.5477;0;1;TF-IDF
ID_3867942762661182;0.4616;0.4205;0.4000;0.4000;0.4000;0.0588;0.1176;0.2353;0.0685;0.5625;0.6198;0.1181;0.6875;0.6514;5;9;TF-IDF
ID_4028993334703256;0.5694;0.5312;0.8000;0.8000;0.5500;0.0976;0.1951;0.2683;0.1687;0.8681;0.6207;0.2209;0.9250;0.6655;8;11;TF-IDF
ID_5840732667923853;0.4820;0.6464;0.4000;0.3000;0.3000;0.2500;0.3750;0.7500;0.2969;0.8622;0.6629;0.4217;0.8806;0.6520;3;10;TF-IDF
ID_0037573905724394;0.5025;0.4565;0.6000;0.3000;0.3500;0.1000;0.1000;0.2333;0.1000;0.6154;0.6395;0.1509;0.7917;0.6435;6;11;TF-IDF
ID_0751166458904189;0.2201;0.1840;0.2000;0.1000;0.1000;0.0244;0.0244;0.0488;0.0244;0.4796;0.5616;0.0281;0.6735;0.6209;1;3;TF-IDF
ID_0845421586641237;0.3597;0.3798;0.2000;0.3000;0.3500;0.0400;0.1200;0.2800;0.0648;0.6541;0.5875;0.1284;0.7694;0.6128;3;7;TF-IDF
ID_0915732258069388;0.6296;0.5665;0.6000;0.4000;0.3500;0.1579;0.2105;0.3684;0.1623;0.5869;0.6298;0.2355;0.7246;0.6537;4;7;TF-IDF
ID_3790201696145434;0.3243;0.2857;0.4000;0.2000;0.1500;0.0769;0.0769;0.1154;0.0577;0.6302;0.5370;0.0666;0.7245;0.6343;3;4;TF-IDF
ID_4299344810509965;0.5384;0.5975;0.6000;0.5000;0.6000;0.0968;0.1613;0.3871;0.1196;0.6894;0.6395;0.2463;0.8248;0.7177;6;13;TF-IDF
ID_4897726772361601;0.3347;0.3910;0.6000;0.6000;0.5000;0.0938;0.1875;0.3125;0.1218;0.8179;0.5178;0.1891;0.8668;0.5645;8;15;TF-IDF
ID_6216261423282706;0.6699;0.5250;0.6000;0.8000;0.5500;0.0698;0.1860;0.2558;0.1235;0.8821;0.4588;0.1815;0.8932;0.5632;8;11;TF-IDF
ID_2929963416385218;0.4106;0.4128;0.4000;0.5000;0.4500;0.0541;0.1351;0.2432;0.0623;0.4947;0.5289;0.1160;0.6330;0.5238;5;10;TF-IDF
ID_6446047463034654;0.3440;0.3668;0.6000;0.5000;0.4000;0.0882;0.1471;0.2353;0.0801;0.6987;0.6925;0.1213;0.7867;0.7148;5;9;TF-IDF
ID_3555567955507382;0.6746;0.5448;0.8000;0.6000;0.4500;0.1250;0.1875;0.2812;0.1513;0.6612;0.5207;0.2047;0.7510;0.5381;6;9;TF-IDF
ID_0925726638062356;0.3307;0.4098;0.2000;0.5000;0.5500;0.0233;0.1163;0.2558;0.0469;0.7233;0.4613;0.1258;0.7592;0.4537;5;11;TF-IDF
ID_7181616799746888;0.6178;0.4621;0.8000;0.5000;0.3500;0.1538;0.1923;0.2692;0.1654;0.6083;0.6127;0.2043;0.7527;0.6495;5;7;TF-IDF
ID_8006865596138564;0.1205;0.2458;0.2000;0.2000;0.3000;0.0385;0.0769;0.2308;0.0238;0.8165;0.5878;0.0665;0.8660;0.6252;2;6;TF-IDF
ID_8318944131166018;0.3975;0.3422;0.2000;0.5000;0.3500;0.0435;0.2174;0.3043;0.0935;0.5799;0.6095;0.1241;0.7189;0.6262;5;7;TF-IDF
ID_8730904907286096;0.3024;0.3583;0.4000;0.4000;0.4500;0.0800;0.1600;0.3600;0.0762;0.5849;0.6411;0.1626;0.7167;0.6418;4;11;TF-IDF
ID_8664169441117482;0.3760;0.3627;0.4000;0.4000;0.4000;0.0769;0.1538;0.3077;0.1126;0.7442;0.6627;0.1757;0.8023;0.6650;4;8;TF-IDF
ID_3532765293459410;0.3714;0.4565;0.6000;0.5000;0.5500;0.0750;0.1250;0.2750;0.0706;0.7855;0.6287;0.1535;0.8637;0.6332;5;11;TF-IDF
ID_0715975668333522;0.5358;0.4735;0.4000;0.7000;0.5000;0.0741;0.2593;0.3704;0.1690;0.7230;0.6339;0.2225;0.8451;0.5736;7;10;TF-IDF
ID_2435447165044085;0.3700;0.4489;0.6000;0.4000;0.5000;0.0625;0.0833;0.2083;0.0565;0.4427;0.5331;0.1141;0.6399;0.6503;4;10;TF-IDF
ID_1717412318563908;0.1142;0.2219;0.2000;0.1000;0.3000;0.0294;0.0294;0.1765;0.0098;0.7069;0.5277;0.0472;0.8187;0.6189;1;7;TF-IDF
ID_7254844415865063;0.1732;0.2487;0.2000;0.2000;0.3000;0.0312;0.0625;0.1875;0.0182;0.5960;0.5301;0.0508;0.7232;0.5162;2;6;TF-IDF
ID_7797886762703247;0.3098;0.3227;0.6000;0.3000;0.2500;0.1111;0.1111;0.1852;0.0531;0.5153;0.6619;0.0711;0.6994;0.7005;4;7;TF-IDF
ID_2835093153489923;0.3178;0.3362;0.6000;0.3000;0.3500;0.1364;0.1364;0.3182;0.1098;0.4736;0.4634;0.1752;0.6357;0.5477;4;10;TF-IDF
ID_5598322661148873;0.2808;0.2880;0.6000;0.3000;0.3000;0.0938;0.0938;0.1875;0.0599;0.3991;0.6046;0.0906;0.5384;0.6298;3;6;TF-IDF
ID_6491144323495041;0.4288;0.3515;0.8000;0.4000;0.3000;0.1176;0.1176;0.1765;0.0799;0.5714;0.5342;0.1048;0.7143;0.5197;4;6;TF-IDF
ID_7233767393471644;0.1780;0.1579;0.0000;0.2000;0.1000;0.0000;0.1818;0.1818;0.0295;0.4245;0.6049;0.0295;0.4964;0.6301;5;5;TF-IDF
ID_0589484713269268;0.4708;0.4981;0.6000;0.5000;0.5500;0.1000;0.1667;0.3667;0.1315;0.6667;0.6164;0.2415;0.7206;0.5946;5;11;TF-IDF
ID_0247863649039393;0.0000;0.0741;0.0000;0.0000;0.1500;0.0000;0.0000;0.1111;0.0000;0.5827;0.6080;0.0139;0.6693;0.6050;0;3;TF-IDF
ID_1511271976880714;0.2088;0.2440;0.4000;0.4000;0.3000;0.0556;0.1111;0.1667;0.0435;0.5833;0.6405;0.0615;0.6833;0.7414;5;9;TF-IDF
ID_2170299963939072;0.5321;0.4830;0.6000;0.5000;0.3500;0.1500;0.2500;0.3500;0.1578;0.5698;0.7053;0.1919;0.6536;0.6806;5;7;TF-IDF
ID_3496070172209437;0.3058;0.2966;0.2000;0.5000;0.4000;0.0323;0.1613;0.2581;0.0694;0.6256;0.7011;0.1056;0.6651;0.6931;6;9;TF-IDF
ID_2918420759847932;0.1353;0.1879;0.2000;0.2000;0.2000;0.0476;0.0952;0.1905;0.0595;0.6230;0.6046;0.0796;0.7698;0.6085;3;7;TF-IDF
ID_2941335797138677;0.3809;0.4476;0.2000;0.3000;0.2500;0.0769;0.2308;0.3846;0.1355;0.5147;0.5529;0.1908;0.6682;0.5585;4;7;TF-IDF
ID_3107924103069456;0.3786;0.2443;0.4000;0.3000;0.1500;0.0444;0.0667;0.0667;0.0406;0.2603;0.6631;0.0406;0.3173;0.5828;3;3;TF-IDF
ID_3828820650816481;0.0293;0.0586;0.0000;0.0000;0.0500;0.0000;0.0000;0.0400;0.0000;0.5794;0.6248;0.0024;0.5981;0.6001;2;3;TF-IDF
ID_0890857354198687;0.2480;0.2724;0.4000;0.3000;0.3000;0.0645;0.0968;0.1935;0.0538;0.6984;0.6580;0.0841;0.7619;0.6231;3;6;TF-IDF
ID_4928616387172275;0.6006;0.5252;0.8000;0.6000;0.5500;0.1143;0.1714;0.3143;0.1348;0.6509;0.6404;0.2207;0.7736;0.6237;6;11;TF-IDF
ID_1008924786363328;0.4173;0.4142;0.2000;0.4000;0.4000;0.0244;0.0976;0.1951;0.0552;0.6748;0.5766;0.0991;0.7961;0.5672;5;9;TF-IDF
ID_1049734269570870;0.5680;0.5566;0.6000;0.4000;0.3500;0.1667;0.2222;0.3889;0.1984;0.8647;0.5184;0.2627;0.9023;0.5042;4;7;TF-IDF
ID_0426611082211389;0.6236;0.5838;0.8000;0.5000;0.5000;0.1212;0.1515;0.3030;0.1341;0.2361;0.5539;0.2058;0.3100;0.6353;5;12;TF-IDF
ID_9071551767043294;0.3134;0.2680;0.4000;0.5000;0.3500;0.0488;0.1220;0.1707;0.0514;0.5446;0.5720;0.0680;0.7525;0.5797;5;7;TF-IDF
ID_3412816427200150;0.6316;0.6262;0.4000;0.6000;0.6000;0.0435;0.1304;0.2609;0.0888;0.5328;0.5939;0.1755;0.6504;0.6274;6;12;TF-IDF
ID_1510655084439926;0.1948;0.1796;0.2000;0.1000;0.1000;0.0500;0.0500;0.1000;0.0125;0.7643;0.5840;0.0187;0.8344;0.6051;5;7;TF-IDF
ID_7864739127485412;0.1367;0.1495;0.2000;0.2000;0.1500;0.0833;0.1667;0.2500;0.0333;0.6700;0.6679;0.0526;0.7700;0.6816;3;4;TF-IDF
ID_7998391975397420;0.4451;0.3429;0.4000;0.5000;0.3500;0.0455;0.1136;0.1591;0.0568;0.4990;0.6468;0.0815;0.6362;0.5957;5;7;TF-IDF
ID_8415872554112911;0.4329;0.3805;0.4000;0.6000;0.5000;0.0417;0.1250;0.2083;0.0776;0.6842;0.6129;0.1270;0.8487;0.6408;6;10;TF-IDF
ID_9978219072711522;0.4570;0.4309;0.4000;0.4000;0.3500;0.0667;0.1333;0.2333;0.0824;0.5754;0.6669;0.1254;0.6767;0.6670;4;8;TF-IDF
ID_1055919327809289;0.2301;0.1819;0.4000;0.4000;0.2000;0.0909;0.1818;0.1818;0.0706;0.7398;0.4990;0.0706;0.8724;0.5228;4;5;TF-IDF
ID_1065092574463217;0.6585;0.5695;0.6000;0.6000;0.4500;0.1200;0.2400;0.3600;0.1731;0.5000;0.5415;0.2471;0.7027;0.6699;7;10;TF-IDF
ID_2011798051420211;0.5384;0.4734;0.6000;0.4000;0.4000;0.0638;0.0851;0.1702;0.0745;0.8017;0.6083;0.1139;0.8926;0.5225;4;8;TF-IDF
ID_4842733764531027;0.2520;0.2427;0.4000;0.3000;0.2500;0.0833;0.1250;0.2083;0.0472;0.7677;0.6313;0.0723;0.8384;0.6714;5;7;TF-IDF
ID_7275057980870698;0.2154;0.2378;0.2000;0.3000;0.2000;0.0526;0.1579;0.2105;0.0431;0.6655;0.6079;0.0607;0.7641;0.6027;4;7;TF-IDF
ID_8218059267505950;0.4725;0.4694;0.6000;0.4000;0.4000;0.0750;0.1000;0.2000;0.0761;0.7548;0.5388;0.1186;0.8031;0.5848;4;8;TF-IDF
ID_2018317447324228;0.0000;0.1476;0.0000;0.0000;0.1500;0.0000;0.0000;0.1500;0.0000;0.5245;0.6743;0.0186;0.6993;0.6868;0;4;TF-IDF
ID_0138378882454566;0.3244;0.4029;0.2000;0.3000;0.2500;0.0833;0.2500;0.4167;0.0843;0.7987;0.5049;0.1271;0.8377;0.5520;5;8;TF-IDF
ID_5379986303796142;0.2315;0.2778;0.2000;0.3000;0.2000;0.0667;0.2000;0.2667;0.0746;0.7112;0.5712;0.0951;0.8120;0.6125;3;6;TF-IDF
ID_5527372479338852;0.1675;0.1867;0.2000;0.2000;0.1500;0.0417;0.0833;0.1250;0.0176;0.5314;0.6592;0.0254;0.7782;0.6648;5;7;TF-IDF
ID_5554472337681978;0.3863;0.4324;0.4000;0.5000;0.5000;0.1053;0.2632;0.5263;0.1094;0.8269;0.6100;0.2493;0.8990;0.6203;5;10;TF-IDF
ID_6055327284413923;0.1256;0.1630;0.2000;0.2000;0.3000;0.0286;0.0571;0.1714;0.0190;0.7888;0.5274;0.0531;0.9130;0.5513;2;6;TF-IDF
ID_7605544176812022;0.3903;0.4341;0.4000;0.2000;0.2000;0.1176;0.1176;0.2353;0.0882;0.7246;0.5954;0.1138;0.7681;0.6081;6;10;TF-IDF
ID_7606805059403041;0.5615;0.4975;0.6000;0.6000;0.5500;0.0698;0.1395;0.2558;0.0873;0.6466;0.5572;0.1523;0.8319;0.5799;6;11;TF-IDF
ID_8391627429679768;0.9266;0.7401;1.0000;0.9000;0.6500;0.1429;0.2571;0.3714;0.2475;0.8069;0.3255;0.3343;0.9034;0.4448;9;13;TF-IDF
ID_8948444880792780;0.4252;0.4113;0.4000;0.3000;0.3500;0.0606;0.0909;0.2121;0.0707;0.6790;0.6257;0.1095;0.7878;0.6724;3;7;TF-IDF
ID_2153506219894492;0.3052;0.3084;0.4000;0.2000;0.2500;0.0741;0.0741;0.1852;0.0519;0.2886;0.5792;0.0885;0.4638;0.6712;2;5;TF-IDF
ID_8472079174657098;0.0000;0.0000;0.0000;0.0000;0.0000;0.0000;0.0000;0.0000;0.0000;0.5976;0.6692;0.0000;0.7032;0.7127;0;0;TF-IDF
ID_1623651835700843;0.4221;0.3481;0.6000;0.4000;0.3000;0.0600;0.0800;0.1200;0.0517;0.5804;0.6677;0.0692;0.6667;0.6182;4;6;TF-IDF
ID_5373038582397407;0.3837;0.5720;0.6000;0.5000;0.6000;0.1304;0.2174;0.5217;0.1434;0.6788;0.5670;0.3141;0.8268;0.6262;6;13;TF-IDF
ID_4038930548278283;0.4819;0.4545;0.4000;0.4000;0.4000;0.0500;0.1000;0.2000;0.0685;0.6920;0.5514;0.1119;0.7595;0.5941;4;8;TF-IDF
ID_4844986337654168;0.5295;0.4426;0.6000;0.5000;0.5000;0.0857;0.1429;0.2857;0.1056;0.7540;0.5570;0.1861;0.8016;0.6145;5;10;TF-IDF
ID_7024780289532391;0.2484;0.2376;0.4000;0.2000;0.2000;0.0952;0.0952;0.1905;0.0397;0.5202;0.6974;0.0616;0.6275;0.7466;4;8;TF-IDF
ID_7109489698613515;0.6623;0.5555;0.6000;0.7000;0.5500;0.0882;0.2059;0.3235;0.1636;0.6449;0.7186;0.2487;0.7257;0.7042;7;11;TF-IDF
ID_2689400605282903;0.0559;0.1836;0.2000;0.1000;0.2000;0.0625;0.0625;0.2500;0.0208;0.4148;0.4569;0.0576;0.6566;0.5917;1;4;TF-IDF
ID_2815105916715425;0.3850;0.3385;0.6000;0.4000;0.3500;0.0698;0.0930;0.1628;0.0475;0.7126;0.6118;0.0781;0.8178;0.6341;4;7;TF-IDF
ID_8059432725797514;0.2221;0.3002;0.2000;0.3000;0.3000;0.0625;0.1875;0.3750;0.0491;0.6791;0.6070;0.1124;0.7913;0.5948;3;9;TF-IDF
ID_6593457386037361;0.3881;0.3544;0.6000;0.6000;0.4000;0.1500;0.3000;0.4000;0.1786;0.6480;0.6578;0.2192;0.7755;0.6332;6;8;TF-IDF
ID_4010781324120944;0.3052;0.3103;0.4000;0.2000;0.2500;0.0769;0.0769;0.1923;0.0538;0.4428;0.6593;0.0850;0.4783;0.6711;2;5;TF-IDF
ID_1029892667445223;0.2149;0.2981;0.2000;0.4000;0.3500;0.0333;0.1333;0.2333;0.0498;0.8425;0.4192;0.0897;0.8910;0.5111;4;8;TF-IDF
ID_1906784092048967;0.4473;0.4120;0.4000;0.4000;0.3500;0.0870;0.1739;0.3043;0.1000;0.5827;0.6400;0.1511;0.6355;0.6254;4;7;TF-IDF
ID_1468516584214940;0.4445;0.4445;0.6000;0.3000;0.1500;0.3333;0.3333;0.3333;0.3333;0.4191;0.5854;0.3333;0.5455;0.5585;3;3;TF-IDF
ID_7119886675051877;0.3641;0.4061;0.4000;0.3000;0.2000;0.1667;0.2500;0.3333;0.1167;0.4039;0.5654;0.1375;0.5730;0.6141;4;8;TF-IDF
ID_6996216192141104;0.1555;0.1774;0.2000;0.3000;0.2500;0.0455;0.1364;0.2273;0.0492;0.6952;0.5803;0.0806;0.8459;0.5854;3;5;TF-IDF
ID_6327043382765149;0.2005;0.3125;0.0000;0.2000;0.2000;0.0000;0.3333;0.6667;0.0579;0.4244;0.6952;0.1384;0.5378;0.6415;3;7;TF-IDF
ID_3516498227896709;0.1100;0.0862;0.2000;0.1000;0.1000;0.0312;0.0312;0.0625;0.0104;0.2222;0.4884;0.0146;0.4278;0.6269;1;2;TF-IDF
ID_3718352314610417;0.7529;0.6207;1.0000;0.8000;0.6000;0.1220;0.1951;0.2927;0.1813;0.4805;0.6052;0.2391;0.5789;0.5971;8;12;TF-IDF
ID_4357242053529029;0.6717;0.6171;0.8000;0.7000;0.6000;0.1739;0.3043;0.5217;0.2174;0.7492;0.5174;0.3615;0.8073;0.5917;8;14;TF-IDF
ID_8647270006257055;0.2397;0.2120;0.0000;0.4000;0.3000;0.0000;0.1481;0.2222;0.0439;0.6534;0.5726;0.0705;0.7870;0.5633;4;6;TF-IDF
ID_7420544439193388;0.4681;0.5127;0.8000;0.5000;0.6500;0.1379;0.1724;0.4483;0.1152;0.8319;0.5463;0.2803;0.8661;0.6509;6;14;TF-IDF
ID_3979449149442968;0.4003;0.5381;0.4000;0.4000;0.4000;0.1333;0.2667;0.5333;0.1486;0.6835;0.6500;0.2814;0.7278;0.6658;4;9;TF-IDF
ID_6046165866539973;0.2751;0.3015;0.2000;0.3000;0.2000;0.0625;0.1875;0.2500;0.0990;0.5596;0.7049;0.1217;0.7202;0.6581;3;4;TF-IDF
ID_9450460842293932;0.2352;0.1659;0.4000;0.2000;0.1500;0.0625;0.0625;0.0938;0.0281;0.7407;0.5561;0.0331;0.7817;0.5566;3;4;TF-IDF
ID_0422319714962244;0.3116;0.2729;0.4000;0.3000;0.2500;0.0625;0.0938;0.1562;0.0781;0.6330;0.6219;0.0972;0.6860;0.6802;3;5;TF-IDF
ID_7151870174700608;0.2401;0.3120;0.2000;0.3000;0.3000;0.0500;0.1500;0.3000;0.0433;0.5896;0.6253;0.0910;0.7007;0.6606;3;6;TF-IDF
ID_7572366766177648;0.7958;0.6674;1.0000;0.9000;0.7000;0.1111;0.2000;0.3111;0.1894;0.6690;0.5382;0.2713;0.7253;0.6542;9;14;TF-IDF
ID_8892459126928726;0.6300;0.4439;0.8000;0.5000;0.3000;0.0667;0.0833;0.1000;0.0759;0.2410;0.5180;0.0836;0.3476;0.5499;5;6;TF-IDF
ID_8970751075617926;0.1682;0.2856;0.2000;0.2000;0.3000;0.0556;0.1111;0.3333;0.0298;0.5045;0.5043;0.0895;0.5787;0.5250;2;6;TF-IDF
ID_1132672107627968;0.3621;0.4063;0.2000;0.3000;0.4500;0.0323;0.0968;0.2903;0.0527;0.6218;0.6078;0.1311;0.7479;0.6375;3;9;TF-IDF
ID_2887736963561252;0.2179;0.2234;0.4000;0.3000;0.3000;0.0606;0.0909;0.1818;0.0394;0.6891;0.5379;0.0679;0.7899;0.5987;3;6;TF-IDF
ID_8590492866942091;0.4265;0.3798;0.6000;0.3000;0.3000;0.1200;0.1200;0.2400;0.0907;0.8510;0.6724;0.1279;0.8683;0.6594;4;7;TF-IDF
ID_4936589226816960;0.2357;0.4324;0.2000;0.2000;0.2500;0.1250;0.2500;0.6250;0.0903;0.6180;0.6077;0.1991;0.6994;0.6212;2;5;TF-IDF
ID_4719266902582313;0.4537;0.4270;0.6000;0.3000;0.2000;0.1579;0.1579;0.2105;0.1447;0.6953;0.6491;0.1623;0.7339;0.6870;3;5;TF-IDF
ID_3256932358053453;0.2511;0.2724;0.2000;0.2000;0.1500;0.0833;0.1667;0.2500;0.1042;0.7244;0.6319;0.1181;0.8523;0.6204;4;8;TF-IDF
ID_8488895049659124;0.2017;0.2731;0.2000;0.2000;0.3000;0.0500;0.1000;0.3000;0.0393;0.7256;0.5859;0.0922;0.7744;0.6475;2;6;TF-IDF
ID_7967486980814458;0.2864;0.2187;0.4000;0.3000;0.2500;0.0417;0.0625;0.1042;0.0486;0.6846;0.5412;0.0596;0.8054;0.6024;5;8;TF-IDF
ID_0223997495223283;0.6000;0.6034;0.4000;0.7000;0.6500;0.0526;0.1842;0.3421;0.1113;0.7396;0.5547;0.2238;0.7823;0.6500;7;13;TF-IDF
ID_0291695624884565;0.4331;0.4500;0.4000;0.5000;0.5000;0.0408;0.1020;0.2041;0.0487;0.5624;0.6829;0.0959;0.6304;0.6701;5;10;TF-IDF
ID_6198328194771800;0.1063;0.2625;0.2000;0.1000;0.3000;0.0476;0.0476;0.2857;0.0095;0.7619;0.5664;0.0621;0.8274;0.5646;2;7;TF-IDF
ID_1612969183171944;0.3999;0.4020;0.6000;0.4000;0.3000;0.1765;0.2353;0.3529;0.1235;0.6868;0.4959;0.1710;0.7132;0.6137;6;8;TF-IDF
ID_5420932551635217;0.7197;0.6245;0.8000;0.8000;0.6000;0.1212;0.2424;0.3636;0.2203;0.8039;0.5562;0.2963;0.8170;0.6357;8;14;TF-IDF
ID_5547874183666459;0.3223;0.3496;0.4000;0.3000;0.3000;0.0909;0.1364;0.2727;0.0725;0.6993;0.5508;0.1159;0.8374;0.6088;3;6;TF-IDF
ID_2014918752636286;0.1100;0.1758;0.2000;0.1000;0.2000;0.0417;0.0417;0.1667;0.0139;0.6829;0.5532;0.0369;0.7519;0.5861;1;4;TF-IDF
ID_4568109140874315;0.4438;0.5364;0.6000;0.4000;0.5500;0.0638;0.0851;0.2340;0.0691;0.7238;0.6604;0.1468;0.8158;0.6468;4;11;TF-IDF
ID_7836545332605210;0.2702;0.3497;0.6000;0.4000;0.4500;0.1250;0.1667;0.3750;0.1014;0.8287;0.5880;0.1966;0.8741;0.5829;4;10;TF-IDF
ID_8835491732653277;0.4625;0.6220;0.4000;0.3000;0.3500;0.1538;0.2308;0.5385;0.1868;0.4715;0.6655;0.2954;0.5616;0.6792;3;7;TF-IDF
ID_6207084434110255;0.1735;0.3661;0.2000;0.3000;0.5000;0.0400;0.1200;0.4000;0.0314;0.4037;0.6137;0.1463;0.6193;0.5856;3;10;TF-IDF
ID_8209219651894646;0.0000;0.0000;0.0000;0.0000;0.0000;0.0000;0.0000;0.0000;0.0000;0.6762;0.5956;0.0000;0.7143;0.6308;0;0;TF-IDF
ID_9217526978424330;0.3186;0.3171;0.4000;0.3000;0.2000;0.1176;0.1765;0.2353;0.0840;0.4172;0.5004;0.0971;0.5223;0.5114;3;5;TF-IDF
ID_3794477872946546;0.1763;0.2198;0.2000;0.2000;0.2500;0.0385;0.0769;0.1923;0.0214;0.7304;0.5908;0.0508;0.7792;0.6178;2;5;TF-IDF
ID_2768799008412205;0.2999;0.2283;0.4000;0.4000;0.2500;0.0606;0.1212;0.1515;0.0504;0.6623;0.5202;0.0598;0.7532;0.6292;4;5;TF-IDF
ID_8219997657167540;0.3500;0.3624;0.2000;0.3000;0.3500;0.0286;0.0857;0.2000;0.0435;0.8191;0.4925;0.0801;0.8777;0.5811;3;7;TF-IDF
ID_6410871756552953;0.0448;0.1200;0.0000;0.1000;0.1500;0.0000;0.0625;0.1875;0.0069;0.5788;0.4396;0.0242;0.8269;0.5142;1;6;TF-IDF
ID_7943088143954973;0.0991;0.1152;0.2000;0.2000;0.1000;0.0833;0.1667;0.1667;0.0394;0.6556;0.4474;0.0394;0.8423;0.4787;2;5;TF-IDF
ID_9032973705204320;0.1638;0.1220;0.2000;0.2000;0.1500;0.0435;0.0870;0.1304;0.0543;0.4032;0.6234;0.0612;0.5941;0.6560;2;3;TF-IDF
ID_5588269274851789;0.0734;0.1890;0.0000;0.1000;0.2000;0.0000;0.0370;0.1481;0.0053;0.8213;0.6301;0.0312;0.8474;0.6504;1;6;TF-IDF
ID_0433763336350310;0.6844;0.5856;0.6000;0.6000;0.5000;0.1034;0.2069;0.3448;0.1718;0.6413;0.6602;0.2523;0.7848;0.6611;6;10;TF-IDF
ID_2325513222088331;0.0880;0.1304;0.0000;0.1000;0.1000;0.0000;0.0476;0.0952;0.0048;0.5134;0.5930;0.0116;0.6745;0.5737;4;9;TF-IDF
ID_5571899755175457;0.0851;0.1525;0.2000;0.1000;0.2000;0.0385;0.0385;0.1538;0.0077;0.8017;0.5212;0.0285;0.9138;0.5890;1;5;TF-IDF
ID_6870958743124961;0.6353;0.5809;0.8000;0.7000;0.6000;0.1026;0.1795;0.3077;0.1252;0.6793;0.6907;0.2004;0.7376;0.7077;7;12;TF-IDF
ID_0345959348124698;0.0636;0.1559;0.0000;0.1000;0.2000;0.0000;0.0455;0.1818;0.0045;0.7310;0.5106;0.0302;0.8525;0.5089;1;4;TF-IDF
ID_7363908432737523;0.0000;0.0920;0.0000;0.0000;0.1000;0.0000;0.0000;0.1538;0.0000;0.7312;0.3800;0.0188;0.8931;0.5498;0;2;TF-IDF
ID_4408599021040004;0.4061;0.4884;0.6000;0.3000;0.4500;0.1200;0.1200;0.3600;0.1200;0.5558;0.6091;0.2161;0.6503;0.6229;3;9;TF-IDF
ID_0639583185408398;0.4163;0.4176;0.6000;0.5000;0.4500;0.0909;0.1515;0.2727;0.0990;0.6445;0.3092;0.1610;0.7500;0.4154;5;10;TF-IDF
ID_3641356939660511;0.2044;0.3406;0.4000;0.2000;0.3500;0.0800;0.0800;0.2800;0.0667;0.6987;0.4359;0.1332;0.7417;0.5639;2;7;TF-IDF
ID_3355141192938134;0.5010;0.4237;0.4000;0.4000;0.2500;0.0952;0.1905;0.2381;0.1381;0.6328;0.5432;0.1513;0.8750;0.6715;4;5;TF-IDF
ID_9264997837722900;0.4061;0.3194;0.6000;0.3000;0.2500;0.0698;0.0698;0.1163;0.0698;0.9216;0.5845;0.0847;0.9337;0.5996;3;6;TF-IDF
ID_5618495903090773;0.3715;0.3593;0.6000;0.5000;0.4500;0.0732;0.1220;0.2195;0.0797;0.7565;0.6967;0.1268;0.9174;0.6436;5;9;TF-IDF
ID_1694260923221276;0.5606;0.4665;0.6000;0.5000;0.4000;0.0909;0.1515;0.2424;0.1052;0.5904;0.6827;0.1449;0.7269;0.6628;5;8;TF-IDF
ID_5366157471959981;0.3913;0.4908;0.8000;0.6000;0.6500;0.1250;0.1875;0.4062;0.1416;0.6429;0.5304;0.2900;0.7500;0.5856;7;14;TF-IDF
ID_8886217002903392;0.3174;0.3065;0.4000;0.4000;0.3500;0.0645;0.1290;0.2258;0.0699;0.7519;0.6084;0.1032;0.8525;0.6091;4;7;TF-IDF
ID_9273702863744424;0.2528;0.2005;0.2000;0.3000;0.2000;0.0263;0.0789;0.1053;0.0262;0.4211;0.6294;0.0343;0.6301;0.6390;3;4;TF-IDF
ID_5268607684223281;0.0851;0.1650;0.2000;0.1000;0.2000;0.0278;0.0278;0.1111;0.0056;0.5065;0.5402;0.0206;0.6991;0.6162;1;4;TF-IDF
ID_9523087479617594;0.0000;0.1355;0.0000;0.0000;0.1000;0.0000;0.0000;0.2222;0.0000;0.6962;0.6020;0.0189;0.7468;0.6695;0;2;TF-IDF
ID_4568229398778798;0.7026;0.5580;0.6000;0.7000;0.5000;0.0882;0.2059;0.2941;0.1493;0.8976;0.4532;0.1990;0.9171;0.5394;7;10;TF-IDF
ID_2370717228259133;0.4480;0.5331;0.4000;0.4000;0.5000;0.0909;0.1818;0.4545;0.1058;0.5836;0.5375;0.2341;0.7479;0.5743;4;10;TF-IDF
ID_1422895308009825;0.5029;0.4173;0.8000;0.6000;0.5500;0.0930;0.1395;0.2558;0.0937;0.6320;0.6884;0.1558;0.7289;0.7006;6;11;TF-IDF
ID_5349557509612483;0.4647;0.5056;0.6000;0.7000;0.5500;0.1071;0.2500;0.3929;0.1789;0.5513;0.6841;0.2638;0.7585;0.7157;9;13;TF-IDF
ID_2935371042756080;0.6057;0.5359;0.6000;0.7000;0.5500;0.0750;0.1750;0.2750;0.1352;0.6177;0.6191;0.2018;0.6655;0.6098;7;11;TF-IDF
ID_9973065319516772;0.3031;0.4045;0.4000;0.3000;0.4500;0.0667;0.1000;0.3000;0.0458;0.5077;0.5580;0.1242;0.5154;0.5762;3;9;TF-IDF
ID_2377601975207604;0.1370;0.1643;0.0000;0.2000;0.2500;0.0000;0.0769;0.1923;0.0132;0.7717;0.6414;0.0460;0.8152;0.6399;2;5;TF-IDF
ID_7331062615542814;0.1952;0.2168;0.4000;0.2000;0.2000;0.0741;0.0741;0.1481;0.0272;0.5353;0.5571;0.0496;0.7842;0.6695;2;5;TF-IDF
ID_0384816069731675;0.3440;0.4142;0.4000;0.3000;0.4500;0.0625;0.0938;0.2812;0.0458;0.8462;0.6738;0.1206;0.8558;0.6445;4;10;TF-IDF
ID_7860759306517929;0.4690;0.4555;0.6000;0.3000;0.3500;0.0769;0.0769;0.1795;0.0769;0.6622;0.4357;0.1150;0.7140;0.5075;3;7;TF-IDF
ID_8298199857246323;0.3734;0.3952;0.6000;0.3000;0.3000;0.1500;0.1500;0.3000;0.1500;0.5102;0.6006;0.2090;0.7279;0.6474;3;6;TF-IDF
ID_0970789513843822;0.8416;0.6858;0.8000;0.8000;0.6000;0.1111;0.2222;0.3333;0.2015;0.6160;0.3672;0.2792;0.7873;0.5595;8;12;TF-IDF
ID_3059638279617376;0.3613;0.3894;0.4000;0.5000;0.3500;0.1053;0.2632;0.3684;0.1345;0.6019;0.5475;0.1764;0.7961;0.6133;5;7;TF-IDF
ID_5317385915649516;0.3936;0.3995;0.4000;0.4000;0.4000;0.0385;0.0769;0.1538;0.0406;0.7404;0.5672;0.0756;0.8343;0.6323;4;8;TF-IDF
ID_5500701970351238;0.2470;0.3137;0.2000;0.3000;0.2500;0.0833;0.2500;0.4167;0.0766;0.4450;0.6067;0.1314;0.5445;0.5648;3;6;TF-IDF
ID_0293321489114247;0.0303;0.1018;0.0000;0.0000;0.1500;0.0000;0.0000;0.1765;0.0000;0.6767;0.5270;0.0217;0.8496;0.5531;2;5;TF-IDF
ID_4996734160632011;0.5184;0.6295;0.6000;0.5000;0.5500;0.1304;0.2174;0.4783;0.1506;0.8723;0.5559;0.3011;0.8782;0.5827;5;12;TF-IDF
ID_0162059400153020;0.5892;0.5954;0.6000;0.6000;0.6000;0.0638;0.1277;0.2553;0.0824;0.6400;0.5593;0.1634;0.7093;0.6186;7;13;TF-IDF
ID_5873636553295704;0.1817;0.1698;0.4000;0.3000;0.2000;0.0741;0.1111;0.1481;0.0509;0.4985;0.6689;0.0644;0.7021;0.6440;4;5;TF-IDF
ID_6465314260773099;0.2498;0.2789;0.2000;0.2000;0.3000;0.0323;0.0645;0.1935;0.0403;0.5916;0.7050;0.0731;0.6955;0.6773;2;6;TF-IDF
ID_8892860312621183;0.2719;0.3286;0.2000;0.3000;0.4000;0.0294;0.0882;0.2353;0.0309;0.6937;0.6234;0.0854;0.7838;0.6279;3;8;TF-IDF
ID_4626372929936792;0.0000;0.1501;0.0000;0.0000;0.2000;0.0000;0.0000;0.4000;0.0000;0.7714;0.5901;0.0582;0.8714;0.6729;0;4;TF-IDF
ID_0277415539607307;0.3822;0.3651;0.4000;0.5000;0.5000;0.0606;0.1515;0.3030;0.0597;0.5862;0.4810;0.1420;0.7845;0.5905;7;12;TF-IDF
ID_4675204840701752;0.5817;0.5224;0.6000;0.5000;0.4500;0.0638;0.1064;0.1915;0.0742;0.8043;0.5167;0.1202;0.8894;0.5969;6;10;TF-IDF
ID_6309609498284949;0.3643;0.5096;0.8000;0.4000;0.6000;0.1600;0.1600;0.4800;0.1087;0.8848;0.6976;0.2831;0.9424;0.6641;5;13;TF-IDF
ID_6420054948441113;0.2042;0.1665;0.2000;0.3000;0.2000;0.0238;0.0714;0.0952;0.0278;0.7220;0.6031;0.0337;0.8195;0.5948;3;4;TF-IDF
ID_7107963864874501;0.2869;0.3285;0.4000;0.3000;0.4000;0.0588;0.0882;0.2353;0.0453;0.7892;0.4479;0.1009;0.8072;0.4970;4;10;TF-IDF
ID_4394162331037750;0.0326;0.1255;0.0000;0.1000;0.1500;0.0000;0.0526;0.1579;0.0075;0.8577;0.6240;0.0284;0.9269;0.5937;1;3;TF-IDF
ID_3658669547742426;0.6081;0.4787;0.8000;0.7000;0.5000;0.1026;0.1795;0.2564;0.1354;0.6575;0.5357;0.1797;0.7182;0.6588;7;10;TF-IDF
ID_9002682113889454;0.4770;0.4288;0.8000;0.7000;0.4500;0.1081;0.1892;0.2432;0.1577;0.5510;0.5128;0.1833;0.6446;0.5502;7;10;TF-IDF
ID_1324552190537148;0.1798;0.2249;0.4000;0.2000;0.2000;0.1053;0.1053;0.2105;0.0789;0.3582;0.7302;0.1071;0.5112;0.7040;2;4;TF-IDF
ID_6188875235262429;0.3261;0.3639;0.4000;0.2000;0.2000;0.1333;0.1333;0.2667;0.1000;0.6152;0.4217;0.1360;0.7805;0.5598;2;5;TF-IDF
ID_2745679186354681;0.6021;0.4569;0.6000;0.5000;0.3500;0.0652;0.1087;0.1522;0.0870;0.5614;0.6042;0.1037;0.6862;0.6020;5;7;TF-IDF
ID_0762445046640965;0.4821;0.3807;0.6000;0.6000;0.4000;0.0732;0.1463;0.1951;0.1073;0.7503;0.5931;0.1301;0.8250;0.6058;7;9;TF-IDF
ID_8238856071147246;0.0000;0.0000;0.0000;0.0000;0.0000;0.0000;0.0000;0.0000;0.0000;0.2973;0.6994;0.0000;0.3649;0.7399;0;0;TF-IDF
ID_9404945858555096;0.4127;0.4506;0.6000;0.4000;0.3000;0.2308;0.3077;0.4615;0.1667;0.5672;0.6484;0.2371;0.7143;0.6630;4;7;TF-IDF
ID_1670622312616696;0.2043;0.2997;0.4000;0.2000;0.3000;0.1053;0.1053;0.3158;0.0789;0.3696;0.6612;0.1391;0.5261;0.7057;2;6;TF-IDF
ID_4581537476491370;0.2335;0.2766;0.4000;0.2000;0.3000;0.0833;0.0833;0.2500;0.0375;0.6555;0.5967;0.0851;0.7098;0.6444;3;8;TF-IDF
ID_9325751411452030;0.7022;0.7380;0.6000;0.7000;0.7500;0.0638;0.1489;0.3191;0.1187;0.5721;0.5275;0.2460;0.7577;0.5626;7;15;TF-IDF
ID_4470985193764980;0.6508;0.4931;0.8000;0.6000;0.4500;0.0889;0.1333;0.2000;0.1117;0.7830;0.4844;0.1463;0.8340;0.5671;6;9;TF-IDF
ID_6377288674588197;0.4148;0.3674;0.4000;0.7000;0.5000;0.0345;0.1207;0.1724;0.0729;0.6410;0.6105;0.1092;0.7660;0.6784;7;10;TF-IDF
ID_7615891473051775;0.4272;0.3901;0.4000;0.5000;0.4000;0.0513;0.1282;0.2051;0.0583;0.4627;0.7317;0.0916;0.7164;0.7097;5;10;TF-IDF
ID_4602221579308599;0.4351;0.2808;0.4000;0.4000;0.2000;0.0690;0.1379;0.1379;0.0736;0.5635;0.7121;0.0736;0.6519;0.7077;4;4;TF-IDF
ID_5936682335701497;0.3968;0.4177;0.6000;0.5000;0.4000;0.1579;0.2632;0.4211;0.1398;0.3750;0.7092;0.2293;0.5114;0.7217;5;8;TF-IDF
ID_7279612728721005;0.2026;0.3512;0.4000;0.3000;0.3500;0.1053;0.1579;0.3684;0.0632;0.6991;0.5628;0.1419;0.7080;0.5865;3;7;TF-IDF
ID_0204571709680830;0.1843;0.1933;0.2000;0.3000;0.2500;0.0303;0.0909;0.1515;0.0275;0.5419;0.6815;0.0480;0.6520;0.6870;3;5;TF-IDF
ID_0916805360400109;0.1223;0.2065;0.2000;0.1000;0.2000;0.0625;0.0625;0.2500;0.0312;0.6942;0.6094;0.0606;0.7249;0.6290;3;6;TF-IDF
ID_9497366266156796;0.6705;0.5031;0.6000;0.7000;0.4500;0.1111;0.2593;0.3333;0.1972;0.4918;0.5851;0.2380;0.6694;0.6353;7;9;TF-IDF
ID_6999749984515755;0.5321;0.4605;0.6000;0.4000;0.3500;0.0682;0.0909;0.1591;0.0777;0.5327;0.6357;0.1016;0.7701;0.6951;4;7;TF-IDF
ID_2554509868510718;0.7421;0.5612;0.8000;0.7000;0.5000;0.0930;0.1628;0.2326;0.1310;0.6138;0.6143;0.1691;0.7251;0.6559;7;10;TF-IDF
ID_5472512244993546;0.4727;0.4424;0.8000;0.7000;0.4500;0.1176;0.2059;0.2647;0.1931;0.3871;0.7202;0.2301;0.7218;0.7481;8;11;TF-IDF
ID_1325247019367288;0.0000;0.0883;0.0000;0.0000;0.1000;0.0000;0.0000;0.0952;0.0000;0.6646;0.5601;0.0090;0.7716;0.5326;0;2;TF-IDF
ID_0447165000513961;0.3423;0.3527;0.4000;0.2000;0.3000;0.0690;0.0690;0.2069;0.0575;0.6800;0.5055;0.0990;0.7920;0.5858;3;7;TF-IDF
ID_5168806776816009;0.2819;0.3424;0.4000;0.4000;0.4500;0.0465;0.0930;0.2093;0.0542;0.5576;0.5329;0.1092;0.6756;0.5364;5;10;TF-IDF
ID_9529870514669368;0.3574;0.3505;0.2000;0.4000;0.2500;0.0556;0.2222;0.2778;0.0781;0.6769;0.6109;0.0928;0.7231;0.6502;5;8;TF-IDF
ID_3319303431365448;0.2651;0.2045;0.4000;0.3000;0.2000;0.0541;0.0811;0.1081;0.0386;0.4500;0.5368;0.0446;0.5500;0.6108;3;4;TF-IDF
ID_7552747227876113;0.1991;0.2275;0.2000;0.3000;0.2500;0.0400;0.1200;0.2000;0.0328;0.5712;0.7103;0.0561;0.6453;0.7122;4;6;TF-IDF
ID_9430398566741698;0.5077;0.3718;0.6000;0.4000;0.2500;0.1000;0.1333;0.1667;0.1000;0.5072;0.6584;0.1128;0.7308;0.6337;4;5;TF-IDF
ID_1405345303844318;0.1849;0.1981;0.2000;0.2000;0.1500;0.0417;0.0833;0.1250;0.0222;0.3882;0.6069;0.0292;0.6645;0.6501;3;5;TF-IDF
ID_2248201275641475;0.2337;0.2899;0.4000;0.2000;0.2500;0.0606;0.0606;0.1515;0.0303;0.4392;0.6214;0.0530;0.5255;0.6320;2;5;TF-IDF
ID_6601047915062407;0.4284;0.4239;0.2000;0.4000;0.3500;0.0476;0.1905;0.3333;0.0984;0.5685;0.5976;0.1471;0.8145;0.6182;4;8;TF-IDF
ID_6310868104861653;0.1379;0.1428;0.2000;0.2000;0.1500;0.0278;0.0556;0.0833;0.0231;0.3346;0.6248;0.0296;0.5651;0.6707;2;4;TF-IDF
ID_6682919653508224;0.5735;0.4409;0.8000;0.6000;0.4000;0.1667;0.2500;0.3333;0.1757;0.8966;0.4552;0.2166;0.8966;0.4782;6;8;TF-IDF
ID_8886634592087842;0.5142;0.4055;0.6000;0.4000;0.3000;0.1154;0.1538;0.2308;0.1122;0.6692;0.4496;0.1435;0.7440;0.4988;5;7;TF-IDF
ID_2364470149264554;0.2863;0.3232;0.2000;0.3000;0.3000;0.0357;0.1071;0.2143;0.0405;0.8807;0.5453;0.0795;0.8997;0.5890;5;8;TF-IDF
ID_4762940910820774;0.3561;0.3499;0.4000;0.4000;0.4000;0.0667;0.1333;0.2667;0.0913;0.8144;0.6407;0.1461;0.8505;0.6205;4;8;TF-IDF
ID_8423282472108016;0.3967;0.3864;0.6000;0.6000;0.5000;0.0882;0.1765;0.2941;0.1027;0.5959;0.7170;0.1824;0.7233;0.6791;6;10;TF-IDF
ID_7698857382467031;0.5703;0.5290;0.8000;0.5000;0.3000;0.3077;0.3846;0.4615;0.3280;0.5644;0.6508;0.3610;0.6356;0.7098;5;7;TF-IDF
ID_8819255631696337;0.4537;0.4403;0.6000;0.3000;0.3000;0.1429;0.1429;0.2857;0.1310;0.6690;0.6612;0.1831;0.7310;0.6630;3;6;TF-IDF
ID_7999725101052805;0.6461;0.5507;0.8000;0.6000;0.4000;0.1600;0.2400;0.3200;0.2090;0.7699;0.4964;0.2443;0.8761;0.5534;7;10;TF-IDF
ID_0228970585981305;0.2106;0.1764;0.4000;0.3000;0.1500;0.1000;0.1500;0.1500;0.0867;0.7120;0.4820;0.0867;0.7989;0.5183;4;5;TF-IDF
ID_6786625245467484;0.3052;0.2926;0.4000;0.2000;0.1500;0.0952;0.0952;0.1429;0.0667;0.7096;0.5976;0.0769;0.8051;0.6427;2;3;TF-IDF
ID_0577007377836185;0.4439;0.4202;0.6000;0.5000;0.5000;0.0789;0.1316;0.2632;0.0828;0.5532;0.7021;0.1451;0.7447;0.7550;5;10;TF-IDF
ID_0668341723493631;0.0314;0.0714;0.0000;0.1000;0.2000;0.0000;0.0179;0.0714;0.0026;0.6909;0.6613;0.0129;0.8000;0.6762;1;5;TF-IDF
ID_1050709055776428;0.4153;0.4449;0.6000;0.3000;0.4000;0.0938;0.0938;0.2500;0.0708;0.7126;0.6536;0.1304;0.8105;0.6365;3;8;TF-IDF
ID_6472062816736936;0.7968;0.7685;1.0000;0.7000;0.8000;0.1020;0.1429;0.3265;0.1403;0.9221;0.5966;0.2768;0.9465;0.5336;7;16;TF-IDF
ID_6418711808050575;0.1434;0.1887;0.4000;0.3000;0.2500;0.0833;0.1250;0.2083;0.0410;0.5827;0.6801;0.0671;0.7050;0.6786;3;6;TF-IDF
ID_7541486051032916;0.4186;0.4199;0.6000;0.6000;0.5000;0.1111;0.2222;0.3704;0.1869;0.8608;0.2879;0.2647;0.8747;0.4293;6;11;TF-IDF
ID_1930698807457777;0.2573;0.4037;0.6000;0.3000;0.3500;0.2500;0.2500;0.5833;0.1472;0.8462;0.6018;0.2729;0.9231;0.6403;4;9;TF-IDF
ID_9479420856670926;0.4833;0.4528;0.6000;0.3000;0.1500;0.3333;0.3333;0.3333;0.3056;0.4751;0.5089;0.3056;0.4927;0.5563;4;6;TF-IDF
ID_3386857761295187;0.2390;0.3295;0.4000;0.3000;0.3500;0.1111;0.1667;0.3889;0.0856;0.5896;0.5675;0.1642;0.7979;0.5939;3;7;TF-IDF
ID_5582765254731004;0.5657;0.5267;0.6000;0.5000;0.5000;0.0667;0.1111;0.2222;0.0889;0.7844;0.5906;0.1452;0.9079;0.6348;5;11;TF-IDF
ID_5428410587250830;0.2201;0.1801;0.2000;0.1000;0.1000;0.0500;0.0500;0.1000;0.0500;0.4179;0.5167;0.0563;0.6791;0.6335;1;2;TF-IDF
ID_5839835671483987;0.3554;0.3524;0.4000;0.2000;0.2000;0.1000;0.1000;0.2000;0.0750;0.5893;0.7357;0.1018;0.6611;0.7040;5;8;TF-IDF
ID_5911570002355863;0.5581;0.4475;0.6000;0.5000;0.4000;0.0698;0.1163;0.1860;0.0805;0.5104;0.6677;0.1132;0.7500;0.6842;5;8;TF-IDF
ID_6535298436643783;0.0000;0.0489;0.0000;0.0000;0.0500;0.0000;0.0000;0.0385;0.0000;0.5269;0.6831;0.0023;0.6500;0.6046;0;1;TF-IDF
ID_7754712826522774;0.6906;0.6103;0.8000;0.7000;0.4000;0.2667;0.4667;0.5333;0.3639;0.6678;0.5603;0.4020;0.7263;0.5760;7;8;TF-IDF
ID_7316338454902623;0.1185;0.1711;0.2000;0.1000;0.1500;0.0625;0.0625;0.1875;0.0125;0.3096;0.6165;0.0354;0.5272;0.6546;3;6;TF-IDF
ID_2543067198319684;0.5510;0.4241;0.6000;0.5000;0.3000;0.1364;0.2273;0.2727;0.1510;0.6234;0.6172;0.1758;0.6883;0.5939;5;7;TF-IDF
ID_7532334620264577;0.5965;0.4623;0.8000;0.6000;0.4000;0.1429;0.2143;0.2857;0.1737;0.6510;0.5333;0.2062;0.6922;0.6272;6;8;TF-IDF
ID_2280062846829854;0.3972;0.3796;0.6000;0.4000;0.4000;0.1034;0.1379;0.2759;0.0782;0.7711;0.6697;0.1394;0.8765;0.6369;4;8;TF-IDF
ID_0382135664206404;0.2273;0.2201;0.2000;0.4000;0.3000;0.0345;0.1379;0.2069;0.0538;0.8564;0.6319;0.0820;0.9059;0.6746;4;7;TF-IDF
ID_1635197498453054;0.3596;0.3667;0.4000;0.4000;0.3500;0.0625;0.1250;0.2188;0.0750;0.7720;0.5902;0.1163;0.8242;0.6474;4;7;TF-IDF
ID_2691497637313274;0.2760;0.3092;0.2000;0.3000;0.4500;0.0204;0.0612;0.1837;0.0231;0.4545;0.6335;0.0710;0.6074;0.6565;4;10;TF-IDF
ID_8231471391500358;0.4457;0.4642;0.4000;0.5000;0.5500;0.0444;0.1111;0.2444;0.0657;0.5932;0.6189;0.1415;0.7739;0.6395;6;12;TF-IDF
ID_8582867831317500;0.2817;0.4299;0.2000;0.3000;0.5000;0.0244;0.0732;0.2439;0.0283;0.6131;0.5650;0.1042;0.7556;0.5619;3;10;TF-IDF
ID_2762761928704612;0.1251;0.2125;0.0000;0.3000;0.4000;0.0000;0.0577;0.1538;0.0124;0.5435;0.7095;0.0468;0.6087;0.7109;3;8;TF-IDF
ID_3794241680729178;0.5594;0.5181;0.8000;0.5000;0.4000;0.1600;0.2000;0.3200;0.1806;0.4977;0.5514;0.2468;0.6728;0.6344;6;10;TF-IDF
ID_4210289862552350;0.4227;0.4501;0.6000;0.5000;0.5000;0.1000;0.1667;0.3333;0.0867;0.5364;0.5493;0.1774;0.7335;0.5768;6;11;TF-IDF
ID_6167112361623319;0.1057;0.1795;0.0000;0.2000;0.3000;0.0000;0.0606;0.1818;0.0111;0.6211;0.4568;0.0502;0.8526;0.5944;2;6;TF-IDF
ID_0863139085649116;0.1072;0.2199;0.2000;0.1000;0.1500;0.0909;0.0909;0.2727;0.0182;0.8171;0.4807;0.0529;0.9329;0.5621;2;5;TF-IDF
ID_0412902005436369;0.2339;0.3855;0.2000;0.3000;0.4000;0.0357;0.1071;0.2857;0.0388;0.5750;0.5694;0.1066;0.7458;0.5204;3;9;TF-IDF
ID_3306508070151070;0.1790;0.2078;0.0000;0.3000;0.2500;0.0000;0.1200;0.2000;0.0301;0.7985;0.5863;0.0525;0.8608;0.5568;3;6;TF-IDF
ID_8901320181295016;0.1952;0.2169;0.4000;0.2000;0.2000;0.0769;0.0769;0.1538;0.0282;0.6821;0.5476;0.0452;0.7486;0.5099;2;4;TF-IDF
ID_9787209999258590;0.2135;0.2396;0.2000;0.4000;0.3000;0.0526;0.2105;0.3158;0.0927;0.7740;0.6935;0.1281;0.8305;0.6309;5;7;TF-IDF
ID_6806598641626508;0.2736;0.4032;0.4000;0.3000;0.4500;0.0741;0.1111;0.3333;0.0704;0.5625;0.6755;0.1673;0.7670;0.6850;4;10;TF-IDF
ID_0564459901385144;0.2545;0.2628;0.4000;0.4000;0.3500;0.0741;0.1481;0.2593;0.0730;0.7770;0.5194;0.1109;0.8951;0.5540;4;8;TF-IDF
ID_3888832724995864;0.4351;0.4862;0.4000;0.6000;0.6500;0.0714;0.2143;0.4643;0.1027;0.7923;0.5805;0.2665;0.9004;0.5895;7;15;TF-IDF
ID_6408169127073219;0.5373;0.5112;0.6000;0.6000;0.4500;0.1200;0.2400;0.3600;0.1397;0.7488;0.6152;0.2066;0.8473;0.6365;6;10;TF-IDF
ID_2097340857065853;0.2367;0.2750;0.2000;0.3000;0.3500;0.0370;0.1111;0.2593;0.0401;0.8108;0.6903;0.0931;0.8324;0.6713;3;7;TF-IDF
ID_2137955582623291;0.4153;0.4236;0.6000;0.5000;0.5000;0.0750;0.1250;0.2500;0.0678;0.8137;0.6302;0.1292;0.8665;0.5979;5;10;TF-IDF
ID_2538824540800669;0.6027;0.5613;0.6000;0.5000;0.3500;0.1579;0.2632;0.3684;0.1798;0.8824;0.6054;0.2392;0.8824;0.6564;5;7;TF-IDF
ID_7686768230673663;0.0833;0.1511;0.2000;0.2000;0.3000;0.0256;0.0513;0.1538;0.0137;0.6284;0.6756;0.0426;0.6766;0.7142;3;7;TF-IDF
ID_8884890472193474;0.4867;0.4837;0.6000;0.3000;0.2000;0.2500;0.2500;0.3333;0.2500;0.8857;0.5799;0.2685;0.8857;0.6610;3;4;TF-IDF
ID_3192535148881095;0.4426;0.4536;0.4000;0.5000;0.5000;0.0870;0.2174;0.4348;0.1245;0.8670;0.5104;0.2374;0.9360;0.6351;6;11;TF-IDF
ID_6233411996499255;0.4977;0.4374;0.8000;0.7000;0.5000;0.0952;0.1667;0.2381;0.1414;0.8956;0.6033;0.1799;0.9176;0.6056;7;11;TF-IDF
ID_8921922898103482;0.1281;0.2377;0.0000;0.2000;0.3000;0.0000;0.0645;0.1935;0.0105;0.5296;0.5829;0.0538;0.6583;0.5618;3;7;TF-IDF
ID_8302650734477213;0.5198;0.4406;0.8000;0.6000;0.4500;0.1538;0.2308;0.3462;0.1576;0.7328;0.6422;0.2164;0.8053;0.6057;6;9;TF-IDF
ID_1747170505344631;0.6242;0.5822;0.6000;0.6000;0.5500;0.0517;0.1034;0.1897;0.0702;0.7341;0.6772;0.1221;0.7688;0.6907;6;11;TF-IDF
ID_4961539278604455;0.2830;0.3374;0.4000;0.5000;0.5000;0.0417;0.1042;0.2083;0.0428;0.7400;0.5360;0.0966;0.8467;0.5478;5;10;TF-IDF
ID_3613722593784448;0.2528;0.2849;0.4000;0.3000;0.2000;0.1538;0.2308;0.3077;0.1099;0.4535;0.6306;0.1379;0.5293;0.6648;3;5;TF-IDF
ID_0094007714707651;0.6077;0.5803;0.8000;0.6000;0.6000;0.1053;0.1579;0.3158;0.1291;0.7807;0.5550;0.2190;0.8246;0.6158;6;12;TF-IDF
ID_8393091904397047;0.5887;0.4873;0.6000;0.6000;0.4000;0.1500;0.3000;0.4000;0.2124;0.7340;0.5353;0.2609;0.8298;0.6475;6;8;TF-IDF
ID_0654750186618555;0.3133;0.3259;0.6000;0.5000;0.4500;0.1071;0.1786;0.3214;0.1112;0.7854;0.5441;0.1770;0.8283;0.6130;5;9;TF-IDF
ID_7821202163306775;0.2048;0.2771;0.4000;0.2000;0.3000;0.1053;0.1053;0.3158;0.0439;0.6449;0.5660;0.0988;0.7196;0.6095;2;6;TF-IDF
ID_1966638146185479;0.4722;0.5161;0.4000;0.4000;0.5000;0.0690;0.1379;0.3448;0.0885;0.9366;0.5507;0.1868;0.9437;0.6065;4;10;TF-IDF
ID_5633763429024541;0.1860;0.2336;0.4000;0.2000;0.2500;0.0513;0.0513;0.1282;0.0299;0.4534;0.6064;0.0512;0.6522;0.6217;2;6;TF-IDF
ID_8047078292358267;0.3747;0.2418;0.4000;0.3000;0.1500;0.0385;0.0577;0.0577;0.0341;0.5315;0.5669;0.0341;0.6779;0.5639;3;3;TF-IDF
ID_2934031372127516;0.5934;0.5800;0.6000;0.5000;0.5000;0.1154;0.1923;0.3846;0.1491;0.5605;0.3272;0.2451;0.6763;0.5262;5;10;TF-IDF
ID_0961955935523938;0.4944;0.4524;0.6000;0.4000;0.4000;0.0811;0.1081;0.2162;0.0788;0.5733;0.4480;0.1171;0.6595;0.5395;4;8;TF-IDF
ID_2559066882962466;0.0280;0.0958;0.0000;0.0000;0.0500;0.0000;0.0000;0.1429;0.0000;0.4477;0.5432;0.0119;0.5681;0.5861;2;3;TF-IDF
ID_3720190068644174;0.4395;0.4350;0.4000;0.5000;0.5000;0.0714;0.1786;0.3571;0.1061;0.7014;0.6383;0.2092;0.7245;0.5848;5;11;TF-IDF
ID_1870389730408675;0.2141;0.2512;0.4000;0.3000;0.3000;0.0606;0.0909;0.1818;0.0386;0.6254;0.6501;0.0697;0.7333;0.6713;3;7;TF-IDF
ID_2888737036015916;0.6451;0.6040;0.6000;0.5000;0.3000;0.1875;0.3125;0.3750;0.2329;0.7373;0.6060;0.2670;0.8093;0.6156;6;8;TF-IDF
ID_6501120313475077;0.3844;0.4184;0.4000;0.4000;0.3500;0.1053;0.2105;0.3684;0.0971;0.8500;0.5321;0.1637;0.9175;0.5804;5;8;TF-IDF
ID_5373491670322208;0.3084;0.2374;0.4000;0.4000;0.2500;0.0526;0.1053;0.1316;0.0441;0.6705;0.6140;0.0550;0.7045;0.5877;4;5;TF-IDF
ID_4041211770858318;0.2948;0.3489;0.2000;0.3000;0.3000;0.0400;0.1200;0.2400;0.0420;0.7383;0.5788;0.0809;0.7979;0.5587;4;7;TF-IDF
ID_8696858608013659;0.5301;0.4538;0.8000;0.6000;0.4500;0.1290;0.1935;0.2903;0.1774;0.5885;0.5667;0.2306;0.6733;0.6078;6;9;TF-IDF
ID_7690248628577122;0.3149;0.3915;0.4000;0.2000;0.3500;0.0606;0.0606;0.2121;0.0455;0.8401;0.6645;0.0992;0.8476;0.6626;2;8;TF-IDF
ID_4361220072322558;0.1216;0.1939;0.0000;0.2000;0.3500;0.0000;0.0625;0.2188;0.0114;0.6688;0.6207;0.0653;0.8069;0.6463;3;8;TF-IDF
ID_7106998317216646;0.6527;0.7097;0.8000;0.6000;0.6500;0.1739;0.2609;0.5652;0.2340;0.6600;0.6552;0.4424;0.6725;0.6275;7;14;TF-IDF
ID_4175509016219914;0.4926;0.4891;0.6000;0.4000;0.4000;0.0938;0.1250;0.2500;0.0998;0.6251;0.5665;0.1540;0.7377;0.6079;5;9;TF-IDF
ID_6555511233950866;0.0118;0.0936;0.0000;0.0000;0.1000;0.0000;0.0000;0.1250;0.0000;0.7044;0.4548;0.0101;0.7559;0.4666;1;4;TF-IDF
ID_1357061371579771;0.3599;0.3109;0.4000;0.3000;0.2500;0.0625;0.0938;0.1562;0.0638;0.3321;0.6410;0.0794;0.5019;0.6627;3;5;TF-IDF
ID_8800482045346370;0.2826;0.3298;0.2000;0.3000;0.2500;0.0556;0.1667;0.2778;0.0491;0.4909;0.6379;0.0778;0.5636;0.6960;5;8;TF-IDF
ID_2694197910478313;0.3562;0.3694;0.6000;0.4000;0.4000;0.0882;0.1176;0.2353;0.0552;0.5895;0.6640;0.1027;0.6740;0.6942;4;8;TF-IDF
ID_4643189791834470;0.7538;0.6744;0.6000;0.7000;0.6500;0.0682;0.1591;0.2955;0.1325;0.3034;0.6732;0.2175;0.6292;0.6957;7;13;TF-IDF
ID_0574180390413250;0.4109;0.4130;0.4000;0.4000;0.4000;0.0385;0.0769;0.1538;0.0446;0.3162;0.6835;0.0811;0.4115;0.6973;4;8;TF-IDF
ID_9242177701163550;0.2462;0.2039;0.4000;0.3000;0.2000;0.1053;0.1579;0.2105;0.0518;0.2200;0.7292;0.0658;0.6800;0.7327;3;4;TF-IDF
ID_3429432950576137;0.0409;0.1121;0.0000;0.0000;0.1500;0.0000;0.0000;0.0698;0.0000;0.7280;0.5215;0.0083;0.8080;0.6448;2;5;TF-IDF
ID_2194175558834284;0.6164;0.5652;0.6000;0.7000;0.5500;0.1034;0.2414;0.3793;0.1545;0.4795;0.6441;0.2484;0.4854;0.6580;7;11;TF-IDF
ID_3769826743537934;0.4479;0.4686;0.4000;0.4000;0.5000;0.0571;0.1143;0.2857;0.0650;0.7444;0.6924;0.1471;0.8611;0.6678;4;11;TF-IDF
ID_3989136572460030;0.3052;0.3848;0.4000;0.2000;0.3000;0.1053;0.1053;0.3158;0.0737;0.6396;0.6110;0.1429;0.8127;0.6156;2;8;TF-IDF
ID_0883514984489904;0.0000;0.0259;0.0000;0.0000;0.0500;0.0000;0.0000;0.0667;0.0000;0.5930;0.5992;0.0037;0.7674;0.6369;0;1;TF-IDF
ID_9670001528699130;0.3573;0.3931;0.6000;0.5000;0.4500;0.1071;0.1786;0.3214;0.1429;0.7172;0.6115;0.2135;0.8414;0.6272;5;10;TF-IDF
ID_6751513272539561;0.0784;0.0835;0.0000;0.1000;0.1000;0.0000;0.0370;0.0741;0.0062;0.7506;0.5802;0.0101;0.7812;0.6437;1;2;TF-IDF
ID_2529689139869418;0.9306;0.7602;1.0000;0.9000;0.7000;0.1136;0.2045;0.3182;0.1997;0.5365;0.6265;0.2958;0.7506;0.6731;9;14;TF-IDF
ID_3413970389346369;0.1950;0.2098;0.2000;0.2000;0.2000;0.0588;0.1176;0.2353;0.0364;0.5987;0.6517;0.0679;0.8025;0.7089;4;6;TF-IDF
ID_8045962313218352;0.1024;0.1965;0.2000;0.1000;0.2000;0.0500;0.0500;0.2000;0.0125;0.5278;0.5814;0.0424;0.6250;0.6176;1;4;TF-IDF
ID_0164449213607380;0.4220;0.4233;0.4000;0.3000;0.3000;0.0909;0.1364;0.2727;0.1136;0.5101;0.6586;0.1599;0.5436;0.6638;6;10;TF-IDF
ID_2680905746363331;0.0897;0.2454;0.0000;0.1000;0.1000;0.0000;0.2500;0.5000;0.0250;0.7831;0.6342;0.0563;0.8193;0.6696;1;7;TF-IDF
ID_7305428791149745;0.1100;0.2285;0.2000;0.1000;0.2500;0.0500;0.0500;0.2500;0.0167;0.5921;0.7288;0.0638;0.7105;0.7129;1;5;TF-IDF
ID_7523068114278574;0.1100;0.0738;0.2000;0.1000;0.0500;0.0323;0.0323;0.0323;0.0108;0.6987;0.5420;0.0108;0.7253;0.5933;1;1;TF-IDF
ID_0588546982625730;0.4459;0.5035;0.2000;0.6000;0.6000;0.0238;0.1429;0.2857;0.0635;0.7132;0.6082;0.1555;0.7881;0.6077;6;12;TF-IDF
ID_2030746662248842;0.4656;0.4954;0.4000;0.6000;0.6000;0.0556;0.1667;0.3333;0.0896;0.9152;0.5080;0.1951;0.9529;0.5849;7;14;TF-IDF
ID_2248844091470333;0.3405;0.3057;0.4000;0.4000;0.3000;0.0625;0.1250;0.1875;0.0516;0.7434;0.6073;0.0722;0.7832;0.6236;4;6;TF-IDF
ID_7445996639798624;0.5330;0.4730;0.6000;0.7000;0.6000;0.0789;0.1842;0.3158;0.1096;0.8574;0.6203;0.2041;0.9197;0.6501;8;13;TF-IDF
ID_8897713171950671;0.2906;0.2559;0.2000;0.3000;0.2500;0.0303;0.0909;0.1515;0.0382;0.4124;0.5336;0.0543;0.5893;0.5884;3;5;TF-IDF
ID_3350273914280971;0.1908;0.1809;0.2000;0.1000;0.0500;0.1429;0.1429;0.1429;0.0476;0.5303;0.6374;0.0476;0.7045;0.6443;1;2;TF-IDF
ID_5994153651109853;0.1389;0.1613;0.2000;0.1000;0.1000;0.0556;0.0556;0.1111;0.0278;0.3846;0.5192;0.0379;0.6923;0.5466;1;2;TF-IDF
ID_8080838290715777;0.7846;0.5064;1.0000;0.7000;0.3500;0.1282;0.1795;0.1795;0.1674;0.8259;0.5112;0.1674;0.8705;0.6260;7;7;TF-IDF
ID_4678263012118887;0.3114;0.2546;0.2000;0.3000;0.1500;0.0556;0.1667;0.1667;0.0881;0.7333;0.7256;0.0881;0.9333;0.7455;4;4;TF-IDF
ID_1528177121436914;0.4930;0.5207;0.4000;0.6000;0.6000;0.0690;0.2069;0.4138;0.1390;0.8391;0.5526;0.2701;0.8870;0.5611;6;12;TF-IDF
ID_8455588138553589;0.3189;0.3291;0.4000;0.5000;0.3500;0.0870;0.2174;0.3043;0.0880;0.7487;0.7217;0.1296;0.8090;0.7428;5;7;TF-IDF
ID_0996374647319169;0.4474;0.4553;0.4000;0.4000;0.3000;0.1538;0.3077;0.4615;0.1130;0.7543;0.4388;0.1694;0.8739;0.5866;7;11;TF-IDF
ID_4393307698703691;0.4884;0.5349;0.6000;0.4000;0.4000;0.1579;0.2105;0.4211;0.1482;0.8400;0.4638;0.2353;0.8800;0.5349;4;9;TF-IDF
ID_4735276653354808;0.3098;0.3618;0.4000;0.4000;0.3500;0.1111;0.2222;0.3889;0.1016;0.7554;0.5763;0.1680;0.8561;0.5437;4;9;TF-IDF
ID_8858800699425352;0.3797;0.3702;0.4000;0.4000;0.3500;0.0690;0.1379;0.2414;0.0598;0.7093;0.6420;0.0942;0.7660;0.6344;7;10;TF-IDF
ID_4655532473617635;0.5513;0.5074;0.4000;0.5000;0.4500;0.0800;0.2000;0.3600;0.1345;0.7035;0.6468;0.2199;0.8275;0.6292;5;10;TF-IDF
ID_8401671962644482;0.0762;0.1077;0.0000;0.1000;0.1500;0.0000;0.0303;0.0909;0.0034;0.4513;0.5464;0.0120;0.6316;0.5899;2;6;TF-IDF
ID_0398100561592326;0.3777;0.3535;0.4000;0.4000;0.3500;0.0392;0.0784;0.1373;0.0362;0.8106;0.6181;0.0582;0.8385;0.6238;5;9;TF-IDF
ID_8333591932027056;0.3689;0.3151;0.4000;0.3000;0.2500;0.0625;0.0938;0.1562;0.0531;0.7640;0.7253;0.0687;0.7950;0.6675;3;7;TF-IDF
ID_8280035478871760;0.3655;0.3047;0.4000;0.5000;0.3500;0.0541;0.1351;0.1892;0.0566;0.4778;0.7087;0.0859;0.5791;0.7569;6;11;TF-IDF
ID_8655706520516310;0.5426;0.5444;0.6000;0.6000;0.6000;0.0811;0.1622;0.3243;0.0963;0.7215;0.5213;0.1999;0.7468;0.6207;7;13;TF-IDF
ID_9362702262041806;0.7315;0.6840;0.6000;0.7000;0.6500;0.0909;0.2121;0.3939;0.1669;0.8510;0.6217;0.2892;0.8965;0.6590;7;13;TF-IDF
ID_4341858493092611;0.0851;0.2197;0.2000;0.1000;0.3000;0.0400;0.0400;0.2400;0.0080;0.6883;0.4623;0.0598;0.7922;0.6618;1;6;TF-IDF
ID_3752951275341381;0.4256;0.3883;0.6000;0.5000;0.4500;0.0811;0.1351;0.2432;0.1116;0.5540;0.6413;0.1640;0.6291;0.6549;5;9;TF-IDF
ID_9859511150127352;0.4035;0.4014;0.4000;0.3000;0.3500;0.0645;0.0968;0.2258;0.0676;0.7129;0.5592;0.1125;0.8481;0.6496;3;7;TF-IDF
ID_0967035318418472;0.2706;0.3029;0.4000;0.3000;0.3500;0.0455;0.0682;0.1591;0.0455;0.4387;0.5617;0.0796;0.5265;0.5590;3;8;TF-IDF
ID_4767998352165705;0.5748;0.4822;0.6000;0.7000;0.5000;0.0667;0.1556;0.2222;0.0948;0.6055;0.6060;0.1398;0.6881;0.6539;7;10;TF-IDF
ID_6731029375224939;0.2711;0.2990;0.4000;0.3000;0.3500;0.0476;0.0714;0.1667;0.0278;0.7678;0.6353;0.0649;0.8443;0.6372;3;7;TF-IDF
ID_6900410067408108;0.5659;0.4804;0.8000;0.6000;0.4500;0.1481;0.2222;0.3333;0.1743;0.7984;0.6807;0.2297;0.8669;0.7108;6;10;TF-IDF
ID_7346780267959997;0.3260;0.3767;0.6000;0.5000;0.4000;0.1765;0.2941;0.4706;0.1791;0.5402;0.5814;0.2567;0.6379;0.6574;5;9;TF-IDF
ID_0353944603330456;0.5501;0.5463;0.6000;0.6000;0.6500;0.0517;0.1034;0.2241;0.0640;0.9599;0.4957;0.1444;0.9599;0.5407;6;13;TF-IDF
ID_7315358137176715;0.2609;0.2573;0.4000;0.3000;0.3500;0.0417;0.0625;0.1458;0.0271;0.7021;0.5034;0.0621;0.8298;0.5825;3;7;TF-IDF
ID_0473342349140026;0.4957;0.4495;0.4000;0.5000;0.3500;0.0741;0.1852;0.2593;0.1369;0.5584;0.6430;0.1661;0.6091;0.6545;5;7;TF-IDF
ID_5557224649687028;0.1967;0.2059;0.2000;0.2000;0.2000;0.0435;0.0870;0.1739;0.0232;0.5865;0.6734;0.0416;0.6442;0.6642;4;8;TF-IDF
ID_4643608666899616;0.1885;0.2941;0.2000;0.3000;0.4500;0.0233;0.0698;0.2093;0.0223;0.7165;0.6731;0.0787;0.7992;0.6559;3;9;TF-IDF
ID_0654596992211296;0.2906;0.2923;0.2000;0.3000;0.3000;0.0345;0.1034;0.2069;0.0435;0.2542;0.5974;0.0757;0.4944;0.7069;3;6;TF-IDF
ID_0852938701434556;0.2901;0.3035;0.2000;0.2000;0.2000;0.0769;0.1538;0.3077;0.0577;0.5778;0.5883;0.0979;0.7259;0.6239;3;5;TF-IDF
ID_6499108085922209;0.4247;0.3985;0.2000;0.4000;0.2500;0.0500;0.2000;0.2500;0.1053;0.4558;0.6957;0.1280;0.5354;0.7025;5;7;TF-IDF
ID_9482625774233084;0.2813;0.3629;0.4000;0.2000;0.2000;0.2500;0.2500;0.5000;0.1250;0.6351;0.7038;0.1830;0.6419;0.7292;4;7;TF-IDF
ID_1263334983122560;0.2306;0.2384;0.2000;0.1000;0.1500;0.0476;0.0476;0.1429;0.0476;0.5122;0.5044;0.0633;0.6707;0.5725;2;4;TF-IDF
ID_6319604227674654;0.2494;0.2291;0.4000;0.3000;0.2500;0.0606;0.0909;0.1515;0.0311;0.7881;0.6639;0.0471;0.9272;0.6374;3;5;TF-IDF
ID_6815299644750648;0.0596;0.1549;0.0000;0.0000;0.0500;0.0000;0.0000;0.2000;0.0000;0.9016;0.6536;0.0182;0.9405;0.6645;2;4;TF-IDF
ID_7276765928582051;0.2867;0.2881;0.2000;0.3000;0.3000;0.0333;0.1000;0.2000;0.0403;0.7955;0.5881;0.0698;0.8850;0.6440;3;6;TF-IDF
ID_5783141369706484;0.1705;0.3321;0.6000;0.4000;0.4500;0.0968;0.1290;0.2903;0.0677;0.7281;0.5180;0.1471;0.7812;0.5738;4;10;TF-IDF
ID_4724455372300363;0.2675;0.3783;0.4000;0.3000;0.3000;0.1111;0.1667;0.3333;0.1111;0.6051;0.5382;0.1730;0.6974;0.6339;3;8;TF-IDF
ID_4351583784137968;0.1531;0.2409;0.0000;0.3000;0.3000;0.0000;0.1154;0.2308;0.0279;0.6594;0.5970;0.0581;0.7908;0.6412;3;7;TF-IDF
ID_3595605534544460;0.6122;0.5741;0.8000;0.5000;0.5500;0.0976;0.1220;0.2683;0.1040;0.7579;0.5208;0.1895;0.8737;0.5459;5;11;TF-IDF
ID_6212006974231025;0.3241;0.3151;0.2000;0.4000;0.3500;0.0256;0.1026;0.1795;0.0381;0.4574;0.4440;0.0678;0.6915;0.5934;4;7;TF-IDF
ID_8079423496391852;0.2736;0.2967;0.4000;0.3000;0.3500;0.0465;0.0698;0.1628;0.0287;0.6923;0.5821;0.0620;0.7389;0.6622;3;7;TF-IDF
ID_2725348719800518;0.0595;0.2382;0.2000;0.1000;0.4000;0.0370;0.0370;0.2963;0.0185;0.7282;0.7010;0.0975;0.8382;0.7060;1;8;TF-IDF
ID_0720020819590155;0.5145;0.5059;0.6000;0.5000;0.5000;0.0857;0.1429;0.2857;0.1017;0.8198;0.5885;0.1714;0.8514;0.6059;5;10;TF-IDF
ID_8486464868891415;0.2715;0.2759;0.4000;0.4000;0.3500;0.0833;0.1667;0.2917;0.0722;0.4250;0.6865;0.1250;0.5563;0.7001;4;7;TF-IDF
ID_3668865753002430;0.2321;0.2707;0.2000;0.1000;0.1000;0.1250;0.1250;0.2500;0.1250;0.7104;0.6812;0.1458;0.8293;0.6385;3;6;TF-IDF
ID_7259294879683133;0.1737;0.1828;0.2000;0.2000;0.2000;0.0222;0.0444;0.0889;0.0119;0.7286;0.4934;0.0219;0.8429;0.6210;2;4;TF-IDF
ID_7272998564858059;0.2711;0.2658;0.2000;0.5000;0.3000;0.0345;0.1724;0.2069;0.0742;0.6136;0.6339;0.0914;0.7955;0.6561;5;7;TF-IDF
ID_0055080134892269;0.1834;0.1980;0.2000;0.2000;0.2000;0.0556;0.1111;0.2222;0.0344;0.4376;0.5506;0.0614;0.5738;0.5651;2;4;TF-IDF
ID_4006510528939253;0.3515;0.3360;0.6000;0.5000;0.3500;0.1250;0.2083;0.2917;0.1374;0.6875;0.6594;0.1706;0.6875;0.6235;6;9;TF-IDF
ID_8922470135347131;0.4724;0.4192;0.6000;0.4000;0.3500;0.1304;0.1739;0.3043;0.1498;0.5658;0.6221;0.2065;0.7566;0.6305;4;7;TF-IDF
ID_4280649883963631;0.2602;0.3767;0.2000;0.4000;0.5000;0.0357;0.1429;0.3571;0.0467;0.5263;0.6020;0.1449;0.6908;0.6854;4;10;TF-IDF
ID_2878770983264825;0.1812;0.2623;0.2000;0.2000;0.2500;0.0400;0.0800;0.2000;0.0489;0.4983;0.6513;0.0814;0.5955;0.6309;2;5;TF-IDF
ID_4892401475655718;0.3008;0.3001;0.2000;0.3000;0.2000;0.0769;0.2308;0.3077;0.0861;0.6186;0.5719;0.1097;0.7010;0.5926;3;4;TF-IDF
ID_5606850513813191;0.2329;0.3871;0.2000;0.1000;0.1500;0.2000;0.2000;0.6000;0.1000;0.6316;0.4224;0.1825;0.7237;0.5783;1;4;TF-IDF
ID_5760422122697584;0.2722;0.2767;0.4000;0.5000;0.4000;0.0513;0.1282;0.2051;0.0558;0.5781;0.7341;0.0971;0.6566;0.6873;5;8;TF-IDF
ID_7464190101117707;0.6226;0.5640;0.4000;0.5000;0.4000;0.1111;0.2778;0.4444;0.1658;0.7250;0.6293;0.2391;0.7500;0.6919;6;9;TF-IDF
ID_4713778521629486;0.0358;0.1296;0.0000;0.0000;0.0500;0.0000;0.0000;0.0769;0.0000;0.6393;0.6211;0.0070;0.8852;0.6706;1;3;TF-IDF
ID_6841118121493906;0.1341;0.2249;0.2000;0.2000;0.3500;0.0312;0.0625;0.2188;0.0193;0.4941;0.7217;0.0697;0.6193;0.7027;3;8;TF-IDF
ID_7881527576747420;0.0336;0.1423;0.0000;0.1000;0.2500;0.0000;0.0303;0.1515;0.0051;0.7614;0.6349;0.0346;0.7716;0.6290;1;6;TF-IDF
ID_4755946475264985;0.6252;0.5111;0.6000;0.7000;0.5000;0.0938;0.2188;0.3125;0.1617;0.7034;0.6366;0.2108;0.8207;0.6518;7;11;TF-IDF
ID_9361477493709726;0.0000;0.1534;0.0000;0.0000;0.2000;0.0000;0.0000;0.1290;0.0000;0.4843;0.6251;0.0205;0.7130;0.6566;0;4;TF-IDF
ID_5424781102486268;0.4806;0.3951;0.6000;0.5000;0.4000;0.0882;0.1471;0.2353;0.1117;0.4276;0.6871;0.1489;0.4975;0.6549;5;8;TF-IDF
ID_2034064321016097;0.1044;0.2383;0.0000;0.2000;0.2500;0.0000;0.1333;0.3333;0.0217;0.6495;0.4816;0.0707;0.7432;0.5690;2;5;TF-IDF
ID_2538126257160174;0.1428;0.1981;0.0000;0.2000;0.2500;0.0000;0.0541;0.1351;0.0106;0.2849;0.5923;0.0311;0.5538;0.6522;2;5;TF-IDF
ID_2444779633081185;0.1382;0.2315;0.0000;0.2000;0.2500;0.0000;0.1250;0.3125;0.0228;0.6685;0.5914;0.0683;0.7431;0.5687;3;6;TF-IDF
ID_2685286492991791;0.3592;0.3846;0.6000;0.4000;0.4000;0.1111;0.1481;0.2963;0.0874;0.6495;0.5409;0.1492;0.7196;0.5619;5;10;TF-IDF
ID_0408002839687344;0.3900;0.3526;0.4000;0.4000;0.3000;0.0833;0.1667;0.2500;0.0809;0.4902;0.6718;0.1165;0.6993;0.6950;4;6;TF-IDF
ID_3259216014182020;0.3620;0.4043;0.6000;0.3000;0.3000;0.1500;0.1500;0.3000;0.1208;0.6534;0.6088;0.1696;0.7386;0.5869;3;6;TF-IDF
ID_5187181156228197;0.5011;0.4302;0.4000;0.6000;0.5000;0.0690;0.2069;0.3448;0.1160;0.7293;0.5349;0.2005;0.7778;0.5495;8;12;TF-IDF
ID_6282229671610460;0.4007;0.4230;0.4000;0.6000;0.5500;0.0625;0.1875;0.3438;0.0877;0.5349;0.5267;0.1815;0.7505;0.6170;7;12;TF-IDF
ID_1805029396938951;0.3188;0.3473;0.6000;0.3000;0.3500;0.0833;0.0833;0.1944;0.0444;0.8588;0.5170;0.0833;0.9153;0.5902;3;7;TF-IDF
ID_4016576596215504;0.4714;0.3705;0.8000;0.6000;0.4000;0.1053;0.1579;0.2105;0.1379;0.4785;0.6201;0.1592;0.5423;0.6433;6;8;TF-IDF
ID_1450381701086387;0.1394;0.1745;0.2000;0.2000;0.2000;0.0303;0.0606;0.1212;0.0227;0.6957;0.4630;0.0367;0.7500;0.5237;3;5;TF-IDF
ID_3569531507114017;0.2337;0.2245;0.4000;0.2000;0.2000;0.0588;0.0588;0.1176;0.0294;0.8093;0.6250;0.0446;0.8402;0.6436;2;4;TF-IDF
ID_7707689065994575;0.2177;0.2999;0.2000;0.3000;0.3000;0.0500;0.1500;0.3000;0.0476;0.7241;0.6143;0.0971;0.8079;0.6999;4;8;TF-IDF
ID_3274735424220270;0.3572;0.3427;0.4000;0.4000;0.3500;0.0667;0.1333;0.2333;0.0743;0.7161;0.5276;0.1125;0.7697;0.5141;4;7;TF-IDF
ID_5832250655889116;0.3136;0.3147;0.4000;0.3000;0.3500;0.0667;0.1000;0.2333;0.0458;0.5839;0.5547;0.0936;0.7265;0.6139;4;8;TF-IDF
ID_0280121582234738;0.5610;0.5361;0.6000;0.5000;0.5000;0.0857;0.1429;0.2857;0.1127;0.7840;0.5956;0.1825;0.8229;0.6406;5;10;TF-IDF
ID_7248774319455970;0.0604;0.1863;0.0000;0.0000;0.1000;0.0000;0.0000;0.4000;0.0000;0.5406;0.6621;0.0365;0.6360;0.6691;1;4;TF-IDF
ID_7090419604571199;0.4514;0.4198;0.6000;0.3000;0.2000;0.2308;0.2308;0.3077;0.1615;0.7587;0.5840;0.1895;0.8454;0.6310;3;4;TF-IDF
ID_6066310198344526;0.2731;0.2622;0.2000;0.3000;0.2500;0.0556;0.1667;0.2778;0.0552;0.4071;0.6159;0.0822;0.6054;0.6630;3;5;TF-IDF
ID_3971663510252293;0.5861;0.4987;0.6000;0.6000;0.4000;0.1667;0.3333;0.4444;0.2443;0.4653;0.3562;0.2949;0.5188;0.5075;6;8;TF-IDF
ID_1050516524103988;0.4186;0.4222;0.6000;0.5000;0.4500;0.1364;0.2273;0.4091;0.1182;0.8634;0.6470;0.2163;0.8927;0.5816;6;12;TF-IDF
ID_0599337060580753;0.1673;0.2265;0.2000;0.2000;0.3000;0.0244;0.0488;0.1463;0.0176;0.5541;0.5835;0.0438;0.6270;0.6234;2;6;TF-IDF
ID_8860487726074063;0.5384;0.5242;0.6000;0.4000;0.4500;0.0909;0.1212;0.2727;0.1061;0.7516;0.5316;0.1738;0.8208;0.5833;4;9;TF-IDF
ID_4894706050600687;0.2890;0.4141;0.2000;0.3000;0.3500;0.0588;0.1765;0.4118;0.0658;0.6581;0.5463;0.1644;0.7607;0.6035;3;7;TF-IDF
ID_4273689617987878;0.4630;0.4670;0.6000;0.5000;0.4500;0.1111;0.1852;0.3333;0.0963;0.8618;0.6350;0.1685;0.8905;0.5887;6;10;TF-IDF
ID_0585283327853481;0.2750;0.3065;0.0000;0.5000;0.4000;0.0000;0.1562;0.2500;0.0554;0.5890;0.6246;0.0991;0.7011;0.6533;5;9;TF-IDF
ID_1409610093547012;0.2787;0.2905;0.6000;0.4000;0.3000;0.1304;0.1739;0.2609;0.0913;0.8778;0.6285;0.1171;0.8959;0.6504;5;8;TF-IDF
ID_3033400086575581;0.4051;0.4622;0.4000;0.2000;0.3000;0.0714;0.0714;0.2143;0.0714;0.7113;0.6587;0.1129;0.7887;0.6759;2;6;TF-IDF
ID_2714004273523549;0.3479;0.3305;0.2000;0.4000;0.3500;0.0204;0.0816;0.1429;0.0328;0.6446;0.6514;0.0564;0.7473;0.6764;4;7;TF-IDF
ID_7069264281185562;0.5321;0.5190;0.6000;0.4000;0.4500;0.0833;0.1111;0.2500;0.0949;0.5014;0.5778;0.1560;0.7147;0.6734;4;9;TF-IDF
ID_8413008847105670;0.8415;0.6151;0.8000;0.8000;0.5000;0.1176;0.2353;0.2941;0.2106;0.6163;0.6770;0.2494;0.6395;0.6779;8;10;TF-IDF
ID_4326514220673393;0.4361;0.4397;0.6000;0.5000;0.5000;0.0789;0.1316;0.2632;0.0655;0.6897;0.4533;0.1361;0.7179;0.4863;6;11;TF-IDF
ID_6703037457253125;0.0825;0.1653;0.0000;0.1000;0.2000;0.0000;0.0417;0.1667;0.0060;0.3140;0.4866;0.0337;0.4031;0.5522;2;5;TF-IDF
ID_1241656328850074;0.4947;0.5610;0.2000;0.1000;0.1000;0.2000;0.2000;0.4000;0.2000;0.6020;0.5428;0.2211;0.7041;0.5545;1;3;TF-IDF
ID_7441669258580942;0.6550;0.5366;0.8000;0.6000;0.4500;0.1429;0.2143;0.3214;0.1880;0.8335;0.6142;0.2454;0.8689;0.5896;6;10;TF-IDF
ID_0477045906733254;0.1606;0.2087;0.2000;0.2000;0.2500;0.0294;0.0588;0.1471;0.0359;0.6216;0.5743;0.0596;0.6728;0.6313;2;5;TF-IDF
ID_7740917144757410;0.7008;0.6839;0.8000;0.6000;0.6500;0.0952;0.1429;0.3095;0.1153;0.7649;0.3853;0.2278;0.8463;0.3639;8;15;TF-IDF
ID_4090655224279803;0.6349;0.5320;0.8000;0.6000;0.5000;0.1250;0.1875;0.3125;0.1513;0.8339;0.5086;0.2252;0.8605;0.5537;6;10;TF-IDF
ID_2375722997534058;0.2337;0.2302;0.4000;0.2000;0.2000;0.0556;0.0556;0.1111;0.0278;0.6226;0.6320;0.0392;0.8017;0.6431;2;5;TF-IDF
ID_1525717947689076;0.0406;0.0946;0.2000;0.1000;0.1500;0.0385;0.0385;0.1154;0.0096;0.5465;0.5203;0.0208;0.5465;0.5194;1;3;TF-IDF
ID_6899498686139516;0.4902;0.4262;0.2000;0.2000;0.1500;0.0714;0.1429;0.2143;0.0952;0.6036;0.5688;0.1060;0.6036;0.6255;3;4;TF-IDF
ID_2841235947648623;0.6562;0.4960;1.0000;0.7000;0.4500;0.1724;0.2414;0.3103;0.2224;0.7554;0.6687;0.2638;0.8129;0.6354;7;9;TF-IDF
ID_5898801580033554;0.8390;0.6788;0.8000;0.8000;0.6000;0.1000;0.2000;0.3000;0.1791;0.6968;0.5811;0.2419;0.7184;0.6088;8;12;TF-IDF
ID_0034894070455412;0.5682;0.5433;0.6000;0.5000;0.5500;0.0769;0.1282;0.2821;0.0838;0.7763;0.5734;0.1762;0.8816;0.6702;6;12;TF-IDF
ID_5846645200230520;0.7534;0.4863;0.8000;0.7000;0.3500;0.1026;0.1795;0.1795;0.1485;0.7965;0.5550;0.1485;0.8812;0.5691;7;7;TF-IDF
ID_5882662534904226;0.2240;0.2189;0.4000;0.2000;0.2500;0.0541;0.0541;0.1351;0.0243;0.5605;0.6268;0.0450;0.6831;0.6534;2;5;TF-IDF
ID_2427045424896409;0.3931;0.3354;0.6000;0.4000;0.3500;0.0638;0.0851;0.1489;0.0648;0.7895;0.7254;0.0864;0.8304;0.7249;4;7;TF-IDF
ID_7430030311775522;0.4221;0.4369;0.4000;0.3000;0.4000;0.0667;0.1000;0.2667;0.0667;0.7355;0.6075;0.1299;0.7934;0.6356;5;10;TF-IDF
ID_8783964270386788;0.2152;0.3281;0.2000;0.2000;0.2000;0.1000;0.2000;0.4000;0.0583;0.8939;0.5394;0.0960;0.9210;0.6297;3;5;TF-IDF
ID_0442161398765567;0.4796;0.5139;0.4000;0.3000;0.3500;0.0870;0.1304;0.3043;0.0911;0.6807;0.6212;0.1654;0.7227;0.6229;7;13;TF-IDF
ID_7168284647925847;0.6336;0.5479;0.6000;0.5000;0.5000;0.0968;0.1613;0.3226;0.1263;0.6382;0.5996;0.2111;0.7236;0.6243;8;13;TF-IDF
ID_0774104601063155;0.7290;0.5949;0.8000;0.7000;0.4000;0.1739;0.3043;0.3478;0.2557;0.7721;0.6473;0.2847;0.8235;0.6412;8;10;TF-IDF
ID_6972046707805449;0.2719;0.2843;0.2000;0.3000;0.3000;0.0323;0.0968;0.1935;0.0339;0.5256;0.6218;0.0673;0.7372;0.6681;3;6;TF-IDF
ID_4234180673609380;0.2019;0.2264;0.2000;0.2000;0.2000;0.0667;0.1333;0.2667;0.0889;0.3913;0.6736;0.1155;0.5652;0.6623;2;5;TF-IDF
ID_8472308116821427;0.3996;0.4067;0.4000;0.3000;0.2500;0.1250;0.1875;0.3125;0.1276;0.5472;0.6911;0.1664;0.7170;0.6920;3;5;TF-IDF
ID_4994942901309005;0.1988;0.1784;0.2000;0.4000;0.2500;0.0286;0.1143;0.1429;0.0376;0.6551;0.6337;0.0465;0.7362;0.6678;4;5;TF-IDF
ID_9082260061201946;0.1705;0.1880;0.4000;0.2000;0.2000;0.0476;0.0476;0.0952;0.0198;0.5759;0.6628;0.0343;0.7787;0.6897;3;5;TF-IDF
ID_7320090199496500;0.5830;0.5238;0.8000;0.7000;0.4500;0.2105;0.3684;0.4737;0.3095;0.7491;0.6114;0.3692;0.7921;0.6259;7;9;TF-IDF
ID_5262142272147984;0.6835;0.5623;0.8000;0.7000;0.5500;0.1000;0.1750;0.2750;0.1402;0.7044;0.3410;0.2019;0.9212;0.5920;7;11;TF-IDF
ID_1734032782594771;0.5837;0.4166;0.6000;0.5000;0.2500;0.1071;0.1786;0.1786;0.1331;0.6611;0.5822;0.1331;0.7615;0.6168;5;5;TF-IDF
ID_2531761427648020;0.0000;0.0656;0.0000;0.0000;0.1000;0.0000;0.0000;0.0952;0.0000;0.4338;0.5599;0.0113;0.5980;0.5994;0;2;TF-IDF
ID_0422858064703713;0.2935;0.3285;0.2000;0.2000;0.3000;0.0286;0.0571;0.1714;0.0367;0.4048;0.4296;0.0679;0.6332;0.5195;2;6;TF-IDF
ID_1234565160573730;0.2892;0.3178;0.2000;0.1000;0.1000;0.0833;0.0833;0.1667;0.0833;0.5852;0.5603;0.0926;0.7784;0.6576;3;5;TF-IDF
ID_4804205224697296;0.4710;0.4423;0.6000;0.5000;0.4500;0.0714;0.1190;0.2143;0.0676;0.9282;0.6070;0.1106;0.9397;0.6427;5;9;TF-IDF
ID_3996404760945509;0.3675;0.3622;0.2000;0.5000;0.5000;0.0323;0.1613;0.3226;0.0598;0.8394;0.5945;0.1468;0.8761;0.6034;5;10;TF-IDF
ID_8852973471847843;0.4142;0.3677;0.4000;0.4000;0.3000;0.1176;0.2353;0.3529;0.1317;0.6439;0.5353;0.1804;0.7576;0.5833;5;7;TF-IDF
ID_3981568451860330;0.3339;0.3560;0.2000;0.5000;0.5000;0.0213;0.1064;0.2128;0.0458;0.5595;0.5943;0.1040;0.7319;0.6577;5;10;TF-IDF
ID_8671745801940831;0.2854;0.3982;0.6000;0.4000;0.4000;0.1154;0.1538;0.3077;0.0891;0.6869;0.6484;0.1658;0.7475;0.6554;5;10;TF-IDF
ID_1836274062343953;0.3197;0.3473;0.4000;0.4000;0.4000;0.0741;0.1481;0.2963;0.0512;0.9231;0.5196;0.1125;0.9231;0.5402;5;9;TF-IDF
ID_4109929118508186;0.2057;0.2298;0.2000;0.2000;0.1500;0.0714;0.1429;0.2143;0.0381;0.5947;0.6058;0.0515;0.6515;0.6218;2;3;TF-IDF
ID_2828124381670231;0.6372;0.4588;0.8000;0.5000;0.2500;0.2222;0.2778;0.2778;0.2619;0.4966;0.6272;0.2619;0.6032;0.5992;5;5;TF-IDF
ID_0516263904806475;0.3610;0.3940;0.4000;0.4000;0.4500;0.0476;0.0952;0.2143;0.0412;0.5909;0.5074;0.0985;0.7000;0.5746;4;9;TF-IDF
ID_0932673194762377;0.3491;0.3494;0.2000;0.4000;0.4000;0.0200;0.0800;0.1600;0.0404;0.5616;0.4590;0.0775;0.6180;0.5119;4;8;TF-IDF
ID_0904596179326111;0.2886;0.2727;0.4000;0.4000;0.3500;0.0377;0.0755;0.1321;0.0308;0.6140;0.5971;0.0529;0.7719;0.6499;4;7;TF-IDF
ID_2302429651674634;0.2975;0.3521;0.2000;0.4000;0.3500;0.0476;0.1905;0.3333;0.0664;0.6178;0.5542;0.1172;0.7493;0.5539;5;9;TF-IDF
ID_0089739298242263;0.2762;0.3125;0.4000;0.3000;0.2500;0.1000;0.1500;0.2500;0.0733;0.5202;0.6924;0.1123;0.6452;0.6749;3;5;TF-IDF
ID_8340344332209795;0.4449;0.4751;0.4000;0.4000;0.4500;0.0588;0.1176;0.2647;0.0669;0.7430;0.5437;0.1400;0.8771;0.6361;4;10;TF-IDF
ID_9542837933586912;0.4160;0.4436;0.8000;0.4000;0.3000;0.2857;0.2857;0.4286;0.1940;0.4815;0.6555;0.2506;0.6111;0.6698;5;8;TF-IDF
ID_5667657258894864;0.1316;0.2412;0.4000;0.2000;0.3500;0.0571;0.0571;0.2000;0.0286;0.5437;0.6175;0.0708;0.6746;0.6321;3;9;TF-IDF
ID_3603011798628583;0.2736;0.2480;0.4000;0.3000;0.2000;0.1111;0.1667;0.2222;0.0685;0.6370;0.6516;0.0802;0.7473;0.6130;3;4;TF-IDF
ID_2471578430392531;0.4186;0.3823;0.4000;0.2000;0.1000;0.2500;0.2500;0.2500;0.1875;0.5035;0.5973;0.1875;0.5957;0.6470;4;6;TF-IDF
ID_6155202940087696;0.3684;0.3738;0.6000;0.4000;0.4000;0.0750;0.1000;0.2000;0.0525;0.6939;0.4513;0.0945;0.8265;0.4642;4;8;TF-IDF
ID_5065411466998527;0.4113;0.4074;0.4000;0.5000;0.4500;0.0800;0.2000;0.3600;0.0905;0.6875;0.4957;0.1802;0.7375;0.5703;5;9;TF-IDF
ID_0581412073128121;0.5041;0.4787;0.6000;0.6000;0.6000;0.0789;0.1579;0.3158;0.0938;0.4126;0.5283;0.2041;0.5194;0.5587;6;12;TF-IDF
ID_4550717883781091;0.5290;0.4970;0.4000;0.5000;0.4000;0.0714;0.1786;0.2857;0.1224;0.6467;0.5978;0.1736;0.6946;0.6358;5;8;TF-IDF
ID_5175443246146343;0.5056;0.3977;0.8000;0.5000;0.3500;0.1333;0.1667;0.2333;0.1091;0.7039;0.5686;0.1382;0.7974;0.6089;6;8;TF-IDF
ID_4735402469304632;0.4497;0.4866;0.6000;0.4000;0.4000;0.1200;0.1600;0.3200;0.1360;0.7660;0.6976;0.1978;0.7872;0.6900;4;8;TF-IDF
ID_4073088744952858;0.1952;0.1615;0.4000;0.2000;0.1000;0.1333;0.1333;0.1333;0.0489;0.3662;0.6777;0.0489;0.5000;0.6862;2;2;TF-IDF
ID_8904044191613796;0.6154;0.5343;0.6000;0.6000;0.5000;0.0833;0.1667;0.2778;0.1134;0.7877;0.4631;0.1692;0.8994;0.5175;6;10;TF-IDF
ID_3874886795138290;0.6115;0.4287;0.6000;0.6000;0.3500;0.0857;0.1714;0.2000;0.1140;0.6310;0.5625;0.1258;0.6786;0.6193;6;7;TF-IDF
ID_4120322936662925;0.1790;0.2235;0.2000;0.2000;0.3000;0.0370;0.0741;0.2222;0.0309;0.3645;0.5182;0.0750;0.5607;0.6289;2;6;TF-IDF
ID_0004405929946327;0.3120;0.2699;0.4000;0.3000;0.2500;0.0606;0.0909;0.1515;0.0455;0.5982;0.5449;0.0654;0.7036;0.5906;3;5;TF-IDF
ID_3120810650181134;0.4492;0.4274;0.8000;0.5000;0.4500;0.1026;0.1282;0.2308;0.1135;0.7331;0.6609;0.1655;0.8267;0.6616;5;9;TF-IDF
ID_4415912100389601;0.2916;0.2731;0.4000;0.4000;0.3000;0.0741;0.1481;0.2222;0.0829;0.4583;0.7650;0.1063;0.4833;0.7430;5;7;TF-IDF
ID_2947188782090542;0.2891;0.2869;0.6000;0.5000;0.4500;0.0789;0.1316;0.2368;0.0684;0.4620;0.7792;0.1202;0.6266;0.7375;6;10;TF-IDF
ID_5949636124796250;0.6867;0.5151;0.8000;0.6000;0.4000;0.0976;0.1463;0.1951;0.1252;0.6888;0.5504;0.1505;0.7932;0.5690;6;8;TF-IDF
ID_7249500407405478;0.2136;0.2729;0.6000;0.3000;0.4000;0.0882;0.0882;0.2353;0.0564;0.6295;0.5944;0.1213;0.7366;0.6038;4;9;TF-IDF
ID_4608001746330875;0.5888;0.5886;0.6000;0.4000;0.2500;0.2727;0.3636;0.4545;0.2970;0.5765;0.7306;0.3294;0.6235;0.7147;6;7;TF-IDF
ID_7818012155694188;0.0000;0.1618;0.0000;0.0000;0.0500;0.0000;0.0000;0.5000;0.0000;0.6504;0.6329;0.0278;0.6992;0.6186;0;2;TF-IDF
ID_0822799877686090;0.2738;0.2609;0.2000;0.4000;0.2500;0.0556;0.2222;0.2778;0.0705;0.6020;0.5143;0.0844;0.6786;0.6435;5;6;TF-IDF
ID_6248532093883975;0.3791;0.3538;0.6000;0.4000;0.3500;0.1364;0.1818;0.3182;0.1452;0.7188;0.5755;0.1933;0.8010;0.6013;7;10;TF-IDF
ID_5377746284077362;0.5213;0.4513;0.4000;0.5000;0.4000;0.0833;0.2083;0.3333;0.1220;0.6208;0.5712;0.1795;0.7546;0.6486;5;8;TF-IDF
ID_2562652838103607;0.3742;0.4741;0.8000;0.6000;0.5000;0.1250;0.1875;0.3125;0.1388;0.6552;0.6231;0.2100;0.7734;0.6745;6;12;TF-IDF
ID_2951269593210008;0.3478;0.4049;0.4000;0.4000;0.3500;0.1429;0.2857;0.5000;0.1357;0.6566;0.5705;0.2232;0.7048;0.5880;4;7;TF-IDF
ID_0990344839864230;0.2168;0.3700;0.2000;0.2000;0.3000;0.0714;0.1429;0.4286;0.0516;0.5860;0.5847;0.1284;0.7366;0.6593;3;7;TF-IDF
ID_5170293352882261;0.1763;0.3028;0.4000;0.3000;0.4000;0.0870;0.1304;0.3478;0.0482;0.8201;0.6846;0.1257;0.8661;0.6630;3;8;TF-IDF
ID_8306415631811067;0.3183;0.3766;0.4000;0.3000;0.4500;0.0526;0.0789;0.2368;0.0406;0.4669;0.6030;0.1076;0.6987;0.5884;3;9;TF-IDF
ID_7285303481051362;0.4665;0.4502;0.4000;0.4000;0.3000;0.0714;0.1429;0.2143;0.0883;0.5607;0.6286;0.1224;0.6360;0.6375;5;7;TF-IDF
ID_2864595160355410;0.2831;0.3495;0.2000;0.3000;0.3500;0.0526;0.1579;0.3684;0.0553;0.4688;0.6237;0.1322;0.6625;0.5975;4;8;TF-IDF
ID_7569445393485879;0.4300;0.3123;0.4000;0.4000;0.2500;0.0444;0.0889;0.1111;0.0580;0.6408;0.6533;0.0650;0.6831;0.6647;4;5;TF-IDF
ID_1361522424662664;0.7084;0.5126;0.8000;0.6000;0.4000;0.1081;0.1622;0.2162;0.1486;0.5211;0.6300;0.1757;0.6620;0.6693;6;9;TF-IDF
ID_3589012014320121;0.1855;0.3319;0.4000;0.3000;0.3500;0.1250;0.1875;0.4375;0.1109;0.5407;0.5640;0.1940;0.6512;0.5818;4;9;TF-IDF
ID_0821562324429813;0.2805;0.3034;0.2000;0.4000;0.4000;0.0417;0.1667;0.3333;0.0583;0.7863;0.5788;0.1302;0.8092;0.5789;4;8;TF-IDF
ID_6738987664840341;0.2005;0.2019;0.2000;0.3000;0.2500;0.0278;0.0833;0.1389;0.0245;0.5105;0.6439;0.0419;0.6993;0.7106;3;5;TF-IDF
ID_5945879465310813;0.3371;0.4664;0.6000;0.5000;0.4500;0.1500;0.2500;0.4500;0.1411;0.7066;0.4999;0.2315;0.7954;0.5512;6;12;TF-IDF
ID_1508105634503621;0.1395;0.3178;0.2000;0.3000;0.5000;0.0196;0.0588;0.1961;0.0178;0.4009;0.6279;0.0807;0.4943;0.6961;3;10;TF-IDF
ID_1218389465274602;0.1169;0.1898;0.2000;0.1000;0.2000;0.0833;0.0833;0.3333;0.0167;0.8193;0.6189;0.0584;0.8554;0.6220;3;7;TF-IDF
ID_8855936483074666;0.5289;0.4605;0.8000;0.6000;0.4000;0.1538;0.2308;0.3077;0.2115;0.5901;0.6198;0.2565;0.6770;0.6143;7;9;TF-IDF
ID_7927416076958362;0.5165;0.4835;0.6000;0.5000;0.4500;0.1429;0.2381;0.4286;0.1896;0.8172;0.5221;0.2832;0.9247;0.6291;5;9;TF-IDF
ID_3713459809920718;0.2557;0.2420;0.2000;0.3000;0.2000;0.0667;0.2000;0.2667;0.0641;0.5588;0.6955;0.0782;0.5588;0.7228;4;6;TF-IDF
ID_8705409187799501;0.0773;0.0773;0.0000;0.1000;0.0500;0.0000;0.2500;0.2500;0.0278;0.7619;0.6551;0.0278;0.8571;0.6799;1;1;TF-IDF
ID_5456839333813472;0.3873;0.3690;0.4000;0.3000;0.3000;0.0741;0.1111;0.2222;0.0864;0.5000;0.7027;0.1217;0.5932;0.6940;3;6;TF-IDF
ID_3787147041050694;0.0720;0.0590;0.0000;0.1000;0.0500;0.0000;0.0625;0.0625;0.0063;0.5059;0.6760;0.0063;0.5353;0.7039;3;3;TF-IDF
ID_1051299337471169;0.2475;0.2862;0.6000;0.3000;0.3000;0.1500;0.1500;0.3000;0.0958;0.8156;0.5458;0.1467;0.8723;0.6116;4;7;TF-IDF
ID_8355947667910941;0.5203;0.4605;0.6000;0.5000;0.4500;0.0857;0.1429;0.2571;0.1012;0.7976;0.6102;0.1600;0.9167;0.5846;6;10;TF-IDF
ID_0524125552949586;0.1795;0.3108;0.2000;0.2000;0.3500;0.0333;0.0667;0.2333;0.0194;0.7448;0.5440;0.0746;0.7797;0.5669;2;7;TF-IDF
ID_5415710300902388;0.5455;0.5035;0.4000;0.6000;0.5500;0.0465;0.1395;0.2558;0.0922;0.7544;0.6927;0.1529;0.8070;0.6913;7;12;TF-IDF
ID_1339618330655263;0.1396;0.2121;0.0000;0.2000;0.3000;0.0000;0.0444;0.1333;0.0081;0.8148;0.5607;0.0339;0.9074;0.5576;2;6;TF-IDF
ID_1162362624079364;0.7606;0.6904;0.8000;0.7000;0.4500;0.2222;0.3889;0.5000;0.3313;0.4643;0.6211;0.3968;0.5893;0.6980;7;10;TF-IDF
ID_4993204839198672;0.8671;0.7022;1.0000;0.8000;0.6000;0.1136;0.1818;0.2727;0.1722;0.7101;0.6061;0.2358;0.7704;0.6062;9;13;TF-IDF
ID_1183078302328411;0.0000;0.1112;0.0000;0.0000;0.1000;0.0000;0.0000;0.1667;0.0000;0.6120;0.6152;0.0143;0.7000;0.6294;0;2;TF-IDF
ID_2644217574349073;0.7059;0.6547;0.6000;0.7000;0.6500;0.0698;0.1628;0.3023;0.1298;0.8788;0.6742;0.2345;0.8939;0.6646;8;14;TF-IDF
ID_1872968283445344;0.2772;0.3315;0.2000;0.3000;0.2500;0.0714;0.2143;0.3571;0.0833;0.5882;0.6141;0.1276;0.7353;0.5917;3;6;TF-IDF
ID_5990729462575602;0.4701;0.4555;0.4000;0.5000;0.4000;0.1000;0.2500;0.4000;0.1611;0.7685;0.6011;0.2182;0.8056;0.6458;5;8;TF-IDF
ID_4999509031047259;0.7760;0.6823;0.6000;0.8000;0.6500;0.0882;0.2353;0.3824;0.1802;0.9068;0.3739;0.2933;0.9421;0.5031;8;13;TF-IDF
ID_8031266925341697;0.4212;0.4845;0.6000;0.4000;0.4500;0.1304;0.1739;0.3913;0.1027;0.7715;0.4763;0.2098;0.9101;0.5282;5;11;TF-IDF
ID_3730620853566536;0.3231;0.2792;0.2000;0.3000;0.2000;0.0385;0.1154;0.1538;0.0657;0.3661;0.6721;0.0738;0.7589;0.6926;3;4;TF-IDF
ID_0472856771871140;0.1875;0.2927;0.2000;0.1000;0.2000;0.0588;0.0588;0.2353;0.0294;0.5511;0.6042;0.0607;0.7556;0.6499;3;8;TF-IDF
ID_8278472628252508;0.4570;0.3675;0.4000;0.4000;0.3000;0.0833;0.1667;0.2500;0.1030;0.7265;0.6338;0.1271;0.7892;0.6905;4;6;TF-IDF
ID_2323085679807602;0.6243;0.6108;0.6000;0.6000;0.6000;0.0857;0.1714;0.3429;0.1180;0.8660;0.5312;0.2165;0.9085;0.5255;6;12;TF-IDF
ID_6775629541151867;0.4153;0.4082;0.6000;0.3000;0.1500;0.3000;0.3000;0.3000;0.2267;0.9400;0.5174;0.2267;0.9900;0.5438;3;3;TF-IDF
ID_6474240798904132;0.2240;0.2521;0.4000;0.2000;0.3000;0.0541;0.0541;0.1622;0.0243;0.6812;0.5739;0.0534;0.7488;0.6004;2;8;TF-IDF
ID_6142558410927273;0.0925;0.1437;0.0000;0.0000;0.1000;0.0000;0.0000;0.1250;0.0000;0.7229;0.5124;0.0114;0.7518;0.6385;2;5;TF-IDF
ID_5916017746341882;0.3120;0.3451;0.4000;0.3000;0.3500;0.0588;0.0882;0.2059;0.0441;0.8306;0.6353;0.0830;0.8952;0.6990;3;8;TF-IDF
ID_0370020634398898;0.1284;0.1779;0.2000;0.2000;0.2000;0.0455;0.0909;0.1818;0.0265;0.8250;0.7722;0.0541;0.9100;0.7654;2;4;TF-IDF
ID_8509299951934973;0.5400;0.4905;0.6000;0.6000;0.5000;0.0769;0.1538;0.2564;0.0957;0.7647;0.6129;0.1530;0.8088;0.6615;6;10;TF-IDF
ID_1829406809818626;0.7827;0.6348;0.8000;0.8000;0.6000;0.1000;0.2000;0.3000;0.1565;0.8594;0.5262;0.2283;0.8851;0.6412;8;13;TF-IDF
ID_1896514405880465;0.1980;0.1683;0.2000;0.2000;0.1000;0.0625;0.1250;0.1250;0.0365;0.3611;0.6535;0.0365;0.6111;0.6569;4;4;TF-IDF
ID_4692980070480625;0.6640;0.6553;0.8000;0.7000;0.6000;0.1111;0.1944;0.3333;0.1539;0.5442;0.5845;0.2469;0.7493;0.5975;7;13;TF-IDF
ID_6217509029802638;0.4290;0.4915;0.2000;0.4000;0.4000;0.0526;0.2105;0.4211;0.1063;0.8636;0.7001;0.2038;0.9205;0.6886;5;10;TF-IDF
ID_7471111924336519;0.1570;0.2255;0.2000;0.1000;0.1500;0.1429;0.1429;0.4286;0.0286;0.4490;0.6861;0.0831;0.5306;0.6708;2;5;TF-IDF
ID_8602960801642916;0.3032;0.3575;0.2000;0.4000;0.3500;0.0625;0.2500;0.4375;0.0879;0.6100;0.5766;0.1743;0.7925;0.6451;4;7;TF-IDF
ID_6492048904483467;0.4145;0.4231;0.8000;0.6000;0.5000;0.1290;0.1935;0.3226;0.1433;0.6651;0.6781;0.2069;0.8325;0.6873;6;10;TF-IDF
ID_3457219624656691;0.6141;0.5390;0.6000;0.5000;0.4500;0.0732;0.1220;0.2195;0.0969;0.5404;0.6314;0.1452;0.6646;0.6913;6;10;TF-IDF
ID_9089204821424223;0.3191;0.3488;0.4000;0.4000;0.4000;0.0488;0.0976;0.1951;0.0422;0.6553;0.6939;0.0843;0.7500;0.7155;4;8;TF-IDF
ID_4933620329566048;0.3154;0.2824;0.2000;0.4000;0.2000;0.0833;0.3333;0.3333;0.1722;0.4355;0.5748;0.1722;0.5087;0.5798;4;4;TF-IDF
ID_7529510499149375;0.1082;0.2094;0.0000;0.2000;0.3500;0.0000;0.0392;0.1373;0.0082;0.4562;0.5318;0.0430;0.6000;0.6513;2;7;TF-IDF
ID_6446612054631446;0.3309;0.3045;0.4000;0.4000;0.3500;0.0667;0.1333;0.2333;0.0518;0.8114;0.6047;0.0946;0.8553;0.6535;4;7;TF-IDF
ID_2289579163604428;0.4634;0.4542;0.6000;0.5000;0.5000;0.0909;0.1515;0.3030;0.0855;0.6720;0.5256;0.1611;0.7153;0.5808;5;10;TF-IDF
ID_2339346345530509;0.4650;0.3867;0.6000;0.5000;0.4000;0.0882;0.1471;0.2353;0.1124;0.5437;0.5675;0.1466;0.7625;0.5698;5;9;TF-IDF
ID_6171517695707255;0.0451;0.0413;0.0000;0.0000;0.0000;0.0000;0.0000;0.0000;0.0000;0.4483;0.6765;0.0000;0.7011;0.6822;1;1;TF-IDF
ID_6089287551555329;0.3229;0.3206;0.8000;0.7000;0.5500;0.0833;0.1458;0.2292;0.1207;0.7905;0.5503;0.1716;0.8333;0.6028;7;12;TF-IDF
ID_2086707959173246;0.3582;0.3487;0.6000;0.4000;0.3500;0.1071;0.1429;0.2500;0.1276;0.6364;0.6478;0.1651;0.7762;0.6851;4;7;TF-IDF
ID_9469987954896496;0.6527;0.6327;0.8000;0.6000;0.6000;0.1026;0.1538;0.3077;0.1459;0.7572;0.6317;0.2385;0.8942;0.6549;6;12;TF-IDF
ID_7728389320504879;0.4515;0.3665;0.4000;0.5000;0.3500;0.0741;0.1852;0.2593;0.1276;0.6870;0.5243;0.1560;0.7602;0.5932;5;7;TF-IDF
ID_7454736736043931;0.2956;0.1908;0.4000;0.3000;0.1500;0.0513;0.0769;0.0769;0.0513;0.5331;0.6451;0.0513;0.6434;0.6625;3;3;TF-IDF
ID_4031565135568125;0.3819;0.4339;0.6000;0.3000;0.2500;0.2143;0.2143;0.3571;0.1726;0.7704;0.5778;0.2209;0.8469;0.5531;4;6;TF-IDF
ID_6505039023842313;0.3585;0.3935;0.4000;0.4000;0.3000;0.1667;0.3333;0.5000;0.2024;0.7579;0.5926;0.2565;0.7789;0.6316;4;6;TF-IDF
ID_1387531666012807;0.4449;0.4154;0.4000;0.4000;0.4000;0.0690;0.1379;0.2759;0.0784;0.5591;0.5624;0.1392;0.8110;0.6189;4;9;TF-IDF
ID_6455990478032543;0.3120;0.3587;0.2000;0.2000;0.3000;0.0556;0.1111;0.3333;0.0741;0.6489;0.6232;0.1321;0.7492;0.6036;3;7;TF-IDF
ID_9763437636509266;0.3060;0.3940;0.2000;0.3000;0.3500;0.0625;0.1875;0.4375;0.0677;0.3262;0.6248;0.1596;0.4920;0.6707;4;8;TF-IDF
ID_0007332204631197;0.2687;0.3659;0.2000;0.3000;0.4500;0.0333;0.1000;0.3000;0.0341;0.7656;0.5342;0.1143;0.8517;0.5598;3;9;TF-IDF
ID_1124100372440117;0.2439;0.2940;0.2000;0.3000;0.3000;0.0400;0.1200;0.2400;0.0648;0.6609;0.4472;0.1053;0.7478;0.5430;4;9;TF-IDF
ID_2726230162746149;0.3719;0.4610;0.2000;0.3000;0.4500;0.0400;0.1200;0.3600;0.0705;0.5490;0.6258;0.1756;0.6887;0.6574;3;9;TF-IDF
ID_4150524692179865;0.6454;0.6098;0.6000;0.4000;0.2500;0.2727;0.3636;0.4545;0.3333;0.7279;0.6445;0.3617;0.7653;0.6795;4;5;TF-IDF
ID_3897283209013869;0.5317;0.5043;0.6000;0.7000;0.5500;0.1250;0.2917;0.4583;0.2295;0.5472;0.6220;0.3274;0.5860;0.6694;7;11;TF-IDF
ID_6460447408144781;0.4033;0.4040;0.4000;0.6000;0.5000;0.0500;0.1500;0.2500;0.0729;0.6543;0.6464;0.1252;0.7429;0.6820;6;11;TF-IDF
ID_6696857617864852;0.0935;0.1852;0.0000;0.2000;0.2500;0.0000;0.0800;0.2000;0.0124;0.6334;0.4937;0.0389;0.7007;0.5437;2;7;TF-IDF
ID_9364148865735922;0.4959;0.4714;0.4000;0.4000;0.4000;0.0667;0.1333;0.2667;0.0943;0.6959;0.6993;0.1500;0.7397;0.6640;4;10;TF-IDF
ID_0653707912025034;0.3223;0.2772;0.4000;0.4000;0.2000;0.1176;0.2353;0.2353;0.1134;0.6947;0.6629;0.1134;0.7684;0.6552;4;5;TF-IDF
ID_2364016372924935;0.6110;0.5338;0.6000;0.5000;0.4500;0.0811;0.1351;0.2432;0.1126;0.7980;0.5514;0.1628;0.8621;0.6395;5;9;TF-IDF
ID_8352745170435172;0.6188;0.5802;0.8000;0.8000;0.6500;0.0889;0.1778;0.2889;0.1330;0.8716;0.7700;0.2179;0.9277;0.6507;9;14;TF-IDF
ID_3792275882221002;0.1853;0.2081;0.2000;0.2000;0.2500;0.0476;0.0952;0.2381;0.0278;0.6304;0.6626;0.0702;0.7283;0.6730;3;6;TF-IDF
ID_0308213196926774;0.5914;0.6321;0.6000;0.6000;0.6500;0.0698;0.1395;0.3023;0.1003;0.6858;0.5317;0.2077;0.7625;0.5679;6;13;TF-IDF
ID_4407403389440011;0.3977;0.4360;0.4000;0.2000;0.2500;0.1538;0.1538;0.3846;0.1538;0.7636;0.6060;0.2146;0.8333;0.6152;5;10;TF-IDF
ID_2523040704958733;0.5897;0.5426;0.6000;0.6000;0.4500;0.1304;0.2609;0.3913;0.1953;0.7571;0.5348;0.2610;0.8184;0.5368;7;13;TF-IDF
ID_5860088594236271;0.5900;0.4494;0.4000;0.6000;0.4500;0.0465;0.1395;0.2093;0.0860;0.2717;0.6158;0.1280;0.5087;0.6489;6;9;TF-IDF
ID_4768528057390837;0.2746;0.2879;0.4000;0.4000;0.3500;0.0500;0.1000;0.1750;0.0593;0.7913;0.6934;0.0884;0.8346;0.7216;4;8;TF-IDF
ID_1571839544168040;0.4529;0.3949;0.6000;0.7000;0.4500;0.1429;0.3333;0.4286;0.2814;0.7857;0.6184;0.3332;0.9643;0.6357;7;9;TF-IDF
ID_5162043375426666;0.3301;0.2851;0.4000;0.2000;0.2000;0.0435;0.0435;0.0870;0.0362;0.7465;0.5885;0.0467;0.8662;0.5829;2;4;TF-IDF
ID_1980789059908737;0.8116;0.5919;0.8000;0.8000;0.5000;0.0755;0.1509;0.1887;0.1244;0.8981;0.6470;0.1455;0.9172;0.6745;8;10;TF-IDF
ID_7708469164258322;0.4746;0.5304;0.4000;0.5000;0.4500;0.0645;0.1613;0.2903;0.0976;0.6996;0.6634;0.1585;0.7848;0.6678;5;9;TF-IDF
ID_4095512091254454;0.2026;0.3559;0.4000;0.2000;0.3500;0.1176;0.1176;0.4118;0.0431;0.9196;0.5105;0.1332;0.9397;0.4752;2;8;TF-IDF
ID_6225394638610694;0.0851;0.1010;0.2000;0.1000;0.1000;0.0435;0.0435;0.0870;0.0087;0.7533;0.6431;0.0159;0.8533;0.6475;1;2;TF-IDF
ID_6532338737692493;0.0414;0.2251;0.0000;0.0000;0.2500;0.0000;0.0000;0.2500;0.0000;0.6722;0.6897;0.0417;0.8212;0.6787;2;10;TF-IDF
ID_5265254209364825;0.3124;0.3478;0.4000;0.4000;0.4000;0.0606;0.1212;0.2424;0.0635;0.8324;0.6216;0.1191;0.8497;0.6643;4;8;TF-IDF
ID_6374279398246756;0.3210;0.2833;0.2000;0.3000;0.2500;0.0294;0.0882;0.1471;0.0488;0.5106;0.6430;0.0693;0.7447;0.7014;3;6;TF-IDF
ID_0544144585124313;0.3498;0.4010;0.6000;0.5000;0.5500;0.0667;0.1111;0.2444;0.0569;0.7776;0.5795;0.1343;0.9041;0.5166;5;11;TF-IDF
ID_3302216368941503;0.6398;0.6039;0.8000;0.6000;0.6000;0.0909;0.1364;0.2727;0.1140;0.4579;0.6157;0.1976;0.6401;0.6406;6;12;TF-IDF
ID_3767979348338740;0.4579;0.4131;0.6000;0.6000;0.5000;0.0638;0.1277;0.2128;0.0743;0.6578;0.5864;0.1187;0.6958;0.6434;6;10;TF-IDF
ID_3165995344927892;0.5247;0.4610;0.6000;0.6000;0.5000;0.1154;0.2308;0.3846;0.1216;0.6353;0.5306;0.1940;0.7471;0.6242;7;11;TF-IDF
ID_6801014238742352;0.3076;0.2414;0.4000;0.4000;0.2500;0.0714;0.1429;0.1786;0.0655;0.6935;0.5672;0.0760;0.7419;0.6818;5;8;TF-IDF
ID_9385929088657818;0.1884;0.2381;0.2000;0.2000;0.2500;0.0476;0.0952;0.2381;0.0317;0.5972;0.5953;0.0703;0.7222;0.6438;2;5;TF-IDF
ID_2509301929350826;0.1635;0.1609;0.0000;0.3000;0.2000;0.0000;0.1034;0.1379;0.0238;0.4960;0.5724;0.0314;0.6267;0.6035;3;4;TF-IDF
ID_7966465975599953;0.5767;0.4446;0.6000;0.5000;0.3500;0.0968;0.1613;0.2258;0.1225;0.7609;0.4672;0.1519;0.8076;0.6470;5;7;TF-IDF
ID_6478091924064864;0.0920;0.1666;0.0000;0.2000;0.2500;0.0000;0.0465;0.1163;0.0072;0.4156;0.5872;0.0257;0.6496;0.6268;2;5;TF-IDF
ID_7866377101423210;0.4923;0.3835;0.4000;0.6000;0.4000;0.0588;0.1765;0.2353;0.0940;0.4158;0.4738;0.1172;0.6535;0.5740;6;8;TF-IDF
ID_4933326132948063;0.2297;0.2474;0.2000;0.2000;0.2000;0.0625;0.1250;0.2500;0.0521;0.4622;0.6594;0.0838;0.6134;0.6998;2;5;TF-IDF
ID_0471595469074043;0.4211;0.3041;0.6000;0.5000;0.3000;0.1034;0.1724;0.2069;0.0973;0.8333;0.5313;0.1077;0.8922;0.5604;5;6;TF-IDF
ID_2555147881487724;0.4381;0.3921;0.6000;0.4000;0.3500;0.0882;0.1176;0.2059;0.0933;0.7935;0.4229;0.1253;0.8732;0.5240;4;8;TF-IDF
ID_4679830870331445;0.4279;0.3697;0.4000;0.5000;0.4500;0.0741;0.1852;0.3333;0.0817;0.6612;0.6051;0.1544;0.8264;0.6015;6;10;TF-IDF
ID_7853140708995178;0.0935;0.1802;0.0000;0.1000;0.1500;0.0000;0.1429;0.4286;0.0179;0.5614;0.5614;0.0621;0.7807;0.5814;1;3;TF-IDF
ID_1976344298387988;0.0625;0.1000;0.0000;0.0000;0.0500;0.0000;0.0000;0.0435;0.0000;0.4755;0.6241;0.0027;0.7203;0.6235;3;5;TF-IDF
ID_7359896733836304;0.4429;0.4721;0.8000;0.5000;0.4500;0.1905;0.2381;0.4286;0.2087;0.8505;0.4323;0.3019;0.8826;0.5131;5;9;TF-IDF
ID_3553837998751021;0.5166;0.3730;0.8000;0.5000;0.3000;0.0833;0.1042;0.1250;0.0800;0.7268;0.6412;0.0914;0.8015;0.6276;5;6;TF-IDF
ID_3452982259415951;0.1129;0.1861;0.0000;0.1000;0.1000;0.0000;0.2000;0.4000;0.0286;0.5970;0.6305;0.0649;0.7015;0.6403;2;5;TF-IDF
ID_1262866723506084;0.2418;0.3057;0.6000;0.4000;0.3500;0.1000;0.1333;0.2333;0.0626;0.7500;0.6032;0.1001;0.7500;0.5978;6;12;TF-IDF
ID_4125254830545309;0.2597;0.3740;0.2000;0.2000;0.2500;0.1250;0.2500;0.6250;0.0667;0.8075;0.7077;0.1639;0.8075;0.6788;5;8;TF-IDF
ID_9157226124301186;0.1795;0.3061;0.2000;0.2000;0.3000;0.0500;0.1000;0.3000;0.0292;0.7470;0.6539;0.0867;0.8064;0.6134;2;6;TF-IDF
ID_9171504422944800;0.2387;0.2829;0.2000;0.3000;0.2000;0.0909;0.2727;0.3636;0.0758;0.9124;0.5595;0.1017;0.9124;0.6075;3;4;TF-IDF
ID_9092018794878372;0.1854;0.1854;0.0000;0.1000;0.0500;0.0000;0.5000;0.5000;0.0714;0.7423;0.6540;0.0714;0.8144;0.6748;1;1;TF-IDF
ID_3991335284097878;0.5107;0.4746;0.4000;0.4000;0.2500;0.1429;0.2857;0.3571;0.2194;0.7547;0.5914;0.2392;0.8679;0.5854;4;5;TF-IDF
ID_1802668440782138;0.5373;0.4523;0.6000;0.6000;0.4000;0.1429;0.2857;0.3810;0.1664;0.6757;0.4401;0.2142;0.8716;0.4784;6;8;TF-IDF
ID_0211323355347168;0.1331;0.0859;0.0000;0.2000;0.1000;0.0000;0.0667;0.0667;0.0108;0.6316;0.6369;0.0108;0.6886;0.6194;2;2;TF-IDF
ID_5635972225700254;0.6062;0.5578;0.6000;0.5000;0.5000;0.1200;0.2000;0.4000;0.1567;0.6355;0.6638;0.2556;0.7477;0.6319;6;11;TF-IDF
ID_2861424806494103;0.2494;0.2856;0.4000;0.3000;0.3500;0.0588;0.0882;0.2059;0.0301;0.6316;0.5578;0.0769;0.7544;0.6176;3;7;TF-IDF
ID_4671203889895341;0.4136;0.3685;0.6000;0.6000;0.4000;0.1304;0.2609;0.3478;0.1446;0.8105;0.5906;0.1798;0.8431;0.6984;7;9;TF-IDF
ID_4043924606392112;0.0000;0.1148;0.0000;0.0000;0.2000;0.0000;0.0000;0.1481;0.0000;0.3140;0.5639;0.0231;0.6621;0.6596;0;5;TF-IDF
ID_9170893104155674;0.5185;0.4701;0.4000;0.6000;0.5000;0.0741;0.2222;0.3704;0.1221;0.7000;0.6587;0.2074;0.7526;0.6801;6;12;TF-IDF
ID_5330038705900274;0.4777;0.4376;0.6000;0.4000;0.2500;0.2143;0.2857;0.3571;0.2044;0.7551;0.5007;0.2299;0.8469;0.6127;6;7;TF-IDF
ID_8547934593183920;0.3024;0.4256;0.4000;0.4000;0.4500;0.0741;0.1481;0.3333;0.0705;0.7574;0.5889;0.1544;0.8994;0.5920;4;10;TF-IDF
ID_1364246301366731;0.1802;0.2023;0.2000;0.3000;0.2000;0.0588;0.1765;0.2353;0.0462;0.6769;0.4810;0.0658;0.7521;0.5659;3;4;TF-IDF
ID_1128395832959780;0.2624;0.2459;0.4000;0.2000;0.2500;0.0588;0.0588;0.1471;0.0343;0.5704;0.5658;0.0599;0.7148;0.6837;3;7;TF-IDF
ID_1668340601837069;0.8512;0.5988;0.8000;0.8000;0.4500;0.1429;0.2857;0.3214;0.2662;0.8024;0.6181;0.2930;0.8306;0.6491;8;9;TF-IDF
ID_0419443097971251;0.1389;0.1260;0.2000;0.1000;0.1000;0.0357;0.0357;0.0714;0.0179;0.7068;0.5348;0.0230;0.7435;0.5466;1;2;TF-IDF
ID_0128689067297674;0.7815;0.6560;0.8000;0.8000;0.7000;0.0833;0.1667;0.2917;0.1459;0.6590;0.6378;0.2399;0.7067;0.6846;8;14;TF-IDF
ID_4259402010746015;0.1100;0.1850;0.2000;0.1000;0.2000;0.0476;0.0476;0.1905;0.0159;0.7500;0.5165;0.0409;0.7973;0.5697;1;4;TF-IDF
ID_9279262545449206;0.3538;0.3713;0.2000;0.5000;0.4500;0.0278;0.1389;0.2500;0.0567;0.6379;0.6359;0.1062;0.7672;0.6572;5;10;TF-IDF
ID_2876196606157039;0.3637;0.4972;0.4000;0.3000;0.4000;0.1176;0.1765;0.4706;0.1076;0.8300;0.6831;0.2292;0.8300;0.6762;3;8;TF-IDF
ID_6638697951841821;0.2201;0.3567;0.2000;0.1000;0.3500;0.0435;0.0435;0.3043;0.0435;0.7551;0.6308;0.1180;0.8776;0.6451;1;7;TF-IDF
ID_0574758575822571;0.1389;0.2305;0.2000;0.1000;0.2500;0.0303;0.0303;0.1515;0.0152;0.5142;0.7319;0.0410;0.8066;0.6646;1;5;TF-IDF
ID_2253678905578777;0.4656;0.4653;0.8000;0.5000;0.4500;0.1053;0.1316;0.2368;0.1066;0.9375;0.6380;0.1572;0.9444;0.6142;7;13;TF-IDF
ID_8884263402852992;0.0759;0.2113;0.0000;0.1000;0.1500;0.0000;0.1111;0.3333;0.0185;0.8308;0.5315;0.0625;0.8923;0.5631;3;5;TF-IDF
ID_3669511350633933;0.2046;0.2638;0.2000;0.2000;0.3000;0.0357;0.0714;0.2143;0.0208;0.9273;0.6224;0.0571;0.9455;0.6456;3;7;TF-IDF
ID_1046967561370777;0.1985;0.1895;0.2000;0.1000;0.0500;0.0909;0.0909;0.0909;0.0303;0.7297;0.6426;0.0303;0.7432;0.6359;1;1;TF-IDF
ID_7927685281122435;0.2364;0.3660;0.6000;0.4000;0.5000;0.1111;0.1481;0.3704;0.0840;0.7500;0.5918;0.1902;0.8359;0.6479;4;10;TF-IDF
ID_3900177177421722;0.5641;0.5045;0.4000;0.5000;0.3500;0.1000;0.2500;0.3500;0.1611;0.9625;0.4137;0.1962;0.9625;0.5336;6;9;TF-IDF
ID_6341248082936350;0.0000;0.1000;0.0000;0.0000;0.1500;0.0000;0.0000;0.0732;0.0000;0.4118;0.4539;0.0078;0.5294;0.5846;0;3;TF-IDF
ID_8634866589762862;0.1641;0.1265;0.2000;0.2000;0.1000;0.0526;0.1053;0.1053;0.0414;0.5079;0.5613;0.0414;0.7680;0.6258;2;3;TF-IDF
ID_8906707362461289;0.0576;0.1055;0.0000;0.1000;0.1000;0.0000;0.1667;0.3333;0.0208;0.4688;0.5990;0.0465;0.6875;0.6881;1;2;TF-IDF
ID_7913302545613108;0.5779;0.5033;0.4000;0.6000;0.3500;0.1250;0.3750;0.4375;0.2178;0.5915;0.6559;0.2408;0.6690;0.7124;6;7;TF-IDF
ID_2329499237357364;0.2629;0.3021;0.4000;0.2000;0.2000;0.1333;0.1333;0.2667;0.0778;0.7898;0.6438;0.1051;0.8636;0.6544;3;5;TF-IDF
ID_0717367953543712;0.4515;0.4928;0.4000;0.3000;0.2000;0.2222;0.3333;0.4444;0.2698;0.8378;0.7204;0.3069;0.8649;0.7104;3;4;TF-IDF
ID_5118629875846648;0.5482;0.4287;0.4000;0.5000;0.3500;0.0741;0.1852;0.2593;0.1220;0.3718;0.6013;0.1527;0.7197;0.6002;5;8;TF-IDF
ID_0484982277336205;0.2083;0.1668;0.0000;0.3000;0.2000;0.0000;0.0714;0.0952;0.0164;0.6823;0.5906;0.0212;0.7653;0.5518;3;4;TF-IDF
ID_2602949498335989;0.2351;0.2745;0.4000;0.4000;0.4000;0.0625;0.1250;0.2500;0.0542;0.8172;0.6675;0.1094;0.8891;0.7497;4;9;TF-IDF
ID_5923720330718235;0.3846;0.4757;0.8000;0.4000;0.5000;0.1481;0.1481;0.3704;0.1006;0.7876;0.6903;0.2040;0.8407;0.6618;5;11;TF-IDF
ID_6646435354431954;0.0628;0.0703;0.2000;0.1000;0.0500;0.0909;0.0909;0.0909;0.0303;0.5556;0.5651;0.0303;0.6993;0.5911;1;2;TF-IDF
ID_2121686219033754;0.2715;0.1893;0.4000;0.4000;0.2500;0.0588;0.1176;0.1471;0.0627;0.6067;0.6343;0.0705;0.6292;0.6376;4;5;TF-IDF
ID_0517841867884236;0.6805;0.5739;0.6000;0.6000;0.5500;0.0625;0.1250;0.2292;0.1019;0.9476;0.6654;0.1593;0.9634;0.6878;6;11;TF-IDF
ID_6562497517787376;0.6408;0.5800;0.6000;0.6000;0.5500;0.0833;0.1667;0.3056;0.1359;0.7505;0.5678;0.2247;0.8239;0.5766;6;12;TF-IDF
ID_5552833362200954;0.5510;0.4547;0.6000;0.5000;0.3500;0.1200;0.2000;0.2800;0.1329;0.4944;0.5511;0.1762;0.5562;0.6240;5;7;TF-IDF
ID_0914668307033301;0.3312;0.3198;0.2000;0.2000;0.1500;0.0714;0.1429;0.2143;0.0918;0.8847;0.6033;0.1037;0.9172;0.6142;2;4;TF-IDF
ID_1990435630619505;0.2080;0.1774;0.4000;0.3000;0.1500;0.1000;0.1500;0.1500;0.0667;0.8214;0.5002;0.0667;0.8929;0.5874;3;5;TF-IDF
ID_4962820320879891;0.6431;0.5831;0.8000;0.6000;0.6000;0.0889;0.1333;0.2667;0.0987;0.7245;0.5571;0.1761;0.8189;0.6147;6;12;TF-IDF
ID_0084300900034108;0.1636;0.2266;0.0000;0.2000;0.2000;0.0000;0.1053;0.2105;0.0219;0.7570;0.7373;0.0480;0.7944;0.7376;3;5;TF-IDF
ID_1888879974374014;0.6313;0.5213;0.6000;0.6000;0.5000;0.0882;0.1765;0.2941;0.1239;0.6919;0.6927;0.1793;0.7454;0.7025;6;10;TF-IDF
ID_3061734732654188;0.2954;0.3626;0.4000;0.5000;0.5000;0.0833;0.2083;0.4167;0.0966;0.5000;0.5913;0.2000;0.5435;0.6351;5;10;TF-IDF
ID_3594651355252245;0.4153;0.3855;0.6000;0.3000;0.2500;0.1429;0.1429;0.2381;0.1079;0.5932;0.6291;0.1387;0.6912;0.6643;3;6;TF-IDF
ID_0095550072802463;0.2113;0.2011;0.2000;0.3000;0.2000;0.0625;0.1875;0.2500;0.0789;0.4409;0.6484;0.0936;0.6075;0.6641;3;4;TF-IDF
ID_2658762200370578;0.1310;0.1073;0.2000;0.1000;0.0500;0.0625;0.0625;0.0625;0.0156;0.2948;0.6578;0.0156;0.3931;0.6876;2;2;TF-IDF
ID_0700137809969252;0.3102;0.3792;0.4000;0.3000;0.3500;0.0952;0.1429;0.3333;0.0468;0.6120;0.6743;0.1206;0.7573;0.6997;4;10;TF-IDF
ID_2713375538068664;0.1534;0.1947;0.0000;0.2000;0.1500;0.0000;0.1538;0.2308;0.0282;0.6826;0.6865;0.0447;0.8174;0.6514;2;4;TF-IDF
ID_6019754377229990;0.0663;0.2298;0.0000;0.1000;0.3000;0.0000;0.0286;0.1714;0.0032;0.6855;0.5897;0.0429;0.8038;0.6197;1;7;TF-IDF
ID_1601050225496140;0.5960;0.5620;0.6000;0.5000;0.5000;0.1000;0.1667;0.3333;0.1256;0.6737;0.4158;0.2116;0.7684;0.4446;6;11;TF-IDF
ID_5957855817378897;0.2367;0.1877;0.4000;0.4000;0.2500;0.0667;0.1333;0.1667;0.0544;0.4564;0.6482;0.0696;0.5726;0.7172;4;5;TF-IDF
ID_1349279406406034;0.0704;0.1320;0.0000;0.1000;0.1500;0.0000;0.0556;0.1667;0.0062;0.6500;0.6062;0.0219;0.7250;0.6451;3;5;TF-IDF
ID_8992951405803858;0.3341;0.3624;0.6000;0.3000;0.3500;0.1500;0.1500;0.3500;0.0883;0.5360;0.6978;0.1588;0.7122;0.6826;3;8;TF-IDF
ID_8555278845050226;0.5068;0.3420;0.4000;0.4000;0.2500;0.0526;0.1053;0.1316;0.0789;0.5827;0.7044;0.0872;0.7362;0.6837;4;5;TF-IDF
ID_3784957422020764;0.0784;0.1384;0.0000;0.1000;0.2000;0.0000;0.0294;0.1176;0.0049;0.5587;0.5812;0.0205;0.6655;0.6012;1;4;TF-IDF
ID_2747150211073176;0.4432;0.4435;0.6000;0.5000;0.5000;0.0833;0.1389;0.2778;0.1123;0.7820;0.7056;0.1873;0.8507;0.7014;6;11;TF-IDF
ID_1290711673273506;0.3595;0.3825;0.4000;0.4000;0.3000;0.0870;0.1739;0.2609;0.1116;0.8042;0.5329;0.1451;0.8677;0.6185;4;6;TF-IDF
ID_2402401592333107;0.0932;0.1682;0.0000;0.1000;0.1500;0.0000;0.0625;0.1875;0.0089;0.6811;0.6434;0.0283;0.7514;0.6361;2;5;TF-IDF
ID_0036129846822289;0.5232;0.4979;0.6000;0.4000;0.4500;0.1071;0.1429;0.3214;0.1161;0.6952;0.6291;0.2046;0.7762;0.6018;4;9;TF-IDF
ID_7937368027614414;0.2796;0.3370;0.4000;0.4000;0.3500;0.0690;0.1379;0.2414;0.0837;0.6014;0.5707;0.1188;0.7113;0.5667;6;12;TF-IDF
ID_9065501029560884;0.3231;0.3478;0.4000;0.3000;0.2500;0.0833;0.1250;0.2083;0.1042;0.3319;0.6950;0.1268;0.6213;0.7427;4;6;TF-IDF
ID_6886593430683676;0.4880;0.3909;0.6000;0.3000;0.2500;0.1364;0.1364;0.2273;0.1364;0.5041;0.4315;0.1613;0.6667;0.5489;5;8;TF-IDF
ID_9362686215096702;0.4881;0.5031;0.6000;0.6000;0.6000;0.0667;0.1333;0.2667;0.0791;0.5726;0.5774;0.1516;0.7834;0.5911;6;13;TF-IDF
ID_3746397954560718;0.3592;0.3791;0.6000;0.3000;0.2000;0.2308;0.2308;0.3077;0.1744;0.5745;0.6457;0.1925;0.5745;0.6903;5;7;TF-IDF
ID_5006741787749124;0.6598;0.6637;0.4000;0.4000;0.3000;0.1818;0.3636;0.5455;0.2571;0.5603;0.6817;0.3142;0.7234;0.7123;4;7;TF-IDF
ID_7199755730477708;0.0000;0.0000;0.0000;0.0000;0.0000;0.0000;0.0000;0.0000;0.0000;0.5150;0.6957;0.0000;0.5451;0.6928;0;0;TF-IDF
ID_5969636750048659;0.1030;0.2656;0.0000;0.1000;0.2000;0.0000;0.0769;0.3077;0.0077;0.6143;0.6182;0.0542;0.7245;0.6224;4;10;TF-IDF
ID_4670907354729674;0.1149;0.1910;0.2000;0.2000;0.1500;0.1111;0.2222;0.3333;0.0648;0.7333;0.6599;0.0824;0.7833;0.6517;2;3;TF-IDF
ID_1616204547689304;0.1420;0.0943;0.0000;0.2000;0.1000;0.0000;0.1053;0.1053;0.0193;0.8154;0.5573;0.0193;0.8632;0.5895;2;2;TF-IDF
ID_0560039556461253;0.4189;0.4564;0.4000;0.5000;0.6000;0.0400;0.1000;0.2400;0.0478;0.7861;0.4650;0.1298;0.9146;0.6150;5;12;TF-IDF
ID_3455204481678421;0.6294;0.5523;0.6000;0.6000;0.5000;0.0789;0.1579;0.2632;0.1112;0.8703;0.4961;0.1744;0.9165;0.5532;6;10;TF-IDF
ID_8938461112152405;0.4228;0.4370;0.4000;0.4000;0.4000;0.0800;0.1600;0.3200;0.1027;0.5948;0.5817;0.1665;0.8491;0.5840;5;9;TF-IDF
ID_5061261000226463;0.4374;0.3580;0.4000;0.4000;0.2500;0.0909;0.1818;0.2273;0.0851;0.7057;0.5173;0.1058;0.8138;0.6291;4;6;TF-IDF
ID_8643734175886873;0.1937;0.2908;0.4000;0.4000;0.4000;0.0714;0.1429;0.2857;0.0633;0.7000;0.6800;0.1221;0.7750;0.6361;4;8;TF-IDF
ID_8797735093080763;0.4722;0.4116;0.4000;0.4000;0.3500;0.0769;0.1538;0.2692;0.0987;0.3387;0.7632;0.1447;0.7258;0.7633;4;7;TF-IDF
ID_2302314954133011;0.1466;0.2424;0.0000;0.2000;0.2500;0.0000;0.0870;0.2174;0.0135;0.7105;0.5777;0.0474;0.7588;0.5538;2;6;TF-IDF
ID_7561487411080800;0.5389;0.5573;0.8000;0.4000;0.5000;0.0976;0.0976;0.2439;0.0866;0.9290;0.6448;0.1538;0.9398;0.6804;4;10;TF-IDF
ID_9080862012369372;0.3520;0.3786;0.2000;0.4000;0.2500;0.1111;0.4444;0.5556;0.1563;0.7000;0.6470;0.1959;0.8222;0.6346;4;8;TF-IDF
ID_2938011667744143;0.6141;0.5642;0.6000;0.6000;0.5500;0.0638;0.1277;0.2340;0.0863;0.8241;0.6442;0.1549;0.8549;0.6284;6;12;TF-IDF
ID_1455327138239823;0.3052;0.3037;0.4000;0.2000;0.2500;0.0690;0.0690;0.1724;0.0483;0.5484;0.5501;0.0752;0.7298;0.6419;2;5;TF-IDF
ID_4548734294382889;0.1942;0.3174;0.2000;0.3000;0.4500;0.0250;0.0750;0.2250;0.0196;0.6055;0.6604;0.0827;0.6106;0.7056;4;10;TF-IDF
ID_7930540518087267;0.2372;0.2542;0.6000;0.3000;0.3000;0.1304;0.1304;0.2609;0.0833;0.7883;0.5454;0.1336;0.8600;0.6164;3;6;TF-IDF
ID_3852736184581900;0.1732;0.2802;0.2000;0.2000;0.4000;0.0357;0.0714;0.2857;0.0208;0.7778;0.6310;0.0935;0.8148;0.6148;2;8;TF-IDF
ID_7591029585871788;0.5438;0.5857;0.6000;0.4000;0.4000;0.2000;0.2667;0.5333;0.2178;0.8222;0.5166;0.3366;0.8444;0.5839;5;9;TF-IDF
ID_6712204853062196;0.3996;0.4649;0.6000;0.3000;0.4000;0.1034;0.1034;0.2759;0.0948;0.7500;0.5295;0.1679;0.8750;0.5776;3;8;TF-IDF
ID_6644811083291335;0.4559;0.5663;0.6000;0.4000;0.5500;0.1200;0.1600;0.4400;0.1378;0.8924;0.5640;0.2838;0.9494;0.6170;4;11;TF-IDF
ID_9092587237114334;0.4166;0.3364;0.4000;0.4000;0.3000;0.0606;0.1212;0.1818;0.0719;0.4678;0.6364;0.0909;0.5635;0.6369;4;6;TF-IDF
ID_3551809247862378;0.1193;0.1075;0.2000;0.1000;0.0500;0.1250;0.1250;0.1250;0.0250;0.5164;0.6147;0.0250;0.6557;0.6644;1;1;TF-IDF
ID_8739431159426389;0.5580;0.3753;0.8000;0.5000;0.2500;0.1143;0.1429;0.1429;0.1286;0.5761;0.6465;0.1286;0.6471;0.6680;6;9;TF-IDF
ID_7050638697696950;0.3635;0.3078;0.4000;0.4000;0.3000;0.0952;0.1905;0.2857;0.0813;0.5823;0.6595;0.1111;0.7152;0.6760;6;8;TF-IDF
ID_3781815204303241;0.1795;0.2181;0.2000;0.2000;0.2000;0.0370;0.0741;0.1481;0.0216;0.5856;0.5414;0.0396;0.7264;0.5925;2;4;TF-IDF
ID_3394181280355442;0.0886;0.1157;0.0000;0.1000;0.1000;0.0000;0.0714;0.1429;0.0089;0.2874;0.6253;0.0179;0.4102;0.6161;4;7;TF-IDF
ID_6293663565260182;0.2130;0.2504;0.2000;0.2000;0.2500;0.0588;0.1176;0.2941;0.0412;0.8127;0.5919;0.0786;0.8564;0.5557;3;7;TF-IDF
ID_0611351138131709;0.6771;0.6358;0.8000;0.7000;0.5500;0.1538;0.2692;0.4231;0.2447;0.8690;0.6148;0.3356;0.8759;0.6623;7;12;TF-IDF
ID_7583826391876379;0.2383;0.3017;0.2000;0.3000;0.3000;0.0385;0.1154;0.2308;0.0308;0.7895;0.6135;0.0700;0.9079;0.6235;4;8;TF-IDF
ID_0059762188104357;0.4959;0.4563;0.8000;0.6000;0.4500;0.1600;0.2400;0.3600;0.1946;0.8710;0.5352;0.2604;0.9355;0.5957;6;10;TF-IDF
ID_4787380927153288;0.3630;0.3937;0.4000;0.5000;0.5500;0.0455;0.1136;0.2500;0.0552;0.7445;0.6591;0.1297;0.8170;0.6573;7;14;TF-IDF
ID_4470314114687099;0.6391;0.5210;0.6000;0.6000;0.4500;0.0938;0.1875;0.2812;0.1499;0.7177;0.6287;0.2022;0.7763;0.6471;6;9;TF-IDF
ID_4594174520904857;0.3500;0.2641;0.2000;0.3000;0.2500;0.0323;0.0968;0.1613;0.0491;0.8431;0.6288;0.0648;0.9020;0.6957;3;5;TF-IDF
ID_1537768249023926;0.3282;0.2857;0.2000;0.3000;0.2500;0.0417;0.1250;0.2083;0.0712;0.2945;0.6327;0.1024;0.5382;0.7425;3;9;TF-IDF
ID_2515147908021339;0.5326;0.5209;0.6000;0.5000;0.5000;0.0612;0.1020;0.2041;0.0765;0.8586;0.6638;0.1294;0.8586;0.6786;5;10;TF-IDF
ID_4463851260628939;0.3715;0.2761;0.4000;0.3000;0.2000;0.0606;0.0909;0.1212;0.0525;0.7010;0.4554;0.0612;0.7108;0.4896;3;4;TF-IDF
ID_1103843322667635;0.3677;0.3473;0.6000;0.4000;0.3500;0.0909;0.1212;0.2121;0.0737;0.6489;0.6319;0.1085;0.7481;0.6390;4;8;TF-IDF
ID_0351531509597193;0.1584;0.2769;0.2000;0.2000;0.3500;0.0278;0.0556;0.1944;0.0125;0.6204;0.6623;0.0550;0.7737;0.6851;2;7;TF-IDF
ID_5436929276473133;0.8116;0.5913;0.8000;0.8000;0.5000;0.0851;0.1702;0.2128;0.1403;0.8915;0.4453;0.1633;0.9341;0.5751;8;10;TF-IDF
ID_2019624495480547;0.6567;0.5934;1.0000;0.8000;0.5000;0.1250;0.2000;0.2500;0.1859;0.5494;0.4899;0.2134;0.7160;0.6797;8;10;TF-IDF
ID_0101573130155769;0.3372;0.3816;0.4000;0.4000;0.4000;0.0870;0.1739;0.3478;0.0710;0.8846;0.4881;0.1564;0.9487;0.5466;4;8;TF-IDF
ID_1759328747578795;0.1478;0.1897;0.0000;0.2000;0.2000;0.0000;0.1176;0.2353;0.0245;0.2415;0.5197;0.0473;0.5932;0.6701;2;4;TF-IDF
ID_7396818382676736;0.4320;0.4422;0.6000;0.5000;0.4500;0.0882;0.1471;0.2647;0.0765;0.8271;0.5394;0.1401;0.8856;0.5378;5;9;TF-IDF
ID_2382469130424035;0.6143;0.5440;1.0000;0.7000;0.6000;0.1220;0.1707;0.2927;0.1553;0.8278;0.4747;0.2343;0.8477;0.5614;8;13;TF-IDF
ID_1433102143096276;0.1607;0.2118;0.2000;0.2000;0.1500;0.0909;0.1818;0.2727;0.0364;0.7439;0.4486;0.0612;0.7805;0.5410;2;3;TF-IDF
ID_5370050614825156;0.3251;0.2149;0.4000;0.2000;0.1000;0.0571;0.0571;0.0571;0.0400;0.5870;0.7330;0.0400;0.6413;0.7204;3;4;TF-IDF
ID_1602277501575415;0.1714;0.1587;0.6000;0.3000;0.2000;0.1000;0.1000;0.1333;0.0700;0.4630;0.5900;0.0770;0.6728;0.5834;3;4;TF-IDF
ID_1519722333222743;0.4526;0.5247;0.4000;0.5000;0.4500;0.0870;0.2174;0.3913;0.1032;0.5691;0.5959;0.1951;0.7713;0.6658;6;10;TF-IDF
ID_0198281726965444;0.0694;0.2286;0.0000;0.1000;0.3000;0.0000;0.0455;0.2727;0.0057;0.7737;0.5620;0.0653;0.8230;0.6347;1;6;TF-IDF
ID_2397508258376320;0.0000;0.2379;0.0000;0.0000;0.3000;0.0000;0.0000;0.3750;0.0000;0.9375;0.5440;0.0783;0.9500;0.5838;0;6;TF-IDF
ID_2169077750473763;0.4389;0.4491;0.4000;0.4000;0.4000;0.0741;0.1481;0.2963;0.1028;0.6691;0.5462;0.1711;0.8456;0.6356;6;12;TF-IDF
ID_0737720586420784;0.0784;0.2329;0.0000;0.1000;0.3000;0.0000;0.0192;0.1154;0.0032;0.5574;0.5271;0.0294;0.6885;0.5831;1;6;TF-IDF
ID_1666847480524681;0.3558;0.3516;0.2000;0.3000;0.3500;0.0233;0.0698;0.1628;0.0368;0.8649;0.5757;0.0697;0.9189;0.5790;3;7;TF-IDF
ID_0143397497562314;0.4480;0.4989;0.4000;0.4000;0.5000;0.0513;0.1026;0.2564;0.0597;0.8238;0.5497;0.1305;0.8811;0.5840;4;10;TF-IDF
ID_3243382843704500;0.2083;0.2018;0.4000;0.3000;0.2500;0.0909;0.1364;0.2273;0.0447;0.4000;0.6658;0.0688;0.5143;0.6549;3;5;TF-IDF
ID_7908961016619339;0.3309;0.4021;0.4000;0.4000;0.4500;0.0909;0.1818;0.4091;0.0864;0.5143;0.5761;0.1954;0.6429;0.5488;4;9;TF-IDF
ID_0612547523125517;0.3152;0.3510;0.4000;0.2000;0.3000;0.0667;0.0667;0.2000;0.0467;0.8034;0.5944;0.0897;0.8483;0.5951;3;7;TF-IDF
ID_7483948147827075;0.4697;0.3815;0.2000;0.4000;0.2500;0.0370;0.1481;0.1852;0.0797;0.7044;0.5180;0.0906;0.7830;0.5556;6;7;TF-IDF
ID_7254377052595883;0.2770;0.4181;0.4000;0.4000;0.5000;0.0952;0.1905;0.4762;0.0799;0.7866;0.6093;0.2084;0.8171;0.6029;4;11;TF-IDF
ID_8273262094488441;0.3576;0.4064;0.6000;0.6000;0.4500;0.0882;0.1765;0.2647;0.1076;0.5098;0.6252;0.1621;0.6667;0.6612;7;10;TF-IDF
ID_7525404075009709;0.2673;0.3504;0.4000;0.2000;0.3500;0.0588;0.0588;0.2059;0.0490;0.8393;0.5872;0.0956;0.9196;0.5912;2;7;TF-IDF
ID_2659526671827929;0.7702;0.7580;0.8000;0.7000;0.7500;0.0800;0.1400;0.3000;0.1233;0.6312;0.5472;0.2412;0.6970;0.5736;7;15;TF-IDF
ID_3376750892363066;0.4035;0.3457;0.4000;0.3000;0.3000;0.0690;0.1034;0.2069;0.0722;0.6162;0.5890;0.1065;0.6667;0.6297;3;6;TF-IDF
ID_3832957669189657;0.6718;0.5401;0.6000;0.6000;0.4500;0.0882;0.1765;0.2647;0.1411;0.5884;0.5441;0.1877;0.6762;0.6368;6;9;TF-IDF
ID_6985916875607463;0.2048;0.2021;0.4000;0.2000;0.2000;0.0800;0.0800;0.1600;0.0333;0.7468;0.4442;0.0493;0.8301;0.5155;2;4;TF-IDF
ID_0271756813168869;0.2500;0.3716;0.2000;0.1000;0.1000;0.2000;0.2000;0.4000;0.0500;0.9000;0.6514;0.0864;1.0000;0.6618;2;3;TF-IDF
ID_3663976246405654;0.1446;0.1887;0.2000;0.2000;0.2500;0.0556;0.1111;0.2778;0.0250;0.6864;0.6621;0.0654;0.7545;0.6728;2;6;TF-IDF
ID_6175285839739641;0.5203;0.5370;0.6000;0.6000;0.5500;0.1304;0.2609;0.4783;0.1764;0.7577;0.6277;0.2958;0.8954;0.6286;6;12;TF-IDF
ID_4746511137641620;0.5740;0.5242;0.6000;0.5000;0.5000;0.0750;0.1250;0.2500;0.0886;0.6283;0.6726;0.1493;0.6911;0.6791;5;10;TF-IDF
ID_2247991541439424;0.2172;0.2610;0.2000;0.3000;0.4000;0.0270;0.0811;0.2162;0.0419;0.6889;0.7001;0.1016;0.7333;0.6638;5;10;TF-IDF
ID_2762547320425528;0.1299;0.2290;0.2000;0.1000;0.2000;0.0500;0.0500;0.2000;0.0167;0.6050;0.5767;0.0401;0.7131;0.6194;2;6;TF-IDF
ID_3675336131283739;0.5767;0.5172;0.6000;0.6000;0.5000;0.1250;0.2500;0.4167;0.1634;0.4395;0.5338;0.2674;0.4933;0.6013;6;10;TF-IDF
ID_5136341885052869;0.0117;0.0828;0.0000;0.0000;0.1500;0.0000;0.0000;0.0968;0.0000;0.3431;0.5447;0.0130;0.5784;0.5755;1;5;TF-IDF
ID_1780902767520967;0.2426;0.1814;0.2000;0.3000;0.1500;0.0357;0.1071;0.1071;0.0342;0.5818;0.6681;0.0342;0.8182;0.6771;3;3;TF-IDF
ID_5733639342016958;0.0310;0.1070;0.0000;0.0000;0.0500;0.0000;0.0000;0.1429;0.0000;0.5000;0.5462;0.0089;0.6417;0.5480;1;2;TF-IDF
ID_6911356765220023;0.1594;0.2129;0.0000;0.3000;0.3000;0.0000;0.0882;0.1765;0.0221;0.6471;0.6477;0.0508;0.7647;0.6686;5;8;TF-IDF
ID_1254836315844697;0.5457;0.5451;0.4000;0.5000;0.4000;0.1053;0.2632;0.4211;0.1871;0.7527;0.6775;0.2524;0.8022;0.6822;6;10;TF-IDF
ID_3590884268165249;0.5200;0.4560;0.6000;0.4000;0.4000;0.0750;0.1000;0.2000;0.0799;0.5359;0.7033;0.1216;0.6449;0.6742;4;8;TF-IDF
ID_4300201078050323;0.3116;0.3168;0.4000;0.3000;0.3000;0.0526;0.0789;0.1579;0.0658;0.7564;0.5573;0.0976;0.7863;0.6050;3;6;TF-IDF
ID_2069437408328707;0.2057;0.2399;0.2000;0.2000;0.2000;0.0769;0.1538;0.3077;0.0410;0.6976;0.6285;0.0767;0.7427;0.6304;2;4;TF-IDF
ID_5653559772140199;0.5034;0.4486;0.4000;0.5000;0.4500;0.0667;0.1667;0.3000;0.1098;0.7067;0.4721;0.1730;0.7800;0.5117;5;9;TF-IDF
ID_4051248293039990;0.0814;0.0982;0.2000;0.1000;0.0500;0.1111;0.1111;0.1111;0.0278;0.6771;0.5474;0.0278;0.7604;0.5744;2;4;TF-IDF
ID_1383177933306046;0.4319;0.4337;0.4000;0.4000;0.4500;0.0588;0.1176;0.2647;0.0747;0.7025;0.5069;0.1386;0.7686;0.5403;4;9;TF-IDF
ID_8400994037688251;0.0000;0.0628;0.0000;0.0000;0.0500;0.0000;0.0000;0.1250;0.0000;0.4904;0.4751;0.0063;0.7308;0.5629;0;2;TF-IDF
ID_7421096523152034;0.0881;0.0724;0.0000;0.0000;0.0000;0.0000;0.0000;0.0000;0.0000;0.4342;0.7103;0.0000;0.4474;0.7256;2;2;TF-IDF
ID_3524890504250775;0.1102;0.1888;0.0000;0.1000;0.2000;0.0000;0.0625;0.2500;0.0078;0.8269;0.5566;0.0465;0.8496;0.6137;4;10;TF-IDF
ID_6052239712915301;0.3289;0.3627;0.4000;0.3000;0.3000;0.0588;0.0882;0.1765;0.0699;0.5965;0.5884;0.0999;0.6940;0.5842;5;8;TF-IDF
ID_6200337581440834;0.2157;0.2217;0.4000;0.4000;0.3000;0.0606;0.1212;0.1818;0.0577;0.5703;0.5555;0.0807;0.7383;0.6263;4;6;TF-IDF
ID_6405951782839858;0.1403;0.1933;0.4000;0.2000;0.2000;0.1429;0.1429;0.2857;0.0595;0.4592;0.7269;0.0958;0.5816;0.7661;3;7;TF-IDF
ID_7456235597127456;0.0688;0.1814;0.0000;0.1000;0.2000;0.0000;0.0625;0.2500;0.0069;0.8050;0.6214;0.0484;0.8468;0.6554;1;4;TF-IDF
ID_1106609472179988;0.5540;0.5582;0.8000;0.6000;0.5000;0.1053;0.1579;0.2632;0.1241;0.9274;0.6535;0.1846;0.9516;0.6576;6;10;TF-IDF
ID_7594033934995220;0.3065;0.3643;0.4000;0.3000;0.3000;0.0870;0.1304;0.2609;0.0482;0.8714;0.5482;0.0933;0.8857;0.5602;5;8;TF-IDF
ID_2293023062054998;0.4525;0.3515;0.4000;0.5000;0.3000;0.0952;0.2381;0.2857;0.1447;0.8690;0.6587;0.1598;0.9410;0.6108;6;7;TF-IDF
ID_3059520185406581;0.2154;0.2508;0.0000;0.3000;0.3000;0.0000;0.0968;0.1935;0.0243;0.7247;0.5521;0.0525;0.7532;0.5651;3;6;TF-IDF
ID_8948217221748469;0.2850;0.2986;0.4000;0.3000;0.2500;0.0690;0.1034;0.1724;0.0598;0.4107;0.5902;0.0775;0.4821;0.7496;3;5;TF-IDF
ID_5450087410078221;0.4845;0.4211;0.4000;0.3000;0.1500;0.1667;0.2500;0.2500;0.1806;0.5987;0.5339;0.1806;0.6842;0.5611;3;3;TF-IDF
ID_5832558504922244;0.3876;0.3197;0.2000;0.6000;0.4000;0.0250;0.1500;0.2000;0.0654;0.6592;0.6036;0.0889;0.8039;0.6167;6;8;TF-IDF
ID_5194381227316437;0.2154;0.2939;0.0000;0.3000;0.4000;0.0000;0.0882;0.2353;0.0221;0.6860;0.6744;0.0781;0.7934;0.7567;3;8;TF-IDF
ID_8614762185596299;0.3530;0.3362;0.4000;0.3000;0.3000;0.1000;0.1500;0.3000;0.0833;0.5981;0.6506;0.1284;0.6916;0.6721;5;9;TF-IDF
ID_8280978457776741;0.1719;0.2118;0.0000;0.3000;0.3000;0.0000;0.1250;0.2500;0.0287;0.7705;0.6208;0.0702;0.8443;0.6250;3;6;TF-IDF
ID_3493325384040150;0.3915;0.3790;0.4000;0.4000;0.4000;0.0625;0.1250;0.2500;0.0616;0.7179;0.5483;0.1173;0.7821;0.5744;5;9;TF-IDF
ID_2363575151206774;0.4351;0.4580;0.4000;0.4000;0.4000;0.0741;0.1481;0.2963;0.0790;0.4521;0.6520;0.1479;0.6027;0.6688;4;8;TF-IDF
ID_1680065573338339;0.3936;0.4154;0.4000;0.4000;0.4500;0.0714;0.1429;0.3214;0.0754;0.5941;0.6348;0.1597;0.6151;0.6874;4;9;TF-IDF
ID_2784703187800324;0.3500;0.3608;0.4000;0.4000;0.4000;0.0741;0.1481;0.2963;0.0596;0.6486;0.7032;0.1268;0.7568;0.7174;5;10;TF-IDF
ID_3563923906851611;0.7314;0.6897;0.6000;0.6000;0.4500;0.1579;0.3158;0.4737;0.2428;0.6316;0.5654;0.3328;0.6842;0.6592;7;12;TF-IDF
ID_3527197809276361;0.4426;0.4623;0.6000;0.5000;0.5000;0.0545;0.0909;0.1818;0.0564;0.5158;0.6567;0.1030;0.6154;0.6811;5;10;TF-IDF
ID_0649912135067700;0.4314;0.4461;0.4000;0.4000;0.3500;0.0455;0.0909;0.1591;0.0669;0.5685;0.7547;0.0950;0.7220;0.7417;5;8;TF-IDF
ID_8599181647215929;0.2609;0.2136;0.4000;0.3000;0.2500;0.0714;0.1071;0.1786;0.0464;0.7692;0.7079;0.0648;0.9538;0.7255;3;5;TF-IDF
ID_7026313596468626;0.0635;0.1032;0.0000;0.1000;0.1000;0.0000;0.0588;0.1176;0.0098;0.3684;0.5342;0.0176;0.6053;0.6334;3;4;TF-IDF
ID_4256595317953538;0.4009;0.2910;0.6000;0.6000;0.3500;0.0732;0.1463;0.1707;0.1170;0.6720;0.6138;0.1255;0.7204;0.6470;7;8;TF-IDF
ID_1994317879078816;0.1002;0.1271;0.2000;0.1000;0.1000;0.0500;0.0500;0.1000;0.0250;0.5431;0.5862;0.0300;0.7069;0.5894;2;3;TF-IDF
ID_7031429231827290;0.6520;0.7116;0.8000;0.7000;0.6000;0.2222;0.3889;0.6667;0.3647;0.8466;0.6139;0.5284;0.9489;0.6166;7;12;TF-IDF
ID_2935052598064187;0.4819;0.4871;0.4000;0.4000;0.4500;0.0500;0.1000;0.2250;0.0685;0.6494;0.6284;0.1237;0.7126;0.6265;4;9;TF-IDF
ID_7754410281265624;0.2518;0.2564;0.4000;0.2000;0.1500;0.1667;0.1667;0.2500;0.1250;0.7397;0.5268;0.1458;0.8767;0.5268;3;5;TF-IDF
ID_6261175351521953;0.1415;0.1575;0.4000;0.2000;0.1500;0.0870;0.0870;0.1304;0.0725;0.6032;0.6934;0.0790;0.6508;0.6561;2;4;TF-IDF
ID_0455487141833418;0.0935;0.1469;0.0000;0.2000;0.2000;0.0000;0.1053;0.2105;0.0164;0.5486;0.6146;0.0408;0.6914;0.6254;2;4;TF-IDF
ID_2002515486942024;0.7975;0.6271;0.8000;0.8000;0.5500;0.1026;0.2051;0.2821;0.1711;0.6570;0.5317;0.2306;0.6744;0.5712;8;11;TF-IDF
ID_4627360041573918;0.5148;0.4715;0.4000;0.6000;0.5500;0.0606;0.1818;0.3333;0.1281;0.7895;0.6400;0.2254;0.8195;0.6542;6;11;TF-IDF
ID_5599017990318989;0.2518;0.2886;0.4000;0.4000;0.4000;0.0571;0.1143;0.2286;0.0544;0.3758;0.6162;0.1098;0.5169;0.6934;4;8;TF-IDF
ID_5391801774050611;0.5469;0.4919;0.6000;0.5000;0.3500;0.1200;0.2000;0.2800;0.1519;0.9195;0.5895;0.1854;0.9310;0.6342;6;8;TF-IDF
ID_5379077061489077;0.5051;0.4762;0.6000;0.5000;0.4000;0.0811;0.1351;0.2162;0.0898;0.6768;0.5211;0.1259;0.7149;0.5635;6;9;TF-IDF
ID_5113998301069032;0.2569;0.2789;0.6000;0.4000;0.3500;0.1034;0.1379;0.2414;0.0954;0.5909;0.7083;0.1320;0.7121;0.6750;5;8;TF-IDF
ID_0182863293347169;0.5428;0.4574;0.6000;0.5000;0.4000;0.1111;0.1852;0.2963;0.1221;0.8551;0.5423;0.1742;0.8696;0.6127;5;8;TF-IDF
ID_6885901755516721;0.4035;0.4670;0.4000;0.3000;0.3500;0.0870;0.1304;0.3043;0.0911;0.7254;0.6022;0.1537;0.7772;0.6214;3;9;TF-IDF
ID_4609096963207702;0.2940;0.2794;0.4000;0.6000;0.4000;0.0714;0.2143;0.2857;0.1002;0.7435;0.5640;0.1292;0.8587;0.6517;6;9;TF-IDF
ID_4285855851606713;0.0977;0.1131;0.0000;0.1000;0.1000;0.0000;0.0667;0.1333;0.0095;0.5672;0.5953;0.0174;0.6567;0.6688;1;3;TF-IDF
ID_8827447995496589;0.3996;0.3765;0.4000;0.3000;0.3000;0.0800;0.1200;0.2400;0.0817;0.4828;0.6385;0.1255;0.5862;0.6686;3;7;TF-IDF
ID_5750110298304964;0.0000;0.0725;0.0000;0.0000;0.1500;0.0000;0.0000;0.2143;0.0000;0.7222;0.6536;0.0263;0.7407;0.6811;0;3;TF-IDF
ID_2116015069218871;0.4343;0.3918;0.8000;0.7000;0.5000;0.1212;0.2121;0.3030;0.1503;0.5325;0.5773;0.2046;0.6272;0.5983;7;10;TF-IDF
ID_1834035455867904;0.5567;0.5268;0.6000;0.5000;0.3500;0.1875;0.3125;0.4375;0.2274;0.7917;0.6528;0.2800;0.8333;0.6716;5;8;TF-IDF
ID_1123376648713853;0.4035;0.3764;0.6000;0.4000;0.3500;0.1111;0.1481;0.2593;0.0874;0.5706;0.6306;0.1303;0.6497;0.6666;5;8;TF-IDF
ID_7304216246785522;0.5789;0.5781;0.8000;0.5000;0.5500;0.1026;0.1282;0.2821;0.1158;0.9388;0.6604;0.1969;0.9388;0.6479;5;11;TF-IDF
ID_7011592935958198;0.3149;0.2832;0.4000;0.2000;0.2500;0.0800;0.0800;0.2000;0.0600;0.3906;0.6611;0.0941;0.6406;0.6486;2;5;TF-IDF
ID_6044001261072009;0.3936;0.4803;0.6000;0.4000;0.4000;0.1200;0.1600;0.3200;0.1329;0.9012;0.7084;0.2099;0.9012;0.7554;4;8;TF-IDF
ID_0370224663642100;0.2847;0.3895;0.4000;0.5000;0.6000;0.0444;0.1111;0.2667;0.0632;0.7033;0.5390;0.1519;0.8462;0.6605;6;14;TF-IDF
ID_2833240474723324;0.6369;0.5229;0.8000;0.5000;0.3000;0.2105;0.2632;0.3158;0.2368;0.7757;0.6013;0.2579;0.8382;0.6203;6;7;TF-IDF
ID_7035545485084138;0.4749;0.5197;0.6000;0.7000;0.6000;0.1000;0.2333;0.4000;0.1503;0.6349;0.6555;0.2681;0.6799;0.6893;7;14;TF-IDF
ID_8659496864305621;0.2974;0.3641;0.4000;0.3000;0.3000;0.1250;0.1875;0.3750;0.1484;0.5924;0.6508;0.2183;0.6919;0.6307;3;7;TF-IDF
ID_5885575084085406;0.5638;0.4742;0.8000;0.4000;0.3000;0.1739;0.1739;0.2609;0.1739;0.6200;0.5957;0.2100;0.7000;0.6506;4;6;TF-IDF
ID_5996993884846655;0.4408;0.3862;0.4000;0.4000;0.2000;0.1667;0.3333;0.3333;0.1700;0.6805;0.6627;0.1700;0.7811;0.6426;6;6;TF-IDF
ID_3451466269572749;0.2664;0.3261;0.4000;0.5000;0.4000;0.0690;0.1724;0.2759;0.0808;0.8993;0.5393;0.1341;0.9353;0.6001;5;8;TF-IDF
ID_1450994881555781;0.0273;0.1415;0.0000;0.1000;0.2500;0.0000;0.0385;0.1923;0.0038;0.7857;0.2550;0.0368;0.8265;0.5066;1;5;TF-IDF
ID_9106641700554750;0.4119;0.4160;0.8000;0.4000;0.4500;0.0976;0.0976;0.2195;0.0927;0.9000;0.5909;0.1426;0.9600;0.6052;4;9;TF-IDF
ID_0350919410439022;0.1289;0.1375;0.2000;0.2000;0.1500;0.0385;0.0769;0.1154;0.0288;0.6933;0.5127;0.0365;0.7867;0.5819;2;3;TF-IDF
ID_5978913916143327;0.4108;0.5103;0.6000;0.5000;0.6500;0.0811;0.1351;0.3514;0.0688;0.8854;0.6595;0.2009;0.9271;0.6996;5;13;TF-IDF
ID_3733846364293441;0.2313;0.2553;0.2000;0.4000;0.3000;0.0500;0.2000;0.3000;0.0748;0.5552;0.4957;0.1114;0.6293;0.5397;5;7;TF-IDF
ID_5662858299034942;0.3933;0.3422;0.4000;0.5000;0.4000;0.0667;0.1667;0.2667;0.0744;0.8187;0.5002;0.1254;0.9246;0.6301;6;9;TF-IDF
ID_0333795175458545;0.3996;0.4464;0.6000;0.3000;0.3500;0.0909;0.0909;0.2121;0.0833;0.5922;0.5534;0.1297;0.6650;0.6059;3;7;TF-IDF
ID_0063745071964255;0.4265;0.3544;0.6000;0.6000;0.4500;0.1154;0.2308;0.3462;0.1407;0.8488;0.6167;0.2099;0.8953;0.6539;6;10;TF-IDF
ID_4542759243110371;0.4537;0.4992;0.6000;0.3000;0.3000;0.1500;0.1500;0.3000;0.1375;0.7219;0.5085;0.1937;0.8128;0.6056;3;7;TF-IDF
ID_7969404470516307;0.3909;0.4202;0.4000;0.4000;0.5000;0.0500;0.1000;0.2500;0.0475;0.7614;0.5129;0.1135;0.7843;0.5822;5;11;TF-IDF
ID_3477269475651042;0.3703;0.4136;0.4000;0.5000;0.4500;0.0556;0.1389;0.2500;0.0687;0.9225;0.4019;0.1233;0.9446;0.4820;8;13;TF-IDF
ID_0023950321397451;0.3975;0.4016;0.4000;0.5000;0.4500;0.0500;0.1250;0.2250;0.0618;0.7981;0.6054;0.1138;0.8734;0.6223;5;9;TF-IDF
ID_3939504645911140;0.0784;0.1476;0.0000;0.1000;0.2000;0.0000;0.0357;0.1429;0.0060;0.6842;0.5120;0.0270;0.8368;0.5153;1;4;TF-IDF
ID_4679068868095356;0.3500;0.3628;0.6000;0.5000;0.3500;0.1667;0.2778;0.3889;0.1969;0.7238;0.5808;0.2466;0.8286;0.6395;5;7;TF-IDF
ID_5493283201428571;0.0889;0.2376;0.0000;0.1000;0.2500;0.0000;0.0476;0.2381;0.0079;0.7923;0.6342;0.0513;0.8594;0.6541;2;6;TF-IDF
ID_7605473235519650;0.3146;0.2660;0.2000;0.3000;0.2000;0.0370;0.1111;0.1481;0.0389;0.8846;0.5946;0.0512;0.9231;0.6315;5;8;TF-IDF
ID_1190700200800606;0.5812;0.5509;0.8000;0.7000;0.6000;0.1111;0.1944;0.3333;0.1711;0.8447;0.6995;0.2594;0.8544;0.6710;7;12;TF-IDF
ID_4501155453484456;0.0663;0.1258;0.0000;0.1000;0.2000;0.0000;0.0217;0.0870;0.0024;0.5751;0.4277;0.0142;0.7339;0.5144;1;4;TF-IDF
ID_2529945687863385;0.5819;0.4894;0.6000;0.6000;0.5000;0.1000;0.2000;0.3333;0.1386;0.9041;0.4868;0.2022;0.9498;0.5978;6;10;TF-IDF
ID_6812635845529585;0.3747;0.4630;0.4000;0.3000;0.4500;0.0513;0.0769;0.2308;0.0455;0.7729;0.5979;0.1174;0.8297;0.6192;3;9;TF-IDF
ID_8626964624628522;0.5068;0.4742;0.4000;0.4000;0.4000;0.0667;0.1333;0.2667;0.1000;0.8115;0.7145;0.1561;0.8425;0.6932;4;9;TF-IDF
ID_1896106488323757;0.4081;0.3859;0.2000;0.3000;0.1500;0.0769;0.2308;0.2308;0.0701;0.7559;0.4800;0.0701;0.8189;0.5376;8;12;TF-IDF
ID_8192385731123737;0.2048;0.2533;0.4000;0.2000;0.2500;0.0870;0.0870;0.2174;0.0362;0.5375;0.5720;0.0668;0.6500;0.6517;2;6;TF-IDF
ID_3090998656907702;0.4042;0.4356;0.6000;0.5000;0.5000;0.0968;0.1613;0.3226;0.0880;0.6000;0.6251;0.1678;0.6750;0.6882;5;10;TF-IDF
ID_1708237858198821;0.2738;0.3240;0.6000;0.4000;0.4000;0.1071;0.1429;0.2857;0.0827;0.4101;0.5263;0.1430;0.8273;0.5576;4;8;TF-IDF
ID_3859775879893716;0.0000;0.1000;0.0000;0.0000;0.1000;0.0000;0.0000;0.2000;0.0000;0.7447;0.5143;0.0237;0.7766;0.5323;0;2;TF-IDF
ID_0731606611183670;0.2895;0.2638;0.2000;0.2000;0.2000;0.0323;0.0645;0.1290;0.0403;0.7838;0.6336;0.0558;0.8378;0.6323;2;4;TF-IDF
ID_5076790300436750;0.2306;0.3169;0.4000;0.2000;0.2500;0.1333;0.1333;0.3333;0.1111;0.6175;0.5613;0.1578;0.6813;0.5739;2;5;TF-IDF
ID_7909389621807467;0.2474;0.2208;0.2000;0.2000;0.1500;0.0370;0.0741;0.1111;0.0444;0.7416;0.4712;0.0545;0.8764;0.5208;2;4;TF-IDF
ID_5572050278838550;0.7722;0.6460;0.8000;0.7000;0.5500;0.1081;0.1892;0.2973;0.1694;0.9267;0.7049;0.2450;0.9600;0.6770;7;11;TF-IDF
ID_8586805521593519;0.6480;0.5626;0.6000;0.6000;0.5000;0.0769;0.1538;0.2564;0.1277;0.6554;0.6752;0.1876;0.7590;0.6453;6;10;TF-IDF
ID_2044247985726091;0.1645;0.2089;0.2000;0.2000;0.1500;0.1000;0.2000;0.3000;0.0583;0.5969;0.5589;0.0771;0.6937;0.5714;3;4;TF-IDF
ID_6072951820735063;0.3035;0.3012;0.8000;0.5000;0.4000;0.1379;0.1724;0.2759;0.1557;0.7029;0.4957;0.1999;0.7754;0.5336;5;8;TF-IDF
ID_3950127945486168;0.4284;0.5193;0.8000;0.4000;0.4500;0.2105;0.2105;0.4737;0.1693;0.7564;0.5713;0.2779;0.7692;0.5221;5;10;TF-IDF
ID_2046981671187343;0.2973;0.2813;0.4000;0.3000;0.2000;0.1538;0.2308;0.3077;0.0872;0.7451;0.5817;0.1152;0.8039;0.6085;4;5;TF-IDF
ID_2270654658839508;0.7152;0.6535;1.0000;0.6000;0.6000;0.0893;0.1071;0.2143;0.1012;0.5904;0.6862;0.1667;0.6809;0.7133;6;12;TF-IDF
ID_0061972656195816;0.3416;0.3517;0.4000;0.5000;0.3500;0.0833;0.2083;0.2917;0.1185;0.5126;0.5986;0.1556;0.5966;0.6271;5;8;TF-IDF
ID_8056741558903379;0.6311;0.5269;0.6000;0.7000;0.5500;0.1111;0.2593;0.4074;0.1787;0.8425;0.5701;0.2641;0.8767;0.6386;7;11;TF-IDF
ID_0145887238250184;0.0595;0.2557;0.2000;0.1000;0.3500;0.0435;0.0435;0.3043;0.0217;0.7130;0.6201;0.0903;0.8241;0.6361;1;7;TF-IDF
ID_2854771102810220;0.5210;0.4749;0.8000;0.5000;0.3500;0.2105;0.2632;0.3684;0.2439;0.7179;0.6458;0.2920;0.8376;0.6753;5;8;TF-IDF
ID_6963964477157013;0.4293;0.4320;0.6000;0.4000;0.3500;0.1200;0.1600;0.2800;0.1300;0.5507;0.3715;0.1803;0.5507;0.5962;4;7;TF-IDF
ID_0883967020061181;0.0000;0.0991;0.0000;0.0000;0.2000;0.0000;0.0000;0.1333;0.0000;0.5608;0.5020;0.0195;0.6081;0.5857;0;4;TF-IDF
ID_1133302125160725;0.3715;0.3876;0.4000;0.3000;0.3000;0.1053;0.1579;0.3158;0.0912;0.6556;0.5557;0.1408;0.7444;0.5940;3;6;TF-IDF
ID_1914271225987860;0.1464;0.2304;0.2000;0.2000;0.2500;0.0714;0.1429;0.3571;0.0347;0.6734;0.4604;0.0888;0.8744;0.5371;3;6;TF-IDF
ID_5717546460597615;0.3089;0.3548;0.2000;0.4000;0.4500;0.0238;0.0952;0.2143;0.0334;0.7604;0.4889;0.0865;0.8618;0.5450;4;9;TF-IDF
ID_4792955482152100;0.1048;0.2258;0.0000;0.1000;0.2500;0.0000;0.0263;0.1316;0.0038;0.5394;0.5091;0.0305;0.9212;0.5825;2;7;TF-IDF
ID_7817033448036400;0.2391;0.2878;0.2000;0.3000;0.2500;0.0455;0.1364;0.2273;0.0391;0.7353;0.5841;0.0708;0.7353;0.6297;4;6;TF-IDF
ID_8133660776746187;0.4275;0.5862;0.2000;0.1000;0.1500;0.2000;0.2000;0.6000;0.2000;0.6024;0.3362;0.2667;0.7349;0.4905;1;3;TF-IDF
ID_8976306450816308;0.4651;0.4192;0.6000;0.6000;0.4000;0.1364;0.2727;0.3636;0.2140;0.4118;0.6905;0.2553;0.5294;0.7134;6;9;TF-IDF
ID_3667257393072255;0.1732;0.2836;0.2000;0.2000;0.2500;0.0769;0.1538;0.3846;0.0449;0.6739;0.6626;0.1071;0.6957;0.6361;2;5;TF-IDF
ID_7417258240533689;0.2010;0.2778;0.6000;0.3000;0.3500;0.1111;0.1111;0.2593;0.1111;0.7881;0.6226;0.1625;0.8559;0.6194;3;7;TF-IDF
ID_4027612512091565;0.2084;0.2613;0.2000;0.2000;0.1500;0.1667;0.3333;0.5000;0.1250;0.5362;0.7271;0.1635;0.5942;0.6989;2;6;TF-IDF
ID_5577871519448957;0.2908;0.3052;0.4000;0.3000;0.2000;0.2500;0.3750;0.5000;0.1786;0.8000;0.6829;0.2119;0.8000;0.6795;3;4;TF-IDF
ID_9904579095302578;0.0442;0.0734;0.2000;0.1000;0.1000;0.1111;0.1111;0.2222;0.0222;0.5000;0.7371;0.0381;0.6216;0.7702;1;2;TF-IDF
ID_6161888127051479;0.3125;0.3309;0.4000;0.3000;0.3000;0.0870;0.1304;0.2609;0.0638;0.6912;0.5817;0.1023;0.7706;0.5862;3;6;TF-IDF
ID_1066462335621573;0.5862;0.4508;0.8000;0.5000;0.3500;0.1143;0.1429;0.2000;0.1078;0.9035;0.4960;0.1338;0.9211;0.5947;6;8;TF-IDF
ID_1104988511999827;0.6495;0.5347;0.8000;0.7000;0.5000;0.1818;0.3182;0.4545;0.2856;0.7434;0.5716;0.3619;0.7965;0.6586;7;12;TF-IDF
ID_9578832375902806;0.3902;0.5293;0.4000;0.5000;0.6500;0.0769;0.1923;0.5000;0.1395;0.6256;0.6200;0.3140;0.6520;0.6087;5;13;TF-IDF
ID_4854372533657671;0.5361;0.5622;0.8000;0.6000;0.6000;0.0851;0.1277;0.2553;0.1044;0.6947;0.6303;0.1865;0.7634;0.7232;6;12;TF-IDF
ID_1278004515460973;0.4807;0.5921;0.6000;0.4000;0.3500;0.2308;0.3077;0.5385;0.2128;0.5064;0.5800;0.3070;0.5617;0.6250;4;7;TF-IDF
ID_4212950768814450;0.2268;0.2301;0.2000;0.2000;0.1500;0.0476;0.0952;0.1429;0.0225;0.8268;0.6304;0.0327;0.9050;0.6184;4;9;TF-IDF
ID_7088639503480810;0.4546;0.4717;0.6000;0.6000;0.5500;0.0938;0.1875;0.3438;0.1226;0.8482;0.6406;0.2156;0.8750;0.7050;7;12;TF-IDF
ID_0766190838110725;0.3626;0.3965;0.6000;0.3000;0.2500;0.2727;0.2727;0.4545;0.2727;0.6279;0.6343;0.3207;0.7581;0.6669;3;6;TF-IDF
ID_5588600593216123;0.4226;0.4734;0.4000;0.3000;0.3500;0.0952;0.1429;0.3333;0.1095;0.5683;0.6464;0.1776;0.5847;0.6719;3;8;TF-IDF
ID_6822739927690907;0.1461;0.2299;0.2000;0.1000;0.2000;0.0500;0.0500;0.2000;0.0125;0.9348;0.6999;0.0395;0.9565;0.6808;3;6;TF-IDF
ID_7921787048065279;0.5455;0.5505;0.4000;0.5000;0.4500;0.1176;0.2941;0.5294;0.1905;0.5559;0.5738;0.3041;0.6144;0.6058;5;9;TF-IDF
ID_5384883934019911;0.6083;0.5567;1.0000;0.7000;0.5500;0.1389;0.1944;0.3056;0.1821;0.6186;0.6080;0.2606;0.7116;0.6269;7;11;TF-IDF
ID_8821536792042504;0.0000;0.0000;0.0000;0.0000;0.0000;0.0000;0.0000;0.0000;0.0000;0.4615;0.7019;0.0000;0.5128;0.7116;0;0;TF-IDF
ID_4336175279058172;0.4953;0.4649;0.6000;0.5000;0.4500;0.1071;0.1786;0.3214;0.1124;0.7448;0.5170;0.1862;0.8483;0.6007;6;10;TF-IDF
ID_5984945942545807;0.6340;0.5630;0.6000;0.6000;0.4500;0.1429;0.2857;0.4286;0.2038;0.5743;0.6717;0.2831;0.7228;0.6113;6;9;TF-IDF
ID_6384773144352915;0.1203;0.0966;0.2000;0.2000;0.1000;0.0556;0.1111;0.1111;0.0296;0.5357;0.5755;0.0296;0.5714;0.6334;3;3;TF-IDF
ID_2924634223083790;0.1150;0.1777;0.2000;0.2000;0.2500;0.0323;0.0645;0.1613;0.0172;0.4286;0.6155;0.0442;0.5000;0.6214;2;5;TF-IDF
ID_1154078371182103;0.2439;0.2237;0.2000;0.4000;0.3000;0.0270;0.1081;0.1622;0.0343;0.7229;0.6077;0.0503;0.8313;0.6136;4;6;TF-IDF
ID_2426330204919814;0.8035;0.7686;1.0000;0.8000;0.8000;0.1282;0.2051;0.4103;0.1906;0.8039;0.6402;0.3575;0.8431;0.6293;8;17;TF-IDF
ID_6807553800607803;0.3994;0.3801;0.6000;0.5000;0.3500;0.1429;0.2381;0.3333;0.1423;0.7537;0.6733;0.1868;0.8806;0.6303;5;7;TF-IDF
ID_9896747816468168;0.2813;0.4024;0.2000;0.3000;0.4500;0.0303;0.0909;0.2727;0.0503;0.5794;0.6143;0.1257;0.7664;0.6393;3;9;TF-IDF
ID_8703127071027272;0.5628;0.4820;0.8000;0.5000;0.4500;0.0930;0.1163;0.2093;0.1124;0.6753;0.6901;0.1551;0.8312;0.7258;5;9;TF-IDF
ID_7705487128433052;0.5837;0.6194;0.6000;0.5000;0.5000;0.1304;0.2174;0.4348;0.1620;0.8163;0.4663;0.2762;0.8844;0.5953;5;10;TF-IDF
ID_5215677939309020;0.4443;0.4446;0.6000;0.5000;0.4500;0.1200;0.2000;0.3600;0.1195;0.7923;0.6087;0.2007;0.8385;0.6156;5;9;TF-IDF
ID_3632313056549978;0.4972;0.5087;0.4000;0.3000;0.3500;0.1053;0.1579;0.3684;0.1316;0.6833;0.5734;0.2124;0.7667;0.6076;7;14;TF-IDF
ID_1113234690255161;0.1584;0.2460;0.2000;0.2000;0.3000;0.0357;0.0714;0.2143;0.0161;0.6075;0.7439;0.0584;0.6613;0.7547;2;6;TF-IDF
ID_7783163368484914;0.5130;0.5054;0.6000;0.4000;0.3000;0.1875;0.2500;0.3750;0.1823;0.7907;0.6122;0.2331;0.9767;0.6286;4;6;TF-IDF
ID_0621002533579104;0.2288;0.3052;0.4000;0.3000;0.3500;0.0476;0.0714;0.1667;0.0294;0.6070;0.5772;0.0661;0.7555;0.6427;3;7;TF-IDF
ID_1971734589534354;0.4937;0.4257;0.6000;0.4000;0.3500;0.1154;0.1538;0.2692;0.1128;0.6981;0.6224;0.1588;0.7783;0.6122;4;7;TF-IDF
ID_7890165105970581;0.3914;0.3806;0.6000;0.4000;0.3500;0.1034;0.1379;0.2414;0.0799;0.4420;0.6897;0.1230;0.4944;0.6870;6;10;TF-IDF
ID_8516223928904348;0.1434;0.2739;0.0000;0.1000;0.2000;0.0000;0.0714;0.2857;0.0119;0.6635;0.6049;0.0535;0.7981;0.6387;3;6;TF-IDF
ID_1729487902904332;0.0000;0.0797;0.0000;0.0000;0.0500;0.0000;0.0000;0.2500;0.0000;0.5448;0.5746;0.0208;0.6716;0.5924;0;2;TF-IDF
ID_8492267499258500;0.5749;0.4886;0.8000;0.5000;0.4500;0.1379;0.1724;0.3103;0.1526;0.9000;0.6008;0.2141;0.9333;0.6168;5;9;TF-IDF
ID_4671775690334406;0.2437;0.3233;0.4000;0.3000;0.3000;0.1429;0.2143;0.4286;0.0792;0.7901;0.5269;0.1557;0.8148;0.6360;3;6;TF-IDF
ID_3174964298120701;0.1404;0.2385;0.0000;0.2000;0.2500;0.0000;0.1333;0.3333;0.0207;0.6288;0.5949;0.0763;0.7205;0.5778;3;6;TF-IDF
ID_1508456345535914;0.5452;0.4920;0.6000;0.5000;0.4500;0.1250;0.2083;0.3750;0.1721;0.8833;0.5230;0.2495;0.8833;0.6229;7;13;TF-IDF
ID_1606080164385644;0.3751;0.3828;0.6000;0.5000;0.4500;0.0732;0.1220;0.2195;0.0648;0.7647;0.5095;0.1111;0.8824;0.4953;5;9;TF-IDF
ID_7556393484185237;0.3798;0.4472;0.6000;0.4000;0.3500;0.1875;0.2500;0.4375;0.1382;0.7885;0.5458;0.2198;0.8798;0.6208;4;7;TF-IDF
ID_7328854929044759;0.1559;0.2323;0.4000;0.2000;0.2500;0.1053;0.1053;0.2632;0.0474;0.8167;0.5849;0.0842;0.8417;0.5971;3;6;TF-IDF
ID_8457699943400994;0.0793;0.2741;0.0000;0.1000;0.3000;0.0000;0.0625;0.3750;0.0063;0.5665;0.6452;0.0819;0.6524;0.6297;2;7;TF-IDF
ID_4830182825385638;0.4212;0.4041;0.6000;0.3000;0.2500;0.1579;0.1579;0.2632;0.1579;0.6616;0.6246;0.1879;0.7980;0.6443;4;6;TF-IDF
ID_1616454163444935;0.1858;0.2313;0.0000;0.2000;0.2500;0.0000;0.0714;0.1786;0.0130;0.9141;0.5463;0.0437;0.9688;0.5446;7;12;TF-IDF
ID_9274817658247444;0.1737;0.2181;0.2000;0.2000;0.2500;0.0400;0.0800;0.2000;0.0213;0.3800;0.6643;0.0567;0.5200;0.6862;2;5;TF-IDF
ID_4924315260445096;0.3288;0.4088;0.2000;0.1000;0.2500;0.0714;0.0714;0.3571;0.0714;0.6500;0.6906;0.1401;0.6750;0.7234;8;13;TF-IDF
ID_2513765362378596;0.2685;0.2564;0.4000;0.3000;0.2000;0.1000;0.1500;0.2000;0.0567;0.7500;0.5877;0.0667;0.8462;0.6109;3;5;TF-IDF
ID_7435229418765108;0.6003;0.6285;1.0000;0.5000;0.6000;0.1220;0.1220;0.2927;0.1220;0.8011;0.6724;0.2128;0.8523;0.6576;5;12;TF-IDF
ID_3583817683372046;0.2240;0.3172;0.4000;0.2000;0.2500;0.1000;0.1000;0.2500;0.0450;0.6235;0.6173;0.0876;0.8210;0.6399;2;6;TF-IDF
ID_7216344229807186;0.2553;0.3132;0.4000;0.2000;0.2000;0.1111;0.1111;0.2222;0.0648;0.4875;0.6194;0.0869;0.6014;0.6558;6;9;TF-IDF
ID_7873530684119035;0.8523;0.7944;1.0000;0.9000;0.8500;0.1111;0.2000;0.3778;0.1953;0.8579;0.6378;0.3519;0.9164;0.6639;9;17;TF-IDF
ID_3849610589103935;0.1798;0.2080;0.4000;0.2000;0.1500;0.2000;0.2000;0.3000;0.1500;0.8205;0.5146;0.1731;0.8974;0.6089;2;3;TF-IDF
ID_2065104260659969;0.2141;0.2414;0.0000;0.3000;0.3000;0.0000;0.0938;0.1875;0.0234;0.6890;0.5110;0.0514;0.8354;0.6020;3;6;TF-IDF
ID_0378897709136226;0.1795;0.1871;0.4000;0.2000;0.2000;0.0690;0.0690;0.1379;0.0483;0.7368;0.6144;0.0642;0.8421;0.6504;2;4;TF-IDF
ID_3446817929796674;0.1485;0.2154;0.2000;0.2000;0.2500;0.0476;0.0952;0.2381;0.0254;0.4370;0.7260;0.0563;0.5294;0.6913;2;6;TF-IDF
ID_8265116967095452;0.5631;0.5782;0.6000;0.5000;0.3500;0.2000;0.3333;0.4667;0.2372;0.8112;0.4129;0.2981;0.8452;0.6388;5;9;TF-IDF
ID_5034796789305260;0.0611;0.0930;0.0000;0.0000;0.0000;0.0000;0.0000;0.0000;0.0000;0.5156;0.6138;0.0000;0.5781;0.6613;3;6;TF-IDF
ID_7034773971317045;0.4249;0.5130;0.6000;0.3000;0.4500;0.1250;0.1250;0.3750;0.1007;0.4209;0.6454;0.2020;0.4824;0.6661;3;10;TF-IDF
ID_0831151849844477;0.3062;0.3164;0.2000;0.4000;0.4000;0.0294;0.1176;0.2353;0.0400;0.6410;0.6563;0.0869;0.7863;0.6245;4;8;TF-IDF
ID_3223135002950210;0.4701;0.3745;0.4000;0.5000;0.3500;0.0526;0.1316;0.1842;0.0753;0.7746;0.4403;0.0938;0.8404;0.4997;5;8;TF-IDF
ID_6473783273255196;0.2503;0.2746;0.4000;0.4000;0.3000;0.0625;0.1250;0.1875;0.0759;0.7500;0.6068;0.0973;0.8929;0.6321;4;6;TF-IDF
ID_1343302903420183;0.6785;0.6756;0.8000;0.6000;0.6000;0.1600;0.2400;0.4800;0.1972;0.5854;0.6211;0.3455;0.7010;0.6348;6;12;TF-IDF
ID_3309342336039521;0.1933;0.2258;0.2000;0.3000;0.2500;0.0286;0.0857;0.1429;0.0260;0.6757;0.6944;0.0423;0.8468;0.6910;3;5;TF-IDF
ID_6885920219067791;0.3934;0.4423;0.4000;0.5000;0.5500;0.0741;0.1852;0.4074;0.0936;0.6287;0.5965;0.2083;0.8119;0.6295;5;11;TF-IDF
ID_6150944383255830;0.4051;0.4321;0.4000;0.2000;0.3000;0.1333;0.1333;0.4000;0.1333;0.7381;0.6523;0.2086;0.7460;0.6717;2;6;TF-IDF
ID_5105401635003548;0.2390;0.2832;0.2000;0.4000;0.3000;0.0435;0.1739;0.2609;0.0646;0.8015;0.3374;0.0912;0.9008;0.4261;4;6;TF-IDF
ID_2679480309784746;0.3432;0.4290;0.6000;0.3000;0.3500;0.1034;0.1034;0.2414;0.1034;0.4898;0.5360;0.1533;0.8163;0.5976;3;7;TF-IDF
ID_5558354805733623;0.2048;0.3463;0.4000;0.2000;0.4000;0.0588;0.0588;0.2353;0.0245;0.5259;0.6244;0.0869;0.7500;0.6449;2;8;TF-IDF
ID_1224532648969159;0.4400;0.4298;0.4000;0.4000;0.4000;0.0526;0.1053;0.2105;0.0721;0.7916;0.5914;0.1201;0.8780;0.6096;4;8;TF-IDF
ID_3638659317775453;0.4499;0.5043;0.6000;0.6000;0.5000;0.0938;0.1875;0.3125;0.1499;0.9014;0.4724;0.2161;0.9390;0.5264;6;11;TF-IDF
ID_0263742679377591;0.2835;0.4529;0.4000;0.3000;0.3000;0.2000;0.3000;0.6000;0.1162;0.8000;0.6240;0.2258;0.8526;0.5878;3;6;TF-IDF
ID_0539134068708725;0.3347;0.3570;0.6000;0.5000;0.4000;0.1364;0.2273;0.3636;0.1106;0.8333;0.3901;0.1833;0.8571;0.4574;5;11;TF-IDF
ID_1619120304203132;0.2326;0.2107;0.2000;0.1000;0.0500;0.5000;0.5000;0.5000;0.1667;0.5185;0.6998;0.1667;0.6204;0.6441;2;2;TF-IDF
ID_8106459529828166;0.1638;0.2307;0.4000;0.3000;0.3500;0.0500;0.0750;0.1750;0.0325;0.5268;0.5949;0.0723;0.7216;0.6282;3;7;TF-IDF
ID_5858842244938381;0.2235;0.2275;0.2000;0.3000;0.2000;0.0455;0.1364;0.1818;0.0402;0.3618;0.7129;0.0492;0.4673;0.6915;4;6;TF-IDF
ID_2931270888717344;0.7084;0.4945;0.8000;0.6000;0.3500;0.1081;0.1622;0.1892;0.1486;0.6235;0.6268;0.1632;0.7059;0.6312;6;7;TF-IDF
ID_6799776599317117;0.2988;0.2821;0.4000;0.4000;0.2500;0.1000;0.2000;0.2500;0.0789;0.5897;0.5855;0.0921;0.6538;0.6464;5;7;TF-IDF
ID_3470407274471561;0.3154;0.3250;0.4000;0.5000;0.3500;0.0870;0.2174;0.3043;0.1087;0.8455;0.3394;0.1430;0.9364;0.5965;7;10;TF-IDF
ID_8600906973888297;0.2367;0.3247;0.6000;0.4000;0.4500;0.0789;0.1053;0.2368;0.0670;0.7376;0.5666;0.1249;0.7801;0.6233;4;9;TF-IDF
ID_8918399592544099;0.2393;0.2173;0.2000;0.2000;0.1500;0.0455;0.0909;0.1364;0.0303;0.7000;0.5829;0.0408;0.7727;0.6085;3;5;TF-IDF
ID_4937676152604286;0.4106;0.3851;0.4000;0.5000;0.4000;0.0541;0.1351;0.2162;0.0623;0.5700;0.5886;0.1036;0.7800;0.6273;5;10;TF-IDF
ID_2961250776014138;0.2267;0.2324;0.0000;0.4000;0.2500;0.0000;0.3077;0.3846;0.0978;0.6522;0.7031;0.1219;0.6929;0.6438;4;5;TF-IDF
ID_3332983150165256;0.4320;0.3864;0.6000;0.5000;0.4000;0.0968;0.1613;0.2581;0.0839;0.8592;0.5531;0.1236;0.8873;0.6058;5;9;TF-IDF
ID_4698230094310892;0.0674;0.0921;0.2000;0.1000;0.1000;0.0714;0.0714;0.1429;0.0143;0.6861;0.5660;0.0218;0.8248;0.6579;2;4;TF-IDF
ID_0947912377089491;0.3469;0.3075;0.2000;0.3000;0.2500;0.0400;0.1200;0.2000;0.0705;0.9375;0.5962;0.0984;0.9375;0.6533;4;7;TF-IDF
ID_8735458741337698;0.1308;0.1414;0.4000;0.2000;0.1000;0.2857;0.2857;0.2857;0.1048;0.6923;0.7122;0.1048;0.7500;0.7171;2;3;TF-IDF
ID_6450292906586525;0.1860;0.2155;0.4000;0.2000;0.2500;0.0714;0.0714;0.1786;0.0417;0.4633;0.6381;0.0700;0.5174;0.6523;2;5;TF-IDF
ID_7003614933284367;0.2985;0.1926;0.2000;0.2000;0.1000;0.0357;0.0714;0.0714;0.0476;0.8056;0.6695;0.0476;0.9167;0.6879;2;2;TF-IDF
ID_6998917765406696;0.2489;0.2648;0.4000;0.3000;0.3500;0.0667;0.1000;0.2333;0.0458;0.5455;0.7020;0.0913;0.6853;0.6894;3;7;TF-IDF
ID_0004473428354479;0.4085;0.4035;0.4000;0.3000;0.4000;0.0571;0.0857;0.2286;0.0619;0.7467;0.4598;0.1165;0.8067;0.5643;3;8;TF-IDF
ID_7181547335252993;0.7677;0.5842;1.0000;0.9000;0.6500;0.1111;0.2000;0.2889;0.1978;0.8136;0.6604;0.2625;0.8305;0.7034;9;15;TF-IDF
ID_2798283991743817;0.0419;0.1458;0.0000;0.1000;0.1500;0.0000;0.1000;0.3000;0.0143;0.6096;0.6178;0.0510;0.6754;0.6895;1;3;TF-IDF
ID_1530363715825171;0.0885;0.1671;0.0000;0.3000;0.4000;0.0000;0.1111;0.2963;0.0257;0.6421;0.7154;0.0971;0.8035;0.7235;3;8;TF-IDF
ID_4589542599288419;0.2595;0.2660;0.4000;0.4000;0.3500;0.0909;0.1818;0.3182;0.1318;0.4880;0.6352;0.1821;0.7354;0.6603;4;7;TF-IDF
ID_6029111646602279;0.3093;0.2709;0.4000;0.4000;0.3000;0.0741;0.1481;0.2222;0.0790;0.4841;0.6273;0.1061;0.6115;0.6244;4;6;TF-IDF
ID_0600862973859542;0.2484;0.4314;0.4000;0.2000;0.4500;0.0952;0.0952;0.4286;0.0397;0.8235;0.6214;0.1655;0.8471;0.5794;4;12;TF-IDF
ID_5968839321163534;0.6666;0.5093;1.0000;0.8000;0.6000;0.1282;0.2051;0.3077;0.1991;0.6173;0.6345;0.2691;0.7407;0.6407;8;12;TF-IDF
ID_4985544206160545;0.1923;0.2208;0.6000;0.3000;0.3000;0.1304;0.1304;0.2609;0.0696;0.6325;0.5847;0.1130;0.7521;0.6102;3;7;TF-IDF
ID_7721483148298785;0.1459;0.1989;0.2000;0.2000;0.1500;0.0833;0.1667;0.2500;0.0394;0.8052;0.6255;0.0560;0.9091;0.6160;2;3;TF-IDF
ID_1078442022852928;0.0378;0.1524;0.0000;0.1000;0.2000;0.0000;0.0909;0.3636;0.0101;0.6615;0.5741;0.0625;0.7231;0.6436;1;4;TF-IDF
ID_5240388600131197;0.0677;0.1937;0.2000;0.1000;0.1500;0.0714;0.0714;0.2143;0.0238;0.8665;0.6015;0.0487;0.8864;0.5630;1;3;TF-IDF
ID_0203267762283972;0.2105;0.2452;0.2000;0.2000;0.2000;0.0323;0.0645;0.1290;0.0233;0.3382;0.5642;0.0397;0.5882;0.5906;3;6;TF-IDF
ID_4215849919453600;0.5163;0.3728;0.6000;0.6000;0.3500;0.0698;0.1395;0.1628;0.0912;0.6088;0.5095;0.1060;0.7952;0.5435;6;7;TF-IDF
ID_3205712027513800;0.5326;0.5196;0.6000;0.4000;0.4500;0.0536;0.0714;0.1607;0.0607;0.6108;0.6369;0.1004;0.6519;0.6394;4;9;TF-IDF
ID_4054756781423727;0.2294;0.2223;0.2000;0.3000;0.2000;0.0769;0.2308;0.3077;0.0701;0.7100;0.3514;0.0893;0.8300;0.5801;3;4;TF-IDF
ID_7489482613903725;0.0204;0.0729;0.0000;0.0000;0.0500;0.0000;0.0000;0.1250;0.0000;0.6829;0.5844;0.0063;0.8537;0.6342;1;4;TF-IDF
ID_5828464492633734;0.3094;0.3057;0.2000;0.2000;0.1500;0.0556;0.1111;0.1667;0.0694;0.6231;0.5833;0.0833;0.7846;0.6278;3;4;TF-IDF
ID_1153835367118420;0.1808;0.2931;0.2000;0.2000;0.2500;0.0769;0.1538;0.3846;0.0308;0.5732;0.5192;0.0993;0.6707;0.6460;3;6;TF-IDF
ID_3753627053150603;0.4690;0.3758;0.6000;0.3000;0.2500;0.1364;0.1364;0.2273;0.1364;0.7429;0.6190;0.1657;0.8762;0.5889;3;5;TF-IDF
ID_2883241764449950;0.1584;0.2548;0.2000;0.2000;0.2500;0.0625;0.1250;0.3125;0.0281;0.6359;0.6095;0.0786;0.6929;0.6049;2;5;TF-IDF
ID_2110280056340736;0.2003;0.2140;0.2000;0.2000;0.2000;0.0556;0.1111;0.2222;0.0309;0.6063;0.5187;0.0530;0.7783;0.5899;3;6;TF-IDF
ID_1361624597372651;0.8643;0.6364;1.0000;0.8000;0.5000;0.1389;0.2222;0.2778;0.2167;0.7527;0.5773;0.2557;0.8172;0.6561;8;11;TF-IDF
ID_0830926768091773;0.5380;0.5056;0.4000;0.5000;0.5000;0.0465;0.1163;0.2326;0.0831;0.9556;0.4913;0.1442;0.9778;0.6121;5;10;TF-IDF
ID_6413207883357197;0.3936;0.4016;0.4000;0.4000;0.4000;0.0588;0.1176;0.2353;0.0621;0.4966;0.6442;0.1178;0.5828;0.6082;4;8;TF-IDF
ID_1329671245559098;0.2275;0.3135;0.6000;0.4000;0.3500;0.1429;0.1905;0.3333;0.0974;0.8600;0.5772;0.1457;0.8650;0.5923;4;7;TF-IDF
ID_3012908001422868;0.2631;0.2328;0.4000;0.3000;0.2000;0.1053;0.1579;0.2105;0.0500;0.3971;0.4303;0.0611;0.5882;0.5893;3;4;TF-IDF
ID_4344790398205987;0.3052;0.3254;0.4000;0.2000;0.3000;0.0513;0.0513;0.1538;0.0359;0.6847;0.5498;0.0667;0.8177;0.5958;2;6;TF-IDF
ID_1976491943464607;0.5457;0.4158;0.6000;0.5000;0.4000;0.0732;0.1220;0.1951;0.1007;0.9655;0.4956;0.1326;0.9655;0.5590;5;8;TF-IDF
ID_3497095259123139;0.6529;0.6024;0.8000;0.6000;0.5500;0.1081;0.1622;0.2973;0.1265;0.7093;0.5756;0.2104;0.7581;0.5857;6;11;TF-IDF
ID_3664073315037262;0.0833;0.1312;0.0000;0.1000;0.2000;0.0000;0.0500;0.2000;0.0050;0.6676;0.4618;0.0297;0.8418;0.5505;2;6;TF-IDF
ID_6710074203174471;0.1166;0.2169;0.2000;0.2000;0.2000;0.0833;0.1667;0.3333;0.0333;0.5229;0.6569;0.0696;0.6330;0.6592;2;4;TF-IDF
ID_7358557068732556;0.6684;0.5902;0.8000;0.7000;0.6000;0.1429;0.2500;0.4286;0.2065;0.7143;0.6212;0.3064;0.7692;0.6152;7;12;TF-IDF
ID_3795357176730340;0.4351;0.4247;0.4000;0.4000;0.2500;0.1429;0.2857;0.3571;0.1524;0.8209;0.6869;0.1747;0.9104;0.6690;4;5;TF-IDF
ID_8102993969523532;0.6368;0.7184;0.6000;0.6000;0.5500;0.1500;0.3000;0.5500;0.2565;0.8063;0.4074;0.4074;0.8500;0.4596;7;15;TF-IDF
ID_0232526330657129;0.1800;0.1870;0.2000;0.2000;0.1000;0.0769;0.1538;0.1538;0.1026;0.7027;0.6231;0.1026;0.8018;0.6880;4;8;TF-IDF
ID_4872607031009070;0.1802;0.2118;0.2000;0.2000;0.2000;0.0556;0.1111;0.2222;0.0296;0.5833;0.4585;0.0505;0.6167;0.5437;2;4;TF-IDF
ID_4836603877351111;0.0486;0.0703;0.2000;0.1000;0.1000;0.0714;0.0714;0.1429;0.0143;0.8286;0.6598;0.0262;0.8571;0.6323;1;2;TF-IDF
ID_6804862188196445;0.3578;0.4015;0.2000;0.2000;0.1500;0.0909;0.1818;0.2727;0.1111;0.7355;0.6142;0.1338;0.8017;0.5870;3;5;TF-IDF
ID_1722453671104980;0.0663;0.1197;0.0000;0.1000;0.1500;0.0000;0.0370;0.1111;0.0041;0.7273;0.3943;0.0194;0.7727;0.5144;1;3;TF-IDF
ID_4758706187939581;0.4069;0.4853;0.4000;0.3000;0.3500;0.1429;0.2143;0.5000;0.1429;0.8659;0.6471;0.2435;0.8902;0.6881;4;8;TF-IDF
ID_7938521661726069;0.5559;0.4492;0.8000;0.6000;0.4500;0.0930;0.1395;0.2093;0.1166;0.8297;0.5330;0.1542;0.8700;0.5688;6;9;TF-IDF
ID_7565192274317470;0.4481;0.4047;0.6000;0.4000;0.2000;0.3333;0.4444;0.4444;0.3333;0.8322;0.5968;0.3333;0.8811;0.6630;6;6;TF-IDF
ID_1326529185989327;0.3445;0.4122;0.4000;0.4000;0.4000;0.0769;0.1538;0.3077;0.0656;0.5648;0.5380;0.1304;0.6852;0.4224;4;8;TF-IDF
ID_4991370267086347;0.4269;0.4054;0.6000;0.4000;0.3500;0.1000;0.1333;0.2333;0.1057;0.7703;0.6065;0.1484;0.8108;0.6339;4;8;TF-IDF
ID_7161963144100182;0.6042;0.5715;0.8000;0.8000;0.6500;0.1143;0.2286;0.3714;0.1883;0.5829;0.5971;0.2989;0.7371;0.6102;8;13;TF-IDF
ID_0492925975883915;0.2710;0.2203;0.4000;0.3000;0.1500;0.1429;0.2143;0.2143;0.1306;0.5739;0.6164;0.1306;0.6479;0.6287;4;4;TF-IDF
ID_4961446471613279;0.2330;0.3114;0.2000;0.3000;0.3000;0.0556;0.1667;0.3333;0.0505;0.6087;0.5063;0.1037;0.7826;0.5744;3;6;TF-IDF
ID_3163271519013006;0.6559;0.6131;0.4000;0.2000;0.1500;0.5000;0.5000;0.7500;0.3750;0.7056;0.6696;0.4125;0.8274;0.6113;4;6;TF-IDF
ID_3438388225100072;0.1732;0.1976;0.0000;0.3000;0.3000;0.0000;0.0750;0.1500;0.0196;0.5266;0.6394;0.0445;0.5691;0.6370;3;6;TF-IDF
ID_7340569532034401;0.2751;0.3522;0.4000;0.6000;0.5000;0.0833;0.2500;0.4167;0.1304;0.4444;0.6874;0.2206;0.7556;0.6985;6;10;TF-IDF
ID_1741102469161036;0.1793;0.1641;0.2000;0.2000;0.1000;0.1000;0.2000;0.2000;0.0422;0.6774;0.5695;0.0422;0.8710;0.6319;2;2;TF-IDF
ID_7686288360297015;0.1428;0.2209;0.0000;0.2000;0.3000;0.0000;0.0588;0.1765;0.0116;0.6452;0.5377;0.0470;0.7742;0.5914;2;7;TF-IDF
ID_1177407730126204;0.0968;0.1625;0.2000;0.2000;0.2000;0.0333;0.0667;0.1333;0.0194;0.5399;0.5396;0.0369;0.6748;0.5948;3;5;TF-IDF
ID_6654943686635661;0.3972;0.3871;0.4000;0.6000;0.5000;0.0800;0.2400;0.4000;0.1319;0.8046;0.6382;0.2262;0.8391;0.6024;6;11;TF-IDF
ID_0151036146060526;0.0663;0.1823;0.0000;0.1000;0.2500;0.0000;0.0222;0.1111;0.0025;0.9079;0.5837;0.0194;0.9474;0.5949;1;6;TF-IDF
ID_2483185411923070;0.4252;0.3931;0.4000;0.3000;0.3000;0.0526;0.0789;0.1579;0.0614;0.6838;0.5973;0.0894;0.7179;0.6189;3;6;TF-IDF
ID_3182841849332242;0.4249;0.4045;0.6000;0.5000;0.3500;0.1111;0.1852;0.2593;0.1256;0.6959;0.6534;0.1516;0.7500;0.6696;6;8;TF-IDF
ID_6572298923055649;0.3882;0.4290;0.6000;0.4000;0.4500;0.0938;0.1250;0.2812;0.0656;0.6190;0.6182;0.1410;0.7778;0.6322;4;9;TF-IDF
ID_5111918415828587;0.0000;0.0237;0.0000;0.0000;0.0000;0.0000;0.0000;0.0000;0.0000;0.5200;0.6579;0.0000;0.6800;0.6990;0;2;TF-IDF
ID_7053039409324203;0.4136;0.3590;0.4000;0.3000;0.2500;0.0909;0.1364;0.2273;0.0894;0.7500;0.5841;0.1157;0.9271;0.6257;4;7;TF-IDF
ID_0170762259145267;0.2837;0.2629;0.2000;0.2000;0.2000;0.0233;0.0465;0.0930;0.0279;0.6667;0.5486;0.0404;0.7353;0.6397;2;5;TF-IDF
ID_1721596116332386;0.3335;0.3914;0.4000;0.3000;0.2000;0.2500;0.3750;0.5000;0.1281;0.5726;0.5400;0.1736;0.6210;0.5700;4;7;TF-IDF
ID_7312223977002681;0.4076;0.3124;0.4000;0.5000;0.3500;0.0571;0.1429;0.2000;0.0868;0.5867;0.5694;0.1093;0.6763;0.5762;5;7;TF-IDF
ID_7027246712839262;0.1496;0.1292;0.2000;0.1000;0.0500;0.0769;0.0769;0.0769;0.0192;0.6500;0.7244;0.0192;0.7500;0.7307;1;1;TF-IDF
ID_4313266994385427;0.5392;0.5559;0.4000;0.5000;0.5500;0.0417;0.1042;0.2292;0.0656;0.6545;0.6560;0.1296;0.6909;0.6553;5;11;TF-IDF
ID_3661952638867868;0.2761;0.2249;0.4000;0.5000;0.3000;0.0606;0.1515;0.1818;0.0703;0.6549;0.6463;0.0854;0.7042;0.6296;5;6;TF-IDF
ID_7170508510503648;0.1357;0.1913;0.0000;0.2000;0.2000;0.0000;0.1250;0.2500;0.0217;0.7838;0.6529;0.0481;0.7838;0.6749;2;5;TF-IDF
ID_6813736989856243;0.4114;0.3809;0.4000;0.2000;0.2500;0.0741;0.0741;0.1852;0.0556;0.7857;0.5678;0.0838;0.8571;0.6356;2;5;TF-IDF
ID_4353834821288043;0.2749;0.3312;0.4000;0.3000;0.3000;0.1111;0.1667;0.3333;0.0722;0.7273;0.6980;0.1287;0.7662;0.7008;5;10;TF-IDF
ID_0107663107513303;0.5101;0.4216;0.8000;0.4000;0.2500;0.2105;0.2105;0.2632;0.1693;0.5000;0.6005;0.1932;0.5952;0.6629;4;5;TF-IDF
ID_4204411370971869;0.5506;0.6104;1.0000;0.7000;0.6500;0.1724;0.2414;0.4483;0.2337;0.9444;0.5600;0.3669;0.9444;0.5906;7;13;TF-IDF
ID_1258429277577053;0.3228;0.3457;0.6000;0.5000;0.4000;0.1250;0.2083;0.3333;0.1106;0.4503;0.7323;0.1785;0.5965;0.7146;5;8;TF-IDF
ID_6898659315585888;0.2521;0.2797;0.2000;0.3000;0.2500;0.0667;0.2000;0.3333;0.0644;0.7680;0.5628;0.1052;0.8160;0.5456;3;5;TF-IDF
ID_7038719270161251;0.3956;0.4507;0.4000;0.5000;0.4000;0.1333;0.3333;0.5333;0.1640;0.6727;0.6042;0.2575;0.7636;0.6275;6;9;TF-IDF
ID_3935638786776109;0.2355;0.3472;0.2000;0.3000;0.3500;0.0526;0.1579;0.3684;0.0453;0.6522;0.6733;0.1268;0.6522;0.6564;6;12;TF-IDF
ID_1000622852662099;0.5771;0.5017;0.6000;0.5000;0.3500;0.1034;0.1724;0.2414;0.1241;0.6489;0.5376;0.1498;0.8457;0.5684;5;9;TF-IDF
ID_4319412527458142;0.0000;0.0000;0.0000;0.0000;0.0000;0.0000;0.0000;0.0000;0.0000;0.3448;0.6970;0.0000;0.5172;0.6978;0;0;TF-IDF
ID_5814379117254232;0.5247;0.4990;0.6000;0.5000;0.5000;0.0938;0.1562;0.3125;0.1233;0.7917;0.5883;0.2119;0.9231;0.6133;5;10;TF-IDF
ID_9856332816841794;0.2426;0.2584;0.2000;0.3000;0.3000;0.0270;0.0811;0.1622;0.0259;0.3868;0.6227;0.0492;0.5472;0.6810;3;6;TF-IDF
ID_8935551668939735;0.4634;0.4663;0.6000;0.5000;0.5500;0.0769;0.1282;0.2821;0.0724;0.5091;0.6611;0.1503;0.7091;0.6830;5;11;TF-IDF
ID_7014991384513854;0.6147;0.6221;1.0000;0.9000;0.6500;0.1786;0.3214;0.4643;0.3043;0.5089;0.5858;0.4124;0.6250;0.5988;9;14;TF-IDF
ID_6150649178925775;0.1744;0.2115;0.0000;0.2000;0.2000;0.0000;0.0800;0.1600;0.0156;0.6538;0.6535;0.0379;0.7637;0.6670;3;5;TF-IDF
ID_1009007373940269;0.0497;0.1027;0.0000;0.0000;0.0500;0.0000;0.0000;0.0333;0.0000;0.5333;0.6475;0.0030;0.6667;0.6682;2;4;TF-IDF
ID_1272997735344283;0.2324;0.2959;0.2000;0.3000;0.2000;0.0909;0.2727;0.3636;0.0714;0.4769;0.5399;0.0928;0.6462;0.5755;3;5;TF-IDF
ID_4216801992845696;0.5510;0.4971;0.6000;0.5000;0.4000;0.1304;0.2174;0.3478;0.1703;0.7973;0.6463;0.2426;0.9189;0.6958;5;8;TF-IDF
ID_3635180022332691;0.3437;0.3639;0.6000;0.3000;0.3500;0.1000;0.1000;0.2333;0.0639;0.6538;0.6612;0.1065;0.8205;0.6927;3;8;TF-IDF
ID_6604074224038905;0.3620;0.4464;0.6000;0.3000;0.4500;0.1071;0.1071;0.3214;0.0863;0.6691;0.6731;0.1829;0.7647;0.6884;3;9;TF-IDF
ID_0306964533388350;0.0526;0.2072;0.0000;0.0000;0.2000;0.0000;0.0000;0.2000;0.0000;0.5556;0.5590;0.0324;0.6444;0.5505;3;8;TF-IDF
ID_2382340975364628;0.4233;0.3508;0.2000;0.4000;0.2000;0.0556;0.2222;0.2222;0.1122;0.5062;0.7096;0.1122;0.6790;0.6879;4;4;TF-IDF
ID_8856264804055285;0.6275;0.5704;0.8000;0.5000;0.3500;0.2500;0.3125;0.4375;0.2821;0.5862;0.5433;0.3249;0.6897;0.5276;5;7;TF-IDF
ID_3362937671462104;0.2890;0.2964;0.4000;0.4000;0.3000;0.0800;0.1600;0.2400;0.0888;0.7262;0.7003;0.1154;0.7857;0.6727;5;7;TF-IDF
ID_3066548138105145;0.4567;0.3712;0.6000;0.6000;0.3500;0.1000;0.2000;0.2333;0.1307;0.7841;0.5102;0.1502;0.8182;0.6119;7;10;TF-IDF
ID_9707648221123932;0.5482;0.5696;0.4000;0.5000;0.5500;0.0465;0.1163;0.2558;0.0766;0.5331;0.6384;0.1560;0.7450;0.6861;5;11;TF-IDF
ID_0983518713985469;0.4089;0.4634;0.2000;0.2000;0.1500;0.1429;0.2857;0.4286;0.1714;0.4803;0.5643;0.1940;0.6206;0.6284;2;6;TF-IDF
ID_0226659493503879;0.4530;0.4313;0.4000;0.2000;0.1000;0.4000;0.4000;0.4000;0.2000;0.8000;0.6327;0.2000;0.8571;0.6359;4;7;TF-IDF
ID_2522219947489545;0.2452;0.3218;0.4000;0.2000;0.2500;0.1053;0.1053;0.2632;0.0386;0.8158;0.4311;0.0816;0.8553;0.5306;6;10;TF-IDF
ID_6233887751567079;0.4807;0.4529;0.6000;0.5000;0.4500;0.0714;0.1190;0.2143;0.0711;0.4879;0.6632;0.1182;0.5847;0.6775;5;9;TF-IDF
ID_5112000100248158;0.7276;0.6840;1.0000;0.8000;0.5500;0.2500;0.4000;0.5500;0.4000;0.5099;0.4903;0.4998;0.6324;0.5152;8;13;TF-IDF
ID_4287647692016596;0.3819;0.4800;0.2000;0.2000;0.2500;0.1250;0.2500;0.6250;0.1500;0.7700;0.5068;0.2538;0.8400;0.5881;4;7;TF-IDF
ID_0717133384261187;0.1009;0.2792;0.2000;0.1000;0.2000;0.0909;0.0909;0.3636;0.0182;0.7081;0.5347;0.0664;0.7764;0.5793;1;4;TF-IDF
ID_2770300692287670;0.1190;0.1417;0.2000;0.2000;0.2000;0.0312;0.0625;0.1250;0.0182;0.5474;0.6830;0.0307;0.6131;0.7408;2;7;TF-IDF
ID_6780184620648314;0.3969;0.4821;0.4000;0.5000;0.4000;0.1667;0.4167;0.6667;0.1792;0.7576;0.4148;0.2906;0.8102;0.5703;5;9;TF-IDF
ID_5073614861573842;0.5884;0.3851;0.6000;0.6000;0.3000;0.0682;0.1364;0.1364;0.0963;0.7647;0.6272;0.0963;0.8824;0.6503;6;7;TF-IDF
ID_4750838304742762;0.5605;0.4406;0.8000;0.7000;0.4500;0.1111;0.1944;0.2500;0.1356;0.7608;0.5178;0.1636;0.7897;0.6137;9;13;TF-IDF
ID_5620115591039018;0.4004;0.5218;0.4000;0.4000;0.4500;0.0741;0.1481;0.3333;0.1074;0.6230;0.5901;0.1826;0.6859;0.6197;6;12;TF-IDF
ID_7634526007103037;0.4085;0.3370;0.4000;0.3000;0.2000;0.1176;0.1765;0.2353;0.1275;0.7238;0.6195;0.1413;0.8571;0.6746;3;4;TF-IDF
ID_9936034232663152;0.3386;0.3336;0.4000;0.3000;0.3000;0.0909;0.1364;0.2727;0.0591;0.8030;0.5855;0.0983;0.9091;0.5946;6;10;TF-IDF
ID_3314639624288740;0.2049;0.2598;0.2000;0.3000;0.2500;0.0476;0.1429;0.2381;0.0791;0.4864;0.6680;0.1050;0.5831;0.6627;3;6;TF-IDF
ID_3211921786987598;0.1991;0.2928;0.4000;0.3000;0.3000;0.1429;0.2143;0.4286;0.0770;0.7692;0.6980;0.1484;0.8462;0.7224;3;6;TF-IDF
ID_8870539749821067;0.1998;0.1824;0.2000;0.3000;0.2000;0.0455;0.1364;0.1818;0.0692;0.3861;0.5613;0.0788;0.6089;0.6096;3;5;TF-IDF
ID_2985658685449858;0.3130;0.3759;0.4000;0.4000;0.4000;0.0714;0.1429;0.2857;0.0655;0.4737;0.6567;0.1253;0.6404;0.6375;4;9;TF-IDF
ID_1177858154250011;0.2593;0.3908;0.2000;0.2000;0.3000;0.0455;0.0909;0.2727;0.0568;0.6482;0.5523;0.1078;0.7668;0.6054;2;6;TF-IDF
ID_3417554957573089;0.4867;0.5515;0.6000;0.6000;0.5000;0.2000;0.4000;0.6667;0.2276;0.7667;0.6857;0.3685;0.8333;0.6729;6;10;TF-IDF
ID_4367729354437118;0.3179;0.3717;0.4000;0.4000;0.4500;0.0526;0.1053;0.2368;0.0545;0.5513;0.5666;0.1236;0.6795;0.6680;5;10;TF-IDF
ID_9222328149519812;0.2123;0.3148;0.2000;0.3000;0.3500;0.0417;0.1250;0.2917;0.0734;0.4902;0.6983;0.1268;0.6275;0.6844;3;7;TF-IDF
ID_2413108146059860;0.4323;0.4165;0.4000;0.3000;0.4000;0.0714;0.1071;0.2857;0.0867;0.8594;0.5418;0.1548;0.8750;0.5650;3;8;TF-IDF
ID_7137178343756327;0.5877;0.5322;0.8000;0.5000;0.4500;0.2000;0.2500;0.4500;0.2317;0.8539;0.6272;0.3301;0.9326;0.6089;5;9;TF-IDF
ID_8716772787552224;0.3532;0.4398;0.4000;0.3000;0.3000;0.1538;0.2308;0.4615;0.1484;0.8344;0.5417;0.2109;0.8344;0.5739;4;7;TF-IDF
ID_4895231407900749;0.1060;0.1060;0.2000;0.1000;0.0500;0.2000;0.2000;0.2000;0.0667;0.5900;0.6852;0.0667;0.7400;0.6620;1;1;TF-IDF
ID_2404041740930079;0.1146;0.1826;0.2000;0.1000;0.2000;0.0476;0.0476;0.1905;0.0119;0.7643;0.7002;0.0435;0.8726;0.6690;2;6;TF-IDF
ID_1085274416109765;0.4479;0.4192;0.4000;0.4000;0.4000;0.0741;0.1481;0.2963;0.0843;0.5806;0.5378;0.1408;0.7097;0.5904;4;8;TF-IDF
ID_7299082066704598;0.5840;0.5228;0.6000;0.6000;0.5000;0.0750;0.1500;0.2500;0.1160;0.8161;0.5641;0.1762;0.8161;0.5559;6;10;TF-IDF
ID_8606116806263977;0.4211;0.5498;0.6000;0.4000;0.4000;0.1667;0.2222;0.4444;0.1389;0.6242;0.5422;0.2334;0.8089;0.5283;4;9;TF-IDF
ID_3961773765127529;0.6529;0.5630;0.8000;0.6000;0.5000;0.1333;0.2000;0.3333;0.1560;0.6727;0.5405;0.2301;0.6909;0.5979;6;10;TF-IDF
ID_3559042497669898;0.3760;0.3225;0.4000;0.5000;0.3000;0.1111;0.2778;0.3333;0.1442;0.4527;0.6740;0.1627;0.5821;0.6542;5;6;TF-IDF
ID_2562159376424787;0.3564;0.3596;0.4000;0.3000;0.2500;0.1053;0.1579;0.2632;0.0962;0.5800;0.6971;0.1244;0.6400;0.6679;3;6;TF-IDF
ID_4236800519243308;0.3091;0.3854;0.2000;0.4000;0.3000;0.0833;0.3333;0.5000;0.1329;0.8865;0.6558;0.2065;0.9220;0.6574;6;10;TF-IDF
ID_4073113061295309;0.2385;0.3099;0.2000;0.2000;0.2000;0.0833;0.1667;0.3333;0.0583;0.4958;0.5459;0.0889;0.6975;0.6780;2;4;TF-IDF
ID_3621433615334969;0.2144;0.1762;0.2000;0.2000;0.1000;0.0588;0.1176;0.1176;0.0286;0.5932;0.7311;0.0286;0.6610;0.7273;3;3;TF-IDF
ID_1043606043814998;0.3649;0.4029;0.4000;0.4000;0.3500;0.1176;0.2353;0.4118;0.1216;0.8363;0.5055;0.1960;0.8894;0.5307;4;7;TF-IDF
ID_9981984419027348;0.4684;0.4638;0.6000;0.6000;0.5500;0.0750;0.1500;0.2750;0.0870;0.4348;0.7627;0.1687;0.7609;0.7380;7;12;TF-IDF
ID_3267843405581248;0.1818;0.2276;0.2000;0.3000;0.3000;0.0250;0.0750;0.1500;0.0187;0.6667;0.6371;0.0460;0.9412;0.6817;3;6;TF-IDF
ID_7431674954926317;0.1532;0.2058;0.0000;0.2000;0.2000;0.0000;0.1429;0.2857;0.0261;0.8750;0.5738;0.0594;1.0000;0.5757;4;9;TF-IDF
ID_3166198706411520;0.6319;0.6813;0.8000;0.8000;0.6500;0.1667;0.3333;0.5417;0.2743;0.7348;0.5180;0.4234;0.8785;0.5499;8;13;TF-IDF
ID_6118207071870406;0.2240;0.2961;0.4000;0.2000;0.3000;0.0800;0.0800;0.2400;0.0360;0.8259;0.5156;0.0861;0.8706;0.5493;2;6;TF-IDF
ID_2401311988343812;0.3883;0.3889;0.2000;0.5000;0.3500;0.0400;0.2000;0.2800;0.0905;0.7857;0.6218;0.1263;0.8333;0.6837;6;9;TF-IDF
ID_8274579818841840;0.2313;0.2788;0.2000;0.2000;0.1500;0.0833;0.1667;0.2500;0.0444;0.9556;0.4386;0.0569;0.9778;0.5012;2;3;TF-IDF
ID_3886712611757992;0.2751;0.2958;0.2000;0.1000;0.1000;0.0833;0.0833;0.1667;0.0833;0.7282;0.6117;0.0921;0.8350;0.6295;2;3;TF-IDF
ID_1138639549823932;0.2337;0.3034;0.4000;0.2000;0.3500;0.0500;0.0500;0.1750;0.0250;0.4674;0.5596;0.0631;0.6196;0.6588;2;7;TF-IDF
ID_8032871065166582;0.2671;0.2565;0.2000;0.1000;0.1000;0.0714;0.0714;0.1429;0.0357;0.7576;0.6185;0.0429;0.8030;0.6593;3;5;TF-IDF
ID_3740757562716147;0.0784;0.1886;0.0000;0.1000;0.2500;0.0000;0.0294;0.1471;0.0049;0.5172;0.5987;0.0289;0.5517;0.6755;1;5;TF-IDF
ID_1661480072159875;0.5919;0.5615;0.6000;0.5000;0.5000;0.1000;0.1667;0.3333;0.1297;0.8810;0.5093;0.2190;0.9286;0.5259;5;10;TF-IDF
ID_2703079636251098;0.1459;0.1189;0.2000;0.2000;0.1000;0.0588;0.1176;0.1176;0.0278;0.7109;0.6730;0.0278;0.7188;0.6308;2;2;TF-IDF
ID_9093965063812492;0.7481;0.6249;1.0000;0.7000;0.5500;0.1190;0.1667;0.2619;0.1637;0.9878;0.5248;0.2231;1.0000;0.6097;7;11;TF-IDF
ID_1883927036650646;0.4289;0.4504;0.8000;0.6000;0.4500;0.2105;0.3158;0.4737;0.2110;0.9111;0.3447;0.2797;0.9278;0.4484;6;12;TF-IDF
ID_4254001833729264;0.7561;0.5399;1.0000;0.9000;0.5500;0.1316;0.2368;0.2895;0.2280;0.5714;0.6206;0.2692;0.8125;0.6043;9;11;TF-IDF
ID_6513224203040781;0.6993;0.6177;0.8000;0.6000;0.5500;0.1481;0.2222;0.4074;0.1870;0.8929;0.5082;0.2887;0.9286;0.4853;7;15;TF-IDF
ID_4750709016042276;0.6940;0.6066;0.6000;0.6000;0.5500;0.0769;0.1538;0.2821;0.1254;0.8175;0.6243;0.2010;0.9127;0.6671;7;12;TF-IDF
ID_6435692548198017;0.4559;0.3596;0.6000;0.4000;0.3000;0.1154;0.1538;0.2308;0.1325;0.7183;0.6790;0.1639;0.7606;0.6945;4;6;TF-IDF
ID_1142440384333196;0.2487;0.2410;0.4000;0.4000;0.3000;0.0667;0.1333;0.2000;0.0689;0.4681;0.5960;0.0961;0.6596;0.6684;4;6;TF-IDF
ID_8508457798254482;0.6083;0.5012;0.8000;0.5000;0.4000;0.0976;0.1220;0.1951;0.0988;0.8831;0.5975;0.1346;0.9351;0.6431;6;9;TF-IDF
ID_5625607708848040;0.2734;0.2996;0.2000;0.3000;0.2500;0.0435;0.1304;0.2174;0.0505;0.6567;0.5549;0.0743;0.7313;0.5698;4;6;TF-IDF
ID_2892051287737605;0.0880;0.1626;0.0000;0.2000;0.2000;0.0000;0.1333;0.2667;0.0231;0.4522;0.6703;0.0531;0.6369;0.7126;3;6;TF-IDF
ID_0422652925722673;0.2431;0.2431;0.2000;0.3000;0.1500;0.1000;0.3000;0.3000;0.0883;0.5833;0.6730;0.0883;0.6667;0.6926;3;3;TF-IDF
ID_7618815981603087;0.6962;0.5698;0.8000;0.6000;0.5000;0.1212;0.1818;0.3030;0.1586;0.6842;0.6170;0.2252;0.8271;0.6986;6;10;TF-IDF
ID_0756134184225958;0.5339;0.6745;0.8000;0.5000;0.5500;0.1905;0.2381;0.5238;0.2074;0.7131;0.5797;0.3689;0.7962;0.5495;5;11;TF-IDF
ID_0607115205166943;0.4450;0.4066;0.4000;0.5000;0.4500;0.0408;0.1020;0.1837;0.0688;0.7709;0.6101;0.1068;0.8546;0.6315;5;9;TF-IDF
ID_7050204388811935;0.2068;0.2694;0.0000;0.2000;0.1500;0.0000;0.2500;0.3750;0.0486;0.6230;0.5144;0.0683;0.6885;0.5930;4;9;TF-IDF
ID_8616379159674273;0.2828;0.3075;0.4000;0.2000;0.1500;0.2222;0.2222;0.3333;0.1852;0.3974;0.7381;0.2108;0.6410;0.7543;5;8;TF-IDF
ID_4413209638256157;0.2424;0.2133;0.2000;0.3000;0.1500;0.0769;0.2308;0.2308;0.0778;0.7297;0.4857;0.0778;0.7297;0.5065;3;3;TF-IDF
ID_4821257969996926;0.3964;0.3364;0.4000;0.3000;0.2500;0.0714;0.1071;0.1786;0.0714;0.7429;0.5446;0.0956;0.8857;0.5925;3;5;TF-IDF
ID_1324927877730882;0.4252;0.3989;0.4000;0.3000;0.3500;0.0435;0.0652;0.1522;0.0507;0.5844;0.6453;0.0844;0.7662;0.6543;3;7;TF-IDF
ID_7112277465715838;0.0942;0.0712;0.0000;0.1000;0.0500;0.0000;0.0526;0.0526;0.0066;0.5373;0.6134;0.0066;0.5821;0.6127;3;3;TF-IDF
ID_5014603660790632;0.7878;0.7546;0.8000;0.8000;0.7500;0.1176;0.2353;0.4412;0.1876;0.5600;0.6420;0.3435;0.6600;0.6395;8;15;TF-IDF
ID_0211300683784278;0.5451;0.5519;0.4000;0.5000;0.4500;0.0741;0.1852;0.3333;0.1229;0.5963;0.3467;0.1871;0.6606;0.5110;7;11;TF-IDF
ID_1479038203388369;0.3644;0.2905;0.2000;0.4000;0.2000;0.0385;0.1538;0.1538;0.0571;0.8478;0.5637;0.0571;0.8913;0.6229;6;8;TF-IDF
ID_7087770133288924;0.4265;0.4102;0.2000;0.4000;0.4000;0.0385;0.1538;0.3077;0.0793;0.7400;0.5485;0.1436;0.9000;0.5535;4;9;TF-IDF
ID_8201805132981288;0.2033;0.2904;0.2000;0.3000;0.2500;0.0769;0.2308;0.3846;0.0740;0.7297;0.6209;0.1137;0.8919;0.6238;3;5;TF-IDF
ID_1187896035778213;0.4825;0.4545;0.4000;0.6000;0.5000;0.0370;0.1111;0.1852;0.0553;0.8161;0.6343;0.0974;0.8793;0.6498;6;10;TF-IDF
ID_7040082970555770;0.4658;0.4423;0.4000;0.4000;0.4000;0.0526;0.1053;0.2105;0.0654;0.7000;0.5898;0.1100;0.7556;0.5878;4;8;TF-IDF
ID_1868743035556083;0.3689;0.3493;0.2000;0.1000;0.0500;0.1250;0.1250;0.1250;0.1250;0.7895;0.5821;0.1250;0.8421;0.6158;1;1;TF-IDF
ID_7730378702136765;0.1954;0.3248;0.2000;0.2000;0.3000;0.0769;0.1538;0.4615;0.0449;0.9412;0.6239;0.1358;1.0000;0.6582;2;6;TF-IDF
ID_4165114386602896;0.2201;0.2648;0.2000;0.1000;0.2500;0.0400;0.0400;0.2000;0.0400;0.5200;0.5218;0.0737;0.8400;0.6044;1;5;TF-IDF
ID_3064071594531422;0.5887;0.5088;0.6000;0.5000;0.4500;0.0857;0.1429;0.2571;0.1092;0.5577;0.5865;0.1626;0.7500;0.7095;5;11;TF-IDF
ID_3258168964977007;0.2903;0.3752;0.4000;0.3000;0.3500;0.1176;0.1765;0.4118;0.0725;0.6316;0.6489;0.1561;0.7632;0.6680;3;7;TF-IDF
ID_1425457857618919;0.4158;0.4781;0.4000;0.5000;0.5500;0.0526;0.1316;0.2895;0.0833;0.5714;0.6508;0.1666;0.6429;0.6937;5;11;TF-IDF
ID_5249973626810280;0.4561;0.3916;0.6000;0.3000;0.1500;0.1875;0.1875;0.1875;0.1198;0.6571;0.5639;0.1198;0.7143;0.5798;5;7;TF-IDF
ID_3341755886753117;0.5208;0.5257;0.8000;0.5000;0.4000;0.1905;0.2381;0.3810;0.2302;0.7857;0.4281;0.2826;0.7857;0.5384;6;12;TF-IDF
ID_0214033967250240;0.5088;0.4102;0.6000;0.5000;0.4000;0.0882;0.1471;0.2353;0.0944;0.8046;0.6108;0.1300;0.8736;0.6406;5;8;TF-IDF
ID_6531889931012965;0.6928;0.6833;1.0000;0.7000;0.7000;0.1220;0.1707;0.3415;0.1653;0.7051;0.5854;0.2987;0.7436;0.6082;7;14;TF-IDF
ID_7196654947156785;0.1100;0.2163;0.2000;0.1000;0.2500;0.0233;0.0233;0.1163;0.0078;0.5026;0.5898;0.0300;0.7077;0.5572;1;5;TF-IDF
ID_1750852376922258;0.2247;0.2274;0.2000;0.3000;0.2500;0.0500;0.1500;0.2500;0.0386;0.9167;0.7609;0.0667;0.9615;0.7256;3;5;TF-IDF
ID_1428637808064409;0.2730;0.3110;0.4000;0.5000;0.3500;0.0606;0.1515;0.2121;0.0746;0.6908;0.6550;0.1015;0.8053;0.6510;6;8;TF-IDF
ID_3714905065293466;0.4800;0.5871;0.4000;0.6000;0.6500;0.0741;0.2222;0.4815;0.1394;0.7333;0.4953;0.3079;0.7556;0.5621;7;14;TF-IDF
ID_0627069259285805;0.8237;0.6759;0.8000;0.8000;0.6000;0.0870;0.1739;0.2609;0.1503;0.9074;0.4562;0.2135;0.9259;0.5304;8;12;TF-IDF
ID_7112751029135541;0.1732;0.2419;0.2000;0.2000;0.2500;0.0667;0.1333;0.3333;0.0267;0.6812;0.7047;0.0735;0.7971;0.6748;3;6;TF-IDF
ID_3155603065610018;0.6516;0.5987;0.8000;0.6000;0.5000;0.1481;0.2222;0.3704;0.2012;0.8824;0.4834;0.2880;0.8824;0.5938;6;10;TF-IDF
ID_6004516715704075;0.3106;0.3847;0.4000;0.2000;0.1500;0.2500;0.2500;0.3750;0.1875;0.8710;0.6240;0.2143;0.9677;0.6217;3;5;TF-IDF
ID_2460757456354875;0.2966;0.3826;0.4000;0.3000;0.3000;0.0870;0.1304;0.2609;0.0783;0.8194;0.6720;0.1157;0.8611;0.7010;8;13;TF-IDF
ID_7741121296126010;0.5037;0.5017;0.6000;0.6000;0.5500;0.1200;0.2400;0.4400;0.1699;0.6923;0.6686;0.2822;0.8077;0.6496;6;12;TF-IDF
ID_6086190357278633;0.2934;0.3764;0.4000;0.3000;0.3500;0.0952;0.1429;0.3333;0.0607;0.8182;0.6715;0.1298;0.8788;0.6710;3;7;TF-IDF
ID_6306096928606380;0.4967;0.5471;0.4000;0.6000;0.4000;0.1538;0.4615;0.6154;0.2295;0.6825;0.5064;0.2887;0.7302;0.6085;6;8;TF-IDF
ID_7206289057139883;0.2474;0.3210;0.2000;0.2000;0.3000;0.0312;0.0625;0.1875;0.0375;0.8264;0.6237;0.0693;0.9236;0.6873;2;6;TF-IDF
ID_5381937275780405;0.0000;0.2292;0.0000;0.0000;0.1500;0.0000;0.0000;0.5000;0.0000;1.0000;0.5498;0.0629;1.0000;0.5252;0;3;TF-IDF
ID_4830050448543240;0.4568;0.5130;0.4000;0.4000;0.4500;0.0952;0.1905;0.4286;0.1343;0.7500;0.6515;0.2367;0.8333;0.6349;4;10;TF-IDF
ID_5368167403557640;0.2935;0.2991;0.2000;0.2000;0.2500;0.0385;0.0769;0.1923;0.0495;0.5432;0.5858;0.0822;0.6358;0.6675;2;5;TF-IDF
ID_1122362218673413;0.5474;0.4544;0.6000;0.4000;0.3500;0.0789;0.1053;0.1842;0.0965;0.7612;0.5307;0.1232;0.9104;0.5656;4;7;TF-IDF
ID_7269889225548975;0.5225;0.5034;0.6000;0.4000;0.3500;0.1364;0.1818;0.3182;0.1485;0.6250;0.6358;0.2039;0.7750;0.6876;4;7;TF-IDF
ID_1372738121180882;0.2051;0.2052;0.2000;0.2000;0.1500;0.0625;0.1250;0.1875;0.0451;0.7692;0.6435;0.0562;0.8590;0.6516;2;3;TF-IDF
ID_3417734567782570;0.7066;0.6758;1.0000;0.7000;0.5500;0.2632;0.3684;0.5789;0.3451;0.7157;0.4681;0.4736;0.9314;0.5679;7;11;TF-IDF
ID_8542579855895033;0.7597;0.5867;0.8000;0.8000;0.5500;0.1250;0.2500;0.3438;0.2085;0.7033;0.6263;0.2687;0.7802;0.6191;8;11;TF-IDF
ID_3770706279979377;0.3156;0.3982;0.6000;0.5000;0.4500;0.1200;0.2000;0.3600;0.1040;1.0000;0.6565;0.1978;1.0000;0.6433;6;11;TF-IDF
ID_0521334155968808;0.4185;0.4767;0.8000;0.5000;0.4500;0.1667;0.2083;0.3750;0.1844;0.8214;0.6212;0.2649;0.8750;0.6403;5;9;TF-IDF
ID_0447358942103110;0.0000;0.0000;0.0000;0.0000;0.0000;0.0000;0.0000;0.0000;0.0000;0.6538;0.6029;0.0000;0.7692;0.5965;0;0;TF-IDF
ID_1509294900960066;0.2577;0.3097;0.6000;0.5000;0.4500;0.1071;0.1786;0.3214;0.0939;0.5333;0.6972;0.1596;0.7333;0.6977;6;10;TF-IDF
ID_5681875789500232;0.3530;0.3635;0.4000;0.5000;0.4000;0.0690;0.1724;0.2759;0.0745;0.6696;0.6498;0.1244;0.7609;0.5881;5;8;TF-IDF
ID_6056793173053386;0.2560;0.3177;0.2000;0.4000;0.4000;0.0357;0.1429;0.2857;0.0504;0.6738;0.6463;0.1092;0.8109;0.6773;4;8;TF-IDF
ID_2127102036483236;0.3423;0.4394;0.6000;0.4000;0.6000;0.0714;0.0952;0.2857;0.0873;0.7805;0.6520;0.1868;0.9512;0.6341;4;12;TF-IDF
ID_5168823546200073;0.3744;0.4045;0.6000;0.3000;0.3500;0.1034;0.1034;0.2414;0.0948;0.6260;0.5441;0.1449;0.7280;0.6141;3;7;TF-IDF
ID_5266453653764376;0.5541;0.5659;0.8000;0.4000;0.3000;0.2667;0.2667;0.4000;0.2533;0.9160;0.5564;0.2919;0.9244;0.6014;4;6;TF-IDF
ID_2327252294819099;0.2665;0.3885;0.4000;0.3000;0.3500;0.1429;0.2143;0.5000;0.0863;0.7857;0.6791;0.1974;0.8929;0.6709;4;8;TF-IDF
ID_1416717596426384;0.1952;0.3076;0.4000;0.2000;0.3500;0.0714;0.0714;0.2500;0.0262;0.8545;0.5984;0.0866;0.8727;0.5800;2;7;TF-IDF
ID_5104380991908142;0.4268;0.3409;0.4000;0.4000;0.2500;0.1000;0.2000;0.2500;0.1221;0.6953;0.5781;0.1448;0.7656;0.6848;4;5;TF-IDF
ID_3413049864861519;0.1341;0.2341;0.2000;0.3000;0.3000;0.0500;0.1500;0.3000;0.0386;0.5227;0.6771;0.0857;0.6818;0.6979;3;6;TF-IDF
ID_3497475658439763;0.6000;0.5011;0.4000;0.7000;0.5000;0.0541;0.1892;0.2703;0.1143;0.9420;0.3974;0.1661;0.9710;0.4531;7;11;TF-IDF
ID_8972547506863523;1.0000;0.7562;1.0000;1.0000;0.6500;0.1471;0.2941;0.3824;0.2941;0.8899;0.5599;0.3633;0.9450;0.6279;10;14;TF-IDF
ID_6349130857434487;0.0295;0.1219;0.0000;0.1000;0.1500;0.0000;0.0625;0.1875;0.0069;0.7000;0.5159;0.0259;0.9000;0.6022;1;3;TF-IDF
ID_3850342002270325;0.3121;0.3134;0.2000;0.4000;0.3500;0.0323;0.1290;0.2258;0.0550;0.2131;0.5858;0.0977;0.4699;0.6244;4;7;TF-IDF
ID_2506452256257692;0.1073;0.1395;0.0000;0.1000;0.1000;0.0000;0.0526;0.1053;0.0088;0.7528;0.6508;0.0158;0.8202;0.6608;3;5;TF-IDF
ID_2501991149911808;0.1887;0.1622;0.0000;0.3000;0.1500;0.0000;0.1667;0.1667;0.0417;0.7308;0.6590;0.0417;0.7692;0.6285;3;5;TF-IDF
ID_0681322721384641;0.4986;0.4590;0.4000;0.4000;0.3000;0.1176;0.2353;0.3529;0.1690;0.8929;0.7205;0.2170;0.9286;0.6835;4;6;TF-IDF
ID_2715614477658559;0.3411;0.3024;0.4000;0.3000;0.2500;0.0714;0.1071;0.1786;0.0653;0.6296;0.6360;0.0910;0.7654;0.6134;4;6;TF-IDF
ID_1644854912506311;0.0372;0.0694;0.0000;0.1000;0.1000;0.0000;0.1111;0.2222;0.0111;0.7885;0.6242;0.0259;0.9231;0.6462;1;2;TF-IDF
ID_7997248190492823;0.0943;0.1794;0.2000;0.1000;0.1500;0.0455;0.0455;0.1364;0.0455;0.6562;0.5943;0.0611;0.7500;0.6441;1;5;TF-IDF
ID_5390871764659439;0.3170;0.3263;0.4000;0.4000;0.3000;0.1111;0.2222;0.3333;0.0979;0.9053;0.6368;0.1448;0.9220;0.6474;5;9;TF-IDF
