Autor;nDCG@10;nDCG@20;Precision@5;Precision@10;Precision@20;Recall@5;Recall@10;Recall@20;MAP@10;Coverage@10;Diversity@10;MAP@20;Coverage@20;Diversity@20;Match_Valido@10;Match_Valido@20;Modelo
ID_9350794843721516;0.1420;0.1862;0.2000;0.3000;0.3000;0.0333;0.1000;0.2000;0.0241;0.1803;0.5728;4;9;0.0626;0.3607;0.6811;Qwen3-4B
ID_8752453650114092;0.5100;0.4543;0.8000;0.6000;0.4000;0.2000;0.3000;0.4000;0.2325;0.2334;0.7123;6;9;0.2827;0.2474;0.6714;Qwen3-4B
ID_3935055744673018;0.3965;0.2705;0.2000;0.4000;0.2500;0.0238;0.0952;0.1190;0.0539;0.1501;0.7195;4;5;0.0609;0.1518;0.7258;Qwen3-4B
ID_1345781867765758;0.4805;0.4325;0.6000;0.4000;0.2500;0.1579;0.2105;0.2632;0.1719;0.8085;0.7558;7;11;0.1939;0.8196;0.7201;Qwen3-4B
ID_7710344461864924;0.4235;0.3581;0.4000;0.4000;0.3500;0.0400;0.0800;0.1400;0.0488;0.1314;0.5777;4;7;0.0725;0.2161;0.6413;Qwen3-4B
ID_1840336983035010;0.0372;0.0911;0.0000;0.1000;0.1500;0.0000;0.0385;0.1154;0.0038;0.2500;0.8213;2;6;0.0148;0.2903;0.7874;Qwen3-4B
ID_3051627641386529;0.0981;0.1783;0.0000;0.1000;0.1500;0.0000;0.0833;0.2500;0.0139;0.2036;0.7230;1;3;0.0470;0.2918;0.7322;Qwen3-4B
ID_0218004426204544;0.3590;0.3536;0.4000;0.2000;0.3000;0.0556;0.0556;0.1667;0.0556;0.2771;0.7407;2;6;0.0890;0.4345;0.7129;Qwen3-4B
ID_2774467864626548;0.5136;0.3837;0.4000;0.4000;0.2000;0.0952;0.1905;0.1905;0.1302;0.4756;0.6524;6;9;0.1302;0.4781;0.7139;Qwen3-4B
ID_0807993828734491;0.4074;0.4370;0.6000;0.4000;0.4500;0.0938;0.1250;0.2812;0.0731;0.5361;0.5998;4;9;0.1407;0.5513;0.5773;Qwen3-4B
ID_9335253053250984;0.0000;0.0000;0.0000;0.0000;0.0000;0.0000;0.0000;0.0000;0.0000;0.0027;0.7457;0;0;0.0000;0.0109;0.7562;Qwen3-4B
ID_0232075212409214;0.0663;0.0463;0.0000;0.1000;0.0500;0.0000;0.0476;0.0476;0.0053;0.0402;0.6938;1;1;0.0053;0.0551;0.7327;Qwen3-4B
ID_5393628668007180;0.0284;0.0384;0.0000;0.1000;0.1000;0.0000;0.0500;0.1000;0.0056;0.1013;0.7444;1;2;0.0127;0.1620;0.7707;Qwen3-4B
ID_4290808161139329;0.0000;0.0000;0.0000;0.0000;0.0000;0.0000;0.0000;0.0000;0.0000;0.0212;0.7061;0;0;0.0000;0.0573;0.7358;Qwen3-4B
ID_3296934538404596;0.0000;0.0000;0.0000;0.0000;0.0000;0.0000;0.0000;0.0000;0.0000;0.0000;0.7024;0;0;0.0000;0.0026;0.7339;Qwen3-4B
ID_6231675319360093;0.1461;0.2245;0.2000;0.1000;0.1000;0.2000;0.2000;0.4000;0.0500;0.5500;0.6860;1;2;0.0711;0.5923;0.6335;Qwen3-4B
ID_6284168579617066;0.0000;0.0000;0.0000;0.0000;0.0000;0.0000;0.0000;0.0000;0.0000;0.0121;0.7024;0;0;0.0000;0.0121;0.7339;Qwen3-4B
ID_9848311210578810;0.1694;0.2159;0.0000;0.3000;0.3000;0.0000;0.0652;0.1304;0.0158;0.1051;0.6071;3;6;0.0374;0.1954;0.6732;Qwen3-4B
ID_5768000922241088;0.5632;0.5242;0.6000;0.5000;0.4000;0.1765;0.2941;0.4706;0.1814;0.3423;0.6978;7;10;0.2719;0.3574;0.7310;Qwen3-4B
ID_2647529909397336;0.0000;0.0304;0.0000;0.0000;0.0500;0.0000;0.0000;0.0385;0.0000;0.0122;0.6700;0;3;0.0023;0.0790;0.7187;Qwen3-4B
ID_1779931169656381;0.0000;0.1192;0.0000;0.0000;0.2000;0.0000;0.0000;0.1212;0.0000;0.0119;0.7621;0;4;0.0183;0.1463;0.7458;Qwen3-4B
ID_1036046601275319;0.0000;0.0000;0.0000;0.0000;0.0000;0.0000;0.0000;0.0000;0.0000;0.2497;0.6373;0;0;0.0000;0.2656;0.6289;Qwen3-4B
ID_3929176117729138;0.1831;0.1573;0.2000;0.2000;0.1000;0.0714;0.1429;0.1429;0.0321;0.2015;0.7043;2;2;0.0321;0.2116;0.6667;Qwen3-4B
ID_2123038879875164;0.4380;0.4703;0.8000;0.4000;0.5000;0.1053;0.1053;0.2632;0.1053;0.4178;0.7624;4;10;0.1752;0.4909;0.7384;Qwen3-4B
ID_3964840204818021;0.6586;0.4250;1.0000;0.8000;0.4000;0.1190;0.1905;0.1905;0.1827;0.6433;0.6224;8;8;0.1827;0.6433;0.6673;Qwen3-4B
ID_9867636928092492;0.2332;0.1888;0.4000;0.2000;0.1500;0.0714;0.0714;0.1071;0.0714;0.4993;0.6752;2;3;0.0804;0.5336;0.7170;Qwen3-4B
ID_0144465590218939;0.3930;0.3881;0.4000;0.4000;0.3000;0.1000;0.2000;0.3000;0.1270;0.2273;0.7440;5;7;0.1747;0.2818;0.7452;Qwen3-4B
ID_0932900035896817;0.1370;0.1584;0.0000;0.2000;0.2000;0.0000;0.0952;0.1905;0.0163;0.1387;0.7650;2;4;0.0348;0.1772;0.7639;Qwen3-4B
ID_0041995572099705;0.0000;0.1054;0.0000;0.0000;0.1500;0.0000;0.0000;0.1000;0.0000;0.0541;0.7852;0;4;0.0131;0.2349;0.7710;Qwen3-4B
ID_0061106995455595;0.0000;0.0490;0.0000;0.0000;0.0500;0.0000;0.0000;0.0385;0.0000;0.0021;0.8189;0;2;0.0027;0.0348;0.8006;Qwen3-4B
ID_0128404227626176;0.0000;0.0000;0.0000;0.0000;0.0000;0.0000;0.0000;0.0000;0.0000;0.0020;0.7074;0;0;0.0000;0.0040;0.6181;Qwen3-4B
ID_0161925591909696;0.0000;0.0000;0.0000;0.0000;0.0000;0.0000;0.0000;0.0000;0.0000;0.0084;0.7510;0;0;0.0000;0.0084;0.7054;Qwen3-4B
ID_0174325304693036;0.0946;0.1782;0.2000;0.3000;0.3500;0.0208;0.0625;0.1458;0.0163;0.0991;0.7381;3;7;0.0482;0.1809;0.7414;Qwen3-4B
ID_0189095897739979;0.0000;0.2426;0.0000;0.0000;0.3500;0.0000;0.0000;0.2059;0.0000;0.0079;0.8370;0;7;0.0475;0.1389;0.8071;Qwen3-4B
ID_0229339143607870;0.2451;0.2063;0.0000;0.4000;0.3000;0.0000;0.1143;0.1714;0.0351;0.3193;0.7773;4;6;0.0536;0.4202;0.7666;Qwen3-4B
ID_0278717765065500;0.0000;0.0480;0.0000;0.0000;0.1000;0.0000;0.0000;0.0909;0.0000;0.1094;0.7772;0;2;0.0103;0.2392;0.7675;Qwen3-4B
ID_0482551013400931;0.2115;0.2442;0.0000;0.3000;0.3000;0.0000;0.0588;0.1176;0.0141;0.1995;0.8086;3;6;0.0340;0.3005;0.7241;Qwen3-4B
ID_0486569206159968;0.0000;0.0000;0.0000;0.0000;0.0000;0.0000;0.0000;0.0000;0.0000;0.0249;0.7010;0;0;0.0000;0.0249;0.6176;Qwen3-4B
ID_0509655225224036;0.0000;0.0406;0.0000;0.0000;0.0500;0.0000;0.0000;0.0455;0.0000;0.0055;0.7415;0;1;0.0023;0.0385;0.7473;Qwen3-4B
ID_0516941410000104;0.1428;0.2947;0.0000;0.2000;0.3500;0.0000;0.1250;0.4375;0.0246;0.3400;0.8402;2;8;0.1191;0.6000;0.7653;Qwen3-4B
ID_0530966378411625;0.0598;0.0853;0.0000;0.2000;0.1500;0.0000;0.0800;0.1200;0.0146;0.1605;0.7756;2;6;0.0221;0.2963;0.7878;Qwen3-4B
ID_0535860239259102;0.1152;0.2497;0.0000;0.2000;0.3000;0.0000;0.0870;0.2609;0.0159;0.2336;0.7626;2;8;0.0650;0.3458;0.7265;Qwen3-4B
ID_0578253829444920;0.0934;0.2283;0.0000;0.3000;0.3500;0.0000;0.1200;0.2800;0.0314;0.2145;0.8139;3;7;0.0932;0.2400;0.7892;Qwen3-4B
ID_0676101131499422;0.1304;0.2456;0.0000;0.2000;0.2000;0.0000;0.1176;0.2353;0.0202;0.5505;0.8677;3;8;0.0558;0.7459;0.7686;Qwen3-4B
ID_0766735065718186;0.1802;0.2505;0.0000;0.3000;0.3500;0.0000;0.0682;0.1591;0.0179;0.2145;0.7086;3;8;0.0549;0.5264;0.7487;Qwen3-4B
ID_0848413770343284;0.0784;0.2280;0.0000;0.1000;0.3000;0.0000;0.0435;0.2609;0.0072;0.1245;0.7759;1;6;0.0620;0.1577;0.7188;Qwen3-4B
ID_0973550817356564;0.2700;0.2805;0.2000;0.4000;0.3500;0.0270;0.1081;0.1892;0.0366;0.2424;0.7093;5;8;0.0703;0.4957;0.6007;Qwen3-4B
ID_0976385386657517;0.1420;0.1706;0.0000;0.2000;0.2000;0.0000;0.0714;0.1429;0.0131;0.1598;0.8085;2;5;0.0292;0.5030;0.7343;Qwen3-4B
ID_1041565102315246;0.0000;0.1675;0.0000;0.0000;0.2500;0.0000;0.0000;0.1852;0.0000;0.0061;0.8358;0;5;0.0299;0.4879;0.8241;Qwen3-4B
ID_1077091269921532;0.0314;0.0920;0.0000;0.1000;0.2000;0.0000;0.0345;0.1379;0.0049;0.1034;0.7429;1;5;0.0285;0.1995;0.7516;Qwen3-4B
ID_1264299192805866;0.0000;0.1515;0.0000;0.0000;0.2500;0.0000;0.0000;0.1724;0.0000;0.0040;0.7867;0;5;0.0314;0.1164;0.8233;Qwen3-4B
ID_1305553577433058;0.0000;0.0000;0.0000;0.0000;0.0000;0.0000;0.0000;0.0000;0.0000;0.0102;0.7343;0;0;0.0000;0.0108;0.7817;Qwen3-4B
ID_1325667605623244;0.0000;0.2078;0.0000;0.0000;0.3000;0.0000;0.0000;0.1333;0.0000;0.0035;0.7214;0;6;0.0268;0.3007;0.8006;Qwen3-4B
ID_1351748125964309;0.0000;0.0000;0.0000;0.0000;0.0000;0.0000;0.0000;0.0000;0.0000;0.0187;0.8261;0;0;0.0000;0.0981;0.7952;Qwen3-4B
ID_1409367562944345;0.1428;0.1102;0.0000;0.2000;0.1000;0.0000;0.1333;0.1333;0.0262;0.1324;0.7466;2;2;0.0262;0.1324;0.7596;Qwen3-4B
ID_1443260585180322;0.0000;0.0329;0.0000;0.0000;0.0500;0.0000;0.0000;0.0238;0.0000;0.0032;0.8341;0;1;0.0013;0.0110;0.8423;Qwen3-4B
ID_1569228929685657;0.0000;0.2308;0.0000;0.0000;0.3500;0.0000;0.0000;0.2800;0.0000;0.1137;0.7649;0;7;0.0709;0.2706;0.7546;Qwen3-4B
ID_1572504650930605;0.0920;0.0732;0.0000;0.2000;0.1000;0.0000;0.1053;0.1053;0.0164;0.0585;0.7612;2;2;0.0164;0.1005;0.7402;Qwen3-4B
ID_1588571859201066;0.2221;0.3246;0.2000;0.3000;0.4000;0.0227;0.0682;0.1818;0.0179;0.5688;0.7402;3;8;0.0643;0.6445;0.6710;Qwen3-4B
ID_1608166528142462;0.0000;0.1453;0.0000;0.0000;0.1500;0.0000;0.0000;0.2143;0.0000;0.0072;0.8218;0;3;0.0303;0.3016;0.7943;Qwen3-4B
ID_1608252203113404;0.1299;0.1792;0.0000;0.2000;0.3000;0.0000;0.0417;0.1250;0.0065;0.0297;0.8260;2;6;0.0276;0.1785;0.8155;Qwen3-4B
ID_1608392890165390;0.1381;0.1241;0.0000;0.2000;0.1000;0.0000;0.1429;0.1429;0.0232;0.2614;0.7686;2;2;0.0232;0.4902;0.7438;Qwen3-4B
ID_1682621160901140;0.0472;0.0356;0.2000;0.1000;0.0500;0.0227;0.0227;0.0227;0.0076;0.0375;0.7836;1;2;0.0076;0.0450;0.8043;Qwen3-4B
ID_1684574356606924;0.1411;0.2040;0.0000;0.2000;0.2500;0.0000;0.1250;0.3125;0.0194;0.0788;0.7848;3;6;0.0608;0.1295;0.7153;Qwen3-4B
ID_1727283700680766;0.0000;0.0000;0.0000;0.0000;0.0000;0.0000;0.0000;0.0000;0.0000;0.0128;0.7234;0;0;0.0000;0.0128;0.6556;Qwen3-4B
ID_1827829018668226;0.0000;0.0000;0.0000;0.0000;0.0000;0.0000;0.0000;0.0000;0.0000;0.0146;0.7007;0;0;0.0000;0.0146;0.6135;Qwen3-4B
ID_1878688743763378;0.1331;0.2410;0.0000;0.2000;0.3000;0.0000;0.0741;0.2222;0.0120;0.4752;0.7793;2;7;0.0626;0.6931;0.7451;Qwen3-4B
ID_1885766127325722;0.0000;0.0000;0.0000;0.0000;0.0000;0.0000;0.0000;0.0000;0.0000;0.0144;0.7784;0;0;0.0000;0.0957;0.7316;Qwen3-4B
ID_1973878827354750;0.0000;0.0000;0.0000;0.0000;0.0000;0.0000;0.0000;0.0000;0.0000;0.0038;0.7943;0;0;0.0000;0.0057;0.8278;Qwen3-4B
ID_1988378870316115;0.0000;0.0394;0.0000;0.0000;0.1000;0.0000;0.0000;0.0952;0.0000;0.0645;0.7598;0;2;0.0086;0.1935;0.7298;Qwen3-4B
ID_2129963760543898;0.1299;0.1615;0.0000;0.2000;0.2000;0.0000;0.0800;0.1600;0.0124;0.1538;0.8272;2;4;0.0339;0.1692;0.7706;Qwen3-4B
ID_2145668168587564;0.0314;0.0843;0.0000;0.1000;0.1500;0.0000;0.0345;0.1034;0.0049;0.2025;0.8089;1;3;0.0147;0.2911;0.7840;Qwen3-4B
ID_2209576799096027;0.2143;0.1951;0.0000;0.3000;0.1500;0.0000;0.2308;0.2308;0.0533;0.3014;0.7386;4;5;0.0533;0.4281;0.7495;Qwen3-4B
ID_2220699289355930;0.0393;0.0881;0.0000;0.1000;0.1000;0.0000;0.0417;0.0833;0.0060;0.0670;0.7594;1;3;0.0103;0.1920;0.7529;Qwen3-4B
ID_2275032719586397;0.0000;0.1130;0.0000;0.0000;0.2000;0.0000;0.0000;0.1481;0.0000;0.0106;0.7809;0;4;0.0236;0.3511;0.7661;Qwen3-4B
ID_2324159515825927;0.1331;0.2627;0.0000;0.2000;0.3500;0.0000;0.0500;0.1750;0.0081;0.1910;0.7957;2;7;0.0480;0.3326;0.7513;Qwen3-4B
ID_2482060270236527;0.1110;0.1846;0.0000;0.2000;0.2500;0.0000;0.1000;0.2500;0.0226;0.2782;0.8103;2;7;0.0593;0.3213;0.7630;Qwen3-4B
ID_2554853704952225;0.0000;0.0355;0.0000;0.0000;0.0500;0.0000;0.0000;0.0227;0.0000;0.0178;0.8425;0;1;0.0015;0.2333;0.8208;Qwen3-4B
ID_2627414712422817;0.0298;0.1195;0.0000;0.1000;0.2000;0.0000;0.0357;0.1429;0.0045;0.1399;0.7647;1;4;0.0251;0.2435;0.7291;Qwen3-4B
ID_2636111337875377;0.1299;0.2995;0.0000;0.2000;0.4000;0.0000;0.0800;0.3200;0.0124;0.1441;0.7688;2;8;0.0985;0.3060;0.6985;Qwen3-4B
ID_2653769170795641;0.0298;0.0610;0.0000;0.1000;0.1000;0.0000;0.0385;0.0769;0.0048;0.0217;0.7909;1;2;0.0091;0.0924;0.7948;Qwen3-4B
ID_2791913950833163;0.0000;0.0927;0.0000;0.0000;0.1500;0.0000;0.0000;0.1579;0.0000;0.0064;0.7025;0;3;0.0190;0.0514;0.7175;Qwen3-4B
ID_2850235880560929;0.0095;0.1216;0.0000;0.0000;0.1500;0.0000;0.0000;0.1154;0.0000;0.1265;0.7631;1;4;0.0141;0.5783;0.7746;Qwen3-4B
ID_2851798514812201;0.0000;0.0000;0.0000;0.0000;0.0000;0.0000;0.0000;0.0000;0.0000;0.0040;0.7373;0;0;0.0000;0.0060;0.8132;Qwen3-4B
ID_3085057149388157;0.0000;0.0000;0.0000;0.0000;0.0000;0.0000;0.0000;0.0000;0.0000;0.0465;0.7413;0;0;0.0000;0.0577;0.8092;Qwen3-4B
ID_3091742095568302;0.0967;0.1633;0.0000;0.2000;0.2500;0.0000;0.0625;0.1562;0.0102;0.1069;0.7622;2;5;0.0325;0.1483;0.7959;Qwen3-4B
ID_3125269649173653;0.2358;0.3201;0.2000;0.4000;0.4500;0.0357;0.1429;0.3214;0.0423;0.4205;0.7636;4;10;0.1310;0.5436;0.7580;Qwen3-4B
ID_3150074537946167;0.1348;0.3232;0.2000;0.1000;0.2500;0.1250;0.1250;0.6250;0.0312;0.4432;0.7832;2;7;0.1332;0.5227;0.7695;Qwen3-4B
ID_3150103492877008;0.0298;0.1630;0.0000;0.1000;0.2000;0.0000;0.0435;0.1739;0.0054;0.0272;0.7807;1;4;0.0335;0.0884;0.7508;Qwen3-4B
ID_3222014752923501;0.0784;0.1143;0.0000;0.1000;0.1500;0.0000;0.0455;0.1364;0.0076;0.1476;0.7611;1;3;0.0234;0.2841;0.6978;Qwen3-4B
ID_3325984959083987;0.0000;0.0000;0.0000;0.0000;0.0000;0.0000;0.0000;0.0000;0.0000;0.0051;0.7877;0;0;0.0000;0.0152;0.8060;Qwen3-4B
ID_3340828165410597;0.0000;0.0000;0.0000;0.0000;0.0000;0.0000;0.0000;0.0000;0.0000;0.0053;0.7135;0;0;0.0000;0.0053;0.6155;Qwen3-4B
ID_3347815035685882;0.2181;0.2934;0.0000;0.3000;0.3000;0.0000;0.1667;0.3333;0.0403;0.3614;0.7807;4;8;0.0864;0.4940;0.7621;Qwen3-4B
ID_3387018530825694;0.0734;0.1630;0.0000;0.1000;0.2000;0.0000;0.0526;0.2105;0.0075;0.3454;0.8237;1;4;0.0401;0.4124;0.7348;Qwen3-4B
ID_3427260889880733;0.0099;0.0668;0.0000;0.0000;0.0500;0.0000;0.0000;0.0769;0.0000;0.0435;0.7199;1;4;0.0045;0.3207;0.7321;Qwen3-4B
ID_3445472713137548;0.0000;0.0611;0.0000;0.0000;0.0500;0.0000;0.0000;0.1000;0.0000;0.0534;0.6883;0;1;0.0056;0.1039;0.6192;Qwen3-4B
ID_3729715298008025;0.2777;0.2758;0.2000;0.2000;0.2500;0.0345;0.0690;0.1724;0.0460;0.3491;0.6927;4;8;0.0784;0.3721;0.6022;Qwen3-4B
ID_3738807633557034;0.0748;0.0818;0.0000;0.1000;0.1000;0.0000;0.0476;0.0952;0.0053;0.3364;0.8313;1;2;0.0132;0.5421;0.7756;Qwen3-4B
ID_3837157956819433;0.2032;0.2069;0.0000;0.3000;0.2500;0.0000;0.1154;0.1923;0.0256;0.5375;0.7390;3;5;0.0532;0.6757;0.6361;Qwen3-4B
ID_3870300970951275;0.0000;0.0000;0.0000;0.0000;0.0000;0.0000;0.0000;0.0000;0.0000;0.0088;0.6919;0;0;0.0000;0.0088;0.6152;Qwen3-4B
ID_3919711591553904;0.5232;0.3532;1.0000;0.5000;0.3000;0.1190;0.1190;0.1429;0.1190;0.4918;0.6495;5;6;0.1293;0.5051;0.6796;Qwen3-4B
ID_3971396576832634;0.0734;0.0589;0.0000;0.1000;0.0500;0.0000;0.0400;0.0400;0.0057;0.3816;0.8152;1;2;0.0057;0.4300;0.7334;Qwen3-4B
ID_3977660018939385;0.0000;0.0000;0.0000;0.0000;0.0000;0.0000;0.0000;0.0000;0.0000;0.0011;0.7865;0;0;0.0000;0.0011;0.8139;Qwen3-4B
ID_4061301060228632;0.0000;0.0000;0.0000;0.0000;0.0000;0.0000;0.0000;0.0000;0.0000;0.0106;0.7375;0;0;0.0000;0.0106;0.6359;Qwen3-4B
ID_4139866243228811;0.2090;0.3031;0.0000;0.3000;0.4000;0.0000;0.0909;0.2424;0.0220;0.2115;0.7278;3;8;0.0724;0.2821;0.7251;Qwen3-4B
ID_4149038575526706;0.1357;0.1341;0.0000;0.2000;0.1500;0.0000;0.0556;0.0833;0.0096;0.1530;0.7663;2;3;0.0156;0.2201;0.7907;Qwen3-4B
ID_4186411197580812;0.0000;0.2151;0.0000;0.0000;0.3000;0.0000;0.0000;0.1622;0.0000;0.0023;0.7340;0;6;0.0364;0.4805;0.7237;Qwen3-4B
ID_4296348942225215;0.1309;0.1309;0.0000;0.1000;0.0500;0.0000;0.5000;0.5000;0.0556;0.0822;0.8021;1;1;0.0556;0.2877;0.7722;Qwen3-4B
ID_4482652690766445;0.0000;0.2256;0.0000;0.0000;0.3500;0.0000;0.0000;0.1346;0.0000;0.0594;0.7295;0;7;0.0314;0.2946;0.7434;Qwen3-4B
ID_4585253466628293;0.0972;0.0627;0.0000;0.2000;0.1000;0.0000;0.0645;0.0645;0.0118;0.1789;0.7633;2;2;0.0118;0.1858;0.7787;Qwen3-4B
ID_4621534549550979;0.2201;0.1776;0.2000;0.1000;0.1000;0.0270;0.0270;0.0541;0.0270;0.0780;0.7471;1;2;0.0306;0.0905;0.7707;Qwen3-4B
ID_4639530865431823;0.1488;0.2642;0.2000;0.2000;0.3500;0.0303;0.0606;0.2121;0.0121;0.1455;0.8193;2;7;0.0539;0.4303;0.7800;Qwen3-4B
ID_4656875806985353;0.0000;0.0211;0.0000;0.0000;0.0500;0.0000;0.0000;0.0263;0.0000;0.0345;0.7739;0;2;0.0018;0.0690;0.8230;Qwen3-4B
ID_4702999283260777;0.0284;0.1249;0.0000;0.1000;0.2000;0.0000;0.0244;0.0976;0.0027;0.0699;0.8241;1;4;0.0168;0.0968;0.7565;Qwen3-4B
ID_4703015447173949;0.2182;0.2600;0.2000;0.3000;0.3000;0.0385;0.1154;0.2308;0.0288;0.5936;0.7184;3;8;0.0663;0.6484;0.6203;Qwen3-4B
ID_4720283421615359;0.0948;0.0612;0.2000;0.1000;0.0500;0.0217;0.0217;0.0217;0.0054;0.0254;0.7333;1;1;0.0054;0.0287;0.7591;Qwen3-4B
ID_4739118307577897;0.1858;0.2298;0.2000;0.3000;0.3000;0.0250;0.0750;0.1500;0.0196;0.2000;0.7921;3;7;0.0434;0.5867;0.7057;Qwen3-4B
ID_4751064542106755;0.0378;0.3205;0.0000;0.1000;0.4000;0.0000;0.0625;0.5000;0.0069;0.1200;0.7764;1;9;0.1406;0.2533;0.7645;Qwen3-4B
ID_4765080870408661;0.0414;0.1402;0.0000;0.1000;0.2000;0.0000;0.0270;0.1081;0.0039;0.0566;0.8023;2;5;0.0227;0.1258;0.7867;Qwen3-4B
ID_4824419385318370;0.0694;0.1161;0.0000;0.1000;0.1500;0.0000;0.0303;0.0909;0.0038;0.0455;0.7822;1;3;0.0136;0.1617;0.7255;Qwen3-4B
ID_4940933921005830;0.3668;0.3036;0.2000;0.5000;0.3500;0.0270;0.1351;0.1892;0.0515;0.6048;0.7573;5;7;0.0710;0.6976;0.7103;Qwen3-4B
ID_5012323059073352;0.1331;0.3157;0.0000;0.2000;0.4500;0.0000;0.0625;0.2812;0.0102;0.4835;0.8290;2;9;0.0968;0.6484;0.7551;Qwen3-4B
ID_5349740107277233;0.1761;0.3384;0.2000;0.3000;0.4500;0.0370;0.1111;0.3333;0.0303;0.0789;0.7873;3;9;0.1200;0.3026;0.7458;Qwen3-4B
ID_5379515759830546;0.0000;0.0000;0.0000;0.0000;0.0000;0.0000;0.0000;0.0000;0.0000;0.0040;0.7234;0;0;0.0000;0.0040;0.6240;Qwen3-4B
ID_5465930712415985;0.0000;0.1558;0.0000;0.0000;0.3000;0.0000;0.0000;0.1714;0.0000;0.0083;0.7340;0;6;0.0357;0.2645;0.7349;Qwen3-4B
ID_5486280310533660;0.1811;0.2567;0.2000;0.3000;0.4000;0.0263;0.0789;0.2105;0.0228;0.3074;0.7040;3;8;0.0757;0.3617;0.6984;Qwen3-4B
ID_5605590098640584;0.0636;0.0418;0.0000;0.1000;0.0500;0.0000;0.0333;0.0333;0.0033;0.3791;0.7979;1;1;0.0033;0.5403;0.7169;Qwen3-4B
ID_5719239270509869;0.1370;0.2955;0.0000;0.2000;0.4000;0.0000;0.0357;0.1429;0.0061;0.2810;0.8345;2;8;0.0404;0.3747;0.7604;Qwen3-4B
ID_5759795720652106;0.0372;0.1457;0.0000;0.1000;0.3000;0.0000;0.0345;0.2069;0.0034;0.1751;0.8118;2;7;0.0487;0.2260;0.7562;Qwen3-4B
ID_5822763057370791;0.0000;0.1362;0.0000;0.0000;0.2000;0.0000;0.0000;0.1600;0.0000;0.0055;0.7524;0;4;0.0231;0.4670;0.8078;Qwen3-4B
ID_5871402136758674;0.0398;0.1217;0.0000;0.1000;0.2000;0.0000;0.0435;0.1739;0.0072;0.2909;0.8043;1;4;0.0294;0.6909;0.7422;Qwen3-4B
ID_5877415967509579;0.0000;0.1924;0.0000;0.0000;0.1500;0.0000;0.0000;0.2500;0.0000;0.0438;0.7760;0;5;0.0320;0.3869;0.7927;Qwen3-4B
ID_5942068988379022;0.0688;0.0553;0.0000;0.1000;0.0500;0.0000;0.0333;0.0333;0.0037;0.0325;0.7571;1;1;0.0037;0.0423;0.7286;Qwen3-4B
ID_6009627088282581;0.0000;0.0343;0.0000;0.0000;0.0500;0.0000;0.0000;0.0345;0.0000;0.1923;0.8091;0;1;0.0017;0.4359;0.7500;Qwen3-4B
ID_6072065135325168;0.0000;0.0000;0.0000;0.0000;0.0000;0.0000;0.0000;0.0000;0.0000;0.0089;0.6841;0;0;0.0000;0.0089;0.6255;Qwen3-4B
ID_6170215694392885;0.0741;0.1582;0.0000;0.1000;0.2000;0.0000;0.0303;0.1212;0.0030;0.0339;0.7831;2;6;0.0198;0.0679;0.7348;Qwen3-4B
ID_6249814039461102;0.0000;0.0000;0.0000;0.0000;0.0000;0.0000;0.0000;0.0000;0.0000;0.0074;0.7861;0;0;0.0000;0.0074;0.8072;Qwen3-4B
ID_6266684004174408;0.1795;0.1158;0.4000;0.2000;0.1000;0.0588;0.0588;0.0588;0.0412;0.2332;0.6805;2;2;0.0412;0.2332;0.6828;Qwen3-4B
ID_6286838179330044;0.0000;0.1993;0.0000;0.0000;0.2500;0.0000;0.0000;0.1852;0.0000;0.0331;0.7740;0;5;0.0345;0.2231;0.7679;Qwen3-4B
ID_6328263723211152;0.3378;0.3413;0.4000;0.4000;0.4000;0.0541;0.1081;0.2162;0.0605;0.3610;0.6121;4;8;0.1057;0.5532;0.6366;Qwen3-4B
ID_6378129193246016;0.2201;0.1919;0.2000;0.1000;0.1500;0.0233;0.0233;0.0698;0.0233;0.0297;0.7229;1;3;0.0312;0.0614;0.8234;Qwen3-4B
ID_6425044612146340;0.0927;0.1412;0.0000;0.1000;0.2000;0.0000;0.0312;0.1250;0.0031;0.0776;0.8071;2;5;0.0220;0.2283;0.7916;Qwen3-4B
ID_6509414402989975;0.1040;0.1062;0.0000;0.2000;0.1500;0.0000;0.1333;0.2000;0.0207;0.2195;0.7843;3;4;0.0332;0.2764;0.7583;Qwen3-4B
ID_6564076531735310;0.1671;0.1970;0.0000;0.3000;0.3500;0.0000;0.0789;0.1842;0.0191;0.5523;0.7988;3;7;0.0545;0.5890;0.7675;Qwen3-4B
ID_6631439861070680;0.0000;0.0993;0.0000;0.0000;0.1500;0.0000;0.0000;0.0882;0.0000;0.0101;0.8370;0;3;0.0092;0.4171;0.8276;Qwen3-4B
ID_6785547194105600;0.0000;0.0000;0.0000;0.0000;0.0000;0.0000;0.0000;0.0000;0.0000;0.0048;0.6795;0;0;0.0000;0.0048;0.6194;Qwen3-4B
ID_6806722604010480;0.1478;0.2296;0.0000;0.2000;0.3000;0.0000;0.0377;0.1132;0.0079;0.2503;0.7718;2;6;0.0265;0.7220;0.7251;Qwen3-4B
ID_6912702802413733;0.0000;0.0377;0.0000;0.0000;0.0500;0.0000;0.0000;0.0476;0.0000;0.0045;0.7676;0;1;0.0028;0.2991;0.7733;Qwen3-4B
ID_6928187292584643;0.0000;0.0000;0.0000;0.0000;0.0000;0.0000;0.0000;0.0000;0.0000;0.0066;0.7739;0;0;0.0000;0.0530;0.7900;Qwen3-4B
ID_7027792126979693;0.2528;0.2523;0.2000;0.4000;0.3000;0.0476;0.1905;0.2857;0.0696;0.3649;0.6791;4;7;0.1151;0.4423;0.7016;Qwen3-4B
ID_7233450359051249;0.0784;0.0861;0.0000;0.1000;0.1000;0.0000;0.0222;0.0444;0.0037;0.0815;0.7253;1;2;0.0067;0.1630;0.7730;Qwen3-4B
ID_7282243679498643;0.0000;0.1410;0.0000;0.0000;0.0500;0.0000;0.0000;0.2500;0.0000;0.1824;0.8000;0;1;0.0139;0.3145;0.6707;Qwen3-4B
ID_7385883792624886;0.1428;0.3174;0.0000;0.2000;0.4500;0.0000;0.0667;0.3000;0.0131;0.5408;0.8174;2;9;0.0981;0.7857;0.7415;Qwen3-4B
ID_7436135069574190;0.0298;0.0871;0.0000;0.1000;0.1500;0.0000;0.0233;0.0698;0.0029;0.0051;0.6718;1;3;0.0095;0.0712;0.7181;Qwen3-4B
ID_7527179767450432;0.1482;0.2147;0.0000;0.2000;0.2500;0.0000;0.0833;0.2083;0.0164;0.1877;0.8030;2;6;0.0545;0.4595;0.7710;Qwen3-4B
ID_7551488096449640;0.0000;0.0501;0.0000;0.0000;0.1000;0.0000;0.0000;0.0800;0.0000;0.0134;0.8346;0;2;0.0062;0.1208;0.8196;Qwen3-4B
ID_7581282834093314;0.1047;0.1337;0.0000;0.2000;0.1500;0.0000;0.0952;0.1429;0.0187;0.0978;0.8465;2;3;0.0306;0.1739;0.7872;Qwen3-4B
ID_7645565922415708;0.1000;0.1511;0.0000;0.1000;0.1500;0.0000;0.0455;0.1364;0.0057;0.0311;0.7365;2;4;0.0208;0.3737;0.7556;Qwen3-4B
ID_7669967284860729;0.0000;0.0000;0.0000;0.0000;0.0000;0.0000;0.0000;0.0000;0.0000;0.0278;0.6812;0;0;0.0000;0.0278;0.6057;Qwen3-4B
ID_7884742100487918;0.0000;0.0505;0.0000;0.0000;0.0500;0.0000;0.0000;0.0714;0.0000;0.0230;0.7566;0;1;0.0055;0.1509;0.7672;Qwen3-4B
ID_7900399551528003;0.2159;0.1393;0.0000;0.3000;0.1500;0.0000;0.1000;0.1000;0.0231;0.2321;0.7541;4;4;0.0231;0.3087;0.7610;Qwen3-4B
ID_8049184468038869;0.0112;0.2949;0.0000;0.0000;0.4000;0.0000;0.0000;0.1667;0.0000;0.0215;0.7490;1;9;0.0473;0.2296;0.7333;Qwen3-4B
ID_8220266376719566;0.0636;0.2902;0.0000;0.1000;0.4000;0.0000;0.0238;0.1905;0.0024;0.1275;0.7784;1;8;0.0541;0.5890;0.7460;Qwen3-4B
ID_8237569228020224;0.0372;0.1088;0.0000;0.1000;0.1500;0.0000;0.0625;0.1875;0.0089;0.1000;0.7367;1;3;0.0284;0.5429;0.7527;Qwen3-4B
ID_8241999499678979;0.0784;0.1549;0.0000;0.1000;0.2000;0.0000;0.0286;0.1143;0.0048;0.0580;0.8373;1;4;0.0207;0.2029;0.8058;Qwen3-4B
ID_8243102075060800;0.2180;0.3549;0.0000;0.3000;0.4500;0.0000;0.0612;0.1837;0.0160;0.0972;0.7836;3;10;0.0649;0.6207;0.6849;Qwen3-4B
ID_8302605179522059;0.1802;0.2213;0.0000;0.3000;0.2500;0.0000;0.1154;0.1923;0.0302;0.2553;0.7988;3;7;0.0511;0.2653;0.5739;Qwen3-4B
ID_8351785832221386;0.2098;0.2325;0.0000;0.3000;0.2500;0.0000;0.1429;0.2381;0.0308;0.4619;0.8280;4;8;0.0577;0.5381;0.7049;Qwen3-4B
ID_8391182235603982;0.0000;0.1363;0.0000;0.0000;0.2500;0.0000;0.0000;0.1250;0.0000;0.0497;0.8126;0;5;0.0226;0.4264;0.7639;Qwen3-4B
ID_8392547704796029;0.0000;0.0899;0.0000;0.0000;0.1000;0.0000;0.0000;0.2000;0.0000;0.0665;0.8008;0;2;0.0183;0.1972;0.7851;Qwen3-4B
ID_8462865850328344;0.0000;0.1246;0.0000;0.0000;0.2000;0.0000;0.0000;0.1081;0.0000;0.0018;0.8062;0;4;0.0178;0.2792;0.8051;Qwen3-4B
ID_8463458737785676;0.0377;0.1754;0.0000;0.1000;0.3500;0.0000;0.0250;0.1750;0.0025;0.0886;0.8048;2;8;0.0445;0.2465;0.7952;Qwen3-4B
ID_8492376468047417;0.0663;0.1623;0.0000;0.1000;0.2000;0.0000;0.0476;0.1905;0.0053;0.0594;0.8159;1;4;0.0287;0.4125;0.7633;Qwen3-4B
ID_8496716957724133;0.0000;0.1486;0.0000;0.0000;0.2500;0.0000;0.0000;0.1389;0.0000;0.0069;0.6883;0;5;0.0227;0.5121;0.7560;Qwen3-4B
ID_8546635518344761;0.0663;0.0678;0.0000;0.1000;0.1000;0.0000;0.0455;0.0909;0.0051;0.1196;0.7802;1;2;0.0101;0.1788;0.7568;Qwen3-4B
ID_8563794592947521;0.1812;0.1958;0.2000;0.3000;0.3000;0.0323;0.0968;0.1935;0.0253;0.4416;0.7253;3;6;0.0561;0.5567;0.7257;Qwen3-4B
ID_8655277884027052;0.0000;0.0416;0.0000;0.0000;0.0500;0.0000;0.0000;0.0909;0.0000;0.0674;0.7464;0;1;0.0048;0.2411;0.7227;Qwen3-4B
ID_8721994758453503;0.0727;0.1483;0.0000;0.2000;0.3000;0.0000;0.0741;0.2222;0.0129;0.0437;0.7857;2;6;0.0568;0.3770;0.7497;Qwen3-4B
ID_8736721273068415;0.5036;0.4722;0.4000;0.4000;0.4000;0.0476;0.0952;0.1905;0.0701;0.3598;0.6995;4;8;0.1149;0.4065;0.6298;Qwen3-4B
ID_8754335906813622;0.2895;0.3028;0.2000;0.2000;0.2500;0.0312;0.0625;0.1562;0.0391;0.1616;0.8157;2;6;0.0669;0.2825;0.7783;Qwen3-4B
ID_8814823545159504;0.2032;0.2151;0.0000;0.3000;0.3000;0.0000;0.0789;0.1579;0.0175;0.2375;0.7884;3;6;0.0431;0.3825;0.6770;Qwen3-4B
ID_8817420732602033;0.1518;0.1658;0.0000;0.2000;0.2000;0.0000;0.0408;0.0816;0.0092;0.4000;0.8114;2;4;0.0174;0.5130;0.7887;Qwen3-4B
ID_8867390850809735;0.5353;0.3783;0.6000;0.4000;0.2500;0.1071;0.1429;0.1786;0.1230;0.6195;0.6565;4;5;0.1324;0.6439;0.6558;Qwen3-4B
ID_8903183021436431;0.0000;0.0933;0.0000;0.0000;0.1000;0.0000;0.0000;0.1429;0.0000;0.0058;0.7659;0;3;0.0162;0.1395;0.8021;Qwen3-4B
ID_9194357390613404;0.0754;0.2409;0.0000;0.1000;0.2500;0.0000;0.0500;0.2500;0.0050;0.1250;0.7907;1;5;0.0558;0.3750;0.8242;Qwen3-4B
ID_9274887847308980;0.0308;0.2445;0.0000;0.1000;0.2500;0.0000;0.0714;0.3571;0.0071;0.1125;0.7913;1;6;0.0671;0.4125;0.6496;Qwen3-4B
ID_9342074717900720;0.0000;0.0443;0.0000;0.0000;0.0500;0.0000;0.0000;0.0244;0.0000;0.0424;0.7718;0;2;0.0022;0.1356;0.7696;Qwen3-4B
ID_9356303217059472;0.0946;0.1872;0.2000;0.3000;0.3500;0.0345;0.1034;0.2414;0.0270;0.3576;0.7331;3;8;0.0726;0.3983;0.6823;Qwen3-4B
ID_9395715443254344;0.0636;0.1586;0.0000;0.1000;0.2500;0.0000;0.0278;0.1389;0.0028;0.0757;0.8460;1;5;0.0269;0.1673;0.8044;Qwen3-4B
ID_9513562131313692;0.1044;0.1264;0.0000;0.2000;0.1500;0.0000;0.1000;0.1500;0.0163;0.3810;0.8294;2;3;0.0238;0.7500;0.7713;Qwen3-4B
ID_9518540102256518;0.0000;0.0174;0.0000;0.0000;0.0500;0.0000;0.0000;0.0435;0.0000;0.0080;0.8381;0;1;0.0022;0.0400;0.8228;Qwen3-4B
ID_9527193250756102;0.1018;0.2065;0.0000;0.2000;0.2500;0.0000;0.1250;0.3125;0.0228;0.5563;0.7789;2;6;0.0683;0.7125;0.6836;Qwen3-4B
ID_9703848266137282;0.0314;0.0691;0.0000;0.1000;0.1500;0.0000;0.0303;0.0909;0.0043;0.0773;0.7065;1;3;0.0138;0.2284;0.7002;Qwen3-4B
ID_0202840339575079;0.0372;0.1425;0.0000;0.1000;0.2000;0.0000;0.0769;0.3077;0.0096;0.2079;0.6664;1;4;0.0504;0.6139;0.6407;Qwen3-4B
ID_0321740024191482;0.0000;0.0446;0.0000;0.0000;0.0500;0.0000;0.0000;0.0323;0.0000;0.0030;0.7829;0;1;0.0018;0.0638;0.8301;Qwen3-4B
ID_0565062540207457;0.0000;0.0771;0.0000;0.0000;0.1000;0.0000;0.0000;0.0833;0.0000;0.0026;0.7829;0;2;0.0072;0.1897;0.8234;Qwen3-4B
ID_2050094723109880;0.0000;0.0000;0.0000;0.0000;0.0000;0.0000;0.0000;0.0000;0.0000;0.0105;0.7865;0;0;0.0000;0.0147;0.8212;Qwen3-4B
ID_2158196443144675;0.0000;0.0000;0.0000;0.0000;0.0000;0.0000;0.0000;0.0000;0.0000;0.0196;0.7865;0;0;0.0000;0.0216;0.8114;Qwen3-4B
ID_2160668047976488;0.0000;0.0226;0.0000;0.0000;0.0500;0.0000;0.0000;0.0435;0.0000;0.0026;0.7607;0;2;0.0024;0.4375;0.8035;Qwen3-4B
ID_3192797452693362;0.0000;0.0801;0.0000;0.0000;0.1000;0.0000;0.0000;0.0625;0.0000;0.1006;0.7675;0;3;0.0057;0.4569;0.7192;Qwen3-4B
ID_4629575839285869;0.0000;0.0341;0.0000;0.0000;0.0500;0.0000;0.0000;0.0227;0.0000;0.0182;0.7829;0;1;0.0013;0.2727;0.8092;Qwen3-4B
ID_4747666293431338;0.0000;0.0385;0.0000;0.0000;0.0500;0.0000;0.0000;0.0435;0.0000;0.0020;0.7829;0;1;0.0026;0.0595;0.8219;Qwen3-4B
ID_6120952417164903;0.7975;0.6907;0.8000;0.8000;0.6500;0.0702;0.1404;0.2281;0.1170;0.4993;0.6165;8;13;0.1787;0.5210;0.6150;Qwen3-4B
ID_6372649810646310;0.0000;0.0177;0.0000;0.0000;0.0500;0.0000;0.0000;0.0256;0.0000;0.0034;0.8171;0;1;0.0013;0.0438;0.8384;Qwen3-4B
ID_6723353746838236;0.0672;0.0531;0.2000;0.1000;0.0500;0.0455;0.0455;0.0455;0.0227;0.0236;0.8209;1;1;0.0227;0.0397;0.7801;Qwen3-4B
ID_7440413221171078;0.6718;0.5175;0.6000;0.6000;0.4500;0.0625;0.1250;0.1875;0.1000;0.5377;0.6594;6;9;0.1313;0.7588;0.6577;Qwen3-4B
ID_7796654028353519;0.0000;0.0581;0.0000;0.0000;0.1500;0.0000;0.0000;0.0811;0.0000;0.0012;0.7865;0;4;0.0090;0.0810;0.7835;Qwen3-4B
ID_8187863977340227;0.0000;0.0886;0.0000;0.0000;0.1500;0.0000;0.0000;0.0769;0.0000;0.0123;0.7892;0;3;0.0096;0.1961;0.8100;Qwen3-4B
ID_8664169441117482;0.0000;0.0685;0.0000;0.0000;0.1500;0.0000;0.0000;0.1154;0.0000;0.0465;0.7857;0;3;0.0171;0.2558;0.7847;Qwen3-4B
ID_3532765293459410;0.3269;0.3533;0.4000;0.5000;0.4000;0.0500;0.1250;0.2000;0.0597;0.4809;0.6423;5;8;0.1033;0.5129;0.6667;Qwen3-4B
ID_0715975668333522;0.2443;0.3608;0.6000;0.5000;0.5000;0.1111;0.1852;0.3704;0.1025;0.4930;0.6678;6;12;0.1888;0.5728;0.6928;Qwen3-4B
ID_2435447165044085;0.4478;0.3036;0.6000;0.4000;0.2500;0.0625;0.0833;0.1042;0.0692;0.1606;0.6877;4;5;0.0753;0.1789;0.7452;Qwen3-4B
ID_4916914753471904;0.5806;0.5541;0.6000;0.5000;0.3000;0.2143;0.3571;0.4286;0.3129;0.4122;0.7096;6;7;0.3486;0.4814;0.7253;Qwen3-4B
ID_3537062520522134;0.2201;0.2272;0.2000;0.1000;0.2000;0.0256;0.0256;0.1026;0.0256;0.0311;0.7205;1;5;0.0378;0.3113;0.7016;Qwen3-4B
ID_3402075097829969;0.3149;0.2083;0.4000;0.2000;0.1000;0.0667;0.0667;0.0667;0.0500;0.1215;0.7498;2;3;0.0500;0.2431;0.7292;Qwen3-4B
ID_3774796917452801;0.2165;0.1989;0.2000;0.2000;0.1500;0.0400;0.0800;0.1200;0.0214;0.1959;0.7623;6;8;0.0300;0.2268;0.7394;Qwen3-4B
ID_7057449448661416;0.3554;0.3722;0.4000;0.2000;0.1500;0.2000;0.2000;0.3000;0.1500;0.7778;0.6197;2;4;0.1688;0.7963;0.6534;Qwen3-4B
ID_5527724436785061;0.2283;0.1918;0.4000;0.3000;0.1500;0.0952;0.1429;0.1429;0.0698;0.4519;0.7274;4;6;0.0698;0.4813;0.7452;Qwen3-4B
ID_7506578377321090;0.0472;0.1105;0.2000;0.1000;0.1500;0.0385;0.0385;0.1154;0.0128;0.1723;0.6302;1;3;0.0281;0.3311;0.6328;Qwen3-4B
ID_2346700109498656;0.0000;0.0396;0.0000;0.0000;0.0500;0.0000;0.0000;0.0200;0.0000;0.1623;0.7091;0;1;0.0018;0.1642;0.7265;Qwen3-4B
ID_3172179226768630;0.3169;0.3393;0.6000;0.5000;0.4500;0.0750;0.1250;0.2250;0.0771;0.4828;0.5706;6;10;0.1192;0.5057;0.6042;Qwen3-4B
ID_6041333024387123;0.6938;0.5787;1.0000;0.7000;0.5500;0.1351;0.1892;0.2973;0.1721;0.3182;0.6916;7;13;0.2351;0.4489;0.6753;Qwen3-4B
ID_9002048584203951;0.1730;0.3844;0.0000;0.2000;0.3500;0.0000;0.1538;0.5385;0.0239;0.6757;0.6858;2;7;0.1552;0.8243;0.6421;Qwen3-4B
ID_0934428004504955;0.0000;0.0000;0.0000;0.0000;0.0000;0.0000;0.0000;0.0000;0.0000;0.1787;0.6276;0;0;0.0000;0.2129;0.6593;Qwen3-4B
ID_2662364620923506;0.2869;0.3326;0.4000;0.4000;0.3500;0.1176;0.2353;0.4118;0.1013;0.8085;0.6238;4;7;0.1694;0.8723;0.5965;Qwen3-4B
ID_7645303175022454;0.2318;0.1892;0.2000;0.4000;0.2500;0.0278;0.1111;0.1389;0.0366;0.2598;0.6736;4;5;0.0492;0.4213;0.6368;Qwen3-4B
ID_4185521570721716;0.0000;0.0864;0.0000;0.0000;0.1000;0.0000;0.0000;0.0800;0.0000;0.0062;0.7933;0;4;0.0094;0.3012;0.7907;Qwen3-4B
ID_0469666950995989;0.3532;0.3688;0.6000;0.4000;0.4000;0.0698;0.0930;0.1860;0.0539;0.4793;0.6700;4;8;0.0922;0.5771;0.6661;Qwen3-4B
ID_2929963416385218;0.3518;0.2671;0.4000;0.2000;0.1500;0.0541;0.0541;0.0811;0.0450;0.3457;0.7090;4;6;0.0501;0.3883;0.7315;Qwen3-4B
ID_6446047463034654;0.0157;0.0894;0.0000;0.0000;0.2000;0.0000;0.0000;0.1176;0.0000;0.0501;0.7148;1;5;0.0189;0.1203;0.7293;Qwen3-4B
ID_3555567955507382;0.7314;0.5759;0.6000;0.7000;0.5000;0.0938;0.2188;0.3125;0.1690;0.2347;0.7561;7;10;0.2208;0.3163;0.7291;Qwen3-4B
ID_0925726638062356;0.3433;0.3211;0.4000;0.3000;0.3500;0.0465;0.0698;0.1628;0.0426;0.2680;0.7017;3;7;0.0748;0.4087;0.6516;Qwen3-4B
ID_8293766070107110;0.5772;0.3725;0.6000;0.5000;0.2500;0.0714;0.1190;0.1190;0.1022;0.2305;0.6879;5;5;0.1022;0.2576;0.6686;Qwen3-4B
ID_2538869394815421;0.3541;0.4053;0.2000;0.3000;0.2500;0.0667;0.2000;0.3333;0.1089;0.2698;0.6862;4;6;0.1516;0.4388;0.6126;Qwen3-4B
ID_7426592963217111;0.0744;0.0594;0.2000;0.2000;0.1000;0.0370;0.0741;0.0741;0.0198;0.0890;0.6709;2;3;0.0198;0.1096;0.7220;Qwen3-4B
ID_2957078821185186;0.3052;0.1970;0.4000;0.2000;0.1000;0.0833;0.0833;0.0833;0.0583;0.0708;0.7382;2;2;0.0583;0.0929;0.7587;Qwen3-4B
ID_5183458350445779;0.5885;0.4200;0.8000;0.5000;0.2500;0.1379;0.1724;0.1724;0.1397;0.1761;0.7041;5;5;0.1397;0.2301;0.7275;Qwen3-4B
ID_7216933992248038;0.2727;0.2913;0.0000;0.4000;0.3500;0.0000;0.1000;0.1750;0.0282;0.2875;0.7103;4;7;0.0655;0.3568;0.7478;Qwen3-4B
ID_7495729402863374;0.0636;0.0560;0.0000;0.1000;0.1000;0.0000;0.0250;0.0500;0.0025;0.0219;0.7345;1;2;0.0056;0.0874;0.7491;Qwen3-4B
ID_9157872297410868;0.3214;0.3272;0.6000;0.3000;0.2500;0.1250;0.1250;0.2083;0.0597;0.1710;0.6074;4;7;0.0909;0.2428;0.6620;Qwen3-4B
ID_8807333466702951;0.3120;0.2956;0.4000;0.4000;0.3000;0.0714;0.1429;0.2143;0.0590;0.4588;0.6342;5;7;0.0802;0.5340;0.6354;Qwen3-4B
ID_9836776931160228;0.3319;0.3279;0.4000;0.5000;0.3500;0.1111;0.2778;0.3889;0.1350;0.2821;0.6092;5;7;0.1844;0.3077;0.6090;Qwen3-4B
ID_7082447037374118;0.1396;0.2055;0.0000;0.3000;0.3000;0.0000;0.0833;0.1667;0.0230;0.5029;0.5857;3;6;0.0507;0.5600;0.6313;Qwen3-4B
ID_9140990601961322;0.1736;0.2157;0.2000;0.4000;0.3500;0.0333;0.1333;0.2333;0.0454;0.1233;0.7624;4;7;0.0820;0.2740;0.7195;Qwen3-4B
ID_4068903193779093;0.0851;0.1193;0.2000;0.1000;0.1000;0.0625;0.0625;0.1250;0.0125;0.1017;0.6145;1;2;0.0229;0.1695;0.6386;Qwen3-4B
ID_8528934713225115;0.4173;0.4594;0.4000;0.6000;0.6500;0.0526;0.1579;0.3421;0.0929;0.4226;0.5972;6;13;0.2180;0.5651;0.6389;Qwen3-4B
ID_1686212165863890;0.3341;0.4985;0.4000;0.3000;0.5000;0.0625;0.0938;0.3125;0.0742;0.2785;0.5474;5;12;0.1793;0.3523;0.6237;Qwen3-4B
ID_2391615767440759;0.5696;0.4758;0.6000;0.5000;0.3500;0.1500;0.2500;0.3500;0.2036;0.6296;0.6790;5;7;0.2485;0.7037;0.7082;Qwen3-4B
ID_6201224121456969;0.2305;0.1806;0.2000;0.3000;0.2500;0.0222;0.0667;0.1111;0.0185;0.5517;0.6900;3;5;0.0335;0.6108;0.6994;Qwen3-4B
ID_0251394799200508;0.3971;0.3124;0.4000;0.4000;0.3000;0.0714;0.1429;0.2143;0.0857;0.1818;0.6825;4;6;0.1198;0.3223;0.7051;Qwen3-4B
ID_0373061112091020;0.0000;0.0323;0.0000;0.0000;0.0500;0.0000;0.0000;0.0256;0.0000;0.0171;0.6280;0;1;0.0013;0.0922;0.6871;Qwen3-4B
ID_8479803539567479;0.0587;0.0989;0.0000;0.2000;0.1500;0.0000;0.0870;0.1304;0.0149;0.1149;0.6709;2;5;0.0268;0.3218;0.7158;Qwen3-4B
ID_7729955482153416;0.0000;0.0498;0.0000;0.0000;0.1000;0.0000;0.0000;0.0645;0.0000;0.0353;0.6966;0;2;0.0057;0.0565;0.7477;Qwen3-4B
ID_5305326747268396;0.0943;0.0727;0.2000;0.1000;0.0500;0.0286;0.0286;0.0286;0.0286;0.0172;0.8249;1;3;0.0286;0.1134;0.7791;Qwen3-4B
ID_0845421586641237;0.1389;0.1735;0.2000;0.1000;0.2000;0.0400;0.0400;0.1600;0.0200;0.1378;0.4708;1;4;0.0428;0.2573;0.6282;Qwen3-4B
ID_1324132789176127;0.5007;0.4533;0.6000;0.5000;0.4000;0.0789;0.1316;0.2105;0.0835;0.3488;0.6855;5;10;0.1194;0.3605;0.7038;Qwen3-4B
ID_3790201696145434;0.0000;0.0381;0.0000;0.0000;0.0500;0.0000;0.0000;0.0385;0.0000;0.0189;0.7003;0;1;0.0020;0.0226;0.6836;Qwen3-4B
ID_4299344810509965;0.5992;0.4550;0.8000;0.8000;0.5000;0.1290;0.2581;0.3226;0.1991;0.1334;0.6853;8;11;0.2313;0.1477;0.6009;Qwen3-4B
ID_4897726772361601;0.0000;0.1577;0.0000;0.0000;0.2500;0.0000;0.0000;0.1562;0.0000;0.0000;0.7920;0;5;0.0257;0.3723;0.8392;Qwen3-4B
ID_5840732667923853;0.2721;0.3297;0.2000;0.1000;0.1000;0.1250;0.1250;0.2500;0.1250;0.4104;0.7361;3;6;0.1477;0.4788;0.7022;Qwen3-4B
ID_6216261423282706;0.7546;0.5806;1.0000;0.7000;0.5000;0.1163;0.1628;0.2326;0.1558;0.5520;0.5788;7;10;0.2068;0.5867;0.6863;Qwen3-4B
ID_7181616799746888;0.4228;0.4202;0.8000;0.5000;0.4500;0.1538;0.1923;0.3462;0.1478;0.4097;0.6830;5;9;0.2197;0.4621;0.6790;Qwen3-4B
ID_7572366766177648;0.0000;0.0833;0.0000;0.0000;0.1500;0.0000;0.0000;0.0667;0.0000;0.0132;0.7869;0;3;0.0078;0.1961;0.7409;Qwen3-4B
ID_8006865596138564;0.0851;0.1671;0.2000;0.1000;0.2000;0.0385;0.0385;0.1538;0.0077;0.1608;0.7559;1;5;0.0314;0.2763;0.6274;Qwen3-4B
ID_8318944131166018;0.6366;0.5535;0.8000;0.6000;0.4500;0.1739;0.2609;0.3913;0.2144;0.5000;0.7158;6;9;0.2928;0.5385;0.7190;Qwen3-4B
ID_8730904907286096;0.3590;0.3714;0.4000;0.2000;0.3000;0.0800;0.0800;0.2400;0.0800;0.1111;0.7137;2;6;0.1232;0.2198;0.6702;Qwen3-4B
ID_8892459126928726;0.2394;0.2598;0.2000;0.3000;0.3000;0.0167;0.0500;0.1000;0.0153;0.0355;0.7962;3;6;0.0310;0.1455;0.6968;Qwen3-4B
ID_8971623116160175;0.2466;0.2966;0.2000;0.3000;0.3500;0.0196;0.0588;0.1373;0.0198;0.2685;0.8500;3;7;0.0454;0.3750;0.7924;Qwen3-4B
ID_8336765967978370;0.4819;0.4977;0.4000;0.4000;0.5000;0.0645;0.1290;0.3226;0.0883;0.2212;0.6366;4;10;0.1729;0.4159;0.6541;Qwen3-4B
ID_5680428710939826;0.6226;0.5909;0.8000;0.5000;0.5500;0.1250;0.1562;0.3438;0.1411;0.5478;0.5635;9;15;0.2513;0.6000;0.5635;Qwen3-4B
ID_4692364565124711;0.3905;0.3548;0.4000;0.3000;0.3500;0.0625;0.0938;0.2188;0.0625;0.4015;0.6765;5;9;0.1078;0.4470;0.6924;Qwen3-4B
ID_1717412318563908;0.0206;0.0362;0.0000;0.0000;0.0500;0.0000;0.0000;0.0294;0.0000;0.0091;0.6767;1;2;0.0020;0.1269;0.7311;Qwen3-4B
ID_7254844415865063;0.0000;0.0000;0.0000;0.0000;0.0000;0.0000;0.0000;0.0000;0.0000;0.0312;0.7047;0;0;0.0000;0.0938;0.7129;Qwen3-4B
ID_7797886762703247;0.1048;0.1059;0.2000;0.1000;0.1000;0.0370;0.0370;0.0741;0.0370;0.1104;0.7049;2;4;0.0432;0.1534;0.6441;Qwen3-4B
ID_2835093153489923;0.0314;0.1026;0.0000;0.0000;0.1000;0.0000;0.0000;0.0909;0.0000;0.0200;0.7309;1;4;0.0069;0.0965;0.7168;Qwen3-4B
ID_0426611082211389;0.6083;0.4096;0.8000;0.5000;0.3000;0.1212;0.1515;0.1818;0.1265;0.0608;0.6041;5;6;0.1430;0.0922;0.6706;Qwen3-4B
ID_9071551767043294;0.6597;0.5182;0.6000;0.7000;0.5000;0.0732;0.1707;0.2439;0.1215;0.1188;0.6457;7;10;0.1749;0.2871;0.6897;Qwen3-4B
ID_3412816427200150;0.5730;0.5134;0.4000;0.5000;0.4500;0.0435;0.1087;0.1957;0.0773;0.1328;0.7230;5;9;0.1212;0.2303;0.6931;Qwen3-4B
ID_1510655084439926;0.3490;0.3068;0.2000;0.2000;0.1500;0.0500;0.1000;0.1500;0.0625;0.2580;0.5619;3;6;0.0750;0.3790;0.6321;Qwen3-4B
ID_2918420759847932;0.0985;0.0719;0.2000;0.3000;0.1500;0.0476;0.1429;0.1429;0.0413;0.4802;0.6505;3;3;0.0413;0.4841;0.6206;Qwen3-4B
ID_2941335797138677;0.3636;0.4230;0.2000;0.3000;0.2500;0.0769;0.2308;0.3846;0.1192;0.1535;0.6594;4;6;0.1704;0.1580;0.7061;Qwen3-4B
ID_3107924103069456;0.2802;0.2498;0.2000;0.5000;0.3500;0.0222;0.1111;0.1556;0.0431;0.1174;0.6306;5;7;0.0606;0.2559;0.6642;Qwen3-4B
ID_3828820650816481;0.2461;0.4209;0.2000;0.3000;0.5000;0.0400;0.1200;0.4000;0.0705;0.0607;0.7327;3;10;0.1873;0.1963;0.7212;Qwen3-4B
ID_5598322661148873;0.1250;0.1746;0.0000;0.2000;0.2500;0.0000;0.0625;0.1562;0.0097;0.0597;0.7491;3;6;0.0407;0.1236;0.7023;Qwen3-4B
ID_6491144323495041;0.7058;0.5043;0.8000;0.6000;0.4000;0.1176;0.1765;0.2353;0.1598;0.2857;0.6820;6;8;0.1887;0.2857;0.7300;Qwen3-4B
ID_7233767393471644;0.0000;0.0000;0.0000;0.0000;0.0000;0.0000;0.0000;0.0000;0.0000;0.0288;0.7357;0;0;0.0000;0.0360;0.7307;Qwen3-4B
ID_0589484713269268;0.0694;0.1464;0.0000;0.1000;0.2000;0.0000;0.0333;0.1333;0.0042;0.2416;0.7199;1;4;0.0209;0.3198;0.7396;Qwen3-4B
ID_2689400605282903;0.1940;0.1651;0.2000;0.2000;0.1000;0.0625;0.1250;0.1250;0.0781;0.1951;0.6352;2;2;0.0781;0.3022;0.6627;Qwen3-4B
ID_2815105916715425;0.1704;0.2247;0.0000;0.3000;0.3000;0.0000;0.0698;0.1395;0.0160;0.3522;0.7016;3;7;0.0404;0.4008;0.6867;Qwen3-4B
ID_8059432725797514;0.0000;0.0000;0.0000;0.0000;0.0000;0.0000;0.0000;0.0000;0.0000;0.0156;0.7583;0;0;0.0000;0.0187;0.7411;Qwen3-4B
ID_6593457386037361;0.0000;0.1427;0.0000;0.0000;0.2500;0.0000;0.0000;0.2500;0.0000;0.0423;0.7834;0;5;0.0502;0.1933;0.7257;Qwen3-4B
ID_2153506219894492;0.0000;0.0885;0.0000;0.0000;0.1500;0.0000;0.0000;0.1111;0.0000;0.0537;0.7460;0;3;0.0126;0.1449;0.7141;Qwen3-4B
ID_8472079174657098;0.0000;0.0000;0.0000;0.0000;0.0000;0.0000;0.0000;0.0000;0.0000;0.0369;0.7568;0;0;0.0000;0.1728;0.7740;Qwen3-4B
ID_1623651835700843;0.0943;0.0609;0.2000;0.1000;0.0500;0.0200;0.0200;0.0200;0.0200;0.0100;0.6721;1;1;0.0200;0.1393;0.7200;Qwen3-4B
ID_5373038582397407;0.1799;0.2558;0.4000;0.2000;0.3000;0.0870;0.0870;0.2609;0.0283;0.4218;0.6571;2;7;0.0780;0.4665;0.6448;Qwen3-4B
ID_7275057980870698;0.0527;0.1445;0.0000;0.0000;0.1500;0.0000;0.0000;0.1579;0.0000;0.2077;0.6667;3;8;0.0234;0.5000;0.6709;Qwen3-4B
ID_8218059267505950;0.5060;0.5002;0.6000;0.7000;0.5500;0.0750;0.1750;0.2750;0.1233;0.2838;0.7272;7;11;0.1918;0.3958;0.7280;Qwen3-4B
ID_2018317447324228;0.2811;0.2705;0.2000;0.4000;0.2500;0.0500;0.2000;0.2500;0.0654;0.0839;0.6644;4;5;0.0810;0.1329;0.6973;Qwen3-4B
ID_0138378882454566;0.3793;0.3971;0.2000;0.3000;0.2000;0.0833;0.2500;0.3333;0.1468;0.5390;0.6325;4;5;0.1725;0.5455;0.6481;Qwen3-4B
ID_0247863649039393;0.0000;0.0000;0.0000;0.0000;0.0000;0.0000;0.0000;0.0000;0.0000;0.0157;0.7096;0;0;0.0000;0.0551;0.7830;Qwen3-4B
ID_1511271976880714;0.0105;0.0504;0.0000;0.0000;0.0500;0.0000;0.0000;0.0278;0.0000;0.0583;0.7044;1;2;0.0015;0.2167;0.7299;Qwen3-4B
ID_2170299963939072;0.0000;0.0708;0.0000;0.0000;0.1000;0.0000;0.0000;0.1000;0.0000;0.0112;0.7096;0;2;0.0090;0.1341;0.7383;Qwen3-4B
ID_3496070172209437;0.0000;0.0385;0.0000;0.0000;0.0500;0.0000;0.0000;0.0323;0.0000;0.0000;0.7071;0;2;0.0018;0.0558;0.7526;Qwen3-4B
ID_4038930548278283;0.0000;0.0848;0.0000;0.0000;0.1500;0.0000;0.0000;0.0750;0.0000;0.0633;0.6955;0;3;0.0085;0.2848;0.7126;Qwen3-4B
ID_4844986337654168;0.0758;0.1141;0.0000;0.1000;0.1500;0.0000;0.0286;0.0857;0.0029;0.1429;0.7222;2;4;0.0102;0.1806;0.7051;Qwen3-4B
ID_7024780289532391;0.0000;0.0362;0.0000;0.0000;0.0500;0.0000;0.0000;0.0476;0.0000;0.0000;0.6970;0;1;0.0026;0.0344;0.7279;Qwen3-4B
ID_7109489698613515;0.0112;0.0759;0.0000;0.0000;0.1000;0.0000;0.0000;0.0588;0.0000;0.0024;0.7096;1;3;0.0050;0.1486;0.7497;Qwen3-4B
ID_7151870174700608;0.5516;0.4548;0.6000;0.4000;0.2500;0.1500;0.2000;0.2500;0.1550;0.1451;0.7505;5;7;0.1675;0.2596;0.7160;Qwen3-4B
ID_7864739127485412;0.0000;0.0000;0.0000;0.0000;0.0000;0.0000;0.0000;0.0000;0.0000;0.0200;0.6988;0;0;0.0000;0.1700;0.7112;Qwen3-4B
ID_7998391975397420;0.0000;0.0000;0.0000;0.0000;0.0000;0.0000;0.0000;0.0000;0.0000;0.0000;0.7024;0;0;0.0000;0.0125;0.7339;Qwen3-4B
ID_8415872554112911;0.0000;0.0469;0.0000;0.0000;0.1000;0.0000;0.0000;0.0417;0.0000;0.0000;0.7095;0;2;0.0033;0.2237;0.7280;Qwen3-4B
ID_9978219072711522;0.5055;0.4725;0.8000;0.4000;0.3500;0.1333;0.1333;0.2333;0.1267;0.1703;0.7825;4;9;0.1726;0.2478;0.7836;Qwen3-4B
ID_4010781324120944;0.4468;0.3654;0.4000;0.3000;0.2500;0.0769;0.1154;0.1923;0.0962;0.0322;0.6621;4;6;0.1184;0.0757;0.6963;Qwen3-4B
ID_1029892667445223;0.0895;0.1347;0.2000;0.2000;0.1500;0.0333;0.0667;0.1000;0.0185;0.5895;0.7165;2;4;0.0276;0.6178;0.6928;Qwen3-4B
ID_1906784092048967;0.0943;0.1037;0.2000;0.1000;0.1000;0.0435;0.0435;0.0870;0.0435;0.0202;0.7315;1;2;0.0481;0.0382;0.8113;Qwen3-4B
ID_1468516584214940;0.0000;0.0649;0.0000;0.0000;0.0500;0.0000;0.0000;0.1111;0.0000;0.0200;0.7110;0;1;0.0056;0.1220;0.7127;Qwen3-4B
ID_0890857354198687;0.2564;0.3373;0.4000;0.4000;0.4000;0.0645;0.1290;0.2581;0.0582;0.2222;0.5885;4;8;0.1103;0.2698;0.6020;Qwen3-4B
ID_4928616387172275;0.2583;0.2146;0.4000;0.3000;0.2500;0.0571;0.0857;0.1429;0.0329;0.1509;0.6625;3;5;0.0482;0.2453;0.5418;Qwen3-4B
ID_1008924786363328;0.0772;0.1597;0.0000;0.1000;0.2000;0.0000;0.0244;0.0976;0.0024;0.0485;0.7667;2;5;0.0178;0.4515;0.7150;Qwen3-4B
ID_1049734269570870;0.1090;0.2001;0.0000;0.2000;0.2500;0.0000;0.1111;0.2778;0.0173;0.6015;0.8127;2;6;0.0708;0.7895;0.6926;Qwen3-4B
ID_1055919327809289;0.1433;0.2128;0.2000;0.3000;0.3000;0.0455;0.1364;0.2727;0.0394;0.6020;0.7711;3;7;0.0777;0.7602;0.7403;Qwen3-4B
ID_1065092574463217;0.1331;0.2473;0.0000;0.2000;0.4000;0.0000;0.0800;0.3200;0.0130;0.4459;0.7330;2;10;0.1019;0.4730;0.6562;Qwen3-4B
ID_2011798051420211;0.0000;0.0000;0.0000;0.0000;0.0000;0.0000;0.0000;0.0000;0.0000;0.0000;0.5942;0;0;0.0000;0.0000;0.5427;Qwen3-4B
ID_4842733764531027;0.0000;0.1222;0.0000;0.0000;0.2000;0.0000;0.0000;0.1667;0.0000;0.0303;0.7587;0;6;0.0240;0.2121;0.7670;Qwen3-4B
ID_5379986303796142;0.0000;0.0000;0.0000;0.0000;0.0000;0.0000;0.0000;0.0000;0.0000;0.0000;0.6282;0;0;0.0000;0.0000;0.6196;Qwen3-4B
ID_5527372479338852;0.0200;0.1189;0.0000;0.0000;0.1500;0.0000;0.0000;0.1250;0.0000;0.0502;0.7667;2;7;0.0165;0.0921;0.6749;Qwen3-4B
ID_5554472337681978;0.0000;0.0000;0.0000;0.0000;0.0000;0.0000;0.0000;0.0000;0.0000;0.0000;0.7079;0;0;0.0000;0.0000;0.6422;Qwen3-4B
ID_6055327284413923;0.0663;0.1244;0.0000;0.1000;0.2500;0.0000;0.0286;0.1429;0.0032;0.3292;0.6894;1;5;0.0296;0.8571;0.7125;Qwen3-4B
ID_7605544176812022;0.0000;0.0000;0.0000;0.0000;0.0000;0.0000;0.0000;0.0000;0.0000;0.0000;0.6430;0;0;0.0000;0.0000;0.6153;Qwen3-4B
ID_7606805059403041;0.0314;0.2141;0.0000;0.1000;0.3500;0.0000;0.0233;0.1628;0.0033;0.1466;0.7791;1;7;0.0446;0.4612;0.7632;Qwen3-4B
ID_8391627429679768;0.1331;0.1566;0.0000;0.2000;0.2000;0.0000;0.0571;0.1143;0.0093;0.4310;0.7778;2;4;0.0222;0.5828;0.7106;Qwen3-4B
ID_8948444880792780;0.0000;0.0000;0.0000;0.0000;0.0000;0.0000;0.0000;0.0000;0.0000;0.0000;0.7921;0;0;0.0000;0.0000;0.7578;Qwen3-4B
ID_3979449149442968;0.3391;0.2851;0.4000;0.3000;0.1500;0.1333;0.2000;0.2000;0.1333;0.1899;0.7555;3;3;0.1333;0.2722;0.6989;Qwen3-4B
ID_6046165866539973;0.0000;0.0621;0.0000;0.0000;0.1000;0.0000;0.0000;0.1250;0.0000;0.0207;0.7722;0;2;0.0101;0.2435;0.7499;Qwen3-4B
ID_9450460842293932;0.0946;0.1347;0.2000;0.1000;0.1500;0.0312;0.0312;0.0938;0.0156;0.3333;0.7088;4;6;0.0271;0.5107;0.7008;Qwen3-4B
ID_0422319714962244;0.2685;0.2744;0.4000;0.3000;0.3000;0.0625;0.0938;0.1875;0.0354;0.3177;0.6180;3;6;0.0618;0.4803;0.6827;Qwen3-4B
ID_3718352314610417;0.1799;0.2737;0.4000;0.2000;0.3500;0.0488;0.0488;0.1707;0.0159;0.1602;0.8302;2;7;0.0538;0.4027;0.7850;Qwen3-4B
ID_4357242053529029;0.1747;0.1913;0.2000;0.2000;0.2000;0.0435;0.0870;0.1739;0.0217;0.4740;0.6921;3;7;0.0398;0.5657;0.7047;Qwen3-4B
ID_8647270006257055;0.5578;0.5181;0.6000;0.6000;0.5500;0.1111;0.2222;0.4074;0.1435;0.1264;0.6401;6;11;0.2555;0.2419;0.6714;Qwen3-4B
ID_7420544439193388;0.0663;0.2067;0.0000;0.1000;0.2500;0.0000;0.0345;0.1724;0.0038;0.1368;0.6530;1;6;0.0389;0.2906;0.6966;Qwen3-4B
ID_7119886675051877;0.0162;0.0225;0.0000;0.0000;0.0000;0.0000;0.0000;0.0000;0.0000;0.0747;0.6284;1;2;0.0000;0.1121;0.5823;Qwen3-4B
ID_6996216192141104;0.0000;0.0347;0.0000;0.0000;0.1000;0.0000;0.0000;0.0909;0.0000;0.1610;0.7239;0;2;0.0083;0.4452;0.7108;Qwen3-4B
ID_6327043382765149;0.0566;0.0462;0.0000;0.0000;0.0000;0.0000;0.0000;0.0000;0.0000;0.0882;0.6317;1;1;0.0000;0.1092;0.6949;Qwen3-4B
ID_3516498227896709;0.3301;0.3148;0.4000;0.2000;0.3000;0.0625;0.0625;0.1875;0.0521;0.0722;0.7610;2;6;0.0875;0.1722;0.7713;Qwen3-4B
ID_0223997495223283;0.4537;0.4008;0.6000;0.3000;0.3000;0.0789;0.0789;0.1579;0.0724;0.4029;0.6935;3;6;0.0990;0.4467;0.7136;Qwen3-4B
ID_0291695624884565;0.6323;0.5556;0.8000;0.6000;0.5000;0.0816;0.1224;0.2041;0.1017;0.1844;0.6935;6;10;0.1525;0.2336;0.6929;Qwen3-4B
ID_6198328194771800;0.1326;0.1689;0.0000;0.1000;0.1500;0.0000;0.0476;0.1429;0.0053;0.6429;0.6482;3;5;0.0174;0.7738;0.6898;Qwen3-4B
ID_1612969183171944;0.2592;0.2639;0.2000;0.1000;0.1000;0.0588;0.0588;0.1176;0.0588;0.0717;0.6522;2;3;0.0667;0.1057;0.6944;Qwen3-4B
ID_1132672107627968;0.7273;0.5266;1.0000;0.6000;0.4000;0.1613;0.1935;0.2581;0.1935;0.4370;0.6804;6;9;0.2294;0.4622;0.7155;Qwen3-4B
ID_2887736963561252;0.1741;0.1124;0.2000;0.4000;0.2000;0.0303;0.1212;0.1212;0.0437;0.5126;0.6737;4;4;0.0437;0.5798;0.6460;Qwen3-4B
ID_8590492866942091;0.0000;0.0000;0.0000;0.0000;0.0000;0.0000;0.0000;0.0000;0.0000;0.0711;0.6793;0;0;0.0000;0.0711;0.6793;Qwen3-4B
ID_4936589226816960;0.0000;0.0585;0.0000;0.0000;0.0500;0.0000;0.0000;0.1250;0.0000;0.0702;0.6533;0;1;0.0066;0.5197;0.6916;Qwen3-4B
ID_0433763336350310;0.0000;0.0057;0.0000;0.0000;0.0000;0.0000;0.0000;0.0000;0.0000;0.0029;0.6587;0;1;0.0000;0.0057;0.6993;Qwen3-4B
ID_2325513222088331;0.0000;0.0056;0.0000;0.0000;0.0000;0.0000;0.0000;0.0000;0.0000;0.0050;0.7838;0;1;0.0000;0.1074;0.7692;Qwen3-4B
ID_5571899755175457;0.0000;0.0000;0.0000;0.0000;0.0000;0.0000;0.0000;0.0000;0.0000;0.0086;0.7126;0;0;0.0000;0.3707;0.7399;Qwen3-4B
ID_6870958743124961;0.1370;0.1441;0.0000;0.2000;0.2000;0.0000;0.0513;0.1026;0.0088;0.1670;0.7645;2;5;0.0194;0.2120;0.7816;Qwen3-4B
ID_4719266902582313;0.4045;0.4421;0.4000;0.3000;0.3000;0.1053;0.1579;0.3158;0.0965;0.2876;0.6645;5;9;0.1409;0.3391;0.6607;Qwen3-4B
ID_3256932358053453;0.5579;0.4944;0.8000;0.5000;0.2500;0.3333;0.4167;0.4167;0.3854;0.4659;0.6510;7;8;0.3854;0.4830;0.6458;Qwen3-4B
ID_8488895049659124;0.5957;0.4657;0.6000;0.6000;0.3000;0.1500;0.3000;0.3000;0.2328;0.3841;0.6296;6;6;0.2328;0.3963;0.7099;Qwen3-4B
ID_7967486980814458;0.4298;0.3119;0.4000;0.5000;0.3500;0.0417;0.1042;0.1458;0.0567;0.5638;0.7491;6;9;0.0737;0.5906;0.7437;Qwen3-4B
ID_1422895308009825;0.3164;0.2754;0.4000;0.4000;0.3000;0.0465;0.0930;0.1395;0.0519;0.1585;0.7443;4;6;0.0690;0.2923;0.7863;Qwen3-4B
ID_5349557509612483;0.5134;0.4120;0.4000;0.5000;0.2500;0.0714;0.1786;0.1786;0.1105;0.0533;0.6930;5;6;0.1105;0.0583;0.6977;Qwen3-4B
ID_2935371042756080;0.2201;0.1627;0.2000;0.1000;0.1000;0.0250;0.0250;0.0500;0.0250;0.2082;0.6827;1;3;0.0283;0.4130;0.6987;Qwen3-4B
ID_9973065319516772;0.0198;0.1474;0.0000;0.0000;0.2000;0.0000;0.0000;0.1333;0.0000;0.1154;0.6296;1;5;0.0182;0.5846;0.6975;Qwen3-4B
ID_1694260923221276;0.1979;0.1277;0.2000;0.3000;0.1500;0.0303;0.0909;0.0909;0.0276;0.1908;0.5853;3;3;0.0276;0.2369;0.6022;Qwen3-4B
ID_5366157471959981;0.1780;0.1217;0.6000;0.3000;0.1500;0.0938;0.0938;0.0938;0.0708;0.3738;0.6164;3;3;0.0708;0.4238;0.6166;Qwen3-4B
ID_8886217002903392;0.3778;0.2767;0.4000;0.4000;0.2500;0.0645;0.1290;0.1613;0.0950;0.3439;0.6357;4;5;0.1035;0.3592;0.5863;Qwen3-4B
ID_9273702863744424;0.0663;0.1624;0.0000;0.1000;0.2500;0.0000;0.0263;0.1316;0.0029;0.0687;0.7491;1;5;0.0261;0.1740;0.7432;Qwen3-4B
ID_0345959348124698;0.0000;0.0000;0.0000;0.0000;0.0000;0.0000;0.0000;0.0000;0.0000;0.0217;0.7233;0;0;0.0000;0.3275;0.7247;Qwen3-4B
ID_7363908432737523;0.0000;0.1465;0.0000;0.0000;0.1500;0.0000;0.0000;0.2308;0.0000;0.3006;0.6865;0;3;0.0313;0.4624;0.6769;Qwen3-4B
ID_4408599021040004;0.3846;0.3201;0.6000;0.4000;0.2500;0.1200;0.1600;0.2000;0.0995;0.3270;0.6437;5;6;0.1120;0.4877;0.6534;Qwen3-4B
ID_0639583185408398;0.7480;0.5502;1.0000;0.8000;0.5000;0.1515;0.2424;0.3030;0.2353;0.5352;0.6426;9;11;0.2681;0.5859;0.6812;Qwen3-4B
ID_5420932551635217;0.5075;0.4620;0.8000;0.5000;0.4500;0.1212;0.1515;0.2727;0.1402;0.4771;0.5104;5;10;0.2020;0.5229;0.5478;Qwen3-4B
ID_5547874183666459;0.1635;0.2874;0.2000;0.2000;0.3500;0.0455;0.0909;0.3182;0.0242;0.0401;0.7313;2;8;0.0898;0.1670;0.7126;Qwen3-4B
ID_2014918752636286;0.2745;0.2875;0.2000;0.3000;0.3000;0.0417;0.1250;0.2500;0.0451;0.1944;0.7737;3;6;0.0902;0.3095;0.7565;Qwen3-4B
ID_4568109140874315;0.2583;0.3477;0.2000;0.4000;0.4500;0.0213;0.0851;0.1915;0.0280;0.2548;0.5340;4;9;0.0789;0.3276;0.4999;Qwen3-4B
ID_8298199857246323;0.3541;0.3426;0.6000;0.4000;0.3500;0.1500;0.2000;0.3500;0.1467;0.1973;0.6918;5;8;0.2090;0.2517;0.6925;Qwen3-4B
ID_0970789513843822;0.5583;0.3763;0.4000;0.5000;0.3000;0.0556;0.1389;0.1667;0.0922;0.5966;0.5660;5;6;0.1050;0.6160;0.6404;Qwen3-4B
ID_3059638279617376;0.1384;0.2720;0.2000;0.1000;0.3000;0.0526;0.0526;0.3158;0.0132;0.5825;0.6530;2;8;0.0785;0.6602;0.6497;Qwen3-4B
ID_5317385915649516;0.4785;0.3757;0.6000;0.3000;0.2500;0.0577;0.0577;0.0962;0.0577;0.1808;0.7813;4;6;0.0673;0.3546;0.7483;Qwen3-4B
ID_6410871756552953;0.0496;0.1336;0.0000;0.1000;0.1500;0.0000;0.0625;0.1875;0.0089;0.1835;0.7213;1;7;0.0266;0.5581;0.6928;Qwen3-4B
ID_7943088143954973;0.2538;0.2283;0.2000;0.2000;0.1000;0.0833;0.1667;0.1667;0.1071;0.3278;0.6326;3;4;0.1071;0.3527;0.6854;Qwen3-4B
ID_9032973705204320;0.0948;0.1704;0.2000;0.1000;0.2500;0.0435;0.0435;0.2174;0.0109;0.1048;0.7621;1;5;0.0566;0.3065;0.7357;Qwen3-4B
ID_5588269274851789;0.2201;0.1571;0.2000;0.1000;0.0500;0.0370;0.0370;0.0370;0.0370;0.0201;0.6997;1;1;0.0370;0.0261;0.7607;Qwen3-4B
ID_9217526978424330;0.0116;0.1069;0.0000;0.0000;0.1000;0.0000;0.0000;0.1176;0.0000;0.1306;0.5064;1;3;0.0115;0.1847;0.6512;Qwen3-4B
ID_3794477872946546;0.3469;0.2594;0.4000;0.4000;0.2500;0.0769;0.1538;0.1923;0.0667;0.3694;0.5986;4;5;0.0795;0.4310;0.5168;Qwen3-4B
ID_2768799008412205;0.0000;0.0678;0.0000;0.0000;0.1000;0.0000;0.0000;0.0606;0.0000;0.1818;0.6642;0;2;0.0051;0.2597;0.6523;Qwen3-4B
ID_8219997657167540;0.0694;0.1159;0.0000;0.1000;0.1500;0.0000;0.0286;0.0857;0.0036;0.4096;0.7098;1;3;0.0130;0.6755;0.7127;Qwen3-4B
ID_7836545332605210;0.4630;0.5272;0.6000;0.4000;0.4500;0.1250;0.1667;0.3750;0.1488;0.6457;0.4759;4;10;0.2462;0.7028;0.3918;Qwen3-4B
ID_8835491732653277;0.0000;0.0000;0.0000;0.0000;0.0000;0.0000;0.0000;0.0000;0.0000;0.0390;0.7623;0;0;0.0000;0.0601;0.7514;Qwen3-4B
ID_6207084434110255;0.0000;0.1198;0.0000;0.0000;0.1500;0.0000;0.0000;0.1200;0.0000;0.0046;0.7453;0;3;0.0139;0.0826;0.7243;Qwen3-4B
ID_8209219651894646;0.0000;0.0000;0.0000;0.0000;0.0000;0.0000;0.0000;0.0000;0.0000;0.3429;0.6611;0;0;0.0000;0.4952;0.6884;Qwen3-4B
ID_3641356939660511;0.0000;0.2163;0.0000;0.0000;0.3000;0.0000;0.0000;0.2400;0.0000;0.1126;0.6467;0;6;0.0488;0.5795;0.6458;Qwen3-4B
ID_3355141192938134;0.4288;0.4127;0.8000;0.4000;0.3000;0.1905;0.1905;0.2857;0.1294;0.7031;0.6778;4;6;0.1635;0.8750;0.7292;Qwen3-4B
ID_9264997837722900;0.5171;0.4142;0.6000;0.5000;0.3500;0.0698;0.1163;0.1628;0.0940;0.8806;0.6333;5;8;0.1181;0.8951;0.6481;Qwen3-4B
ID_5618495903090773;0.2544;0.2378;0.6000;0.4000;0.3000;0.0732;0.0976;0.1463;0.0447;0.4217;0.6477;4;6;0.0645;0.4783;0.6445;Qwen3-4B
ID_0916805360400109;0.1937;0.2101;0.4000;0.2000;0.2000;0.1250;0.1250;0.2500;0.0938;0.2538;0.7178;2;4;0.1247;0.3554;0.7271;Qwen3-4B
ID_9497366266156796;0.3029;0.2177;0.2000;0.2000;0.1500;0.0370;0.0741;0.1111;0.0476;0.0847;0.6567;3;5;0.0577;0.0911;0.7309;Qwen3-4B
ID_6999749984515755;0.1623;0.2813;0.4000;0.3000;0.3500;0.0455;0.0682;0.1591;0.0280;0.2897;0.7813;3;7;0.0622;0.3832;0.7375;Qwen3-4B
ID_2554509868510718;0.0636;0.2100;0.0000;0.1000;0.3000;0.0000;0.0233;0.1395;0.0023;0.0809;0.7141;1;6;0.0281;0.3322;0.7087;Qwen3-4B
ID_2377601975207604;0.2844;0.2305;0.2000;0.4000;0.2500;0.0385;0.1538;0.1923;0.0455;0.5761;0.6725;4;5;0.0615;0.6087;0.6990;Qwen3-4B
ID_7331062615542814;0.5077;0.4228;0.6000;0.4000;0.2500;0.1111;0.1481;0.1852;0.1111;0.3734;0.7193;4;5;0.1254;0.4129;0.6761;Qwen3-4B
ID_0384816069731675;0.3768;0.3403;0.6000;0.4000;0.4000;0.0938;0.1250;0.2500;0.1146;0.2885;0.6261;4;8;0.1640;0.3029;0.6820;Qwen3-4B
ID_7860759306517929;0.4927;0.4182;0.6000;0.5000;0.4000;0.0769;0.1282;0.2051;0.0809;0.3986;0.6394;6;9;0.1245;0.4707;0.5991;Qwen3-4B
ID_5268607684223281;0.2300;0.2438;0.2000;0.3000;0.3000;0.0278;0.0833;0.1667;0.0440;0.2523;0.7007;3;6;0.0715;0.4374;0.6854;Qwen3-4B
ID_9523087479617594;0.1798;0.2547;0.2000;0.1000;0.1000;0.1111;0.1111;0.2222;0.0556;0.2785;0.1398;1;2;0.0726;0.2785;0.1099;Qwen3-4B
ID_4568229398778798;0.5965;0.4392;0.4000;0.6000;0.4000;0.0588;0.1765;0.2353;0.1046;0.4195;0.4274;7;9;0.1414;0.4488;0.4176;Qwen3-4B
ID_2370717228259133;0.0694;0.1318;0.0000;0.1000;0.1500;0.0000;0.0455;0.1364;0.0057;0.0356;0.7389;1;3;0.0193;0.1178;0.6960;Qwen3-4B
ID_5500701970351238;0.0000;0.1872;0.0000;0.0000;0.2000;0.0000;0.0000;0.3333;0.0000;0.0942;0.7198;0;4;0.0567;0.3717;0.7245;Qwen3-4B
ID_0293321489114247;0.0586;0.0746;0.0000;0.1000;0.1000;0.0000;0.0588;0.1176;0.0059;0.4361;0.6382;2;3;0.0157;0.5414;0.6297;Qwen3-4B
ID_4996734160632011;0.3666;0.3607;0.6000;0.3000;0.3000;0.1304;0.1304;0.2609;0.0986;0.2593;0.7170;3;6;0.1359;0.5305;0.7345;Qwen3-4B
ID_4394162331037750;0.1745;0.1708;0.2000;0.2000;0.1500;0.0526;0.1053;0.1579;0.0282;0.6615;0.6510;2;4;0.0425;0.8846;0.6709;Qwen3-4B
ID_3658669547742426;0.0851;0.2485;0.2000;0.1000;0.4000;0.0256;0.0256;0.2051;0.0051;0.0626;0.7556;1;8;0.0626;0.2689;0.7284;Qwen3-4B
ID_9002682113889454;0.3318;0.4298;0.6000;0.3000;0.5000;0.0811;0.0811;0.2703;0.0703;0.2479;0.6725;4;11;0.1620;0.3636;0.6487;Qwen3-4B
ID_1324552190537148;0.0000;0.0083;0.0000;0.0000;0.0000;0.0000;0.0000;0.0000;0.0000;0.0075;0.7374;0;1;0.0000;0.0112;0.7196;Qwen3-4B
ID_6188875235262429;0.0000;0.0639;0.0000;0.0000;0.0500;0.0000;0.0000;0.0667;0.0000;0.0759;0.6876;0;1;0.0061;0.4743;0.7112;Qwen3-4B
ID_2745679186354681;0.1722;0.1654;0.2000;0.3000;0.2500;0.0217;0.0652;0.1087;0.0170;0.2086;0.4721;3;5;0.0333;0.2144;0.4119;Qwen3-4B
ID_0762445046640965;0.3280;0.2117;0.6000;0.4000;0.2000;0.0732;0.0976;0.0976;0.0565;0.2631;0.7551;4;4;0.0565;0.3634;0.7354;Qwen3-4B
ID_5873636553295704;0.0734;0.0673;0.0000;0.1000;0.1000;0.0000;0.0370;0.0741;0.0053;0.0881;0.7276;1;2;0.0099;0.1489;0.7376;Qwen3-4B
ID_6465314260773099;0.1070;0.1496;0.0000;0.2000;0.2000;0.0000;0.0645;0.1290;0.0146;0.0693;0.7651;2;4;0.0283;0.2252;0.7995;Qwen3-4B
ID_8892860312621183;0.4409;0.2846;0.4000;0.4000;0.2000;0.0588;0.1176;0.1176;0.0653;0.1892;0.5495;4;4;0.0653;0.2072;0.5234;Qwen3-4B
ID_4626372929936792;0.1279;0.1283;0.4000;0.2000;0.1000;0.2000;0.2000;0.2000;0.0900;0.3000;0.6809;2;3;0.0900;0.3000;0.7383;Qwen3-4B
ID_9325751411452030;0.4531;0.4628;0.8000;0.5000;0.5000;0.0851;0.1064;0.2128;0.0755;0.3650;0.7053;5;10;0.1247;0.4908;0.7142;Qwen3-4B
ID_4470985193764980;0.5094;0.4597;0.6000;0.5000;0.4500;0.0667;0.1111;0.2000;0.0849;0.6255;0.5589;5;9;0.1312;0.6936;0.5481;Qwen3-4B
ID_6377288674588197;0.0960;0.1108;0.4000;0.2000;0.2500;0.0345;0.0345;0.0862;0.0155;0.0385;0.6680;2;5;0.0299;0.1058;0.6886;Qwen3-4B
ID_7615891473051775;0.2579;0.3068;0.4000;0.3000;0.3500;0.0513;0.0769;0.1795;0.0487;0.1393;0.6239;3;7;0.0837;0.2338;0.6814;Qwen3-4B
ID_8238856071147246;0.1184;0.1184;0.2000;0.1000;0.0500;0.1429;0.1429;0.1429;0.0357;0.0946;0.6671;1;1;0.0357;0.1351;0.7123;Qwen3-4B
ID_9404945858555096;0.1501;0.1881;0.0000;0.2000;0.2000;0.0000;0.1538;0.3077;0.0299;0.3487;0.6700;2;5;0.0765;0.4664;0.6989;Qwen3-4B
ID_1670622312616696;0.1411;0.1344;0.2000;0.2000;0.1500;0.0526;0.1053;0.1579;0.0281;0.0957;0.7431;3;4;0.0386;0.1826;0.6867;Qwen3-4B
ID_4581537476491370;0.0298;0.0565;0.0000;0.1000;0.1000;0.0000;0.0417;0.0833;0.0052;0.1023;0.7323;1;2;0.0116;0.2067;0.7151;Qwen3-4B
ID_8231471391500358;0.4494;0.3255;0.4000;0.7000;0.4000;0.0444;0.1556;0.1778;0.0825;0.2432;0.6858;7;8;0.0944;0.2591;0.7235;Qwen3-4B
ID_8582867831317500;0.2212;0.1783;0.0000;0.3000;0.2000;0.0000;0.0732;0.0976;0.0202;0.1110;0.7138;3;4;0.0267;0.1975;0.7177;Qwen3-4B
ID_2762761928704612;0.3094;0.2824;0.2000;0.4000;0.3500;0.0192;0.0769;0.1346;0.0253;0.1759;0.7115;4;7;0.0460;0.3735;0.6633;Qwen3-4B
ID_3794241680729178;0.0793;0.0579;0.0000;0.1000;0.0500;0.0000;0.0400;0.0400;0.0040;0.0829;0.7993;2;2;0.0040;0.1106;0.7993;Qwen3-4B
ID_5472512244993546;0.0883;0.1946;0.4000;0.2000;0.2500;0.0588;0.0588;0.1471;0.0191;0.0645;0.7664;3;6;0.0397;0.0927;0.7619;Qwen3-4B
ID_1325247019367288;0.0000;0.0000;0.0000;0.0000;0.0000;0.0000;0.0000;0.0000;0.0000;0.0000;0.7162;0;0;0.0000;0.0000;0.6905;Qwen3-4B
ID_0447165000513961;0.2412;0.2603;0.4000;0.4000;0.3500;0.0690;0.1379;0.2414;0.0554;0.4800;0.7278;5;9;0.0940;0.5280;0.7055;Qwen3-4B
ID_5168806776816009;0.1793;0.1645;0.2000;0.2000;0.2000;0.0233;0.0465;0.0930;0.0124;0.1367;0.6959;3;5;0.0217;0.2654;0.6684;Qwen3-4B
ID_1930698807457777;0.3312;0.3824;0.4000;0.3000;0.2500;0.1667;0.2500;0.4167;0.1052;0.1923;0.6535;7;10;0.1590;0.2692;0.6747;Qwen3-4B
ID_9479420856670926;0.3443;0.3172;0.2000;0.2000;0.1000;0.1111;0.2222;0.2222;0.0926;0.1701;0.6715;3;4;0.0926;0.2287;0.6966;Qwen3-4B
ID_3386857761295187;0.3035;0.2515;0.4000;0.5000;0.2500;0.1111;0.2778;0.2778;0.1232;0.4604;0.6731;5;5;0.1232;0.5312;0.6705;Qwen3-4B
ID_5582765254731004;0.1345;0.1252;0.0000;0.3000;0.2000;0.0000;0.0667;0.0889;0.0184;0.3947;0.7381;3;4;0.0258;0.3947;0.6955;Qwen3-4B
ID_9529870514669368;0.1561;0.1703;0.2000;0.2000;0.2000;0.0556;0.1111;0.2222;0.0324;0.4615;0.7226;3;5;0.0587;0.4923;0.6915;Qwen3-4B
ID_3319303431365448;0.2201;0.1420;0.2000;0.1000;0.0500;0.0270;0.0270;0.0270;0.0270;0.2857;0.3103;1;1;0.0270;0.2857;0.3103;Qwen3-4B
ID_7552747227876113;0.1441;0.1877;0.2000;0.1000;0.1500;0.0400;0.0400;0.1200;0.0200;0.2835;0.6919;1;3;0.0365;0.5484;0.6632;Qwen3-4B
ID_9430398566741698;0.3836;0.3574;0.4000;0.5000;0.4500;0.0667;0.1667;0.3000;0.0907;0.3996;0.7034;5;9;0.1641;0.4348;0.6627;Qwen3-4B
ID_6682919653508224;0.4983;0.3563;0.8000;0.5000;0.3000;0.1667;0.2083;0.2500;0.1392;0.7448;0.5238;5;6;0.1549;0.7655;0.5969;Qwen3-4B
ID_8886634592087842;0.4692;0.3412;0.4000;0.4000;0.2500;0.0769;0.1538;0.1923;0.1067;0.3952;0.6623;5;6;0.1228;0.4207;0.6945;Qwen3-4B
ID_2364470149264554;0.1620;0.2268;0.2000;0.3000;0.2500;0.0357;0.1071;0.1786;0.0327;0.4937;0.6907;4;6;0.0529;0.5685;0.6722;Qwen3-4B
ID_4762940910820774;0.2201;0.1655;0.2000;0.1000;0.1000;0.0333;0.0333;0.0667;0.0333;0.2423;0.7716;1;2;0.0368;0.3660;0.7636;Qwen3-4B
ID_1050709055776428;0.1507;0.1997;0.4000;0.2000;0.2500;0.0625;0.0625;0.1562;0.0260;0.1603;0.6084;2;5;0.0476;0.3749;0.6407;Qwen3-4B
ID_6472062816736936;0.7412;0.5156;0.6000;0.7000;0.4000;0.0612;0.1429;0.1633;0.1155;0.8443;0.6297;7;8;0.1280;0.8443;0.6362;Qwen3-4B
ID_6418711808050575;0.3916;0.3302;0.4000;0.4000;0.2000;0.0833;0.1667;0.1667;0.0889;0.2158;0.6519;7;9;0.0889;0.3525;0.6765;Qwen3-4B
ID_7541486051032916;0.2310;0.2376;0.4000;0.2000;0.2000;0.0741;0.0741;0.1481;0.0432;0.7030;0.6306;4;6;0.0599;0.7587;0.6381;Qwen3-4B
ID_4602221579308599;0.0948;0.0959;0.2000;0.1000;0.1000;0.0345;0.0345;0.0690;0.0086;0.0276;0.7024;1;2;0.0129;0.0387;0.7339;Qwen3-4B
ID_5936682335701497;0.2863;0.2656;0.2000;0.2000;0.1500;0.0526;0.1053;0.1579;0.0643;0.1364;0.7565;2;3;0.0756;0.2500;0.7602;Qwen3-4B
ID_7279612728721005;0.0000;0.0000;0.0000;0.0000;0.0000;0.0000;0.0000;0.0000;0.0000;0.0531;0.4164;0;0;0.0000;0.1062;0.5164;Qwen3-4B
ID_0204571709680830;0.2515;0.2294;0.2000;0.2000;0.2000;0.0303;0.0606;0.1212;0.0390;0.2423;0.6630;2;4;0.0507;0.2665;0.6983;Qwen3-4B
ID_8423282472108016;0.1100;0.1385;0.2000;0.1000;0.1500;0.0294;0.0294;0.0882;0.0098;0.0382;0.7780;1;3;0.0182;0.1392;0.7366;Qwen3-4B
ID_7698857382467031;0.4176;0.4568;0.4000;0.3000;0.2500;0.1538;0.2308;0.3846;0.1462;0.1511;0.6713;6;11;0.1859;0.1822;0.6993;Qwen3-4B
ID_8819255631696337;0.4526;0.4646;0.6000;0.4000;0.3500;0.1429;0.1905;0.3333;0.1556;0.2345;0.6727;5;8;0.2165;0.2828;0.7012;Qwen3-4B
ID_7999725101052805;0.5431;0.4452;0.6000;0.6000;0.3500;0.1200;0.2400;0.2800;0.1692;0.4690;0.5455;7;8;0.1857;0.4956;0.6727;Qwen3-4B
ID_7754712826522774;0.1019;0.2849;0.2000;0.1000;0.3000;0.0667;0.0667;0.4000;0.0667;0.0551;0.5421;1;6;0.1529;0.4355;0.6326;Qwen3-4B
ID_7316338454902623;0.1200;0.1467;0.2000;0.1000;0.1000;0.0625;0.0625;0.1250;0.0208;0.1130;0.6897;2;3;0.0304;0.1172;0.6290;Qwen3-4B
ID_2543067198319684;0.2135;0.2988;0.4000;0.3000;0.3500;0.0909;0.1364;0.3182;0.0523;0.3042;0.5740;3;7;0.1198;0.4414;0.6204;Qwen3-4B
ID_7532334620264577;0.2526;0.2810;0.2000;0.3000;0.3000;0.0357;0.1071;0.2143;0.0344;0.2371;0.7555;4;8;0.0707;0.3741;0.7449;Qwen3-4B
ID_2248201275641475;0.2382;0.3166;0.4000;0.4000;0.4000;0.0606;0.1212;0.2424;0.0522;0.1294;0.6815;4;8;0.1067;0.1569;0.6995;Qwen3-4B
ID_6601047915062407;0.0000;0.0000;0.0000;0.0000;0.0000;0.0000;0.0000;0.0000;0.0000;0.0000;0.6786;0;0;0.0000;0.0040;0.7217;Qwen3-4B
ID_6310868104861653;0.7752;0.5817;0.8000;0.7000;0.4000;0.1111;0.1944;0.2222;0.1745;0.2007;0.3005;7;8;0.1916;0.2082;0.2751;Qwen3-4B
ID_6555511233950866;0.0000;0.0000;0.0000;0.0000;0.0000;0.0000;0.0000;0.0000;0.0000;0.0574;0.7735;0;0;0.0000;0.0574;0.7425;Qwen3-4B
ID_1357061371579771;0.2118;0.1807;0.2000;0.3000;0.2000;0.0312;0.0938;0.1250;0.0298;0.0985;0.7484;3;4;0.0394;0.1370;0.6842;Qwen3-4B
ID_8800482045346370;0.6700;0.7206;0.8000;0.6000;0.6500;0.2222;0.3333;0.7222;0.2806;0.2727;0.7261;6;13;0.5398;0.2909;0.6727;Qwen3-4B
ID_2694197910478313;0.0000;0.0329;0.0000;0.0000;0.0500;0.0000;0.0000;0.0294;0.0000;0.0101;0.5370;0;1;0.0015;0.1672;0.6635;Qwen3-4B
ID_5428410587250830;0.5541;0.4364;0.8000;0.4000;0.3000;0.2000;0.2000;0.3000;0.1900;0.0970;0.6821;4;6;0.2259;0.1418;0.6782;Qwen3-4B
ID_5839835671483987;0.0414;0.1506;0.0000;0.1000;0.2500;0.0000;0.0500;0.2500;0.0071;0.0501;0.6413;2;6;0.0462;0.3573;0.6597;Qwen3-4B
ID_5911570002355863;0.0000;0.0329;0.0000;0.0000;0.0500;0.0000;0.0000;0.0233;0.0000;0.0052;0.6997;0;1;0.0012;0.2135;0.7319;Qwen3-4B
ID_6535298436643783;0.0235;0.0184;0.0000;0.0000;0.0000;0.0000;0.0000;0.0000;0.0000;0.0654;0.6678;1;1;0.0000;0.1308;0.7116;Qwen3-4B
ID_0228970585981305;0.0584;0.0950;0.2000;0.1000;0.1000;0.0500;0.0500;0.1000;0.0167;0.2120;0.7807;2;4;0.0222;0.4891;0.7253;Qwen3-4B
ID_6786625245467484;0.3719;0.3382;0.4000;0.4000;0.3000;0.0952;0.1905;0.2857;0.1082;0.4706;0.7942;5;7;0.1403;0.5110;0.7674;Qwen3-4B
ID_0577007377836185;0.0772;0.0853;0.0000;0.1000;0.1000;0.0000;0.0263;0.0526;0.0026;0.2766;0.6966;2;3;0.0061;0.3404;0.6580;Qwen3-4B
ID_0668341723493631;0.1841;0.2088;0.6000;0.5000;0.4000;0.0536;0.0893;0.1429;0.0457;0.5636;0.6303;5;8;0.0727;0.5818;0.6895;Qwen3-4B
ID_2280062846829854;0.4288;0.4803;0.8000;0.4000;0.5500;0.1379;0.1379;0.3793;0.0937;0.4789;0.5961;4;11;0.2106;0.5602;0.6022;Qwen3-4B
ID_0382135664206404;0.0000;0.1305;0.0000;0.0000;0.2500;0.0000;0.0000;0.1724;0.0000;0.0000;0.7676;0;5;0.0338;0.2970;0.7974;Qwen3-4B
ID_1635197498453054;0.0000;0.0378;0.0000;0.0000;0.0500;0.0000;0.0000;0.0312;0.0000;0.0000;0.7690;0;1;0.0017;0.0055;0.8129;Qwen3-4B
ID_2691497637313274;0.0000;0.0143;0.0000;0.0000;0.0500;0.0000;0.0000;0.0204;0.0000;0.0000;0.7685;0;1;0.0011;0.0124;0.8029;Qwen3-4B
ID_3192535148881095;0.0935;0.0931;0.0000;0.2000;0.1500;0.0000;0.0870;0.1304;0.0135;0.4877;0.8109;2;3;0.0200;0.5862;0.7936;Qwen3-4B
ID_6233411996499255;0.0336;0.0221;0.0000;0.1000;0.0500;0.0000;0.0238;0.0238;0.0040;0.6118;0.8464;1;1;0.0040;0.6147;0.7804;Qwen3-4B
ID_8921922898103482;0.0000;0.0000;0.0000;0.0000;0.0000;0.0000;0.0000;0.0000;0.0000;0.0076;0.7404;0;0;0.0000;0.0151;0.7400;Qwen3-4B
ID_8302650734477213;0.2032;0.2837;0.0000;0.3000;0.4000;0.0000;0.1154;0.3077;0.0256;0.6183;0.5612;3;8;0.0958;0.6718;0.5988;Qwen3-4B
ID_3306508070151070;0.1869;0.1926;0.2000;0.3000;0.2000;0.0400;0.1200;0.1600;0.0328;0.7216;0.7044;3;4;0.0451;0.8168;0.6887;Qwen3-4B
ID_8901320181295016;0.3149;0.2649;0.4000;0.2000;0.1500;0.0769;0.0769;0.1154;0.0577;0.4538;0.6285;2;3;0.0659;0.5029;0.5544;Qwen3-4B
ID_9787209999258590;0.1210;0.2522;0.2000;0.2000;0.3500;0.0526;0.1053;0.3684;0.0307;0.3612;0.6729;2;7;0.1140;0.6658;0.7192;Qwen3-4B
ID_6806598641626508;0.2859;0.3723;0.2000;0.4000;0.4500;0.0370;0.1481;0.3333;0.0632;0.4403;0.6984;5;11;0.1460;0.4744;0.6330;Qwen3-4B
ID_7690248628577122;0.4199;0.3434;0.6000;0.5000;0.3500;0.0909;0.1515;0.2121;0.0721;0.2974;0.7200;5;7;0.0997;0.3383;0.7123;Qwen3-4B
ID_4361220072322558;0.2439;0.2462;0.2000;0.3000;0.3000;0.0312;0.0938;0.1875;0.0506;0.2136;0.7291;4;8;0.0786;0.3593;0.7470;Qwen3-4B
ID_7106998317216646;0.2569;0.3110;0.2000;0.3000;0.3500;0.0435;0.1304;0.3043;0.0399;0.0968;0.7767;4;8;0.1054;0.1216;0.7179;Qwen3-4B
ID_4175509016219914;0.1254;0.1373;0.2000;0.2000;0.1500;0.0312;0.0625;0.0938;0.0167;0.2371;0.7135;3;5;0.0245;0.2587;0.7008;Qwen3-4B
ID_4210289862552350;0.1952;0.1662;0.4000;0.2000;0.1500;0.0667;0.0667;0.1000;0.0244;0.2062;0.6095;2;3;0.0303;0.2380;0.6187;Qwen3-4B
ID_6167112361623319;0.3031;0.2707;0.6000;0.6000;0.3500;0.0909;0.1818;0.2121;0.1189;0.4526;0.7066;6;7;0.1295;0.5368;0.6897;Qwen3-4B
ID_0863139085649116;0.0496;0.1588;0.0000;0.0000;0.1000;0.0000;0.0000;0.1818;0.0000;0.4884;0.6780;1;4;0.0168;0.6088;0.6714;Qwen3-4B
ID_0412902005436369;0.1884;0.2804;0.2000;0.2000;0.3000;0.0357;0.0714;0.2143;0.0238;0.3583;0.5923;2;6;0.0623;0.5000;0.6320;Qwen3-4B
ID_0564459901385144;0.0356;0.1294;0.0000;0.0000;0.2000;0.0000;0.0000;0.1481;0.0000;0.4689;0.6632;2;7;0.0213;0.6754;0.6456;Qwen3-4B
ID_3888832724995864;0.2461;0.2662;0.2000;0.3000;0.3500;0.0357;0.1071;0.2500;0.0629;0.4011;0.6185;3;7;0.1157;0.5903;0.6625;Qwen3-4B
ID_6408169127073219;0.0636;0.1653;0.0000;0.1000;0.2000;0.0000;0.0400;0.1600;0.0040;0.1872;0.6473;1;6;0.0253;0.4828;0.6720;Qwen3-4B
ID_2097340857065853;0.7066;0.5803;0.6000;0.7000;0.5500;0.1111;0.2593;0.4074;0.1913;0.5459;0.7142;7;12;0.2814;0.5784;0.7508;Qwen3-4B
ID_2559066882962466;0.2049;0.1987;0.2000;0.1000;0.0500;0.1429;0.1429;0.1429;0.0476;0.1667;0.6818;3;4;0.0476;0.1727;0.6685;Qwen3-4B
ID_3720190068644174;0.2608;0.2102;0.2000;0.3000;0.2500;0.0357;0.1071;0.1786;0.0391;0.5360;0.5414;5;7;0.0595;0.6450;0.6074;Qwen3-4B
ID_1870389730408675;0.4842;0.3454;0.6000;0.5000;0.3000;0.0909;0.1515;0.1818;0.1252;0.1524;0.6749;5;6;0.1347;0.1841;0.7187;Qwen3-4B
ID_2888737036015916;0.5294;0.4924;0.6000;0.4000;0.2500;0.1875;0.2500;0.3125;0.1667;0.3898;0.7577;5;6;0.1850;0.4576;0.7373;Qwen3-4B
ID_5633763429024541;0.0951;0.0754;0.0000;0.2000;0.1500;0.0000;0.0513;0.0769;0.0088;0.0342;0.6057;2;3;0.0128;0.0373;0.5871;Qwen3-4B
ID_8047078292358267;0.2515;0.2113;0.2000;0.2000;0.2500;0.0192;0.0385;0.0962;0.0247;0.1396;0.5557;2;5;0.0432;0.3221;0.6028;Qwen3-4B
ID_2934031372127516;0.0948;0.1024;0.2000;0.1000;0.1000;0.0385;0.0385;0.0769;0.0096;0.0289;0.7553;1;2;0.0139;0.0605;0.7939;Qwen3-4B
ID_0961955935523938;0.5104;0.3837;0.6000;0.4000;0.3000;0.0811;0.1081;0.1622;0.0823;0.3233;0.6133;4;6;0.1060;0.3750;0.6619;Qwen3-4B
ID_1747170505344631;0.8611;0.6678;0.8000;0.9000;0.6000;0.0690;0.1552;0.2069;0.1305;0.4162;0.5308;9;12;0.1743;0.4162;0.5759;Qwen3-4B
ID_4961539278604455;0.6149;0.4760;1.0000;0.8000;0.6000;0.1042;0.1667;0.2500;0.1617;0.4233;0.5932;8;12;0.2188;0.4800;0.6093;Qwen3-4B
ID_0162059400153020;0.0663;0.1519;0.0000;0.1000;0.2000;0.0000;0.0213;0.0851;0.0024;0.0981;0.7039;1;4;0.0159;0.4127;0.6799;Qwen3-4B
ID_3613722593784448;0.0198;0.0176;0.0000;0.0000;0.0000;0.0000;0.0000;0.0000;0.0000;0.0545;0.7191;1;1;0.0000;0.0585;0.7619;Qwen3-4B
ID_0094007714707651;0.4674;0.3364;0.4000;0.6000;0.3500;0.0526;0.1579;0.1842;0.0793;0.6535;0.6495;6;7;0.0908;0.7018;0.6918;Qwen3-4B
ID_6501120313475077;0.4985;0.5479;0.6000;0.5000;0.4500;0.1579;0.2632;0.4737;0.1456;0.4625;0.6908;6;10;0.2577;0.5500;0.6855;Qwen3-4B
ID_5373491670322208;0.1396;0.0901;0.0000;0.2000;0.1000;0.0000;0.0526;0.0526;0.0096;0.5341;0.7029;2;2;0.0096;0.5417;0.5709;Qwen3-4B
ID_4041211770858318;0.2714;0.2742;0.2000;0.4000;0.2500;0.0400;0.1600;0.2000;0.0585;0.5233;0.4935;4;7;0.0690;0.5285;0.5728;Qwen3-4B
ID_8696858608013659;0.3052;0.3725;0.4000;0.2000;0.3500;0.0645;0.0645;0.2258;0.0452;0.2120;0.5409;2;7;0.0979;0.2918;0.6386;Qwen3-4B
ID_2137955582623291;0.3527;0.2824;0.6000;0.4000;0.3000;0.0750;0.1000;0.1500;0.0692;0.5186;0.7504;4;6;0.0905;0.5745;0.7099;Qwen3-4B
ID_2538824540800669;0.6811;0.5934;1.0000;0.7000;0.4000;0.2632;0.3684;0.4211;0.3526;0.3627;0.3782;8;9;0.3737;0.4118;0.3803;Qwen3-4B
ID_7686768230673663;0.6183;0.4735;0.8000;0.7000;0.4000;0.1026;0.1795;0.2051;0.1601;0.1491;0.4647;8;10;0.1721;0.1720;0.5279;Qwen3-4B
ID_8884890472193474;0.7231;0.7759;0.8000;0.6000;0.4500;0.3333;0.5000;0.7500;0.4354;0.4571;0.4820;6;10;0.5610;0.5143;0.4142;Qwen3-4B
ID_0996374647319169;0.5583;0.5367;0.4000;0.4000;0.3000;0.1538;0.3077;0.4615;0.1641;0.4188;0.6061;7;10;0.2250;0.4594;0.6594;Qwen3-4B
ID_4393307698703691;0.3392;0.3733;0.4000;0.4000;0.3000;0.1053;0.2105;0.3158;0.1015;0.3333;0.6197;5;7;0.1443;0.4800;0.6361;Qwen3-4B
ID_4735276653354808;0.3890;0.3595;0.4000;0.5000;0.3500;0.1111;0.2778;0.3889;0.1689;0.3813;0.5923;5;7;0.2196;0.4353;0.6853;Qwen3-4B
ID_8858800699425352;0.6152;0.5485;0.6000;0.6000;0.5500;0.1034;0.2069;0.3793;0.1519;0.5686;0.6629;6;13;0.2598;0.5722;0.5877;Qwen3-4B
ID_8393091904397047;0.4526;0.3522;0.4000;0.6000;0.3500;0.1000;0.3000;0.3500;0.1367;0.7766;0.6336;6;7;0.1562;0.8723;0.6536;Qwen3-4B
ID_0654750186618555;0.4032;0.4442;0.4000;0.5000;0.5000;0.0714;0.1786;0.3571;0.1224;0.6009;0.6901;5;10;0.2127;0.6180;0.7078;Qwen3-4B
ID_7821202163306775;0.0584;0.0631;0.2000;0.1000;0.1000;0.0526;0.0526;0.1053;0.0175;0.0467;0.7050;2;3;0.0241;0.0467;0.7310;Qwen3-4B
ID_1966638146185479;0.5638;0.3829;0.8000;0.4000;0.2000;0.1379;0.1379;0.1379;0.1379;0.5986;0.7264;4;5;0.1379;0.6268;0.7320;Qwen3-4B
ID_9670001528699130;0.5580;0.4605;0.6000;0.4000;0.3500;0.1071;0.1429;0.2500;0.1250;0.4948;0.7227;6;9;0.1635;0.5052;0.6670;Qwen3-4B
ID_6751513272539561;0.0920;0.0594;0.0000;0.2000;0.1000;0.0000;0.0741;0.0741;0.0115;0.1908;0.7732;2;2;0.0115;0.5776;0.7117;Qwen3-4B
ID_2529689139869418;0.4482;0.2893;0.4000;0.5000;0.2500;0.0455;0.1136;0.1136;0.0565;0.3149;0.7072;5;5;0.0565;0.3552;0.6470;Qwen3-4B
ID_3413970389346369;0.1737;0.2479;0.2000;0.1000;0.2000;0.0588;0.0588;0.2353;0.0196;0.0446;0.6536;1;7;0.0543;0.3248;0.7042;Qwen3-4B
ID_4655532473617635;0.0000;0.0000;0.0000;0.0000;0.0000;0.0000;0.0000;0.0000;0.0000;0.0097;0.6640;0;0;0.0000;0.0717;0.7198;Qwen3-4B
ID_8401671962644482;0.0105;0.0282;0.0000;0.0000;0.0500;0.0000;0.0000;0.0303;0.0000;0.2179;0.7130;1;3;0.0023;0.3031;0.6902;Qwen3-4B
ID_0398100561592326;0.0472;0.1786;0.2000;0.1000;0.2500;0.0196;0.0196;0.0980;0.0065;0.1708;0.6652;1;5;0.0262;0.5031;0.6697;Qwen3-4B
ID_8333591932027056;0.3715;0.3813;0.4000;0.3000;0.3500;0.0625;0.0938;0.2188;0.0542;0.2671;0.6621;3;7;0.0984;0.6398;0.6895;Qwen3-4B
ID_2194175558834284;0.1703;0.1142;0.4000;0.3000;0.1500;0.0690;0.1034;0.1034;0.0402;0.0526;0.7282;3;3;0.0402;0.0643;0.7559;Qwen3-4B
ID_3769826743537934;0.4537;0.2928;0.6000;0.3000;0.1500;0.0857;0.0857;0.0857;0.0786;0.3389;0.3767;3;3;0.0786;0.3444;0.2898;Qwen3-4B
ID_3989136572460030;0.0663;0.1194;0.0000;0.1000;0.1500;0.0000;0.0526;0.1579;0.0058;0.1643;0.6744;1;4;0.0233;0.2049;0.6685;Qwen3-4B
ID_0883514984489904;0.0286;0.0232;0.0000;0.0000;0.0000;0.0000;0.0000;0.0000;0.0000;0.0465;0.7120;2;2;0.0000;0.2326;0.7398;Qwen3-4B
ID_5783141369706484;0.4244;0.5304;0.8000;0.6000;0.5000;0.1290;0.1935;0.3226;0.1710;0.4403;0.2359;6;10;0.2458;0.4602;0.2366;Qwen3-4B
ID_4724455372300363;0.0663;0.0608;0.0000;0.1000;0.0500;0.0000;0.0556;0.0556;0.0062;0.0256;0.6659;1;2;0.0062;0.0632;0.7104;Qwen3-4B
ID_4351583784137968;0.0822;0.1265;0.0000;0.1000;0.1000;0.0000;0.0385;0.0769;0.0048;0.2629;0.7345;1;3;0.0112;0.3705;0.6916;Qwen3-4B
ID_3595605534544460;0.7221;0.5771;0.8000;0.8000;0.6500;0.0976;0.1951;0.3171;0.1769;0.1316;0.6426;8;13;0.2571;0.4000;0.7002;Qwen3-4B
ID_7445996639798624;0.1367;0.1894;0.0000;0.3000;0.3500;0.0000;0.0789;0.1842;0.0218;0.4900;0.6609;3;7;0.0550;0.5522;0.6891;Qwen3-4B
ID_8897713171950671;0.2122;0.2150;0.2000;0.2000;0.2000;0.0303;0.0606;0.1212;0.0238;0.2220;0.6932;2;4;0.0422;0.2972;0.6595;Qwen3-4B
ID_3350273914280971;0.3407;0.3894;0.2000;0.1000;0.1500;0.1429;0.1429;0.4286;0.0714;0.1364;0.6823;4;7;0.1304;0.1591;0.6676;Qwen3-4B
ID_5994153651109853;0.0135;0.0526;0.0000;0.0000;0.0500;0.0000;0.0000;0.0556;0.0000;0.0659;0.6989;1;2;0.0031;0.2418;0.7124;Qwen3-4B
ID_4643189791834470;0.6962;0.5717;0.8000;0.6000;0.5000;0.0909;0.1364;0.2273;0.1189;0.1348;0.6738;6;10;0.1694;0.1348;0.6170;Qwen3-4B
ID_0574180390413250;0.6270;0.5606;0.6000;0.6000;0.5500;0.0577;0.1154;0.2115;0.0923;0.0756;0.6683;6;11;0.1488;0.1271;0.6617;Qwen3-4B
ID_9242177701163550;0.0694;0.1594;0.0000;0.1000;0.2000;0.0000;0.0526;0.2105;0.0066;0.3600;0.6274;1;4;0.0376;0.4200;0.6916;Qwen3-4B
ID_3429432950576137;0.4226;0.3430;0.4000;0.3000;0.2500;0.0465;0.0698;0.1163;0.0535;0.0760;0.7116;3;5;0.0670;0.1720;0.7075;Qwen3-4B
ID_7523068114278574;0.3590;0.2723;0.4000;0.2000;0.2000;0.0645;0.0645;0.1290;0.0645;0.4213;0.7110;2;4;0.0794;0.4267;0.6324;Qwen3-4B
ID_0588546982625730;0.0000;0.0986;0.0000;0.0000;0.1500;0.0000;0.0000;0.0714;0.0000;0.0026;0.7422;0;3;0.0074;0.0362;0.7308;Qwen3-4B
ID_2030746662248842;0.0000;0.0000;0.0000;0.0000;0.0000;0.0000;0.0000;0.0000;0.0000;0.0173;0.7128;0;0;0.0000;0.0188;0.7372;Qwen3-4B
ID_2248844091470333;0.0000;0.0000;0.0000;0.0000;0.0000;0.0000;0.0000;0.0000;0.0000;0.0044;0.7261;0;0;0.0000;0.0088;0.7389;Qwen3-4B
ID_3752951275341381;0.4842;0.4011;0.8000;0.5000;0.3500;0.1081;0.1351;0.1892;0.1153;0.3192;0.6621;5;7;0.1412;0.3709;0.7072;Qwen3-4B
ID_9859511150127352;0.1420;0.3053;0.0000;0.2000;0.4000;0.0000;0.0645;0.2581;0.0118;0.6327;0.7020;2;8;0.0791;0.7028;0.7114;Qwen3-4B
ID_0967035318418472;0.2985;0.1926;0.2000;0.2000;0.1000;0.0227;0.0455;0.0455;0.0303;0.0968;0.6962;2;2;0.0303;0.1059;0.7529;Qwen3-4B
ID_4767998352165705;0.0000;0.0000;0.0000;0.0000;0.0000;0.0000;0.0000;0.0000;0.0000;0.0092;0.7683;0;0;0.0000;0.0092;0.7594;Qwen3-4B
ID_8045962313218352;0.3134;0.3262;0.4000;0.3000;0.2500;0.1000;0.1500;0.2500;0.0950;0.3125;0.7377;3;6;0.1260;0.3542;0.7670;Qwen3-4B
ID_0164449213607380;0.2648;0.3608;0.6000;0.3000;0.4000;0.1364;0.1364;0.3636;0.0652;0.4094;0.5977;6;11;0.1601;0.4497;0.6365;Qwen3-4B
ID_2680905746363331;0.3430;0.4017;0.2000;0.1000;0.1000;0.2500;0.2500;0.5000;0.2500;0.3735;0.6660;2;5;0.2833;0.4096;0.6646;Qwen3-4B
ID_7305428791149745;0.0000;0.0000;0.0000;0.0000;0.0000;0.0000;0.0000;0.0000;0.0000;0.0329;0.7374;0;0;0.0000;0.1184;0.7443;Qwen3-4B
ID_7464190101117707;0.0000;0.0000;0.0000;0.0000;0.0000;0.0000;0.0000;0.0000;0.0000;0.0800;0.7780;0;0;0.0000;0.1600;0.7588;Qwen3-4B
ID_4713778521629486;0.5074;0.4231;0.2000;0.3000;0.1500;0.0769;0.2308;0.2308;0.1277;0.0656;0.7597;3;4;0.1277;0.0656;0.7628;Qwen3-4B
ID_6841118121493906;0.0000;0.0731;0.0000;0.0000;0.1000;0.0000;0.0000;0.0625;0.0000;0.0659;0.6957;0;2;0.0065;0.1237;0.7008;Qwen3-4B
ID_7881527576747420;0.3679;0.2954;0.2000;0.3000;0.2000;0.0303;0.0909;0.1212;0.0518;0.2640;0.8098;3;4;0.0598;0.2792;0.7788;Qwen3-4B
ID_8080838290715777;0.5213;0.4380;0.4000;0.5000;0.4000;0.0513;0.1282;0.2051;0.0751;0.5982;0.5876;5;8;0.1058;0.6607;0.6015;Qwen3-4B
ID_4678263012118887;0.2377;0.2152;0.2000;0.1000;0.1000;0.0556;0.0556;0.1111;0.0556;0.3333;0.7109;1;2;0.0630;0.3333;0.7242;Qwen3-4B
ID_1528177121436914;0.3964;0.3222;0.4000;0.3000;0.2000;0.0690;0.1034;0.1379;0.0690;0.4279;0.5165;3;4;0.0782;0.4672;0.3728;Qwen3-4B
ID_8455588138553589;0.2055;0.2030;0.2000;0.4000;0.3000;0.0435;0.1739;0.2609;0.0589;0.3819;0.5552;4;6;0.0888;0.5377;0.4777;Qwen3-4B
ID_8280035478871760;0.0000;0.0047;0.0000;0.0000;0.0000;0.0000;0.0000;0.0000;0.0000;0.0063;0.8051;0;1;0.0000;0.0063;0.7943;Qwen3-4B
ID_8655706520516310;0.7170;0.5649;0.8000;0.9000;0.6500;0.1081;0.2432;0.3514;0.1911;0.2025;0.6685;9;13;0.2792;0.2278;0.6954;Qwen3-4B
ID_9362702262041806;0.7781;0.5659;0.6000;0.8000;0.5500;0.0909;0.2424;0.3333;0.2033;0.5505;0.5921;8;11;0.2595;0.5909;0.6202;Qwen3-4B
ID_4341858493092611;0.3188;0.3197;0.6000;0.3000;0.3000;0.1200;0.1200;0.2400;0.0640;0.4156;0.7493;3;6;0.1047;0.4675;0.7316;Qwen3-4B
ID_0353944603330456;0.3991;0.2728;0.8000;0.5000;0.3000;0.0690;0.0862;0.1034;0.0799;0.6221;0.6730;5;6;0.0868;0.6321;0.6408;Qwen3-4B
ID_1263334983122560;0.0852;0.1252;0.0000;0.1000;0.1500;0.0000;0.0476;0.1429;0.0060;0.5366;0.5655;2;4;0.0225;0.5732;0.6200;Qwen3-4B
ID_6319604227674654;0.7230;0.5397;1.0000;0.6000;0.4000;0.1515;0.1818;0.2424;0.1697;0.5298;0.7409;7;9;0.2024;0.5563;0.6917;Qwen3-4B
ID_6815299644750648;0.0392;0.1358;0.0000;0.0000;0.0500;0.0000;0.0000;0.2000;0.0000;0.6247;0.6713;2;5;0.0111;0.6339;0.7063;Qwen3-4B
ID_7276765928582051;0.3036;0.2706;0.2000;0.2000;0.2000;0.0333;0.0667;0.1333;0.0400;0.5399;0.6883;3;5;0.0579;0.6869;0.7181;Qwen3-4B
ID_0654596992211296;0.4042;0.4498;0.4000;0.5000;0.5500;0.0690;0.1724;0.3793;0.0765;0.2877;0.7621;5;11;0.1815;0.3547;0.7137;Qwen3-4B
ID_0852938701434556;0.0838;0.2540;0.0000;0.1000;0.2500;0.0000;0.0769;0.3846;0.0128;0.1222;0.7181;3;7;0.0853;0.4037;0.6758;Qwen3-4B
ID_9482625774233084;0.4252;0.5214;0.4000;0.3000;0.2500;0.2500;0.3750;0.6250;0.2500;0.5811;0.7780;4;6;0.3229;0.6486;0.7469;Qwen3-4B
ID_0055080134892269;0.0694;0.0518;0.0000;0.1000;0.0500;0.0000;0.0556;0.0556;0.0069;0.2425;0.5170;1;1;0.0069;0.2941;0.5904;Qwen3-4B
ID_4006510528939253;0.0000;0.0059;0.0000;0.0000;0.0000;0.0000;0.0000;0.0000;0.0000;0.0000;0.7123;0;1;0.0000;0.0547;0.8032;Qwen3-4B
ID_8922470135347131;0.0157;0.0115;0.0000;0.0000;0.0000;0.0000;0.0000;0.0000;0.0000;0.0351;0.7429;1;1;0.0000;0.0351;0.6704;Qwen3-4B
ID_4280649883963631;0.0636;0.1170;0.0000;0.1000;0.1500;0.0000;0.0357;0.1071;0.0036;0.0395;0.6969;1;3;0.0177;0.0658;0.6637;Qwen3-4B
ID_7315358137176715;0.2895;0.2960;0.2000;0.2000;0.2500;0.0208;0.0417;0.1042;0.0260;0.5691;0.5442;2;5;0.0410;0.7128;0.5311;Qwen3-4B
ID_0473342349140026;0.0948;0.3185;0.2000;0.1000;0.4500;0.0370;0.0370;0.3333;0.0093;0.1675;0.6957;1;9;0.1051;0.2944;0.7328;Qwen3-4B
ID_5557224649687028;0.2399;0.1877;0.2000;0.1000;0.1000;0.0435;0.0435;0.0870;0.0435;0.1154;0.6882;2;3;0.0481;0.1154;0.7015;Qwen3-4B
ID_4643608666899616;0.4955;0.4080;0.6000;0.5000;0.4000;0.0698;0.1163;0.1860;0.0767;0.2598;0.7434;5;8;0.1100;0.5157;0.7521;Qwen3-4B
ID_6499108085922209;0.1409;0.1551;0.2000;0.1000;0.1500;0.0500;0.0500;0.1500;0.0167;0.1858;0.7867;3;5;0.0365;0.2168;0.7548;Qwen3-4B
ID_6212006974231025;0.0000;0.1761;0.0000;0.0000;0.2500;0.0000;0.0000;0.1282;0.0000;0.0213;0.7141;0;5;0.0235;0.1489;0.7388;Qwen3-4B
ID_8079423496391852;0.4657;0.4122;0.6000;0.5000;0.4000;0.0698;0.1163;0.1860;0.0621;0.2797;0.6822;6;9;0.0990;0.4056;0.7227;Qwen3-4B
ID_2725348719800518;0.0157;0.0108;0.0000;0.0000;0.0000;0.0000;0.0000;0.0000;0.0000;0.0939;0.6622;1;1;0.0000;0.1165;0.6848;Qwen3-4B
ID_0720020819590155;0.1950;0.2141;0.2000;0.3000;0.3000;0.0286;0.0857;0.1714;0.0275;0.3964;0.6263;3;6;0.0566;0.6622;0.6416;Qwen3-4B
ID_4755946475264985;0.2593;0.2859;0.4000;0.2000;0.3000;0.0625;0.0625;0.1875;0.0312;0.4448;0.6747;4;8;0.0644;0.5414;0.6772;Qwen3-4B
ID_9361477493709726;0.0000;0.0000;0.0000;0.0000;0.0000;0.0000;0.0000;0.0000;0.0000;0.0090;0.6220;0;0;0.0000;0.0135;0.6710;Qwen3-4B
ID_5424781102486268;0.1518;0.1335;0.0000;0.2000;0.1500;0.0000;0.0588;0.0882;0.0133;0.0799;0.7683;2;3;0.0192;0.0899;0.7338;Qwen3-4B
ID_5760422122697584;0.1308;0.1187;0.4000;0.2000;0.2000;0.0513;0.0513;0.1026;0.0359;0.0660;0.6767;2;4;0.0471;0.1508;0.6836;Qwen3-4B
ID_2034064321016097;0.1087;0.0926;0.0000;0.2000;0.1000;0.0000;0.1333;0.1333;0.0229;0.2326;0.6122;2;2;0.0229;0.2779;0.6696;Qwen3-4B
ID_8486464868891415;0.3046;0.3691;0.4000;0.4000;0.4000;0.0833;0.1667;0.3333;0.0792;0.2875;0.7226;4;8;0.1652;0.3688;0.7045;Qwen3-4B
ID_3668865753002430;0.4522;0.4322;0.6000;0.4000;0.2500;0.3750;0.5000;0.6250;0.3339;0.4787;0.5913;6;7;0.3756;0.5183;0.6402;Qwen3-4B
ID_0277415539607307;0.1048;0.1424;0.0000;0.1000;0.1500;0.0000;0.0303;0.0909;0.0043;0.2816;0.6066;2;4;0.0159;0.3525;0.6042;Qwen3-4B
ID_7259294879683133;0.3562;0.3201;0.6000;0.4000;0.3500;0.0667;0.0889;0.1556;0.0417;0.2821;0.7822;4;8;0.0659;0.4179;0.7541;Qwen3-4B
ID_7272998564858059;0.1948;0.2022;0.6000;0.5000;0.3000;0.1034;0.1724;0.2069;0.0916;0.0227;0.7672;5;7;0.1045;0.0227;0.7217;Qwen3-4B
ID_7090419604571199;0.1990;0.3141;0.2000;0.2000;0.2500;0.0769;0.1538;0.3846;0.0427;0.4369;0.6671;2;6;0.1059;0.4669;0.6559;Qwen3-4B
ID_6066310198344526;0.0439;0.0359;0.2000;0.1000;0.0500;0.0556;0.0556;0.0556;0.0139;0.0768;0.7591;1;1;0.0139;0.0768;0.7539;Qwen3-4B
ID_3971663510252293;0.0000;0.0884;0.0000;0.0000;0.1000;0.0000;0.0000;0.1111;0.0000;0.0455;0.7391;0;2;0.0132;0.1842;0.7359;Qwen3-4B
ID_1050516524103988;0.6468;0.4999;0.6000;0.6000;0.3500;0.1364;0.2727;0.3182;0.1961;0.7073;0.5912;7;8;0.2129;0.7610;0.6692;Qwen3-4B
ID_0585283327853481;0.3498;0.4374;0.4000;0.3000;0.4000;0.0625;0.0938;0.2500;0.0603;0.1099;0.6713;4;9;0.1224;0.1319;0.6271;Qwen3-4B
ID_1409610093547012;0.3858;0.3848;0.6000;0.3000;0.3500;0.1304;0.1304;0.3043;0.0986;0.4842;0.6840;5;9;0.1649;0.5113;0.7158;Qwen3-4B
ID_3033400086575581;0.0828;0.0654;0.0000;0.1000;0.0500;0.0000;0.0357;0.0357;0.0051;0.3239;0.7306;1;1;0.0051;0.3838;0.7194;Qwen3-4B
ID_2714004273523549;0.5869;0.4135;0.4000;0.6000;0.3500;0.0408;0.1224;0.1429;0.0740;0.3227;0.7015;6;7;0.0829;0.3307;0.7104;Qwen3-4B
ID_3274735424220270;0.3450;0.3518;0.6000;0.5000;0.4000;0.1000;0.1667;0.2667;0.0965;0.2050;0.6772;6;9;0.1375;0.2965;0.6131;Qwen3-4B
ID_5832250655889116;0.3045;0.3384;0.8000;0.4000;0.3500;0.1333;0.1333;0.2333;0.1333;0.0671;0.6010;4;7;0.1761;0.1460;0.6093;Qwen3-4B
ID_0280121582234738;0.0978;0.0979;0.0000;0.2000;0.1500;0.0000;0.0571;0.0857;0.0099;0.0972;0.6955;2;3;0.0153;0.1879;0.7133;Qwen3-4B
ID_7248774319455970;0.0000;0.0000;0.0000;0.0000;0.0000;0.0000;0.0000;0.0000;0.0000;0.0459;0.7360;0;0;0.0000;0.0883;0.7025;Qwen3-4B
ID_1241656328850074;0.4664;0.5748;0.2000;0.3000;0.2000;0.2000;0.6000;0.8000;0.3100;0.1633;0.6542;4;8;0.3715;0.3776;0.6928;Qwen3-4B
ID_7441669258580942;0.0000;0.1618;0.0000;0.0000;0.2500;0.0000;0.0000;0.1786;0.0000;0.0542;0.7634;0;7;0.0332;0.4300;0.7398;Qwen3-4B
ID_0477045906733254;0.0609;0.1207;0.0000;0.2000;0.2500;0.0000;0.0588;0.1471;0.0108;0.3419;0.5811;2;6;0.0373;0.5448;0.6574;Qwen3-4B
ID_7740917144757410;0.6272;0.6962;0.6000;0.6000;0.7000;0.0714;0.1429;0.3333;0.0950;0.5949;0.5213;7;16;0.2268;0.7179;0.4974;Qwen3-4B
ID_5898801580033554;0.5894;0.4200;0.6000;0.5000;0.3000;0.0750;0.1250;0.1500;0.0951;0.2996;0.5638;5;6;0.1088;0.3646;0.6477;Qwen3-4B
ID_0034894070455412;0.0000;0.0329;0.0000;0.0000;0.0500;0.0000;0.0000;0.0256;0.0000;0.0094;0.7225;0;1;0.0013;0.3947;0.7621;Qwen3-4B
ID_5846645200230520;0.0000;0.1383;0.0000;0.0000;0.2000;0.0000;0.0000;0.1026;0.0000;0.0253;0.7215;0;4;0.0144;0.1826;0.7667;Qwen3-4B
ID_0599337060580753;0.2182;0.2608;0.2000;0.3000;0.3500;0.0244;0.0732;0.1707;0.0254;0.3757;0.6463;3;7;0.0588;0.5108;0.6553;Qwen3-4B
ID_8860487726074063;0.2632;0.3110;0.2000;0.3000;0.3500;0.0303;0.0909;0.2121;0.0289;0.5472;0.6238;4;8;0.0715;0.6226;0.6626;Qwen3-4B
ID_4894706050600687;0.6867;0.6361;0.6000;0.7000;0.4500;0.1765;0.4118;0.5294;0.3038;0.3419;0.5584;7;9;0.3564;0.3419;0.5324;Qwen3-4B
ID_4273689617987878;0.3702;0.3421;0.4000;0.2000;0.2000;0.0741;0.0741;0.1481;0.0741;0.4596;0.6237;3;7;0.0925;0.5530;0.6447;Qwen3-4B
ID_4016576596215504;0.1389;0.0896;0.2000;0.1000;0.0500;0.0263;0.0263;0.0263;0.0132;0.0989;0.6902;1;1;0.0132;0.1148;0.6626;Qwen3-4B
ID_1450381701086387;0.1100;0.1631;0.2000;0.1000;0.1500;0.0303;0.0303;0.0909;0.0101;0.7065;0.5621;1;4;0.0217;0.7283;0.6191;Qwen3-4B
ID_3569531507114017;0.0000;0.0000;0.0000;0.0000;0.0000;0.0000;0.0000;0.0000;0.0000;0.2474;0.6726;0;0;0.0000;0.3299;0.6906;Qwen3-4B
ID_7707689065994575;0.2201;0.1687;0.2000;0.1000;0.0500;0.0500;0.0500;0.0500;0.0500;0.3596;0.5864;1;1;0.0500;0.3695;0.5180;Qwen3-4B
ID_7069264281185562;0.0663;0.1091;0.0000;0.1000;0.1500;0.0000;0.0278;0.0833;0.0031;0.0596;0.8117;1;3;0.0106;0.1163;0.7529;Qwen3-4B
ID_8413008847105670;0.6699;0.6794;0.6000;0.8000;0.7500;0.0882;0.2353;0.4412;0.1561;0.2093;0.6917;8;15;0.3136;0.2791;0.5977;Qwen3-4B
ID_4326514220673393;0.5225;0.4773;0.4000;0.4000;0.4500;0.0526;0.1053;0.2368;0.0789;0.2641;0.5885;5;11;0.1371;0.2821;0.5159;Qwen3-4B
ID_6703037457253125;0.0595;0.0384;0.2000;0.1000;0.0500;0.0417;0.0417;0.0417;0.0208;0.1163;0.7706;1;1;0.0208;0.1686;0.7365;Qwen3-4B
ID_2538126257160174;0.0000;0.0684;0.0000;0.0000;0.1000;0.0000;0.0000;0.0541;0.0000;0.1075;0.7220;0;2;0.0046;0.1505;0.7392;Qwen3-4B
ID_2444779633081185;0.0979;0.2133;0.2000;0.1000;0.2000;0.0625;0.0625;0.2500;0.0625;0.0193;0.7104;1;6;0.0994;0.5414;0.6793;Qwen3-4B
ID_2685286492991791;0.2201;0.2473;0.2000;0.1000;0.2000;0.0370;0.0370;0.1481;0.0370;0.1939;0.6883;1;5;0.0563;0.3785;0.7053;Qwen3-4B
ID_0408002839687344;0.5808;0.5804;0.6000;0.5000;0.4500;0.1250;0.2083;0.3750;0.1500;0.3922;0.7082;6;11;0.2303;0.6405;0.6759;Qwen3-4B
ID_3259216014182020;0.0694;0.2260;0.0000;0.1000;0.2500;0.0000;0.0500;0.2500;0.0063;0.4261;0.6038;1;5;0.0543;0.7386;0.6242;Qwen3-4B
ID_5187181156228197;0.7465;0.4864;1.0000;0.7000;0.3500;0.1724;0.2414;0.2414;0.2414;0.5071;0.5236;7;8;0.2414;0.5442;0.5969;Qwen3-4B
ID_6282229671610460;0.1718;0.1278;0.0000;0.3000;0.2000;0.0000;0.0938;0.1250;0.0224;0.3721;0.5573;3;4;0.0297;0.4503;0.5317;Qwen3-4B
ID_1805029396938951;0.1991;0.2195;0.2000;0.3000;0.3000;0.0278;0.0833;0.1667;0.0311;0.6836;0.6690;3;8;0.0529;0.8588;0.6487;Qwen3-4B
ID_4090655224279803;0.2092;0.1723;0.4000;0.3000;0.2000;0.0625;0.0938;0.1250;0.0594;0.3056;0.6263;3;4;0.0690;0.3189;0.4539;Qwen3-4B
ID_2375722997534058;0.0595;0.1996;0.2000;0.1000;0.3000;0.0278;0.0278;0.1667;0.0056;0.2617;0.6270;3;8;0.0414;0.5950;0.6922;Qwen3-4B
ID_1525717947689076;0.0000;0.0437;0.0000;0.0000;0.0500;0.0000;0.0000;0.0385;0.0000;0.2326;0.7050;0;2;0.0032;0.3256;0.7015;Qwen3-4B
ID_6899498686139516;0.3823;0.3215;0.4000;0.2000;0.1000;0.1429;0.1429;0.1429;0.1429;0.1857;0.5845;3;4;0.1429;0.1929;0.6787;Qwen3-4B
ID_5882662534904226;0.0472;0.0316;0.2000;0.1000;0.0500;0.0270;0.0270;0.0270;0.0090;0.1181;0.6955;1;1;0.0090;0.1330;0.7222;Qwen3-4B
ID_2427045424896409;0.0298;0.1551;0.0000;0.1000;0.2500;0.0000;0.0213;0.1064;0.0027;0.0117;0.7126;1;7;0.0227;0.4035;0.7320;Qwen3-4B
ID_7430030311775522;0.5085;0.4948;0.4000;0.5000;0.5000;0.0667;0.1667;0.3333;0.0924;0.2727;0.6102;5;11;0.1732;0.4669;0.6036;Qwen3-4B
ID_8783964270386788;0.4813;0.4766;0.6000;0.3000;0.1500;0.3000;0.3000;0.3000;0.2267;0.6163;0.5796;4;4;0.2267;0.6208;0.5170;Qwen3-4B
ID_0422858064703713;0.3590;0.3024;0.4000;0.2000;0.2000;0.0571;0.0571;0.1143;0.0571;0.3261;0.5852;2;4;0.0701;0.4226;0.6023;Qwen3-4B
ID_1234565160573730;0.3056;0.3270;0.4000;0.2000;0.1500;0.1667;0.1667;0.2500;0.0972;0.3977;0.5695;3;4;0.1139;0.4489;0.4509;Qwen3-4B
ID_4804205224697296;0.4288;0.3096;0.8000;0.4000;0.2500;0.0952;0.0952;0.1190;0.0647;0.5833;0.7182;4;5;0.0709;0.6609;0.7228;Qwen3-4B
ID_3996404760945509;0.1682;0.2333;0.2000;0.2000;0.3000;0.0323;0.0645;0.1935;0.0173;0.4771;0.5453;2;6;0.0530;0.6468;0.6315;Qwen3-4B
ID_0904596179326111;0.3822;0.4208;0.2000;0.5000;0.5500;0.0189;0.0943;0.2075;0.0390;0.2047;0.6622;5;11;0.1030;0.3509;0.6729;Qwen3-4B
ID_2302429651674634;0.4945;0.4414;0.6000;0.4000;0.2500;0.1429;0.1905;0.2381;0.1701;0.3910;0.6784;5;6;0.1841;0.4104;0.6454;Qwen3-4B
ID_0089739298242263;0.0948;0.0746;0.2000;0.1000;0.0500;0.0500;0.0500;0.0500;0.0125;0.2581;0.6133;1;1;0.0125;0.3065;0.5976;Qwen3-4B
ID_8340344332209795;0.0000;0.0895;0.0000;0.0000;0.1500;0.0000;0.0000;0.0882;0.0000;0.0000;0.7903;0;4;0.0108;0.4469;0.7875;Qwen3-4B
ID_4234180673609380;0.0496;0.1477;0.0000;0.1000;0.1500;0.0000;0.0667;0.2000;0.0095;0.1522;0.7651;1;4;0.0328;0.2391;0.7499;Qwen3-4B
ID_8472308116821427;0.3592;0.3853;0.4000;0.5000;0.4000;0.1250;0.3125;0.5000;0.1467;0.2830;0.6047;5;8;0.2215;0.4906;0.5740;Qwen3-4B
ID_4994942901309005;0.2172;0.2356;0.2000;0.3000;0.3000;0.0286;0.0857;0.1714;0.0476;0.0638;0.7714;3;6;0.0776;0.0826;0.7480;Qwen3-4B
ID_9082260061201946;0.2002;0.1995;0.4000;0.3000;0.2500;0.0476;0.0714;0.1190;0.0423;0.1631;0.6352;3;5;0.0561;0.1702;0.6789;Qwen3-4B
ID_0442161398765567;0.2754;0.3667;0.2000;0.2000;0.3000;0.0435;0.0870;0.2609;0.0254;0.2437;0.6895;5;10;0.0723;0.3193;0.6723;Qwen3-4B
ID_7168284647925847;0.0000;0.1248;0.0000;0.0000;0.2000;0.0000;0.0000;0.1290;0.0000;0.1307;0.6512;0;5;0.0198;0.3216;0.6829;Qwen3-4B
ID_0774104601063155;0.4007;0.4685;0.4000;0.4000;0.4500;0.0870;0.1739;0.3913;0.0973;0.2721;0.6817;4;10;0.1989;0.4338;0.6276;Qwen3-4B
ID_6972046707805449;0.1725;0.1442;0.2000;0.2000;0.1500;0.0323;0.0645;0.0968;0.0269;0.1024;0.6726;2;3;0.0320;0.1468;0.7282;Qwen3-4B
ID_4109929118508186;0.1645;0.2624;0.2000;0.1000;0.1500;0.0714;0.0714;0.2143;0.0357;0.1780;0.7536;1;3;0.0666;0.3295;0.7421;Qwen3-4B
ID_2828124381670231;0.0000;0.0367;0.0000;0.0000;0.0500;0.0000;0.0000;0.0556;0.0000;0.1587;0.7107;0;1;0.0029;0.3787;0.7251;Qwen3-4B
ID_0516263904806475;0.5583;0.3998;0.4000;0.5000;0.3000;0.0476;0.1190;0.1429;0.0790;0.4682;0.5716;5;7;0.0874;0.5045;0.5869;Qwen3-4B
ID_0932673194762377;0.2843;0.2676;0.4000;0.4000;0.4000;0.0400;0.0800;0.1600;0.0355;0.2777;0.5915;4;8;0.0725;0.3570;0.5764;Qwen3-4B
ID_8852973471847843;0.3794;0.4304;0.2000;0.4000;0.4000;0.0588;0.2353;0.4706;0.0944;0.3864;0.6468;5;9;0.2019;0.4470;0.6684;Qwen3-4B
ID_3981568451860330;0.2427;0.1895;0.2000;0.1000;0.1000;0.0213;0.0213;0.0426;0.0213;0.2490;0.7163;3;4;0.0235;0.3311;0.6976;Qwen3-4B
ID_8671745801940831;0.1342;0.1568;0.0000;0.3000;0.2000;0.0000;0.1154;0.1538;0.0289;0.1414;0.7242;3;4;0.0418;0.2525;0.6837;Qwen3-4B
ID_1836274062343953;0.6371;0.4558;0.8000;0.7000;0.4000;0.1481;0.2593;0.2963;0.1821;0.7308;0.6616;7;9;0.2090;0.9231;0.6184;Qwen3-4B
ID_7320090199496500;0.1331;0.1820;0.0000;0.2000;0.2000;0.0000;0.1053;0.2105;0.0171;0.1434;0.6478;2;4;0.0400;0.3584;0.6595;Qwen3-4B
ID_5262142272147984;0.1389;0.0896;0.2000;0.1000;0.0500;0.0250;0.0250;0.0250;0.0125;0.0936;0.6873;1;1;0.0125;0.1576;0.6959;Qwen3-4B
ID_1734032782594771;0.2048;0.2779;0.4000;0.2000;0.3000;0.0714;0.0714;0.2143;0.0298;0.3849;0.6458;2;6;0.0688;0.4937;0.6487;Qwen3-4B
ID_2531761427648020;0.1069;0.1492;0.2000;0.2000;0.2000;0.0476;0.0952;0.1905;0.0225;0.2328;0.7032;2;5;0.0404;0.4510;0.7503;Qwen3-4B
ID_4608001746330875;0.2306;0.3291;0.0000;0.2000;0.2500;0.0000;0.1818;0.4545;0.0283;0.2824;0.7058;5;9;0.1000;0.4941;0.7380;Qwen3-4B
ID_7818012155694188;0.0000;0.0203;0.0000;0.0000;0.0000;0.0000;0.0000;0.0000;0.0000;0.2249;0.6164;0;1;0.0000;0.3008;0.5541;Qwen3-4B
ID_0822799877686090;0.0000;0.0000;0.0000;0.0000;0.0000;0.0000;0.0000;0.0000;0.0000;0.0289;0.7247;0;0;0.0000;0.0289;0.7195;Qwen3-4B
ID_6248532093883975;0.4031;0.3576;0.4000;0.3000;0.2500;0.0909;0.1364;0.2273;0.1061;0.4523;0.6852;4;9;0.1387;0.5312;0.6785;Qwen3-4B
ID_1248448556190472;0.2036;0.1940;0.0000;0.3000;0.2000;0.0000;0.2000;0.2667;0.0502;0.0342;0.8124;4;5;0.0692;0.0342;0.7678;Qwen3-4B
ID_3874886795138290;0.5669;0.4806;0.6000;0.5000;0.4500;0.0857;0.1429;0.2571;0.1024;0.3333;0.7126;5;9;0.1504;0.4524;0.6664;Qwen3-4B
ID_4120322936662925;0.0000;0.0182;0.0000;0.0000;0.0500;0.0000;0.0000;0.0370;0.0000;0.0280;0.6815;0;1;0.0019;0.0561;0.6543;Qwen3-4B
ID_0004405929946327;0.1050;0.1818;0.0000;0.1000;0.2500;0.0000;0.0303;0.1515;0.0030;0.3727;0.6527;3;8;0.0301;0.4800;0.6242;Qwen3-4B
ID_3120810650181134;0.1195;0.1849;0.2000;0.1000;0.2500;0.0256;0.0256;0.1282;0.0085;0.3328;0.7089;2;6;0.0313;0.4541;0.6879;Qwen3-4B
ID_4415912100389601;0.2547;0.2070;0.6000;0.3000;0.2000;0.1111;0.1111;0.1481;0.0654;0.2708;0.7393;3;4;0.0737;0.3250;0.7702;Qwen3-4B
ID_2947188782090542;0.0000;0.0000;0.0000;0.0000;0.0000;0.0000;0.0000;0.0000;0.0000;0.0063;0.7543;0;0;0.0000;0.0063;0.7310;Qwen3-4B
ID_5949636124796250;0.0784;0.0847;0.0000;0.1000;0.1000;0.0000;0.0244;0.0488;0.0041;0.1632;0.7486;1;2;0.0069;0.2524;0.6934;Qwen3-4B
ID_7249500407405478;0.5740;0.5269;0.8000;0.7000;0.5500;0.1176;0.2059;0.3235;0.1765;0.4464;0.6324;8;12;0.2616;0.4509;0.7065;Qwen3-4B
ID_9542837933586912;0.0000;0.0225;0.0000;0.0000;0.0500;0.0000;0.0000;0.0714;0.0000;0.4630;0.6645;0;1;0.0051;0.5370;0.6439;Qwen3-4B
ID_5667657258894864;0.0694;0.0823;0.0000;0.1000;0.1000;0.0000;0.0286;0.0571;0.0036;0.2183;0.6419;1;3;0.0066;0.2460;0.6459;Qwen3-4B
ID_3603011798628583;0.3301;0.3650;0.4000;0.2000;0.2500;0.1111;0.1111;0.2778;0.0926;0.2278;0.5598;2;6;0.1434;0.3132;0.5987;Qwen3-4B
ID_2471578430392531;0.1703;0.2418;0.0000;0.0000;0.1000;0.0000;0.0000;0.2500;0.0000;0.2979;0.6581;4;6;0.0235;0.3830;0.6500;Qwen3-4B
ID_6155202940087696;0.5411;0.4563;0.8000;0.6000;0.4500;0.1000;0.1500;0.2250;0.1366;0.3980;0.6670;6;9;0.1719;0.4694;0.6591;Qwen3-4B
ID_5065411466998527;0.3747;0.4127;0.8000;0.4000;0.4500;0.1600;0.1600;0.3600;0.1087;0.3625;0.5638;4;9;0.1942;0.4250;0.6570;Qwen3-4B
ID_0581412073128121;0.1799;0.1790;0.4000;0.2000;0.2000;0.0526;0.0526;0.1053;0.0171;0.0121;0.6925;2;4;0.0292;0.0655;0.7144;Qwen3-4B
ID_4550717883781091;0.0784;0.2107;0.0000;0.1000;0.2500;0.0000;0.0357;0.1786;0.0060;0.3952;0.5575;1;5;0.0364;0.4192;0.4167;Qwen3-4B
ID_5175443246146343;0.1105;0.1097;0.2000;0.1000;0.1000;0.0333;0.0333;0.0667;0.0083;0.3481;0.6822;2;4;0.0118;0.3584;0.6291;Qwen3-4B
ID_4735402469304632;0.2882;0.2742;0.0000;0.4000;0.3000;0.0000;0.1600;0.2400;0.0460;0.4894;0.7101;4;6;0.0826;0.5745;0.7210;Qwen3-4B
ID_4073088744952858;0.5696;0.5571;0.6000;0.5000;0.4000;0.2000;0.3333;0.5333;0.2426;0.0563;0.7680;5;8;0.3381;0.1338;0.7529;Qwen3-4B
ID_8904044191613796;0.3783;0.4227;0.4000;0.4000;0.4500;0.0556;0.1111;0.2500;0.0540;0.1676;0.6163;4;9;0.1179;0.2682;0.5968;Qwen3-4B
ID_6738987664840341;0.0663;0.0751;0.0000;0.1000;0.1000;0.0000;0.0278;0.0556;0.0031;0.0909;0.7829;1;2;0.0059;0.2867;0.7586;Qwen3-4B
ID_5945879465310813;0.2909;0.3223;0.6000;0.4000;0.3500;0.1500;0.2000;0.3500;0.1419;0.5290;0.4992;5;9;0.1908;0.6062;0.6529;Qwen3-4B
ID_1508105634503621;0.1538;0.1211;0.4000;0.2000;0.1000;0.0392;0.0392;0.0392;0.0392;0.1178;0.5357;2;2;0.0392;0.1365;0.5962;Qwen3-4B
ID_1218389465274602;0.1418;0.1605;0.2000;0.1000;0.0500;0.0833;0.0833;0.0833;0.0833;0.4940;0.7186;2;6;0.0833;0.5060;0.6921;Qwen3-4B
ID_5170293352882261;0.2523;0.1842;0.4000;0.3000;0.1500;0.0870;0.1304;0.1304;0.0652;0.2427;0.7198;3;3;0.0652;0.4100;0.7341;Qwen3-4B
ID_8306415631811067;0.6116;0.4331;0.6000;0.7000;0.4000;0.0789;0.1842;0.2105;0.1534;0.2715;0.6357;7;9;0.1651;0.4139;0.6239;Qwen3-4B
ID_7285303481051362;0.0663;0.2197;0.0000;0.1000;0.2500;0.0000;0.0357;0.1786;0.0040;0.1883;0.7879;1;5;0.0355;0.2510;0.7838;Qwen3-4B
ID_2864595160355410;0.0000;0.2515;0.0000;0.0000;0.3000;0.0000;0.0000;0.3158;0.0000;0.1125;0.7115;0;7;0.0708;0.3688;0.5884;Qwen3-4B
ID_4993204839198672;0.0273;0.0549;0.0000;0.1000;0.1000;0.0000;0.0227;0.0455;0.0023;0.0175;0.7110;1;2;0.0058;0.1654;0.7334;Qwen3-4B
ID_1183078302328411;0.0000;0.0614;0.0000;0.0000;0.0500;0.0000;0.0000;0.0833;0.0000;0.0040;0.6991;0;2;0.0044;0.2440;0.7486;Qwen3-4B
ID_2644217574349073;0.3758;0.3431;0.6000;0.5000;0.4500;0.0698;0.1163;0.2093;0.0643;0.6856;0.4941;5;9;0.1105;0.7121;0.4742;Qwen3-4B
ID_1872968283445344;0.3314;0.3995;0.2000;0.4000;0.3500;0.0714;0.2857;0.5000;0.1417;0.3529;0.6305;4;7;0.2432;0.6471;0.6471;Qwen3-4B
ID_7569445393485879;0.1671;0.1922;0.0000;0.3000;0.3000;0.0000;0.0667;0.1333;0.0161;0.2606;0.7341;3;6;0.0360;0.4718;0.7175;Qwen3-4B
ID_1361522424662664;0.0734;0.2642;0.0000;0.1000;0.3500;0.0000;0.0270;0.1892;0.0039;0.1021;0.6601;1;7;0.0515;0.2324;0.7739;Qwen3-4B
ID_3589012014320121;0.3171;0.3686;0.6000;0.4000;0.3500;0.1875;0.2500;0.4375;0.1521;0.3314;0.6168;5;9;0.2328;0.4360;0.5696;Qwen3-4B
ID_0821562324429813;0.4229;0.3820;0.6000;0.5000;0.4000;0.1250;0.2083;0.3333;0.1312;0.3588;0.6020;5;9;0.1851;0.5725;0.6179;Qwen3-4B
ID_5377746284077362;0.4815;0.4197;0.6000;0.4000;0.3500;0.1250;0.1667;0.2917;0.1130;0.3606;0.6176;4;7;0.1553;0.4981;0.5961;Qwen3-4B
ID_2562652838103607;0.3450;0.3268;0.4000;0.3000;0.2000;0.0625;0.0938;0.1250;0.0531;0.2906;0.6218;3;5;0.0601;0.4335;0.6589;Qwen3-4B
ID_2951269593210008;0.3472;0.3168;0.4000;0.4000;0.2500;0.1429;0.2857;0.3571;0.1230;0.6928;0.5973;4;5;0.1418;0.7470;0.6412;Qwen3-4B
ID_0990344839864230;0.0000;0.1354;0.0000;0.0000;0.1500;0.0000;0.0000;0.2143;0.0000;0.2473;0.7407;0;3;0.0272;0.3387;0.7275;Qwen3-4B
ID_8509299951934973;0.6332;0.6282;0.6000;0.6000;0.6000;0.0769;0.1538;0.3077;0.1087;0.8309;0.7023;6;12;0.2124;0.8603;0.7058;Qwen3-4B
ID_1829406809818626;0.0000;0.1923;0.0000;0.0000;0.3000;0.0000;0.0000;0.1500;0.0000;0.0634;0.6882;0;6;0.0324;0.6020;0.6973;Qwen3-4B
ID_1896514405880465;0.0000;0.0143;0.0000;0.0000;0.0000;0.0000;0.0000;0.0000;0.0000;0.2037;0.7238;0;2;0.0000;0.2037;0.6868;Qwen3-4B
ID_4692980070480625;0.2044;0.2219;0.4000;0.2000;0.2000;0.0556;0.0556;0.1111;0.0463;0.1327;0.7308;2;4;0.0580;0.3215;0.6987;Qwen3-4B
ID_5990729462575602;0.4412;0.5361;1.0000;0.6000;0.5500;0.2500;0.3000;0.5500;0.2929;0.2685;0.5076;6;11;0.4248;0.3519;0.5255;Qwen3-4B
ID_4999509031047259;0.0000;0.0000;0.0000;0.0000;0.0000;0.0000;0.0000;0.0000;0.0000;0.0386;0.6792;0;0;0.0000;0.0386;0.6792;Qwen3-4B
ID_8031266925341697;0.1704;0.2885;0.0000;0.3000;0.4000;0.0000;0.1304;0.3478;0.0281;0.4644;0.6314;5;10;0.1100;0.8390;0.5623;Qwen3-4B
ID_3730620853566536;0.1661;0.1345;0.2000;0.2000;0.1000;0.0385;0.0769;0.0769;0.0269;0.1786;0.6348;2;2;0.0269;0.2589;0.6853;Qwen3-4B
ID_0472856771871140;0.0186;0.0228;0.0000;0.0000;0.0000;0.0000;0.0000;0.0000;0.0000;0.0489;0.7489;1;2;0.0000;0.1022;0.7077;Qwen3-4B
ID_8278472628252508;0.0784;0.0863;0.0000;0.1000;0.1000;0.0000;0.0417;0.0833;0.0069;0.2713;0.7934;1;2;0.0118;0.3610;0.7657;Qwen3-4B
ID_2323085679807602;0.1428;0.2713;0.0000;0.2000;0.3500;0.0000;0.0571;0.2000;0.0112;0.3399;0.6027;2;7;0.0581;0.6242;0.5817;Qwen3-4B
ID_6775629541151867;0.0000;0.1551;0.0000;0.0000;0.1500;0.0000;0.0000;0.3000;0.0000;0.5500;0.5898;0;3;0.0336;0.9400;0.6449;Qwen3-4B
ID_6474240798904132;0.3624;0.3448;0.6000;0.4000;0.3500;0.0811;0.1081;0.1892;0.0598;0.3092;0.7165;4;7;0.0955;0.4734;0.7043;Qwen3-4B
ID_6142558410927273;0.0492;0.1284;0.0000;0.1000;0.1000;0.0000;0.0625;0.1250;0.0063;0.0771;0.7810;1;3;0.0159;0.0867;0.7436;Qwen3-4B
ID_5916017746341882;0.4944;0.3190;0.6000;0.4000;0.2000;0.0882;0.1176;0.1176;0.0858;0.2722;0.7148;4;4;0.0858;0.2903;0.7590;Qwen3-4B
ID_8970751075617926;0.1483;0.1493;0.2000;0.1000;0.1000;0.0556;0.0556;0.1111;0.0278;0.0943;0.7598;2;3;0.0340;0.1364;0.7568;Qwen3-4B
ID_0370020634398898;0.1642;0.1224;0.2000;0.2000;0.1000;0.0455;0.0909;0.0909;0.0227;0.6200;0.7098;2;3;0.0227;0.7050;0.7273;Qwen3-4B
ID_5456839333813472;0.2399;0.2343;0.2000;0.1000;0.1500;0.0370;0.0370;0.1111;0.0370;0.0593;0.6725;2;4;0.0489;0.0678;0.7200;Qwen3-4B
ID_3787147041050694;0.1491;0.1221;0.4000;0.2000;0.1000;0.1250;0.1250;0.1250;0.0521;0.1588;0.6029;3;3;0.0521;0.2176;0.6860;Qwen3-4B
ID_1051299337471169;0.3939;0.3501;0.4000;0.3000;0.2500;0.1000;0.1500;0.2500;0.1187;0.4184;0.6656;3;5;0.1424;0.5106;0.5938;Qwen3-4B
ID_8355947667910941;0.1389;0.1957;0.2000;0.1000;0.2500;0.0286;0.0286;0.1429;0.0143;0.7857;0.5642;1;5;0.0443;0.8810;0.6602;Qwen3-4B
ID_0524125552949586;0.1677;0.1841;0.2000;0.2000;0.2000;0.0333;0.0667;0.1333;0.0429;0.2203;0.5549;2;4;0.0603;0.3881;0.5861;Qwen3-4B
ID_5415710300902388;0.4949;0.4105;0.6000;0.6000;0.4500;0.0698;0.1395;0.2093;0.0848;0.4474;0.6360;6;10;0.1230;0.4737;0.5652;Qwen3-4B
ID_1339618330655263;0.0595;0.0895;0.2000;0.1000;0.1500;0.0222;0.0222;0.0667;0.0111;0.7130;0.6549;1;3;0.0191;0.8056;0.6413;Qwen3-4B
ID_1162362624079364;0.0000;0.0414;0.0000;0.0000;0.0500;0.0000;0.0000;0.0556;0.0000;0.0179;0.6987;0;1;0.0033;0.0536;0.7596;Qwen3-4B
ID_3457219624656691;0.0636;0.2157;0.0000;0.1000;0.3000;0.0000;0.0244;0.1463;0.0024;0.0311;0.6936;1;6;0.0313;0.1708;0.7096;Qwen3-4B
ID_9089204821424223;0.5955;0.4880;0.8000;0.6000;0.4500;0.0976;0.1463;0.2195;0.1121;0.3788;0.6962;6;9;0.1477;0.4053;0.7041;Qwen3-4B
ID_4933620329566048;0.0432;0.1240;0.2000;0.1000;0.1500;0.0833;0.0833;0.2500;0.0167;0.1498;0.7208;1;3;0.0442;0.2160;0.7364;Qwen3-4B
ID_7529510499149375;0.0273;0.1198;0.0000;0.1000;0.2000;0.0000;0.0196;0.0784;0.0020;0.0437;0.7151;1;4;0.0122;0.1250;0.6972;Qwen3-4B
ID_6089287551555329;0.3546;0.3350;0.6000;0.6000;0.4500;0.0625;0.1250;0.1875;0.0881;0.2000;0.5874;6;9;0.1149;0.2238;0.5709;Qwen3-4B
ID_6731029375224939;0.2687;0.4208;0.2000;0.3000;0.5000;0.0238;0.0714;0.2381;0.0243;0.3615;0.6776;3;10;0.0978;0.4327;0.6097;Qwen3-4B
ID_2086707959173246;0.1716;0.2318;0.6000;0.4000;0.3500;0.1071;0.1429;0.2500;0.0790;0.3706;0.6287;4;7;0.1192;0.4266;0.6108;Qwen3-4B
ID_9469987954896496;0.4946;0.4575;0.6000;0.4000;0.4000;0.0769;0.1026;0.2051;0.0852;0.2909;0.7121;5;9;0.1251;0.5433;0.7326;Qwen3-4B
ID_7728389320504879;0.2863;0.2367;0.2000;0.2000;0.2000;0.0370;0.0741;0.1481;0.0453;0.5813;0.6589;2;4;0.0592;0.6098;0.6538;Qwen3-4B
ID_8855936483074666;0.5110;0.4130;0.4000;0.6000;0.3500;0.0769;0.2308;0.2692;0.1498;0.3975;0.6851;6;8;0.1722;0.5714;0.6784;Qwen3-4B
ID_7927416076958362;0.3278;0.3339;0.4000;0.4000;0.4000;0.0952;0.1905;0.3810;0.0786;0.6452;0.7503;4;8;0.1668;0.8065;0.7131;Qwen3-4B
ID_3713459809920718;0.0000;0.0000;0.0000;0.0000;0.0000;0.0000;0.0000;0.0000;0.0000;0.0882;0.6949;0;0;0.0000;0.1176;0.6997;Qwen3-4B
ID_8705409187799501;0.0000;0.2048;0.0000;0.0000;0.1500;0.0000;0.0000;0.7500;0.0000;0.5714;0.6934;0;3;0.1148;0.6667;0.6541;Qwen3-4B
ID_2726230162746149;0.0786;0.1480;0.2000;0.1000;0.1500;0.0400;0.0400;0.1200;0.0133;0.0686;0.7394;2;5;0.0266;0.1348;0.7560;Qwen3-4B
ID_4150524692179865;0.0977;0.1179;0.0000;0.1000;0.1000;0.0000;0.0909;0.1818;0.0130;0.0714;0.7433;1;2;0.0270;0.3673;0.7523;Qwen3-4B
ID_3897283209013869;0.1674;0.2062;0.2000;0.2000;0.2000;0.0417;0.0833;0.1667;0.0258;0.1816;0.7455;3;6;0.0445;0.3608;0.7826;Qwen3-4B
ID_6460447408144781;0.3755;0.3137;0.4000;0.5000;0.3500;0.0500;0.1250;0.1750;0.0554;0.4286;0.6946;6;8;0.0773;0.5086;0.6825;Qwen3-4B
ID_6446612054631446;0.2547;0.1644;0.6000;0.3000;0.1500;0.1000;0.1000;0.1000;0.0589;0.2544;0.8230;3;3;0.0589;0.2544;0.8069;Qwen3-4B
ID_2289579163604428;0.5447;0.3515;0.6000;0.5000;0.2500;0.0909;0.1515;0.1515;0.1007;0.2756;0.6633;5;5;0.1007;0.3394;0.6231;Qwen3-4B
ID_2339346345530509;0.6678;0.4827;0.6000;0.6000;0.4000;0.0882;0.1765;0.2353;0.1385;0.3750;0.7189;6;8;0.1719;0.3875;0.6983;Qwen3-4B
ID_6171517695707255;0.0000;0.0000;0.0000;0.0000;0.0000;0.0000;0.0000;0.0000;0.0000;0.0000;0.7024;0;0;0.0000;0.0000;0.7339;Qwen3-4B
ID_6455990478032543;0.3089;0.2944;0.2000;0.4000;0.3000;0.0556;0.2222;0.3333;0.0779;0.2445;0.6822;4;7;0.1233;0.2853;0.6424;Qwen3-4B
ID_9763437636509266;0.2368;0.1764;0.2000;0.3000;0.1500;0.0625;0.1875;0.1875;0.0483;0.0642;0.7693;4;4;0.0483;0.0749;0.7429;Qwen3-4B
ID_0007332204631197;0.4100;0.3753;0.6000;0.4000;0.3500;0.1000;0.1333;0.2333;0.0787;0.6986;0.5597;4;7;0.1227;0.7464;0.6062;Qwen3-4B
ID_1124100372440117;0.1853;0.2361;0.6000;0.3000;0.3000;0.1200;0.1200;0.2400;0.0640;0.1217;0.7022;3;6;0.1039;0.1913;0.6969;Qwen3-4B
ID_6217509029802638;0.3910;0.5085;0.2000;0.6000;0.5500;0.0526;0.3158;0.5789;0.1378;0.4091;0.6097;6;12;0.2904;0.7045;0.6695;Qwen3-4B
ID_7471111924336519;0.2929;0.2900;0.2000;0.3000;0.1500;0.1429;0.4286;0.4286;0.1446;0.1837;0.6635;4;5;0.1446;0.2653;0.6463;Qwen3-4B
ID_8602960801642916;0.1518;0.2417;0.0000;0.2000;0.2500;0.0000;0.1250;0.3125;0.0283;0.4232;0.7065;2;5;0.0819;0.5560;0.7039;Qwen3-4B
ID_6492048904483467;0.3469;0.3710;0.2000;0.5000;0.4000;0.0323;0.1613;0.2581;0.0658;0.2153;0.8114;5;9;0.1156;0.3206;0.6988;Qwen3-4B
ID_7454736736043931;0.0948;0.1008;0.2000;0.1000;0.1000;0.0256;0.0256;0.0513;0.0064;0.3750;0.6629;1;2;0.0111;0.4007;0.6624;Qwen3-4B
ID_4031565135568125;0.3822;0.4729;0.4000;0.4000;0.3500;0.1429;0.2857;0.5000;0.1317;0.7449;0.6636;5;8;0.2085;0.8673;0.6357;Qwen3-4B
ID_6505039023842313;0.1760;0.2350;0.0000;0.3000;0.2500;0.0000;0.2500;0.4167;0.0539;0.4526;0.6938;3;6;0.0944;0.5421;0.7110;Qwen3-4B
ID_1387531666012807;0.5481;0.5712;0.6000;0.5000;0.5500;0.1034;0.1724;0.3793;0.1437;0.1181;0.5931;5;11;0.2641;0.3386;0.7130;Qwen3-4B
ID_0544144585124313;0.5326;0.4580;0.6000;0.4000;0.4000;0.0667;0.0889;0.1778;0.0756;0.5265;0.7353;4;8;0.1080;0.6878;0.7172;Qwen3-4B
ID_3302216368941503;0.3999;0.3998;0.2000;0.6000;0.5000;0.0227;0.1364;0.2273;0.0595;0.1822;0.7502;6;10;0.1097;0.2005;0.6580;Qwen3-4B
ID_3767979348338740;0.0000;0.1196;0.0000;0.0000;0.2500;0.0000;0.0000;0.1064;0.0000;0.0875;0.6844;0;5;0.0212;0.2319;0.7047;Qwen3-4B
ID_3165995344927892;0.4441;0.3848;0.6000;0.3000;0.3000;0.1154;0.1154;0.2308;0.1000;0.3971;0.6425;3;6;0.1442;0.5000;0.6435;Qwen3-4B
ID_8352745170435172;0.4258;0.4335;0.6000;0.5000;0.5000;0.0667;0.1111;0.2222;0.0809;0.4467;0.7042;6;11;0.1401;0.4611;0.7415;Qwen3-4B
ID_3792275882221002;0.1978;0.2623;0.2000;0.3000;0.3000;0.0476;0.1429;0.2857;0.0456;0.0761;0.7305;3;6;0.0964;0.1304;0.6146;Qwen3-4B
ID_0308213196926774;0.2867;0.3973;0.2000;0.3000;0.4500;0.0233;0.0698;0.2093;0.0281;0.1034;0.6860;3;9;0.0852;0.1762;0.6307;Qwen3-4B
ID_4407403389440011;0.2223;0.3239;0.2000;0.3000;0.3000;0.0769;0.2308;0.4615;0.0786;0.2713;0.6485;5;10;0.1617;0.4302;0.7771;Qwen3-4B
ID_6478091924064864;0.0000;0.0341;0.0000;0.0000;0.0500;0.0000;0.0000;0.0233;0.0000;0.0247;0.6066;0;1;0.0014;0.3287;0.5827;Qwen3-4B
ID_7866377101423210;0.6135;0.4678;0.6000;0.6000;0.4000;0.0882;0.1765;0.2353;0.1367;0.5347;0.6456;6;8;0.1671;0.7030;0.6737;Qwen3-4B
ID_4933326132948063;0.1311;0.2538;0.2000;0.1000;0.2000;0.0625;0.0625;0.2500;0.0208;0.2605;0.7222;3;6;0.0605;0.2941;0.7173;Qwen3-4B
ID_0471595469074043;0.1389;0.1220;0.2000;0.1000;0.1000;0.0345;0.0345;0.0690;0.0172;0.7059;0.7653;1;2;0.0207;0.7353;0.7411;Qwen3-4B
ID_6696857617864852;0.0948;0.0846;0.2000;0.1000;0.1000;0.0400;0.0400;0.0800;0.0100;0.1388;0.6721;1;2;0.0173;0.1800;0.6732;Qwen3-4B
ID_9364148865735922;0.4054;0.4430;0.4000;0.3000;0.4000;0.0667;0.1000;0.2667;0.0667;0.5205;0.6999;4;10;0.1293;0.6438;0.6753;Qwen3-4B
ID_0653707912025034;0.4107;0.3961;0.6000;0.5000;0.3000;0.1765;0.2941;0.3529;0.1683;0.4421;0.6744;5;6;0.2004;0.4632;0.6714;Qwen3-4B
ID_2364016372924935;0.2985;0.2255;0.2000;0.2000;0.1500;0.0270;0.0541;0.0811;0.0360;0.1724;0.7549;2;3;0.0403;0.1773;0.7813;Qwen3-4B
ID_2523040704958733;0.5472;0.4587;0.8000;0.7000;0.4500;0.1739;0.3043;0.3913;0.2500;0.2057;0.6643;7;10;0.2899;0.2451;0.7466;Qwen3-4B
ID_5860088594236271;0.1584;0.1759;0.2000;0.2000;0.2000;0.0233;0.0465;0.0930;0.0105;0.2370;0.5674;2;4;0.0223;0.3353;0.5300;Qwen3-4B
ID_4768528057390837;0.0314;0.1373;0.0000;0.1000;0.2000;0.0000;0.0250;0.1000;0.0036;0.0669;0.8249;1;5;0.0201;0.2756;0.7577;Qwen3-4B
ID_1571839544168040;0.4753;0.4812;0.4000;0.6000;0.5000;0.0952;0.2857;0.4762;0.1727;0.5000;0.5651;6;10;0.2636;0.5714;0.6012;Qwen3-4B
ID_6225394638610694;0.2416;0.1865;0.4000;0.3000;0.2000;0.0870;0.1304;0.1739;0.0536;0.0800;0.7323;3;4;0.0681;0.2067;0.7732;Qwen3-4B
ID_6532338737692493;0.4559;0.3881;0.4000;0.3000;0.2500;0.1000;0.1500;0.2500;0.1250;0.1656;0.7629;5;8;0.1493;0.1954;0.7409;Qwen3-4B
ID_5265254209364825;0.3964;0.3289;0.4000;0.3000;0.2500;0.0606;0.0909;0.1515;0.0606;0.2197;0.7575;3;5;0.0800;0.2775;0.7347;Qwen3-4B
ID_6374279398246756;0.5737;0.5080;0.8000;0.5000;0.4500;0.1176;0.1471;0.2647;0.1093;0.2021;0.7198;5;10;0.1711;0.2447;0.7361;Qwen3-4B
ID_6801014238742352;0.2618;0.2795;0.2000;0.3000;0.3000;0.0357;0.1071;0.2143;0.0391;0.1452;0.7230;3;6;0.0764;0.1935;0.7242;Qwen3-4B
ID_9385929088657818;0.0948;0.2180;0.2000;0.1000;0.2500;0.0476;0.0476;0.2381;0.0119;0.2917;0.7425;1;5;0.0603;0.3056;0.7379;Qwen3-4B
ID_2509301929350826;0.0000;0.0000;0.0000;0.0000;0.0000;0.0000;0.0000;0.0000;0.0000;0.0427;0.7089;0;0;0.0000;0.0453;0.7185;Qwen3-4B
ID_7966465975599953;0.3836;0.4547;0.4000;0.3000;0.4500;0.0645;0.0968;0.2903;0.0613;0.0991;0.6818;3;9;0.1351;0.3411;0.6408;Qwen3-4B
ID_9157226124301186;0.1100;0.1880;0.2000;0.1000;0.2000;0.0500;0.0500;0.2000;0.0167;0.2302;0.6494;1;4;0.0483;0.5396;0.6318;Qwen3-4B
ID_9171504422944800;0.0000;0.1187;0.0000;0.0000;0.1000;0.0000;0.0000;0.1818;0.0000;0.1935;0.6715;0;2;0.0149;0.7097;0.6837;Qwen3-4B
ID_9092018794878372;0.0000;0.0000;0.0000;0.0000;0.0000;0.0000;0.0000;0.0000;0.0000;0.3608;0.7020;0;0;0.0000;0.3918;0.6506;Qwen3-4B
ID_5162043375426666;0.4374;0.3551;0.4000;0.3000;0.2500;0.0435;0.0652;0.1087;0.0543;0.4366;0.5758;3;5;0.0683;0.4648;0.6383;Qwen3-4B
ID_1980789059908737;0.5801;0.5448;0.8000;0.6000;0.5500;0.0755;0.1132;0.2075;0.1036;0.8408;0.6793;6;11;0.1528;0.8408;0.6755;Qwen3-4B
ID_7708469164258322;0.4579;0.4132;0.6000;0.5000;0.3500;0.0968;0.1613;0.2258;0.1202;0.2018;0.7086;5;7;0.1512;0.2601;0.6926;Qwen3-4B
ID_4095512091254454;0.2902;0.2920;0.4000;0.2000;0.1500;0.1176;0.1176;0.1765;0.1176;0.7136;0.6871;2;3;0.1312;0.8593;0.6904;Qwen3-4B
ID_7359896733836304;0.4109;0.4464;0.4000;0.4000;0.4000;0.0952;0.1905;0.3810;0.1095;0.4840;0.5771;4;8;0.1878;0.5374;0.4816;Qwen3-4B
ID_3553837998751021;0.2900;0.2195;0.6000;0.3000;0.2000;0.0625;0.0625;0.0833;0.0299;0.2568;0.6582;3;4;0.0340;0.3643;0.6948;Qwen3-4B
ID_0037573905724394;0.2638;0.2489;0.2000;0.4000;0.3000;0.0333;0.1333;0.2000;0.0394;0.3940;0.7799;5;7;0.0679;0.4221;0.7685;Qwen3-4B
ID_3452982259415951;0.1348;0.1391;0.0000;0.1000;0.0500;0.0000;0.2000;0.2000;0.0250;0.3134;0.6476;2;3;0.0250;0.3284;0.7095;Qwen3-4B
ID_1262866723506084;0.0194;0.1599;0.0000;0.0000;0.2500;0.0000;0.0000;0.1667;0.0000;0.0588;0.6048;2;7;0.0281;0.3750;0.6016;Qwen3-4B
ID_2555147881487724;0.0000;0.1092;0.0000;0.0000;0.1500;0.0000;0.0000;0.0882;0.0000;0.0236;0.6486;0;3;0.0123;0.5339;0.7104;Qwen3-4B
ID_4679830870331445;0.4845;0.3307;0.8000;0.6000;0.3000;0.1481;0.2222;0.2222;0.1434;0.5083;0.5624;6;7;0.1434;0.5661;0.5799;Qwen3-4B
ID_7853140708995178;0.3685;0.4100;0.4000;0.3000;0.2500;0.2857;0.4286;0.7143;0.1762;0.1053;0.6447;3;7;0.2648;0.2719;0.6272;Qwen3-4B
ID_1976344298387988;0.0636;0.2357;0.0000;0.1000;0.2500;0.0000;0.0435;0.2174;0.0043;0.0455;0.6240;1;6;0.0427;0.0769;0.6501;Qwen3-4B
ID_1668340601837069;0.2783;0.3151;0.2000;0.4000;0.4000;0.0357;0.1429;0.2857;0.0753;0.1210;0.6405;5;10;0.1389;0.2097;0.6701;Qwen3-4B
ID_0419443097971251;0.0000;0.0000;0.0000;0.0000;0.0000;0.0000;0.0000;0.0000;0.0000;0.2670;0.5489;0;0;0.0000;0.3141;0.6050;Qwen3-4B
ID_0128689067297674;0.0000;0.0323;0.0000;0.0000;0.0500;0.0000;0.0000;0.0208;0.0000;0.0018;0.7423;0;1;0.0010;0.1714;0.7242;Qwen3-4B
ID_4259402010746015;0.0000;0.0723;0.0000;0.0000;0.1000;0.0000;0.0000;0.0952;0.0000;0.0068;0.7229;0;2;0.0083;0.2432;0.7203;Qwen3-4B
ID_9279262545449206;0.0948;0.1087;0.2000;0.1000;0.1500;0.0278;0.0278;0.0833;0.0069;0.3879;0.7023;1;3;0.0144;0.5517;0.7085;Qwen3-4B
ID_2876196606157039;0.6349;0.5259;0.8000;0.5000;0.2500;0.2353;0.2941;0.2941;0.2725;0.3755;0.7177;5;5;0.2725;0.3874;0.6931;Qwen3-4B
ID_6638697951841821;0.6746;0.5433;0.8000;0.6000;0.4500;0.1739;0.2609;0.3913;0.2105;0.5442;0.6488;6;9;0.2820;0.6190;0.6011;Qwen3-4B
ID_0574758575822571;0.1100;0.1381;0.2000;0.1000;0.2000;0.0303;0.0303;0.1212;0.0101;0.2642;0.7223;1;4;0.0269;0.4764;0.7224;Qwen3-4B
ID_5330038705900274;0.4080;0.3502;0.4000;0.3000;0.1500;0.1429;0.2143;0.2143;0.1643;0.5204;0.6203;4;4;0.1643;0.6633;0.7069;Qwen3-4B
ID_8547934593183920;0.2648;0.3438;0.4000;0.4000;0.4000;0.0741;0.1481;0.2963;0.0827;0.7692;0.5275;4;8;0.1390;0.8935;0.6434;Qwen3-4B
ID_1364246301366731;0.0298;0.1437;0.0000;0.1000;0.2000;0.0000;0.0588;0.2353;0.0074;0.2201;0.7041;1;5;0.0386;0.5320;0.6965;Qwen3-4B
ID_1128395832959780;0.5885;0.4680;0.8000;0.5000;0.4000;0.1176;0.1471;0.2353;0.1191;0.2474;0.5883;5;8;0.1515;0.4296;0.6036;Qwen3-4B
ID_5118629875846648;0.0694;0.1474;0.0000;0.1000;0.2000;0.0000;0.0370;0.1481;0.0046;0.3479;0.7283;1;4;0.0239;0.3897;0.6841;Qwen3-4B
ID_0484982277336205;0.0000;0.0000;0.0000;0.0000;0.0000;0.0000;0.0000;0.0000;0.0000;0.0542;0.7024;0;0;0.0000;0.0614;0.7339;Qwen3-4B
ID_2602949498335989;0.0742;0.0677;0.0000;0.2000;0.1500;0.0000;0.0625;0.0938;0.0122;0.0801;0.7099;3;4;0.0194;0.0821;0.6347;Qwen3-4B
ID_5923720330718235;0.3938;0.4359;0.4000;0.3000;0.3500;0.0741;0.1111;0.2593;0.0728;0.3717;0.6915;3;7;0.1332;0.3982;0.6044;Qwen3-4B
ID_2861424806494103;0.6623;0.4638;0.8000;0.7000;0.4000;0.1176;0.2059;0.2353;0.1583;0.5965;0.6519;7;8;0.1751;0.6433;0.6376;Qwen3-4B
ID_4671203889895341;0.5151;0.3676;0.8000;0.6000;0.3000;0.1739;0.2609;0.2609;0.1931;0.5948;0.5776;7;7;0.1931;0.6275;0.6487;Qwen3-4B
ID_4043924606392112;0.0000;0.0000;0.0000;0.0000;0.0000;0.0000;0.0000;0.0000;0.0000;0.0137;0.7001;0;0;0.0000;0.0137;0.6712;Qwen3-4B
ID_9170893104155674;0.0336;0.1243;0.0000;0.1000;0.2000;0.0000;0.0370;0.1481;0.0062;0.0316;0.7301;1;4;0.0255;0.4053;0.7394;Qwen3-4B
ID_3991335284097878;0.2201;0.3368;0.2000;0.1000;0.2000;0.0714;0.0714;0.2857;0.0714;0.5849;0.6820;1;5;0.1177;0.6415;0.6337;Qwen3-4B
ID_1802668440782138;0.5934;0.4976;0.6000;0.5000;0.3500;0.1429;0.2381;0.3333;0.1846;0.6081;0.2749;5;7;0.2362;0.7095;0.2720;Qwen3-4B
ID_0211323355347168;0.2332;0.1505;0.4000;0.2000;0.1000;0.0667;0.0667;0.0667;0.0667;0.0789;0.7353;2;2;0.0667;0.1754;0.7367;Qwen3-4B
ID_5635972225700254;0.5066;0.4727;0.4000;0.5000;0.4500;0.0800;0.2000;0.3600;0.1239;0.5234;0.6120;6;10;0.1945;0.6075;0.5949;Qwen3-4B
ID_1616204547689304;0.0112;0.0807;0.0000;0.0000;0.1000;0.0000;0.0000;0.1053;0.0000;0.4957;0.7438;1;4;0.0085;0.6154;0.7048;Qwen3-4B
ID_0560039556461253;0.4249;0.4447;0.6000;0.3000;0.4500;0.0600;0.0600;0.1800;0.0483;0.2148;0.6708;3;9;0.0968;0.4760;0.7138;Qwen3-4B
ID_3455204481678421;0.4835;0.4208;0.6000;0.4000;0.3500;0.0789;0.1053;0.1842;0.0658;0.5432;0.5643;5;9;0.0997;0.5751;0.6572;Qwen3-4B
ID_8938461112152405;0.3818;0.3627;0.2000;0.3000;0.3500;0.0400;0.1200;0.2800;0.0705;0.3707;0.7110;4;8;0.1205;0.4009;0.7279;Qwen3-4B
ID_5552833362200954;0.1764;0.2422;0.0000;0.3000;0.3000;0.0000;0.1200;0.2400;0.0331;0.1798;0.6498;3;6;0.0707;0.2809;0.6445;Qwen3-4B
ID_0914668307033301;0.5155;0.5627;0.4000;0.4000;0.3000;0.1429;0.2857;0.4286;0.2014;0.7096;0.7440;4;6;0.2553;0.7411;0.7137;Qwen3-4B
ID_1990435630619505;0.2991;0.2987;0.2000;0.2000;0.2000;0.0500;0.1000;0.2000;0.0350;0.4524;0.6876;7;12;0.0590;0.5595;0.6796;Qwen3-4B
ID_4962820320879891;0.0000;0.1226;0.0000;0.0000;0.2000;0.0000;0.0000;0.0889;0.0000;0.2755;0.5888;0;4;0.0133;0.5057;0.6149;Qwen3-4B
ID_0084300900034108;0.3590;0.3189;0.4000;0.2000;0.1500;0.1053;0.1053;0.1579;0.1053;0.1682;0.7637;2;4;0.1146;0.2150;0.7173;Qwen3-4B
ID_1888879974374014;0.3223;0.2080;0.4000;0.3000;0.1500;0.0588;0.0882;0.0882;0.0469;0.2807;0.6688;3;3;0.0469;0.2950;0.4794;Qwen3-4B
ID_3061734732654188;0.2704;0.4267;0.4000;0.5000;0.5500;0.0833;0.2083;0.4583;0.0942;0.2391;0.7092;6;12;0.2484;0.4783;0.7087;Qwen3-4B
ID_3594651355252245;0.0000;0.0058;0.0000;0.0000;0.0000;0.0000;0.0000;0.0000;0.0000;0.0748;0.5986;0;1;0.0000;0.0789;0.5524;Qwen3-4B
ID_8739431159426389;0.0571;0.0570;0.2000;0.1000;0.1000;0.0286;0.0286;0.0571;0.0095;0.0346;0.7589;2;4;0.0133;0.1315;0.7352;Qwen3-4B
ID_7050638697696950;0.4288;0.3777;0.8000;0.4000;0.3500;0.1905;0.1905;0.3333;0.1294;0.1519;0.6523;4;7;0.2005;0.2025;0.5497;Qwen3-4B
ID_3781815204303241;0.2787;0.2084;0.2000;0.4000;0.2000;0.0370;0.1481;0.1481;0.0570;0.4291;0.6987;5;5;0.0570;0.4400;0.7210;Qwen3-4B
ID_3394181280355442;0.0897;0.1840;0.2000;0.1000;0.2000;0.0714;0.0714;0.2857;0.0357;0.1317;0.7804;2;5;0.0788;0.1677;0.7511;Qwen3-4B
ID_7927685281122435;0.0000;0.2103;0.0000;0.0000;0.2500;0.0000;0.0000;0.1852;0.0000;0.2109;0.5789;0;5;0.0345;0.5625;0.6594;Qwen3-4B
ID_3900177177421722;0.3551;0.3126;0.4000;0.3000;0.2000;0.1000;0.1500;0.2000;0.0798;0.8833;0.2896;6;8;0.0931;0.8833;0.2693;Qwen3-4B
ID_0915732258069388;0.0000;0.0237;0.0000;0.0000;0.0500;0.0000;0.0000;0.0526;0.0000;0.0466;0.7297;0;1;0.0038;0.1038;0.7253;Qwen3-4B
ID_6341248082936350;0.0784;0.0506;0.0000;0.1000;0.0500;0.0000;0.0244;0.0244;0.0041;0.0294;0.6076;1;1;0.0041;0.0588;0.7353;Qwen3-4B
ID_8634866589762862;0.3665;0.3675;0.4000;0.3000;0.2500;0.1053;0.1579;0.2632;0.1316;0.3286;0.7936;4;6;0.1679;0.3779;0.7749;Qwen3-4B
ID_8992951405803858;0.0798;0.0546;0.0000;0.1000;0.0500;0.0000;0.0500;0.0500;0.0056;0.0695;0.7232;2;2;0.0056;0.1141;0.7484;Qwen3-4B
ID_8555278845050226;0.0734;0.1677;0.0000;0.1000;0.2500;0.0000;0.0263;0.1316;0.0038;0.1417;0.7456;1;5;0.0273;0.2953;0.7481;Qwen3-4B
ID_6420054948441113;0.3433;0.2714;0.4000;0.3000;0.2500;0.0476;0.0714;0.1190;0.0437;0.2293;0.6391;3;5;0.0566;0.4341;0.6360;Qwen3-4B
ID_3784957422020764;0.2201;0.2281;0.2000;0.1000;0.2000;0.0294;0.0294;0.1176;0.0294;0.2989;0.5371;1;4;0.0445;0.4484;0.5662;Qwen3-4B
ID_2747150211073176;0.0851;0.0549;0.2000;0.1000;0.0500;0.0278;0.0278;0.0278;0.0056;0.0363;0.6634;1;1;0.0056;0.0363;0.6843;Qwen3-4B
ID_6646435354431954;0.0000;0.0000;0.0000;0.0000;0.0000;0.0000;0.0000;0.0000;0.0000;0.1111;0.7740;0;0;0.0000;0.1307;0.6662;Qwen3-4B
ID_2121686219033754;0.3317;0.3384;0.4000;0.4000;0.4000;0.0588;0.1176;0.2353;0.0506;0.0899;0.7699;4;8;0.1011;0.2247;0.7796;Qwen3-4B
ID_0517841867884236;0.7534;0.5911;0.8000;0.7000;0.5000;0.0833;0.1458;0.2083;0.1207;0.6963;0.5640;7;10;0.1561;0.7670;0.5939;Qwen3-4B
ID_6562497517787376;0.6284;0.4752;0.4000;0.7000;0.4500;0.0556;0.1944;0.2500;0.1406;0.2893;0.5578;7;9;0.1702;0.2998;0.5989;Qwen3-4B
ID_2253678905578777;0.4687;0.4209;0.6000;0.4000;0.3500;0.0789;0.1053;0.1842;0.0753;0.7569;0.6232;7;10;0.1107;0.7639;0.6782;Qwen3-4B
ID_8884263402852992;0.7086;0.6607;0.6000;0.5000;0.2500;0.3333;0.5556;0.5556;0.4414;0.7692;0.5982;5;5;0.4414;0.8462;0.6730;Qwen3-4B
ID_3669511350633933;0.3677;0.4273;0.6000;0.4000;0.5000;0.1071;0.1429;0.3571;0.0869;0.1212;0.7016;4;10;0.1813;0.2000;0.6963;Qwen3-4B
ID_1046967561370777;0.1536;0.1466;0.2000;0.1000;0.0500;0.0909;0.0909;0.0909;0.0182;0.6216;0.6554;1;1;0.0182;0.6622;0.6712;Qwen3-4B
ID_0095550072802463;0.0000;0.0839;0.0000;0.0000;0.1000;0.0000;0.0000;0.1250;0.0000;0.1452;0.6097;0;2;0.0123;0.1828;0.6895;Qwen3-4B
ID_2658762200370578;0.0981;0.2247;0.0000;0.1000;0.2000;0.0000;0.0625;0.2500;0.0104;0.0347;0.7536;1;5;0.0466;0.1156;0.7364;Qwen3-4B
ID_0700137809969252;0.0667;0.0589;0.2000;0.1000;0.0500;0.0476;0.0476;0.0476;0.0095;0.0996;0.7267;2;3;0.0095;0.1909;0.7253;Qwen3-4B
ID_2713375538068664;0.0295;0.0326;0.0000;0.1000;0.0500;0.0000;0.0769;0.0769;0.0077;0.2696;0.7069;1;2;0.0077;0.3652;0.7085;Qwen3-4B
ID_3867942762661182;0.5229;0.4616;0.4000;0.4000;0.4000;0.0588;0.1176;0.2353;0.0903;0.3750;0.6395;5;9;0.1451;0.4732;0.7007;Qwen3-4B
ID_4548734294382889;0.1488;0.2029;0.2000;0.2000;0.2500;0.0250;0.0500;0.1250;0.0100;0.2387;0.6728;2;5;0.0298;0.3116;0.7151;Qwen3-4B
ID_7930540518087267;0.2669;0.3453;0.4000;0.4000;0.4000;0.0870;0.1739;0.3478;0.0946;0.2295;0.7089;4;11;0.1724;0.5342;0.6569;Qwen3-4B
ID_3852736184581900;0.3914;0.3828;0.4000;0.5000;0.4500;0.0714;0.1786;0.3214;0.0768;0.5185;0.6183;5;9;0.1592;0.5309;0.6495;Qwen3-4B
ID_7591029585871788;0.2846;0.4033;0.4000;0.3000;0.4000;0.1333;0.2000;0.5333;0.0822;0.5037;0.5087;4;10;0.2058;0.5778;0.3970;Qwen3-4B
ID_4028993334703256;0.4268;0.3567;0.6000;0.4000;0.2500;0.0732;0.0976;0.1220;0.0768;0.5202;0.6643;4;5;0.0879;0.5727;0.6620;Qwen3-4B
ID_8906707362461289;0.0000;0.0000;0.0000;0.0000;0.0000;0.0000;0.0000;0.0000;0.0000;0.1875;0.6819;0;0;0.0000;0.4375;0.7389;Qwen3-4B
ID_7913302545613108;0.4690;0.4631;0.6000;0.3000;0.2500;0.1875;0.1875;0.3125;0.1875;0.3380;0.7378;3;5;0.2241;0.3521;0.6813;Qwen3-4B
ID_2329499237357364;0.3879;0.3692;0.4000;0.2000;0.2000;0.1333;0.1333;0.2667;0.1000;0.2273;0.6819;3;5;0.1294;0.2330;0.6737;Qwen3-4B
ID_0717367953543712;0.2963;0.2843;0.2000;0.2000;0.1000;0.1111;0.2222;0.2222;0.1333;0.5270;0.5508;2;2;0.1333;0.5541;0.6936;Qwen3-4B
ID_6019754377229990;0.5631;0.4774;0.6000;0.5000;0.4000;0.0857;0.1429;0.2286;0.1017;0.4516;0.6626;5;10;0.1380;0.5565;0.5680;Qwen3-4B
ID_1601050225496140;0.1725;0.3216;0.2000;0.2000;0.4000;0.0333;0.0667;0.2667;0.0278;0.1474;0.6344;2;8;0.0957;0.8316;0.6443;Qwen3-4B
ID_5957855817378897;0.3574;0.4262;0.4000;0.3000;0.4000;0.0667;0.1000;0.2667;0.0656;0.0954;0.6230;3;8;0.1298;0.2739;0.6697;Qwen3-4B
ID_1349279406406034;0.1439;0.2813;0.4000;0.3000;0.3500;0.1111;0.1667;0.3889;0.0630;0.3500;0.7255;3;9;0.1334;0.5250;0.7277;Qwen3-4B
ID_1290711673273506;0.2284;0.2371;0.2000;0.1000;0.1000;0.0435;0.0435;0.0870;0.0435;0.1693;0.6914;1;3;0.0497;0.5026;0.7089;Qwen3-4B
ID_2402401592333107;0.0000;0.0493;0.0000;0.0000;0.0500;0.0000;0.0000;0.0625;0.0000;0.0595;0.7291;0;1;0.0057;0.0919;0.7315;Qwen3-4B
ID_0036129846822289;0.2521;0.1961;0.2000;0.3000;0.2000;0.0357;0.1071;0.1429;0.0345;0.3333;0.5960;3;4;0.0425;0.4905;0.5999;Qwen3-4B
ID_7937368027614414;0.4861;0.4484;0.4000;0.5000;0.3500;0.0690;0.1724;0.2414;0.1188;0.3746;0.4048;5;8;0.1470;0.4536;0.5248;Qwen3-4B
ID_9065501029560884;0.3120;0.3410;0.4000;0.3000;0.3000;0.0833;0.1250;0.2500;0.0625;0.0979;0.7840;3;6;0.1093;0.3617;0.7375;Qwen3-4B
ID_6886593430683676;0.3472;0.4331;0.4000;0.3000;0.4000;0.0909;0.1364;0.3636;0.0788;0.1707;0.5900;4;10;0.1703;0.3171;0.6122;Qwen3-4B
ID_9362686215096702;0.3379;0.3256;0.4000;0.4000;0.3500;0.0444;0.0889;0.1556;0.0466;0.1621;0.6788;5;8;0.0737;0.2902;0.7025;Qwen3-4B
ID_3746397954560718;0.1388;0.2721;0.2000;0.1000;0.1500;0.0769;0.0769;0.2308;0.0256;0.0426;0.8019;4;10;0.0495;0.2128;0.7944;Qwen3-4B
ID_7561487411080800;0.5709;0.4793;0.8000;0.6000;0.4500;0.0976;0.1463;0.2195;0.1134;0.6343;0.6719;6;10;0.1518;0.6512;0.6794;Qwen3-4B
ID_9080862012369372;0.1785;0.1818;0.0000;0.1000;0.0500;0.0000;0.1111;0.1111;0.0185;0.2556;0.7165;2;4;0.0185;0.6500;0.6615;Qwen3-4B
ID_2938011667744143;0.0000;0.0000;0.0000;0.0000;0.0000;0.0000;0.0000;0.0000;0.0000;0.1420;0.7452;0;0;0.0000;0.2315;0.6903;Qwen3-4B
ID_1455327138239823;0.3191;0.2423;0.2000;0.4000;0.2500;0.0345;0.1379;0.1724;0.0496;0.2581;0.6395;4;5;0.0619;0.2782;0.6537;Qwen3-4B
ID_4787380927153288;0.2816;0.3277;0.0000;0.4000;0.4500;0.0000;0.0909;0.2045;0.0269;0.4038;0.6461;4;10;0.0830;0.5426;0.6394;Qwen3-4B
ID_4470314114687099;0.0198;0.0128;0.0000;0.0000;0.0000;0.0000;0.0000;0.0000;0.0000;0.0090;0.6983;1;1;0.0000;0.0661;0.6753;Qwen3-4B
ID_4594174520904857;0.1030;0.1327;0.0000;0.2000;0.2500;0.0000;0.0645;0.1613;0.0134;0.3791;0.7554;2;5;0.0344;0.7516;0.7461;Qwen3-4B
ID_1537768249023926;0.0000;0.0000;0.0000;0.0000;0.0000;0.0000;0.0000;0.0000;0.0000;0.0147;0.8198;0;0;0.0000;0.0187;0.8351;Qwen3-4B
ID_5006741787749124;0.2441;0.2887;0.0000;0.3000;0.2500;0.0000;0.2727;0.4545;0.0630;0.2128;0.7191;3;6;0.1059;0.2979;0.7151;Qwen3-4B
ID_7199755730477708;0.0000;0.0000;0.0000;0.0000;0.0000;0.0000;0.0000;0.0000;0.0000;0.0086;0.8082;0;0;0.0000;0.0258;0.8252;Qwen3-4B
ID_5969636750048659;0.0978;0.1009;0.2000;0.1000;0.0500;0.0769;0.0769;0.0769;0.0154;0.1488;0.7174;2;4;0.0154;0.3388;0.6900;Qwen3-4B
ID_4670907354729674;0.3954;0.4871;0.4000;0.3000;0.2000;0.2222;0.3333;0.4444;0.2698;0.2167;0.6474;3;4;0.3102;0.2667;0.6609;Qwen3-4B
ID_2878770983264825;0.0532;0.1557;0.2000;0.1000;0.2500;0.0400;0.0400;0.2000;0.0133;0.0382;0.7237;1;5;0.0483;0.3194;0.6674;Qwen3-4B
ID_6712204853062196;0.2263;0.2000;0.4000;0.3000;0.2000;0.0690;0.1034;0.1379;0.0328;0.2308;0.6047;4;5;0.0414;0.4231;0.6453;Qwen3-4B
ID_6644811083291335;0.1763;0.1409;0.2000;0.2000;0.1500;0.0400;0.0800;0.1200;0.0222;0.5992;0.5789;2;3;0.0322;0.7257;0.5704;Qwen3-4B
ID_9092587237114334;0.3301;0.2131;0.4000;0.2000;0.1000;0.0606;0.0606;0.0606;0.0505;0.0976;0.4977;2;2;0.0505;0.0976;0.3449;Qwen3-4B
ID_3551809247862378;0.1193;0.1075;0.2000;0.1000;0.0500;0.1250;0.1250;0.1250;0.0250;0.2869;0.7092;1;1;0.0250;0.5000;0.6623;Qwen3-4B
ID_5061261000226463;0.4135;0.3456;0.2000;0.2000;0.1500;0.0455;0.0909;0.1364;0.0568;0.2483;0.6673;3;6;0.0653;0.4069;0.6423;Qwen3-4B
ID_8643734175886873;0.5993;0.5589;1.0000;0.8000;0.6000;0.1786;0.2857;0.4286;0.2741;0.5500;0.7425;8;12;0.3806;0.7000;0.7261;Qwen3-4B
ID_8797735093080763;0.1488;0.1688;0.2000;0.2000;0.2000;0.0385;0.0769;0.1538;0.0154;0.1129;0.6721;2;4;0.0345;0.1129;0.6243;Qwen3-4B
ID_2302314954133011;0.3016;0.2970;0.4000;0.2000;0.1500;0.0870;0.0870;0.1304;0.0725;0.2632;0.7442;2;4;0.0825;0.4254;0.6731;Qwen3-4B
ID_7396818382676736;0.1389;0.2297;0.2000;0.1000;0.3000;0.0294;0.0294;0.1765;0.0147;0.7447;0.6372;1;6;0.0494;0.7979;0.6700;Qwen3-4B
ID_2382469130424035;0.3083;0.4558;0.6000;0.5000;0.6500;0.0732;0.1220;0.3171;0.0648;0.3444;0.5151;6;16;0.1755;0.6887;0.4419;Qwen3-4B
ID_0751166458904189;0.6318;0.5721;0.8000;0.7000;0.6000;0.0976;0.1707;0.2927;0.1270;0.4184;0.7128;7;13;0.2107;0.4796;0.7157;Qwen3-4B
ID_1433102143096276;0.3676;0.4201;0.4000;0.4000;0.3000;0.1818;0.3636;0.5455;0.1449;0.7927;0.7844;5;7;0.2102;0.8293;0.7316;Qwen3-4B
ID_5370050614825156;0.0686;0.0779;0.2000;0.1000;0.1500;0.0286;0.0286;0.0857;0.0143;0.1884;0.8101;2;5;0.0219;0.3007;0.7823;Qwen3-4B
ID_6293663565260182;0.0000;0.0000;0.0000;0.0000;0.0000;0.0000;0.0000;0.0000;0.0000;0.1679;0.7083;0;0;0.0000;0.1971;0.7166;Qwen3-4B
ID_0611351138131709;0.6884;0.6211;0.8000;0.7000;0.5500;0.1538;0.2692;0.4231;0.2381;0.6207;0.4469;7;11;0.3424;0.6483;0.4564;Qwen3-4B
ID_7583826391876379;0.3164;0.3150;0.4000;0.2000;0.2500;0.0769;0.0769;0.1923;0.0538;0.5921;0.7097;3;7;0.0899;0.6447;0.6301;Qwen3-4B
ID_0059762188104357;0.4289;0.5018;0.2000;0.5000;0.5500;0.0400;0.2000;0.4400;0.1105;0.8387;0.5880;5;11;0.2465;0.8710;0.5603;Qwen3-4B
ID_6052239712915301;0.0000;0.0777;0.0000;0.0000;0.1000;0.0000;0.0000;0.0588;0.0000;0.0126;0.7107;0;2;0.0050;0.1833;0.7377;Qwen3-4B
ID_6200337581440834;0.2902;0.2914;0.4000;0.3000;0.3000;0.0606;0.0909;0.1818;0.0576;0.4219;0.7478;3;6;0.0852;0.4844;0.7321;Qwen3-4B
ID_6405951782839858;0.1222;0.1096;0.2000;0.1000;0.0500;0.0714;0.0714;0.0714;0.0143;0.1939;0.5911;1;2;0.0143;0.4694;0.6827;Qwen3-4B
ID_7456235597127456;0.0000;0.0884;0.0000;0.0000;0.1500;0.0000;0.0000;0.1875;0.0000;0.0251;0.7176;0;3;0.0229;0.1226;0.6911;Qwen3-4B
ID_7254377052595883;0.3310;0.3488;0.4000;0.3000;0.3000;0.0952;0.1429;0.2857;0.0655;0.4451;0.6341;5;8;0.1081;0.4573;0.6193;Qwen3-4B
ID_8273262094488441;0.0984;0.1598;0.0000;0.3000;0.3000;0.0000;0.0882;0.1765;0.0243;0.0588;0.6664;3;6;0.0487;0.4216;0.7147;Qwen3-4B
ID_7525404075009709;0.2266;0.1859;0.4000;0.3000;0.2000;0.0588;0.0882;0.1176;0.0342;0.0268;0.7376;3;4;0.0449;0.3125;0.7327;Qwen3-4B
ID_2659526671827929;0.1299;0.2096;0.0000;0.2000;0.3000;0.0000;0.0400;0.1200;0.0062;0.2914;0.7173;2;6;0.0307;0.3814;0.7198;Qwen3-4B
ID_5436929276473133;0.5382;0.4923;0.4000;0.5000;0.4500;0.0426;0.1064;0.1915;0.0786;0.8527;0.5951;5;9;0.1230;0.9341;0.6331;Qwen3-4B
ID_2019624495480547;0.4644;0.5645;0.8000;0.7000;0.6500;0.1000;0.1750;0.3250;0.1550;0.5000;0.8109;7;13;0.2579;0.5802;0.7651;Qwen3-4B
ID_0101573130155769;0.3456;0.3833;0.6000;0.5000;0.4500;0.1304;0.2174;0.3913;0.1034;0.8333;0.5877;5;9;0.1896;0.8462;0.6040;Qwen3-4B
ID_1759328747578795;0.0000;0.1283;0.0000;0.0000;0.1500;0.0000;0.0000;0.1765;0.0000;0.0805;0.7680;0;3;0.0237;0.1525;0.7542;Qwen3-4B
ID_3376750892363066;0.4643;0.3695;0.4000;0.5000;0.4000;0.0690;0.1724;0.2759;0.0944;0.2626;0.7367;5;8;0.1530;0.3737;0.7349;Qwen3-4B
ID_3832957669189657;0.5271;0.4065;0.6000;0.4000;0.3000;0.0882;0.1176;0.1765;0.0977;0.3569;0.6266;4;6;0.1151;0.3637;0.6856;Qwen3-4B
ID_6985916875607463;0.0889;0.2171;0.0000;0.1000;0.2500;0.0000;0.0400;0.2000;0.0067;0.2212;0.5159;2;6;0.0388;0.4135;0.5843;Qwen3-4B
ID_0271756813168869;0.0000;0.0156;0.0000;0.0000;0.0000;0.0000;0.0000;0.0000;0.0000;0.0000;0.6527;0;1;0.0000;0.5000;0.7388;Qwen3-4B
ID_2515147908021339;0.7564;0.7023;0.6000;0.7000;0.6500;0.0612;0.1429;0.2653;0.1206;0.5657;0.6056;7;13;0.2056;0.5758;0.6841;Qwen3-4B
ID_4463851260628939;0.5900;0.5253;0.8000;0.5000;0.4500;0.1212;0.1515;0.2727;0.1164;0.2451;0.6531;6;10;0.1791;0.2598;0.6699;Qwen3-4B
ID_1103843322667635;0.6744;0.5263;0.8000;0.7000;0.5000;0.1212;0.2121;0.3030;0.1539;0.4580;0.6327;8;11;0.2171;0.5649;0.6740;Qwen3-4B
ID_0351531509597193;0.3811;0.2624;0.4000;0.3000;0.2000;0.0556;0.0833;0.1111;0.0509;0.0949;0.8043;3;4;0.0602;0.1022;0.7817;Qwen3-4B
ID_1602277501575415;0.0000;0.0000;0.0000;0.0000;0.0000;0.0000;0.0000;0.0000;0.0000;0.2469;0.5451;0;0;0.0000;0.2469;0.5451;Qwen3-4B
ID_1519722333222743;0.3344;0.3148;0.8000;0.5000;0.3500;0.1739;0.2174;0.3043;0.1543;0.2287;0.7338;5;8;0.1913;0.2979;0.7109;Qwen3-4B
ID_0198281726965444;0.5103;0.4018;0.4000;0.5000;0.3000;0.0909;0.2273;0.2727;0.1497;0.2181;0.7198;5;6;0.1658;0.2346;0.6968;Qwen3-4B
ID_2397508258376320;0.2090;0.2376;0.0000;0.3000;0.2500;0.0000;0.1875;0.3125;0.0454;0.9000;0.7220;3;5;0.0903;0.9500;0.6730;Qwen3-4B
ID_3243382843704500;0.1654;0.2695;0.0000;0.3000;0.4000;0.0000;0.1364;0.3636;0.0302;0.2286;0.7152;3;8;0.1227;0.4286;0.7126;Qwen3-4B
ID_7908961016619339;0.2515;0.3057;0.2000;0.2000;0.3000;0.0455;0.0909;0.2727;0.0584;0.2714;0.6406;2;6;0.1074;0.4286;0.6313;Qwen3-4B
ID_0612547523125517;0.2777;0.2633;0.0000;0.4000;0.3500;0.0000;0.1333;0.2333;0.0383;0.3517;0.6684;4;7;0.0770;0.3931;0.6388;Qwen3-4B
ID_7483948147827075;0.2712;0.3796;0.2000;0.4000;0.4500;0.0370;0.1481;0.3333;0.0451;0.4591;0.5710;5;10;0.1313;0.5692;0.5856;Qwen3-4B
ID_3663976246405654;0.1220;0.1051;0.0000;0.2000;0.1000;0.0000;0.1111;0.1111;0.0231;0.4636;0.6902;2;3;0.0231;0.5682;0.6954;Qwen3-4B
ID_6175285839739641;0.3378;0.3299;0.4000;0.4000;0.3000;0.0870;0.1739;0.2609;0.0973;0.3852;0.6529;4;6;0.1324;0.4439;0.6529;Qwen3-4B
ID_4746511137641620;0.4913;0.4216;0.8000;0.4000;0.4000;0.1000;0.1000;0.2000;0.0950;0.2984;0.6762;4;8;0.1439;0.3613;0.6737;Qwen3-4B
ID_2247991541439424;0.0383;0.0678;0.0000;0.1000;0.1000;0.0000;0.0270;0.0541;0.0030;0.2333;0.7257;2;3;0.0057;0.2667;0.7191;Qwen3-4B
ID_2169077750473763;0.2544;0.3806;0.6000;0.4000;0.5000;0.1111;0.1481;0.3704;0.0679;0.4706;0.6585;4;11;0.1699;0.5147;0.6853;Qwen3-4B
ID_0737720586420784;0.1357;0.1204;0.0000;0.2000;0.1500;0.0000;0.0385;0.0577;0.0067;0.1393;0.7219;2;3;0.0097;0.1967;0.7145;Qwen3-4B
ID_1666847480524681;0.6199;0.4356;0.4000;0.7000;0.4000;0.0465;0.1628;0.1860;0.1038;0.9459;0.6510;7;8;0.1162;1.0000;0.6280;Qwen3-4B
ID_0143397497562314;0.5767;0.6205;0.8000;0.6000;0.6500;0.1026;0.1538;0.3333;0.1103;0.5198;0.6713;6;13;0.2256;0.6608;0.6662;Qwen3-4B
ID_5733639342016958;0.0000;0.0000;0.0000;0.0000;0.0000;0.0000;0.0000;0.0000;0.0000;0.0906;0.6345;0;0;0.0000;0.2165;0.6962;Qwen3-4B
ID_6911356765220023;0.0527;0.0394;0.0000;0.1000;0.0500;0.0000;0.0294;0.0294;0.0042;0.1103;0.6720;3;4;0.0042;0.1838;0.6976;Qwen3-4B
ID_1254836315844697;0.1524;0.1883;0.2000;0.1000;0.1500;0.0526;0.0526;0.1579;0.0263;0.4451;0.7543;2;5;0.0422;0.4753;0.6968;Qwen3-4B
ID_3590884268165249;0.2876;0.2701;0.4000;0.3000;0.3000;0.0500;0.0750;0.1500;0.0300;0.1699;0.7119;3;6;0.0524;0.2070;0.7071;Qwen3-4B
ID_1383177933306046;0.2426;0.2409;0.2000;0.3000;0.3000;0.0294;0.0882;0.1765;0.0282;0.1074;0.7128;3;6;0.0541;0.5620;0.7048;Qwen3-4B
ID_8400994037688251;0.0111;0.0873;0.0000;0.0000;0.0500;0.0000;0.0000;0.1250;0.0000;0.2019;0.6436;1;4;0.0083;0.4712;0.6735;Qwen3-4B
ID_7421096523152034;0.0910;0.2613;0.0000;0.0000;0.1500;0.0000;0.0000;0.6000;0.0000;0.2105;0.6093;3;7;0.0640;0.2500;0.6352;Qwen3-4B
ID_3524890504250775;0.1052;0.2516;0.0000;0.1000;0.2500;0.0000;0.0625;0.3125;0.0089;0.4621;0.6606;5;10;0.0622;0.5339;0.6448;Qwen3-4B
ID_2762547320425528;0.0636;0.1538;0.0000;0.1000;0.2000;0.0000;0.0500;0.2000;0.0050;0.0936;0.7422;1;4;0.0317;0.4470;0.7267;Qwen3-4B
ID_6900410067408108;0.5530;0.4159;0.4000;0.6000;0.3500;0.0741;0.2222;0.2593;0.1394;0.6532;0.6361;6;8;0.1546;0.7218;0.6685;Qwen3-4B
ID_3675336131283739;0.2863;0.3373;0.2000;0.2000;0.3000;0.0417;0.0833;0.2500;0.0509;0.2063;0.7582;2;6;0.0967;0.2556;0.6892;Qwen3-4B
ID_5136341885052869;0.0117;0.0981;0.0000;0.0000;0.1500;0.0000;0.0000;0.0968;0.0000;0.1765;0.6104;1;4;0.0104;0.2500;0.6676;Qwen3-4B
ID_4892401475655718;0.0000;0.0000;0.0000;0.0000;0.0000;0.0000;0.0000;0.0000;0.0000;0.3144;0.6276;0;0;0.0000;0.4227;0.6201;Qwen3-4B
ID_1780902767520967;0.2906;0.2173;0.2000;0.3000;0.1500;0.0357;0.1071;0.1071;0.0451;0.6364;0.6157;3;3;0.0451;0.6909;0.6252;Qwen3-4B
ID_1106609472179988;0.6074;0.5323;0.8000;0.6000;0.4500;0.1053;0.1579;0.2368;0.1393;0.6694;0.6948;6;9;0.1779;0.6774;0.6675;Qwen3-4B
ID_7594033934995220;0.2457;0.2281;0.2000;0.4000;0.2500;0.0435;0.1739;0.2174;0.0569;0.8714;0.5691;6;7;0.0690;0.8857;0.6624;Qwen3-4B
ID_2293023062054998;0.3007;0.2996;0.2000;0.4000;0.3000;0.0476;0.1905;0.2857;0.0981;0.6004;0.7234;4;7;0.1436;0.6463;0.7132;Qwen3-4B
ID_3059520185406581;0.0636;0.1606;0.0000;0.1000;0.2500;0.0000;0.0323;0.1613;0.0032;0.3013;0.7646;1;5;0.0273;0.3377;0.7675;Qwen3-4B
ID_7969404470516307;0.0793;0.0512;0.0000;0.1000;0.0500;0.0000;0.0250;0.0250;0.0025;0.6438;0.5136;2;2;0.0025;0.6732;0.5777;Qwen3-4B
ID_3477269475651042;0.4436;0.4102;0.8000;0.4000;0.3500;0.1111;0.1111;0.1944;0.1111;0.8413;0.3822;6;11;0.1417;0.8487;0.3085;Qwen3-4B
ID_0023950321397451;0.5271;0.4444;0.6000;0.4000;0.3500;0.0750;0.1000;0.1750;0.0830;0.4149;0.6527;4;7;0.1107;0.5235;0.6771;Qwen3-4B
ID_3939504645911140;0.0284;0.1423;0.0000;0.1000;0.2000;0.0000;0.0357;0.1429;0.0040;0.5316;0.6223;1;5;0.0251;0.6474;0.5707;Qwen3-4B
ID_4300201078050323;0.4450;0.3599;0.6000;0.5000;0.4000;0.0789;0.1316;0.2105;0.0893;0.6239;0.6811;5;8;0.1251;0.6880;0.7390;Qwen3-4B
ID_2069437408328707;0.2805;0.3092;0.2000;0.3000;0.2500;0.0769;0.2308;0.3846;0.0679;0.1910;0.5651;3;5;0.1157;0.2493;0.5708;Qwen3-4B
ID_5653559772140199;0.5079;0.4205;0.8000;0.6000;0.4000;0.1333;0.2000;0.2667;0.1697;0.3400;0.4660;6;8;0.2032;0.3867;0.5713;Qwen3-4B
ID_4051248293039990;0.1359;0.1393;0.4000;0.2000;0.1000;0.2222;0.2222;0.2222;0.0815;0.4062;0.5930;2;3;0.0815;0.4167;0.5756;Qwen3-4B
ID_5599017990318989;0.1389;0.1701;0.2000;0.1000;0.1500;0.0286;0.0286;0.0857;0.0143;0.1028;0.6413;1;4;0.0256;0.1871;0.5358;Qwen3-4B
ID_5391801774050611;0.6369;0.6330;0.8000;0.5000;0.4500;0.1600;0.2000;0.3600;0.1800;0.7586;0.6218;6;12;0.2503;0.7701;0.6654;Qwen3-4B
ID_5379077061489077;0.0000;0.0357;0.0000;0.0000;0.1000;0.0000;0.0000;0.0541;0.0000;0.0168;0.7818;0;2;0.0046;0.0686;0.7540;Qwen3-4B
ID_5113998301069032;0.2144;0.1974;0.2000;0.2000;0.2000;0.0345;0.0690;0.1379;0.0249;0.0606;0.7760;4;6;0.0405;0.1136;0.7514;Qwen3-4B
ID_8948217221748469;0.0000;0.0740;0.0000;0.0000;0.1500;0.0000;0.0000;0.1034;0.0000;0.0179;0.6988;0;3;0.0113;0.1429;0.7601;Qwen3-4B
ID_5450087410078221;0.2478;0.2433;0.4000;0.2000;0.1500;0.1667;0.1667;0.2500;0.0972;0.1579;0.6393;2;3;0.1151;0.1711;0.7235;Qwen3-4B
ID_5832558504922244;0.0000;0.0282;0.0000;0.0000;0.1000;0.0000;0.0000;0.0500;0.0000;0.1511;0.7814;0;2;0.0039;0.3762;0.7369;Qwen3-4B
ID_5194381227316437;0.0000;0.0000;0.0000;0.0000;0.0000;0.0000;0.0000;0.0000;0.0000;0.1488;0.6936;0;0;0.0000;0.1570;0.5962;Qwen3-4B
ID_5662858299034942;0.3899;0.3556;0.4000;0.5000;0.4000;0.0667;0.1667;0.2667;0.0865;0.6241;0.6669;6;9;0.1295;0.6399;0.6938;Qwen3-4B
ID_0333795175458545;0.2300;0.3415;0.2000;0.3000;0.4000;0.0303;0.0909;0.2424;0.0480;0.3398;0.6436;3;8;0.1120;0.4369;0.6580;Qwen3-4B
ID_0063745071964255;0.7631;0.5520;0.8000;0.7000;0.4500;0.1538;0.2692;0.3462;0.2304;0.5988;0.6289;7;9;0.2700;0.7733;0.6761;Qwen3-4B
ID_4542759243110371;0.1019;0.1632;0.0000;0.2000;0.2500;0.0000;0.1000;0.2500;0.0156;0.5241;0.6513;3;6;0.0535;0.5989;0.7175;Qwen3-4B
ID_1680065573338339;0.0000;0.0000;0.0000;0.0000;0.0000;0.0000;0.0000;0.0000;0.0000;0.0544;0.7691;0;0;0.0000;0.0544;0.7569;Qwen3-4B
ID_2784703187800324;0.0000;0.0000;0.0000;0.0000;0.0000;0.0000;0.0000;0.0000;0.0000;0.2297;0.7071;0;0;0.0000;0.2297;0.5938;Qwen3-4B
ID_3563923906851611;0.5906;0.5431;0.6000;0.5000;0.4000;0.1579;0.2632;0.4211;0.1698;0.5263;0.7342;7;11;0.2540;0.5965;0.6946;Qwen3-4B
ID_3527197809276361;0.0636;0.2173;0.0000;0.1000;0.3000;0.0000;0.0182;0.1091;0.0018;0.0633;0.6721;1;6;0.0241;0.1584;0.6902;Qwen3-4B
ID_6261175351521953;0.1590;0.3026;0.4000;0.3000;0.4000;0.0870;0.1304;0.3478;0.0464;0.1111;0.7200;4;9;0.1426;0.2381;0.6590;Qwen3-4B
ID_0455487141833418;0.5739;0.4505;0.4000;0.6000;0.3500;0.1053;0.3158;0.3684;0.2261;0.3829;0.6327;7;8;0.2455;0.4171;0.6145;Qwen3-4B
ID_2002515486942024;0.0784;0.1218;0.0000;0.1000;0.1500;0.0000;0.0256;0.0769;0.0043;0.1027;0.7378;1;3;0.0126;0.1686;0.7207;Qwen3-4B
ID_4627360041573918;0.0000;0.0000;0.0000;0.0000;0.0000;0.0000;0.0000;0.0000;0.0000;0.0000;0.7024;0;0;0.0000;0.0000;0.7339;Qwen3-4B
ID_0649912135067700;0.0769;0.0795;0.2000;0.2000;0.1500;0.0227;0.0455;0.0682;0.0133;0.0705;0.7871;2;3;0.0181;0.0871;0.7281;Qwen3-4B
ID_8599181647215929;0.4374;0.3910;0.4000;0.3000;0.3500;0.0714;0.1071;0.2500;0.0893;0.4923;0.7332;3;7;0.1387;0.6308;0.7462;Qwen3-4B
ID_7026313596468626;0.1242;0.2184;0.2000;0.1000;0.2000;0.0588;0.0588;0.2353;0.0588;0.3421;0.6992;2;5;0.0879;0.5000;0.6773;Qwen3-4B
ID_4256595317953538;0.0377;0.0703;0.0000;0.1000;0.2000;0.0000;0.0244;0.0976;0.0024;0.3656;0.6295;2;5;0.0166;0.4194;0.6453;Qwen3-4B
ID_8614762185596299;0.0000;0.0709;0.0000;0.0000;0.1000;0.0000;0.0000;0.1000;0.0000;0.0047;0.7349;0;2;0.0082;0.2009;0.7240;Qwen3-4B
ID_8280978457776741;0.0000;0.0577;0.0000;0.0000;0.1000;0.0000;0.0000;0.0833;0.0000;0.1639;0.6123;0;3;0.0068;0.3033;0.6506;Qwen3-4B
ID_3493325384040150;0.2399;0.2244;0.2000;0.1000;0.1500;0.0312;0.0312;0.0938;0.0312;0.5641;0.5927;2;4;0.0409;0.7179;0.6263;Qwen3-4B
ID_2363575151206774;0.0000;0.2431;0.0000;0.0000;0.3000;0.0000;0.0000;0.2222;0.0000;0.1781;0.7419;0;6;0.0481;0.4110;0.7786;Qwen3-4B
ID_0370224663642100;0.5834;0.5335;0.6000;0.8000;0.6500;0.0667;0.1778;0.2889;0.1180;0.3077;0.7819;9;14;0.2029;0.3736;0.7595;Qwen3-4B
ID_2833240474723324;0.5167;0.5362;0.4000;0.5000;0.4500;0.1053;0.2632;0.4737;0.1526;0.6029;0.6573;5;9;0.2580;0.6434;0.5749;Qwen3-4B
ID_7035545485084138;0.6173;0.5561;0.6000;0.6000;0.4500;0.1000;0.2000;0.3000;0.1653;0.2831;0.6808;7;11;0.2171;0.3280;0.6550;Qwen3-4B
ID_8659496864305621;0.4192;0.4551;0.4000;0.2000;0.2500;0.1250;0.1250;0.3125;0.0875;0.1943;0.6741;3;6;0.1388;0.2844;0.4989;Qwen3-4B
ID_1994317879078816;0.0264;0.0363;0.0000;0.0000;0.0000;0.0000;0.0000;0.0000;0.0000;0.1034;0.6487;1;3;0.0000;0.2371;0.6319;Qwen3-4B
ID_7031429231827290;0.3045;0.2989;0.2000;0.2000;0.1500;0.0556;0.1111;0.1667;0.0714;0.1886;0.5711;2;3;0.0833;0.2000;0.5790;Qwen3-4B
ID_2935052598064187;0.6144;0.5184;0.8000;0.7000;0.5500;0.1000;0.1750;0.2750;0.1641;0.3563;0.6668;7;11;0.2275;0.3966;0.6444;Qwen3-4B
ID_7754410281265624;0.0858;0.0752;0.0000;0.2000;0.1000;0.0000;0.1667;0.1667;0.0286;0.5479;0.5394;3;3;0.0286;0.5616;0.5353;Qwen3-4B
ID_0182863293347169;0.5072;0.5028;0.8000;0.5000;0.5000;0.1481;0.1852;0.3704;0.1315;0.5580;0.5502;5;10;0.2249;0.6884;0.5899;Qwen3-4B
ID_6885901755516721;0.2201;0.3253;0.2000;0.1000;0.2500;0.0435;0.0435;0.2174;0.0435;0.3834;0.6696;1;5;0.0851;0.4560;0.6218;Qwen3-4B
ID_4609096963207702;0.0453;0.0807;0.0000;0.1000;0.1500;0.0000;0.0357;0.1071;0.0045;0.4164;0.7799;2;4;0.0199;0.5019;0.7122;Qwen3-4B
ID_4285855851606713;0.1588;0.2487;0.0000;0.2000;0.2500;0.0000;0.1333;0.3333;0.0244;0.3433;0.7239;3;6;0.0824;0.5075;0.6472;Qwen3-4B
ID_7346780267959997;0.3106;0.3254;0.4000;0.3000;0.3000;0.1176;0.1765;0.3529;0.1059;0.3851;0.5472;3;6;0.1686;0.4195;0.5853;Qwen3-4B
ID_4501155453484456;0.4885;0.3153;0.6000;0.4000;0.2000;0.0652;0.0870;0.0870;0.0612;0.1631;0.5585;4;4;0.0612;0.2189;0.6178;Qwen3-4B
ID_2529945687863385;0.6014;0.5256;0.8000;0.7000;0.5500;0.1333;0.2333;0.3667;0.1761;0.4338;0.6296;7;11;0.2508;0.4932;0.7303;Qwen3-4B
ID_6812635845529585;0.0948;0.2847;0.2000;0.1000;0.4500;0.0256;0.0256;0.2308;0.0064;0.2366;0.7536;1;9;0.0747;0.4290;0.6574;Qwen3-4B
ID_8626964624628522;0.6200;0.4771;0.4000;0.6000;0.4000;0.0667;0.2000;0.2667;0.1274;0.7088;0.7136;7;9;0.1691;0.7470;0.7330;Qwen3-4B
ID_1123376648713853;0.0638;0.1365;0.2000;0.2000;0.2000;0.0370;0.0741;0.1481;0.0148;0.2429;0.6408;2;6;0.0288;0.3503;0.6661;Qwen3-4B
ID_7304216246785522;0.2985;0.3139;0.2000;0.2000;0.2500;0.0256;0.0513;0.1282;0.0342;0.3061;0.7234;2;5;0.0526;0.4898;0.6894;Qwen3-4B
ID_7011592935958198;0.4722;0.4459;0.6000;0.5000;0.4000;0.1200;0.2000;0.3200;0.1522;0.4062;0.6735;5;9;0.2074;0.4844;0.7073;Qwen3-4B
ID_6044001261072009;0.4866;0.5071;0.6000;0.4000;0.3500;0.1200;0.1600;0.2800;0.1195;0.5556;0.6933;7;11;0.1661;0.6173;0.7182;Qwen3-4B
ID_5885575084085406;0.4000;0.3143;0.6000;0.3000;0.2000;0.1304;0.1304;0.1739;0.0913;0.3000;0.6478;3;4;0.1000;0.4200;0.6577;Qwen3-4B
ID_5996993884846655;0.1322;0.1423;0.0000;0.2000;0.1500;0.0000;0.1667;0.2500;0.0259;0.5148;0.6124;3;4;0.0438;0.5976;0.6111;Qwen3-4B
ID_3451466269572749;0.0000;0.0000;0.0000;0.0000;0.0000;0.0000;0.0000;0.0000;0.0000;0.2806;0.4483;0;0;0.0000;0.2878;0.5271;Qwen3-4B
ID_1450994881555781;0.2173;0.2661;0.2000;0.2000;0.2000;0.0385;0.0769;0.1538;0.0321;0.6327;0.6149;2;4;0.0554;0.6633;0.6415;Qwen3-4B
ID_4675204840701752;0.1737;0.2564;0.2000;0.2000;0.3000;0.0213;0.0426;0.1277;0.0113;0.2085;0.7540;2;6;0.0369;0.5191;0.7432;Qwen3-4B
ID_9106641700554750;0.2985;0.4115;0.4000;0.4000;0.5500;0.0488;0.0976;0.2683;0.0447;0.8600;0.6446;4;12;0.1407;0.9500;0.6505;Qwen3-4B
ID_0350919410439022;0.3817;0.4308;0.6000;0.6000;0.5500;0.1154;0.2308;0.4231;0.1304;0.2267;0.7291;6;12;0.2551;0.2400;0.7328;Qwen3-4B
ID_5978913916143327;0.7917;0.5444;1.0000;0.7000;0.4000;0.1351;0.1892;0.2162;0.1819;0.6875;0.7075;7;8;0.1940;0.7188;0.7529;Qwen3-4B
ID_3733846364293441;0.3592;0.3481;0.6000;0.4000;0.3000;0.1500;0.2000;0.3000;0.1292;0.3101;0.4981;4;6;0.1620;0.4115;0.5937;Qwen3-4B
ID_4679068868095356;0.2226;0.1795;0.6000;0.3000;0.1500;0.1667;0.1667;0.1667;0.1259;0.0381;0.7753;3;3;0.1259;0.0381;0.7784;Qwen3-4B
ID_5493283201428571;0.2646;0.2205;0.6000;0.3000;0.2000;0.1429;0.1429;0.1905;0.0762;0.3163;0.6285;3;4;0.0881;0.4473;0.6844;Qwen3-4B
ID_7605473235519650;0.3783;0.3751;0.4000;0.2000;0.2500;0.0741;0.0741;0.1852;0.0741;0.3782;0.7208;4;9;0.0977;0.4295;0.6907;Qwen3-4B
ID_1190700200800606;0.1262;0.2631;0.2000;0.2000;0.4000;0.0278;0.0556;0.2222;0.0149;0.0291;0.6311;2;9;0.0803;0.3107;0.6263;Qwen3-4B
ID_5572050278838550;0.5303;0.4470;0.4000;0.5000;0.4000;0.0541;0.1351;0.2162;0.0830;0.7933;0.6763;5;8;0.1185;0.8133;0.6373;Qwen3-4B
ID_8586805521593519;0.0694;0.1208;0.0000;0.1000;0.1500;0.0000;0.0256;0.0769;0.0032;0.4363;0.6761;1;3;0.0134;0.4980;0.6751;Qwen3-4B
ID_2044247985726091;0.1645;0.2254;0.2000;0.1000;0.1000;0.1000;0.1000;0.2000;0.0500;0.2375;0.6937;1;3;0.0682;0.2406;0.7466;Qwen3-4B
ID_6072951820735063;0.2505;0.2941;0.4000;0.5000;0.4000;0.0690;0.1724;0.2759;0.0805;0.5797;0.5771;7;10;0.1347;0.5942;0.5834;Qwen3-4B
ID_8827447995496589;0.2917;0.3750;0.4000;0.4000;0.5000;0.0800;0.1600;0.4000;0.0627;0.1724;0.7279;5;11;0.1711;0.4138;0.7231;Qwen3-4B
ID_5750110298304964;0.1692;0.2881;0.0000;0.2000;0.2500;0.0000;0.1429;0.3571;0.0281;0.6852;0.6582;2;5;0.0889;0.7037;0.6519;Qwen3-4B
ID_2116015069218871;0.0000;0.0316;0.0000;0.0000;0.1000;0.0000;0.0000;0.0606;0.0000;0.0592;0.6092;0;2;0.0046;0.1302;0.6289;Qwen3-4B
ID_1834035455867904;0.6330;0.5423;1.0000;0.5000;0.2500;0.3125;0.3125;0.3125;0.3125;0.3542;0.6123;5;5;0.3125;0.3750;0.7081;Qwen3-4B
ID_9578832375902806;0.0926;0.2310;0.0000;0.2000;0.4000;0.0000;0.0769;0.3077;0.0132;0.5198;0.7452;2;8;0.0950;0.6828;0.7297;Qwen3-4B
ID_4854372533657671;0.0784;0.0835;0.0000;0.1000;0.1000;0.0000;0.0213;0.0426;0.0035;0.0840;0.6253;1;2;0.0058;0.0840;0.6120;Qwen3-4B
ID_1278004515460973;0.4226;0.4331;0.2000;0.4000;0.2500;0.0769;0.3077;0.3846;0.1619;0.2979;0.5789;4;5;0.1894;0.3191;0.6584;Qwen3-4B
ID_4212950768814450;0.3346;0.3609;0.2000;0.2000;0.2000;0.0476;0.0952;0.1905;0.0582;0.7765;0.6243;4;9;0.0813;0.7933;0.6349;Qwen3-4B
ID_3859775879893716;0.1737;0.2747;0.2000;0.1000;0.1500;0.1000;0.1000;0.3000;0.0500;0.4947;0.6142;1;4;0.0833;0.5532;0.6014;Qwen3-4B
ID_0731606611183670;0.0851;0.1230;0.2000;0.1000;0.1500;0.0323;0.0323;0.0968;0.0065;0.6216;0.6974;1;3;0.0149;0.6892;0.6336;Qwen3-4B
ID_5076790300436750;0.0997;0.2749;0.0000;0.1000;0.3000;0.0000;0.0667;0.4000;0.0067;0.1793;0.6519;3;8;0.0791;0.1992;0.6555;Qwen3-4B
ID_7909389621807467;0.2758;0.2616;0.2000;0.3000;0.3000;0.0370;0.1111;0.2222;0.0402;0.3820;0.5954;3;6;0.0745;0.3933;0.6074;Qwen3-4B
ID_1896106488323757;0.1179;0.2306;0.2000;0.1000;0.1500;0.0769;0.0769;0.2308;0.0154;0.4173;0.7080;2;9;0.0404;0.6929;0.6297;Qwen3-4B
ID_5606850513813191;0.3076;0.3076;0.2000;0.2000;0.1000;0.2000;0.4000;0.4000;0.1238;0.3158;0.6971;2;2;0.1238;0.3816;0.6544;Qwen3-4B
ID_8192385731123737;0.3496;0.3251;0.6000;0.4000;0.3000;0.1304;0.1739;0.2609;0.1058;0.2875;0.7303;4;7;0.1347;0.4125;0.7726;Qwen3-4B
ID_3090998656907702;0.7878;0.5439;0.8000;0.8000;0.4500;0.1290;0.2581;0.2903;0.2057;0.2250;0.7048;8;9;0.2251;0.2250;0.6522;Qwen3-4B
ID_1708237858198821;0.2936;0.2380;0.2000;0.4000;0.2500;0.0357;0.1429;0.1786;0.0708;0.3597;0.7066;4;5;0.0846;0.4748;0.6571;Qwen3-4B
ID_7783163368484914;0.5717;0.5544;0.6000;0.5000;0.3500;0.1875;0.3125;0.4375;0.2389;0.6512;0.5466;5;7;0.2969;0.6744;0.5232;Qwen3-4B
ID_0621002533579104;0.1749;0.1173;0.4000;0.4000;0.2000;0.0476;0.0952;0.0952;0.0350;0.1048;0.6346;4;4;0.0350;0.1048;0.6845;Qwen3-4B
ID_1971734589534354;0.0000;0.0339;0.0000;0.0000;0.1000;0.0000;0.0000;0.0769;0.0000;0.0472;0.6715;0;3;0.0064;0.0943;0.7318;Qwen3-4B
ID_7890165105970581;0.1299;0.1284;0.0000;0.2000;0.1500;0.0000;0.0690;0.1034;0.0107;0.0175;0.7736;2;4;0.0172;0.1526;0.8125;Qwen3-4B
ID_7107963864874501;0.6497;0.4339;0.8000;0.6000;0.3500;0.1176;0.1765;0.2059;0.1352;0.6502;0.7201;6;7;0.1473;0.6502;0.7279;Qwen3-4B
ID_9904579095302578;0.0000;0.0627;0.0000;0.0000;0.1000;0.0000;0.0000;0.2222;0.0000;0.0811;0.6944;0;2;0.0286;0.1486;0.6888;Qwen3-4B
ID_6161888127051479;0.1262;0.1324;0.2000;0.2000;0.1500;0.0435;0.0870;0.1304;0.0233;0.4971;0.6565;2;3;0.0302;0.5382;0.6432;Qwen3-4B
ID_1066462335621573;0.6595;0.5895;0.6000;0.6000;0.5500;0.0857;0.1714;0.3143;0.1309;0.6316;0.5158;6;12;0.2175;0.6579;0.6429;Qwen3-4B
ID_1104988511999827;0.7300;0.6583;0.8000;0.7000;0.6000;0.1818;0.3182;0.5455;0.2780;0.5398;0.6098;9;14;0.4522;0.6018;0.4262;Qwen3-4B
ID_8056741558903379;0.1642;0.1941;0.2000;0.2000;0.2500;0.0370;0.0741;0.1852;0.0185;0.6370;0.6460;2;5;0.0508;0.6370;0.5649;Qwen3-4B
ID_0145887238250184;0.0663;0.1698;0.0000;0.1000;0.2000;0.0000;0.0435;0.1739;0.0048;0.0787;0.7329;1;5;0.0271;0.2917;0.7272;Qwen3-4B
ID_2854771102810220;0.2557;0.3395;0.2000;0.1000;0.3000;0.0526;0.0526;0.3158;0.0526;0.2735;0.7290;3;8;0.1181;0.5043;0.7227;Qwen3-4B
ID_6963964477157013;0.4219;0.3871;0.6000;0.5000;0.3000;0.1200;0.2000;0.2400;0.1417;0.3913;0.5293;5;6;0.1589;0.5072;0.6656;Qwen3-4B
ID_3950127945486168;0.5607;0.4635;0.6000;0.6000;0.3000;0.1579;0.3158;0.3158;0.2443;0.4231;0.6225;7;8;0.2443;0.7436;0.6648;Qwen3-4B
ID_2046981671187343;0.0000;0.2168;0.0000;0.0000;0.2000;0.0000;0.0000;0.3077;0.0000;0.1765;0.6748;0;5;0.0517;0.4314;0.7036;Qwen3-4B
ID_2270654658839508;0.3453;0.2612;0.2000;0.4000;0.2500;0.0179;0.0714;0.0893;0.0279;0.1170;0.7128;4;5;0.0353;0.1436;0.7425;Qwen3-4B
ID_0061972656195816;0.0754;0.2424;0.2000;0.1000;0.3000;0.0417;0.0417;0.2500;0.0139;0.0420;0.6722;2;7;0.0663;0.2689;0.6411;Qwen3-4B
ID_0883967020061181;0.2646;0.2818;0.4000;0.3000;0.3000;0.0667;0.1000;0.2000;0.0810;0.1622;0.7720;3;6;0.1177;0.3649;0.7640;Qwen3-4B
ID_1133302125160725;0.4873;0.5044;0.6000;0.4000;0.4000;0.1579;0.2105;0.4211;0.1798;0.1444;0.7307;4;8;0.2564;0.2222;0.6943;Qwen3-4B
ID_1914271225987860;0.3507;0.4024;0.6000;0.4000;0.3000;0.2143;0.2857;0.4286;0.1381;0.4724;0.5374;4;7;0.1931;0.4975;0.5589;Qwen3-4B
ID_5717546460597615;0.5415;0.4605;0.8000;0.7000;0.5000;0.0952;0.1667;0.2381;0.1142;0.6037;0.4907;7;10;0.1620;0.6498;0.5233;Qwen3-4B
ID_7921787048065279;0.0784;0.1814;0.0000;0.1000;0.2000;0.0000;0.0588;0.2353;0.0098;0.0186;0.6821;1;6;0.0392;0.0931;0.6911;Qwen3-4B
ID_5384883934019911;0.4668;0.3669;0.6000;0.6000;0.3500;0.0833;0.1667;0.1944;0.1425;0.2140;0.6357;6;7;0.1547;0.2186;0.6860;Qwen3-4B
ID_8821536792042504;0.1826;0.1770;0.2000;0.1000;0.0500;0.3333;0.3333;0.3333;0.0833;0.1026;0.7453;2;2;0.0833;0.3077;0.7832;Qwen3-4B
ID_4336175279058172;0.0095;0.1800;0.0000;0.0000;0.2500;0.0000;0.0000;0.1786;0.0000;0.1862;0.6483;1;6;0.0317;0.5241;0.6045;Qwen3-4B
ID_7088639503480810;0.5529;0.5029;1.0000;0.6000;0.5000;0.1562;0.1875;0.3125;0.1875;0.2500;0.6259;6;10;0.2634;0.3839;0.4581;Qwen3-4B
ID_0766190838110725;0.5212;0.4492;0.8000;0.5000;0.2500;0.3636;0.4545;0.4545;0.4023;0.2047;0.6929;7;7;0.4023;0.2512;0.7168;Qwen3-4B
ID_5588600593216123;0.4171;0.3832;0.4000;0.4000;0.2500;0.0952;0.1905;0.2381;0.1343;0.2404;0.7189;4;5;0.1513;0.3770;0.7784;Qwen3-4B
ID_6822739927690907;0.7156;0.5516;0.8000;0.6000;0.3500;0.2000;0.3000;0.3500;0.2845;0.7174;0.6632;6;7;0.3040;0.7609;0.6566;Qwen3-4B
ID_4792955482152100;0.0157;0.0115;0.0000;0.0000;0.0000;0.0000;0.0000;0.0000;0.0000;0.0485;0.6300;1;1;0.0000;0.0485;0.4837;Qwen3-4B
ID_7817033448036400;0.2963;0.2398;0.4000;0.3000;0.1500;0.0909;0.1364;0.1364;0.0985;0.5882;0.5817;4;4;0.0985;0.6618;0.7019;Qwen3-4B
ID_8133660776746187;0.1156;0.3227;0.2000;0.1000;0.1500;0.2000;0.2000;0.6000;0.1000;0.1928;0.6066;1;3;0.1603;0.6867;0.6279;Qwen3-4B
ID_8976306450816308;0.0721;0.0650;0.0000;0.1000;0.0500;0.0000;0.0455;0.0455;0.0057;0.0654;0.6835;1;2;0.0057;0.0784;0.7115;Qwen3-4B
ID_3667257393072255;0.2814;0.2862;0.2000;0.3000;0.2000;0.0769;0.2308;0.3077;0.0808;0.4348;0.6796;4;6;0.1013;0.5000;0.6631;Qwen3-4B
ID_7417258240533689;0.6471;0.5568;0.8000;0.8000;0.5500;0.1481;0.2963;0.4074;0.2618;0.5085;0.6288;8;11;0.3309;0.5085;0.6640;Qwen3-4B
ID_4027612512091565;0.1871;0.2061;0.4000;0.2000;0.1000;0.3333;0.3333;0.3333;0.1944;0.2464;0.6172;3;6;0.1944;0.3913;0.6412;Qwen3-4B
ID_5577871519448957;0.2328;0.2386;0.2000;0.1000;0.0500;0.1250;0.1250;0.1250;0.0625;0.3200;0.6002;1;3;0.0625;0.6400;0.6423;Qwen3-4B
ID_3174964298120701;0.0000;0.1213;0.0000;0.0000;0.1500;0.0000;0.0000;0.2000;0.0000;0.0917;0.7359;0;3;0.0218;0.3013;0.7365;Qwen3-4B
ID_1508456345535914;0.4360;0.3960;0.6000;0.3000;0.3000;0.1250;0.1250;0.2500;0.0875;0.7833;0.5925;6;10;0.1274;0.8250;0.6015;Qwen3-4B
ID_1606080164385644;0.1899;0.1542;0.2000;0.4000;0.3000;0.0244;0.0976;0.1463;0.0381;0.4471;0.6387;4;6;0.0580;0.5294;0.7017;Qwen3-4B
ID_7556393484185237;0.2216;0.2426;0.2000;0.2000;0.1500;0.0625;0.1250;0.1875;0.0451;0.6298;0.6108;2;4;0.0569;0.6683;0.6433;Qwen3-4B
ID_7705487128433052;0.1610;0.2567;0.2000;0.2000;0.2500;0.0435;0.0870;0.2174;0.0205;0.3401;0.7094;2;5;0.0492;0.4150;0.7208;Qwen3-4B
ID_5215677939309020;0.4155;0.3946;0.4000;0.4000;0.3500;0.0800;0.1600;0.2800;0.0931;0.6462;0.5458;4;8;0.1513;0.6615;0.5399;Qwen3-4B
ID_3632313056549978;0.5540;0.4996;0.4000;0.3000;0.3000;0.1053;0.1579;0.3158;0.1075;0.5167;0.6274;7;11;0.1555;0.5500;0.6190;Qwen3-4B
ID_1113234690255161;0.2436;0.1572;0.4000;0.3000;0.1500;0.0714;0.1071;0.1071;0.0339;0.3065;0.7426;3;3;0.0339;0.4032;0.7799;Qwen3-4B
ID_3583817683372046;0.4690;0.5050;0.6000;0.3000;0.3000;0.1500;0.1500;0.3000;0.1500;0.3457;0.6816;3;7;0.1979;0.4444;0.6715;Qwen3-4B
ID_7216344229807186;0.1157;0.2016;0.2000;0.3000;0.2500;0.0556;0.1667;0.2778;0.0444;0.1068;0.6127;3;9;0.0843;0.1922;0.6586;Qwen3-4B
ID_7873530684119035;0.5781;0.5688;0.6000;0.6000;0.6000;0.0667;0.1333;0.2667;0.0924;0.5682;0.5233;6;12;0.1770;0.6017;0.4623;Qwen3-4B
ID_3849610589103935;0.0883;0.0973;0.0000;0.1000;0.0500;0.0000;0.1000;0.1000;0.0111;0.7179;0.5799;1;2;0.0111;0.7692;0.6069;Qwen3-4B
ID_2426330204919814;0.7942;0.6648;0.8000;0.8000;0.6500;0.1026;0.2051;0.3333;0.1837;0.5882;0.7144;8;15;0.2855;0.6275;0.7004;Qwen3-4B
ID_6807553800607803;0.3210;0.3689;0.6000;0.3000;0.3000;0.1429;0.1429;0.2857;0.0913;0.4179;0.7284;4;8;0.1473;0.5746;0.7473;Qwen3-4B
ID_9896747816468168;0.6333;0.4869;0.6000;0.6000;0.4500;0.0909;0.1818;0.2727;0.1307;0.2430;0.6670;6;9;0.1857;0.3832;0.6773;Qwen3-4B
ID_8703127071027272;0.1370;0.1984;0.0000;0.2000;0.2500;0.0000;0.0465;0.1163;0.0080;0.1299;0.6853;2;5;0.0278;0.1688;0.7098;Qwen3-4B
ID_5984945942545807;0.3343;0.3300;0.4000;0.4000;0.3000;0.0952;0.1905;0.2857;0.0871;0.2673;0.6327;4;6;0.1291;0.3168;0.6646;Qwen3-4B
ID_6384773144352915;0.0892;0.2457;0.0000;0.1000;0.3000;0.0000;0.0556;0.3333;0.0062;0.1429;0.7416;2;7;0.0809;0.1786;0.7503;Qwen3-4B
ID_2924634223083790;0.1657;0.1331;0.0000;0.3000;0.1500;0.0000;0.0968;0.0968;0.0209;0.2449;0.6360;3;3;0.0209;0.3163;0.6614;Qwen3-4B
ID_6309609498284949;0.4384;0.4826;0.6000;0.4000;0.4500;0.1200;0.1600;0.3600;0.1329;0.5969;0.7375;4;10;0.2243;0.6859;0.7200;Qwen3-4B
ID_1154078371182103;0.0784;0.0987;0.0000;0.1000;0.1500;0.0000;0.0270;0.0811;0.0045;0.3253;0.7471;1;3;0.0124;0.4819;0.7366;Qwen3-4B
ID_1619120304203132;0.0000;0.0000;0.0000;0.0000;0.0000;0.0000;0.0000;0.0000;0.0000;0.1481;0.6758;0;0;0.0000;0.3519;0.6706;Qwen3-4B
ID_8106459529828166;0.7949;0.5438;0.8000;0.8000;0.5000;0.1000;0.2000;0.2500;0.1646;0.3571;0.7067;8;10;0.1973;0.4757;0.7327;Qwen3-4B
ID_5858842244938381;0.2997;0.2907;0.4000;0.4000;0.2500;0.0909;0.1818;0.2273;0.0710;0.2211;0.5846;5;6;0.0899;0.3015;0.6191;Qwen3-4B
ID_2931270888717344;0.4588;0.4374;0.4000;0.4000;0.4000;0.0541;0.1081;0.2162;0.0796;0.3059;0.7245;4;8;0.1248;0.4118;0.7021;Qwen3-4B
ID_5034796789305260;0.0000;0.0968;0.0000;0.0000;0.0500;0.0000;0.0000;0.1667;0.0000;0.0000;0.7753;0;1;0.0152;0.0625;0.7608;Qwen3-4B
ID_7034773971317045;0.4688;0.3422;0.6000;0.4000;0.2000;0.1250;0.1667;0.1667;0.1321;0.2184;0.7474;4;4;0.1321;0.2457;0.7732;Qwen3-4B
ID_0831151849844477;0.1124;0.1867;0.2000;0.2000;0.3000;0.0294;0.0588;0.1765;0.0118;0.3248;0.6401;2;6;0.0484;0.3761;0.6019;Qwen3-4B
ID_3223135002950210;0.2942;0.2770;0.2000;0.4000;0.3500;0.0263;0.1053;0.1842;0.0343;0.4085;0.5587;4;8;0.0610;0.4601;0.5920;Qwen3-4B
ID_8516223928904348;0.3105;0.4269;0.4000;0.3000;0.3000;0.1429;0.2143;0.4286;0.1378;0.4567;0.7111;5;9;0.2138;0.5385;0.7137;Qwen3-4B
ID_9308646552353762;0.2995;0.2629;0.6000;0.5000;0.4000;0.0789;0.1316;0.2105;0.0655;0.3430;0.6535;5;8;0.0981;0.6552;0.6629;Qwen3-4B
ID_1729487902904332;0.1424;0.1628;0.0000;0.1000;0.0500;0.0000;0.2500;0.2500;0.0312;0.2090;0.7650;2;3;0.0312;0.4328;0.6907;Qwen3-4B
ID_8492267499258500;0.3725;0.4111;0.2000;0.5000;0.5000;0.0345;0.1724;0.3448;0.0656;0.7000;0.6843;5;10;0.1455;0.8000;0.6558;Qwen3-4B
ID_4671775690334406;0.1269;0.3084;0.2000;0.2000;0.3000;0.0714;0.1429;0.4286;0.0286;0.5432;0.6349;2;6;0.1125;0.6790;0.6412;Qwen3-4B
ID_2065104260659969;0.6122;0.5153;0.8000;0.5000;0.4500;0.1250;0.1562;0.2812;0.1333;0.3780;0.6883;5;9;0.1945;0.5732;0.7467;Qwen3-4B
ID_0378897709136226;0.2160;0.2101;0.4000;0.3000;0.2500;0.0690;0.1034;0.1724;0.0382;0.2842;0.6056;3;5;0.0583;0.4000;0.6333;Qwen3-4B
ID_3446817929796674;0.0981;0.2215;0.0000;0.1000;0.2500;0.0000;0.0476;0.2381;0.0079;0.0924;0.6256;1;5;0.0480;0.2269;0.6236;Qwen3-4B
ID_8265116967095452;0.1518;0.1982;0.0000;0.2000;0.1500;0.0000;0.1333;0.2000;0.0302;0.2670;0.7359;2;6;0.0483;0.2738;0.7559;Qwen3-4B
ID_1224532648969159;0.3476;0.4076;0.4000;0.4000;0.4500;0.0526;0.1053;0.2368;0.0464;0.4080;0.7479;4;10;0.1065;0.7716;0.7300;Qwen3-4B
ID_3638659317775453;0.5385;0.5792;0.8000;0.5000;0.5500;0.1250;0.1562;0.3438;0.1179;0.7465;0.6428;5;11;0.2272;0.7981;0.5502;Qwen3-4B
ID_0263742679377591;0.0508;0.1200;0.2000;0.1000;0.1000;0.1000;0.1000;0.2000;0.0250;0.3053;0.6515;1;2;0.0393;0.3158;0.6788;Qwen3-4B
ID_0539134068708725;0.3369;0.3185;0.0000;0.5000;0.3500;0.0000;0.2273;0.3182;0.0805;0.7857;0.3539;8;13;0.1260;0.8036;0.5606;Qwen3-4B
ID_7328854929044759;0.2804;0.3295;0.4000;0.3000;0.3000;0.1053;0.1579;0.3158;0.0840;0.3750;0.7537;3;7;0.1301;0.4333;0.7000;Qwen3-4B
ID_8457699943400994;0.6115;0.5876;0.6000;0.5000;0.4000;0.1875;0.3125;0.5000;0.2448;0.2747;0.6668;6;10;0.3272;0.3863;0.7072;Qwen3-4B
ID_4830182825385638;0.1377;0.1078;0.2000;0.1000;0.0500;0.0526;0.0526;0.0526;0.0175;0.3081;0.6520;1;1;0.0175;0.3636;0.5854;Qwen3-4B
ID_1616454163444935;0.3159;0.3396;0.4000;0.5000;0.4000;0.0714;0.1786;0.2857;0.0873;0.7578;0.6553;7;11;0.1341;0.8438;0.6259;Qwen3-4B
ID_6473783273255196;0.3159;0.3044;0.4000;0.4000;0.3000;0.0625;0.1250;0.1875;0.0594;0.7679;0.6326;4;7;0.0779;0.8393;0.6552;Qwen3-4B
ID_1343302903420183;0.2646;0.3374;0.4000;0.3000;0.4000;0.0800;0.1200;0.3200;0.0443;0.0754;0.7181;3;8;0.1147;0.2513;0.7158;Qwen3-4B
ID_3309342336039521;0.4249;0.4435;0.6000;0.3000;0.3000;0.0857;0.0857;0.1714;0.0690;0.4234;0.7401;3;6;0.0988;0.5811;0.7009;Qwen3-4B
ID_6885920219067791;0.3720;0.2899;0.2000;0.5000;0.3500;0.0370;0.1852;0.2593;0.0983;0.2970;0.7215;5;7;0.1275;0.3366;0.7180;Qwen3-4B
ID_6150944383255830;0.5642;0.5578;0.4000;0.5000;0.3500;0.1333;0.3333;0.4667;0.1981;0.3968;0.5898;6;8;0.2673;0.4127;0.6387;Qwen3-4B
ID_5105401635003548;0.2638;0.3472;0.4000;0.3000;0.4000;0.0870;0.1304;0.3478;0.0870;0.6031;0.3946;3;8;0.1717;0.6947;0.5704;Qwen3-4B
ID_2679480309784746;0.0336;0.1500;0.0000;0.1000;0.2500;0.0000;0.0345;0.1724;0.0057;0.1327;0.6681;1;5;0.0335;0.4694;0.6970;Qwen3-4B
ID_5558354805733623;0.6300;0.4450;0.8000;0.5000;0.3000;0.1176;0.1471;0.1765;0.1340;0.1487;0.6531;5;6;0.1487;0.2047;0.6192;Qwen3-4B
ID_9274817658247444;0.8055;0.6387;1.0000;0.9000;0.5500;0.2000;0.3600;0.4400;0.3408;0.2400;0.6878;9;12;0.3851;0.3000;0.7238;Qwen3-4B
ID_4924315260445096;0.6930;0.6293;0.6000;0.5000;0.3000;0.2143;0.3571;0.4286;0.2908;0.4500;0.6285;9;14;0.3265;0.4750;0.6583;Qwen3-4B
ID_2513765362378596;0.1763;0.1569;0.2000;0.2000;0.1500;0.0500;0.1000;0.1500;0.0278;0.7019;0.6014;2;3;0.0372;0.7692;0.6103;Qwen3-4B
ID_7435229418765108;0.2182;0.3198;0.2000;0.3000;0.4000;0.0244;0.0732;0.1951;0.0183;0.1932;0.7428;3;8;0.0666;0.2386;0.7063;Qwen3-4B
ID_5240388600131197;0.1709;0.1971;0.2000;0.2000;0.2000;0.0714;0.1429;0.2857;0.0417;0.8409;0.6151;2;4;0.0686;0.8608;0.6274;Qwen3-4B
ID_0203267762283972;0.5271;0.4331;0.4000;0.5000;0.3000;0.0645;0.1613;0.1935;0.1088;0.2941;0.7033;5;6;0.1202;0.3676;0.6816;Qwen3-4B
ID_4215849919453600;0.3948;0.3438;0.4000;0.3000;0.3000;0.0465;0.0698;0.1395;0.0436;0.1938;0.7818;4;7;0.0697;0.2815;0.7413;Qwen3-4B
ID_3205712027513800;0.5104;0.3965;0.6000;0.4000;0.3000;0.0536;0.0714;0.1071;0.0544;0.5190;0.6223;4;6;0.0653;0.5443;0.6300;Qwen3-4B
ID_4344790398205987;0.0636;0.1892;0.0000;0.1000;0.2500;0.0000;0.0256;0.1282;0.0026;0.2365;0.4976;1;5;0.0267;0.5961;0.5487;Qwen3-4B
ID_1976491943464607;0.3511;0.2964;0.4000;0.5000;0.3500;0.0488;0.1220;0.1707;0.0521;0.8103;0.6483;5;7;0.0720;0.8793;0.6548;Qwen3-4B
ID_3497095259123139;0.0000;0.0663;0.0000;0.0000;0.1000;0.0000;0.0000;0.0541;0.0000;0.0183;0.6998;0;2;0.0043;0.0732;0.7527;Qwen3-4B
ID_3664073315037262;0.1457;0.2583;0.2000;0.2000;0.2500;0.0500;0.1000;0.2500;0.0611;0.4424;0.6182;3;6;0.1001;0.6005;0.5731;Qwen3-4B
ID_6799776599317117;0.6017;0.6290;0.8000;0.6000;0.5000;0.2000;0.3000;0.5000;0.2732;0.5128;0.7325;7;11;0.4008;0.5385;0.7207;Qwen3-4B
ID_3470407274471561;0.3763;0.3907;0.6000;0.5000;0.4000;0.1304;0.2174;0.3478;0.1365;0.7909;0.7627;6;10;0.1900;0.8545;0.7235;Qwen3-4B
ID_8600906973888297;0.2306;0.2549;0.2000;0.3000;0.3000;0.0263;0.0789;0.1579;0.0241;0.2128;0.6582;3;7;0.0529;0.5177;0.6438;Qwen3-4B
ID_8918399592544099;0.3392;0.3293;0.4000;0.3000;0.2000;0.0909;0.1364;0.1818;0.0807;0.5727;0.6881;3;5;0.0972;0.5727;0.6315;Qwen3-4B
ID_4937676152604286;0.0410;0.0928;0.0000;0.1000;0.1500;0.0000;0.0270;0.0811;0.0034;0.1300;0.7606;2;4;0.0106;0.3900;0.7187;Qwen3-4B
ID_2961250776014138;0.4341;0.4735;0.6000;0.5000;0.3500;0.2308;0.3846;0.5385;0.2286;0.3478;0.5801;5;7;0.2827;0.5870;0.6154;Qwen3-4B
ID_3332983150165256;0.3953;0.3764;0.4000;0.5000;0.4500;0.0645;0.1613;0.2903;0.0717;0.6338;0.5955;5;9;0.1360;0.7042;0.6317;Qwen3-4B
ID_4698230094310892;0.0915;0.1132;0.2000;0.2000;0.1500;0.0714;0.1429;0.2143;0.0286;0.5182;0.5733;2;4;0.0439;0.5693;0.5668;Qwen3-4B
ID_1530363715825171;0.1060;0.2293;0.2000;0.1000;0.3000;0.0370;0.0370;0.2222;0.0093;0.4386;0.6753;2;7;0.0547;0.6000;0.7070;Qwen3-4B
ID_4589542599288419;0.3895;0.3340;0.4000;0.6000;0.3500;0.0909;0.2727;0.3182;0.1391;0.2405;0.6531;8;9;0.1590;0.3643;0.6582;Qwen3-4B
ID_6029111646602279;0.4946;0.3974;0.8000;0.5000;0.3500;0.1481;0.1852;0.2593;0.1613;0.1911;0.7097;5;8;0.1960;0.1975;0.7159;Qwen3-4B
ID_0600862973859542;0.3710;0.4543;0.6000;0.4000;0.4000;0.1429;0.1905;0.3810;0.1103;0.2941;0.6753;4;9;0.2015;0.4706;0.6608;Qwen3-4B
ID_4125254830545309;0.2421;0.2821;0.2000;0.2000;0.2000;0.1250;0.2500;0.5000;0.0729;0.4385;0.6279;3;5;0.1354;0.4545;0.6249;Qwen3-4B
ID_6998917765406696;0.5227;0.4232;0.6000;0.5000;0.3500;0.1000;0.1667;0.2333;0.1333;0.2657;0.5866;5;7;0.1710;0.4126;0.6574;Qwen3-4B
ID_0004473428354479;0.0000;0.0807;0.0000;0.0000;0.1500;0.0000;0.0000;0.0857;0.0000;0.4667;0.5655;0;3;0.0091;0.5667;0.6160;Qwen3-4B
ID_7181547335252993;0.7728;0.7126;1.0000;0.9000;0.7500;0.1111;0.2000;0.3333;0.2000;0.2542;0.7106;9;15;0.3105;0.2712;0.6593;Qwen3-4B
ID_2798283991743817;0.1850;0.1808;0.2000;0.1000;0.0500;0.1000;0.1000;0.1000;0.0500;0.4825;0.6682;1;1;0.0500;0.5789;0.6917;Qwen3-4B
ID_0947912377089491;0.5324;0.4401;0.6000;0.5000;0.4000;0.1200;0.2000;0.3200;0.1717;0.8750;0.6682;5;8;0.2235;0.8750;0.6633;Qwen3-4B
ID_8735458741337698;0.2663;0.2627;0.4000;0.3000;0.1500;0.2857;0.4286;0.4286;0.1667;0.1154;0.6674;3;3;0.1667;0.1346;0.6778;Qwen3-4B
ID_6450292906586525;0.1948;0.1949;0.2000;0.3000;0.2000;0.0357;0.1071;0.1429;0.0324;0.0965;0.7464;4;6;0.0434;0.1776;0.6886;Qwen3-4B
ID_7003614933284367;0.6407;0.5291;0.8000;0.7000;0.5500;0.1429;0.2500;0.3929;0.2065;0.6389;0.7606;7;11;0.2838;0.7500;0.7309;Qwen3-4B
ID_0830926768091773;0.5264;0.5424;0.4000;0.7000;0.7000;0.0465;0.1628;0.3256;0.0922;0.9333;0.6597;7;14;0.2050;0.9778;0.6539;Qwen3-4B
ID_6413207883357197;0.0000;0.0323;0.0000;0.0000;0.0500;0.0000;0.0000;0.0294;0.0000;0.0724;0.7100;0;1;0.0015;0.1517;0.7314;Qwen3-4B
ID_1329671245559098;0.3231;0.3688;0.4000;0.5000;0.4000;0.0952;0.2381;0.3810;0.1143;0.7700;0.6979;5;8;0.1781;0.8250;0.6524;Qwen3-4B
ID_3012908001422868;0.2377;0.4256;0.2000;0.1000;0.4000;0.0526;0.0526;0.4211;0.0526;0.2868;0.7371;1;8;0.1680;0.4191;0.7308;Qwen3-4B
ID_3753627053150603;0.6505;0.5051;0.6000;0.6000;0.4500;0.1364;0.2727;0.4091;0.1998;0.3619;0.6280;6;9;0.2731;0.4762;0.6544;Qwen3-4B
ID_2883241764449950;0.0122;0.1753;0.0000;0.0000;0.2500;0.0000;0.0000;0.3125;0.0000;0.0625;0.6264;1;6;0.0558;0.4810;0.7415;Qwen3-4B
ID_2110280056340736;0.5052;0.4541;0.4000;0.3000;0.2000;0.1111;0.1667;0.2222;0.1296;0.3801;0.5140;4;5;0.1498;0.4434;0.5748;Qwen3-4B
ID_1361624597372651;0.5225;0.5128;0.6000;0.4000;0.4500;0.0833;0.1111;0.2500;0.0907;0.5806;0.6532;4;9;0.1515;0.6237;0.6852;Qwen3-4B
ID_1722453671104980;0.0199;0.0836;0.0000;0.0000;0.1000;0.0000;0.0000;0.0741;0.0000;0.3737;0.6906;2;4;0.0068;0.5303;0.6672;Qwen3-4B
ID_4758706187939581;0.5031;0.4341;0.6000;0.4000;0.2000;0.2143;0.2857;0.2857;0.2440;0.4878;0.6288;5;5;0.2440;0.4878;0.6563;Qwen3-4B
ID_7938521661726069;0.4959;0.5041;0.6000;0.8000;0.7000;0.0698;0.1860;0.3256;0.1560;0.6285;0.5601;8;14;0.2687;0.6471;0.5652;Qwen3-4B
ID_7565192274317470;0.4814;0.5706;0.4000;0.3000;0.2500;0.2222;0.3333;0.5556;0.2639;0.2657;0.5894;7;10;0.3178;0.3147;0.6259;Qwen3-4B
ID_1326529185989327;0.5728;0.4680;0.6000;0.5000;0.3000;0.1154;0.1923;0.2308;0.1464;0.5463;0.5874;7;9;0.1656;0.5648;0.6974;Qwen3-4B
ID_4991370267086347;0.3590;0.2950;0.4000;0.2000;0.2000;0.0667;0.0667;0.1333;0.0667;0.5743;0.6208;2;4;0.0839;0.5946;0.6832;Qwen3-4B
ID_7161963144100182;0.5521;0.4794;0.6000;0.6000;0.5000;0.0857;0.1714;0.2857;0.1090;0.3429;0.5257;6;10;0.1770;0.3543;0.5845;Qwen3-4B
ID_0492925975883915;0.0000;0.0000;0.0000;0.0000;0.0000;0.0000;0.0000;0.0000;0.0000;0.0704;0.7299;0;0;0.0000;0.1761;0.7246;Qwen3-4B
ID_4054756781423727;0.4568;0.4920;0.6000;0.4000;0.3000;0.2308;0.3077;0.4615;0.2342;0.6900;0.6089;6;9;0.3047;0.7200;0.6131;Qwen3-4B
ID_7489482613903725;0.0000;0.0555;0.0000;0.0000;0.0500;0.0000;0.0000;0.1250;0.0000;0.6098;0.6210;0;3;0.0074;0.7073;0.6531;Qwen3-4B
ID_5828464492633734;0.4568;0.5490;0.4000;0.4000;0.4500;0.1111;0.2222;0.5000;0.1566;0.4462;0.6948;4;9;0.2718;0.5308;0.6670;Qwen3-4B
ID_1153835367118420;0.0000;0.0314;0.0000;0.0000;0.0500;0.0000;0.0000;0.0769;0.0000;0.0854;0.7709;0;1;0.0059;0.1220;0.7426;Qwen3-4B
ID_5968839321163534;0.5540;0.5191;0.8000;0.6000;0.7000;0.1026;0.1538;0.3590;0.1209;0.4938;0.6117;6;15;0.2511;0.5309;0.6763;Qwen3-4B
ID_4985544206160545;0.3233;0.2993;0.6000;0.5000;0.3500;0.1304;0.2174;0.3043;0.1493;0.4530;0.6672;7;9;0.1872;0.5385;0.6837;Qwen3-4B
ID_7721483148298785;0.2607;0.3102;0.2000;0.1000;0.1000;0.0833;0.0833;0.1667;0.0833;0.3766;0.6819;1;2;0.0962;0.7013;0.6802;Qwen3-4B
ID_1078442022852928;0.0977;0.1047;0.0000;0.1000;0.0500;0.0000;0.0909;0.0909;0.0130;0.1846;0.6424;1;3;0.0130;0.3231;0.6992;Qwen3-4B
ID_0151036146060526;0.0948;0.0985;0.2000;0.1000;0.1000;0.0222;0.0222;0.0444;0.0056;0.6184;0.5539;1;2;0.0090;0.7303;0.4556;Qwen3-4B
ID_2483185411923070;0.1396;0.1325;0.0000;0.2000;0.1500;0.0000;0.0526;0.0789;0.0096;0.3269;0.7366;2;3;0.0136;0.3462;0.7021;Qwen3-4B
ID_3182841849332242;0.2503;0.2954;0.4000;0.4000;0.3500;0.0741;0.1481;0.2593;0.0674;0.3311;0.6570;4;8;0.1057;0.4122;0.6345;Qwen3-4B
ID_6572298923055649;0.0198;0.0494;0.0000;0.0000;0.0500;0.0000;0.0000;0.0312;0.0000;0.0952;0.6976;1;2;0.0020;0.2063;0.7099;Qwen3-4B
ID_6710074203174471;0.0618;0.0586;0.2000;0.1000;0.0500;0.0833;0.0833;0.0833;0.0417;0.1560;0.6530;1;1;0.0417;0.2018;0.7242;Qwen3-4B
ID_7358557068732556;0.0000;0.1459;0.0000;0.0000;0.2000;0.0000;0.0000;0.1429;0.0000;0.3846;0.6729;0;4;0.0234;0.6044;0.6320;Qwen3-4B
ID_1405345303844318;0.4920;0.5265;0.4000;0.4000;0.3500;0.0833;0.1667;0.2917;0.1156;0.0921;0.7589;4;7;0.1596;0.1053;0.6841;Qwen3-4B
ID_3795357176730340;0.3926;0.4355;0.4000;0.3000;0.2500;0.1429;0.2143;0.3571;0.1786;0.6567;0.6795;3;5;0.2199;0.7463;0.6762;Qwen3-4B
ID_8102993969523532;0.0091;0.0844;0.0000;0.0000;0.1000;0.0000;0.0000;0.1000;0.0000;0.2500;0.6346;1;3;0.0076;0.5625;0.6743;Qwen3-4B
ID_4287647692016596;0.5413;0.5581;0.6000;0.4000;0.3000;0.3750;0.5000;0.7500;0.3854;0.7800;0.6757;4;7;0.4816;0.8000;0.6983;Qwen3-4B
ID_0717133384261187;0.1304;0.2172;0.2000;0.1000;0.1500;0.0909;0.0909;0.2727;0.0303;0.2547;0.6072;1;3;0.0613;0.3975;0.6500;Qwen3-4B
ID_2770300692287670;0.0784;0.0506;0.0000;0.1000;0.0500;0.0000;0.0312;0.0312;0.0052;0.0876;0.6033;1;1;0.0052;0.1022;0.6671;Qwen3-4B
ID_6780184620648314;0.3155;0.4046;0.4000;0.2000;0.2000;0.1667;0.1667;0.3333;0.1667;0.5199;0.7617;2;4;0.2044;0.6411;0.7918;Qwen3-4B
ID_0232526330657129;0.1636;0.2493;0.2000;0.1000;0.1500;0.0769;0.0769;0.2308;0.0154;0.2613;0.6342;5;11;0.0361;0.3333;0.5997;Qwen3-4B
ID_4872607031009070;0.3587;0.2954;0.4000;0.3000;0.1500;0.1111;0.1667;0.1667;0.1204;0.3167;0.4771;3;3;0.1204;0.3167;0.6645;Qwen3-4B
ID_4836603877351111;0.1689;0.2524;0.0000;0.2000;0.2500;0.0000;0.1429;0.3571;0.0323;0.2286;0.6889;3;6;0.0804;0.4000;0.6627;Qwen3-4B
ID_6804862188196445;0.0929;0.1993;0.0000;0.1000;0.1500;0.0000;0.0909;0.2727;0.0152;0.4628;0.5510;1;3;0.0410;0.6612;0.6837;Qwen3-4B
ID_4961446471613279;0.3897;0.3496;0.6000;0.3000;0.2000;0.1667;0.1667;0.2222;0.1667;0.6522;0.7093;3;4;0.1825;0.6957;0.6559;Qwen3-4B
ID_3163271519013006;0.3269;0.2936;0.2000;0.2000;0.1000;0.2500;0.5000;0.5000;0.1056;0.5635;0.5934;4;5;0.1056;0.6447;0.6878;Qwen3-4B
ID_3438388225100072;0.0595;0.1731;0.2000;0.1000;0.3000;0.0250;0.0250;0.1500;0.0125;0.1649;0.6798;1;6;0.0427;0.3723;0.7068;Qwen3-4B
ID_7340569532034401;0.5429;0.5502;0.6000;0.4000;0.4000;0.1250;0.1667;0.3333;0.1528;0.4667;0.7233;4;9;0.2264;0.5556;0.7286;Qwen3-4B
ID_5073614861573842;0.3668;0.3550;0.6000;0.5000;0.4500;0.0682;0.1136;0.2045;0.0591;0.5686;0.7018;5;9;0.1024;0.6275;0.6595;Qwen3-4B
ID_4750838304742762;0.2044;0.2117;0.4000;0.2000;0.2000;0.0556;0.0556;0.1111;0.0463;0.2969;0.7068;2;5;0.0608;0.4412;0.7450;Qwen3-4B
ID_5620115591039018;0.5232;0.4896;0.6000;0.4000;0.3000;0.1111;0.1481;0.2222;0.1204;0.1518;0.7284;4;6;0.1481;0.1937;0.7251;Qwen3-4B
ID_7634526007103037;0.2985;0.2813;0.2000;0.2000;0.1500;0.0588;0.1176;0.1765;0.0784;0.2381;0.6573;2;3;0.0945;0.2857;0.7005;Qwen3-4B
ID_7312223977002681;0.0000;0.0000;0.0000;0.0000;0.0000;0.0000;0.0000;0.0000;0.0000;0.0029;0.7325;0;0;0.0000;0.0029;0.6977;Qwen3-4B
ID_7027246712839262;0.0300;0.1197;0.0000;0.0000;0.1500;0.0000;0.0000;0.2308;0.0000;0.6500;0.7175;2;5;0.0265;0.8500;0.6865;Qwen3-4B
ID_4313266994385427;0.7479;0.6396;0.8000;0.7000;0.6000;0.0833;0.1458;0.2500;0.1184;0.4727;0.6012;8;13;0.1857;0.5636;0.5967;Qwen3-4B
ID_3661952638867868;0.0734;0.0872;0.0000;0.1000;0.1500;0.0000;0.0303;0.0909;0.0043;0.1620;0.5663;1;4;0.0155;0.1901;0.5967;Qwen3-4B
ID_3362937671462104;0.1241;0.2342;0.2000;0.2000;0.3000;0.0400;0.0800;0.2400;0.0500;0.1429;0.7331;2;7;0.0998;0.5119;0.7361;Qwen3-4B
ID_3066548138105145;0.4338;0.3693;0.4000;0.5000;0.4500;0.0667;0.1667;0.3000;0.0740;0.6136;0.6205;6;10;0.1407;0.6136;0.6024;Qwen3-4B
ID_9707648221123932;0.3500;0.3362;0.2000;0.3000;0.3000;0.0233;0.0698;0.1395;0.0354;0.1126;0.6925;3;6;0.0605;0.2649;0.7031;Qwen3-4B
ID_0983518713985469;0.0000;0.1063;0.0000;0.0000;0.1000;0.0000;0.0000;0.2857;0.0000;0.1031;0.6677;0;2;0.0287;0.1338;0.6541;Qwen3-4B
ID_1741102469161036;0.0770;0.0705;0.0000;0.1000;0.0500;0.0000;0.1000;0.1000;0.0167;0.0000;0.7663;2;2;0.0167;0.1935;0.7671;Qwen3-4B
ID_7686288360297015;0.3962;0.4551;0.2000;0.4000;0.5000;0.0294;0.1176;0.2941;0.0649;0.4113;0.6212;4;11;0.1533;0.5161;0.5737;Qwen3-4B
ID_1177407730126204;0.4852;0.5141;0.6000;0.4000;0.4000;0.1000;0.1333;0.2667;0.1107;0.4479;0.5893;4;8;0.1646;0.4785;0.5245;Qwen3-4B
ID_6654943686635661;0.6366;0.4878;0.8000;0.7000;0.4500;0.1600;0.2800;0.3600;0.2513;0.3678;0.6145;7;10;0.2984;0.5172;0.6961;Qwen3-4B
ID_3935638786776109;0.2005;0.2094;0.0000;0.2000;0.1500;0.0000;0.1053;0.1579;0.0219;0.5217;0.6567;5;7;0.0363;0.5797;0.6867;Qwen3-4B
ID_1000622852662099;0.0314;0.0437;0.0000;0.0000;0.0500;0.0000;0.0000;0.0345;0.0000;0.0798;0.6615;1;2;0.0025;0.1436;0.6535;Qwen3-4B
ID_4319412527458142;0.2088;0.2088;0.2000;0.2000;0.1000;0.1000;0.2000;0.2000;0.0556;0.0862;0.6604;2;2;0.0556;0.2241;0.6828;Qwen3-4B
ID_5814379117254232;0.2273;0.2028;0.2000;0.4000;0.3000;0.0312;0.1250;0.1875;0.0488;0.5032;0.6141;4;6;0.0786;0.5929;0.6339;Qwen3-4B
ID_4204411370971869;0.2916;0.3528;0.2000;0.4000;0.4500;0.0345;0.1379;0.3103;0.0435;0.5185;0.5816;4;9;0.1212;0.5370;0.5727;Qwen3-4B
ID_1258429277577053;0.1673;0.2940;0.2000;0.2000;0.3000;0.0417;0.0833;0.2500;0.0301;0.1287;0.6898;2;6;0.0821;0.2164;0.6995;Qwen3-4B
ID_6898659315585888;0.0000;0.0427;0.0000;0.0000;0.0500;0.0000;0.0000;0.0667;0.0000;0.0720;0.6305;0;1;0.0035;0.1120;0.6310;Qwen3-4B
ID_7038719270161251;0.2189;0.3526;0.2000;0.3000;0.3500;0.0667;0.2000;0.4667;0.1056;0.2000;0.6894;3;9;0.2038;0.5273;0.6974;Qwen3-4B
ID_7170508510503648;0.2588;0.2615;0.4000;0.3000;0.2000;0.1250;0.1875;0.2500;0.0646;0.5676;0.6593;3;7;0.0873;0.6892;0.6903;Qwen3-4B
ID_6813736989856243;0.4004;0.3170;0.4000;0.3000;0.2000;0.0741;0.1111;0.1481;0.0519;0.5714;0.7759;3;4;0.0596;0.6032;0.7774;Qwen3-4B
ID_4353834821288043;0.1232;0.2005;0.0000;0.1000;0.2000;0.0000;0.0556;0.2222;0.0056;0.2208;0.6847;4;7;0.0454;0.3896;0.6533;Qwen3-4B
ID_0107663107513303;0.2566;0.3167;0.4000;0.2000;0.2500;0.1053;0.1053;0.2632;0.0737;0.0952;0.6757;2;5;0.1206;0.1429;0.6641;Qwen3-4B
ID_5111918415828587;0.1749;0.1749;0.2000;0.1000;0.0500;0.2000;0.2000;0.2000;0.0500;0.6000;0.7420;2;2;0.0500;0.6800;0.7204;Qwen3-4B
ID_7053039409324203;0.3890;0.3403;0.6000;0.4000;0.2500;0.1364;0.1818;0.2273;0.0929;0.9271;0.5494;7;8;0.1081;0.9271;0.5958;Qwen3-4B
ID_0170762259145267;0.3600;0.3365;0.4000;0.5000;0.4000;0.0465;0.1163;0.1860;0.0572;0.3431;0.5399;5;8;0.0873;0.4118;0.6056;Qwen3-4B
ID_1721596116332386;0.2928;0.4146;0.4000;0.2000;0.2000;0.2500;0.2500;0.5000;0.1042;0.4919;0.6102;3;7;0.1695;0.6452;0.6176;Qwen3-4B
ID_9936034232663152;0.3998;0.4889;0.6000;0.4000;0.4500;0.1364;0.1818;0.4091;0.1326;0.5606;0.5833;7;14;0.2436;0.6818;0.6303;Qwen3-4B
ID_3314639624288740;0.0000;0.0000;0.0000;0.0000;0.0000;0.0000;0.0000;0.0000;0.0000;0.0000;0.7024;0;0;0.0000;0.0000;0.7339;Qwen3-4B
ID_3211921786987598;0.2170;0.3063;0.4000;0.2000;0.2500;0.1429;0.1429;0.3571;0.0595;0.5385;0.6715;3;6;0.1105;0.6923;0.6572;Qwen3-4B
ID_8870539749821067;0.2034;0.2208;0.4000;0.2000;0.1500;0.0909;0.0909;0.1364;0.0758;0.1287;0.7225;3;5;0.0855;0.2228;0.6780;Qwen3-4B
ID_9856332816841794;0.8643;0.5942;1.0000;0.8000;0.4500;0.1351;0.2162;0.2432;0.2108;0.2830;0.5673;8;9;0.2282;0.3491;0.6878;Qwen3-4B
ID_8935551668939735;0.1357;0.1424;0.0000;0.2000;0.2000;0.0000;0.0513;0.1026;0.0089;0.3273;0.5887;2;4;0.0227;0.3818;0.6253;Qwen3-4B
ID_7014991384513854;0.4035;0.3880;0.4000;0.3000;0.3500;0.0714;0.1071;0.2500;0.0748;0.2679;0.6602;3;8;0.1250;0.3304;0.7238;Qwen3-4B
ID_6150649178925775;0.2809;0.3142;0.4000;0.3000;0.3000;0.0800;0.1200;0.2400;0.0710;0.1923;0.7647;3;6;0.1136;0.3571;0.7456;Qwen3-4B
ID_5681875789500232;0.5667;0.5450;0.6000;0.6000;0.5500;0.1034;0.2069;0.3793;0.1376;0.6043;0.5639;6;11;0.2426;0.6348;0.5633;Qwen3-4B
ID_6056793173053386;0.3009;0.2753;0.4000;0.4000;0.3000;0.0714;0.1429;0.2143;0.0583;0.2246;0.5040;4;6;0.0889;0.2340;0.4278;Qwen3-4B
ID_2127102036483236;0.0314;0.1275;0.0000;0.1000;0.2000;0.0000;0.0238;0.0952;0.0034;0.3171;0.5894;1;4;0.0172;0.8537;0.6463;Qwen3-4B
ID_5168823546200073;0.0557;0.1069;0.0000;0.2000;0.2000;0.0000;0.0690;0.1379;0.0107;0.1320;0.7169;2;4;0.0253;0.2880;0.7314;Qwen3-4B
ID_8606116806263977;0.1825;0.3429;0.0000;0.2000;0.3500;0.0000;0.1111;0.3889;0.0251;0.3185;0.5946;3;9;0.1083;0.5223;0.6057;Qwen3-4B
ID_3961773765127529;0.0000;0.0000;0.0000;0.0000;0.0000;0.0000;0.0000;0.0000;0.0000;0.1636;0.7350;0;0;0.0000;0.1818;0.7012;Qwen3-4B
ID_3559042497669898;0.3797;0.2863;0.2000;0.4000;0.2000;0.0556;0.2222;0.2222;0.1102;0.2289;0.6367;4;4;0.1102;0.2886;0.6277;Qwen3-4B
ID_2562159376424787;0.1876;0.2599;0.2000;0.2000;0.2000;0.0526;0.1053;0.2105;0.0281;0.0486;0.7666;2;5;0.0565;0.0600;0.7313;Qwen3-4B
ID_0226659493503879;0.1053;0.2571;0.0000;0.0000;0.0500;0.0000;0.0000;0.2000;0.0000;0.6143;0.6026;4;9;0.0154;0.6857;0.5796;Qwen3-4B
ID_2522219947489545;0.4292;0.4777;0.4000;0.4000;0.3500;0.1053;0.2105;0.3684;0.1439;0.6711;0.6515;7;12;0.2105;0.7368;0.6392;Qwen3-4B
ID_6233887751567079;0.3633;0.3466;0.6000;0.4000;0.3500;0.0714;0.0952;0.1667;0.0477;0.3024;0.5654;4;7;0.0803;0.3185;0.6696;Qwen3-4B
ID_5112000100248158;0.0099;0.0321;0.0000;0.0000;0.0500;0.0000;0.0000;0.0500;0.0000;0.0079;0.6638;1;3;0.0026;0.0553;0.7520;Qwen3-4B
ID_1009007373940269;0.0304;0.0319;0.0000;0.0000;0.0000;0.0000;0.0000;0.0000;0.0000;0.3333;0.7348;2;3;0.0000;0.7333;0.7563;Qwen3-4B
ID_1272997735344283;0.7168;0.6961;0.8000;0.6000;0.3000;0.3636;0.5455;0.5455;0.5076;0.1538;0.6193;6;7;0.5076;0.2154;0.6638;Qwen3-4B
ID_4216801992845696;0.0000;0.0361;0.0000;0.0000;0.0500;0.0000;0.0000;0.0435;0.0000;0.0000;0.6670;0;1;0.0026;0.0946;0.7199;Qwen3-4B
ID_3635180022332691;0.6011;0.5269;0.6000;0.6000;0.5000;0.1000;0.2000;0.3333;0.1466;0.5128;0.5513;7;11;0.2164;0.5897;0.5649;Qwen3-4B
ID_6604074224038905;0.5317;0.4609;0.6000;0.6000;0.4000;0.1071;0.2143;0.2857;0.1658;0.2206;0.6531;6;9;0.2123;0.4853;0.6880;Qwen3-4B
ID_0306964533388350;0.0196;0.1410;0.0000;0.0000;0.1500;0.0000;0.0000;0.1500;0.0000;0.3778;0.6499;2;5;0.0226;0.5556;0.6112;Qwen3-4B
ID_2382340975364628;0.2048;0.1698;0.4000;0.2000;0.1000;0.1111;0.1111;0.1111;0.0463;0.0494;0.6790;2;2;0.0463;0.0494;0.5754;Qwen3-4B
ID_8856264804055285;0.4823;0.5221;0.4000;0.7000;0.5500;0.1250;0.4375;0.6875;0.2321;0.2586;0.6576;7;11;0.3886;0.4655;0.6225;Qwen3-4B
ID_4895231407900749;0.2120;0.3431;0.2000;0.1000;0.1000;0.2000;0.2000;0.4000;0.2000;0.0500;0.6473;1;3;0.2211;0.2600;0.6706;Qwen3-4B
ID_2404041740930079;0.0920;0.1076;0.0000;0.2000;0.1500;0.0000;0.0952;0.1429;0.0148;0.2102;0.6215;2;4;0.0237;0.3376;0.6620;Qwen3-4B
ID_1085274416109765;0.3786;0.3037;0.4000;0.3000;0.2000;0.0741;0.1111;0.1481;0.0677;0.5484;0.5916;3;4;0.0783;0.6129;0.6009;Qwen3-4B
ID_7299082066704598;0.1060;0.1901;0.2000;0.1000;0.2500;0.0250;0.0250;0.1250;0.0063;0.4483;0.5788;2;6;0.0282;0.6207;0.6539;Qwen3-4B
ID_2985658685449858;0.1596;0.2999;0.0000;0.3000;0.3500;0.0000;0.1071;0.2500;0.0231;0.3333;0.6840;3;7;0.0751;0.4561;0.6740;Qwen3-4B
ID_2841235947648623;0.7530;0.6624;0.8000;0.7000;0.6500;0.1379;0.2414;0.4483;0.2038;0.1942;0.6678;7;13;0.3592;0.2302;0.6606;Qwen3-4B
ID_1177858154250011;0.5971;0.5712;0.6000;0.6000;0.4000;0.1364;0.2727;0.3636;0.2113;0.2846;0.6242;6;8;0.2559;0.3320;0.6496;Qwen3-4B
ID_3417554957573089;0.2176;0.2910;0.4000;0.3000;0.2500;0.1333;0.2000;0.3333;0.0767;0.4667;0.6479;3;5;0.1247;0.5667;0.6940;Qwen3-4B
ID_4367729354437118;0.5091;0.3934;0.8000;0.6000;0.4500;0.1053;0.1579;0.2368;0.1274;0.3462;0.7263;6;9;0.1691;0.3974;0.7088;Qwen3-4B
ID_7618815981603087;0.5670;0.5055;0.6000;0.5000;0.4500;0.0909;0.1515;0.2727;0.1105;0.2406;0.7094;5;9;0.1667;0.3008;0.6734;Qwen3-4B
ID_0756134184225958;0.2413;0.3036;0.2000;0.5000;0.4000;0.0476;0.2381;0.3810;0.0985;0.5094;0.6173;5;8;0.1610;0.5710;0.5787;Qwen3-4B
ID_0607115205166943;0.2712;0.2523;0.2000;0.4000;0.3500;0.0204;0.0816;0.1429;0.0309;0.5595;0.5709;4;8;0.0613;0.7489;0.6480;Qwen3-4B
ID_7050204388811935;0.0627;0.1609;0.0000;0.0000;0.0500;0.0000;0.0000;0.1250;0.0000;0.3279;0.7297;3;9;0.0096;0.4426;0.6901;Qwen3-4B
ID_9222328149519812;0.2617;0.3221;0.4000;0.4000;0.4500;0.0833;0.1667;0.3750;0.0794;0.1961;0.7325;6;12;0.1624;0.2647;0.6708;Qwen3-4B
ID_2413108146059860;0.5132;0.4715;0.6000;0.4000;0.4000;0.1071;0.1429;0.2857;0.1101;0.6875;0.6536;5;9;0.1687;0.7812;0.6913;Qwen3-4B
ID_7137178343756327;0.0000;0.1091;0.0000;0.0000;0.1500;0.0000;0.0000;0.1500;0.0000;0.0000;0.6428;0;3;0.0155;0.4719;0.7320;Qwen3-4B
ID_8716772787552224;0.3094;0.4256;0.4000;0.4000;0.4000;0.1538;0.3077;0.6154;0.1237;0.6503;0.5446;4;10;0.2650;0.7055;0.6188;Qwen3-4B
ID_2703079636251098;0.1192;0.1481;0.0000;0.2000;0.1500;0.0000;0.1176;0.1765;0.0202;0.3750;0.6121;2;3;0.0305;0.3984;0.6110;Qwen3-4B
ID_9093965063812492;0.4761;0.4205;0.6000;0.5000;0.4000;0.0714;0.1190;0.1905;0.0698;0.9755;0.6115;5;8;0.1093;0.9796;0.6299;Qwen3-4B
ID_1883927036650646;0.4084;0.4252;0.4000;0.5000;0.4000;0.1053;0.2632;0.4211;0.1556;0.6833;0.5650;5;9;0.2327;0.8000;0.5772;Qwen3-4B
ID_4254001833729264;0.5953;0.4897;0.4000;0.6000;0.4500;0.0526;0.1579;0.2368;0.1075;0.4821;0.6829;6;9;0.1480;0.5804;0.7034;Qwen3-4B
ID_9981984419027348;0.7929;0.6921;0.8000;0.8000;0.6500;0.1000;0.2000;0.3250;0.1814;0.2391;0.6207;8;13;0.2757;0.3333;0.5917;Qwen3-4B
ID_3267843405581248;0.4506;0.4425;0.4000;0.4000;0.5000;0.0500;0.1000;0.2500;0.0580;0.6863;0.6964;4;10;0.1273;0.7647;0.6869;Qwen3-4B
ID_7431674954926317;0.0114;0.1907;0.0000;0.0000;0.2000;0.0000;0.0000;0.2857;0.0000;0.6250;0.7232;1;7;0.0427;0.6667;0.6934;Qwen3-4B
ID_3166198706411520;0.6918;0.6427;1.0000;0.8000;0.5500;0.2083;0.3333;0.4583;0.3235;0.6519;0.5536;8;11;0.4100;0.7017;0.6699;Qwen3-4B
ID_6118207071870406;0.2709;0.3562;0.2000;0.4000;0.4000;0.0400;0.1600;0.3200;0.0583;0.7114;0.6687;4;8;0.1282;0.8060;0.6543;Qwen3-4B
ID_2401311988343812;0.2639;0.3099;0.4000;0.5000;0.4000;0.0800;0.2000;0.3200;0.0984;0.2857;0.6081;5;8;0.1600;0.2857;0.5857;Qwen3-4B
ID_8274579818841840;0.1885;0.2504;0.2000;0.2000;0.1500;0.0833;0.1667;0.2500;0.0516;0.8889;0.6310;2;3;0.0724;0.9778;0.6584;Qwen3-4B
ID_3886712611757992;0.2711;0.2860;0.0000;0.3000;0.2500;0.0000;0.2500;0.4167;0.0605;0.3981;0.6319;4;6;0.1033;0.7087;0.6550;Qwen3-4B
ID_4236800519243308;0.1514;0.2383;0.2000;0.2000;0.2000;0.0833;0.1667;0.3333;0.0352;0.1064;0.7339;2;5;0.0775;0.3759;0.7326;Qwen3-4B
ID_4073113061295309;0.3882;0.4234;0.4000;0.4000;0.3000;0.1667;0.3333;0.5000;0.2440;0.4538;0.6418;5;8;0.3082;0.5630;0.6440;Qwen3-4B
ID_3621433615334969;0.0103;0.1781;0.0000;0.0000;0.2000;0.0000;0.0000;0.2353;0.0000;0.1017;0.7596;1;5;0.0337;0.1864;0.7657;Qwen3-4B
ID_1043606043814998;0.1134;0.1763;0.0000;0.3000;0.2500;0.0000;0.1765;0.2941;0.0422;0.5398;0.6072;3;5;0.0862;0.6858;0.6377;Qwen3-4B
ID_7087770133288924;0.3009;0.3096;0.4000;0.4000;0.3500;0.0769;0.1538;0.2692;0.0628;0.6800;0.5540;4;8;0.1078;0.7400;0.5566;Qwen3-4B
ID_8201805132981288;0.2796;0.3355;0.4000;0.3000;0.2500;0.1538;0.2308;0.3846;0.0795;0.5405;0.6819;3;5;0.1315;0.7027;0.6811;Qwen3-4B
ID_1187896035778213;0.1546;0.2416;0.2000;0.2000;0.3000;0.0185;0.0370;0.1111;0.0083;0.4224;0.7772;2;6;0.0299;0.6149;0.7382;Qwen3-4B
ID_7040082970555770;0.2201;0.2815;0.2000;0.1000;0.2500;0.0263;0.0263;0.1316;0.0263;0.3778;0.5990;1;5;0.0484;0.6667;0.6889;Qwen3-4B
ID_8508457798254482;0.4364;0.3514;0.4000;0.3000;0.2500;0.0488;0.0732;0.1220;0.0569;0.4416;0.6925;4;6;0.0707;0.4675;0.7363;Qwen3-4B
ID_5625607708848040;0.3629;0.3705;0.2000;0.3000;0.3000;0.0435;0.1304;0.2609;0.0722;0.3731;0.6887;3;7;0.1146;0.4030;0.6660;Qwen3-4B
ID_2892051287737605;0.0169;0.0368;0.0000;0.0000;0.0500;0.0000;0.0000;0.0667;0.0000;0.0573;0.6612;1;2;0.0035;0.0764;0.6855;Qwen3-4B
ID_0422652925722673;0.0000;0.0000;0.0000;0.0000;0.0000;0.0000;0.0000;0.0000;0.0000;0.1250;0.7334;0;0;0.0000;0.1667;0.7235;Qwen3-4B
ID_1138639549823932;0.1465;0.2573;0.4000;0.2000;0.3000;0.0500;0.0500;0.1500;0.0183;0.3804;0.6542;2;6;0.0512;0.4674;0.6474;Qwen3-4B
ID_8032871065166582;0.3532;0.3022;0.2000;0.3000;0.1500;0.0714;0.2143;0.2143;0.0750;0.3636;0.7485;4;5;0.0750;0.5152;0.6089;Qwen3-4B
ID_3740757562716147;0.0748;0.2409;0.0000;0.1000;0.3500;0.0000;0.0294;0.2059;0.0029;0.0690;0.7310;2;8;0.0529;0.1724;0.7139;Qwen3-4B
ID_1661480072159875;0.0000;0.1348;0.0000;0.0000;0.2000;0.0000;0.0000;0.1333;0.0000;0.2143;0.6602;0;4;0.0181;0.6190;0.6319;Qwen3-4B
ID_6513224203040781;0.0784;0.1696;0.0000;0.1000;0.2500;0.0000;0.0370;0.1852;0.0062;0.3929;0.6809;1;5;0.0383;0.4643;0.6215;Qwen3-4B
ID_4750709016042276;0.8674;0.6876;0.8000;0.9000;0.6500;0.1026;0.2308;0.3333;0.2091;0.7063;0.6680;9;13;0.2949;0.7302;0.6880;Qwen3-4B
ID_6435692548198017;0.0694;0.0465;0.0000;0.1000;0.0500;0.0000;0.0385;0.0385;0.0048;0.3099;0.8170;1;1;0.0048;0.3239;0.7355;Qwen3-4B
ID_1142440384333196;0.1787;0.1996;0.2000;0.3000;0.3000;0.0333;0.1000;0.2000;0.0241;0.3830;0.6453;3;6;0.0533;0.5532;0.6495;Qwen3-4B
ID_1428637808064409;0.0406;0.1160;0.2000;0.1000;0.2000;0.0303;0.0303;0.1212;0.0076;0.0382;0.7443;1;4;0.0254;0.4885;0.7309;Qwen3-4B
ID_3714905065293466;0.6132;0.4477;1.0000;0.7000;0.3500;0.1852;0.2593;0.2593;0.2418;0.4889;0.5050;7;7;0.2418;0.4889;0.5050;Qwen3-4B
ID_0627069259285805;0.4591;0.4718;0.6000;0.4000;0.4500;0.0652;0.0870;0.1957;0.0761;0.8796;0.5351;4;9;0.1239;0.9167;0.5244;Qwen3-4B
ID_7112751029135541;0.2973;0.2551;0.4000;0.3000;0.2000;0.1333;0.2000;0.2667;0.0867;0.5217;0.5743;3;4;0.1033;0.6377;0.6417;Qwen3-4B
ID_8616379159674273;0.1406;0.1793;0.0000;0.1000;0.1000;0.0000;0.1111;0.2222;0.0123;0.1538;0.6767;3;6;0.0247;0.2949;0.6771;Qwen3-4B
ID_4413209638256157;0.0000;0.1550;0.0000;0.0000;0.1500;0.0000;0.0000;0.2308;0.0000;0.5135;0.7223;0;4;0.0324;0.7568;0.6888;Qwen3-4B
ID_4821257969996926;0.5250;0.4247;0.8000;0.5000;0.3500;0.1429;0.1786;0.2500;0.1327;0.6857;0.6138;5;7;0.1731;0.8000;0.5941;Qwen3-4B
ID_1324927877730882;0.2141;0.2368;0.0000;0.3000;0.3000;0.0000;0.0652;0.1304;0.0163;0.2857;0.5722;3;6;0.0334;0.8182;0.6471;Qwen3-4B
ID_0214033967250240;0.6732;0.5546;1.0000;0.6000;0.5000;0.1471;0.1765;0.2941;0.1765;0.6207;0.6774;6;10;0.2411;0.6437;0.7170;Qwen3-4B
ID_6531889931012965;0.7273;0.6568;1.0000;0.6000;0.6500;0.1220;0.1463;0.3171;0.1463;0.3718;0.7250;6;13;0.2542;0.4615;0.6298;Qwen3-4B
ID_7196654947156785;0.1642;0.1749;0.2000;0.2000;0.2000;0.0233;0.0465;0.0930;0.0116;0.3846;0.5443;2;4;0.0214;0.4154;0.6031;Qwen3-4B
ID_1750852376922258;0.1737;0.2292;0.2000;0.2000;0.2500;0.0500;0.1000;0.2500;0.0267;0.6731;0.5519;2;5;0.0632;0.8269;0.6325;Qwen3-4B
ID_6086190357278633;0.4734;0.4696;0.6000;0.4000;0.4000;0.1429;0.1905;0.3810;0.1272;0.5530;0.6767;4;9;0.2189;0.6591;0.6360;Qwen3-4B
ID_6306096928606380;0.0314;0.1275;0.0000;0.0000;0.1000;0.0000;0.0000;0.1538;0.0000;0.2222;0.6382;1;3;0.0142;0.6032;0.6351;Qwen3-4B
ID_7206289057139883;0.4535;0.4073;0.6000;0.5000;0.3500;0.0938;0.1562;0.2188;0.1031;0.6319;0.7098;5;8;0.1322;0.6875;0.6571;Qwen3-4B
ID_5381937275780405;0.3454;0.5510;0.4000;0.3000;0.2500;0.3333;0.5000;0.8333;0.2958;1.0000;0.6385;3;5;0.4205;1.0000;0.6312;Qwen3-4B
ID_7112277465715838;0.0450;0.0404;0.0000;0.0000;0.0000;0.0000;0.0000;0.0000;0.0000;0.0299;0.7148;2;3;0.0000;0.1791;0.6893;Qwen3-4B
ID_5014603660790632;0.8643;0.6690;1.0000;0.8000;0.5500;0.1471;0.2353;0.3235;0.2294;0.3400;0.5475;8;11;0.2957;0.3600;0.5082;Qwen3-4B
ID_0211300683784278;0.3622;0.4310;0.4000;0.5000;0.5500;0.0741;0.1852;0.4074;0.0858;0.3853;0.5397;6;12;0.2004;0.4037;0.5898;Qwen3-4B
ID_1479038203388369;0.3726;0.4435;0.2000;0.5000;0.4500;0.0385;0.1923;0.3462;0.0776;0.6087;0.6348;5;11;0.1567;0.6522;0.5825;Qwen3-4B
ID_1372738121180882;0.0000;0.0000;0.0000;0.0000;0.0000;0.0000;0.0000;0.0000;0.0000;0.5513;0.5863;0;0;0.0000;0.6603;0.6819;Qwen3-4B
ID_3417734567782570;0.4352;0.4351;0.6000;0.5000;0.4000;0.1579;0.2632;0.4211;0.2076;0.7255;0.6095;5;8;0.2947;0.8235;0.6116;Qwen3-4B
ID_8542579855895033;0.1149;0.2175;0.2000;0.2000;0.3000;0.0312;0.0625;0.1875;0.0141;0.3626;0.5883;2;6;0.0487;0.4835;0.6066;Qwen3-4B
ID_3770706279979377;0.3024;0.3645;0.2000;0.3000;0.4000;0.0400;0.1200;0.3200;0.0433;0.8182;0.5724;5;10;0.1194;0.9091;0.6477;Qwen3-4B
ID_2715614477658559;0.4690;0.3731;0.6000;0.3000;0.2000;0.1071;0.1071;0.1429;0.1071;0.4321;0.7509;3;4;0.1161;0.4444;0.7169;Qwen3-4B
ID_1644854912506311;0.0000;0.0000;0.0000;0.0000;0.0000;0.0000;0.0000;0.0000;0.0000;0.5577;0.6448;0;0;0.0000;0.5577;0.6699;Qwen3-4B
ID_7997248190492823;0.0000;0.1533;0.0000;0.0000;0.2000;0.0000;0.0000;0.1818;0.0000;0.0694;0.5915;0;5;0.0260;0.2674;0.6810;Qwen3-4B
ID_5390871764659439;0.3459;0.2580;0.4000;0.3000;0.1500;0.1111;0.1667;0.1667;0.1296;0.1811;0.7218;3;4;0.1296;0.5237;0.7381;Qwen3-4B
ID_4830050448543240;0.5321;0.4556;0.6000;0.4000;0.3000;0.1429;0.1905;0.2857;0.1627;0.2917;0.7443;4;7;0.2001;0.3333;0.7491;Qwen3-4B
ID_5368167403557640;0.5232;0.3887;0.6000;0.4000;0.3000;0.1154;0.1538;0.2308;0.1250;0.1296;0.6102;4;6;0.1541;0.1481;0.6815;Qwen3-4B
ID_1122362218673413;0.4011;0.2917;0.4000;0.5000;0.3000;0.0526;0.1316;0.1579;0.0617;0.4328;0.5616;5;6;0.0701;0.5373;0.5502;Qwen3-4B
ID_7269889225548975;0.3802;0.4706;0.8000;0.4000;0.4500;0.1818;0.1818;0.4091;0.1235;0.7000;0.6796;4;9;0.2161;0.7750;0.6588;Qwen3-4B
ID_3258168964977007;0.3188;0.2684;0.6000;0.3000;0.2000;0.1765;0.1765;0.2353;0.0941;0.2895;0.7497;3;4;0.1080;0.3947;0.7578;Qwen3-4B
ID_1425457857618919;0.7917;0.7196;1.0000;0.7000;0.6500;0.1316;0.1842;0.3421;0.1772;0.4048;0.7112;7;13;0.2785;0.4762;0.6990;Qwen3-4B
ID_5249973626810280;0.1267;0.1650;0.2000;0.1000;0.1000;0.0625;0.0625;0.1250;0.0156;0.2286;0.6990;2;4;0.0230;0.3857;0.7089;Qwen3-4B
ID_3341755886753117;0.3340;0.3479;0.6000;0.5000;0.4000;0.1429;0.2381;0.3810;0.1185;0.6429;0.6292;6;10;0.1809;0.7143;0.5591;Qwen3-4B
ID_1868743035556083;0.1427;0.1351;0.2000;0.1000;0.0500;0.1250;0.1250;0.1250;0.0250;0.4386;0.6670;1;1;0.0250;0.4912;0.6698;Qwen3-4B
ID_7730378702136765;0.3726;0.3805;0.4000;0.2000;0.1500;0.1538;0.1538;0.2308;0.1282;0.6471;0.7211;2;3;0.1447;0.8235;0.7187;Qwen3-4B
ID_4165114386602896;0.2935;0.1930;0.2000;0.2000;0.1000;0.0400;0.0800;0.0800;0.0514;0.6400;0.6580;2;2;0.0514;0.6400;0.6580;Qwen3-4B
ID_3064071594531422;0.3404;0.3197;0.4000;0.4000;0.3500;0.0571;0.1143;0.2000;0.0556;0.2885;0.6319;4;7;0.0835;0.3654;0.6758;Qwen3-4B
ID_5266453653764376;0.0851;0.0734;0.2000;0.1000;0.0500;0.0667;0.0667;0.0667;0.0133;0.2353;0.5995;1;1;0.0133;0.2773;0.6047;Qwen3-4B
ID_2327252294819099;0.1814;0.2122;0.2000;0.2000;0.1500;0.0714;0.1429;0.2143;0.0347;0.5714;0.6824;3;4;0.0500;0.6429;0.6719;Qwen3-4B
ID_1416717596426384;0.6307;0.5185;0.6000;0.6000;0.4500;0.1071;0.2143;0.3214;0.1517;0.6909;0.5490;6;9;0.2163;0.7091;0.5423;Qwen3-4B
ID_5104380991908142;0.4946;0.4172;0.4000;0.4000;0.3000;0.1000;0.2000;0.3000;0.1410;0.4609;0.6747;4;6;0.1707;0.5078;0.6819;Qwen3-4B
ID_3850342002270325;0.3794;0.2880;0.4000;0.4000;0.2500;0.0645;0.1290;0.1613;0.0860;0.1530;0.5688;5;7;0.0995;0.1585;0.6150;Qwen3-4B
ID_2506452256257692;0.3024;0.3040;0.4000;0.3000;0.2000;0.1053;0.1579;0.2105;0.0737;0.4719;0.6687;3;5;0.0928;0.5506;0.6514;Qwen3-4B
ID_2501991149911808;0.0453;0.1258;0.0000;0.0000;0.1000;0.0000;0.0000;0.1111;0.0000;0.4808;0.6162;3;6;0.0095;0.6346;0.5921;Qwen3-4B
ID_0681322721384641;0.3149;0.2803;0.4000;0.2000;0.1500;0.1176;0.1176;0.1765;0.0882;0.6429;0.7551;2;3;0.1029;0.6696;0.7150;Qwen3-4B
ID_3413049864861519;0.2180;0.2925;0.0000;0.3000;0.3500;0.0000;0.1500;0.3500;0.0393;0.4545;0.7902;3;7;0.1097;0.6136;0.7654;Qwen3-4B
ID_3497475658439763;0.5959;0.5339;0.6000;0.5000;0.4500;0.0811;0.1351;0.2432;0.1076;0.7391;0.6287;5;9;0.1690;0.8406;0.6533;Qwen3-4B
ID_8972547506863523;0.8818;0.6963;1.0000;0.9000;0.6500;0.1471;0.2647;0.3824;0.2548;0.7982;0.4105;9;13;0.3576;0.8073;0.3452;Qwen3-4B
ID_6349130857434487;0.1639;0.2782;0.2000;0.2000;0.3000;0.0625;0.1250;0.3750;0.0750;0.2000;0.6042;2;6;0.1470;0.4000;0.6363;Qwen3-4B
ID_3155603065610018;0.0935;0.2606;0.0000;0.2000;0.3500;0.0000;0.0741;0.2593;0.0115;0.6471;0.6369;2;7;0.0792;0.7647;0.5734;Qwen3-4B
ID_6004516715704075;0.4750;0.5223;0.4000;0.4000;0.2500;0.2500;0.5000;0.6250;0.3175;0.8710;0.6678;5;6;0.3542;1.0000;0.6461;Qwen3-4B
ID_2460757456354875;0.2360;0.2847;0.2000;0.3000;0.2500;0.0435;0.1304;0.2174;0.0674;0.7361;0.6691;3;10;0.0897;0.8472;0.6876;Qwen3-4B
ID_7741121296126010;0.1323;0.2289;0.2000;0.1000;0.2500;0.0400;0.0400;0.2000;0.0080;0.1923;0.6656;3;7;0.0397;0.3462;0.7585;Qwen3-4B
ID_0521334155968808;0.5971;0.5019;0.6000;0.6000;0.4000;0.1250;0.2500;0.3333;0.1999;0.6429;0.5754;6;8;0.2374;0.6429;0.6513;Qwen3-4B
ID_0447358942103110;0.3983;0.3907;0.4000;0.3000;0.1500;0.2000;0.3000;0.3000;0.2429;0.4808;0.6789;3;3;0.2429;0.6538;0.6819;Qwen3-4B
ID_1509294900960066;0.6101;0.5665;0.6000;0.7000;0.4500;0.1071;0.2500;0.3214;0.2021;0.2667;0.6645;7;10;0.2506;0.4000;0.6874;Qwen3-4B
