Autor;Rank;Tag_Predita;Melhor_Match_Gabarito;Similaridade;Peso;Match_Status;Modelo
ID_0144465590218939;1;bone morphogenetic protein;protein kinase (rej);0.595;0;sem match válido;Qwen3-1.7B-QLoRA
ID_0144465590218939;2;brain-derived neurotrophic factor;receptor tyrosine kinase (rej);0.274;0;sem match válido;Qwen3-1.7B-QLoRA
ID_0144465590218939;3;cyclic AMP-dependent protein kinase;protein kinase (rej);0.719;0;sem match válido;Qwen3-1.7B-QLoRA
ID_0144465590218939;4;cyclic amp-dependent protein kinase;protein kinase;0.801;2;match válido;Qwen3-1.7B-QLoRA
ID_0144465590218939;5;cyclic adenosine monophosphate;phosphatidylinositol (rej);0.495;0;sem match válido;Qwen3-1.7B-QLoRA
ID_0144465590218939;6;diabetes mellitus type ii;insulin receptor (rej);0.642;0;sem match válido;Qwen3-1.7B-QLoRA
ID_0144465590218939;7;dexamethasone;phosphatidylinositol (rej);0.621;0;sem match válido;Qwen3-1.7B-QLoRA
ID_0144465590218939;8;endocrinology;postpartum glycemic homeostasis (rej);0.460;0;sem match válido;Qwen3-1.7B-QLoRA
ID_0144465590218939;9;fat cell differentiation;obesity (rej);0.472;0;sem match válido;Qwen3-1.7B-QLoRA
ID_0144465590218939;10;glucocorticoid;postpartum glycemic homeostasis (rej);0.506;0;sem match válido;Qwen3-1.7B-QLoRA
ID_0144465590218939;11;hypothalamus;ovary of rats (rej);0.395;0;sem match válido;Qwen3-1.7B-QLoRA
ID_0144465590218939;12;insulin receptor;insulin receptor;1.000;3;match válido;Qwen3-1.7B-QLoRA
ID_0144465590218939;13;insulin resistance;insulin receptor (rej);0.785;0;sem match válido;Qwen3-1.7B-QLoRA
ID_0144465590218939;14;insulin receptor tyrosine kinase;receptor tyrosine kinase;0.891;2;match válido;Qwen3-1.7B-QLoRA
ID_0144465590218939;15;insulin receptor tyrosine kinase activation;receptor tyrosine kinase (rej);0.879;0;sem match válido;Qwen3-1.7B-QLoRA
ID_0144465590218939;16;insulin receptor tyrosine kinase phosphorylation;tyrosine phosphorylation;0.811;2;match válido;Qwen3-1.7B-QLoRA
ID_0144465590218939;17;lactogenesis;early lactating rats (rej);0.593;0;sem match válido;Qwen3-1.7B-QLoRA
ID_0144465590218939;18;lactation;early lactating rats (rej);0.615;0;sem match válido;Qwen3-1.7B-QLoRA
ID_0144465590218939;19;neurotransmitter release;receptor tyrosine kinase (rej);0.427;0;sem match válido;Qwen3-1.7B-QLoRA
ID_0144465590218939;20;pancreatic islet;pancreatic islet;1.000;3;match válido;Qwen3-1.7B-QLoRA
ID_0170762259145267;1;cultivar;solo cultivado;0.820;2;match válido;Qwen3-1.7B-QLoRA
ID_0170762259145267;2;cultivation;agriculture produce;0.805;2;match válido;Qwen3-1.7B-QLoRA
ID_0170762259145267;3;cultivos de morangueiro;pós-colheita da mangueira;0.834;3;match válido;Qwen3-1.7B-QLoRA
ID_0170762259145267;4;distribuição da concentração;distribuição da concentração;1.000;1;match válido;Qwen3-1.7B-QLoRA
ID_0170762259145267;5;economical irrigation system;irrigação;0.833;3;match válido;Qwen3-1.7B-QLoRA
ID_0170762259145267;6;entersafra;vazão em condutos (rej);0.456;0;sem match válido;Qwen3-1.7B-QLoRA
ID_0170762259145267;7;fertilization;fertilizers in agriculture (rej);0.746;0;sem match válido;Qwen3-1.7B-QLoRA
ID_0170762259145267;8;fertigation;fertigation management (rej);0.724;0;sem match válido;Qwen3-1.7B-QLoRA
ID_0170762259145267;9;lambdas de irrigação;lâminas de irrigação;0.911;3;match válido;Qwen3-1.7B-QLoRA
ID_0170762259145267;10;mancha-de-pestalotiopsis;pós-colheita da mangueira (rej);0.593;0;sem match válido;Qwen3-1.7B-QLoRA
ID_0170762259145267;11;morango;pós-colheita da mangueira (rej);0.720;0;sem match válido;Qwen3-1.7B-QLoRA
ID_0170762259145267;12;nutritional status;present nutritional deficiency;0.827;1;match válido;Qwen3-1.7B-QLoRA
ID_0170762259145267;13;plant production;agriculture produce (rej);0.795;0;sem match válido;Qwen3-1.7B-QLoRA
ID_0170762259145267;14;proteger as plantas;solo cultivado (rej);0.596;0;sem match válido;Qwen3-1.7B-QLoRA
ID_0170762259145267;15;reducing solar radiation;reducing solar radiation;1.000;2;match válido;Qwen3-1.7B-QLoRA
ID_0170762259145267;16;solar radiation;incident solar radiation;0.898;3;match válido;Qwen3-1.7B-QLoRA
ID_0170762259145267;17;solar radiation reduction;low incident solar;0.760;3;match válido;Qwen3-1.7B-QLoRA
ID_0170762259145267;18;solar radiation shielding;reducing solar radiation (rej);0.823;0;sem match válido;Qwen3-1.7B-QLoRA
ID_0170762259145267;19;solus;vazão em condutos (rej);0.625;0;sem match válido;Qwen3-1.7B-QLoRA
ID_0170762259145267;20;sols sujeitos à exposição;causing groundwater (rej);0.580;0;sem match válido;Qwen3-1.7B-QLoRA
ID_0174325304693036;1;head and neck squamous;cabeça e pescoço;0.856;3;match válido;Qwen3-1.7B-QLoRA
ID_0174325304693036;2;head and neck squamous cell;head and neck squamous cell carcinoma (rej);0.846;0;sem match válido;Qwen3-1.7B-QLoRA
ID_0174325304693036;3;head and neck squamous cell carcinomas;head and neck squamous cell carcinoma;0.997;3;match válido;Qwen3-1.7B-QLoRA
ID_0174325304693036;4;immunohistochemistry;immunohistochemistry;1.000;2;match válido;Qwen3-1.7B-QLoRA
ID_0174325304693036;5;prognostic factors;prognostic factors;1.000;3;match válido;Qwen3-1.7B-QLoRA
ID_0174325304693036;6;squamous cell carcinoma;squamous cell carcinoma;1.000;2;match válido;Qwen3-1.7B-QLoRA
ID_0174325304693036;7;squamous cell carcinomas;squamous cell carcinoma (rej);0.995;0;sem match válido;Qwen3-1.7B-QLoRA
ID_0174325304693036;8;squamous cell carcinogenesis;squamous cell carcinoma (rej);0.941;0;sem match válido;Qwen3-1.7B-QLoRA
ID_0174325304693036;9;squamous cell carcinomas of head;câncer de cabeça;0.836;2;match válido;Qwen3-1.7B-QLoRA
ID_0174325304693036;10;tumor progression;primary tumor (rej);0.725;0;sem match válido;Qwen3-1.7B-QLoRA
ID_0174325304693036;11;tumor recurrence;primary tumor (rej);0.686;0;sem match válido;Qwen3-1.7B-QLoRA
ID_0174325304693036;12;tumor-suppressor genes;primary tumor (rej);0.553;0;sem match válido;Qwen3-1.7B-QLoRA
ID_0174325304693036;13;adenoassociated viral vectors;immunohistochemistry (rej);0.400;0;sem match válido;Qwen3-1.7B-QLoRA
ID_0174325304693036;14;brazilian minipigs;trunk (rej);0.383;0;sem match válido;Qwen3-1.7B-QLoRA
ID_0174325304693036;15;bone marrow;osteosarcoma (rej);0.457;0;sem match válido;Qwen3-1.7B-QLoRA
ID_0174325304693036;16;bone marrow-derived mesenchymal stem cells;oral squamous cell (rej);0.402;0;sem match válido;Qwen3-1.7B-QLoRA
ID_0174325304693036;17;cell proliferation;squamous cell carcinoma (rej);0.548;0;sem match válido;Qwen3-1.7B-QLoRA
ID_0174325304693036;18;dna methylation;methylation;0.944;3;match válido;Qwen3-1.7B-QLoRA
ID_0174325304693036;19;head and neck;head and neck;1.000;2;match válido;Qwen3-1.7B-QLoRA
ID_0174325304693036;20;molecular markers;co-expression of mct1 (rej);0.525;0;sem match válido;Qwen3-1.7B-QLoRA
ID_0228970585981305;1;beta-cyclodextrin;β-cyclodextrin (rej);0.956;0;sem match válido;Qwen3-1.7B-QLoRA
ID_0228970585981305;2;β-cyclodextrin;β-cyclodextrin;1.000;2;match válido;Qwen3-1.7B-QLoRA
ID_0228970585981305;3;cyclodextrins;cyclodextrin;0.985;3;match válido;Qwen3-1.7B-QLoRA
ID_0228970585981305;4;intramolecular catalysis;intramolecular catalysis;1.000;3;match válido;Qwen3-1.7B-QLoRA
ID_0228970585981305;5;kinetics;kinetics;1.000;3;match válido;Qwen3-1.7B-QLoRA
ID_0228970585981305;6;metal ions;metal ions;1.000;3;match válido;Qwen3-1.7B-QLoRA
ID_0228970585981305;7;nitrosation;metal ions (rej);0.399;0;sem match válido;Qwen3-1.7B-QLoRA
ID_0228970585981305;8;nitrosation of amines;phosphorothioate triesters (rej);0.434;0;sem match válido;Qwen3-1.7B-QLoRA
ID_0228970585981305;9;nitrosation reaction;structure and reactivity (rej);0.479;0;sem match válido;Qwen3-1.7B-QLoRA
ID_0228970585981305;10;nitrosation reactions;structure and reactivity (rej);0.496;0;sem match válido;Qwen3-1.7B-QLoRA
ID_0228970585981305;11;nitrosation studies;metal ions (rej);0.426;0;sem match válido;Qwen3-1.7B-QLoRA
ID_0228970585981305;12;phosphate;phosphate;1.000;1;match válido;Qwen3-1.7B-QLoRA
ID_0228970585981305;13;phosphate diester;phosphate (rej);0.903;0;sem match válido;Qwen3-1.7B-QLoRA
ID_0228970585981305;14;phosphate esters;phosphate (rej);0.965;0;sem match válido;Qwen3-1.7B-QLoRA
ID_0228970585981305;15;reaction of hydroxylamine;hydrolysis (rej);0.691;0;sem match válido;Qwen3-1.7B-QLoRA
ID_0228970585981305;16;sodium hydroxide;hydrolysis (rej);0.706;0;sem match válido;Qwen3-1.7B-QLoRA
ID_0228970585981305;17;sulfoxonium;sulfonyl;0.879;2;match válido;Qwen3-1.7B-QLoRA
ID_0228970585981305;18;thionyl chloride;β-cyclodextrin (rej);0.607;0;sem match válido;Qwen3-1.7B-QLoRA
ID_0228970585981305;19;transition states;transition state;0.948;3;match válido;Qwen3-1.7B-QLoRA
ID_0228970585981305;20;vaporization;solvent effect (rej);0.580;0;sem match válido;Qwen3-1.7B-QLoRA
ID_0229339143607870;1;blood flukes;tegument (rej);0.315;0;sem match válido;Qwen3-1.7B-QLoRA
ID_0229339143607870;2;blood flukes schistosoma;schistosoma;0.814;3;match válido;Qwen3-1.7B-QLoRA
ID_0229339143607870;3;blood flukes schistosoma mansoni;schistosoma mansoni (rej);0.859;0;sem match válido;Qwen3-1.7B-QLoRA
ID_0229339143607870;4;blood flukes schistosoma mansoni genome;schistosoma mansoni tnf-alpha (rej);0.833;0;sem match válido;Qwen3-1.7B-QLoRA
ID_0229339143607870;5;genome sequencing;genome;0.916;2;match válido;Qwen3-1.7B-QLoRA
ID_0229339143607870;6;genomic resources;genome (rej);0.821;0;sem match válido;Qwen3-1.7B-QLoRA
ID_0229339143607870;7;human blood fluke schistosoma;human parasite schistosoma;0.785;3;match válido;Qwen3-1.7B-QLoRA
ID_0229339143607870;8;human blood flukes;human (rej);0.355;0;sem match válido;Qwen3-1.7B-QLoRA
ID_0229339143607870;9;human blood flukes schistosoma;stages of schistosoma;0.751;3;match válido;Qwen3-1.7B-QLoRA
ID_0229339143607870;10;human blood flukes schistosoma mansoni;schistosoma mansoni (rej);0.798;0;sem match válido;Qwen3-1.7B-QLoRA
ID_0229339143607870;11;human blood flukes schistosoma mansoni genome project;schistosoma mansoni tnf-alpha (rej);0.767;0;sem match válido;Qwen3-1.7B-QLoRA
ID_0229339143607870;12;human blood flukes schistosoma mansoni transcriptome;schistosoma mansoni tnf-alpha (rej);0.795;0;sem match válido;Qwen3-1.7B-QLoRA
ID_0229339143607870;13;molecular biology;protein variation (rej);0.608;0;sem match válido;Qwen3-1.7B-QLoRA
ID_0229339143607870;14;schistosoma mansoni;schistosoma mansoni;1.000;3;match válido;Qwen3-1.7B-QLoRA
ID_0229339143607870;15;schistosoma mansoni genome;schistosoma mansoni tnf-alpha;0.875;2;match válido;Qwen3-1.7B-QLoRA
ID_0229339143607870;16;schistosoma mansoni genome sequencing;schistosoma mansoni tnf-alpha (rej);0.828;0;sem match válido;Qwen3-1.7B-QLoRA
ID_0229339143607870;17;schistosoma mansoni genome sequencing projects;schistosoma mansoni tnf-alpha (rej);0.804;0;sem match válido;Qwen3-1.7B-QLoRA
ID_0229339143607870;18;schistosoma mansoni proteomics;schistosome proteomic research (rej);0.896;0;sem match válido;Qwen3-1.7B-QLoRA
ID_0229339143607870;19;schistosoma proteomics;schistosome proteomic research;0.972;3;match válido;Qwen3-1.7B-QLoRA
ID_0229339143607870;20;septins;tegument (rej);0.475;0;sem match válido;Qwen3-1.7B-QLoRA
ID_0277415539607307;1;biological nitrogen fixation;biological nitrogen fixation;1.000;3;match válido;Qwen3-1.7B-QLoRA
ID_0277415539607307;2;brazilian sugarcane;sugarcane;0.920;3;match válido;Qwen3-1.7B-QLoRA
ID_0277415539607307;3;canículo de açúcar;sugar cane;0.758;3;match válido;Qwen3-1.7B-QLoRA
ID_0277415539607307;4;cultivated legumes;legume;0.863;3;match válido;Qwen3-1.7B-QLoRA
ID_0277415539607307;5;degradation process;isotope dilution technique (rej);0.511;0;sem match válido;Qwen3-1.7B-QLoRA
ID_0277415539607307;6;dry matter;no-tillage (rej);0.437;0;sem match válido;Qwen3-1.7B-QLoRA
ID_0277415539607307;7;economical cultivation;legume (rej);0.609;0;sem match válido;Qwen3-1.7B-QLoRA
ID_0277415539607307;8;green manure;green manures;0.815;3;match válido;Qwen3-1.7B-QLoRA
ID_0277415539607307;9;grain legumes;legume (rej);0.843;0;sem match válido;Qwen3-1.7B-QLoRA
ID_0277415539607307;10;livestock;pasture (rej);0.701;0;sem match válido;Qwen3-1.7B-QLoRA
ID_0277415539607307;11;lowland rice;pasture (rej);0.481;0;sem match válido;Qwen3-1.7B-QLoRA
ID_0277415539607307;12;nutrient stock;nitrogen nutrition (rej);0.748;0;sem match válido;Qwen3-1.7B-QLoRA
ID_0277415539607307;13;plant breeding programme;fertilization (rej);0.579;0;sem match válido;Qwen3-1.7B-QLoRA
ID_0277415539607307;14;rainfed rice;soybean (rej);0.434;0;sem match válido;Qwen3-1.7B-QLoRA
ID_0277415539607307;15;rice production;sugarcane yield (rej);0.554;0;sem match válido;Qwen3-1.7B-QLoRA
ID_0277415539607307;16;ricinus communis;herbaspirillum spp. (rej);0.685;0;sem match válido;Qwen3-1.7B-QLoRA
ID_0277415539607307;17;soil erosion;soil carbon accumulation (rej);0.677;0;sem match válido;Qwen3-1.7B-QLoRA
ID_0277415539607307;18;soil nutrients;soil organic matter;0.828;3;match válido;Qwen3-1.7B-QLoRA
ID_0277415539607307;19;soybean;soybean;1.000;3;match válido;Qwen3-1.7B-QLoRA
ID_0277415539607307;20;soybean yield;soybean (rej);0.891;0;sem match válido;Qwen3-1.7B-QLoRA
ID_0291695624884565;1;carbon nanotubes;carbon nanotubes;1.000;3;match válido;Qwen3-1.7B-QLoRA
ID_0291695624884565;2;carbon nanotubes enhanced;titanate nanotubes;0.802;3;match válido;Qwen3-1.7B-QLoRA
ID_0291695624884565;3;carbon nanotubes enhanced lead;carbon nanotubes (rej);0.796;0;sem match válido;Qwen3-1.7B-QLoRA
ID_0291695624884565;4;carbon nanotubes in environmental;carbon nanotubes (rej);0.950;0;sem match válido;Qwen3-1.7B-QLoRA
ID_0291695624884565;5;carbon nanotubes in treatment;carbon nanotubes (rej);0.913;0;sem match válido;Qwen3-1.7B-QLoRA
ID_0291695624884565;6;catalyst support;química de materiais (rej);0.402;0;sem match válido;Qwen3-1.7B-QLoRA
ID_0291695624884565;7;environmental remediation;hydrothermal treatment (rej);0.492;0;sem match válido;Qwen3-1.7B-QLoRA
ID_0291695624884565;8;nanostrutures;nanocrystal size;0.797;3;match válido;Qwen3-1.7B-QLoRA
ID_0291695624884565;9;nanotechnologies;nanocrystal size (rej);0.747;0;sem match válido;Qwen3-1.7B-QLoRA
ID_0291695624884565;10;nanowires toward daphnia;nanocrystal size (rej);0.595;0;sem match válido;Qwen3-1.7B-QLoRA
ID_0291695624884565;11;preparation and characterization;preparation and characterization;1.000;3;match válido;Qwen3-1.7B-QLoRA
ID_0291695624884565;12;silver nanoparticles;silver nanoparticles;1.000;3;match válido;Qwen3-1.7B-QLoRA
ID_0291695624884565;13;surface modification;surface;0.782;1;match válido;Qwen3-1.7B-QLoRA
ID_0291695624884565;14;thermal decomposition;thermal decomposition;1.000;3;match válido;Qwen3-1.7B-QLoRA
ID_0291695624884565;15;thermoanalytic;thermal properties (rej);0.689;0;sem match válido;Qwen3-1.7B-QLoRA
ID_0291695624884565;16;toxicity;química de materiais (rej);0.414;0;sem match válido;Qwen3-1.7B-QLoRA
ID_0291695624884565;17;toxicity of silver;biogenic silver (rej);0.650;0;sem match válido;Qwen3-1.7B-QLoRA
ID_0291695624884565;18;vycor glass;glass;0.949;3;match válido;Qwen3-1.7B-QLoRA
ID_0291695624884565;19;zinc oxide;titanium oxide (rej);0.678;0;sem match válido;Qwen3-1.7B-QLoRA
ID_0291695624884565;20;crystallization;layered compound (rej);0.502;0;sem match válido;Qwen3-1.7B-QLoRA
ID_0306964533388350;1;brazilian savanna;savanna species (rej);0.675;0;sem match válido;Qwen3-1.7B-QLoRA
ID_0306964533388350;2;comunidades vegetais;jardim botânico municipal (rej);0.684;0;sem match válido;Qwen3-1.7B-QLoRA
ID_0306964533388350;3;floresta estacional;forest;0.874;1;match válido;Qwen3-1.7B-QLoRA
ID_0306964533388350;4;herbario centro-norte-mato-grossense;bauru botanic (rej);0.722;0;sem match válido;Qwen3-1.7B-QLoRA
ID_0306964533388350;5;jardim botânico;jardim botânico municipal (rej);0.885;0;sem match válido;Qwen3-1.7B-QLoRA
ID_0306964533388350;6;municipal botanical garden;jardim botânico municipal;0.982;3;match válido;Qwen3-1.7B-QLoRA
ID_0306964533388350;7;savanna physiognomies;savanna species (rej);0.602;0;sem match válido;Qwen3-1.7B-QLoRA
ID_0306964533388350;8;seasonal savanna;savanna species (rej);0.749;0;sem match válido;Qwen3-1.7B-QLoRA
ID_0306964533388350;9;southeastern brazil;savanna in southeastern (rej);0.524;0;sem match válido;Qwen3-1.7B-QLoRA
ID_0306964533388350;10;species diversity;regional biodiversity;0.796;3;match válido;Qwen3-1.7B-QLoRA
ID_0306964533388350;11;species richness;regional biodiversity (rej);0.708;0;sem match válido;Qwen3-1.7B-QLoRA
ID_0306964533388350;12;sustainable development;environmental education (rej);0.537;0;sem match válido;Qwen3-1.7B-QLoRA
ID_0306964533388350;13;urban areas;urban areas;1.000;3;match válido;Qwen3-1.7B-QLoRA
ID_0306964533388350;14;vegetação florestal;forested savanna;0.911;1;match válido;Qwen3-1.7B-QLoRA
ID_0306964533388350;15;botanical gardens;jardim botânico municipal (rej);0.868;0;sem match válido;Qwen3-1.7B-QLoRA
ID_0306964533388350;16;conservation;urban reserves (rej);0.586;0;sem match válido;Qwen3-1.7B-QLoRA
ID_0306964533388350;17;diversity;regional biodiversity (rej);0.477;0;sem match válido;Qwen3-1.7B-QLoRA
ID_0306964533388350;18;ecotono savanico-forestal;ecotone;0.755;1;match válido;Qwen3-1.7B-QLoRA
ID_0306964533388350;19;habitat fragmentation;regional biodiversity (rej);0.648;0;sem match válido;Qwen3-1.7B-QLoRA
ID_0306964533388350;20;herbivory intensity;savanna species (rej);0.572;0;sem match válido;Qwen3-1.7B-QLoRA
ID_0321740024191482;1;blood sugar;diabetes mellitus (rej);0.652;0;sem match válido;Qwen3-1.7B-QLoRA
ID_0321740024191482;2;bone mineral density;zinc concentrations (rej);0.438;0;sem match válido;Qwen3-1.7B-QLoRA
ID_0321740024191482;3;diabetes mellitus;diabetes mellitus;1.000;2;match válido;Qwen3-1.7B-QLoRA
ID_0321740024191482;4;dietary interventions;nutrition;0.771;2;match válido;Qwen3-1.7B-QLoRA
ID_0321740024191482;5;elevated blood glucose;diabetes mellitus (rej);0.645;0;sem match válido;Qwen3-1.7B-QLoRA
ID_0321740024191482;6;free radicals;substâncias reativas (rej);0.469;0;sem match válido;Qwen3-1.7B-QLoRA
ID_0321740024191482;7;high blood sugar;diabetes mellitus (rej);0.676;0;sem match válido;Qwen3-1.7B-QLoRA
ID_0321740024191482;8;hyperglycemia;diabetes mellitus (rej);0.751;0;sem match válido;Qwen3-1.7B-QLoRA
ID_0321740024191482;9;insulin resistance;diabetes mellitus (rej);0.699;0;sem match válido;Qwen3-1.7B-QLoRA
ID_0321740024191482;10;lipid metabolism;lipid peroxidation;0.766;3;match válido;Qwen3-1.7B-QLoRA
ID_0321740024191482;11;metabolic control;diabetes mellitus (rej);0.593;0;sem match válido;Qwen3-1.7B-QLoRA
ID_0321740024191482;12;plasma free radicals;plasma tsh levels (rej);0.646;0;sem match válido;Qwen3-1.7B-QLoRA
ID_0321740024191482;13;serum glucose;diabetes mellitus (rej);0.604;0;sem match válido;Qwen3-1.7B-QLoRA
ID_0321740024191482;14;type 1 diabetes;diabetes mellitus (rej);0.854;0;sem match válido;Qwen3-1.7B-QLoRA
ID_0321740024191482;15;vitamin d;nutrition (rej);0.479;0;sem match válido;Qwen3-1.7B-QLoRA
ID_0321740024191482;16;vitamin d receptor;vitro antioxidant (rej);0.461;0;sem match válido;Qwen3-1.7B-QLoRA
ID_0321740024191482;17;β-cell dysfunction;tsh secretion (rej);0.414;0;sem match válido;Qwen3-1.7B-QLoRA
ID_0321740024191482;18;cellular response;substâncias reativas (rej);0.396;0;sem match válido;Qwen3-1.7B-QLoRA
ID_0321740024191482;19;glucose intolerance;diabetes mellitus (rej);0.673;0;sem match válido;Qwen3-1.7B-QLoRA
ID_0321740024191482;20;hepatomegaly;perfil lipídico (rej);0.520;0;sem match válido;Qwen3-1.7B-QLoRA
ID_0353944603330456;1;astronomy education;teaching of astronomy (rej);0.941;0;sem match válido;Qwen3-1.7B-QLoRA
ID_0353944603330456;2;astronomy teaching methods;teaching of astronomy (rej);0.965;0;sem match válido;Qwen3-1.7B-QLoRA
ID_0353944603330456;3;concepts and misconceptions;análise das concepções;0.782;2;match válido;Qwen3-1.7B-QLoRA
ID_0353944603330456;4;education research;ufscar sobre educação;0.784;2;match válido;Qwen3-1.7B-QLoRA
ID_0353944603330456;5;ensino de astronomia;teaching of astronomy;0.975;3;match válido;Qwen3-1.7B-QLoRA
ID_0353944603330456;6;formação inicial e continua;alunos do ensino (rej);0.533;0;sem match válido;Qwen3-1.7B-QLoRA
ID_0353944603330456;7;interdisciplinary approaches;alternative conceptions (rej);0.584;0;sem match válido;Qwen3-1.7B-QLoRA
ID_0353944603330456;8;interactive learning environments;alunos do ensino (rej);0.433;0;sem match válido;Qwen3-1.7B-QLoRA
ID_0353944603330456;9;learning environment design;alunos do ensino (rej);0.457;0;sem match válido;Qwen3-1.7B-QLoRA
ID_0353944603330456;10;modeling;analysis (rej);0.555;0;sem match válido;Qwen3-1.7B-QLoRA
ID_0353944603330456;11;pedagogical models;teacher education (rej);0.724;0;sem match válido;Qwen3-1.7B-QLoRA
ID_0353944603330456;12;scientific concepts;concepções astronômicas apresentadas (rej);0.562;0;sem match válido;Qwen3-1.7B-QLoRA
ID_0353944603330456;13;science communication;tecnologias de informação (rej);0.443;0;sem match válido;Qwen3-1.7B-QLoRA
ID_0353944603330456;14;science education;teaching of astronomy (rej);0.637;0;sem match válido;Qwen3-1.7B-QLoRA
ID_0353944603330456;15;scientific knowledge;teaching of astronomy (rej);0.478;0;sem match válido;Qwen3-1.7B-QLoRA
ID_0353944603330456;16;sociocultural contexts;análise das concepções (rej);0.449;0;sem match válido;Qwen3-1.7B-QLoRA
ID_0353944603330456;17;teaching strategies;teacher education;0.759;3;match válido;Qwen3-1.7B-QLoRA
ID_0353944603330456;18;tecnologías digitais;tecnologias de informação;0.790;2;match válido;Qwen3-1.7B-QLoRA
ID_0353944603330456;19;technologies of science communication;tecnologias de informação (rej);0.613;0;sem match válido;Qwen3-1.7B-QLoRA
ID_0353944603330456;20;understanding students' conceptual understanding;análise das concepções (rej);0.685;0;sem match válido;Qwen3-1.7B-QLoRA
ID_0422858064703713;1;biocontrol agents;bioatividade de extratos (rej);0.618;0;sem match válido;Qwen3-1.7B-QLoRA
ID_0422858064703713;2;botanical insecticides;botanical insecticide;0.996;3;match válido;Qwen3-1.7B-QLoRA
ID_0422858064703713;3;citrus;extractos de meliáceas (rej);0.716;0;sem match válido;Qwen3-1.7B-QLoRA
ID_0422858064703713;4;citrus red mite;insecticidal plant (rej);0.651;0;sem match válido;Qwen3-1.7B-QLoRA
ID_0422858064703713;5;diasporella caryophylliformis;phaseolus vulgaris (rej);0.620;0;sem match válido;Qwen3-1.7B-QLoRA
ID_0422858064703713;6;diasporella caryophylliformis (diptera: calyptridae);phaseolus vulgaris (rej);0.570;0;sem match válido;Qwen3-1.7B-QLoRA
ID_0422858064703713;7;green peach aphid;insecticidal plant (rej);0.587;0;sem match válido;Qwen3-1.7B-QLoRA
ID_0422858064703713;8;insecticidal activity;insecticidal activity;1.000;3;match válido;Qwen3-1.7B-QLoRA
ID_0422858064703713;9;neem;spodoptera (rej);0.578;0;sem match válido;Qwen3-1.7B-QLoRA
ID_0422858064703713;10;organic plant extracts;extractos de meliáceas (rej);0.791;0;sem match válido;Qwen3-1.7B-QLoRA
ID_0422858064703713;11;plant extracts;extractos de meliáceas;0.882;3;match válido;Qwen3-1.7B-QLoRA
ID_0422858064703713;12;red mite panonychus;spodoptera (rej);0.570;0;sem match válido;Qwen3-1.7B-QLoRA
ID_0422858064703713;13;sitophilus zeamais;spodoptera (rej);0.655;0;sem match válido;Qwen3-1.7B-QLoRA
ID_0422858064703713;14;stored grain;pós vegetais (rej);0.443;0;sem match válido;Qwen3-1.7B-QLoRA
ID_0422858064703713;15;tropical plant extracts;extractos de meliáceas (rej);0.828;0;sem match válido;Qwen3-1.7B-QLoRA
ID_0422858064703713;16;whiteflies;whitefly;0.919;3;match válido;Qwen3-1.7B-QLoRA
ID_0422858064703713;17;biodiversity;biology (rej);0.627;0;sem match válido;Qwen3-1.7B-QLoRA
ID_0422858064703713;18;catalytic converters;sugarcane borer (rej);0.327;0;sem match válido;Qwen3-1.7B-QLoRA
ID_0422858064703713;19;environmental pollution;atividade inseticida (rej);0.546;0;sem match válido;Qwen3-1.7B-QLoRA
ID_0422858064703713;20;insect;insecticidal activity (rej);0.752;0;sem match válido;Qwen3-1.7B-QLoRA
ID_0433763336350310;1;bone marrow multipotent mesenchymal stromal cells;marrow stromal cells;0.846;3;match válido;Qwen3-1.7B-QLoRA
ID_0433763336350310;2;bone marrow progenitor cells;bone marrow cell (rej);0.908;0;sem match válido;Qwen3-1.7B-QLoRA
ID_0433763336350310;3;bone marrow progenitor cells therapy;bone marrow cell (rej);0.844;0;sem match válido;Qwen3-1.7B-QLoRA
ID_0433763336350310;4;bone marrow-derived cells;bone marrow cell;0.955;3;match válido;Qwen3-1.7B-QLoRA
ID_0433763336350310;5;bone marrow-derived cells therapy;cell therapy;0.790;3;match válido;Qwen3-1.7B-QLoRA
ID_0433763336350310;6;bone marrow multipotent mesenchymal stromal;bone marrow stromal;0.834;3;match válido;Qwen3-1.7B-QLoRA
ID_0433763336350310;7;chronic chagasic cardiomyopathy;cardiomyopathy;0.790;3;match válido;Qwen3-1.7B-QLoRA
ID_0433763336350310;8;cytokine profile;renal cng-a3 mrna (rej);0.456;0;sem match válido;Qwen3-1.7B-QLoRA
ID_0433763336350310;9;cytokine secretion;mesenchymal stromal cells (rej);0.463;0;sem match válido;Qwen3-1.7B-QLoRA
ID_0433763336350310;10;cytokine secretion patterns;mesenchymal stromal cells (rej);0.438;0;sem match válido;Qwen3-1.7B-QLoRA
ID_0433763336350310;11;cytokine suppression;cell-based therapies (rej);0.474;0;sem match válido;Qwen3-1.7B-QLoRA
ID_0433763336350310;12;diffuse hepatic changes;severe chronic liver (rej);0.563;0;sem match válido;Qwen3-1.7B-QLoRA
ID_0433763336350310;13;diffusion tensor imaging;ultrasound and histomorphological (rej);0.404;0;sem match válido;Qwen3-1.7B-QLoRA
ID_0433763336350310;14;electrocardiogram;cardiac function (rej);0.613;0;sem match válido;Qwen3-1.7B-QLoRA
ID_0433763336350310;15;epididymal fat;liver (rej);0.435;0;sem match válido;Qwen3-1.7B-QLoRA
ID_0433763336350310;16;estrogen modulates clc-2-chloride;chloride channel gene (rej);0.484;0;sem match válido;Qwen3-1.7B-QLoRA
ID_0433763336350310;17;functional and transcriptomic;transcriptomic alterations;0.839;2;match válido;Qwen3-1.7B-QLoRA
ID_0433763336350310;18;gap junctions;gap junctions;1.000;3;match válido;Qwen3-1.7B-QLoRA
ID_0433763336350310;19;heart;heart;1.000;3;match válido;Qwen3-1.7B-QLoRA
ID_0433763336350310;20;heart failure;cardiomyopathy (rej);0.741;0;sem match válido;Qwen3-1.7B-QLoRA
ID_0521334155968808;1;adverse drug reactions;reacciones adversas;0.842;3;match válido;Qwen3-1.7B-QLoRA
ID_0521334155968808;2;ambulatorial prescription;recetas médicas ambulatorias (rej);0.915;0;sem match válido;Qwen3-1.7B-QLoRA
ID_0521334155968808;3;ambulatory prescriptions;recetas médicas ambulatorias;0.944;2;match válido;Qwen3-1.7B-QLoRA
ID_0521334155968808;4;consumo de medicamentos;consumo de medicamentos;1.000;3;match válido;Qwen3-1.7B-QLoRA
ID_0521334155968808;5;drug use;drug utilization;0.948;3;match válido;Qwen3-1.7B-QLoRA
ID_0521334155968808;6;farmacoepidemiologia;pharmacoepidemiological studies;0.935;3;match válido;Qwen3-1.7B-QLoRA
ID_0521334155968808;7;medicamentos psicotrópicos;studies on medication (rej);0.745;0;sem match válido;Qwen3-1.7B-QLoRA
ID_0521334155968808;8;medicamentos utilizados;consumo de medicamentos (rej);0.886;0;sem match válido;Qwen3-1.7B-QLoRA
ID_0521334155968808;9;psicotrópicos em ouro;ouro preto (rej);0.595;0;sem match válido;Qwen3-1.7B-QLoRA
ID_0521334155968808;10;programa terceira idade;queda entre idosos (rej);0.592;0;sem match válido;Qwen3-1.7B-QLoRA
ID_0521334155968808;11;public health system;public health;0.867;3;match válido;Qwen3-1.7B-QLoRA
ID_0521334155968808;12;public health systems;public health (rej);0.864;0;sem match válido;Qwen3-1.7B-QLoRA
ID_0521334155968808;13;reactions against drugs;reacciones adversas (rej);0.766;0;sem match válido;Qwen3-1.7B-QLoRA
ID_0521334155968808;14;recursos humanos;cumprimento das exigências (rej);0.406;0;sem match válido;Qwen3-1.7B-QLoRA
ID_0521334155968808;15;rational drug use;rational drug;0.859;2;match válido;Qwen3-1.7B-QLoRA
ID_0521334155968808;16;système national;legais em ordens (rej);0.438;0;sem match válido;Qwen3-1.7B-QLoRA
ID_0521334155968808;17;uso de medicamentos;studies on medication;0.873;3;match válido;Qwen3-1.7B-QLoRA
ID_0521334155968808;18;utilização de medicamentos;consumo de medicamentos (rej);0.933;0;sem match válido;Qwen3-1.7B-QLoRA
ID_0521334155968808;19;uso de medicamentos psicotrópicos;consumo de medicamentos (rej);0.751;0;sem match válido;Qwen3-1.7B-QLoRA
ID_0521334155968808;20;átomos radioativos;reacciones adversas (rej);0.305;0;sem match válido;Qwen3-1.7B-QLoRA
ID_0535860239259102;1;amazon forest;southern amazon forest;0.869;1;match válido;Qwen3-1.7B-QLoRA
ID_0535860239259102;2;amazonian forest;amazonian forest;1.000;2;match válido;Qwen3-1.7B-QLoRA
ID_0535860239259102;3;carbon dioxide;measurements of carbon;0.797;2;match válido;Qwen3-1.7B-QLoRA
ID_0535860239259102;4;carbon exchange;terrestrial carbon exchange;0.898;3;match válido;Qwen3-1.7B-QLoRA
ID_0535860239259102;5;carbon sequestration;terrestrial carbon exchange (rej);0.744;0;sem match válido;Qwen3-1.7B-QLoRA
ID_0535860239259102;6;climate model;terrestrial carbon exchange (rej);0.597;0;sem match válido;Qwen3-1.7B-QLoRA
ID_0535860239259102;7;evapotranspiration;evapotranspiration;1.000;2;match válido;Qwen3-1.7B-QLoRA
ID_0535860239259102;8;large-scale biosphere–atmosphere experiment;terrestrial biosphere (rej);0.672;0;sem match válido;Qwen3-1.7B-QLoRA
ID_0535860239259102;9;large-scale biosphere–atmosphere experiment in amazonia;amazonian forest (rej);0.681;0;sem match válido;Qwen3-1.7B-QLoRA
ID_0535860239259102;10;large-scale biosphere–atmosphere experiment in amazonia (lba);amazonian forest (rej);0.679;0;sem match válido;Qwen3-1.7B-QLoRA
ID_0535860239259102;11;photosynthesis;photosynthetically active radiation (rej);0.643;0;sem match válido;Qwen3-1.7B-QLoRA
ID_0535860239259102;12;photosynthetic capacity;photosynthetically active radiation (rej);0.582;0;sem match válido;Qwen3-1.7B-QLoRA
ID_0535860239259102;13;rainfall;wet season (rej);0.785;0;sem match válido;Qwen3-1.7B-QLoRA
ID_0535860239259102;14;seasonal cycle;seasonal variations (rej);0.837;0;sem match válido;Qwen3-1.7B-QLoRA
ID_0535860239259102;15;seasonal cycle of evapotranspiration;evaporation;0.751;1;match válido;Qwen3-1.7B-QLoRA
ID_0535860239259102;16;seasonal cycles;seasonal variations (rej);0.854;0;sem match válido;Qwen3-1.7B-QLoRA
ID_0535860239259102;17;seasonal dynamics;seasonal variabilitty;0.890;2;match válido;Qwen3-1.7B-QLoRA
ID_0535860239259102;18;seasonal rainfall;wet season;0.824;1;match válido;Qwen3-1.7B-QLoRA
ID_0535860239259102;19;seasonal variations;seasonal variations;1.000;2;match válido;Qwen3-1.7B-QLoRA
ID_0535860239259102;20;tropical forest;tropical forest;1.000;2;match válido;Qwen3-1.7B-QLoRA
ID_0544144585124313;1;dosimetry;dosimetry;1.000;3;match válido;Qwen3-1.7B-QLoRA
ID_0544144585124313;2;dosimetro;ti dosimeters;0.826;3;match válido;Qwen3-1.7B-QLoRA
ID_0544144585124313;3;electron beams;electrons beam;0.943;2;match válido;Qwen3-1.7B-QLoRA
ID_0544144585124313;4;high-dose;high dose;0.952;2;match válido;Qwen3-1.7B-QLoRA
ID_0544144585124313;5;ionizing radiation;radiation effect (rej);0.746;0;sem match válido;Qwen3-1.7B-QLoRA
ID_0544144585124313;6;radiation dosimetry;radiation effect;0.768;3;match válido;Qwen3-1.7B-QLoRA
ID_0544144585124313;7;radiotherapy;veterinary radiology (rej);0.663;0;sem match válido;Qwen3-1.7B-QLoRA
ID_0544144585124313;8;radiology;veterinary radiology;0.761;3;match válido;Qwen3-1.7B-QLoRA
ID_0544144585124313;9;radiosurgery;veterinary radiology (rej);0.654;0;sem match válido;Qwen3-1.7B-QLoRA
ID_0544144585124313;10;resposta rpe;fricke (rej);0.538;0;sem match válido;Qwen3-1.7B-QLoRA
ID_0544144585124313;11;response characterization;considerations of sample (rej);0.514;0;sem match válido;Qwen3-1.7B-QLoRA
ID_0544144585124313;12;respondência termoluminescente;thermoluminescence;0.887;3;match válido;Qwen3-1.7B-QLoRA
ID_0544144585124313;13;técnicas de dosimetria;aplicação em dosimetria;0.950;2;match válido;Qwen3-1.7B-QLoRA
ID_0544144585124313;14;técnicas de dosimetria retrospectiva;aplicação em dosimetria (rej);0.805;0;sem match válido;Qwen3-1.7B-QLoRA
ID_0544144585124313;15;technique;versatile tool (rej);0.714;0;sem match válido;Qwen3-1.7B-QLoRA
ID_0544144585124313;16;three-dimensional conformal radiotherapy;veterinary radiology (rej);0.463;0;sem match válido;Qwen3-1.7B-QLoRA
ID_0544144585124313;17;tomography;veterinary radiology (rej);0.430;0;sem match válido;Qwen3-1.7B-QLoRA
ID_0544144585124313;18;xylenol gel dosimeter;fricke xylenol gel dosimeter;0.949;3;match válido;Qwen3-1.7B-QLoRA
ID_0544144585124313;19;xylenol gel phantom;fricke xylenol;0.760;3;match válido;Qwen3-1.7B-QLoRA
ID_0544144585124313;20;dosimetro termluminescente;thermoluminescent dosimetry;0.871;3;match válido;Qwen3-1.7B-QLoRA
ID_0577007377836185;1;chiral xanthone;imer (rej);0.471;0;sem match válido;Qwen3-1.7B-QLoRA
ID_0577007377836185;2;direct injection;direct injection;1.000;3;match válido;Qwen3-1.7B-QLoRA
ID_0577007377836185;3;enzymes;immobilized enzymes (rej);0.797;0;sem match válido;Qwen3-1.7B-QLoRA
ID_0577007377836185;4;immobilized enzyme;immobilized enzyme;1.000;3;match válido;Qwen3-1.7B-QLoRA
ID_0577007377836185;5;immobilized enzyme reactor;immobilized enzyme (rej);0.836;0;sem match válido;Qwen3-1.7B-QLoRA
ID_0577007377836185;6;immobilized enzyme reactors;immobilized enzyme (rej);0.825;0;sem match válido;Qwen3-1.7B-QLoRA
ID_0577007377836185;7;immobilized enzyme systems;immobilized enzymes;0.963;3;match válido;Qwen3-1.7B-QLoRA
ID_0577007377836185;8;human gapdh;immobilized gapdh (rej);0.664;0;sem match válido;Qwen3-1.7B-QLoRA
ID_0577007377836185;9;human glyceraldiphosphate dehydrogenase;immobilized enzyme (rej);0.590;0;sem match válido;Qwen3-1.7B-QLoRA
ID_0577007377836185;10;glyceraldiphosphate dehydrogenase;immobilized enzyme (rej);0.580;0;sem match válido;Qwen3-1.7B-QLoRA
ID_0577007377836185;11;gaps;immobilized gapdh (rej);0.564;0;sem match válido;Qwen3-1.7B-QLoRA
ID_0577007377836185;12;high-performance liquid chromatography;high-performance liquid chromatography;1.000;3;match válido;Qwen3-1.7B-QLoRA
ID_0577007377836185;13;liquid chromatography;multidimensional hplc chromatography;0.768;3;match válido;Qwen3-1.7B-QLoRA
ID_0577007377836185;14;nitrofurans;piperonilidenacetaldeído potencialmente (rej);0.622;0;sem match válido;Qwen3-1.7B-QLoRA
ID_0577007377836185;15;piperonilidenacetaldehyde;piperonilidenacetaldeído potencialmente;0.939;3;match válido;Qwen3-1.7B-QLoRA
ID_0577007377836185;16;restricted-access media;restricted-access media (ram);0.871;3;match válido;Qwen3-1.7B-QLoRA
ID_0577007377836185;17;restricted-access media supports;restricted-access media supports;1.000;3;match válido;Qwen3-1.7B-QLoRA
ID_0577007377836185;18;restricted-access media supports and their;restricted-access media supports (rej);0.964;0;sem match válido;Qwen3-1.7B-QLoRA
ID_0577007377836185;19;recombinant human glyceraldiphosphate;immobilized enzymes (rej);0.498;0;sem match válido;Qwen3-1.7B-QLoRA
ID_0577007377836185;20;trypanosoma cruzi;trypanosoma cruzi;1.000;2;match válido;Qwen3-1.7B-QLoRA
ID_0588546982625730;1;atomic physics;atomic and molecular physics ;0.939;3;match válido;Qwen3-1.7B-QLoRA
ID_0588546982625730;2;electron detachment;electron detachment;1.000;3;match válido;Qwen3-1.7B-QLoRA
ID_0588546982625730;3;experimental evidence;experimental data;0.887;3;match válido;Qwen3-1.7B-QLoRA
ID_0588546982625730;4;fragmentation of molecules;molecular fragmentation;0.952;3;match válido;Qwen3-1.7B-QLoRA
ID_0588546982625730;5;gas stripper;projectile (rej);0.328;0;sem match válido;Qwen3-1.7B-QLoRA
ID_0588546982625730;6;mass spectrometry;mass spectrometry;1.000;3;match válido;Qwen3-1.7B-QLoRA
ID_0588546982625730;7;momentum transfer;velocity (rej);0.647;0;sem match válido;Qwen3-1.7B-QLoRA
ID_0588546982625730;8;negative ions;negative ions;1.000;3;match válido;Qwen3-1.7B-QLoRA
ID_0588546982625730;9;projectile-electron-loss and direct-ionization;electron detachment (rej);0.684;0;sem match válido;Qwen3-1.7B-QLoRA
ID_0588546982625730;10;projectile-electron-loss collision channels;electron impact (rej);0.682;0;sem match válido;Qwen3-1.7B-QLoRA
ID_0588546982625730;11;single and double ionization;ionization;0.829;3;match válido;Qwen3-1.7B-QLoRA
ID_0588546982625730;12;small cluster anions;small cluster anions;1.000;3;match válido;Qwen3-1.7B-QLoRA
ID_0588546982625730;13;simple experimental arrangement;experimental results (rej);0.673;0;sem match válido;Qwen3-1.7B-QLoRA
ID_0588546982625730;14;time of flight;velocity range (rej);0.330;0;sem match válido;Qwen3-1.7B-QLoRA
ID_0588546982625730;15;tunable laser-assisted ionization;ionization (rej);0.753;0;sem match válido;Qwen3-1.7B-QLoRA
ID_0588546982625730;16;ultrafast electron–electron collisions;electron impact;0.829;3;match válido;Qwen3-1.7B-QLoRA
ID_0588546982625730;17;vapour pressure;vapour pressures;0.989;1;match válido;Qwen3-1.7B-QLoRA
ID_0588546982625730;18;vacuum requirements;negative ions (rej);0.355;0;sem match válido;Qwen3-1.7B-QLoRA
ID_0588546982625730;19;velocity dependent contribution;relative velocities;0.792;3;match válido;Qwen3-1.7B-QLoRA
ID_0588546982625730;20;velocity range;velocity range;1.000;3;match válido;Qwen3-1.7B-QLoRA
ID_0654596992211296;1;brazilian amazon;brazilian amazonia;0.926;3;match válido;Qwen3-1.7B-QLoRA
ID_0654596992211296;2;cellular automata;uso e cobertura (rej);0.364;0;sem match válido;Qwen3-1.7B-QLoRA
ID_0654596992211296;3;geoprocessing applications;geospatial web services (rej);0.811;0;sem match válido;Qwen3-1.7B-QLoRA
ID_0654596992211296;4;geographic information system;spatial data (rej);0.731;0;sem match válido;Qwen3-1.7B-QLoRA
ID_0654596992211296;5;gis library;gis;0.838;3;match válido;Qwen3-1.7B-QLoRA
ID_0654596992211296;6;land use dynamics;land use (rej);0.903;0;sem match válido;Qwen3-1.7B-QLoRA
ID_0654596992211296;7;remote sensing;remote sensing;1.000;3;match válido;Qwen3-1.7B-QLoRA
ID_0654596992211296;8;stochastic cellular automata;simulação estocástica (rej);0.466;0;sem match válido;Qwen3-1.7B-QLoRA
ID_0654596992211296;9;urban land use;urban land;0.903;3;match válido;Qwen3-1.7B-QLoRA
ID_0654596992211296;10;urban land use change;urban population dynamics;0.757;3;match válido;Qwen3-1.7B-QLoRA
ID_0654596992211296;11;automated composition;simulação estocástica (rej);0.379;0;sem match válido;Qwen3-1.7B-QLoRA
ID_0654596992211296;12;data quality requirements;spatial data infrastructure (rej);0.457;0;sem match válido;Qwen3-1.7B-QLoRA
ID_0654596992211296;13;geospatial web services;geospatial web services;1.000;3;match válido;Qwen3-1.7B-QLoRA
ID_0654596992211296;14;information technology;spatial data infrastructure (rej);0.468;0;sem match válido;Qwen3-1.7B-QLoRA
ID_0654596992211296;15;land use;land use;1.000;3;match válido;Qwen3-1.7B-QLoRA
ID_0654596992211296;16;modeling dynamic transmission;simulação estocástica (rej);0.555;0;sem match válido;Qwen3-1.7B-QLoRA
ID_0654596992211296;17;monitoring and control;vector control (rej);0.512;0;sem match válido;Qwen3-1.7B-QLoRA
ID_0654596992211296;18;open architecture;free software (rej);0.498;0;sem match válido;Qwen3-1.7B-QLoRA
ID_0654596992211296;19;predictive models;incertezas em dados (rej);0.497;0;sem match válido;Qwen3-1.7B-QLoRA
ID_0654596992211296;20;prognósticos de mudanças;propagação de incertezas (rej);0.594;0;sem match válido;Qwen3-1.7B-QLoRA
ID_0848413770343284;1;blood clotting;blood coagulation (rej);0.862;0;sem match válido;Qwen3-1.7B-QLoRA
ID_0848413770343284;2;blood clotting cascade;blood coagulation (rej);0.866;0;sem match válido;Qwen3-1.7B-QLoRA
ID_0848413770343284;3;blood coagulation;blood coagulation;1.000;3;match válido;Qwen3-1.7B-QLoRA
ID_0848413770343284;4;blood clotting enzyme;blood coagulation (rej);0.766;0;sem match válido;Qwen3-1.7B-QLoRA
ID_0848413770343284;5;blood clotting factors;blood coagulation (rej);0.844;0;sem match válido;Qwen3-1.7B-QLoRA
ID_0848413770343284;6;blood coagulation proteins;blood coagulation (rej);0.889;0;sem match válido;Qwen3-1.7B-QLoRA
ID_0848413770343284;7;blood coagulation reaction;blood coagulation (rej);0.952;0;sem match válido;Qwen3-1.7B-QLoRA
ID_0848413770343284;8;blood coagulation system;blood coagulation (rej);0.950;0;sem match válido;Qwen3-1.7B-QLoRA
ID_0848413770343284;9;coagulation cascade;coagulation (rej);0.918;0;sem match válido;Qwen3-1.7B-QLoRA
ID_0848413770343284;10;coagulation initiation complex;coagulation (rej);0.889;0;sem match válido;Qwen3-1.7B-QLoRA
ID_0848413770343284;11;coagulation initiation;coagulation;0.926;3;match válido;Qwen3-1.7B-QLoRA
ID_0848413770343284;12;coagulation proteins;coagulation (rej);0.841;0;sem match válido;Qwen3-1.7B-QLoRA
ID_0848413770343284;13;coagulation proteins expression;coagulation (rej);0.792;0;sem match válido;Qwen3-1.7B-QLoRA
ID_0848413770343284;14;coagulation proteins expression patterns;coagulation (rej);0.753;0;sem match válido;Qwen3-1.7B-QLoRA
ID_0848413770343284;15;coagulation proteins expression profiles;coagulation (rej);0.748;0;sem match válido;Qwen3-1.7B-QLoRA
ID_0848413770343284;16;defibrillators and anticoagulants;coagulation (rej);0.600;0;sem match válido;Qwen3-1.7B-QLoRA
ID_0848413770343284;17;factor xii;tissue factor (rej);0.495;0;sem match válido;Qwen3-1.7B-QLoRA
ID_0848413770343284;18;human fibrinogen;human -thrombin (rej);0.605;0;sem match válido;Qwen3-1.7B-QLoRA
ID_0848413770343284;19;intrinsic pathway;tissue factor signaling (rej);0.338;0;sem match válido;Qwen3-1.7B-QLoRA
ID_0848413770343284;20;lupus anticoagulant;inhibits inflammation (rej);0.533;0;sem match válido;Qwen3-1.7B-QLoRA
ID_0915732258069388;1;headspace solid-phase microextraction;solid-phase microextraction (rej);0.813;0;sem match válido;Qwen3-1.7B-QLoRA
ID_0915732258069388;2;solid-phase microextraction;solid-phase microextraction;1.000;3;match válido;Qwen3-1.7B-QLoRA
ID_0915732258069388;3;solid-phase microextraction and gas;solid phase microextraction;0.838;3;match válido;Qwen3-1.7B-QLoRA
ID_0915732258069388;4;solid-phase microextraction and gas chromatography;gas chromatography;0.772;3;match válido;Qwen3-1.7B-QLoRA
ID_0915732258069388;5;solid-phase microextraction and gas chromatography-mass;gas chromatography (rej);0.730;0;sem match válido;Qwen3-1.7B-QLoRA
ID_0915732258069388;6;solid-phase microextraction and gas chromatography–mass;gas chromatography (rej);0.728;0;sem match válido;Qwen3-1.7B-QLoRA
ID_0915732258069388;7;solid-phase microextraction and gas chromatography–mass spectrometry;gas chromatography (rej);0.748;0;sem match válido;Qwen3-1.7B-QLoRA
ID_0915732258069388;8;solid-phase microextraction and gas chromatography–mass spectrometry method;gas chromatography (rej);0.728;0;sem match válido;Qwen3-1.7B-QLoRA
ID_0915732258069388;9;spectrometry;espectrometria de absorção;0.791;3;match válido;Qwen3-1.7B-QLoRA
ID_0915732258069388;10;volatility;spme (rej);0.299;0;sem match válido;Qwen3-1.7B-QLoRA
ID_0915732258069388;11;volatile compounds;gas chromatography (rej);0.439;0;sem match válido;Qwen3-1.7B-QLoRA
ID_0915732258069388;12;volatile compounds in honey;sample preparation (rej);0.345;0;sem match válido;Qwen3-1.7B-QLoRA
ID_0915732258069388;13;volatile compounds released;environmental samples (rej);0.446;0;sem match válido;Qwen3-1.7B-QLoRA
ID_0915732258069388;14;volatile compounds release;gas chromatography (rej);0.447;0;sem match válido;Qwen3-1.7B-QLoRA
ID_0915732258069388;15;volatile fractions;espectrometria de absorção (rej);0.371;0;sem match válido;Qwen3-1.7B-QLoRA
ID_0915732258069388;16;volatile profiles;espectrometria de absorção (rej);0.422;0;sem match válido;Qwen3-1.7B-QLoRA
ID_0915732258069388;17;volatile release;flame atomic absorption (rej);0.407;0;sem match válido;Qwen3-1.7B-QLoRA
ID_0915732258069388;18;volatile release rates;environmental samples (rej);0.308;0;sem match válido;Qwen3-1.7B-QLoRA
ID_0915732258069388;19;volatile release rates in honey;sample preparation (rej);0.337;0;sem match válido;Qwen3-1.7B-QLoRA
ID_0915732258069388;20;volatile releases;flame atomic absorption (rej);0.389;0;sem match válido;Qwen3-1.7B-QLoRA
ID_0932673194762377;1;aquatic macroinvertebrates;benthic macroinvertebrates (rej);0.824;0;sem match válido;Qwen3-1.7B-QLoRA
ID_0932673194762377;2;aquatic macroinvertebrate communities;benthic macroinvertebrates (rej);0.729;0;sem match válido;Qwen3-1.7B-QLoRA
ID_0932673194762377;3;aquatic macroinvertebrate diversity;benthic macroinvertebrates (rej);0.722;0;sem match válido;Qwen3-1.7B-QLoRA
ID_0932673194762377;4;aquatic macroinvertebrates as indicators;benthic macroinvertebrates (rej);0.741;0;sem match válido;Qwen3-1.7B-QLoRA
ID_0932673194762377;5;aquatic macroinvertebrates and water;benthic macroinvertebrates (rej);0.765;0;sem match válido;Qwen3-1.7B-QLoRA
ID_0932673194762377;6;benthic macroinvertebrates;benthic macroinvertebrates;1.000;3;match válido;Qwen3-1.7B-QLoRA
ID_0932673194762377;7;benthic macroinvertebrates in rivers;benthic macroinvertebrates (rej);0.831;0;sem match válido;Qwen3-1.7B-QLoRA
ID_0932673194762377;8;benthic macroinvertebrate communities;benthic macroinvertebrates (rej);0.904;0;sem match válido;Qwen3-1.7B-QLoRA
ID_0932673194762377;9;benthic macroinvertebrate diversity;benthic macroinvertebrates (rej);0.875;0;sem match válido;Qwen3-1.7B-QLoRA
ID_0932673194762377;10;benthic macroinvertebrate fauna;benthic macroinvertebrates (rej);0.930;0;sem match válido;Qwen3-1.7B-QLoRA
ID_0932673194762377;11;benthic macroinvertebrate fauna diversity;benthic macroinvertebrates (rej);0.825;0;sem match válido;Qwen3-1.7B-QLoRA
ID_0932673194762377;12;benthic macroinvertebrate communities diversity;benthic macroinvertebrates (rej);0.805;0;sem match válido;Qwen3-1.7B-QLoRA
ID_0932673194762377;13;benthic macroinvertebrate diversity pattern;benthic macroinvertebrates (rej);0.799;0;sem match válido;Qwen3-1.7B-QLoRA
ID_0932673194762377;14;benthic macroinvertebrates in rio;benthic macroinvertebrates (rej);0.857;0;sem match válido;Qwen3-1.7B-QLoRA
ID_0932673194762377;15;benthic macroinvertebrate fauna and diversity;benthic macroinvertebrates (rej);0.844;0;sem match válido;Qwen3-1.7B-QLoRA
ID_0932673194762377;16;benthic macroinvertebrate communities composition;benthic macroinvertebrates (rej);0.866;0;sem match válido;Qwen3-1.7B-QLoRA
ID_0932673194762377;17;benthic macroinvertebrate composition;benthic macroinvertebrates (rej);0.839;0;sem match válido;Qwen3-1.7B-QLoRA
ID_0932673194762377;18;benthic macroinvertebrate composition and diversity;benthic macroinvertebrates (rej);0.867;0;sem match válido;Qwen3-1.7B-QLoRA
ID_0932673194762377;19;benthic macroinvertebrate diversity and composition;benthic macroinvertebrates (rej);0.862;0;sem match válido;Qwen3-1.7B-QLoRA
ID_0932673194762377;20;;;;;;Qwen3-1.7B-QLoRA
ID_0967035318418472;1;active metabolites;antioxidant activities (rej);0.515;0;sem match válido;Qwen3-1.7B-QLoRA
ID_0967035318418472;2;active pharmaceutical ingredients;pharmacognostic study (rej);0.665;0;sem match válido;Qwen3-1.7B-QLoRA
ID_0967035318418472;3;biomarker;estudo farmacognóstico (rej);0.461;0;sem match válido;Qwen3-1.7B-QLoRA
ID_0967035318418472;4;crude extract;crude extract;1.000;3;match válido;Qwen3-1.7B-QLoRA
ID_0967035318418472;5;drug development;estudo farmacognóstico (rej);0.716;0;sem match válido;Qwen3-1.7B-QLoRA
ID_0967035318418472;6;extract;extract material;0.818;1;match válido;Qwen3-1.7B-QLoRA
ID_0967035318418472;7;herbal medicines;medicinal plants (rej);0.887;0;sem match válido;Qwen3-1.7B-QLoRA
ID_0967035318418472;8;herbal medicine;medicinal plants (rej);0.885;0;sem match válido;Qwen3-1.7B-QLoRA
ID_0967035318418472;9;isolated metabolites;semipurified extracts (rej);0.489;0;sem match válido;Qwen3-1.7B-QLoRA
ID_0967035318418472;10;leishmania amazonensis;bouchea fluminensis (rej);0.610;0;sem match válido;Qwen3-1.7B-QLoRA
ID_0967035318418472;11;medicinal plants;medicinal plants;1.000;3;match válido;Qwen3-1.7B-QLoRA
ID_0967035318418472;12;optimization of solvent;semipurified extracts (rej);0.461;0;sem match válido;Qwen3-1.7B-QLoRA
ID_0967035318418472;13;plant extract;plant extracts;0.972;3;match válido;Qwen3-1.7B-QLoRA
ID_0967035318418472;14;polyphenols;phenylpropanoid substituted;0.763;3;match válido;Qwen3-1.7B-QLoRA
ID_0967035318418472;15;statistical mixture design;statistical mixture design;1.000;3;match válido;Qwen3-1.7B-QLoRA
ID_0967035318418472;16;trichilia catigua;paullinia cupana (rej);0.638;0;sem match válido;Qwen3-1.7B-QLoRA
ID_0967035318418472;17;total polyphenol content;total polyphenols (rej);0.924;0;sem match válido;Qwen3-1.7B-QLoRA
ID_0967035318418472;18;total polyphenols;total polyphenols;1.000;3;match válido;Qwen3-1.7B-QLoRA
ID_0967035318418472;19;trichilia catigua ethyl acetate;-epigallocatechin (rej);0.562;0;sem match válido;Qwen3-1.7B-QLoRA
ID_0967035318418472;20;tuberculococcemia;cytotoxicity (rej);0.463;0;sem match válido;Qwen3-1.7B-QLoRA
ID_0990344839864230;1;agent communication;software agent communication (rej);0.860;0;sem match válido;Qwen3-1.7B-QLoRA
ID_0990344839864230;2;computational intelligence;ubiquitous computing (rej);0.504;0;sem match válido;Qwen3-1.7B-QLoRA
ID_0990344839864230;3;knowledge diffusion;knowledge flow;0.823;1;match válido;Qwen3-1.7B-QLoRA
ID_0990344839864230;4;knowledge engineering;knowledge management (rej);0.733;0;sem match válido;Qwen3-1.7B-QLoRA
ID_0990344839864230;5;mobile agents;software agent communication (rej);0.628;0;sem match válido;Qwen3-1.7B-QLoRA
ID_0990344839864230;6;mobile computers;mobile ad hoc networks (rej);0.645;0;sem match válido;Qwen3-1.7B-QLoRA
ID_0990344839864230;7;mobile computing;mobile ad hoc networks (rej);0.679;0;sem match válido;Qwen3-1.7B-QLoRA
ID_0990344839864230;8;mobile device;mobile ad hoc networks (rej);0.563;0;sem match válido;Qwen3-1.7B-QLoRA
ID_0990344839864230;9;mobile agent communication;software agent communication (rej);0.756;0;sem match válido;Qwen3-1.7B-QLoRA
ID_0990344839864230;10;ontology alignment;modelo conceitual (rej);0.436;0;sem match válido;Qwen3-1.7B-QLoRA
ID_0990344839864230;11;ontologies;modelo conceitual (rej);0.529;0;sem match válido;Qwen3-1.7B-QLoRA
ID_0990344839864230;12;software agent communication;software agent communication;1.000;1;match válido;Qwen3-1.7B-QLoRA
ID_0990344839864230;13;supporting social networks;social networks;0.905;3;match válido;Qwen3-1.7B-QLoRA
ID_0990344839864230;14;virtual scientific communities;scientific social networks;0.780;3;match válido;Qwen3-1.7B-QLoRA
ID_0990344839864230;15;web-based research environments;scientific social networks (rej);0.554;0;sem match válido;Qwen3-1.7B-QLoRA
ID_0990344839864230;16;information dissemination;knowledge dissemination;0.858;2;match válido;Qwen3-1.7B-QLoRA
ID_0990344839864230;17;knowledge discovery;knowledge dissemination (rej);0.707;0;sem match válido;Qwen3-1.7B-QLoRA
ID_0990344839864230;18;knowledge management;knowledge management;1.000;3;match válido;Qwen3-1.7B-QLoRA
ID_0990344839864230;19;scientific knowledge;scientific knowledge management;0.848;3;match válido;Qwen3-1.7B-QLoRA
ID_0990344839864230;20;social media;social media;1.000;2;match válido;Qwen3-1.7B-QLoRA
ID_1041565102315246;1;active region;active region;1.000;2;match válido;Qwen3-1.7B-QLoRA
ID_1041565102315246;2;brightness temperature;sun: flares (rej);0.638;0;sem match válido;Qwen3-1.7B-QLoRA
ID_1041565102315246;3;earth's magnetic field;scale magnetic structures (rej);0.726;0;sem match válido;Qwen3-1.7B-QLoRA
ID_1041565102315246;4;high-energy particles;radiation mechanisms: non-thermal (rej);0.526;0;sem match válido;Qwen3-1.7B-QLoRA
ID_1041565102315246;5;ionospheric plasma;solar flares (rej);0.576;0;sem match válido;Qwen3-1.7B-QLoRA
ID_1041565102315246;6;magnetic field;scale magnetic structures;0.812;3;match válido;Qwen3-1.7B-QLoRA
ID_1041565102315246;7;magnetism;scale magnetic structures (rej);0.767;0;sem match válido;Qwen3-1.7B-QLoRA
ID_1041565102315246;8;radio emission;sun: radio radiation;0.758;3;match válido;Qwen3-1.7B-QLoRA
ID_1041565102315246;9;radio heliography;sun: radio radiation (rej);0.569;0;sem match válido;Qwen3-1.7B-QLoRA
ID_1041565102315246;10;solar atmosphere;solar atmospheric model;0.897;3;match válido;Qwen3-1.7B-QLoRA
ID_1041565102315246;11;solar cycle;solar radius (rej);0.766;0;sem match válido;Qwen3-1.7B-QLoRA
ID_1041565102315246;12;solar map;solar radius (rej);0.820;0;sem match válido;Qwen3-1.7B-QLoRA
ID_1041565102315246;13;solar maps;solar radius (rej);0.793;0;sem match válido;Qwen3-1.7B-QLoRA
ID_1041565102315246;14;solar radius;solar radius;1.000;2;match válido;Qwen3-1.7B-QLoRA
ID_1041565102315246;15;sun;sun;1.000;3;match válido;Qwen3-1.7B-QLoRA
ID_1041565102315246;16;solar spots;solar flare;0.828;3;match válido;Qwen3-1.7B-QLoRA
ID_1041565102315246;17;solar storm;sun: solar flares;0.793;3;match válido;Qwen3-1.7B-QLoRA
ID_1041565102315246;18;solar storms;solar flares;0.842;3;match válido;Qwen3-1.7B-QLoRA
ID_1041565102315246;19;solar wind;solar flare (rej);0.718;0;sem match válido;Qwen3-1.7B-QLoRA
ID_1041565102315246;20;solar wind acceleration;solar atmospheric model (rej);0.694;0;sem match válido;Qwen3-1.7B-QLoRA
ID_1050516524103988;1;capacitively coupled contactless conductivity detection;capacitively coupled contactless conductivity detection;1.000;3;match válido;Qwen3-1.7B-QLoRA
ID_1050516524103988;2;contactless conductivity detection;contactless conductivity detection;1.000;3;match válido;Qwen3-1.7B-QLoRA
ID_1050516524103988;3;conductivity detection;conductivity detection;1.000;3;match válido;Qwen3-1.7B-QLoRA
ID_1050516524103988;4;conductive sensors;capacitively coupled contactless conductivity detection (rej);0.698;0;sem match válido;Qwen3-1.7B-QLoRA
ID_1050516524103988;5;conductive sensor;capacitively coupled contactless conductivity detection (rej);0.687;0;sem match válido;Qwen3-1.7B-QLoRA
ID_1050516524103988;6;contactless conductivity;contactless conductivity;1.000;3;match válido;Qwen3-1.7B-QLoRA
ID_1050516524103988;7;direct-printing process;toner and paper-based (rej);0.573;0;sem match válido;Qwen3-1.7B-QLoRA
ID_1050516524103988;8;electrolyte;polyester-toner electrophoresis (rej);0.733;0;sem match válido;Qwen3-1.7B-QLoRA
ID_1050516524103988;9;flow injection analysis;microfluidic devices (rej);0.358;0;sem match válido;Qwen3-1.7B-QLoRA
ID_1050516524103988;10;glass microfluidic;microfluidic devices (rej);0.786;0;sem match válido;Qwen3-1.7B-QLoRA
ID_1050516524103988;11;high-performance liquid chromatography;electrochemical detection (rej);0.363;0;sem match válido;Qwen3-1.7B-QLoRA
ID_1050516524103988;12;lab-on-a-chip;microchip (rej);0.748;0;sem match válido;Qwen3-1.7B-QLoRA
ID_1050516524103988;13;liquid chromatography;electrochemical detection (rej);0.425;0;sem match válido;Qwen3-1.7B-QLoRA
ID_1050516524103988;14;low-cost microfluidic;microfluidic devices;0.835;3;match válido;Qwen3-1.7B-QLoRA
ID_1050516524103988;15;microchannel manufacturing;microfabrication (rej);0.747;0;sem match válido;Qwen3-1.7B-QLoRA
ID_1050516524103988;16;micrototal analysis system;micro total analysis systems;0.820;3;match válido;Qwen3-1.7B-QLoRA
ID_1050516524103988;17;multiwalled carbon nanotubes;microfabrication (rej);0.440;0;sem match válido;Qwen3-1.7B-QLoRA
ID_1050516524103988;18;polymer microfiltration;microfluidic devices (rej);0.737;0;sem match válido;Qwen3-1.7B-QLoRA
ID_1050516524103988;19;photometric and contactless;contactless conductivity detection (rej);0.629;0;sem match válido;Qwen3-1.7B-QLoRA
ID_1050516524103988;20;potentiostat;capillary (rej);0.534;0;sem match válido;Qwen3-1.7B-QLoRA
ID_1066462335621573;1;optical burst switching;optical switches;0.881;3;match válido;Qwen3-1.7B-QLoRA
ID_1066462335621573;2;photonic switching;photonic switching;1.000;3;match válido;Qwen3-1.7B-QLoRA
ID_1066462335621573;3;performance analysis;performance analysis;1.000;3;match válido;Qwen3-1.7B-QLoRA
ID_1066462335621573;4;packet switching;packet switching;1.000;3;match válido;Qwen3-1.7B-QLoRA
ID_1066462335621573;5;optical packet switching;optical packet switching;1.000;3;match válido;Qwen3-1.7B-QLoRA
ID_1066462335621573;6;optical packet switching network;optical packet switching (rej);0.954;0;sem match válido;Qwen3-1.7B-QLoRA
ID_1066462335621573;7;optical packet switching networks;switching networks;0.772;1;match válido;Qwen3-1.7B-QLoRA
ID_1066462335621573;8;optical packet-switched networks;optical packet switching (rej);0.895;0;sem match válido;Qwen3-1.7B-QLoRA
ID_1066462335621573;9;optical packet-switching;optical packets;0.877;3;match válido;Qwen3-1.7B-QLoRA
ID_1066462335621573;10;optical packet-switching network;optical packet switching (rej);0.933;0;sem match válido;Qwen3-1.7B-QLoRA
ID_1066462335621573;11;optical code switching;optical switches (rej);0.829;0;sem match válido;Qwen3-1.7B-QLoRA
ID_1066462335621573;12;optical code switching routing;optical packet switching (rej);0.842;0;sem match válido;Qwen3-1.7B-QLoRA
ID_1066462335621573;13;optical code switching router;optical packet switching (rej);0.842;0;sem match válido;Qwen3-1.7B-QLoRA
ID_1066462335621573;14;optical code switching routing algorithm;optical packet switching (rej);0.797;0;sem match válido;Qwen3-1.7B-QLoRA
ID_1066462335621573;15;optical codes;optical packets (rej);0.731;0;sem match válido;Qwen3-1.7B-QLoRA
ID_1066462335621573;16;optical codes per wavelength;optical packets (rej);0.746;0;sem match válido;Qwen3-1.7B-QLoRA
ID_1066462335621573;17;optical codes per wavelength limitation;optical amplitude multiplexing (rej);0.677;0;sem match válido;Qwen3-1.7B-QLoRA
ID_1066462335621573;18;optical codes per wavelength limits;optical packets (rej);0.680;0;sem match válido;Qwen3-1.7B-QLoRA
ID_1066462335621573;19;optical codes per wavelength limit;optical amplitude multiplexing (rej);0.682;0;sem match válido;Qwen3-1.7B-QLoRA
ID_1066462335621573;20;optical code paths;optical packets (rej);0.735;0;sem match válido;Qwen3-1.7B-QLoRA
ID_1122362218673413;1;amazonian craton;amazonian craton;1.000;2;match válido;Qwen3-1.7B-QLoRA
ID_1122362218673413;2;heavy minerals;heavy mineral indices;0.920;3;match válido;Qwen3-1.7B-QLoRA
ID_1122362218673413;3;paleocurrent patterns;paleozoic basin (rej);0.689;0;sem match válido;Qwen3-1.7B-QLoRA
ID_1122362218673413;4;paleocurrents;paleozoic basin (rej);0.760;0;sem match válido;Qwen3-1.7B-QLoRA
ID_1122362218673413;5;provenance;provenance;1.000;3;match válido;Qwen3-1.7B-QLoRA
ID_1122362218673413;6;quartz;proveniência de minerais (rej);0.541;0;sem match válido;Qwen3-1.7B-QLoRA
ID_1122362218673413;7;quartz grains;proveniência de minerais (rej);0.616;0;sem match válido;Qwen3-1.7B-QLoRA
ID_1122362218673413;8;quartzose ferruginous quartzite;mineral chemistry (rej);0.575;0;sem match válido;Qwen3-1.7B-QLoRA
ID_1122362218673413;9;sedimentology;studied sedimentary succession (rej);0.791;0;sem match válido;Qwen3-1.7B-QLoRA
ID_1122362218673413;10;sedimentary environments;studied sedimentary succession (rej);0.778;0;sem match válido;Qwen3-1.7B-QLoRA
ID_1122362218673413;11;sedimentary rock;paleozoic basin;0.784;3;match válido;Qwen3-1.7B-QLoRA
ID_1122362218673413;12;sedimentary rocks;studied sedimentary succession (rej);0.789;0;sem match válido;Qwen3-1.7B-QLoRA
ID_1122362218673413;13;sedimentary successions;studied sedimentary succession;0.964;3;match válido;Qwen3-1.7B-QLoRA
ID_1122362218673413;14;source area;main source areas;0.903;3;match válido;Qwen3-1.7B-QLoRA
ID_1122362218673413;15;tourmaline;tourmaline chemistry;0.827;3;match válido;Qwen3-1.7B-QLoRA
ID_1122362218673413;16;upper cretaceous;paleozoic basin (rej);0.766;0;sem match válido;Qwen3-1.7B-QLoRA
ID_1122362218673413;17;upper cretáceos;cráton (rej);0.715;0;sem match válido;Qwen3-1.7B-QLoRA
ID_1122362218673413;18;ácqua clara;luís grajaú (rej);0.642;0;sem match válido;Qwen3-1.7B-QLoRA
ID_1122362218673413;19;águas claras;influenciado por maré (rej);0.598;0;sem match válido;Qwen3-1.7B-QLoRA
ID_1122362218673413;20;brazil;são luís–grajaú basin (rej);0.598;0;sem match válido;Qwen3-1.7B-QLoRA
ID_1138639549823932;1;adsorption;adsorption;1.000;3;match válido;Qwen3-1.7B-QLoRA
ID_1138639549823932;2;adsorption capacities;adsorption (rej);0.908;0;sem match válido;Qwen3-1.7B-QLoRA
ID_1138639549823932;3;adsorption equipment;adsorption (rej);0.822;0;sem match válido;Qwen3-1.7B-QLoRA
ID_1138639549823932;4;adsorption process;adsorption (rej);0.936;0;sem match válido;Qwen3-1.7B-QLoRA
ID_1138639549823932;5;adsorption recovery;adsorption (rej);0.858;0;sem match válido;Qwen3-1.7B-QLoRA
ID_1138639549823932;6;adsorption system;adsorption (rej);0.927;0;sem match válido;Qwen3-1.7B-QLoRA
ID_1138639549823932;7;commercial clay adsorbents;selection of adsorbents (rej);0.674;0;sem match válido;Qwen3-1.7B-QLoRA
ID_1138639549823932;8;correlation equations;uso de indicadores (rej);0.432;0;sem match válido;Qwen3-1.7B-QLoRA
ID_1138639549823932;9;cradle-to-grave analysis;study shows (rej);0.521;0;sem match válido;Qwen3-1.7B-QLoRA
ID_1138639549823932;10;cradle-to-grave;clay (rej);0.440;0;sem match válido;Qwen3-1.7B-QLoRA
ID_1138639549823932;11;data mining;permeate information (rej);0.467;0;sem match válido;Qwen3-1.7B-QLoRA
ID_1138639549823932;12;destiny;responsabilidade socioambiental (rej);0.433;0;sem match válido;Qwen3-1.7B-QLoRA
ID_1138639549823932;13;extraction methods;refine process (rej);0.430;0;sem match válido;Qwen3-1.7B-QLoRA
ID_1138639549823932;14;fluid catalytic cracking;refine process (rej);0.461;0;sem match válido;Qwen3-1.7B-QLoRA
ID_1138639549823932;15;global indicators;uso de indicadores (rej);0.679;0;sem match válido;Qwen3-1.7B-QLoRA
ID_1138639549823932;16;industrial waste;solids waste generated;0.809;2;match válido;Qwen3-1.7B-QLoRA
ID_1138639549823932;17;industrial waste management;solids waste generated (rej);0.721;0;sem match válido;Qwen3-1.7B-QLoRA
ID_1138639549823932;18;nitrogen compounds;nitrogen and sulfur;0.756;3;match válido;Qwen3-1.7B-QLoRA
ID_1138639549823932;19;petroleum;petroleum oil;0.946;2;match válido;Qwen3-1.7B-QLoRA
ID_1138639549823932;20;pyrolysis;polyethylene and polyethylene (rej);0.526;0;sem match válido;Qwen3-1.7B-QLoRA
ID_1177407730126204;1;amazonian fungi;amazon region (rej);0.616;0;sem match válido;Qwen3-1.7B-QLoRA
ID_1177407730126204;2;bacteria;fungal processes (rej);0.587;0;sem match válido;Qwen3-1.7B-QLoRA
ID_1177407730126204;3;biocatalysis;biocatalysis;1.000;3;match válido;Qwen3-1.7B-QLoRA
ID_1177407730126204;4;brazilian amazon;amazon region;0.816;1;match válido;Qwen3-1.7B-QLoRA
ID_1177407730126204;5;brazilian amazon fungi;amazon region (rej);0.605;0;sem match válido;Qwen3-1.7B-QLoRA
ID_1177407730126204;6;carne de frango;food proteins (rej);0.570;0;sem match válido;Qwen3-1.7B-QLoRA
ID_1177407730126204;7;candida utilis;sources of food (rej);0.563;0;sem match válido;Qwen3-1.7B-QLoRA
ID_1177407730126204;8;cellulase;immobilized cells (rej);0.724;0;sem match válido;Qwen3-1.7B-QLoRA
ID_1177407730126204;9;commercial honey samples;obtenção do suco (rej);0.433;0;sem match válido;Qwen3-1.7B-QLoRA
ID_1177407730126204;10;enzymes and proteases;functional properties of proteins (rej);0.581;0;sem match válido;Qwen3-1.7B-QLoRA
ID_1177407730126204;11;fungal culture;fungal processes;0.838;2;match válido;Qwen3-1.7B-QLoRA
ID_1177407730126204;12;fungus;fungal processes (rej);0.805;0;sem match válido;Qwen3-1.7B-QLoRA
ID_1177407730126204;13;fungus endophyte;fungal processes (rej);0.750;0;sem match válido;Qwen3-1.7B-QLoRA
ID_1177407730126204;14;fungus isolation;fungal processes (rej);0.777;0;sem match válido;Qwen3-1.7B-QLoRA
ID_1177407730126204;15;honey;obtenção do suco (rej);0.403;0;sem match válido;Qwen3-1.7B-QLoRA
ID_1177407730126204;16;honey samples;obtenção do suco (rej);0.454;0;sem match válido;Qwen3-1.7B-QLoRA
ID_1177407730126204;17;immobilized baker's yeast;free yeast cells (rej);0.728;0;sem match válido;Qwen3-1.7B-QLoRA
ID_1177407730126204;18;immobilized cells;immobilized cells;1.000;2;match válido;Qwen3-1.7B-QLoRA
ID_1177407730126204;19;lactobacillus plantarum;saccharomyces cerevisiae (rej);0.640;0;sem match válido;Qwen3-1.7B-QLoRA
ID_1177407730126204;20;microbial transglutaminase;transglutaminase;0.779;2;match válido;Qwen3-1.7B-QLoRA
ID_1218389465274602;1;herpes simplex virus;herpes simplex virus;1.000;2;match válido;Qwen3-1.7B-QLoRA
ID_1218389465274602;2;host response;viral replication (rej);0.353;0;sem match válido;Qwen3-1.7B-QLoRA
ID_1218389465274602;3;immunization;vaccinia virus inhibitor (rej);0.567;0;sem match válido;Qwen3-1.7B-QLoRA
ID_1218389465274602;4;immune response;sterile inflammation (rej);0.540;0;sem match válido;Qwen3-1.7B-QLoRA
ID_1218389465274602;5;innate immunity;vaccinia virus protein (rej);0.433;0;sem match válido;Qwen3-1.7B-QLoRA
ID_1218389465274602;6;interleukin-4;leukocyte adhesion (rej);0.578;0;sem match válido;Qwen3-1.7B-QLoRA
ID_1218389465274602;7;intranasal model;intravital microscopy (rej);0.637;0;sem match válido;Qwen3-1.7B-QLoRA
ID_1218389465274602;8;intravital microscopy;intravital microscopy;1.000;1;match válido;Qwen3-1.7B-QLoRA
ID_1218389465274602;9;molecular characterization;danger associated molecular patterns (rej);0.565;0;sem match válido;Qwen3-1.7B-QLoRA
ID_1218389465274602;10;mouse model;severe model (rej);0.393;0;sem match válido;Qwen3-1.7B-QLoRA
ID_1218389465274602;11;neutrophils in sepsis;neutrophil recruitment;0.763;1;match válido;Qwen3-1.7B-QLoRA
ID_1218389465274602;12;severe herpes simplex;herpes simplex;0.937;2;match válido;Qwen3-1.7B-QLoRA
ID_1218389465274602;13;severe hsv-1 encephalitis;severe encephalitis;0.826;1;match válido;Qwen3-1.7B-QLoRA
ID_1218389465274602;14;trigeminal ganglion;trigeminal ganglia;0.969;1;match válido;Qwen3-1.7B-QLoRA
ID_1218389465274602;15;trypanosoma cruzi;trigeminal ganglia (rej);0.353;0;sem match válido;Qwen3-1.7B-QLoRA
ID_1218389465274602;16;tumor necrosis factor alpha;neuroinflammation (rej);0.400;0;sem match válido;Qwen3-1.7B-QLoRA
ID_1218389465274602;17;vaccinia virus;vaccinia virus protein;0.901;2;match válido;Qwen3-1.7B-QLoRA
ID_1218389465274602;18;wild-type c57bl/6 mice;receptor (rej);0.397;0;sem match válido;Qwen3-1.7B-QLoRA
ID_1218389465274602;19;anterior choroidal artery;trigeminal ganglia (rej);0.561;0;sem match válido;Qwen3-1.7B-QLoRA
ID_1218389465274602;20;antibody therapy;pharmacological therapy (rej);0.549;0;sem match válido;Qwen3-1.7B-QLoRA
ID_1224532648969159;1;chaos;chaos;1.000;3;match válido;Qwen3-1.7B-QLoRA
ID_1224532648969159;2;chaos control;chaos control;1.000;3;match válido;Qwen3-1.7B-QLoRA
ID_1224532648969159;3;dynamical jumps;nonlinear dynamics (rej);0.510;0;sem match válido;Qwen3-1.7B-QLoRA
ID_1224532648969159;4;finite element analysis;finite element method (rej);0.867;0;sem match válido;Qwen3-1.7B-QLoRA
ID_1224532648969159;5;finite element method;finite element method;1.000;3;match válido;Qwen3-1.7B-QLoRA
ID_1224532648969159;6;finite element model;finite element method (rej);0.825;0;sem match válido;Qwen3-1.7B-QLoRA
ID_1224532648969159;7;geometric influence;shape memoy (rej);0.566;0;sem match válido;Qwen3-1.7B-QLoRA
ID_1224532648969159;8;nonlinear dynamics;nonlinear dynamics;1.000;3;match válido;Qwen3-1.7B-QLoRA
ID_1224532648969159;9;shape memory alloy;shape memory alloy;1.000;3;match válido;Qwen3-1.7B-QLoRA
ID_1224532648969159;10;state space reconstruction;state space reconstruction;1.000;3;match válido;Qwen3-1.7B-QLoRA
ID_1224532648969159;11;structural response;constitutive model (rej);0.506;0;sem match válido;Qwen3-1.7B-QLoRA
ID_1224532648969159;12;two-bar truss;sliding modes. (rej);0.416;0;sem match válido;Qwen3-1.7B-QLoRA
ID_1224532648969159;13;adaptive fuzzy sliding mode;sliding modes.;0.754;1;match válido;Qwen3-1.7B-QLoRA
ID_1224532648969159;14;adaptive fuzzy sliding mode control;sliding mode controller;0.761;3;match válido;Qwen3-1.7B-QLoRA
ID_1224532648969159;15;analytical solution;mathematical model (rej);0.649;0;sem match válido;Qwen3-1.7B-QLoRA
ID_1224532648969159;16;bistable systems;fuzzy logic (rej);0.464;0;sem match válido;Qwen3-1.7B-QLoRA
ID_1224532648969159;17;experimental investigation;experimental investigations;0.989;3;match válido;Qwen3-1.7B-QLoRA
ID_1224532648969159;18;hysteresis loops;hysteresis;0.829;3;match válido;Qwen3-1.7B-QLoRA
ID_1224532648969159;19;numerical integration;numerical integration;1.000;1;match válido;Qwen3-1.7B-QLoRA
ID_1224532648969159;20;oscillator with shape;nonlinear pendulum (rej);0.513;0;sem match válido;Qwen3-1.7B-QLoRA
ID_1234565160573730;1;biodegradation;biodegradation;1.000;3;match válido;Qwen3-1.7B-QLoRA
ID_1234565160573730;2;biodegradable polymeric nanoparticles;nanopartículas (rej);0.810;0;sem match válido;Qwen3-1.7B-QLoRA
ID_1234565160573730;3;high performance liquid chromatography;high-speed counter-current chromatography;0.808;1;match válido;Qwen3-1.7B-QLoRA
ID_1234565160573730;4;hplc–esms;srm (rej);0.511;0;sem match válido;Qwen3-1.7B-QLoRA
ID_1234565160573730;5;liquid chromatography;high-speed counter-current chromatography (rej);0.744;0;sem match válido;Qwen3-1.7B-QLoRA
ID_1234565160573730;6;liquid chromatography systems;high-speed counter-current chromatography (rej);0.724;0;sem match válido;Qwen3-1.7B-QLoRA
ID_1234565160573730;7;polymer nanoparticles;nanopartículas (rej);0.891;0;sem match válido;Qwen3-1.7B-QLoRA
ID_1234565160573730;8;polymeric nanoparticles;nanopartículas;0.905;3;match válido;Qwen3-1.7B-QLoRA
ID_1234565160573730;9;polycaprolactone;propolis gel (rej);0.602;0;sem match válido;Qwen3-1.7B-QLoRA
ID_1234565160573730;10;plant protection;plant insecticides (rej);0.642;0;sem match válido;Qwen3-1.7B-QLoRA
ID_1234565160573730;11;plant protection industry;plant insecticides (rej);0.591;0;sem match válido;Qwen3-1.7B-QLoRA
ID_1234565160573730;12;quantitative determination;quantification (rej);0.688;0;sem match válido;Qwen3-1.7B-QLoRA
ID_1234565160573730;13;rapid performance liquid chrom;high-speed counter-current chromatography (rej);0.612;0;sem match válido;Qwen3-1.7B-QLoRA
ID_1234565160573730;14;reversed-phase high-performance liquid;hydraulic conductance (rej);0.455;0;sem match válido;Qwen3-1.7B-QLoRA
ID_1234565160573730;15;secondary metabolite;propolis (rej);0.444;0;sem match válido;Qwen3-1.7B-QLoRA
ID_1234565160573730;16;specific analytical method;preparation and characterization (rej);0.598;0;sem match válido;Qwen3-1.7B-QLoRA
ID_1234565160573730;17;solvent extraction;propolis gel (rej);0.559;0;sem match válido;Qwen3-1.7B-QLoRA
ID_1234565160573730;18;sustainable pest management;plant insecticides;0.754;3;match válido;Qwen3-1.7B-QLoRA
ID_1234565160573730;19;sustainability;biodegradation (rej);0.572;0;sem match válido;Qwen3-1.7B-QLoRA
ID_1234565160573730;20;supercritical fluid extraction;hydraulic conductance (rej);0.497;0;sem match válido;Qwen3-1.7B-QLoRA
ID_1272997735344283;1;agent-oriented software engineering;agent-oriented software engineering;1.000;3;match válido;Qwen3-1.7B-QLoRA
ID_1272997735344283;2;automatic product derivation;product derivation tool;0.791;2;match válido;Qwen3-1.7B-QLoRA
ID_1272997735344283;3;automated decision making;multi-agent systems (rej);0.419;0;sem match válido;Qwen3-1.7B-QLoRA
ID_1272997735344283;4;bdi agent architectures;agent-oriented software engineering (rej);0.661;0;sem match válido;Qwen3-1.7B-QLoRA
ID_1272997735344283;5;bdi agents;multi-agent systems (rej);0.501;0;sem match válido;Qwen3-1.7B-QLoRA
ID_1272997735344283;6;belief-desire-intention;configuration knowledge (rej);0.183;0;sem match válido;Qwen3-1.7B-QLoRA
ID_1272997735344283;7;belief-desire-intention model;model-driven development (rej);0.284;0;sem match válido;Qwen3-1.7B-QLoRA
ID_1272997735344283;8;belief-desire-intention model bdi;model-driven development (rej);0.293;0;sem match válido;Qwen3-1.7B-QLoRA
ID_1272997735344283;9;case studies;model-driven development (rej);0.388;0;sem match válido;Qwen3-1.7B-QLoRA
ID_1272997735344283;10;configuration knowledge specification;configuration knowledge;0.955;2;match válido;Qwen3-1.7B-QLoRA
ID_1272997735344283;11;domain engineering process;application engineering (rej);0.520;0;sem match válido;Qwen3-1.7B-QLoRA
ID_1272997735344283;12;multi-agent systems product lines;multi-agent systems;0.809;3;match válido;Qwen3-1.7B-QLoRA
ID_1272997735344283;13;multi-level models;model-driven development (rej);0.671;0;sem match válido;Qwen3-1.7B-QLoRA
ID_1272997735344283;14;multi-level model;multiagent systems (rej);0.657;0;sem match válido;Qwen3-1.7B-QLoRA
ID_1272997735344283;15;product derivation;product derivation process;0.907;2;match válido;Qwen3-1.7B-QLoRA
ID_1272997735344283;16;software product lines;software product lines;1.000;3;match válido;Qwen3-1.7B-QLoRA
ID_1272997735344283;17;supporting agent variability;multi-agent systems (rej);0.576;0;sem match válido;Qwen3-1.7B-QLoRA
ID_1272997735344283;18;transparent provenance derivation;product derivation tool (rej);0.394;0;sem match válido;Qwen3-1.7B-QLoRA
ID_1272997735344283;19;user-centric principle;configuration knowledge (rej);0.520;0;sem match válido;Qwen3-1.7B-QLoRA
ID_1272997735344283;20;web-based collaborative innovation;software engineering techniques (rej);0.359;0;sem match válido;Qwen3-1.7B-QLoRA
ID_1290711673273506;1;estimation of harmonics;time-varying harmonic/interharmonic estimation (rej);0.783;0;sem match válido;Qwen3-1.7B-QLoRA
ID_1290711673273506;2;higher order statistics;classificação de distúrbios (rej);0.487;0;sem match válido;Qwen3-1.7B-QLoRA
ID_1290711673273506;3;power line communication;power system communication;0.914;3;match válido;Qwen3-1.7B-QLoRA
ID_1290711673273506;4;power quality;power quality;1.000;3;match válido;Qwen3-1.7B-QLoRA
ID_1290711673273506;5;power system diagnostics;power system measurement;0.871;1;match válido;Qwen3-1.7B-QLoRA
ID_1290711673273506;6;signal processing;signal processing;1.000;3;match válido;Qwen3-1.7B-QLoRA
ID_1290711673273506;7;speech quality assessment;quality events recognition (rej);0.451;0;sem match válido;Qwen3-1.7B-QLoRA
ID_1290711673273506;8;speech signal distortion;signal processing (rej);0.608;0;sem match válido;Qwen3-1.7B-QLoRA
ID_1290711673273506;9;time-varying harmonic transition principle;time-varying harmonic/interharmonic estimation;0.786;2;match válido;Qwen3-1.7B-QLoRA
ID_1290711673273506;10;waveform compression;signal compression (rej);0.702;0;sem match válido;Qwen3-1.7B-QLoRA
ID_1290711673273506;11;waveforms and decompositions;wavelet transform (rej);0.706;0;sem match válido;Qwen3-1.7B-QLoRA
ID_1290711673273506;12;wavelet transforms;wavelet transform;0.983;1;match válido;Qwen3-1.7B-QLoRA
ID_1290711673273506;13;wavelet-based method;wavelet transform (rej);0.786;0;sem match válido;Qwen3-1.7B-QLoRA
ID_1290711673273506;14;wavelet e eos;wavelet transform (rej);0.599;0;sem match válido;Qwen3-1.7B-QLoRA
ID_1290711673273506;15;wavelet e os;wavelet transform (rej);0.622;0;sem match válido;Qwen3-1.7B-QLoRA
ID_1290711673273506;16;wavelet e sos;wavelet transform (rej);0.431;0;sem match válido;Qwen3-1.7B-QLoRA
ID_1290711673273506;17;wavelet e sos para detecção;detecção e classificação (rej);0.465;0;sem match válido;Qwen3-1.7B-QLoRA
ID_1290711673273506;18;wavelet e sos para detecção de distúrbios;classificação de distúrbios (rej);0.473;0;sem match válido;Qwen3-1.7B-QLoRA
ID_1290711673273506;19;wavelet e sos para detecção de vibrações;voltage waveform quality (rej);0.474;0;sem match válido;Qwen3-1.7B-QLoRA
ID_1290711673273506;20;wavelet e sos para estimação;técnica de estimação (rej);0.412;0;sem match válido;Qwen3-1.7B-QLoRA
ID_1305553577433058;1;antimetastática potencial;antitumor activity (rej);0.704;0;sem match válido;Qwen3-1.7B-QLoRA
ID_1305553577433058;2;essential oil;essential oil;1.000;2;match válido;Qwen3-1.7B-QLoRA
ID_1305553577433058;3;essential oils;essential oil (rej);0.967;0;sem match válido;Qwen3-1.7B-QLoRA
ID_1305553577433058;4;in vitro and in vivo;vitro culture;0.766;3;match válido;Qwen3-1.7B-QLoRA
ID_1305553577433058;5;in vivo antitumor activity;antitumor activity;0.949;3;match válido;Qwen3-1.7B-QLoRA
ID_1305553577433058;6;in vivo antitumor effects;antitumor;0.854;3;match válido;Qwen3-1.7B-QLoRA
ID_1305553577433058;7;in vivo antitumor effects of oil;vivo antitumor effect (rej);0.708;0;sem match válido;Qwen3-1.7B-QLoRA
ID_1305553577433058;8;in vivo antitumor effect;vivo antitumor effect;0.964;3;match válido;Qwen3-1.7B-QLoRA
ID_1305553577433058;9;inhibiting metastasis;antitumor activity (rej);0.625;0;sem match válido;Qwen3-1.7B-QLoRA
ID_1305553577433058;10;metastasis;cancer cell (rej);0.669;0;sem match válido;Qwen3-1.7B-QLoRA
ID_1305553577433058;11;metastatic potential;phases of cell (rej);0.378;0;sem match válido;Qwen3-1.7B-QLoRA
ID_1305553577433058;12;metastatic potential of biflorin;phenolic compounds (rej);0.502;0;sem match válido;Qwen3-1.7B-QLoRA
ID_1305553577433058;13;natural products;chemical constituents (rej);0.544;0;sem match válido;Qwen3-1.7B-QLoRA
ID_1305553577433058;14;natural products used as candidates;chemical constituents (rej);0.589;0;sem match válido;Qwen3-1.7B-QLoRA
ID_1305553577433058;15;neosergeolide-induced apoptosis;apoptosis;0.787;3;match válido;Qwen3-1.7B-QLoRA
ID_1305553577433058;16;neosergeolide-mediated apoptosis;apoptosis (rej);0.784;0;sem match válido;Qwen3-1.7B-QLoRA
ID_1305553577433058;17;plant families;brazilian cerrado plant (rej);0.552;0;sem match válido;Qwen3-1.7B-QLoRA
ID_1305553577433058;18;plant families annonaceae;leaves of acnistius (rej);0.590;0;sem match válido;Qwen3-1.7B-QLoRA
ID_1305553577433058;19;polyketides;piplartine (rej);0.550;0;sem match válido;Qwen3-1.7B-QLoRA
ID_1305553577433058;20;propolis;vitro (rej);0.558;0;sem match válido;Qwen3-1.7B-QLoRA
ID_1351748125964309;1;conservation biology;habitat loss (rej);0.645;0;sem match válido;Qwen3-1.7B-QLoRA
ID_1351748125964309;2;conservation planning;habitat loss (rej);0.653;0;sem match válido;Qwen3-1.7B-QLoRA
ID_1351748125964309;3;ecological corridors;habitat loss (rej);0.660;0;sem match válido;Qwen3-1.7B-QLoRA
ID_1351748125964309;4;habitat fragmentation;habitat fragmentation;1.000;3;match válido;Qwen3-1.7B-QLoRA
ID_1351748125964309;5;habitat specialization;habitat amount;0.759;2;match válido;Qwen3-1.7B-QLoRA
ID_1351748125964309;6;landscape ecology;habitat loss (rej);0.704;0;sem match válido;Qwen3-1.7B-QLoRA
ID_1351748125964309;7;population dynamics;habitat amount (rej);0.437;0;sem match válido;Qwen3-1.7B-QLoRA
ID_1351748125964309;8;population genetics;species number estimation (rej);0.514;0;sem match válido;Qwen3-1.7B-QLoRA
ID_1351748125964309;9;população e comunidades;habitat amount (rej);0.552;0;sem match válido;Qwen3-1.7B-QLoRA
ID_1351748125964309;10;population persistence;habitat amount (rej);0.502;0;sem match válido;Qwen3-1.7B-QLoRA
ID_1351748125964309;11;population persistence models;habitat amount (rej);0.462;0;sem match válido;Qwen3-1.7B-QLoRA
ID_1351748125964309;12;protection areas;habitat loss (rej);0.492;0;sem match válido;Qwen3-1.7B-QLoRA
ID_1351748125964309;13;reproductive activity;successional stages (rej);0.293;0;sem match válido;Qwen3-1.7B-QLoRA
ID_1351748125964309;14;road effect;edge effects (rej);0.589;0;sem match válido;Qwen3-1.7B-QLoRA
ID_1351748125964309;15;small mammals;small mammal species;0.954;2;match válido;Qwen3-1.7B-QLoRA
ID_1351748125964309;16;species extinction;habitat loss (rej);0.679;0;sem match válido;Qwen3-1.7B-QLoRA
ID_1351748125964309;17;species extinction threshold;habitat loss (rej);0.640;0;sem match válido;Qwen3-1.7B-QLoRA
ID_1351748125964309;18;species persistence;habitat amount (rej);0.483;0;sem match válido;Qwen3-1.7B-QLoRA
ID_1351748125964309;19;species richness;tropical biodiversity (rej);0.654;0;sem match válido;Qwen3-1.7B-QLoRA
ID_1351748125964309;20;study design;fragmentation (rej);0.299;0;sem match válido;Qwen3-1.7B-QLoRA
ID_1364246301366731;1;large eddy simulation;atmospheric numerical model (rej);0.414;0;sem match válido;Qwen3-1.7B-QLoRA
ID_1364246301366731;2;large eddy simulation model;atmospheric numerical model (rej);0.476;0;sem match válido;Qwen3-1.7B-QLoRA
ID_1364246301366731;3;meso-scale atmospheric circulation;atmospheric numerical model (rej);0.749;0;sem match válido;Qwen3-1.7B-QLoRA
ID_1364246301366731;4;numerical modeling;coupled numerical model;0.792;2;match válido;Qwen3-1.7B-QLoRA
ID_1364246301366731;5;planetary boundary layer;equatorial atlantic ocean (rej);0.453;0;sem match válido;Qwen3-1.7B-QLoRA
ID_1364246301366731;6;planetary boundary layers;surface radiation balance (rej);0.439;0;sem match válido;Qwen3-1.7B-QLoRA
ID_1364246301366731;7;pollutant dispersion;diffuse solar radiation (rej);0.522;0;sem match válido;Qwen3-1.7B-QLoRA
ID_1364246301366731;8;surface energy budget;energy budget;0.819;1;match válido;Qwen3-1.7B-QLoRA
ID_1364246301366731;9;wind field;wind field over complex terrain;0.889;2;match válido;Qwen3-1.7B-QLoRA
ID_1364246301366731;10;convective boundary layer;wavelet (rej);0.439;0;sem match válido;Qwen3-1.7B-QLoRA
ID_1364246301366731;11;disperse particles;diffuse solar radiation (rej);0.500;0;sem match válido;Qwen3-1.7B-QLoRA
ID_1364246301366731;12;large eddy simulations;atmospheric numerical model (rej);0.435;0;sem match válido;Qwen3-1.7B-QLoRA
ID_1364246301366731;13;low-level jet;air–sea interaction (rej);0.454;0;sem match válido;Qwen3-1.7B-QLoRA
ID_1364246301366731;14;mixed layer similarity theory;coupled numerical model (rej);0.475;0;sem match válido;Qwen3-1.7B-QLoRA
ID_1364246301366731;15;numérico da dispersão;diffuse solar radiation (rej);0.460;0;sem match válido;Qwen3-1.7B-QLoRA
ID_1364246301366731;16;numerical simulations;coupled numerical model (rej);0.679;0;sem match válido;Qwen3-1.7B-QLoRA
ID_1364246301366731;17;numerical study;coupled numerical model (rej);0.645;0;sem match válido;Qwen3-1.7B-QLoRA
ID_1364246301366731;18;numerical studies;coupled numerical model (rej);0.642;0;sem match válido;Qwen3-1.7B-QLoRA
ID_1364246301366731;19;planetary boundary-layer;equatorial atlantic ocean (rej);0.431;0;sem match válido;Qwen3-1.7B-QLoRA
ID_1364246301366731;20;radiation measurement;surface radiation balance (rej);0.724;0;sem match válido;Qwen3-1.7B-QLoRA
ID_1387531666012807;1;cell therapy;cell therapy;1.000;3;match válido;Qwen3-1.7B-QLoRA
ID_1387531666012807;2;focal cortical ischemia;superior colliculus (rej);0.476;0;sem match válido;Qwen3-1.7B-QLoRA
ID_1387531666012807;3;functional recovery;functional sensorimotor recovery (rej);0.670;0;sem match válido;Qwen3-1.7B-QLoRA
ID_1387531666012807;4;nitric oxide;nitric oxide;1.000;3;match válido;Qwen3-1.7B-QLoRA
ID_1387531666012807;5;nitric oxide synthase;nitric oxide synthase;1.000;3;match válido;Qwen3-1.7B-QLoRA
ID_1387531666012807;6;superior colliculus;superior colliculus;1.000;3;match válido;Qwen3-1.7B-QLoRA
ID_1387531666012807;7;visual system;visual system;1.000;3;match válido;Qwen3-1.7B-QLoRA
ID_1387531666012807;8;brain;synaptic plasticity (rej);0.448;0;sem match válido;Qwen3-1.7B-QLoRA
ID_1387531666012807;9;colículo superior;superior colliculus (rej);0.786;0;sem match válido;Qwen3-1.7B-QLoRA
ID_1387531666012807;10;developmental plasticity;synaptic plasticity (rej);0.556;0;sem match válido;Qwen3-1.7B-QLoRA
ID_1387531666012807;11;focal cerebral aspiration;stroke (rej);0.479;0;sem match válido;Qwen3-1.7B-QLoRA
ID_1387531666012807;12;focal cerebral ischemia;stroke (rej);0.631;0;sem match válido;Qwen3-1.7B-QLoRA
ID_1387531666012807;13;neuroplasticity;synaptic plasticity (rej);0.605;0;sem match válido;Qwen3-1.7B-QLoRA
ID_1387531666012807;14;retinotectal projection;retinotectal projection;1.000;3;match válido;Qwen3-1.7B-QLoRA
ID_1387531666012807;15;superior colliculi;superior colliculus (rej);0.939;0;sem match válido;Qwen3-1.7B-QLoRA
ID_1387531666012807;16;visually-induced ngfi-a protein;immunohistochemistry (rej);0.388;0;sem match válido;Qwen3-1.7B-QLoRA
ID_1387531666012807;17;visual stimulus;visual system (rej);0.743;0;sem match válido;Qwen3-1.7B-QLoRA
ID_1387531666012807;18;vitro cell culture;stem cell;0.764;2;match válido;Qwen3-1.7B-QLoRA
ID_1387531666012807;19;vitro differentiation;cell type (rej);0.561;0;sem match válido;Qwen3-1.7B-QLoRA
ID_1387531666012807;20;vitro propagation;cell type (rej);0.476;0;sem match válido;Qwen3-1.7B-QLoRA
ID_1511271976880714;1;buffalo;pampa horse (rej);0.469;0;sem match válido;Qwen3-1.7B-QLoRA
ID_1511271976880714;2;dna marker;utilizando marcadores (rej);0.838;0;sem match válido;Qwen3-1.7B-QLoRA
ID_1511271976880714;3;dna markers;utilizando marcadores;0.845;3;match válido;Qwen3-1.7B-QLoRA
ID_1511271976880714;4;genetic diversity;genetic markers (rej);0.767;0;sem match válido;Qwen3-1.7B-QLoRA
ID_1511271976880714;5;genetic variation;genetic markers;0.802;3;match válido;Qwen3-1.7B-QLoRA
ID_1511271976880714;6;identification;utilizando marcadores (rej);0.666;0;sem match válido;Qwen3-1.7B-QLoRA
ID_1511271976880714;7;microsatellite markers;microsatellite;0.873;3;match válido;Qwen3-1.7B-QLoRA
ID_1511271976880714;8;multiplex microsatellite sets;multiplexed microsatellite set (rej);0.978;0;sem match válido;Qwen3-1.7B-QLoRA
ID_1511271976880714;9;multiplex microsatellite set;multiplexed microsatellite set;0.982;3;match válido;Qwen3-1.7B-QLoRA
ID_1511271976880714;10;paternity testing;parentage tests (rej);0.815;0;sem match válido;Qwen3-1.7B-QLoRA
ID_1511271976880714;11;parentage verification;parentage tests (rej);0.816;0;sem match válido;Qwen3-1.7B-QLoRA
ID_1511271976880714;12;parentage verification in murrahs;parentage tests (rej);0.692;0;sem match válido;Qwen3-1.7B-QLoRA
ID_1511271976880714;13;specie-specific composition;physicochemical properties (rej);0.509;0;sem match válido;Qwen3-1.7B-QLoRA
ID_1511271976880714;14;specie-specific differentiation;genetic markers (rej);0.498;0;sem match válido;Qwen3-1.7B-QLoRA
ID_1511271976880714;15;species specific differentiation;genetic distance (rej);0.464;0;sem match válido;Qwen3-1.7B-QLoRA
ID_1511271976880714;16;specific differentiation;utilizando marcadores (rej);0.534;0;sem match válido;Qwen3-1.7B-QLoRA
ID_1511271976880714;17;teste de paternidade;parentage tests;0.884;2;match válido;Qwen3-1.7B-QLoRA
ID_1511271976880714;18;water buffalo;pampa horse (rej);0.415;0;sem match válido;Qwen3-1.7B-QLoRA
ID_1511271976880714;19;bubalus;bubalus;1.000;1;match válido;Qwen3-1.7B-QLoRA
ID_1511271976880714;20;cheese;beef catle (rej);0.449;0;sem match válido;Qwen3-1.7B-QLoRA
ID_1602277501575415;1;analysis;systematic evaluation;0.793;3;match válido;Qwen3-1.7B-QLoRA
ID_1602277501575415;2;análise multivariada;systematic evaluation (rej);0.762;0;sem match válido;Qwen3-1.7B-QLoRA
ID_1602277501575415;3;discriminant analysis;systematic evaluation (rej);0.600;0;sem match válido;Qwen3-1.7B-QLoRA
ID_1602277501575415;4;multivariate analysis;systematic evaluation (rej);0.670;0;sem match válido;Qwen3-1.7B-QLoRA
ID_1602277501575415;5;multiple regression;multivariate optimization (rej);0.575;0;sem match válido;Qwen3-1.7B-QLoRA
ID_1602277501575415;6;pattern recognition;trace analysis (rej);0.440;0;sem match válido;Qwen3-1.7B-QLoRA
ID_1602277501575415;7;principal component analysis;systematic evaluation (rej);0.551;0;sem match válido;Qwen3-1.7B-QLoRA
ID_1602277501575415;8;principal components;polymeric precursor method (rej);0.506;0;sem match válido;Qwen3-1.7B-QLoRA
ID_1602277501575415;9;qualitative chromatography;uv–vis spectrophotometry (rej);0.575;0;sem match válido;Qwen3-1.7B-QLoRA
ID_1602277501575415;10;redox reaction;biosorption (rej);0.417;0;sem match válido;Qwen3-1.7B-QLoRA
ID_1602277501575415;11;response surface methodology;response (rej);0.657;0;sem match válido;Qwen3-1.7B-QLoRA
ID_1602277501575415;12;successive projections algorithm;pls algorithms (rej);0.595;0;sem match válido;Qwen3-1.7B-QLoRA
ID_1602277501575415;13;successive projections algorithm applied;pls algorithms (rej);0.599;0;sem match válido;Qwen3-1.7B-QLoRA
ID_1602277501575415;14;successive projections algorithm applied to the analysis;pls algorithms (rej);0.578;0;sem match válido;Qwen3-1.7B-QLoRA
ID_1602277501575415;15;supervised learning;systematic evaluation (rej);0.383;0;sem match válido;Qwen3-1.7B-QLoRA
ID_1602277501575415;16;support vector machine;μfba system based (rej);0.417;0;sem match válido;Qwen3-1.7B-QLoRA
ID_1602277501575415;17;temperature gradient;thermoplastics (rej);0.477;0;sem match válido;Qwen3-1.7B-QLoRA
ID_1602277501575415;18;voltametria;voltammetry (rej);0.743;0;sem match válido;Qwen3-1.7B-QLoRA
ID_1602277501575415;19;voltaímetro de arranha;voltammetry (rej);0.691;0;sem match válido;Qwen3-1.7B-QLoRA
ID_1602277501575415;20;voltage;oxide ph electrodes (rej);0.531;0;sem match válido;Qwen3-1.7B-QLoRA
ID_1612969183171944;1;animal performance;animal;0.754;1;match válido;Qwen3-1.7B-QLoRA
ID_1612969183171944;2;broiler chicken;silagem de grãos (rej);0.430;0;sem match válido;Qwen3-1.7B-QLoRA
ID_1612969183171944;3;broiler chickens;pig (rej);0.466;0;sem match válido;Qwen3-1.7B-QLoRA
ID_1612969183171944;4;broiler performance;silagem de grãos (rej);0.375;0;sem match válido;Qwen3-1.7B-QLoRA
ID_1612969183171944;5;feed efficiency;nutrition (rej);0.656;0;sem match válido;Qwen3-1.7B-QLoRA
ID_1612969183171944;6;frangos de corte;silagem de grãos (rej);0.632;0;sem match válido;Qwen3-1.7B-QLoRA
ID_1612969183171944;7;feeding strategy;feeding;0.866;1;match válido;Qwen3-1.7B-QLoRA
ID_1612969183171944;8;growth performance;techniques in growing-finishing (rej);0.495;0;sem match válido;Qwen3-1.7B-QLoRA
ID_1612969183171944;9;livestock production;animal (rej);0.570;0;sem match válido;Qwen3-1.7B-QLoRA
ID_1612969183171944;10;nutrition;nutrition;1.000;3;match válido;Qwen3-1.7B-QLoRA
ID_1612969183171944;11;poule de poupe;silagem de grãos;0.756;1;match válido;Qwen3-1.7B-QLoRA
ID_1612969183171944;12;production and productivity;productive and nutritional (rej);0.445;0;sem match válido;Qwen3-1.7B-QLoRA
ID_1612969183171944;13;proteínas complementares;nutritional interactions (rej);0.604;0;sem match válido;Qwen3-1.7B-QLoRA
ID_1612969183171944;14;reduction in feed costs;restricted feeding (rej);0.590;0;sem match válido;Qwen3-1.7B-QLoRA
ID_1612969183171944;15;sustainable beef cattle production;animal (rej);0.443;0;sem match válido;Qwen3-1.7B-QLoRA
ID_1612969183171944;16;suplementação de minerais;nutrient requirements (rej);0.571;0;sem match válido;Qwen3-1.7B-QLoRA
ID_1612969183171944;17;treatment of blood;retenção e excreção (rej);0.264;0;sem match válido;Qwen3-1.7B-QLoRA
ID_1612969183171944;18;trace mineral;nitrogênio e fósforo (rej);0.464;0;sem match válido;Qwen3-1.7B-QLoRA
ID_1612969183171944;19;triturando de peixe;silagem de grãos (rej);0.558;0;sem match válido;Qwen3-1.7B-QLoRA
ID_1612969183171944;20;utilization of legumes;silagem de grãos (rej);0.621;0;sem match válido;Qwen3-1.7B-QLoRA
ID_1661480072159875;1;ambient spaces;euclidean spaces (rej);0.698;0;sem match válido;Qwen3-1.7B-QLoRA
ID_1661480072159875;2;constant mean curvature;constant mean curvature;1.000;3;match válido;Qwen3-1.7B-QLoRA
ID_1661480072159875;3;constant scalar curvature;constant scalar curvature;1.000;3;match válido;Qwen3-1.7B-QLoRA
ID_1661480072159875;4;geometric analysis;mean curvature (rej);0.619;0;sem match válido;Qwen3-1.7B-QLoRA
ID_1661480072159875;5;hypersurface;stable minimal hypersurfaces;0.829;3;match válido;Qwen3-1.7B-QLoRA
ID_1661480072159875;6;minimal hypersurfaces;minimal hypersurfaces;1.000;3;match válido;Qwen3-1.7B-QLoRA
ID_1661480072159875;7;minimality;minimal surfaces (rej);0.704;0;sem match válido;Qwen3-1.7B-QLoRA
ID_1661480072159875;8;normal variation;r-minimal (rej);0.489;0;sem match válido;Qwen3-1.7B-QLoRA
ID_1661480072159875;9;orthogonal hypersurfaces;hyperbolic plane;0.768;3;match válido;Qwen3-1.7B-QLoRA
ID_1661480072159875;10;reduced problem;r-minimal (rej);0.541;0;sem match válido;Qwen3-1.7B-QLoRA
ID_1661480072159875;11;rigid hypersurfaces;stability of hypersurfaces;0.852;3;match válido;Qwen3-1.7B-QLoRA
ID_1661480072159875;12;scalar curvature;mean curvature;0.890;3;match válido;Qwen3-1.7B-QLoRA
ID_1661480072159875;13;space form;space form;1.000;3;match válido;Qwen3-1.7B-QLoRA
ID_1661480072159875;14;stability;stability;1.000;3;match válido;Qwen3-1.7B-QLoRA
ID_1661480072159875;15;stable hypersurfaces;stable hypersurfaces;1.000;3;match válido;Qwen3-1.7B-QLoRA
ID_1661480072159875;16;surface area;minimal surfaces;0.770;3;match válido;Qwen3-1.7B-QLoRA
ID_1661480072159875;17;surface area growth rate;minimal surfaces (rej);0.452;0;sem match válido;Qwen3-1.7B-QLoRA
ID_1661480072159875;18;upper bound;upper bounds;0.876;3;match válido;Qwen3-1.7B-QLoRA
ID_1661480072159875;19;variational problems;complex quadratic form (rej);0.577;0;sem match válido;Qwen3-1.7B-QLoRA
ID_1661480072159875;20;vector fields;unit vector (rej);0.654;0;sem match válido;Qwen3-1.7B-QLoRA
ID_1686212165863890;1;apparent digestibility;apparent digestibility;1.000;2;match válido;Qwen3-1.7B-QLoRA
ID_1686212165863890;2;cattle;beef cattle;0.930;2;match válido;Qwen3-1.7B-QLoRA
ID_1686212165863890;3;dietary fiber;nutritive value (rej);0.718;0;sem match válido;Qwen3-1.7B-QLoRA
ID_1686212165863890;4;digestibility;consumo e digestibilidade;0.901;3;match válido;Qwen3-1.7B-QLoRA
ID_1686212165863890;5;drying process;neutral detergent fiber (rej);0.441;0;sem match válido;Qwen3-1.7B-QLoRA
ID_1686212165863890;6;feeding system;suplementação de bovinos (rej);0.557;0;sem match válido;Qwen3-1.7B-QLoRA
ID_1686212165863890;7;grazing cattle;beef cattle (rej);0.854;0;sem match válido;Qwen3-1.7B-QLoRA
ID_1686212165863890;8;grazing cattle management;beef cattle (rej);0.737;0;sem match válido;Qwen3-1.7B-QLoRA
ID_1686212165863890;9;livestock management;beef cattle (rej);0.674;0;sem match válido;Qwen3-1.7B-QLoRA
ID_1686212165863890;10;nutrition;nutritive value;0.810;1;match válido;Qwen3-1.7B-QLoRA
ID_1686212165863890;11;nutritional requirements;nutritive value (rej);0.752;0;sem match válido;Qwen3-1.7B-QLoRA
ID_1686212165863890;12;pasture management;pasture;0.799;3;match válido;Qwen3-1.7B-QLoRA
ID_1686212165863890;13;protein and energy;protein;0.823;2;match válido;Qwen3-1.7B-QLoRA
ID_1686212165863890;14;protein and energy sources;protein sources;0.870;3;match válido;Qwen3-1.7B-QLoRA
ID_1686212165863890;15;ruminal ammonia;suplementos múltiplos (rej);0.397;0;sem match válido;Qwen3-1.7B-QLoRA
ID_1686212165863890;16;supplement;supplement;1.000;2;match válido;Qwen3-1.7B-QLoRA
ID_1686212165863890;17;supplement selection;supplementation;0.805;2;match válido;Qwen3-1.7B-QLoRA
ID_1686212165863890;18;supplements for cattle;suplementação de bovinos;0.866;3;match válido;Qwen3-1.7B-QLoRA
ID_1686212165863890;19;total tract digestibility;apparent digestibility (rej);0.877;0;sem match válido;Qwen3-1.7B-QLoRA
ID_1686212165863890;20;transitional period;terminação de novilhos (rej);0.511;0;sem match válido;Qwen3-1.7B-QLoRA
ID_1708237858198821;1;biocontrol;biological control (rej);0.727;0;sem match válido;Qwen3-1.7B-QLoRA
ID_1708237858198821;2;biocontrol agents;biological control (rej);0.692;0;sem match válido;Qwen3-1.7B-QLoRA
ID_1708237858198821;3;brazil;goiás and mato (rej);0.379;0;sem match válido;Qwen3-1.7B-QLoRA
ID_1708237858198821;4;dicyma pulvinata;pulvinata em estromas;0.806;2;match válido;Qwen3-1.7B-QLoRA
ID_1708237858198821;5;cultivation;tomato (rej);0.515;0;sem match válido;Qwen3-1.7B-QLoRA
ID_1708237858198821;6;culture;culture;1.000;2;match válido;Qwen3-1.7B-QLoRA
ID_1708237858198821;7;embrace;pulvinata em estromas (rej);0.294;0;sem match válido;Qwen3-1.7B-QLoRA
ID_1708237858198821;8;inoculation;inositol;0.769;2;match válido;Qwen3-1.7B-QLoRA
ID_1708237858198821;9;plant diseases;germinativa e infectiva (rej);0.659;0;sem match válido;Qwen3-1.7B-QLoRA
ID_1708237858198821;10;production;oil formulation (rej);0.464;0;sem match válido;Qwen3-1.7B-QLoRA
ID_1708237858198821;11;red blood cell membrane;estromas de microcyclus (rej);0.431;0;sem match válido;Qwen3-1.7B-QLoRA
ID_1708237858198821;12;trichoderma spp.;pulvinata em estromas (rej);0.556;0;sem match válido;Qwen3-1.7B-QLoRA
ID_1708237858198821;13;viability;resumos informativos (rej);0.405;0;sem match válido;Qwen3-1.7B-QLoRA
ID_1708237858198821;14;wheat seedlings;soybean oil (rej);0.503;0;sem match válido;Qwen3-1.7B-QLoRA
ID_1708237858198821;15;wheat seeds;soybean oil (rej);0.564;0;sem match válido;Qwen3-1.7B-QLoRA
ID_1708237858198821;16;water activity;electrophoretic analysis (rej);0.366;0;sem match válido;Qwen3-1.7B-QLoRA
ID_1708237858198821;17;wheat seeds germination;soybean oil (rej);0.490;0;sem match válido;Qwen3-1.7B-QLoRA
ID_1708237858198821;18;wheat seeds germination rate;soybean oil (rej);0.451;0;sem match válido;Qwen3-1.7B-QLoRA
ID_1708237858198821;19;bacteria;morphological and pathogenic (rej);0.694;0;sem match válido;Qwen3-1.7B-QLoRA
ID_1708237858198821;20;entomopathogenic fungi;entomogenous fungus;0.942;3;match válido;Qwen3-1.7B-QLoRA
ID_1717412318563908;1;antibiotic susceptibility patterns;survey of anti-inflammatory (rej);0.526;0;sem match válido;Qwen3-1.7B-QLoRA
ID_1717412318563908;2;antibiotics;survey of anti-inflammatory (rej);0.555;0;sem match válido;Qwen3-1.7B-QLoRA
ID_1717412318563908;3;bacteria;genus (rej);0.534;0;sem match válido;Qwen3-1.7B-QLoRA
ID_1717412318563908;4;bioavailability;natural products (rej);0.495;0;sem match válido;Qwen3-1.7B-QLoRA
ID_1717412318563908;5;biological activities;phytochemical study (rej);0.654;0;sem match válido;Qwen3-1.7B-QLoRA
ID_1717412318563908;6;carcinogenicity;caupi ao nematóide (rej);0.404;0;sem match válido;Qwen3-1.7B-QLoRA
ID_1717412318563908;7;cellular respiration;vasorelaxation (rej);0.470;0;sem match válido;Qwen3-1.7B-QLoRA
ID_1717412318563908;8;chemical carcinogens;utilização de compostos (rej);0.541;0;sem match válido;Qwen3-1.7B-QLoRA
ID_1717412318563908;9;catalysis;synthesis (rej);0.569;0;sem match válido;Qwen3-1.7B-QLoRA
ID_1717412318563908;10;chiral separation;semiempirical calculations (rej);0.407;0;sem match válido;Qwen3-1.7B-QLoRA
ID_1717412318563908;11;chromatography;showing significant cardiovascular (rej);0.409;0;sem match válido;Qwen3-1.7B-QLoRA
ID_1717412318563908;12;conjugated esters;semiempirical calculations (rej);0.551;0;sem match válido;Qwen3-1.7B-QLoRA
ID_1717412318563908;13;cytotoxicity;phytochemical study (rej);0.564;0;sem match válido;Qwen3-1.7B-QLoRA
ID_1717412318563908;14;drug resistance;resistência genética (rej);0.610;0;sem match válido;Qwen3-1.7B-QLoRA
ID_1717412318563908;15;electrochemistry;thermochemistry (rej);0.544;0;sem match válido;Qwen3-1.7B-QLoRA
ID_1717412318563908;16;electrolysis;phytochemical study (rej);0.399;0;sem match válido;Qwen3-1.7B-QLoRA
ID_1717412318563908;17;electrolyte balance;thermochemistry (rej);0.403;0;sem match válido;Qwen3-1.7B-QLoRA
ID_1717412318563908;18;electron transport chain;ultrafast dynamics (rej);0.381;0;sem match válido;Qwen3-1.7B-QLoRA
ID_1717412318563908;19;enzymes;phytochemical study (rej);0.591;0;sem match válido;Qwen3-1.7B-QLoRA
ID_1717412318563908;20;gas chromatography;thermochemistry (rej);0.449;0;sem match válido;Qwen3-1.7B-QLoRA
ID_1741102469161036;1;cell migration;migration (rej);0.669;0;sem match válido;Qwen3-1.7B-QLoRA
ID_1741102469161036;2;connective tissue growth factor;fibroblast growth factor (rej);0.683;0;sem match válido;Qwen3-1.7B-QLoRA
ID_1741102469161036;3;ccn2 and ctgf;ccn2/ctgf (rej);0.965;0;sem match válido;Qwen3-1.7B-QLoRA
ID_1741102469161036;4;ccn2/ctgf;ccn2/ctgf;1.000;3;match válido;Qwen3-1.7B-QLoRA
ID_1741102469161036;5;ccn2/ctgf expression;ccn2/ctgf (rej);0.913;0;sem match válido;Qwen3-1.7B-QLoRA
ID_1741102469161036;6;cell adhesion;weak adhesive property (rej);0.641;0;sem match válido;Qwen3-1.7B-QLoRA
ID_1741102469161036;7;cell adhesion properties;weak adhesive property (rej);0.706;0;sem match válido;Qwen3-1.7B-QLoRA
ID_1741102469161036;8;cell adhesion signal;modulates cell–ecm interactions (rej);0.614;0;sem match válido;Qwen3-1.7B-QLoRA
ID_1741102469161036;9;cell aggregation;modulates cell–ecm interactions (rej);0.564;0;sem match válido;Qwen3-1.7B-QLoRA
ID_1741102469161036;10;cell proliferation;embryonal carcinoma p19 (rej);0.530;0;sem match válido;Qwen3-1.7B-QLoRA
ID_1741102469161036;11;cell survival;modulates cell–ecm interactions (rej);0.464;0;sem match válido;Qwen3-1.7B-QLoRA
ID_1741102469161036;12;chemotactic role;chemoattraction;0.763;1;match válido;Qwen3-1.7B-QLoRA
ID_1741102469161036;13;chemical gradient;chemoattraction (rej);0.364;0;sem match válido;Qwen3-1.7B-QLoRA
ID_1741102469161036;14;chicken embryonic development;developing vertebrate (rej);0.509;0;sem match válido;Qwen3-1.7B-QLoRA
ID_1741102469161036;15;developmental role;developing vertebrate (rej);0.420;0;sem match válido;Qwen3-1.7B-QLoRA
ID_1741102469161036;16;developing vertebrate head;developing vertebrate;0.881;1;match válido;Qwen3-1.7B-QLoRA
ID_1741102469161036;17;expression of the tgfbeta/smads2/3;expression through smad1 (rej);0.704;0;sem match válido;Qwen3-1.7B-QLoRA
ID_1741102469161036;18;expression pattern;expression;0.764;1;match válido;Qwen3-1.7B-QLoRA
ID_1741102469161036;19;forebrain;midbrain pattering (rej);0.711;0;sem match válido;Qwen3-1.7B-QLoRA
ID_1741102469161036;20;head development;head organizer (rej);0.620;0;sem match válido;Qwen3-1.7B-QLoRA
ID_1827829018668226;1;aspect;heterogeneous aspects (rej);0.622;0;sem match válido;Qwen3-1.7B-QLoRA
ID_1827829018668226;2;architectural aspects;design (rej);0.639;0;sem match válido;Qwen3-1.7B-QLoRA
ID_1827829018668226;3;crosscutting interfaces;crosscutting interfaces;1.000;3;match válido;Qwen3-1.7B-QLoRA
ID_1827829018668226;4;crosscutting interfaces for aspect-oriented;crosscutting interfaces (rej);0.906;0;sem match válido;Qwen3-1.7B-QLoRA
ID_1827829018668226;5;design;design;1.000;3;match válido;Qwen3-1.7B-QLoRA
ID_1827829018668226;6;engineering multi-agent;engineering multi-agent systems;0.952;2;match válido;Qwen3-1.7B-QLoRA
ID_1827829018668226;7;multi-agent systems;multi-agent systems;1.000;2;match válido;Qwen3-1.7B-QLoRA
ID_1827829018668226;8;modular design;modularity assessment;0.792;3;match válido;Qwen3-1.7B-QLoRA
ID_1827829018668226;9;model composition;model composition;1.000;2;match válido;Qwen3-1.7B-QLoRA
ID_1827829018668226;10;object-oriented software engineering;object-oriented systems;0.769;3;match válido;Qwen3-1.7B-QLoRA
ID_1827829018668226;11;opencom;software architecture (rej);0.383;0;sem match válido;Qwen3-1.7B-QLoRA
ID_1827829018668226;12;opencom—open communication middleware;software architecture (rej);0.443;0;sem match válido;Qwen3-1.7B-QLoRA
ID_1827829018668226;13;software architecture;software architecture;1.000;3;match válido;Qwen3-1.7B-QLoRA
ID_1827829018668226;14;software engineering;software engineering;1.000;3;match válido;Qwen3-1.7B-QLoRA
ID_1827829018668226;15;software engineering research;software development;0.839;3;match válido;Qwen3-1.7B-QLoRA
ID_1827829018668226;16;software visualization;software design (rej);0.685;0;sem match válido;Qwen3-1.7B-QLoRA
ID_1827829018668226;17;testing;empirical studies (rej);0.529;0;sem match válido;Qwen3-1.7B-QLoRA
ID_1827829018668226;18;uml-aof: a profile;model composition (rej);0.344;0;sem match válido;Qwen3-1.7B-QLoRA
ID_1827829018668226;19;uml-aof: a profile for modeling;model composition (rej);0.583;0;sem match válido;Qwen3-1.7B-QLoRA
ID_1827829018668226;20;uml-aof: a profile for modeling aspect-oriented;model composition (rej);0.602;0;sem match válido;Qwen3-1.7B-QLoRA
ID_1836274062343953;1;computational fluid dynamics;unsteady turbulent reactive (rej);0.617;0;sem match válido;Qwen3-1.7B-QLoRA
ID_1836274062343953;2;finite volume method;finite volume method;1.000;3;match válido;Qwen3-1.7B-QLoRA
ID_1836274062343953;3;large eddy simulation;combustion modelling (rej);0.465;0;sem match válido;Qwen3-1.7B-QLoRA
ID_1836274062343953;4;unstructured grids;unstructured hybrid grid;0.864;3;match válido;Qwen3-1.7B-QLoRA
ID_1836274062343953;5;all-speed method;time-accurate pseudo-compressibility approach (rej);0.416;0;sem match válido;Qwen3-1.7B-QLoRA
ID_1836274062343953;6;all-speed method in laminar;finite volume method (rej);0.459;0;sem match válido;Qwen3-1.7B-QLoRA
ID_1836274062343953;7;combustion modeling;combustion modelling;0.999;3;match válido;Qwen3-1.7B-QLoRA
ID_1836274062343953;8;experimental study;combustion modelling (rej);0.380;0;sem match válido;Qwen3-1.7B-QLoRA
ID_1836274062343953;9;flow field;turbulent reactive flows (rej);0.619;0;sem match válido;Qwen3-1.7B-QLoRA
ID_1836274062343953;10;large eddy simulation of lean;finite volume technique (rej);0.481;0;sem match válido;Qwen3-1.7B-QLoRA
ID_1836274062343953;11;large-eddy simulation;combustion modelling (rej);0.474;0;sem match válido;Qwen3-1.7B-QLoRA
ID_1836274062343953;12;premixed flames;premixed flame propagating;0.906;3;match válido;Qwen3-1.7B-QLoRA
ID_1836274062343953;13;reactive flows;turbulent reactive flows;0.884;3;match válido;Qwen3-1.7B-QLoRA
ID_1836274062343953;14;simulation of unsteady;unsteady turbulent premixed (rej);0.695;0;sem match válido;Qwen3-1.7B-QLoRA
ID_1836274062343953;15;turbulent combustion;unsteady turbulent combustion;0.942;3;match válido;Qwen3-1.7B-QLoRA
ID_1836274062343953;16;unsteady pseudo-compressibility;pseudo-compressibility method;0.854;3;match válido;Qwen3-1.7B-QLoRA
ID_1836274062343953;17;unsteady turbulent premixed;unsteady turbulent premixed;1.000;1;match válido;Qwen3-1.7B-QLoRA
ID_1836274062343953;18;unsteady turbulent wake calculations;unsteady turbulent premixed (rej);0.838;0;sem match válido;Qwen3-1.7B-QLoRA
ID_1836274062343953;19;unsteady flows;unsteady turbulent reactive;0.752;2;match válido;Qwen3-1.7B-QLoRA
ID_1836274062343953;20;unsteady pseudo-compressibility approach;pseudo-compressibility approach based;0.916;3;match válido;Qwen3-1.7B-QLoRA
ID_1885766127325722;1;azospirillum amazonense;azospirillum amazonense;1.000;1;match válido;Qwen3-1.7B-QLoRA
ID_1885766127325722;2;bioactive compounds;azospirillum amazonense (rej);0.512;0;sem match válido;Qwen3-1.7B-QLoRA
ID_1885766127325722;3;biosurfactant production;inoculate micropropagated sugarcane (rej);0.519;0;sem match válido;Qwen3-1.7B-QLoRA
ID_1885766127325722;4;endophytic bacillus;plants with acetobacter (rej);0.499;0;sem match válido;Qwen3-1.7B-QLoRA
ID_1885766127325722;5;endophytic bacteria;quantification of aspergillus (rej);0.509;0;sem match válido;Qwen3-1.7B-QLoRA
ID_1885766127325722;6;endophytic diazotrophic bacteria;quantification of aspergillus (rej);0.502;0;sem match válido;Qwen3-1.7B-QLoRA
ID_1885766127325722;7;exotic azospirillum;azospirillum amazonense (rej);0.836;0;sem match válido;Qwen3-1.7B-QLoRA
ID_1885766127325722;8;flavonoids;azospirillum amazonense (rej);0.363;0;sem match válido;Qwen3-1.7B-QLoRA
ID_1885766127325722;9;high density bacterial;quantification of aspergillus (rej);0.501;0;sem match válido;Qwen3-1.7B-QLoRA
ID_1885766127325722;10;humic acids;azospirillum amazonense (rej);0.424;0;sem match válido;Qwen3-1.7B-QLoRA
ID_1885766127325722;11;mycorrhiza;rhizobium tropici (rej);0.526;0;sem match válido;Qwen3-1.7B-QLoRA
ID_1885766127325722;12;plant growth promoting;variety grown (rej);0.736;0;sem match válido;Qwen3-1.7B-QLoRA
ID_1885766127325722;13;production and characterization;work (rej);0.484;0;sem match válido;Qwen3-1.7B-QLoRA
ID_1885766127325722;14;production and characterization of β-glucanase;protein (rej);0.385;0;sem match válido;Qwen3-1.7B-QLoRA
ID_1885766127325722;15;root exudation;strain prf (rej);0.400;0;sem match válido;Qwen3-1.7B-QLoRA
ID_1885766127325722;16;sunflower;herbaspirillum seropedicae (rej);0.571;0;sem match válido;Qwen3-1.7B-QLoRA
ID_1885766127325722;17;sugarcane;sugarcane;1.000;1;match válido;Qwen3-1.7B-QLoRA
ID_1885766127325722;18;sugarcane plantlets;sugarcane plantlets;1.000;2;match válido;Qwen3-1.7B-QLoRA
ID_1885766127325722;19;sugarcane plants;sugar cane;0.803;2;match válido;Qwen3-1.7B-QLoRA
ID_1885766127325722;20;sugarcane root exudation;sugarcane (rej);0.812;0;sem match válido;Qwen3-1.7B-QLoRA
ID_1966638146185479;1;carbon nanotubes;carbon nanotubes;1.000;3;match válido;Qwen3-1.7B-QLoRA
ID_1966638146185479;2;carbon nanotubes in amide;dna-wrapped carbon nanotube;0.878;2;match válido;Qwen3-1.7B-QLoRA
ID_1966638146185479;3;carbon nanotubes in amide solvents;single-wall carbon nanotubes;0.764;3;match válido;Qwen3-1.7B-QLoRA
ID_1966638146185479;4;carbon nanotubes in aqueous;single-walled carbon nanotubes;0.837;3;match válido;Qwen3-1.7B-QLoRA
ID_1966638146185479;5;chemical vapour;surface chemical modification (rej);0.443;0;sem match válido;Qwen3-1.7B-QLoRA
ID_1966638146185479;6;double resonance raman;double resonance raman;1.000;2;match válido;Qwen3-1.7B-QLoRA
ID_1966638146185479;7;graphite;twisted bilayer (rej);0.392;0;sem match válido;Qwen3-1.7B-QLoRA
ID_1966638146185479;8;resonance raman;resonance raman;1.000;3;match válido;Qwen3-1.7B-QLoRA
ID_1966638146185479;9;resonance raman scattering;resonance raman scattering;1.000;3;match válido;Qwen3-1.7B-QLoRA
ID_1966638146185479;10;raman excitation profiles;raman excitation profile;0.991;2;match válido;Qwen3-1.7B-QLoRA
ID_1966638146185479;11;raman frequencies;resonant raman spectrum;0.849;3;match válido;Qwen3-1.7B-QLoRA
ID_1966638146185479;12;raman signal;resonant raman spectrum (rej);0.694;0;sem match válido;Qwen3-1.7B-QLoRA
ID_1966638146185479;13;raman scattering;raman scattering;1.000;3;match válido;Qwen3-1.7B-QLoRA
ID_1966638146185479;14;raman studies;raman;0.780;3;match válido;Qwen3-1.7B-QLoRA
ID_1966638146185479;15;raman studies of retita;raman (rej);0.665;0;sem match válido;Qwen3-1.7B-QLoRA
ID_1966638146185479;16;raman studies of retita ceramics;raman (rej);0.525;0;sem match válido;Qwen3-1.7B-QLoRA
ID_1966638146185479;17;raman studies of retita dielectric;resonant raman spectrum (rej);0.600;0;sem match válido;Qwen3-1.7B-QLoRA
ID_1966638146185479;18;single-walled carbon;single-wall carbon nanotubes (rej);0.750;0;sem match válido;Qwen3-1.7B-QLoRA
ID_1966638146185479;19;surface-enhanced raman;raman spectroscopy (rej);0.659;0;sem match válido;Qwen3-1.7B-QLoRA
ID_1966638146185479;20;tuning raman excitation profiles;raman excitation profile (rej);0.875;0;sem match válido;Qwen3-1.7B-QLoRA
ID_1994317879078816;1;brazilian caving sites;subterrânea da gruta (rej);0.631;0;sem match válido;Qwen3-1.7B-QLoRA
ID_1994317879078816;2;cave;subterrânea da gruta;0.883;1;match válido;Qwen3-1.7B-QLoRA
ID_1994317879078816;3;cave tourism;subterrânea da gruta (rej);0.652;0;sem match válido;Qwen3-1.7B-QLoRA
ID_1994317879078816;4;geoconservation;zoneamento ambiental microclimático (rej);0.574;0;sem match válido;Qwen3-1.7B-QLoRA
ID_1994317879078816;5;microclimate;zoneamento ambiental microclimático;0.886;1;match válido;Qwen3-1.7B-QLoRA
ID_1994317879078816;6;tourist carrying capacity;state and touristic (rej);0.533;0;sem match válido;Qwen3-1.7B-QLoRA
ID_1994317879078816;7;tourist carrying capacities;state and touristic (rej);0.554;0;sem match válido;Qwen3-1.7B-QLoRA
ID_1994317879078816;8;tourist capacity;state and touristic (rej);0.686;0;sem match válido;Qwen3-1.7B-QLoRA
ID_1994317879078816;9;tourist carrying;state and touristic (rej);0.444;0;sem match válido;Qwen3-1.7B-QLoRA
ID_1994317879078816;10;tourist carrying trends;state and touristic (rej);0.663;0;sem match válido;Qwen3-1.7B-QLoRA
ID_1994317879078816;11;tourist carrying capacity studies;state and touristic (rej);0.578;0;sem match válido;Qwen3-1.7B-QLoRA
ID_1994317879078816;12;tourist capacity analysis;state and touristic (rej);0.655;0;sem match válido;Qwen3-1.7B-QLoRA
ID_1994317879078816;13;tourist capacity estimates;state and touristic (rej);0.605;0;sem match válido;Qwen3-1.7B-QLoRA
ID_1994317879078816;14;tourist carrying capacity study;state and touristic (rej);0.535;0;sem match válido;Qwen3-1.7B-QLoRA
ID_1994317879078816;15;tourist carrying capacities in brazil;state and touristic (rej);0.505;0;sem match válido;Qwen3-1.7B-QLoRA
ID_1994317879078816;16;tourist capacity indices;state and touristic (rej);0.652;0;sem match válido;Qwen3-1.7B-QLoRA
ID_1994317879078816;17;tourist capacity index;state and touristic (rej);0.644;0;sem match válido;Qwen3-1.7B-QLoRA
ID_1994317879078816;18;tourist carrying capacity trends;state and touristic (rej);0.587;0;sem match válido;Qwen3-1.7B-QLoRA
ID_1994317879078816;19;tourist capacity data;state and touristic (rej);0.610;0;sem match válido;Qwen3-1.7B-QLoRA
ID_1994317879078816;20;tourist capacity evaluation;state and touristic (rej);0.671;0;sem match válido;Qwen3-1.7B-QLoRA
ID_2002515486942024;1;computational geometry;computational complexity (rej);0.672;0;sem match válido;Qwen3-1.7B-QLoRA
ID_2002515486942024;2;computational geometry algorithms;computational complexity (rej);0.604;0;sem match válido;Qwen3-1.7B-QLoRA
ID_2002515486942024;3;exact and experimental algorithms;polynomial time algorithms (rej);0.646;0;sem match válido;Qwen3-1.7B-QLoRA
ID_2002515486942024;4;generating all extensions;np-complete (rej);0.383;0;sem match válido;Qwen3-1.7B-QLoRA
ID_2002515486942024;5;linear algebra;convexity numbers (rej);0.562;0;sem match válido;Qwen3-1.7B-QLoRA
ID_2002515486942024;6;parallel algorithms;linear time algorithms (rej);0.518;0;sem match válido;Qwen3-1.7B-QLoRA
ID_2002515486942024;7;parallel computing;computational complexity (rej);0.473;0;sem match válido;Qwen3-1.7B-QLoRA
ID_2002515486942024;8;parallel implementations;structured program (rej);0.537;0;sem match válido;Qwen3-1.7B-QLoRA
ID_2002515486942024;9;parallel implementations of transitive;transitive orientations (rej);0.689;0;sem match válido;Qwen3-1.7B-QLoRA
ID_2002515486942024;10;transitive closure;transitive orientations (rej);0.669;0;sem match válido;Qwen3-1.7B-QLoRA
ID_2002515486942024;11;transitive closure algorithm;transitive orientations (rej);0.558;0;sem match válido;Qwen3-1.7B-QLoRA
ID_2002515486942024;12;transitive closure algorithms;transitive orientations (rej);0.550;0;sem match válido;Qwen3-1.7B-QLoRA
ID_2002515486942024;13;transitive closures;transitive orientations (rej);0.655;0;sem match válido;Qwen3-1.7B-QLoRA
ID_2002515486942024;14;unrestricted depth search;np-complete (rej);0.305;0;sem match válido;Qwen3-1.7B-QLoRA
ID_2002515486942024;15;unrestricted depth search algorithm;polynomial time algorithms (rej);0.320;0;sem match válido;Qwen3-1.7B-QLoRA
ID_2002515486942024;16;warshall transitive closure;transitive orientations (rej);0.561;0;sem match válido;Qwen3-1.7B-QLoRA
ID_2002515486942024;17;weighted average case trees;maximal cliques (rej);0.415;0;sem match válido;Qwen3-1.7B-QLoRA
ID_2002515486942024;18;binary search trees;neighborhood-helly graphs (rej);0.364;0;sem match válido;Qwen3-1.7B-QLoRA
ID_2002515486942024;19;computational mathematics;computational complexity (rej);0.743;0;sem match válido;Qwen3-1.7B-QLoRA
ID_2002515486942024;20;graph connectivity;graph;0.819;3;match válido;Qwen3-1.7B-QLoRA
ID_2044247985726091;1;blood cell;somatic cell (rej);0.576;0;sem match válido;Qwen3-1.7B-QLoRA
ID_2044247985726091;2;body composition;metabolism (rej);0.532;0;sem match válido;Qwen3-1.7B-QLoRA
ID_2044247985726091;3;consumo alimentar residual;residual feed intake;0.841;3;match válido;Qwen3-1.7B-QLoRA
ID_2044247985726091;4;feeding system;residual feed intake (rej);0.719;0;sem match válido;Qwen3-1.7B-QLoRA
ID_2044247985726091;5;feed efficiency;residual feed intake (rej);0.711;0;sem match válido;Qwen3-1.7B-QLoRA
ID_2044247985726091;6;feedlot;residual feed intake (rej);0.582;0;sem match válido;Qwen3-1.7B-QLoRA
ID_2044247985726091;7;livestock performance;vacas leiteiras (rej);0.730;0;sem match válido;Qwen3-1.7B-QLoRA
ID_2044247985726091;8;metabolism;metabolism;1.000;1;match válido;Qwen3-1.7B-QLoRA
ID_2044247985726091;9;meat;meat quality;0.856;2;match válido;Qwen3-1.7B-QLoRA
ID_2044247985726091;10;muscle;protein (rej);0.425;0;sem match válido;Qwen3-1.7B-QLoRA
ID_2044247985726091;11;nutrient balance;nutrition;0.796;1;match válido;Qwen3-1.7B-QLoRA
ID_2044247985726091;12;performance;período de serviço (rej);0.351;0;sem match válido;Qwen3-1.7B-QLoRA
ID_2044247985726091;13;protein;protein;1.000;2;match válido;Qwen3-1.7B-QLoRA
ID_2044247985726091;14;production;protein synthesis (rej);0.369;0;sem match válido;Qwen3-1.7B-QLoRA
ID_2044247985726091;15;rib eye area;optigen®ii (rej);0.327;0;sem match válido;Qwen3-1.7B-QLoRA
ID_2044247985726091;16;sugarcane silage;silage (rej);0.663;0;sem match válido;Qwen3-1.7B-QLoRA
ID_2044247985726091;17;tissue composition;protein (rej);0.507;0;sem match válido;Qwen3-1.7B-QLoRA
ID_2044247985726091;18;ultrasonic measurement;silage (rej);0.245;0;sem match válido;Qwen3-1.7B-QLoRA
ID_2044247985726091;19;brazilian cattle;vacas leiteiras (rej);0.738;0;sem match válido;Qwen3-1.7B-QLoRA
ID_2044247985726091;20;carcass composition;meat quality (rej);0.535;0;sem match válido;Qwen3-1.7B-QLoRA
ID_2086707959173246;1;basic genetics;recessive genes (rej);0.707;0;sem match válido;Qwen3-1.7B-QLoRA
ID_2086707959173246;2;consanguinity;endogamy (rej);0.593;0;sem match válido;Qwen3-1.7B-QLoRA
ID_2086707959173246;3;genetic drift;recessive genes (rej);0.675;0;sem match válido;Qwen3-1.7B-QLoRA
ID_2086707959173246;4;genetics;recessive genes (rej);0.742;0;sem match válido;Qwen3-1.7B-QLoRA
ID_2086707959173246;5;genetic disorders;recessive genes (rej);0.728;0;sem match válido;Qwen3-1.7B-QLoRA
ID_2086707959173246;6;inbreeding;spoan gene (rej);0.568;0;sem match válido;Qwen3-1.7B-QLoRA
ID_2086707959173246;7;linkage mapping;linkage refining (rej);0.665;0;sem match válido;Qwen3-1.7B-QLoRA
ID_2086707959173246;8;mediterranean climate zone;populações do nordeste (rej);0.367;0;sem match válido;Qwen3-1.7B-QLoRA
ID_2086707959173246;9;pedigree;endogamy (rej);0.620;0;sem match válido;Qwen3-1.7B-QLoRA
ID_2086707959173246;10;pedigree analysis;recessive genes (rej);0.609;0;sem match válido;Qwen3-1.7B-QLoRA
ID_2086707959173246;11;population-based study;population-based study;1.000;3;match válido;Qwen3-1.7B-QLoRA
ID_2086707959173246;12;prevalence;elevada prevalência;0.891;2;match válido;Qwen3-1.7B-QLoRA
ID_2086707959173246;13;spastic paraplegia;spastic paraplegia;1.000;2;match válido;Qwen3-1.7B-QLoRA
ID_2086707959173246;14;syndrome spoan;spoan (rej);0.699;0;sem match válido;Qwen3-1.7B-QLoRA
ID_2086707959173246;15;unrelated couples;unrelated couples;1.000;2;match válido;Qwen3-1.7B-QLoRA
ID_2086707959173246;16;understanding genetic concepts;recessive genes (rej);0.648;0;sem match válido;Qwen3-1.7B-QLoRA
ID_2086707959173246;17;underlying genetic problems;recessive genes (rej);0.721;0;sem match válido;Qwen3-1.7B-QLoRA
ID_2086707959173246;18;variability of six indigenous goat;populações do nordeste (rej);0.447;0;sem match válido;Qwen3-1.7B-QLoRA
ID_2086707959173246;19;variabilidade genética;recessive genes (rej);0.677;0;sem match válido;Qwen3-1.7B-QLoRA
ID_2086707959173246;20;wheat cultivars;studies on spoan (rej);0.310;0;sem match válido;Qwen3-1.7B-QLoRA
ID_2129963760543898;1;genetic diversity;genetic diversity;1.000;3;match válido;Qwen3-1.7B-QLoRA
ID_2129963760543898;2;molecular phylogenetics;molecular phylogenetics;1.000;3;match válido;Qwen3-1.7B-QLoRA
ID_2129963760543898;3;phylogeny;phylogeny;1.000;3;match válido;Qwen3-1.7B-QLoRA
ID_2129963760543898;4;population genetics;genetic variation;0.801;3;match válido;Qwen3-1.7B-QLoRA
ID_2129963760543898;5;species delimitation;taxonomy (rej);0.792;0;sem match válido;Qwen3-1.7B-QLoRA
ID_2129963760543898;6;species delimitation methods;taxonomy (rej);0.689;0;sem match válido;Qwen3-1.7B-QLoRA
ID_2129963760543898;7;taxonomy;taxonomy;1.000;3;match válido;Qwen3-1.7B-QLoRA
ID_2129963760543898;8;taxonomic revision;taxonomy (rej);0.852;0;sem match válido;Qwen3-1.7B-QLoRA
ID_2129963760543898;9;taxonomic synthesis;taxonomy (rej);0.827;0;sem match válido;Qwen3-1.7B-QLoRA
ID_2129963760543898;10;taxonomic syntheses;taxonomy (rej);0.780;0;sem match válido;Qwen3-1.7B-QLoRA
ID_2129963760543898;11;tree reconstruction;brejo forest (rej);0.505;0;sem match válido;Qwen3-1.7B-QLoRA
ID_2129963760543898;12;atlantic forest;atlantic forest;1.000;3;match válido;Qwen3-1.7B-QLoRA
ID_2129963760543898;13;gene flow;genetic variation (rej);0.637;0;sem match válido;Qwen3-1.7B-QLoRA
ID_2129963760543898;14;microsatellite markers;microsatellite markers;1.000;3;match válido;Qwen3-1.7B-QLoRA
ID_2129963760543898;15;microsatellite primer design;microsatellite markers (rej);0.761;0;sem match válido;Qwen3-1.7B-QLoRA
ID_2129963760543898;16;plant breeding;conservation genetics (rej);0.544;0;sem match válido;Qwen3-1.7B-QLoRA
ID_2129963760543898;17;populations of plants;populations of anthurium (rej);0.617;0;sem match válido;Qwen3-1.7B-QLoRA
ID_2129963760543898;18;reproductive biology;genetic variation (rej);0.449;0;sem match válido;Qwen3-1.7B-QLoRA
ID_2129963760543898;19;selection pressure;distribution (rej);0.369;0;sem match válido;Qwen3-1.7B-QLoRA
ID_2129963760543898;20;species identification;taxonomy (rej);0.797;0;sem match válido;Qwen3-1.7B-QLoRA
ID_2220699289355930;1;amazonian;amazon basin;0.921;2;match válido;Qwen3-1.7B-QLoRA
ID_2220699289355930;2;amazonian soils;tropical soil (rej);0.725;0;sem match válido;Qwen3-1.7B-QLoRA
ID_2220699289355930;3;deforestation;forest conversion (rej);0.720;0;sem match válido;Qwen3-1.7B-QLoRA
ID_2220699289355930;4;forest fragmentation;forest conversion (rej);0.740;0;sem match válido;Qwen3-1.7B-QLoRA
ID_2220699289355930;5;microbial community;biomassa microbiana (rej);0.767;0;sem match válido;Qwen3-1.7B-QLoRA
ID_2220699289355930;6;microbial biomass;microbial biomass;1.000;3;match válido;Qwen3-1.7B-QLoRA
ID_2220699289355930;7;microbial activities;biomassa microbiana;0.831;2;match válido;Qwen3-1.7B-QLoRA
ID_2220699289355930;8;nitrogen;nitrogênio da biomassa;0.767;2;match válido;Qwen3-1.7B-QLoRA
ID_2220699289355930;9;nutrients;mineral nutrition;0.812;3;match válido;Qwen3-1.7B-QLoRA
ID_2220699289355930;10;soil acidity;soil texture (rej);0.671;0;sem match válido;Qwen3-1.7B-QLoRA
ID_2220699289355930;11;soil acidity buffering capacity;soil depth (rej);0.639;0;sem match válido;Qwen3-1.7B-QLoRA
ID_2220699289355930;12;soil acidification;soil texture (rej);0.633;0;sem match válido;Qwen3-1.7B-QLoRA
ID_2220699289355930;13;soil chemistry;soil texture (rej);0.732;0;sem match válido;Qwen3-1.7B-QLoRA
ID_2220699289355930;14;soil degradation;soil texture (rej);0.699;0;sem match válido;Qwen3-1.7B-QLoRA
ID_2220699289355930;15;soil erosion;soil texture (rej);0.743;0;sem match válido;Qwen3-1.7B-QLoRA
ID_2220699289355930;16;soil organic matter;soil texture (rej);0.749;0;sem match válido;Qwen3-1.7B-QLoRA
ID_2220699289355930;17;soil productivity;soil depth (rej);0.693;0;sem match válido;Qwen3-1.7B-QLoRA
ID_2220699289355930;18;soil quality;soil texture;0.792;1;match válido;Qwen3-1.7B-QLoRA
ID_2220699289355930;19;soil retention capacity;soil depth (rej);0.722;0;sem match válido;Qwen3-1.7B-QLoRA
ID_2220699289355930;20;soil stability;soil texture (rej);0.710;0;sem match válido;Qwen3-1.7B-QLoRA
ID_2324159515825927;1;fusion and breakup;fusion and breakup;1.000;3;match válido;Qwen3-1.7B-QLoRA
ID_2324159515825927;2;fusion cross section;fusion cross section;1.000;3;match válido;Qwen3-1.7B-QLoRA
ID_2324159515825927;3;fusion processes;fusion processes;1.000;3;match válido;Qwen3-1.7B-QLoRA
ID_2324159515825927;4;heavy-ion collisions;heavy-ion collisions;1.000;3;match válido;Qwen3-1.7B-QLoRA
ID_2324159515825927;5;heavy-ion optical potential;heavy-ion collisions (rej);0.569;0;sem match válido;Qwen3-1.7B-QLoRA
ID_2324159515825927;6;hydrogenic atoms;nuclear reactions (rej);0.511;0;sem match válido;Qwen3-1.7B-QLoRA
ID_2324159515825927;7;optical potential;dynamical effects (rej);0.364;0;sem match válido;Qwen3-1.7B-QLoRA
ID_2324159515825927;8;polarizability of halos;high spin states (rej);0.426;0;sem match válido;Qwen3-1.7B-QLoRA
ID_2324159515825927;9;quasi-classical approximation;quantum algorithms (rej);0.486;0;sem match válido;Qwen3-1.7B-QLoRA
ID_2324159515825927;10;semiclassical calculation;statistical multifragmentation (rej);0.479;0;sem match válido;Qwen3-1.7B-QLoRA
ID_2324159515825927;11;semiclassical calculation of fusion;fusion processes (rej);0.735;0;sem match válido;Qwen3-1.7B-QLoRA
ID_2324159515825927;12;semiclassical theory;self-organized criticality (rej);0.481;0;sem match válido;Qwen3-1.7B-QLoRA
ID_2324159515825927;13;semiclassical theory of fusion;fusion processes (rej);0.731;0;sem match válido;Qwen3-1.7B-QLoRA
ID_2324159515825927;14;semiclassical treatment;level systematics (rej);0.513;0;sem match válido;Qwen3-1.7B-QLoRA
ID_2324159515825927;15;semiclassical treatment of nuclear;nuclear physics ;0.777;3;match válido;Qwen3-1.7B-QLoRA
ID_2324159515825927;16;single-particle resonance theory;one-body dissipation (rej);0.532;0;sem match válido;Qwen3-1.7B-QLoRA
ID_2324159515825927;17;state populations;size distributions (rej);0.375;0;sem match válido;Qwen3-1.7B-QLoRA
ID_2324159515825927;18;theoretical treatments;markov process (rej);0.414;0;sem match válido;Qwen3-1.7B-QLoRA
ID_2324159515825927;19;trapping particles;weakly bound nuclei (rej);0.499;0;sem match válido;Qwen3-1.7B-QLoRA
ID_2324159515825927;20;unstable beams;weakly bound nuclei (rej);0.388;0;sem match válido;Qwen3-1.7B-QLoRA
ID_2364016372924935;1;azadirachtin;effect of azadirachtin;0.754;3;match válido;Qwen3-1.7B-QLoRA
ID_2364016372924935;2;brazilian vector mosquitoes;haemolymph of insects (rej);0.578;0;sem match válido;Qwen3-1.7B-QLoRA
ID_2364016372924935;3;development and reproduction;juvenile hormone (rej);0.515;0;sem match válido;Qwen3-1.7B-QLoRA
ID_2364016372924935;4;fat body;fat body;1.000;3;match válido;Qwen3-1.7B-QLoRA
ID_2364016372924935;5;immunity;prodigiosin (rej);0.314;0;sem match válido;Qwen3-1.7B-QLoRA
ID_2364016372924935;6;immune responses;perimicrovilar membrane (rej);0.329;0;sem match válido;Qwen3-1.7B-QLoRA
ID_2364016372924935;7;metalloprotease;metalloprotease;1.000;3;match válido;Qwen3-1.7B-QLoRA
ID_2364016372924935;8;optical trapping;prodigiosin (rej);0.342;0;sem match válido;Qwen3-1.7B-QLoRA
ID_2364016372924935;9;optical tweezers;trehalose (rej);0.431;0;sem match válido;Qwen3-1.7B-QLoRA
ID_2364016372924935;10;rhodnius prolixus;rhodnius prolixus;1.000;3;match válido;Qwen3-1.7B-QLoRA
ID_2364016372924935;11;trypanosoma cruzi;trypanosoma cruzi;1.000;3;match válido;Qwen3-1.7B-QLoRA
ID_2364016372924935;12;trypanosoma rangeli;trypanosoma rangeli;1.000;3;match válido;Qwen3-1.7B-QLoRA
ID_2364016372924935;13;vector mosquitoes;haemolymph of insects (rej);0.611;0;sem match válido;Qwen3-1.7B-QLoRA
ID_2364016372924935;14;vectors of trypanosoma cruzi;trypanosomatid-vector;0.783;3;match válido;Qwen3-1.7B-QLoRA
ID_2364016372924935;15;zantoxylum caribeum;hemipteran rhodnius (rej);0.478;0;sem match válido;Qwen3-1.7B-QLoRA
ID_2364016372924935;16;ecdisone;ecdysteroid production;0.807;3;match válido;Qwen3-1.7B-QLoRA
ID_2364016372924935;17;hemolymph;hemipteran rhodnius;0.803;3;match válido;Qwen3-1.7B-QLoRA
ID_2364016372924935;18;midgut;ultrastrutural midgut organization;0.782;3;match válido;Qwen3-1.7B-QLoRA
ID_2364016372924935;19;nutritional condition;haemolymph and fat (rej);0.492;0;sem match válido;Qwen3-1.7B-QLoRA
ID_2364016372924935;20;reproduction;juvenile hormone (rej);0.456;0;sem match válido;Qwen3-1.7B-QLoRA
ID_2426330204919814;1;electromechanical impedance;electromechanical impedance;1.000;3;match válido;Qwen3-1.7B-QLoRA
ID_2426330204919814;2;impedance;impedance;1.000;2;match válido;Qwen3-1.7B-QLoRA
ID_2426330204919814;3;structural health monitoring;structural health monitoring;1.000;3;match válido;Qwen3-1.7B-QLoRA
ID_2426330204919814;4;structural health monitoring systems;structural health monitoring (shm);0.888;3;match válido;Qwen3-1.7B-QLoRA
ID_2426330204919814;5;structural integrity;structural engineering (rej);0.674;0;sem match válido;Qwen3-1.7B-QLoRA
ID_2426330204919814;6;transductor piezoelétrico;pzt transducers;0.836;3;match válido;Qwen3-1.7B-QLoRA
ID_2426330204919814;7;transduces piezoelétricos;piezoelectric transducers (rej);0.683;0;sem match válido;Qwen3-1.7B-QLoRA
ID_2426330204919814;8;wireless sensor network;real-time multi-sensors measurement (rej);0.566;0;sem match válido;Qwen3-1.7B-QLoRA
ID_2426330204919814;9;acoustic emission;frequency (rej);0.533;0;sem match válido;Qwen3-1.7B-QLoRA
ID_2426330204919814;10;damage detection;damage detection;1.000;3;match válido;Qwen3-1.7B-QLoRA
ID_2426330204919814;11;emim;impedance (rej);0.361;0;sem match válido;Qwen3-1.7B-QLoRA
ID_2426330204919814;12;experimental study;theoretical and experimental;0.762;1;match válido;Qwen3-1.7B-QLoRA
ID_2426330204919814;13;impedance-based structural health;impedance-based structural health;1.000;1;match válido;Qwen3-1.7B-QLoRA
ID_2426330204919814;14;piezoelectric transducers;piezoelectric transducers;1.000;3;match válido;Qwen3-1.7B-QLoRA
ID_2426330204919814;15;smart structures;smart structures;1.000;3;match válido;Qwen3-1.7B-QLoRA
ID_2426330204919814;16;shm systems;shm systems;1.000;3;match válido;Qwen3-1.7B-QLoRA
ID_2426330204919814;17;time-domain analysis;time-domain analysis;1.000;2;match válido;Qwen3-1.7B-QLoRA
ID_2426330204919814;18;transducida piezoeletrica;piezoelectric transducers (rej);0.502;0;sem match válido;Qwen3-1.7B-QLoRA
ID_2426330204919814;19;transdutores piezoelétricos;piezoelectric transducers (rej);0.835;0;sem match válido;Qwen3-1.7B-QLoRA
ID_2426330204919814;20;transdutores piezoelétricos de baixo;sizing pzt transducers;0.770;2;match válido;Qwen3-1.7B-QLoRA
ID_2538824540800669;1;bipartite quantum correlation;quantum correlations;0.883;3;match válido;Qwen3-1.7B-QLoRA
ID_2538824540800669;2;bosonic field;atomic and molecular physics  (rej);0.401;0;sem match válido;Qwen3-1.7B-QLoRA
ID_2538824540800669;3;cavity qed;trapped ions (rej);0.349;0;sem match válido;Qwen3-1.7B-QLoRA
ID_2538824540800669;4;closed quantum system;time-dependent quantum system (rej);0.717;0;sem match válido;Qwen3-1.7B-QLoRA
ID_2538824540800669;5;computação quantica; quantum statistical methods;0.778;1;match válido;Qwen3-1.7B-QLoRA
ID_2538824540800669;6;dissipative system;system-reservoir dynamics (rej);0.575;0;sem match válido;Qwen3-1.7B-QLoRA
ID_2538824540800669;7;geometric phase;phase space;0.812;2;match válido;Qwen3-1.7B-QLoRA
ID_2538824540800669;8;information processing;quantum information (rej);0.449;0;sem match válido;Qwen3-1.7B-QLoRA
ID_2538824540800669;9;information theory;quantum information (rej);0.613;0;sem match válido;Qwen3-1.7B-QLoRA
ID_2538824540800669;10;informática quântica;quantum state engineering;0.830;2;match válido;Qwen3-1.7B-QLoRA
ID_2538824540800669;11;mesoscopic states;phase space (rej);0.433;0;sem match válido;Qwen3-1.7B-QLoRA
ID_2538824540800669;12;quantum communication;quantum information (rej);0.803;0;sem match válido;Qwen3-1.7B-QLoRA
ID_2538824540800669;13;quantum computation;quantum computation;1.000;3;match válido;Qwen3-1.7B-QLoRA
ID_2538824540800669;14;quantum entanglement;entanglement (rej);0.745;0;sem match válido;Qwen3-1.7B-QLoRA
ID_2538824540800669;15;quantum entanglement entropy;quantum discord (rej);0.710;0;sem match válido;Qwen3-1.7B-QLoRA
ID_2538824540800669;16;quantum error correction;quantum computation (rej);0.716;0;sem match válido;Qwen3-1.7B-QLoRA
ID_2538824540800669;17;quantum information;quantum information;1.000;3;match válido;Qwen3-1.7B-QLoRA
ID_2538824540800669;18;quantum information theory;quantum information (rej);0.943;0;sem match válido;Qwen3-1.7B-QLoRA
ID_2538824540800669;19;quantum information science;quantum information and quantum mechanics ;0.935;3;match válido;Qwen3-1.7B-QLoRA
ID_2538824540800669;20;quantum information systems;quantum information (rej);0.913;0;sem match válido;Qwen3-1.7B-QLoRA
ID_2543067198319684;1;epilepsy;epileptic patients;0.953;3;match válido;Qwen3-1.7B-QLoRA
ID_2543067198319684;2;epileptic seizures;seizures;0.913;3;match válido;Qwen3-1.7B-QLoRA
ID_2543067198319684;3;high risk newborns;term newborns (rej);0.650;0;sem match válido;Qwen3-1.7B-QLoRA
ID_2543067198319684;4;low birth weight;estado nutricional (rej);0.468;0;sem match válido;Qwen3-1.7B-QLoRA
ID_2543067198319684;5;maternal education;term newborns (rej);0.476;0;sem match válido;Qwen3-1.7B-QLoRA
ID_2543067198319684;6;neonatal sepsis;neonatal seizures (rej);0.742;0;sem match válido;Qwen3-1.7B-QLoRA
ID_2543067198319684;7;neonatal seizures;neonatal seizures;1.000;3;match válido;Qwen3-1.7B-QLoRA
ID_2543067198319684;8;neurological outcomes;seizures (rej);0.620;0;sem match válido;Qwen3-1.7B-QLoRA
ID_2543067198319684;9;neurology;seizures (rej);0.564;0;sem match válido;Qwen3-1.7B-QLoRA
ID_2543067198319684;10;neurophysiology;seizures (rej);0.507;0;sem match válido;Qwen3-1.7B-QLoRA
ID_2543067198319684;11;neurotransmitter receptors;epileptic patients (rej);0.326;0;sem match válido;Qwen3-1.7B-QLoRA
ID_2543067198319684;12;neurotransmitters;seizures (rej);0.378;0;sem match válido;Qwen3-1.7B-QLoRA
ID_2543067198319684;13;non-reactive burst suppression;seizures (rej);0.350;0;sem match válido;Qwen3-1.7B-QLoRA
ID_2543067198319684;14;periodic breathing;cardiac activity (rej);0.519;0;sem match válido;Qwen3-1.7B-QLoRA
ID_2543067198319684;15;post-conceptional age;childhood (rej);0.545;0;sem match válido;Qwen3-1.7B-QLoRA
ID_2543067198319684;16;pregnant women;neonatal seizures (rej);0.459;0;sem match válido;Qwen3-1.7B-QLoRA
ID_2543067198319684;17;preterm birth;term newborns (rej);0.662;0;sem match válido;Qwen3-1.7B-QLoRA
ID_2543067198319684;18;respiratory distress syndrome;síndrome da morte (rej);0.594;0;sem match válido;Qwen3-1.7B-QLoRA
ID_2543067198319684;19;risk factors;risk factors;1.000;3;match válido;Qwen3-1.7B-QLoRA
ID_2543067198319684;20;sleep;sleep;1.000;3;match válido;Qwen3-1.7B-QLoRA
ID_2627414712422817;1;brazilian citrus genome;plant geneticists (rej);0.625;0;sem match válido;Qwen3-1.7B-QLoRA
ID_2627414712422817;2;citrus genome;plant geneticists (rej);0.693;0;sem match válido;Qwen3-1.7B-QLoRA
ID_2627414712422817;3;citrus genome project;plant geneticists (rej);0.685;0;sem match válido;Qwen3-1.7B-QLoRA
ID_2627414712422817;4;citrus genomes;plant geneticists (rej);0.694;0;sem match válido;Qwen3-1.7B-QLoRA
ID_2627414712422817;5;citrus est project;poncirus trifoliata (rej);0.527;0;sem match válido;Qwen3-1.7B-QLoRA
ID_2627414712422817;6;citrus ests;arachis repens (rej);0.587;0;sem match válido;Qwen3-1.7B-QLoRA
ID_2627414712422817;7;citrus genes;plant geneticists (rej);0.667;0;sem match válido;Qwen3-1.7B-QLoRA
ID_2627414712422817;8;citrus ests database;sugarcane bagasse (rej);0.461;0;sem match válido;Qwen3-1.7B-QLoRA
ID_2627414712422817;9;citrus ests projects;arachis repens (rej);0.479;0;sem match válido;Qwen3-1.7B-QLoRA
ID_2627414712422817;10;est project;pintoi (rej);0.558;0;sem match válido;Qwen3-1.7B-QLoRA
ID_2627414712422817;11;expression vector system;sequence characterization (rej);0.428;0;sem match válido;Qwen3-1.7B-QLoRA
ID_2627414712422817;12;genetic linkage map;genetic diversity (rej);0.693;0;sem match válido;Qwen3-1.7B-QLoRA
ID_2627414712422817;13;gene expression;genetic diversity (rej);0.631;0;sem match válido;Qwen3-1.7B-QLoRA
ID_2627414712422817;14;gene expression profiles;genetic diversity (rej);0.614;0;sem match válido;Qwen3-1.7B-QLoRA
ID_2627414712422817;15;microsatellite markers;microsatellite markers;1.000;3;match válido;Qwen3-1.7B-QLoRA
ID_2627414712422817;16;microsatellite markers in citrus;microsatellite markers (rej);0.677;0;sem match válido;Qwen3-1.7B-QLoRA
ID_2627414712422817;17;plant genome project;plant geneticists (rej);0.815;0;sem match válido;Qwen3-1.7B-QLoRA
ID_2627414712422817;18;plant genome projects;plant geneticists;0.817;2;match válido;Qwen3-1.7B-QLoRA
ID_2627414712422817;19;regulatory elements;primer design (rej);0.420;0;sem match válido;Qwen3-1.7B-QLoRA
ID_2627414712422817;20;transcriptome databases;database (rej);0.544;0;sem match válido;Qwen3-1.7B-QLoRA
ID_2653769170795641;1;antisense transcription;transcription profiling (rej);0.680;0;sem match válido;Qwen3-1.7B-QLoRA
ID_2653769170795641;2;expression profiling;transcription profiling (rej);0.702;0;sem match válido;Qwen3-1.7B-QLoRA
ID_2653769170795641;3;human genome;genome sequence;0.883;3;match válido;Qwen3-1.7B-QLoRA
ID_2653769170795641;4;intronic non-coding rnas;transcription profiling (rej);0.395;0;sem match válido;Qwen3-1.7B-QLoRA
ID_2653769170795641;5;microarray dna sequencing;genome sequence (rej);0.694;0;sem match válido;Qwen3-1.7B-QLoRA
ID_2653769170795641;6;non-coding rnas;transcription profiling (rej);0.501;0;sem match válido;Qwen3-1.7B-QLoRA
ID_2653769170795641;7;prostate cancer markers;transcription profiling (rej);0.240;0;sem match válido;Qwen3-1.7B-QLoRA
ID_2653769170795641;8;prostate cancer markers selection;transcription profiling (rej);0.317;0;sem match válido;Qwen3-1.7B-QLoRA
ID_2653769170795641;9;transcriptome analysis;transcription profiling (rej);0.886;0;sem match válido;Qwen3-1.7B-QLoRA
ID_2653769170795641;10;transcriptome analyses;transcription profiling (rej);0.885;0;sem match válido;Qwen3-1.7B-QLoRA
ID_2653769170795641;11;transcriptome profiling;transcription profiling;0.949;3;match válido;Qwen3-1.7B-QLoRA
ID_2653769170795641;12;transcriptomics;transcription profiling (rej);0.817;0;sem match válido;Qwen3-1.7B-QLoRA
ID_2653769170795641;13;expressed sequence tags;sugarcane expressed sequence (rej);0.481;0;sem match válido;Qwen3-1.7B-QLoRA
ID_2653769170795641;14;genome mapping;genome sequence (rej);0.871;0;sem match válido;Qwen3-1.7B-QLoRA
ID_2653769170795641;15;heat shock proteins;heat-shock proteins;0.973;2;match válido;Qwen3-1.7B-QLoRA
ID_2653769170795641;16;hsp70 synthesis;staurosporine (rej);0.360;0;sem match válido;Qwen3-1.7B-QLoRA
ID_2653769170795641;17;human transcriptome;transcription profiling (rej);0.786;0;sem match válido;Qwen3-1.7B-QLoRA
ID_2653769170795641;18;metabolic engineering;heat-shock proteins (rej);0.449;0;sem match válido;Qwen3-1.7B-QLoRA
ID_2653769170795641;19;mitochondrial translation initiation;transcription profiling (rej);0.486;0;sem match válido;Qwen3-1.7B-QLoRA
ID_2653769170795641;20;plasma membrane proteins;protein phosphatases (rej);0.584;0;sem match válido;Qwen3-1.7B-QLoRA
ID_2662364620923506;1;bromeliaceae;plantas vasculares (rej);0.606;0;sem match válido;Qwen3-1.7B-QLoRA
ID_2662364620923506;2;fern;levantamento florístico (rej);0.654;0;sem match válido;Qwen3-1.7B-QLoRA
ID_2662364620923506;3;fern flora;levantamento florístico (rej);0.764;0;sem match válido;Qwen3-1.7B-QLoRA
ID_2662364620923506;4;fern flora studies;levantamento florístico (rej);0.690;0;sem match válido;Qwen3-1.7B-QLoRA
ID_2662364620923506;5;fern flora studies in brazil;levantamento florístico (rej);0.632;0;sem match válido;Qwen3-1.7B-QLoRA
ID_2662364620923506;6;fern genera;levantamento florístico (rej);0.759;0;sem match válido;Qwen3-1.7B-QLoRA
ID_2662364620923506;7;fern genus;levantamento florístico (rej);0.722;0;sem match válido;Qwen3-1.7B-QLoRA
ID_2662364620923506;8;fern genus blechnum;levantamento florístico (rej);0.635;0;sem match válido;Qwen3-1.7B-QLoRA
ID_2662364620923506;9;fern genera in brazil;levantamento florístico (rej);0.646;0;sem match válido;Qwen3-1.7B-QLoRA
ID_2662364620923506;10;fern genera in northeastern;levantamento florístico (rej);0.603;0;sem match válido;Qwen3-1.7B-QLoRA
ID_2662364620923506;11;fern genus bledchnum;levantamento florístico (rej);0.670;0;sem match válido;Qwen3-1.7B-QLoRA
ID_2662364620923506;12;florística da mata;levantamento florístico;0.937;3;match válido;Qwen3-1.7B-QLoRA
ID_2662364620923506;13;flowering plants;levantamento florístico (rej);0.830;0;sem match válido;Qwen3-1.7B-QLoRA
ID_2662364620923506;14;marine angiosperms;plantas vasculares (rej);0.537;0;sem match válido;Qwen3-1.7B-QLoRA
ID_2662364620923506;15;mountain forests;atlantic forest (rej);0.637;0;sem match válido;Qwen3-1.7B-QLoRA
ID_2662364620923506;16;northeastern brazil;southern brazil;0.874;3;match válido;Qwen3-1.7B-QLoRA
ID_2662364620923506;17;northeastern brazilian;southern brazil (rej);0.864;0;sem match válido;Qwen3-1.7B-QLoRA
ID_2662364620923506;18;northeastern states;atlantic forest (rej);0.494;0;sem match válido;Qwen3-1.7B-QLoRA
ID_2662364620923506;19;parque estadual carlos;carlos botelho state park;0.916;3;match válido;Qwen3-1.7B-QLoRA
ID_2662364620923506;20;petroleum ether extract;atlantic forest (rej);0.239;0;sem match válido;Qwen3-1.7B-QLoRA
ID_2691497637313274;1;bio-optical model;biogeochemical processes (rej);0.519;0;sem match válido;Qwen3-1.7B-QLoRA
ID_2691497637313274;2;chlorophyll-a concentration;evaporation rate (rej);0.335;0;sem match válido;Qwen3-1.7B-QLoRA
ID_2691497637313274;3;chlorella pyrenoidosa;thunnus albacares (rej);0.360;0;sem match válido;Qwen3-1.7B-QLoRA
ID_2691497637313274;4;cyanobacteria detection;biogeochemical processes (rej);0.318;0;sem match válido;Qwen3-1.7B-QLoRA
ID_2691497637313274;5;emissão de metano;heat flux (rej);0.469;0;sem match válido;Qwen3-1.7B-QLoRA
ID_2691497637313274;6;estabilidade eólica;wind (rej);0.738;0;sem match válido;Qwen3-1.7B-QLoRA
ID_2691497637313274;7;heat flux;heat flux;1.000;3;match válido;Qwen3-1.7B-QLoRA
ID_2691497637313274;8;influência da temperatura;temperature and heat;0.883;3;match válido;Qwen3-1.7B-QLoRA
ID_2691497637313274;9;interference filters;spectral analysis (rej);0.391;0;sem match válido;Qwen3-1.7B-QLoRA
ID_2691497637313274;10;marine algae;sea surface (rej);0.582;0;sem match válido;Qwen3-1.7B-QLoRA
ID_2691497637313274;11;monitoramento automático;remote sensing (rej);0.478;0;sem match válido;Qwen3-1.7B-QLoRA
ID_2691497637313274;12;modelagem tridimensional;spatial regression model (rej);0.471;0;sem match válido;Qwen3-1.7B-QLoRA
ID_2691497637313274;13;numerical simulation;fraction images (rej);0.419;0;sem match válido;Qwen3-1.7B-QLoRA
ID_2691497637313274;14;optical properties;spectral analysis (rej);0.520;0;sem match válido;Qwen3-1.7B-QLoRA
ID_2691497637313274;15;phytoplankton dynamics;biogeochemical processes (rej);0.536;0;sem match válido;Qwen3-1.7B-QLoRA
ID_2691497637313274;16;reservoir depth;itumbiara reservoir (rej);0.720;0;sem match válido;Qwen3-1.7B-QLoRA
ID_2691497637313274;17;reservoir hydrology;reservatório hidrelétrico;0.872;2;match válido;Qwen3-1.7B-QLoRA
ID_2691497637313274;18;remote sensing;remote sensing;1.000;3;match válido;Qwen3-1.7B-QLoRA
ID_2691497637313274;19;remote sensing data;remote sensing (rej);0.928;0;sem match válido;Qwen3-1.7B-QLoRA
ID_2691497637313274;20;remotely sensed images;remote sensing (rej);0.726;0;sem match válido;Qwen3-1.7B-QLoRA
ID_2714004273523549;1;first principles;first-principles;0.982;3;match válido;Qwen3-1.7B-QLoRA
ID_2714004273523549;2;graphene;electronic structure (rej);0.409;0;sem match válido;Qwen3-1.7B-QLoRA
ID_2714004273523549;3;graphene-based;electronic structure (rej);0.431;0;sem match válido;Qwen3-1.7B-QLoRA
ID_2714004273523549;4;graphene-based material;electronic structure (rej);0.430;0;sem match válido;Qwen3-1.7B-QLoRA
ID_2714004273523549;5;graphene-based materials;electronic structure (rej);0.417;0;sem match válido;Qwen3-1.7B-QLoRA
ID_2714004273523549;6;graphene-based nanocomposite;electronic structure (rej);0.385;0;sem match válido;Qwen3-1.7B-QLoRA
ID_2714004273523549;7;graphene-based polymer composite;electronic structure (rej);0.348;0;sem match válido;Qwen3-1.7B-QLoRA
ID_2714004273523549;8;graphene-based polymers;electronic structure (rej);0.400;0;sem match válido;Qwen3-1.7B-QLoRA
ID_2714004273523549;9;graphene-carbon nanotubes;electronic structure (rej);0.389;0;sem match válido;Qwen3-1.7B-QLoRA
ID_2714004273523549;10;graphene-composites;electronic structure (rej);0.420;0;sem match válido;Qwen3-1.7B-QLoRA
ID_2714004273523549;11;graphene-fiber reinforced polymer;structural properties (rej);0.404;0;sem match válido;Qwen3-1.7B-QLoRA
ID_2714004273523549;12;graphene-fiber-reinforced polymer;structural properties (rej);0.390;0;sem match válido;Qwen3-1.7B-QLoRA
ID_2714004273523549;13;heterostructures; intercalation compounds (rej);0.559;0;sem match válido;Qwen3-1.7B-QLoRA
ID_2714004273523549;14;metallic;transition-metal;0.766;3;match válido;Qwen3-1.7B-QLoRA
ID_2714004273523549;15;metallic nanotubes;electronic and magnetic (rej);0.495;0;sem match válido;Qwen3-1.7B-QLoRA
ID_2714004273523549;16;monolithic composite;structural properties (rej);0.542;0;sem match válido;Qwen3-1.7B-QLoRA
ID_2714004273523549;17;nanocomposite;3d impurities (rej);0.485;0;sem match válido;Qwen3-1.7B-QLoRA
ID_2714004273523549;18;nanofibrous mats;3d impurities (rej);0.505;0;sem match válido;Qwen3-1.7B-QLoRA
ID_2714004273523549;19;polymers; intercalation compounds (rej);0.492;0;sem match válido;Qwen3-1.7B-QLoRA
ID_2714004273523549;20;polymer nanocomposite;amorphous silicon (rej);0.432;0;sem match válido;Qwen3-1.7B-QLoRA
ID_2864595160355410;1;antibiotics;uso de antibióticos;0.956;3;match válido;Qwen3-1.7B-QLoRA
ID_2864595160355410;2;biological agents;tratamento antimmicrobiano (rej);0.499;0;sem match válido;Qwen3-1.7B-QLoRA
ID_2864595160355410;3;biological agents for psoriasis;terapêutica antimicrobiana (rej);0.497;0;sem match válido;Qwen3-1.7B-QLoRA
ID_2864595160355410;4;biological agents prescribed;tratamento antimmicrobiano (rej);0.659;0;sem match válido;Qwen3-1.7B-QLoRA
ID_2864595160355410;5;biological agents use;tratamento antimmicrobiano (rej);0.564;0;sem match válido;Qwen3-1.7B-QLoRA
ID_2864595160355410;6;biological agents usage;uso de antibióticos (rej);0.535;0;sem match válido;Qwen3-1.7B-QLoRA
ID_2864595160355410;7;biological drugs;uso de antibióticos (rej);0.625;0;sem match válido;Qwen3-1.7B-QLoRA
ID_2864595160355410;8;biological drugs for psoriasis;terapêutica antimicrobiana (rej);0.583;0;sem match válido;Qwen3-1.7B-QLoRA
ID_2864595160355410;9;biological use;uso de antibióticos (rej);0.539;0;sem match válido;Qwen3-1.7B-QLoRA
ID_2864595160355410;10;biologics;tissue levels (rej);0.498;0;sem match válido;Qwen3-1.7B-QLoRA
ID_2864595160355410;11;clinical microbiology;bacterial infections;0.784;3;match válido;Qwen3-1.7B-QLoRA
ID_2864595160355410;12;drug use;prescrições e uso (rej);0.583;0;sem match válido;Qwen3-1.7B-QLoRA
ID_2864595160355410;13;guidelines;prescrições e uso (rej);0.476;0;sem match válido;Qwen3-1.7B-QLoRA
ID_2864595160355410;14;judicial action;treatment and patient (rej);0.273;0;sem match válido;Qwen3-1.7B-QLoRA
ID_2864595160355410;15;judicial action and access;treatment and patient (rej);0.298;0;sem match válido;Qwen3-1.7B-QLoRA
ID_2864595160355410;16;judicial proceedings;treatment and patient (rej);0.283;0;sem match válido;Qwen3-1.7B-QLoRA
ID_2864595160355410;17;patient information;treatment and patient (rej);0.658;0;sem match válido;Qwen3-1.7B-QLoRA
ID_2864595160355410;18;prescription;prescription;1.000;2;match válido;Qwen3-1.7B-QLoRA
ID_2864595160355410;19;public health;treatment and patient (rej);0.448;0;sem match válido;Qwen3-1.7B-QLoRA
ID_2864595160355410;20;public health system;treatment and patient (rej);0.505;0;sem match válido;Qwen3-1.7B-QLoRA
ID_2929963416385218;1;crystal structure;structure (rej);0.613;0;sem match válido;Qwen3-1.7B-QLoRA
ID_2929963416385218;2;drug-polymer interaction;drug–polymer ratios;0.858;1;match válido;Qwen3-1.7B-QLoRA
ID_2929963416385218;3;hydrolysis of sphingomyelin;sphingomyelinase activity;0.811;3;match válido;Qwen3-1.7B-QLoRA
ID_2929963416385218;4;loxosceles laeta venom;venom (rej);0.660;0;sem match válido;Qwen3-1.7B-QLoRA
ID_2929963416385218;5;loxosceles laeta venomous gland;spider venomous gland;0.763;3;match válido;Qwen3-1.7B-QLoRA
ID_2929963416385218;6;matrix metalloproteinase;mechanism of sphingomyelinases (rej);0.522;0;sem match válido;Qwen3-1.7B-QLoRA
ID_2929963416385218;7;metalloproteinase inhibitor;antioxidant activity (rej);0.520;0;sem match válido;Qwen3-1.7B-QLoRA
ID_2929963416385218;8;microscopy, electron;uv-vis spectrophotometry (rej);0.517;0;sem match válido;Qwen3-1.7B-QLoRA
ID_2929963416385218;9;neutralization of loxosceles;sphingomyelinase from loxosceles (rej);0.668;0;sem match válido;Qwen3-1.7B-QLoRA
ID_2929963416385218;10;preliminary crystallographic analysis;three-dimensional structure (rej);0.504;0;sem match válido;Qwen3-1.7B-QLoRA
ID_2929963416385218;11;recombinant smase i;smase (rej);0.669;0;sem match válido;Qwen3-1.7B-QLoRA
ID_2929963416385218;12;smase d;smase d;1.000;3;match válido;Qwen3-1.7B-QLoRA
ID_2929963416385218;13;structural analysis;structural insights;0.916;2;match válido;Qwen3-1.7B-QLoRA
ID_2929963416385218;14;structural basis;structural basis;1.000;3;match válido;Qwen3-1.7B-QLoRA
ID_2929963416385218;15;thermodynamic properties;thermal properties;0.795;1;match válido;Qwen3-1.7B-QLoRA
ID_2929963416385218;16;toxin;toxin;1.000;3;match válido;Qwen3-1.7B-QLoRA
ID_2929963416385218;17;transcriptomic analysis;transcriptome analysis;0.972;3;match válido;Qwen3-1.7B-QLoRA
ID_2929963416385218;18;vein;venom (rej);0.563;0;sem match válido;Qwen3-1.7B-QLoRA
ID_2929963416385218;19;venom;venom;1.000;3;match válido;Qwen3-1.7B-QLoRA
ID_2929963416385218;20;vesicle;veronal buffered saline (rej);0.590;0;sem match válido;Qwen3-1.7B-QLoRA
ID_2961250776014138;1;black holes;black hole;0.967;2;match válido;Qwen3-1.7B-QLoRA
ID_2961250776014138;2;compact stars;strange stars;0.756;3;match válido;Qwen3-1.7B-QLoRA
ID_2961250776014138;3;dark matter;black hole (rej);0.613;0;sem match válido;Qwen3-1.7B-QLoRA
ID_2961250776014138;4;equations of state;equations of state;1.000;3;match válido;Qwen3-1.7B-QLoRA
ID_2961250776014138;5;galaxy;strange stars (rej);0.647;0;sem match válido;Qwen3-1.7B-QLoRA
ID_2961250776014138;6;gamma ray bursts;gamma ray bursts;1.000;2;match válido;Qwen3-1.7B-QLoRA
ID_2961250776014138;7;gravity theories;astrophysics and astroparticles  (rej);0.530;0;sem match válido;Qwen3-1.7B-QLoRA
ID_2961250776014138;8;information theory;equations of state (rej);0.344;0;sem match válido;Qwen3-1.7B-QLoRA
ID_2961250776014138;9;interacting cold qcd matter;nuclear physics  (rej);0.464;0;sem match válido;Qwen3-1.7B-QLoRA
ID_2961250776014138;10;mass–radius relations;equations of state (rej);0.453;0;sem match válido;Qwen3-1.7B-QLoRA
ID_2961250776014138;11;neutron stars;neutron stars;1.000;3;match válido;Qwen3-1.7B-QLoRA
ID_2961250776014138;12;photon-photon scattering;neutron stars (rej);0.473;0;sem match válido;Qwen3-1.7B-QLoRA
ID_2961250776014138;13;quantum field theory;equations of state (rej);0.414;0;sem match válido;Qwen3-1.7B-QLoRA
ID_2961250776014138;14;quantum gravity;nuclear physics  (rej);0.461;0;sem match válido;Qwen3-1.7B-QLoRA
ID_2961250776014138;15;quark matter;astrophysics and astroparticles  (rej);0.501;0;sem match válido;Qwen3-1.7B-QLoRA
ID_2961250776014138;16;radiation transfer;nuclear physics  (rej);0.571;0;sem match válido;Qwen3-1.7B-QLoRA
ID_2961250776014138;17;radiation transfer functions;nuclear physics  (rej);0.572;0;sem match válido;Qwen3-1.7B-QLoRA
ID_2961250776014138;18;radio emissions;astrophysics and astroparticles  (rej);0.389;0;sem match válido;Qwen3-1.7B-QLoRA
ID_2961250776014138;19;statistical physics and nonlinear systems;equations of state (rej);0.522;0;sem match válido;Qwen3-1.7B-QLoRA
ID_2961250776014138;20;time lags;strange matter (rej);0.236;0;sem match válido;Qwen3-1.7B-QLoRA
ID_3059520185406581;1;content-based image retrieval;content-based image retrieval;1.000;3;match válido;Qwen3-1.7B-QLoRA
ID_3059520185406581;2;digital image processing;processamento digital;0.755;3;match válido;Qwen3-1.7B-QLoRA
ID_3059520185406581;3;image processing;image classification (rej);0.754;0;sem match válido;Qwen3-1.7B-QLoRA
ID_3059520185406581;4;image segmentation;image segmentation;1.000;3;match válido;Qwen3-1.7B-QLoRA
ID_3059520185406581;5;image summarization;image classification;0.760;3;match válido;Qwen3-1.7B-QLoRA
ID_3059520185406581;6;multidimensional signal processing;processamento digital (rej);0.549;0;sem match válido;Qwen3-1.7B-QLoRA
ID_3059520185406581;7;multimedia systems;sistemas de informação (rej);0.579;0;sem match válido;Qwen3-1.7B-QLoRA
ID_3059520185406581;8;pattern recognition;pattern recognition;1.000;3;match válido;Qwen3-1.7B-QLoRA
ID_3059520185406581;9;processing and image;image classification (rej);0.721;0;sem match válido;Qwen3-1.7B-QLoRA
ID_3059520185406581;10;retrieval and indexing;recuperação de informação (rej);0.581;0;sem match válido;Qwen3-1.7B-QLoRA
ID_3059520185406581;11;retrospective image processing;image classification (rej);0.661;0;sem match válido;Qwen3-1.7B-QLoRA
ID_3059520185406581;12;shape analysis;image segmentation (rej);0.557;0;sem match válido;Qwen3-1.7B-QLoRA
ID_3059520185406581;13;spectral rhythm analysis;visual rhythm (rej);0.700;0;sem match válido;Qwen3-1.7B-QLoRA
ID_3059520185406581;14;tensor motion descriptor;orientation tensor;0.795;3;match válido;Qwen3-1.7B-QLoRA
ID_3059520185406581;15;visual rhythm analysis;visual rhythm;0.955;3;match válido;Qwen3-1.7B-QLoRA
ID_3059520185406581;16;video segmentation;video segmentation;1.000;3;match válido;Qwen3-1.7B-QLoRA
ID_3059520185406581;17;video summarization;video summarization;1.000;3;match válido;Qwen3-1.7B-QLoRA
ID_3059520185406581;18;video transition detection;video segmentation (rej);0.620;0;sem match válido;Qwen3-1.7B-QLoRA
ID_3059520185406581;19;visual information retrieval;content-based image retrieval (rej);0.650;0;sem match válido;Qwen3-1.7B-QLoRA
ID_3059520185406581;20;visual object tracking;visual rhythm (rej);0.570;0;sem match válido;Qwen3-1.7B-QLoRA
ID_3091742095568302;1;adjuvant treatment;oral gabapentin treatment (rej);0.440;0;sem match válido;Qwen3-1.7B-QLoRA
ID_3091742095568302;2;cell proliferation;cell (rej);0.652;0;sem match válido;Qwen3-1.7B-QLoRA
ID_3091742095568302;3;experimental periodontitis;experimental periodontitis;1.000;2;match válido;Qwen3-1.7B-QLoRA
ID_3091742095568302;4;glutamine;alanyl-glutamine;0.803;3;match válido;Qwen3-1.7B-QLoRA
ID_3091742095568302;5;indomethacin;inflammation (rej);0.523;0;sem match válido;Qwen3-1.7B-QLoRA
ID_3091742095568302;6;intestinal mucositis;intestinal epithelial cell (rej);0.658;0;sem match válido;Qwen3-1.7B-QLoRA
ID_3091742095568302;7;lipopolysaccharide;alanyl-glutamine (rej);0.487;0;sem match válido;Qwen3-1.7B-QLoRA
ID_3091742095568302;8;macrophages;intestinal epithelial cell (rej);0.439;0;sem match válido;Qwen3-1.7B-QLoRA
ID_3091742095568302;9;microbiota;cryptosporidium infection (rej);0.493;0;sem match válido;Qwen3-1.7B-QLoRA
ID_3091742095568302;10;myeloactivity;inflammation (rej);0.502;0;sem match válido;Qwen3-1.7B-QLoRA
ID_3091742095568302;11;periodontal disease;experimental periodontitis (rej);0.832;0;sem match válido;Qwen3-1.7B-QLoRA
ID_3091742095568302;12;proliferation;proliferation;1.000;3;match válido;Qwen3-1.7B-QLoRA
ID_3091742095568302;13;rat;proliferation (rej);0.383;0;sem match válido;Qwen3-1.7B-QLoRA
ID_3091742095568302;14;selective cyclooxygenase-2 inhibitor;clostridium difficile toxin (rej);0.436;0;sem match válido;Qwen3-1.7B-QLoRA
ID_3091742095568302;15;tumor necrosis factor-α;apoptosis (rej);0.420;0;sem match válido;Qwen3-1.7B-QLoRA
ID_3091742095568302;16;vitamin a;vitamin a;1.000;2;match válido;Qwen3-1.7B-QLoRA
ID_3091742095568302;17;vitamin a deficiency;vitamin;0.873;1;match válido;Qwen3-1.7B-QLoRA
ID_3091742095568302;18;vitamin d;vitamin a (rej);0.822;0;sem match válido;Qwen3-1.7B-QLoRA
ID_3091742095568302;19;vitamin e;vitamin a (rej);0.869;0;sem match válido;Qwen3-1.7B-QLoRA
ID_3091742095568302;20;vitamin e deficiency;vitamin c deficient;0.846;1;match válido;Qwen3-1.7B-QLoRA
ID_3107924103069456;1;binuclear ruthenium complex;ruthenium;0.802;2;match válido;Qwen3-1.7B-QLoRA
ID_3107924103069456;2;crystal structure;crystal structure;1.000;3;match válido;Qwen3-1.7B-QLoRA
ID_3107924103069456;3;complex;structure (rej);0.572;0;sem match válido;Qwen3-1.7B-QLoRA
ID_3107924103069456;4;crystallization;crystallization;1.000;3;match válido;Qwen3-1.7B-QLoRA
ID_3107924103069456;5;cryo electron microscopy;x-ray structure (rej);0.487;0;sem match válido;Qwen3-1.7B-QLoRA
ID_3107924103069456;6;electron diffraction;x-ray structure (rej);0.445;0;sem match válido;Qwen3-1.7B-QLoRA
ID_3107924103069456;7;fluorescence polarization;crystallization (rej);0.434;0;sem match válido;Qwen3-1.7B-QLoRA
ID_3107924103069456;8;glucanases;trypanosoma cruzi glycosomal (rej);0.584;0;sem match válido;Qwen3-1.7B-QLoRA
ID_3107924103069456;9;glucanase;trypanosoma cruzi glycosomal (rej);0.552;0;sem match válido;Qwen3-1.7B-QLoRA
ID_3107924103069456;10;glycogen phosphorylase alpha;purine nucleoside phosphorylase (rej);0.626;0;sem match válido;Qwen3-1.7B-QLoRA
ID_3107924103069456;11;guinea pig liver glycogen;trypanosoma cruzi glycosomal (rej);0.419;0;sem match válido;Qwen3-1.7B-QLoRA
ID_3107924103069456;12;guinea pig liver glycogen synthase;trypanosoma cruzi glycosomal (rej);0.433;0;sem match válido;Qwen3-1.7B-QLoRA
ID_3107924103069456;13;molecular weight;molecular structure (rej);0.609;0;sem match válido;Qwen3-1.7B-QLoRA
ID_3107924103069456;14;molecular structures;molecular structure;0.988;3;match válido;Qwen3-1.7B-QLoRA
ID_3107924103069456;15;natural products;synthesis and characterization (rej);0.358;0;sem match válido;Qwen3-1.7B-QLoRA
ID_3107924103069456;16;nutritional supplements;training set inhibitors (rej);0.370;0;sem match válido;Qwen3-1.7B-QLoRA
ID_3107924103069456;17;organic chemistry;synthesis and characterization (rej);0.554;0;sem match válido;Qwen3-1.7B-QLoRA
ID_3107924103069456;18;organotin compound;inhibitor (rej);0.490;0;sem match válido;Qwen3-1.7B-QLoRA
ID_3107924103069456;19;pharmacology;drug design (rej);0.727;0;sem match válido;Qwen3-1.7B-QLoRA
ID_3107924103069456;20;pharmaceutical chemistry;drug design (rej);0.688;0;sem match válido;Qwen3-1.7B-QLoRA
ID_3256932358053453;1;biomarkers;sh-sy5y cells (rej);0.360;0;sem match válido;Qwen3-1.7B-QLoRA
ID_3256932358053453;2;cell death;non-smal cell lung (rej);0.435;0;sem match válido;Qwen3-1.7B-QLoRA
ID_3256932358053453;3;glutamate transporters;retinol (rej);0.435;0;sem match válido;Qwen3-1.7B-QLoRA
ID_3256932358053453;4;lipid peroxidation;lipid peroxidation;1.000;1;match válido;Qwen3-1.7B-QLoRA
ID_3256932358053453;5;molecular modeling;superoxide dismutase activity (rej);0.373;0;sem match válido;Qwen3-1.7B-QLoRA
ID_3256932358053453;6;neurodegeneration;oxidative damage (rej);0.427;0;sem match válido;Qwen3-1.7B-QLoRA
ID_3256932358053453;7;oxidative stress;oxidative stress;1.000;3;match válido;Qwen3-1.7B-QLoRA
ID_3256932358053453;8;reactive oxygen species;reactive oxygen species;1.000;2;match válido;Qwen3-1.7B-QLoRA
ID_3256932358053453;9;reactive oxygen species (ros);reactive oxygen species (rej);0.913;0;sem match válido;Qwen3-1.7B-QLoRA
ID_3256932358053453;10;reactive species;reactive oxygen species (rej);0.736;0;sem match válido;Qwen3-1.7B-QLoRA
ID_3256932358053453;11;redox-active cysteines;mediated by oxidants (rej);0.540;0;sem match válido;Qwen3-1.7B-QLoRA
ID_3256932358053453;12;redundant homologues;retrospective (rej);0.317;0;sem match válido;Qwen3-1.7B-QLoRA
ID_3256932358053453;13;retinoic acid;retinoic acid;1.000;1;match válido;Qwen3-1.7B-QLoRA
ID_3256932358053453;14;retinol;retinol;1.000;2;match válido;Qwen3-1.7B-QLoRA
ID_3256932358053453;15;schistosoma mansoni;sepsis animal (rej);0.535;0;sem match válido;Qwen3-1.7B-QLoRA
ID_3256932358053453;16;sh-sy5y cells;sh-sy5y cells;1.000;3;match válido;Qwen3-1.7B-QLoRA
ID_3256932358053453;17;small molecule inhibitors;superoxide dismutase activity (rej);0.493;0;sem match válido;Qwen3-1.7B-QLoRA
ID_3256932358053453;18;systems biology;sepsis animal (rej);0.412;0;sem match válido;Qwen3-1.7B-QLoRA
ID_3256932358053453;19;thiocyanate;tbars—thiobarbituric acid reactive species (rej);0.681;0;sem match válido;Qwen3-1.7B-QLoRA
ID_3256932358053453;20;thiocyanate-induced cell death;tbars—thiobarbituric acid reactive species (rej);0.500;0;sem match válido;Qwen3-1.7B-QLoRA
ID_3258168964977007;1;artificial ant colony networks;artiticial ant colony (rej);0.677;0;sem match válido;Qwen3-1.7B-QLoRA
ID_3258168964977007;2;ant systems;artiticial ant colony (rej);0.618;0;sem match válido;Qwen3-1.7B-QLoRA
ID_3258168964977007;3;nuclear power plants;nuclear power plant;0.989;3;match válido;Qwen3-1.7B-QLoRA
ID_3258168964977007;4;particle swarm optimization;particle swarm optimization;1.000;3;match válido;Qwen3-1.7B-QLoRA
ID_3258168964977007;5;quantum computing;particle swarm optimization (rej);0.402;0;sem match válido;Qwen3-1.7B-QLoRA
ID_3258168964977007;6;quantum computing applications;particle swarm optimization (rej);0.407;0;sem match válido;Qwen3-1.7B-QLoRA
ID_3258168964977007;7;quantum algorithms;particle swarm optimization (rej);0.499;0;sem match válido;Qwen3-1.7B-QLoRA
ID_3258168964977007;8;quantum annealing;particle swarm optimization (rej);0.397;0;sem match válido;Qwen3-1.7B-QLoRA
ID_3258168964977007;9;quantum annealing approach;particle swarm optimization (rej);0.441;0;sem match válido;Qwen3-1.7B-QLoRA
ID_3258168964977007;10;quantum annealing problems;particle swarm optimization (rej);0.412;0;sem match válido;Qwen3-1.7B-QLoRA
ID_3258168964977007;11;quantum annealing techniques;particle swarm optimization (rej);0.427;0;sem match válido;Qwen3-1.7B-QLoRA
ID_3258168964977007;12;quantum annealer;particle swarm optimization (rej);0.377;0;sem match válido;Qwen3-1.7B-QLoRA
ID_3258168964977007;13;quantum annealers;particle swarm optimization (rej);0.387;0;sem match válido;Qwen3-1.7B-QLoRA
ID_3258168964977007;14;quantum annealing simulation;particle swarm optimization (rej);0.454;0;sem match válido;Qwen3-1.7B-QLoRA
ID_3258168964977007;15;quantum annealing simulations;particle swarm optimization (rej);0.450;0;sem match válido;Qwen3-1.7B-QLoRA
ID_3258168964977007;16;quantum annealing study;particle swarm optimization (rej);0.406;0;sem match válido;Qwen3-1.7B-QLoRA
ID_3258168964977007;17;quantum annealing studies;particle swarm optimization (rej);0.399;0;sem match válido;Qwen3-1.7B-QLoRA
ID_3258168964977007;18;quantum annealing technique;particle swarm optimization (rej);0.424;0;sem match válido;Qwen3-1.7B-QLoRA
ID_3258168964977007;19;;;;;;Qwen3-1.7B-QLoRA
ID_3258168964977007;20;;;;;;Qwen3-1.7B-QLoRA
ID_3314639624288740;1;ab initio;ab initio conformational map (rej);0.655;0;sem match válido;Qwen3-1.7B-QLoRA
ID_3314639624288740;2;ab initio calculations;ab initio conformational map (rej);0.680;0;sem match válido;Qwen3-1.7B-QLoRA
ID_3314639624288740;3;ab initio conformational maps;ab initio conformational map;0.985;2;match válido;Qwen3-1.7B-QLoRA
ID_3314639624288740;4;ab initio calculations of absolute pk;ab initio conformational map (rej);0.540;0;sem match válido;Qwen3-1.7B-QLoRA
ID_3314639624288740;5;absolute pk values;pseudospectral calculations (rej);0.428;0;sem match válido;Qwen3-1.7B-QLoRA
ID_3314639624288740;6;bond energies;potential energy surface (rej);0.701;0;sem match válido;Qwen3-1.7B-QLoRA
ID_3314639624288740;7;conformational maps;conformational map;0.983;2;match válido;Qwen3-1.7B-QLoRA
ID_3314639624288740;8;correlation energy;potential energy surface (rej);0.556;0;sem match válido;Qwen3-1.7B-QLoRA
ID_3314639624288740;9;electronic states;rydberg states (rej);0.400;0;sem match válido;Qwen3-1.7B-QLoRA
ID_3314639624288740;10;gas-phase acidity;molecular dynamics (rej);0.492;0;sem match válido;Qwen3-1.7B-QLoRA
ID_3314639624288740;11;generalized oscillator strengths;density functional theory (rej);0.455;0;sem match válido;Qwen3-1.7B-QLoRA
ID_3314639624288740;12;gas-phase acidities;molecular dynamics (rej);0.524;0;sem match válido;Qwen3-1.7B-QLoRA
ID_3314639624288740;13;harmonic oscillator strength;resonance (rej);0.449;0;sem match válido;Qwen3-1.7B-QLoRA
ID_3314639624288740;14;high density plasma;density functional study (rej);0.524;0;sem match válido;Qwen3-1.7B-QLoRA
ID_3314639624288740;15;ion desorption;dehydrogenation reaction (rej);0.582;0;sem match válido;Qwen3-1.7B-QLoRA
ID_3314639624288740;16;inner-shell excitations;molecular dynamics (rej);0.532;0;sem match válido;Qwen3-1.7B-QLoRA
ID_3314639624288740;17;laser desorption;dehydrogenation reaction (rej);0.426;0;sem match válido;Qwen3-1.7B-QLoRA
ID_3314639624288740;18;linear response;conformational map (rej);0.388;0;sem match válido;Qwen3-1.7B-QLoRA
ID_3314639624288740;19;molecular mechanics;molecular dynamics;0.878;3;match válido;Qwen3-1.7B-QLoRA
ID_3314639624288740;20;non-orthogonal gvb orbitals;atomic and molecular physics  (rej);0.414;0;sem match válido;Qwen3-1.7B-QLoRA
ID_3341755886753117;1;active power filter;filter (rej);0.707;0;sem match válido;Qwen3-1.7B-QLoRA
ID_3341755886753117;2;active power filters;switched-capacitor filters (rej);0.725;0;sem match válido;Qwen3-1.7B-QLoRA
ID_3341755886753117;3;active power filters control;switched-capacitor filters (rej);0.733;0;sem match válido;Qwen3-1.7B-QLoRA
ID_3341755886753117;4;capacitance matching;capacitance matching;1.000;3;match válido;Qwen3-1.7B-QLoRA
ID_3341755886753117;5;digital filter design;filter;0.843;3;match válido;Qwen3-1.7B-QLoRA
ID_3341755886753117;6;differential amplifier;analog integrated circuits (rej);0.549;0;sem match válido;Qwen3-1.7B-QLoRA
ID_3341755886753117;7;genetic algorithm;genetic algorithm;1.000;3;match válido;Qwen3-1.7B-QLoRA
ID_3341755886753117;8;low-frequency gm-c filters;low-sensitivity sc filter;0.756;2;match válido;Qwen3-1.7B-QLoRA
ID_3341755886753117;9;operational transconductance amplifier;analog integrated circuits (rej);0.580;0;sem match válido;Qwen3-1.7B-QLoRA
ID_3341755886753117;10;parallel processing;approximation algorithm (rej);0.385;0;sem match válido;Qwen3-1.7B-QLoRA
ID_3341755886753117;11;phase locked loop;analog integrated circuits (rej);0.388;0;sem match válido;Qwen3-1.7B-QLoRA
ID_3341755886753117;12;power quality;capacitance (rej);0.458;0;sem match válido;Qwen3-1.7B-QLoRA
ID_3341755886753117;13;power system stabilizer;switched capacitor filters (rej);0.482;0;sem match válido;Qwen3-1.7B-QLoRA
ID_3341755886753117;14;switched capacitor filters;switched capacitor filters;1.000;3;match válido;Qwen3-1.7B-QLoRA
ID_3341755886753117;15;switched capacitor filters design;switched-capacitor filters;0.971;3;match válido;Qwen3-1.7B-QLoRA
ID_3341755886753117;16;transconductance amplifiers;switched-capacitor filters (rej);0.571;0;sem match válido;Qwen3-1.7B-QLoRA
ID_3341755886753117;17;transformerless dc/dc converter;switched-capacitor filters (rej);0.536;0;sem match válido;Qwen3-1.7B-QLoRA
ID_3341755886753117;18;unit capacitors;unit capacitors;1.000;3;match válido;Qwen3-1.7B-QLoRA
ID_3341755886753117;19;unit capacitor;identical unit capacitors;0.872;1;match válido;Qwen3-1.7B-QLoRA
ID_3341755886753117;20;unit capacitor selection;capacitance;0.761;2;match válido;Qwen3-1.7B-QLoRA
ID_3387018530825694;1;aspect oriented programming;aspect-oriented programming;0.994;2;match válido;Qwen3-1.7B-QLoRA
ID_3387018530825694;2;component-based software engineering;software engineering;0.822;3;match válido;Qwen3-1.7B-QLoRA
ID_3387018530825694;3;design patterns;structured programming (rej);0.492;0;sem match válido;Qwen3-1.7B-QLoRA
ID_3387018530825694;4;design patterns as aspects;aspect-oriented programming (rej);0.548;0;sem match válido;Qwen3-1.7B-QLoRA
ID_3387018530825694;5;exception handling;exception handling;1.000;3;match válido;Qwen3-1.7B-QLoRA
ID_3387018530825694;6;multi-agent system;especificação de sistemas (rej);0.486;0;sem match válido;Qwen3-1.7B-QLoRA
ID_3387018530825694;7;modularizing design patterns;modularity;0.762;3;match válido;Qwen3-1.7B-QLoRA
ID_3387018530825694;8;software testing;software engineering (rej);0.621;0;sem match válido;Qwen3-1.7B-QLoRA
ID_3387018530825694;9;test automation framework;verification (rej);0.540;0;sem match válido;Qwen3-1.7B-QLoRA
ID_3387018530825694;10;unit testing;verification (rej);0.482;0;sem match válido;Qwen3-1.7B-QLoRA
ID_3387018530825694;11;verification approach;verification (rej);0.951;0;sem match válido;Qwen3-1.7B-QLoRA
ID_3387018530825694;12;verification methods;verification;0.953;3;match válido;Qwen3-1.7B-QLoRA
ID_3387018530825694;13;cross-cutting features;reverse engineering (rej);0.469;0;sem match válido;Qwen3-1.7B-QLoRA
ID_3387018530825694;14;evolving and composing frameworks;structured programming (rej);0.635;0;sem match válido;Qwen3-1.7B-QLoRA
ID_3387018530825694;15;failure detection;verification (rej);0.442;0;sem match válido;Qwen3-1.7B-QLoRA
ID_3387018530825694;16;maintenance study;requisitos para ambientes (rej);0.463;0;sem match válido;Qwen3-1.7B-QLoRA
ID_3387018530825694;17;performance measurement;quantitative study (rej);0.464;0;sem match válido;Qwen3-1.7B-QLoRA
ID_3387018530825694;18;reliability;verification (rej);0.593;0;sem match válido;Qwen3-1.7B-QLoRA
ID_3387018530825694;19;testing crosscutting features;tool integration (rej);0.466;0;sem match válido;Qwen3-1.7B-QLoRA
ID_3387018530825694;20;;;;;;Qwen3-1.7B-QLoRA
ID_3413049864861519;1;exact methods;exact approach;0.781;2;match válido;Qwen3-1.7B-QLoRA
ID_3413049864861519;2;integer programming;integer programming formulations;0.955;3;match válido;Qwen3-1.7B-QLoRA
ID_3413049864861519;3;metaheuristics;acyclic orientations (rej);0.483;0;sem match válido;Qwen3-1.7B-QLoRA
ID_3413049864861519;4;parallel distributed genetic algorithm;sequence-dependent batch setup (rej);0.501;0;sem match válido;Qwen3-1.7B-QLoRA
ID_3413049864861519;5;parallel evolutionary algorithms;combinatorial optimization problems (rej);0.560;0;sem match válido;Qwen3-1.7B-QLoRA
ID_3413049864861519;6;parallel genetic algorithm;robust combinatorial optimization (rej);0.512;0;sem match válido;Qwen3-1.7B-QLoRA
ID_3413049864861519;7;polyhedron;uncertainty polytope (rej);0.556;0;sem match válido;Qwen3-1.7B-QLoRA
ID_3413049864861519;8;robust vehicle routing;robust vehicle routing;1.000;3;match válido;Qwen3-1.7B-QLoRA
ID_3413049864861519;9;robustness;robust optimization (rej);0.627;0;sem match válido;Qwen3-1.7B-QLoRA
ID_3413049864861519;10;sequence-dependent batch setup;sequence-dependent batch setup;1.000;2;match válido;Qwen3-1.7B-QLoRA
ID_3413049864861519;11;sequential search;sequence-dependent batch setup (rej);0.438;0;sem match válido;Qwen3-1.7B-QLoRA
ID_3413049864861519;12;structural balance;maximum balanced subgraph (rej);0.520;0;sem match válido;Qwen3-1.7B-QLoRA
ID_3413049864861519;13;uncertainty polytope;uncertainty polytope;1.000;2;match válido;Qwen3-1.7B-QLoRA
ID_3413049864861519;14;vehicle routing problem;vehicle routing problem;1.000;3;match válido;Qwen3-1.7B-QLoRA
ID_3413049864861519;15;branch-and-cut;cutting plane technique (rej);0.527;0;sem match válido;Qwen3-1.7B-QLoRA
ID_3413049864861519;16;combinatorial optimization;combinatorial optimization problems;0.967;3;match válido;Qwen3-1.7B-QLoRA
ID_3413049864861519;17;cutting planes;cutting plane technique;0.898;2;match válido;Qwen3-1.7B-QLoRA
ID_3413049864861519;18;design;cutting plane technique (rej);0.402;0;sem match válido;Qwen3-1.7B-QLoRA
ID_3413049864861519;19;dual integer programming;integer programming formulations (rej);0.845;0;sem match válido;Qwen3-1.7B-QLoRA
ID_3413049864861519;20;embedded network submatrix;embedded network;0.807;3;match válido;Qwen3-1.7B-QLoRA
ID_3496070172209437;1;bradyrhizobium elkanii;bradyrhizobium elkanii;1.000;3;match válido;Qwen3-1.7B-QLoRA
ID_3496070172209437;2;bradyrhizobium japonicum;species bradyrhizobium japonicum;0.959;3;match válido;Qwen3-1.7B-QLoRA
ID_3496070172209437;3;genetic diversity;genetic diversity;1.000;3;match válido;Qwen3-1.7B-QLoRA
ID_3496070172209437;4;genetic diversity analysis;genetic diversity (rej);0.962;0;sem match válido;Qwen3-1.7B-QLoRA
ID_3496070172209437;5;growth promoting traits;plant growth promoting (rej);0.683;0;sem match válido;Qwen3-1.7B-QLoRA
ID_3496070172209437;6;indolic compounds;indolic compounds;1.000;3;match válido;Qwen3-1.7B-QLoRA
ID_3496070172209437;7;nitrogen fixation;nitrogen fixation;1.000;3;match válido;Qwen3-1.7B-QLoRA
ID_3496070172209437;8;plant growth-promoting bacteria;plant growth-promoting bacteria;1.000;3;match válido;Qwen3-1.7B-QLoRA
ID_3496070172209437;9;plant growth-promoting rhizobacteria;plant growth-promoting rhizobacteria;1.000;3;match válido;Qwen3-1.7B-QLoRA
ID_3496070172209437;10;plant growth-promoting rhizobacteria communities;plant growth promoting rhizobacteria;0.969;3;match válido;Qwen3-1.7B-QLoRA
ID_3496070172209437;11;rhopalosporum rickettsii;plant growth promoting rhizobacteria (rej);0.643;0;sem match válido;Qwen3-1.7B-QLoRA
ID_3496070172209437;12;rhizobia;strains of rhizobacteria;0.782;1;match válido;Qwen3-1.7B-QLoRA
ID_3496070172209437;13;rhizobia populations;strains of rhizobacteria (rej);0.738;0;sem match válido;Qwen3-1.7B-QLoRA
ID_3496070172209437;14;soil enrichment;soil management systems (rej);0.718;0;sem match válido;Qwen3-1.7B-QLoRA
ID_3496070172209437;15;soil enrichment methods;soil management systems (rej);0.733;0;sem match válido;Qwen3-1.7B-QLoRA
ID_3496070172209437;16;soil microbiology;plant growth-promoting bacteria (rej);0.620;0;sem match válido;Qwen3-1.7B-QLoRA
ID_3496070172209437;17;soil quality;soil management systems (rej);0.705;0;sem match válido;Qwen3-1.7B-QLoRA
ID_3496070172209437;18;soil properties;soil management systems (rej);0.704;0;sem match válido;Qwen3-1.7B-QLoRA
ID_3496070172209437;19;soybean;soybean bradyrhizobia populations (rej);0.785;0;sem match válido;Qwen3-1.7B-QLoRA
ID_3496070172209437;20;soybean bradyrhizobia populations;soybean bradyrhizobia populations;1.000;2;match válido;Qwen3-1.7B-QLoRA
ID_3524890504250775;1;coherence length;optical coherence (rej);0.748;0;sem match válido;Qwen3-1.7B-QLoRA
ID_3524890504250775;2;coherent laser beams;low intensity lasers (rej);0.786;0;sem match válido;Qwen3-1.7B-QLoRA
ID_3524890504250775;3;coherent optical beams;optical coherence (rej);0.793;0;sem match válido;Qwen3-1.7B-QLoRA
ID_3524890504250775;4;dental enamel;dental enamel;1.000;1;match válido;Qwen3-1.7B-QLoRA
ID_3524890504250775;5;enamel;enamel;1.000;1;match válido;Qwen3-1.7B-QLoRA
ID_3524890504250775;6;fluoride dentifrices;fluoride (rej);0.820;0;sem match válido;Qwen3-1.7B-QLoRA
ID_3524890504250775;7;high-power cw laser;diode laser (rej);0.814;0;sem match válido;Qwen3-1.7B-QLoRA
ID_3524890504250775;8;low-intensity polarized visible laser;low intensity lasers (rej);0.844;0;sem match válido;Qwen3-1.7B-QLoRA
ID_3524890504250775;9;low-power cw laser;low intensity lasers (rej);0.845;0;sem match válido;Qwen3-1.7B-QLoRA
ID_3524890504250775;10;laser;diode laser;0.897;1;match válido;Qwen3-1.7B-QLoRA
ID_3524890504250775;11;laser radiation;irradiado com laser;0.915;2;match válido;Qwen3-1.7B-QLoRA
ID_3524890504250775;12;linear polarization;optical coherence (rej);0.455;0;sem match válido;Qwen3-1.7B-QLoRA
ID_3524890504250775;13;mechanism of fluoridation;fluoride;0.864;1;match válido;Qwen3-1.7B-QLoRA
ID_3524890504250775;14;near-infrared laser;low intensity lasers;0.882;2;match válido;Qwen3-1.7B-QLoRA
ID_3524890504250775;15;ne-polarized laser;low intensity lasers (rej);0.745;0;sem match válido;Qwen3-1.7B-QLoRA
ID_3524890504250775;16;optical coherence tomography;optical coherence;0.843;2;match válido;Qwen3-1.7B-QLoRA
ID_3524890504250775;17;optical coherence tomography signal;optical coherence (rej);0.796;0;sem match válido;Qwen3-1.7B-QLoRA
ID_3524890504250775;18;photothermal interaction;thermal analysis (rej);0.574;0;sem match válido;Qwen3-1.7B-QLoRA
ID_3524890504250775;19;power density;thermal variation (rej);0.368;0;sem match válido;Qwen3-1.7B-QLoRA
ID_3524890504250775;20;red laser radiation;laser irradiation;0.868;2;match válido;Qwen3-1.7B-QLoRA
ID_3532765293459410;1;apparent digestibility;digestibilidade aparente;0.970;2;match válido;Qwen3-1.7B-QLoRA
ID_3532765293459410;2;digestible fractions;total digestibilities (rej);0.722;0;sem match válido;Qwen3-1.7B-QLoRA
ID_3532765293459410;3;digested fraction;total digestibilities;0.760;2;match válido;Qwen3-1.7B-QLoRA
ID_3532765293459410;4;neutral detergent fiber;neutral detergent fiber;1.000;2;match válido;Qwen3-1.7B-QLoRA
ID_3532765293459410;5;neutral detergent fiber content;neutral detergent fiber (rej);0.964;0;sem match válido;Qwen3-1.7B-QLoRA
ID_3532765293459410;6;neutral detergent fiber content estimate;neutral detergent fiber (rej);0.896;0;sem match válido;Qwen3-1.7B-QLoRA
ID_3532765293459410;7;nutritional requirements;total digestible nutrients (rej);0.745;0;sem match válido;Qwen3-1.7B-QLoRA
ID_3532765293459410;8;nutritional requirements of protein;protein;0.837;3;match válido;Qwen3-1.7B-QLoRA
ID_3532765293459410;9;proteína bruta;proteína bruta;1.000;2;match válido;Qwen3-1.7B-QLoRA
ID_3532765293459410;10;rumen;ruminal ammonia (rej);0.655;0;sem match válido;Qwen3-1.7B-QLoRA
ID_3532765293459410;11;rumen degradation;ruminal ammonia (rej);0.621;0;sem match válido;Qwen3-1.7B-QLoRA
ID_3532765293459410;12;rumen degradation rate;ruminal ammonia (rej);0.564;0;sem match válido;Qwen3-1.7B-QLoRA
ID_3532765293459410;13;surface law;materia seca (rej);0.468;0;sem match válido;Qwen3-1.7B-QLoRA
ID_3532765293459410;14;surface law approach;roughage (rej);0.452;0;sem match válido;Qwen3-1.7B-QLoRA
ID_3532765293459410;15;surface law approach applied;roughage (rej);0.430;0;sem match válido;Qwen3-1.7B-QLoRA
ID_3532765293459410;16;total digestible nutrients;total digestible nutrients;1.000;3;match válido;Qwen3-1.7B-QLoRA
ID_3532765293459410;17;true digestibility coefficient;digestibility;0.902;3;match válido;Qwen3-1.7B-QLoRA
ID_3532765293459410;18;urea;urea;1.000;2;match válido;Qwen3-1.7B-QLoRA
ID_3532765293459410;19;vaccination;suplementos múltiplos (rej);0.261;0;sem match válido;Qwen3-1.7B-QLoRA
ID_3532765293459410;20;vacuum distillation;matéria seca (rej);0.460;0;sem match válido;Qwen3-1.7B-QLoRA
ID_3563923906851611;1;algebraic laws;algebraic laws;1.000;2;match válido;Qwen3-1.7B-QLoRA
ID_3563923906851611;2;abstract equivalence;abstract equivalence notion;0.983;1;match válido;Qwen3-1.7B-QLoRA
ID_3563923906851611;3;alloy;semantics for alloy;0.808;1;match válido;Qwen3-1.7B-QLoRA
ID_3563923906851611;4;object oriented programming;object-oriented programming laws;0.864;2;match válido;Qwen3-1.7B-QLoRA
ID_3563923906851611;5;program refactoring;program refactoring;1.000;3;match válido;Qwen3-1.7B-QLoRA
ID_3563923906851611;6;refactoring;refactoring;1.000;3;match válido;Qwen3-1.7B-QLoRA
ID_3563923906851611;7;semantics;static semantics (rej);0.656;0;sem match válido;Qwen3-1.7B-QLoRA
ID_3563923906851611;8;static analysis;static semantics;0.792;2;match válido;Qwen3-1.7B-QLoRA
ID_3563923906851611;9;theoretical computer science;software engineering (rej);0.503;0;sem match válido;Qwen3-1.7B-QLoRA
ID_3563923906851611;10;theorem prover;theorem proving (rej);0.942;0;sem match válido;Qwen3-1.7B-QLoRA
ID_3563923906851611;11;theorem proving;theorem proving;1.000;2;match válido;Qwen3-1.7B-QLoRA
ID_3563923906851611;12;type system;type system;1.000;1;match válido;Qwen3-1.7B-QLoRA
ID_3563923906851611;13;model driven development;model-driven refactoring (rej);0.704;0;sem match válido;Qwen3-1.7B-QLoRA
ID_3563923906851611;14;software repositories;software engineering (rej);0.644;0;sem match válido;Qwen3-1.7B-QLoRA
ID_3563923906851611;15;structural models;structural object models;0.903;2;match válido;Qwen3-1.7B-QLoRA
ID_3563923906851611;16;transformations and refinements;refactoring transformation;0.848;3;match válido;Qwen3-1.7B-QLoRA
ID_3563923906851611;17;verification;automated testing (rej);0.576;0;sem match válido;Qwen3-1.7B-QLoRA
ID_3563923906851611;18;algorithms;software engineering (rej);0.478;0;sem match válido;Qwen3-1.7B-QLoRA
ID_3563923906851611;19;comparative studies;test suites (rej);0.439;0;sem match válido;Qwen3-1.7B-QLoRA
ID_3563923906851611;20;feature model;object model (rej);0.610;0;sem match válido;Qwen3-1.7B-QLoRA
ID_3569531507114017;1;atomic force;impact ionization (rej);0.473;0;sem match válido;Qwen3-1.7B-QLoRA
ID_3569531507114017;2;atomic force microscope;performed magneto-photoluminescence experiments (rej);0.553;0;sem match válido;Qwen3-1.7B-QLoRA
ID_3569531507114017;3;gaas samples;sxs measurements (rej);0.474;0;sem match válido;Qwen3-1.7B-QLoRA
ID_3569531507114017;4;molecular beam epitaxy;synchrotron radiation (rej);0.422;0;sem match válido;Qwen3-1.7B-QLoRA
ID_3569531507114017;5;molecular beam epitaxy gaas;synchrotron radiation (rej);0.441;0;sem match válido;Qwen3-1.7B-QLoRA
ID_3569531507114017;6;molecular beam epitaxy gaas samples;gallium arsenide (rej);0.443;0;sem match válido;Qwen3-1.7B-QLoRA
ID_3569531507114017;7;optics and optics devices;optical properties;0.816;3;match válido;Qwen3-1.7B-QLoRA
ID_3569531507114017;8;photocurrents;optical properties (rej);0.568;0;sem match válido;Qwen3-1.7B-QLoRA
ID_3569531507114017;9;solid-phase epitaxy;semi-insulating gaas (rej);0.501;0;sem match válido;Qwen3-1.7B-QLoRA
ID_3569531507114017;10;thin films;optical properties (rej);0.413;0;sem match válido;Qwen3-1.7B-QLoRA
ID_3569531507114017;11;transmission electron microscopy;performed magneto-photoluminescence experiments (rej);0.518;0;sem match válido;Qwen3-1.7B-QLoRA
ID_3569531507114017;12;variable range hopping;variable range hopping;1.000;3;match válido;Qwen3-1.7B-QLoRA
ID_3569531507114017;13;x-ray diffraction;optical properties (rej);0.554;0;sem match válido;Qwen3-1.7B-QLoRA
ID_3569531507114017;14;x-ray diffraction studies;optical properties (rej);0.534;0;sem match válido;Qwen3-1.7B-QLoRA
ID_3569531507114017;15;x-ray powder diffraction;optical properties (rej);0.508;0;sem match válido;Qwen3-1.7B-QLoRA
ID_3569531507114017;16;x-ray scattering;synchrotron radiation (rej);0.549;0;sem match válido;Qwen3-1.7B-QLoRA
ID_3569531507114017;17;electronic structure;self-assembly (rej);0.474;0;sem match válido;Qwen3-1.7B-QLoRA
ID_3569531507114017;18;infrared laser diodes;optical properties (rej);0.505;0;sem match válido;Qwen3-1.7B-QLoRA
ID_3569531507114017;19;low-temperature molecular beam;λ-microcavity, rabi splitting, temperature tuning (rej);0.540;0;sem match válido;Qwen3-1.7B-QLoRA
ID_3569531507114017;20;metallic glasses;optical properties (rej);0.518;0;sem match válido;Qwen3-1.7B-QLoRA
ID_3590884268165249;1;adsorption;adsorption;1.000;3;match válido;Qwen3-1.7B-QLoRA
ID_3590884268165249;2;arsenic;arsenic;1.000;3;match válido;Qwen3-1.7B-QLoRA
ID_3590884268165249;3;bioactive glass;biosorption (rej);0.640;0;sem match válido;Qwen3-1.7B-QLoRA
ID_3590884268165249;4;heavy metals;heavy metal ions;0.855;2;match válido;Qwen3-1.7B-QLoRA
ID_3590884268165249;5;inductive coupled plasma;inductively coupled plasma;0.992;1;match válido;Qwen3-1.7B-QLoRA
ID_3590884268165249;6;inductive coupled plasma mass spectrometry;inductively coupled plasma (rej);0.719;0;sem match válido;Qwen3-1.7B-QLoRA
ID_3590884268165249;7;microwave assisted digestion;biosorption (rej);0.375;0;sem match válido;Qwen3-1.7B-QLoRA
ID_3590884268165249;8;mineral surface functionalization;complex mining residues (rej);0.683;0;sem match válido;Qwen3-1.7B-QLoRA
ID_3590884268165249;9;surface functionalization;surface modification (rej);0.777;0;sem match válido;Qwen3-1.7B-QLoRA
ID_3590884268165249;10;synthetic clay;powders: chemical preparation (rej);0.546;0;sem match válido;Qwen3-1.7B-QLoRA
ID_3590884268165249;11;surface modification;surface modification;1.000;2;match válido;Qwen3-1.7B-QLoRA
ID_3590884268165249;12;thiol functionalization;functionalization (rej);0.612;0;sem match válido;Qwen3-1.7B-QLoRA
ID_3590884268165249;13;thiol groups;synthesis (rej);0.408;0;sem match válido;Qwen3-1.7B-QLoRA
ID_3590884268165249;14;thin layer chromatography;raman spectroscopy (rej);0.413;0;sem match válido;Qwen3-1.7B-QLoRA
ID_3590884268165249;15;titanium oxide;metalurgia extrativa (rej);0.591;0;sem match válido;Qwen3-1.7B-QLoRA
ID_3590884268165249;16;waste biomass;biosorption (rej);0.478;0;sem match válido;Qwen3-1.7B-QLoRA
ID_3590884268165249;17;xanè xray absorption near-edge;synchrotron small angle x-ray diffraction (rej);0.576;0;sem match válido;Qwen3-1.7B-QLoRA
ID_3590884268165249;18;xanès x-ray absorption near-edge;synchrotron small angle x-ray diffraction (rej);0.629;0;sem match válido;Qwen3-1.7B-QLoRA
ID_3590884268165249;19;xanès x-ray absorption spectroscopy;synchrotron small angle x-ray diffraction (rej);0.612;0;sem match válido;Qwen3-1.7B-QLoRA
ID_3590884268165249;20;xanés x-ray absorption;synchrotron small angle x-ray diffraction (rej);0.574;0;sem match válido;Qwen3-1.7B-QLoRA
ID_3594651355252245;1;density functional theory;density functional theory;1.000;3;match válido;Qwen3-1.7B-QLoRA
ID_3594651355252245;2;electron–phonon coupling;molecular beam epitaxy (rej);0.480;0;sem match válido;Qwen3-1.7B-QLoRA
ID_3594651355252245;3;optical absorption;optical absorption;1.000;2;match válido;Qwen3-1.7B-QLoRA
ID_3594651355252245;4;photonic crystals;photonic crystals;1.000;3;match válido;Qwen3-1.7B-QLoRA
ID_3594651355252245;5;quantum biochemistry;dna molecule (rej);0.579;0;sem match válido;Qwen3-1.7B-QLoRA
ID_3594651355252245;6;quasi-periodic photonic;quasiperiodic photonic crystals (rej);0.838;0;sem match válido;Qwen3-1.7B-QLoRA
ID_3594651355252245;7;quasi-periodic photonic crystals;quasiperiodic photonic crystals;0.970;2;match válido;Qwen3-1.7B-QLoRA
ID_3594651355252245;8;quasiperiodic magnetic multilayers;magnetic polaritons (rej);0.699;0;sem match válido;Qwen3-1.7B-QLoRA
ID_3594651355252245;9;semiconductor lasers;photonic crystals (rej);0.550;0;sem match válido;Qwen3-1.7B-QLoRA
ID_3594651355252245;10;structural and electronic;electronic transport (rej);0.515;0;sem match válido;Qwen3-1.7B-QLoRA
ID_3594651355252245;11;structural and optical;optical properties;0.820;1;match válido;Qwen3-1.7B-QLoRA
ID_3594651355252245;12;thermal properties;specific heat;0.785;3;match válido;Qwen3-1.7B-QLoRA
ID_3594651355252245;13;titanium dioxide;condensed matter: structural, mechanical & thermal  (rej);0.404;0;sem match válido;Qwen3-1.7B-QLoRA
ID_3594651355252245;14;transdermal and oral;quasi-crystals (rej);0.339;0;sem match válido;Qwen3-1.7B-QLoRA
ID_3594651355252245;15;transfer matrix;transfer-matrix;0.971;2;match válido;Qwen3-1.7B-QLoRA
ID_3594651355252245;16;vibrational and thermodynamic;thermodynamical properties;0.810;3;match válido;Qwen3-1.7B-QLoRA
ID_3594651355252245;17;vibrational spectroscopy;spin wave spectra (rej);0.556;0;sem match válido;Qwen3-1.7B-QLoRA
ID_3594651355252245;18;wigner crystal;photonic crystals (rej);0.684;0;sem match válido;Qwen3-1.7B-QLoRA
ID_3594651355252245;19;zeroth order term;quasiperiodic structures (rej);0.418;0;sem match válido;Qwen3-1.7B-QLoRA
ID_3594651355252245;20;ab-initio;ising model (rej);0.417;0;sem match válido;Qwen3-1.7B-QLoRA
ID_3621433615334969;1;computer science;computer systems;0.752;2;match válido;Qwen3-1.7B-QLoRA
ID_3621433615334969;2;deterministic models;utility-based modeling (rej);0.548;0;sem match válido;Qwen3-1.7B-QLoRA
ID_3621433615334969;3;evolutionary game theory;evolutionary game-theoretic approach;0.983;1;match válido;Qwen3-1.7B-QLoRA
ID_3621433615334969;4;gradient clock synchronization;time-aware ranking (rej);0.462;0;sem match válido;Qwen3-1.7B-QLoRA
ID_3621433615334969;5;intelligent transport systems;traffic management (rej);0.507;0;sem match válido;Qwen3-1.7B-QLoRA
ID_3621433615334969;6;optimal multi-tree dissemination;network models (rej);0.386;0;sem match válido;Qwen3-1.7B-QLoRA
ID_3621433615334969;7;peer-to-peer networking;peer-to-peer sharing systems (rej);0.848;0;sem match válido;Qwen3-1.7B-QLoRA
ID_3621433615334969;8;peer-to-peer systems;peer-to-peer sharing systems;0.929;2;match válido;Qwen3-1.7B-QLoRA
ID_3621433615334969;9;random walks;game theory (rej);0.268;0;sem match válido;Qwen3-1.7B-QLoRA
ID_3621433615334969;10;self-similar traffic;network traffic characterization (rej);0.688;0;sem match válido;Qwen3-1.7B-QLoRA
ID_3621433615334969;11;social networks;collaboration networks (rej);0.713;0;sem match válido;Qwen3-1.7B-QLoRA
ID_3621433615334969;12;traffic characteristics;traffic analysis;0.900;1;match válido;Qwen3-1.7B-QLoRA
ID_3621433615334969;13;transportation engineering;traffic management (rej);0.520;0;sem match válido;Qwen3-1.7B-QLoRA
ID_3621433615334969;14;video streaming;peer-to-peer file-sharing (rej);0.395;0;sem match válido;Qwen3-1.7B-QLoRA
ID_3621433615334969;15;voice communication;voip (rej);0.411;0;sem match válido;Qwen3-1.7B-QLoRA
ID_3621433615334969;16;voice packet loss;packet simulation (rej);0.501;0;sem match válido;Qwen3-1.7B-QLoRA
ID_3621433615334969;17;wired/wireless communication networks;network structure (rej);0.642;0;sem match válido;Qwen3-1.7B-QLoRA
ID_3621433615334969;18;bit torrent;peer-to-peer file-sharing (rej);0.492;0;sem match válido;Qwen3-1.7B-QLoRA
ID_3621433615334969;19;congestion control;traffic management (rej);0.745;0;sem match válido;Qwen3-1.7B-QLoRA
ID_3621433615334969;20;continuous time random walk;time-aware ranking (rej);0.402;0;sem match válido;Qwen3-1.7B-QLoRA
ID_3663976246405654;1;bioavailability;soil biosolid amendment (rej);0.508;0;sem match válido;Qwen3-1.7B-QLoRA
ID_3663976246405654;2;heavy metals;heavy metals;1.000;2;match válido;Qwen3-1.7B-QLoRA
ID_3663976246405654;3;metal distribution;trace metal distribution;0.848;1;match válido;Qwen3-1.7B-QLoRA
ID_3663976246405654;4;organic amendment;soil biosolid amendment (rej);0.635;0;sem match válido;Qwen3-1.7B-QLoRA
ID_3663976246405654;5;potential mobility;potential mobility;1.000;2;match válido;Qwen3-1.7B-QLoRA
ID_3663976246405654;6;potencial mobilidade;potential mobility (rej);0.984;0;sem match válido;Qwen3-1.7B-QLoRA
ID_3663976246405654;7;sequential extraction protocol;geochemical partitioning (rej);0.278;0;sem match válido;Qwen3-1.7B-QLoRA
ID_3663976246405654;8;sediment and suspended;speciation in sediments (rej);0.657;0;sem match válido;Qwen3-1.7B-QLoRA
ID_3663976246405654;9;sediments of a tropical;speciation in sediments (rej);0.745;0;sem match válido;Qwen3-1.7B-QLoRA
ID_3663976246405654;10;suspended matter;lead (rej);0.281;0;sem match válido;Qwen3-1.7B-QLoRA
ID_3663976246405654;11;tropical coastal environment;tropical climate (rej);0.782;0;sem match válido;Qwen3-1.7B-QLoRA
ID_3663976246405654;12;tropical soils;soil;0.758;2;match válido;Qwen3-1.7B-QLoRA
ID_3663976246405654;13;transfer and mobility;potential mobility (rej);0.803;0;sem match válido;Qwen3-1.7B-QLoRA
ID_3663976246405654;14;transfer and mobility of 137cs;potential mobility (rej);0.526;0;sem match válido;Qwen3-1.7B-QLoRA
ID_3663976246405654;15;transfer factor values;soil-to-plant transfer factor (rej);0.523;0;sem match válido;Qwen3-1.7B-QLoRA
ID_3663976246405654;16;tropical soil;tropical climate;0.794;1;match válido;Qwen3-1.7B-QLoRA
ID_3663976246405654;17;trópicios de metal;heavy metals (rej);0.719;0;sem match válido;Qwen3-1.7B-QLoRA
ID_3663976246405654;18;transfer factor values by almost;soil-to-plant transfer factor (rej);0.461;0;sem match válido;Qwen3-1.7B-QLoRA
ID_3663976246405654;19;transfer process;soil-to-plant transfer (rej);0.488;0;sem match válido;Qwen3-1.7B-QLoRA
ID_3663976246405654;20;water quality;rio (rej);0.517;0;sem match válido;Qwen3-1.7B-QLoRA
ID_3664073315037262;1;caravelas estuary;estuarine circulation (rej);0.576;0;sem match válido;Qwen3-1.7B-QLoRA
ID_3664073315037262;2;hydrodynamics;estuarine hydrodynamics;0.790;3;match válido;Qwen3-1.7B-QLoRA
ID_3664073315037262;3;morphodynamic studies;estuarine hydrodynamics (rej);0.467;0;sem match válido;Qwen3-1.7B-QLoRA
ID_3664073315037262;4;sediment transport;transporte de sedimentos (rej);0.962;0;sem match válido;Qwen3-1.7B-QLoRA
ID_3664073315037262;5;transporte de sedimentos;transporte de sedimentos;1.000;3;match válido;Qwen3-1.7B-QLoRA
ID_3664073315037262;6;transporte de sedimentos em suspensão;suspended sediment transport;0.915;3;match válido;Qwen3-1.7B-QLoRA
ID_3664073315037262;7;tidal circulation;tidal currents (rej);0.816;0;sem match válido;Qwen3-1.7B-QLoRA
ID_3664073315037262;8;tidal forcing;tidal currents;0.818;2;match válido;Qwen3-1.7B-QLoRA
ID_3664073315037262;9;tidal regime;tidal regime;1.000;3;match válido;Qwen3-1.7B-QLoRA
ID_3664073315037262;10;tide;meteorological tides (rej);0.754;0;sem match válido;Qwen3-1.7B-QLoRA
ID_3664073315037262;11;tidal ranges;tidal range (rej);0.990;0;sem match válido;Qwen3-1.7B-QLoRA
ID_3664073315037262;12;tidal ranges and seasonal;tidal range (rej);0.861;0;sem match válido;Qwen3-1.7B-QLoRA
ID_3664073315037262;13;tidal regimes;tidal regime (rej);0.970;0;sem match válido;Qwen3-1.7B-QLoRA
ID_3664073315037262;14;tidal rhythms;tidal currents (rej);0.767;0;sem match válido;Qwen3-1.7B-QLoRA
ID_3664073315037262;15;tidal regimes and sea-level;tidal range (rej);0.855;0;sem match válido;Qwen3-1.7B-QLoRA
ID_3664073315037262;16;tidal regimes and sea-level rise;tidal range (rej);0.784;0;sem match válido;Qwen3-1.7B-QLoRA
ID_3664073315037262;17;tidal range;tidal range;1.000;1;match válido;Qwen3-1.7B-QLoRA
ID_3664073315037262;18;tidal range and sea-level;tidal range (rej);0.935;0;sem match válido;Qwen3-1.7B-QLoRA
ID_3664073315037262;19;tidal rhythms and sea-level;meteorological tides;0.770;2;match válido;Qwen3-1.7B-QLoRA
ID_3664073315037262;20;tidal rhythms and sea-level rise;tidal range (rej);0.763;0;sem match válido;Qwen3-1.7B-QLoRA
ID_3714905065293466;1;celestial mechanics;stellar rotation (rej);0.717;0;sem match válido;Qwen3-1.7B-QLoRA
ID_3714905065293466;2;coronal emitting line profile;spectral regions (rej);0.381;0;sem match válido;Qwen3-1.7B-QLoRA
ID_3714905065293466;3;evolutionary models;stars: evolution (rej);0.566;0;sem match válido;Qwen3-1.7B-QLoRA
ID_3714905065293466;4;generalized distribution;generalized distribution;1.000;2;match válido;Qwen3-1.7B-QLoRA
ID_3714905065293466;5;magnetic fields;stellar rotation (rej);0.409;0;sem match válido;Qwen3-1.7B-QLoRA
ID_3714905065293466;6;nonextensive statistics;generalized distribution (rej);0.464;0;sem match válido;Qwen3-1.7B-QLoRA
ID_3714905065293466;7;nonextensive statistics and distributions;generalized distribution (rej);0.714;0;sem match válido;Qwen3-1.7B-QLoRA
ID_3714905065293466;8;rotation;moderately high rotation;0.854;2;match válido;Qwen3-1.7B-QLoRA
ID_3714905065293466;9;stellar rotation;stellar rotation;1.000;3;match válido;Qwen3-1.7B-QLoRA
ID_3714905065293466;10;statistical physics and nonlinear systems;theoretical distribution function (rej);0.502;0;sem match válido;Qwen3-1.7B-QLoRA
ID_3714905065293466;11;time-dependent nonextensivity;true rotational (rej);0.413;0;sem match válido;Qwen3-1.7B-QLoRA
ID_3714905065293466;12;time-dependent nonextensivity arising;true rotational (rej);0.412;0;sem match válido;Qwen3-1.7B-QLoRA
ID_3714905065293466;13;unified description;tsallis formalism (rej);0.370;0;sem match válido;Qwen3-1.7B-QLoRA
ID_3714905065293466;14;binary systems;binary systems;1.000;3;match válido;Qwen3-1.7B-QLoRA
ID_3714905065293466;15;distribution of rotation;rotational data;0.787;2;match válido;Qwen3-1.7B-QLoRA
ID_3714905065293466;16;distributions of the rotation;rotational data (rej);0.771;0;sem match válido;Qwen3-1.7B-QLoRA
ID_3714905065293466;17;entropic index;entropic index;1.000;3;match válido;Qwen3-1.7B-QLoRA
ID_3714905065293466;18;evolution;stars: evolution (rej);0.687;0;sem match válido;Qwen3-1.7B-QLoRA
ID_3714905065293466;19;evolutionary processes;rotational evolution (rej);0.628;0;sem match válido;Qwen3-1.7B-QLoRA
ID_3714905065293466;20;evolved stars;stars: evolution;0.930;2;match válido;Qwen3-1.7B-QLoRA
ID_3718352314610417;1;animal strongyloidiasis;strongyloides venezuelensis (rej);0.675;0;sem match válido;Qwen3-1.7B-QLoRA
ID_3718352314610417;2;behavioral changes;condições (rej);0.376;0;sem match válido;Qwen3-1.7B-QLoRA
ID_3718352314610417;3;concomitant infections;experimental infection (rej);0.785;0;sem match válido;Qwen3-1.7B-QLoRA
ID_3718352314610417;4;experimental infections;experimental infection;0.990;3;match válido;Qwen3-1.7B-QLoRA
ID_3718352314610417;5;human strongyloidiasis;visceral leishmaniasis (rej);0.578;0;sem match válido;Qwen3-1.7B-QLoRA
ID_3718352314610417;6;migration routes;zona urbana (rej);0.415;0;sem match válido;Qwen3-1.7B-QLoRA
ID_3718352314610417;7;parasitological diagnosis;human parasitism (rej);0.622;0;sem match válido;Qwen3-1.7B-QLoRA
ID_3718352314610417;8;schistosoma mansoni;schistosoma mansoni;1.000;3;match válido;Qwen3-1.7B-QLoRA
ID_3718352314610417;9;schistosoma mansoni infection;infectados por schistosoma;0.881;3;match válido;Qwen3-1.7B-QLoRA
ID_3718352314610417;10;strongyloidiasis;strongyloides venezuelensis (rej);0.662;0;sem match válido;Qwen3-1.7B-QLoRA
ID_3718352314610417;11;strongyloides venezuelensis;strongyloides venezuelensis;1.000;3;match válido;Qwen3-1.7B-QLoRA
ID_3718352314610417;12;strongyloides stercoralis;strongyloides venezuelensis (rej);0.759;0;sem match válido;Qwen3-1.7B-QLoRA
ID_3718352314610417;13;toxocara canis;toxocara canis;1.000;3;match válido;Qwen3-1.7B-QLoRA
ID_3718352314610417;14;toxocara cati;toxocara cati;1.000;3;match válido;Qwen3-1.7B-QLoRA
ID_3718352314610417;15;transmission route;zona urbana (rej);0.356;0;sem match válido;Qwen3-1.7B-QLoRA
ID_3718352314610417;16;toxocara cati in tissues;toxocara canis (rej);0.754;0;sem match válido;Qwen3-1.7B-QLoRA
ID_3718352314610417;17;toxoplasma gondii;toxoplasma gondii;1.000;3;match válido;Qwen3-1.7B-QLoRA
ID_3718352314610417;18;toxocara;toxocara;1.000;3;match válido;Qwen3-1.7B-QLoRA
ID_3718352314610417;19;trichuris trichiura;esquistossomose mansoni (rej);0.544;0;sem match válido;Qwen3-1.7B-QLoRA
ID_3718352314610417;20;trichuris trichiura in a;esquistossomose mansoni (rej);0.559;0;sem match válido;Qwen3-1.7B-QLoRA
ID_3746397954560718;1;advection;advective surface velocities (rej);0.572;0;sem match válido;Qwen3-1.7B-QLoRA
ID_3746397954560718;2;advective surface velocities;advective surface velocities;1.000;1;match válido;Qwen3-1.7B-QLoRA
ID_3746397954560718;3;advective velocities;surface advective velocities;0.877;2;match válido;Qwen3-1.7B-QLoRA
ID_3746397954560718;4;advective velocities estimation;advective surface velocities (rej);0.831;0;sem match válido;Qwen3-1.7B-QLoRA
ID_3746397954560718;5;advanced very high resolution radiometer;sequential infrared satellite (rej);0.472;0;sem match válido;Qwen3-1.7B-QLoRA
ID_3746397954560718;6;biophysical models;princeton ocean model (rej);0.440;0;sem match válido;Qwen3-1.7B-QLoRA
ID_3746397954560718;7;correntes superficiais;tidal currents (rej);0.566;0;sem match válido;Qwen3-1.7B-QLoRA
ID_3746397954560718;8;deep-water transport;princeton ocean model (rej);0.517;0;sem match válido;Qwen3-1.7B-QLoRA
ID_3746397954560718;9;dinâmica climática;seasonal circulation (rej);0.543;0;sem match válido;Qwen3-1.7B-QLoRA
ID_3746397954560718;10;inversion;inverse model (rej);0.678;0;sem match válido;Qwen3-1.7B-QLoRA
ID_3746397954560718;11;modeling;two-dimensional modelling (rej);0.705;0;sem match válido;Qwen3-1.7B-QLoRA
ID_3746397954560718;12;oceánografía física;princeton ocean model (rej);0.742;0;sem match válido;Qwen3-1.7B-QLoRA
ID_3746397954560718;13;princeton ocean model;princeton ocean model;1.000;1;match válido;Qwen3-1.7B-QLoRA
ID_3746397954560718;14;princeton ocean model pomo;princeton ocean model (rej);0.899;0;sem match válido;Qwen3-1.7B-QLoRA
ID_3746397954560718;15;seasonal circulation;seasonal circulation;1.000;1;match válido;Qwen3-1.7B-QLoRA
ID_3746397954560718;16;sea surface temperatures;sea level measurements (rej);0.725;0;sem match válido;Qwen3-1.7B-QLoRA
ID_3746397954560718;17;southwest atlantic;southwestern atlantic ocean;0.901;3;match válido;Qwen3-1.7B-QLoRA
ID_3746397954560718;18;surface currents;tidal currents (rej);0.666;0;sem match válido;Qwen3-1.7B-QLoRA
ID_3746397954560718;19;tide;tide;1.000;1;match válido;Qwen3-1.7B-QLoRA
ID_3746397954560718;20;two-dimensional ocean circulation model;princeton ocean model (rej);0.713;0;sem match válido;Qwen3-1.7B-QLoRA
ID_3752951275341381;1;data assimilation;data assimilation;1.000;3;match válido;Qwen3-1.7B-QLoRA
ID_3752951275341381;2;global data assimilation;assimilação de dados (rej);0.788;0;sem match válido;Qwen3-1.7B-QLoRA
ID_3752951275341381;3;global reanalyses;reanalysis (rej);0.723;0;sem match válido;Qwen3-1.7B-QLoRA
ID_3752951275341381;4;humidity field;umidade na região (rej);0.855;0;sem match válido;Qwen3-1.7B-QLoRA
ID_3752951275341381;5;integrated water vapor;integrated water;0.752;2;match válido;Qwen3-1.7B-QLoRA
ID_3752951275341381;6;meteorology and atmospheric physics;numerical weather (rej);0.689;0;sem match válido;Qwen3-1.7B-QLoRA
ID_3752951275341381;7;numerical weather prediction;weather prediction;0.946;3;match válido;Qwen3-1.7B-QLoRA
ID_3752951275341381;8;operational data assimilation;assimilação de dados;0.825;3;match válido;Qwen3-1.7B-QLoRA
ID_3752951275341381;9;psas;nwp (rej);0.292;0;sem match válido;Qwen3-1.7B-QLoRA
ID_3752951275341381;10;rainfall and precipitation;precipitation;0.937;2;match válido;Qwen3-1.7B-QLoRA
ID_3752951275341381;11;reanalyses;reanalysis;0.983;3;match válido;Qwen3-1.7B-QLoRA
ID_3752951275341381;12;solar energy;observation system (rej);0.304;0;sem match válido;Qwen3-1.7B-QLoRA
ID_3752951275341381;13;south america;south america;1.000;2;match válido;Qwen3-1.7B-QLoRA
ID_3752951275341381;14;surface solar radiation;observation system (rej);0.372;0;sem match válido;Qwen3-1.7B-QLoRA
ID_3752951275341381;15;temperature and humidity;umidade na região;0.895;2;match válido;Qwen3-1.7B-QLoRA
ID_3752951275341381;16;water vapor;integrated water (rej);0.608;0;sem match válido;Qwen3-1.7B-QLoRA
ID_3752951275341381;17;weather forecasting;weather forecasting;1.000;3;match válido;Qwen3-1.7B-QLoRA
ID_3752951275341381;18;wet bias;estação chuvosa (rej);0.516;0;sem match válido;Qwen3-1.7B-QLoRA
ID_3752951275341381;19;wind speed;numerical weather (rej);0.478;0;sem match válido;Qwen3-1.7B-QLoRA
ID_3752951275341381;20;análise climaológica;numerical weather models (rej);0.735;0;sem match válido;Qwen3-1.7B-QLoRA
ID_3753627053150603;1;atomic vapors;lithium niobate crystal (rej);0.448;0;sem match válido;Qwen3-1.7B-QLoRA
ID_3753627053150603;2;continuous-variable entanglement;tripartite continuous-variable entanglement;0.853;3;match válido;Qwen3-1.7B-QLoRA
ID_3753627053150603;3;correlations of laser;optics, quantum optics and lasers  (rej);0.684;0;sem match válido;Qwen3-1.7B-QLoRA
ID_3753627053150603;4;correlations of laser beams;optics, quantum optics and lasers  (rej);0.647;0;sem match válido;Qwen3-1.7B-QLoRA
ID_3753627053150603;5;diode lasers;optics, quantum optics and lasers  (rej);0.704;0;sem match válido;Qwen3-1.7B-QLoRA
ID_3753627053150603;6;electromagnetically induced absorption; electromagnetically induced transparency and absorption;0.872;3;match válido;Qwen3-1.7B-QLoRA
ID_3753627053150603;7;emergence of entanglement;entanglement;0.911;3;match válido;Qwen3-1.7B-QLoRA
ID_3753627053150603;8;optical parametric oscillator;optical parametric oscillator;1.000;3;match válido;Qwen3-1.7B-QLoRA
ID_3753627053150603;9;quantum communication;quantum state reconstruction (rej);0.693;0;sem match válido;Qwen3-1.7B-QLoRA
ID_3753627053150603;10;quantum communication protocol; quantum statistical methods (rej);0.619;0;sem match válido;Qwen3-1.7B-QLoRA
ID_3753627053150603;11;quantum information; quantum statistical methods (rej);0.737;0;sem match válido;Qwen3-1.7B-QLoRA
ID_3753627053150603;12;quantum information networks;quantum state reconstruction (rej);0.588;0;sem match válido;Qwen3-1.7B-QLoRA
ID_3753627053150603;13;quantum correlations;quantum correlations;1.000;3;match válido;Qwen3-1.7B-QLoRA
ID_3753627053150603;14;quantum optics;optics, quantum optics and lasers ;0.871;3;match válido;Qwen3-1.7B-QLoRA
ID_3753627053150603;15;quadratic entropy;quantum fluctuations (rej);0.510;0;sem match válido;Qwen3-1.7B-QLoRA
ID_3753627053150603;16;quadrature noise measurement;shot noise (rej);0.536;0;sem match válido;Qwen3-1.7B-QLoRA
ID_3753627053150603;17;resonance;resonances in rb;0.828;3;match válido;Qwen3-1.7B-QLoRA
ID_3753627053150603;18;spectral homodyne detection;homodyne detection;0.887;3;match válido;Qwen3-1.7B-QLoRA
ID_3753627053150603;19;statistical properties; quantum statistical methods (rej);0.624;0;sem match válido;Qwen3-1.7B-QLoRA
ID_3753627053150603;20;state reconstruction;quantum state reconstruction (rej);0.574;0;sem match válido;Qwen3-1.7B-QLoRA
ID_3837157956819433;1;obsessive-compulsive disorder;obsessive-compulsive disorder;1.000;3;match válido;Qwen3-1.7B-QLoRA
ID_3837157956819433;2;obsessive–compulsive spectrum;yale–brown obsessive–compulsive scale;0.750;2;match válido;Qwen3-1.7B-QLoRA
ID_3837157956819433;3;panic disorder;panic disorder;1.000;3;match válido;Qwen3-1.7B-QLoRA
ID_3837157956819433;4;psychiatric comorbidity;mental health (rej);0.772;0;sem match válido;Qwen3-1.7B-QLoRA
ID_3837157956819433;5;sociodemographic and clinical;sociodrama (rej);0.677;0;sem match válido;Qwen3-1.7B-QLoRA
ID_3837157956819433;6;symptoms of obsessive–compulsive;obsessive–compulsive disorder (rej);0.916;0;sem match válido;Qwen3-1.7B-QLoRA
ID_3837157956819433;7;trajetória clínica;clinical characteristics (rej);0.724;0;sem match válido;Qwen3-1.7B-QLoRA
ID_3837157956819433;8;trajetória clínica de pacientes;clinical characteristics (rej);0.693;0;sem match válido;Qwen3-1.7B-QLoRA
ID_3837157956819433;9;transtorno obsessivo–compulsivo;obsessive–compulsive disorder (rej);0.915;0;sem match válido;Qwen3-1.7B-QLoRA
ID_3837157956819433;10;transtorno obsessivo–compulsivo com síndrome;obsessive–compulsive disorder;0.937;3;match válido;Qwen3-1.7B-QLoRA
ID_3837157956819433;11;transtorno obsessivo-compulsivo;obsessive–compulsive disorder (rej);0.911;0;sem match válido;Qwen3-1.7B-QLoRA
ID_3837157956819433;12;tratamento do transtorno;treatment;0.801;3;match válido;Qwen3-1.7B-QLoRA
ID_3837157956819433;13;tratamento do transtorno obsessivo–compulsivo;obsessive–compulsive disorder (rej);0.885;0;sem match válido;Qwen3-1.7B-QLoRA
ID_3837157956819433;14;university hospital;medical education (rej);0.612;0;sem match válido;Qwen3-1.7B-QLoRA
ID_3837157956819433;15;vitality and quality;qualidade de vida (rej);0.527;0;sem match válido;Qwen3-1.7B-QLoRA
ID_3837157956819433;16;age of onset;prevalence (rej);0.317;0;sem match válido;Qwen3-1.7B-QLoRA
ID_3837157956819433;17;depressive symptoms;mental health (rej);0.610;0;sem match válido;Qwen3-1.7B-QLoRA
ID_3837157956819433;18;early-onset obsessive-compulsive;obsessive–compulsive disorder (rej);0.845;0;sem match válido;Qwen3-1.7B-QLoRA
ID_3837157956819433;19;generalized anxiety;anxiety;0.869;3;match válido;Qwen3-1.7B-QLoRA
ID_3837157956819433;20;mental health services;mental health;0.853;3;match válido;Qwen3-1.7B-QLoRA
ID_3867942762661182;1;brazilian portal;search engines (rej);0.436;0;sem match válido;Qwen3-1.7B-QLoRA
ID_3867942762661182;2;data mining;information retrieval (rej);0.664;0;sem match válido;Qwen3-1.7B-QLoRA
ID_3867942762661182;3;database;information retrieval (rej);0.581;0;sem match válido;Qwen3-1.7B-QLoRA
ID_3867942762661182;4;deduplication;deduplication;1.000;3;match válido;Qwen3-1.7B-QLoRA
ID_3867942762661182;5;evolution;schema evolution;0.842;3;match válido;Qwen3-1.7B-QLoRA
ID_3867942762661182;6;integrated information retrieval;information retrieval;0.844;3;match válido;Qwen3-1.7B-QLoRA
ID_3867942762661182;7;knowledge extraction;information retrieval (rej);0.651;0;sem match válido;Qwen3-1.7B-QLoRA
ID_3867942762661182;8;metadados bibliográficos;bibliographic metadata;0.944;2;match válido;Qwen3-1.7B-QLoRA
ID_3867942762661182;9;object oriented database;object-relational mapping (rej);0.650;0;sem match válido;Qwen3-1.7B-QLoRA
ID_3867942762661182;10;ontologies and ontologies-based;operational semantics (rej);0.453;0;sem match válido;Qwen3-1.7B-QLoRA
ID_3867942762661182;11;pervasive computing;world wide web (rej);0.457;0;sem match válido;Qwen3-1.7B-QLoRA
ID_3867942762661182;12;retrieval;information retrieval (rej);0.745;0;sem match válido;Qwen3-1.7B-QLoRA
ID_3867942762661182;13;semantic interoperability;unified modeling language profile (rej);0.560;0;sem match válido;Qwen3-1.7B-QLoRA
ID_3867942762661182;14;service;performance (rej);0.492;0;sem match válido;Qwen3-1.7B-QLoRA
ID_3867942762661182;15;software engineering;schema versioning (rej);0.501;0;sem match válido;Qwen3-1.7B-QLoRA
ID_3867942762661182;16;temporal queries;temporal information (rej);0.636;0;sem match válido;Qwen3-1.7B-QLoRA
ID_3867942762661182;17;xml keyword search;xml keyword search;1.000;3;match válido;Qwen3-1.7B-QLoRA
ID_3867942762661182;18;xml normalization;xml (rej);0.747;0;sem match válido;Qwen3-1.7B-QLoRA
ID_3867942762661182;19;xml queries;queries on xml;0.982;3;match válido;Qwen3-1.7B-QLoRA
ID_3867942762661182;20;xml version;xml;0.937;3;match válido;Qwen3-1.7B-QLoRA
ID_3886712611757992;1;behavioral observation;meaningful stimuli (rej);0.554;0;sem match válido;Qwen3-1.7B-QLoRA
ID_3886712611757992;2;comorbidity;stimulus equivalence (rej);0.460;0;sem match válido;Qwen3-1.7B-QLoRA
ID_3886712611757992;3;contingências de pressão;stimulus (rej);0.504;0;sem match válido;Qwen3-1.7B-QLoRA
ID_3886712611757992;4;contingências de pressão em uma tarefa;stimulus (rej);0.428;0;sem match válido;Qwen3-1.7B-QLoRA
ID_3886712611757992;5;deficientes mentais;people with special needs (rej);0.642;0;sem match válido;Qwen3-1.7B-QLoRA
ID_3886712611757992;6;dificuldades de aprendizagem;instructional control (rej);0.490;0;sem match válido;Qwen3-1.7B-QLoRA
ID_3886712611757992;7;discrimination training;conditional discriminations (rej);0.620;0;sem match válido;Qwen3-1.7B-QLoRA
ID_3886712611757992;8;dominant object;pré-exposição ao objeto (rej);0.455;0;sem match válido;Qwen3-1.7B-QLoRA
ID_3886712611757992;9;equivalence classes;extending equivalence classes;0.869;1;match válido;Qwen3-1.7B-QLoRA
ID_3886712611757992;10;experimental design;modelo simultâneo (rej);0.468;0;sem match válido;Qwen3-1.7B-QLoRA
ID_3886712611757992;11;functional analysis;funções de instruções (rej);0.593;0;sem match válido;Qwen3-1.7B-QLoRA
ID_3886712611757992;12;language acquisition;fala espontânea (rej);0.440;0;sem match válido;Qwen3-1.7B-QLoRA
ID_3886712611757992;13;linguagem de crianças;fala espontânea (rej);0.555;0;sem match válido;Qwen3-1.7B-QLoRA
ID_3886712611757992;14;manipulation experiments;stimulus (rej);0.508;0;sem match válido;Qwen3-1.7B-QLoRA
ID_3886712611757992;15;measures of intelligence;meaningful stimuli (rej);0.366;0;sem match válido;Qwen3-1.7B-QLoRA
ID_3886712611757992;16;nose-poking tunnels;stimulus (rej);0.260;0;sem match válido;Qwen3-1.7B-QLoRA
ID_3886712611757992;17;observational data collection;pré-exposição ao objeto (rej);0.443;0;sem match válido;Qwen3-1.7B-QLoRA
ID_3886712611757992;18;responding by exclusion;conditional discriminations (rej);0.619;0;sem match válido;Qwen3-1.7B-QLoRA
ID_3886712611757992;19;response time;stimulus (rej);0.425;0;sem match válido;Qwen3-1.7B-QLoRA
ID_3886712611757992;20;responding by exclusion in wistar;conditional discriminations (rej);0.506;0;sem match válido;Qwen3-1.7B-QLoRA
ID_3919711591553904;1;angiotensin-(1–7);angiotensin ii;0.928;3;match válido;Qwen3-1.7B-QLoRA
ID_3919711591553904;2;angiotensin-(1–7) receptor;renin–angiotensin;0.773;3;match válido;Qwen3-1.7B-QLoRA
ID_3919711591553904;3;angiotensin-(1–7) receptor mas;angiotensin receptors (rej);0.918;0;sem match válido;Qwen3-1.7B-QLoRA
ID_3919711591553904;4;angiotensin-(1–7) receptor subtype;angiotensin receptors (rej);0.932;0;sem match válido;Qwen3-1.7B-QLoRA
ID_3919711591553904;5;angiotensin-(1–7) receptor subtypes;angiotensin receptors (rej);0.930;0;sem match válido;Qwen3-1.7B-QLoRA
ID_3919711591553904;6;angiotensin-(1–7) receptor types;angiotensin receptors (rej);0.934;0;sem match válido;Qwen3-1.7B-QLoRA
ID_3919711591553904;7;angiotensin-(1–7) receptors;angiotensin receptors;0.954;3;match válido;Qwen3-1.7B-QLoRA
ID_3919711591553904;8;angiotensin-(1–7) receptor subtypes and isoforms;angiotensin receptors (rej);0.916;0;sem match válido;Qwen3-1.7B-QLoRA
ID_3919711591553904;9;angiotensin-(1–7) receptor subtypes and isoform-specific;angiotensin receptors (rej);0.918;0;sem match válido;Qwen3-1.7B-QLoRA
ID_3919711591553904;10;angiotensin-(1–7) receptor subtypes and isoforms expressed;angiotensin-converting enzyme type;0.817;3;match válido;Qwen3-1.7B-QLoRA
ID_3919711591553904;11;angiotensin-(1–7) receptor subtypes and isoforms in hearts;angiotensin receptors (rej);0.859;0;sem match válido;Qwen3-1.7B-QLoRA
ID_3919711591553904;12;angiotensin-(1–7) receptor subtypes and isoform-specific gene expression;angiotensin-converting enzyme;0.799;3;match válido;Qwen3-1.7B-QLoRA
ID_3919711591553904;13;angiotensin-(1–7) receptors in humans;effect of angiotensin;0.826;2;match válido;Qwen3-1.7B-QLoRA
ID_3919711591553904;14;angiotensin-(1–7) receptors in rat;angiotensin receptors (rej);0.936;0;sem match válido;Qwen3-1.7B-QLoRA
ID_3919711591553904;15;angiotensin-(1–7) receptor subtypes and isoform-specific gene;angiotensin receptors (rej);0.891;0;sem match válido;Qwen3-1.7B-QLoRA
ID_3919711591553904;16;atherosclerosis;hypertension (rej);0.592;0;sem match válido;Qwen3-1.7B-QLoRA
ID_3919711591553904;17;arterial wall;ventrolateral medulla (rej);0.583;0;sem match válido;Qwen3-1.7B-QLoRA
ID_3919711591553904;18;cardiovascular system;ventrolateral medulla (rej);0.706;0;sem match válido;Qwen3-1.7B-QLoRA
ID_3919711591553904;19;chronic angiotensin-(1–7) receptor;angiotensin receptors (rej);0.922;0;sem match válido;Qwen3-1.7B-QLoRA
ID_3919711591553904;20;d-pro7-angiotensin-(1–7);renin-angiotensin;0.760;3;match válido;Qwen3-1.7B-QLoRA
ID_3935638786776109;1;electron beam-pvd thermal barrier;electron beam-physical vapor (rej);0.748;0;sem match válido;Qwen3-1.7B-QLoRA
ID_3935638786776109;2;electronic beam-physical vapour;electron beam-physical vapour;0.870;3;match válido;Qwen3-1.7B-QLoRA
ID_3935638786776109;3;microstructure;thin layer (rej);0.470;0;sem match válido;Qwen3-1.7B-QLoRA
ID_3935638786776109;4;microstructure and thermal;thermal properties (rej);0.737;0;sem match válido;Qwen3-1.7B-QLoRA
ID_3935638786776109;5;neutron irradiation;zirconium oxide (rej);0.510;0;sem match válido;Qwen3-1.7B-QLoRA
ID_3935638786776109;6;partial pressure;propulsão líquida (rej);0.469;0;sem match válido;Qwen3-1.7B-QLoRA
ID_3935638786776109;7;partial pressures;propulsão líquida (rej);0.441;0;sem match válido;Qwen3-1.7B-QLoRA
ID_3935638786776109;8;solid-state sintering;ceramic coatings (rej);0.420;0;sem match válido;Qwen3-1.7B-QLoRA
ID_3935638786776109;9;thermal barrier coatings;thermal barrier coatings;1.000;3;match válido;Qwen3-1.7B-QLoRA
ID_3935638786776109;10;zirconia;investigation of zirconia;0.930;1;match válido;Qwen3-1.7B-QLoRA
ID_3935638786776109;11;zirconia co-doped;zirconia co-doped;1.000;3;match válido;Qwen3-1.7B-QLoRA
ID_3935638786776109;12;zirconia coatings;zirconia–yttria coatings;0.923;3;match válido;Qwen3-1.7B-QLoRA
ID_3935638786776109;13;zirconia plasma sprayed;deposition of zirconia (rej);0.750;0;sem match válido;Qwen3-1.7B-QLoRA
ID_3935638786776109;14;zirconia-sprayed coatings;zirconia–yttria coatings (rej);0.843;0;sem match válido;Qwen3-1.7B-QLoRA
ID_3935638786776109;15;zirconia-based ceramics;deposition of zirconia (rej);0.804;0;sem match válido;Qwen3-1.7B-QLoRA
ID_3935638786776109;16;zirconia-coated coatings;zirconia–yttria coatings (rej);0.901;0;sem match válido;Qwen3-1.7B-QLoRA
ID_3935638786776109;17;zirconia plasma spray;deposition of zirconia (rej);0.753;0;sem match válido;Qwen3-1.7B-QLoRA
ID_3935638786776109;18;zirconia sintering;zirconia tetragonal phase;0.825;2;match válido;Qwen3-1.7B-QLoRA
ID_3935638786776109;19;zirconia-sintered in low;zirconium oxide;0.809;3;match válido;Qwen3-1.7B-QLoRA
ID_3935638786776109;20;zirconia-sintering;deposition of zirconia;0.925;1;match válido;Qwen3-1.7B-QLoRA
ID_3939504645911140;1;brazilian sedimentary zeolite;zea mays (rej);0.541;0;sem match válido;Qwen3-1.7B-QLoRA
ID_3939504645911140;2;chemical effects;avaliação dos impactos (rej);0.546;0;sem match válido;Qwen3-1.7B-QLoRA
ID_3939504645911140;3;economic return;avaliação dos impactos (rej);0.437;0;sem match válido;Qwen3-1.7B-QLoRA
ID_3939504645911140;4;irrigação por aspersão;drought (rej);0.663;0;sem match válido;Qwen3-1.7B-QLoRA
ID_3939504645911140;5;livestock;vacas leiteiras;0.838;2;match válido;Qwen3-1.7B-QLoRA
ID_3939504645911140;6;potassium fertilization;produção de mudas (rej);0.483;0;sem match válido;Qwen3-1.7B-QLoRA
ID_3939504645911140;7;potential of agricultural;uso agrícola;0.793;2;match válido;Qwen3-1.7B-QLoRA
ID_3939504645911140;8;recycling;treated wastewater (rej);0.524;0;sem match válido;Qwen3-1.7B-QLoRA
ID_3939504645911140;9;retrieval zone;tiller (rej);0.415;0;sem match válido;Qwen3-1.7B-QLoRA
ID_3939504645911140;10;sewage effluent;treated wastewater (rej);0.811;0;sem match válido;Qwen3-1.7B-QLoRA
ID_3939504645911140;11;secondary treated wastewater;treated wastewater;0.916;3;match válido;Qwen3-1.7B-QLoRA
ID_3939504645911140;12;stabilization pond effluent;water balance (rej);0.646;0;sem match válido;Qwen3-1.7B-QLoRA
ID_3939504645911140;13;tropical soils;umidade em solos (rej);0.653;0;sem match válido;Qwen3-1.7B-QLoRA
ID_3939504645911140;14;water resources;water deficit;0.782;3;match válido;Qwen3-1.7B-QLoRA
ID_3939504645911140;15;water reuse;water retention;0.804;3;match válido;Qwen3-1.7B-QLoRA
ID_3939504645911140;16;zeolite;zea mays (rej);0.722;0;sem match válido;Qwen3-1.7B-QLoRA
ID_3939504645911140;17;zeolitic materials;zea mays (rej);0.611;0;sem match válido;Qwen3-1.7B-QLoRA
ID_3939504645911140;18;alfalfa dry matter;silage for alfalfa (rej);0.737;0;sem match válido;Qwen3-1.7B-QLoRA
ID_3939504645911140;19;alfalfa pasteurella;silage for alfalfa;0.757;1;match válido;Qwen3-1.7B-QLoRA
ID_3939504645911140;20;análise e melhoria;quality improvement (rej);0.725;0;sem match válido;Qwen3-1.7B-QLoRA
ID_3950127945486168;1;astronomy;space telescope observations;0.833;1;match válido;Qwen3-1.7B-QLoRA
ID_3950127945486168;2;astronomy education;space telescope observations (rej);0.719;0;sem match válido;Qwen3-1.7B-QLoRA
ID_3950127945486168;3;astronomia;space telescope observations (rej);0.831;0;sem match válido;Qwen3-1.7B-QLoRA
ID_3950127945486168;4;brazilian teachers training program;estudantes universitários (rej);0.301;0;sem match válido;Qwen3-1.7B-QLoRA
ID_3950127945486168;5;education;estudantes universitários (rej);0.595;0;sem match válido;Qwen3-1.7B-QLoRA
ID_3950127945486168;6;educational research;estudantes universitários (rej);0.569;0;sem match válido;Qwen3-1.7B-QLoRA
ID_3950127945486168;7;epistemological approach;estudantes universitários (rej);0.329;0;sem match válido;Qwen3-1.7B-QLoRA
ID_3950127945486168;8;física;circumnuclear dust (rej);0.483;0;sem match válido;Qwen3-1.7B-QLoRA
ID_3950127945486168;9;high school;estudantes universitários (rej);0.705;0;sem match válido;Qwen3-1.7B-QLoRA
ID_3950127945486168;10;high school teachers training;estudantes universitários (rej);0.461;0;sem match válido;Qwen3-1.7B-QLoRA
ID_3950127945486168;11;learning process;estudantes universitários (rej);0.427;0;sem match válido;Qwen3-1.7B-QLoRA
ID_3950127945486168;12;moon phases;nuclear stellar disks (rej);0.554;0;sem match válido;Qwen3-1.7B-QLoRA
ID_3950127945486168;13;observatories;space telescope observations (rej);0.740;0;sem match válido;Qwen3-1.7B-QLoRA
ID_3950127945486168;14;photoelectric photometry;ubvri photoelectric photometry;0.885;3;match válido;Qwen3-1.7B-QLoRA
ID_3950127945486168;15;public opinion;estudantes universitários (rej);0.277;0;sem match válido;Qwen3-1.7B-QLoRA
ID_3950127945486168;16;scientific knowledge;space telescope observations (rej);0.312;0;sem match válido;Qwen3-1.7B-QLoRA
ID_3950127945486168;17;teaching method;estudantes universitários (rej);0.432;0;sem match válido;Qwen3-1.7B-QLoRA
ID_3950127945486168;18;training teachers;estudantes universitários (rej);0.386;0;sem match válido;Qwen3-1.7B-QLoRA
ID_3950127945486168;19;university students;estudantes universitários;0.955;2;match válido;Qwen3-1.7B-QLoRA
ID_3950127945486168;20;visual impairment;multicolor photometric properties (rej);0.419;0;sem match válido;Qwen3-1.7B-QLoRA
ID_4041211770858318;1;deep and bottom;weddell sea deep water (rej);0.607;0;sem match válido;Qwen3-1.7B-QLoRA
ID_4041211770858318;2;environmental factors;variabilidade oceânica (rej);0.461;0;sem match válido;Qwen3-1.7B-QLoRA
ID_4041211770858318;3;environmental factors controlling;variabilidade oceânica (rej);0.414;0;sem match válido;Qwen3-1.7B-QLoRA
ID_4041211770858318;4;in situ measurements;quasi-geostrophy (rej);0.453;0;sem match válido;Qwen3-1.7B-QLoRA
ID_4041211770858318;5;northwestern weddell sea;weddell sea deep water (rej);0.804;0;sem match válido;Qwen3-1.7B-QLoRA
ID_4041211770858318;6;patagonian shelf-break;shelf break (rej);0.638;0;sem match válido;Qwen3-1.7B-QLoRA
ID_4041211770858318;7;phytoplankton blooms;tropical water (rej);0.275;0;sem match válido;Qwen3-1.7B-QLoRA
ID_4041211770858318;8;sea surface temperature;sea water mass (rej);0.686;0;sem match válido;Qwen3-1.7B-QLoRA
ID_4041211770858318;9;southwest atlantic;south atlantic (rej);0.905;0;sem match válido;Qwen3-1.7B-QLoRA
ID_4041211770858318;10;southwest atlantic ocean;south atlantic central water;0.874;2;match válido;Qwen3-1.7B-QLoRA
ID_4041211770858318;11;southwest atlantic-ocean;oceanic boundary;0.764;1;match válido;Qwen3-1.7B-QLoRA
ID_4041211770858318;12;southwest atlantic-ocean system;south atlantic (rej);0.812;0;sem match válido;Qwen3-1.7B-QLoRA
ID_4041211770858318;13;southwestern atlantic;south atlantic;0.923;2;match válido;Qwen3-1.7B-QLoRA
ID_4041211770858318;14;temporal variability;temporal variability;1.000;2;match válido;Qwen3-1.7B-QLoRA
ID_4041211770858318;15;transient deep western boundary;western boundary currents;0.775;3;match válido;Qwen3-1.7B-QLoRA
ID_4041211770858318;16;transport variability;current volume transports (rej);0.691;0;sem match válido;Qwen3-1.7B-QLoRA
ID_4041211770858318;17;variação espacial-temporal;temporal variability (rej);0.789;0;sem match válido;Qwen3-1.7B-QLoRA
ID_4041211770858318;18;variations of sea;variabilidade oceânica;0.829;3;match válido;Qwen3-1.7B-QLoRA
ID_4041211770858318;19;weddell sea deep;weddell sea deep water;0.980;3;match válido;Qwen3-1.7B-QLoRA
ID_4041211770858318;20;weddell sea deep outflow;weddell sea deep water (rej);0.873;0;sem match válido;Qwen3-1.7B-QLoRA
ID_4120322936662925;1;biological control;biological control;1.000;3;match válido;Qwen3-1.7B-QLoRA
ID_4120322936662925;2;endophytic fungi;fungal cell growth (rej);0.701;0;sem match válido;Qwen3-1.7B-QLoRA
ID_4120322936662925;3;fungi;rust fungi;0.816;2;match válido;Qwen3-1.7B-QLoRA
ID_4120322936662925;4;fungicides against penicillium;penicillium digitatum (rej);0.704;0;sem match válido;Qwen3-1.7B-QLoRA
ID_4120322936662925;5;human enamel colonisation;rust fungi (rej);0.376;0;sem match válido;Qwen3-1.7B-QLoRA
ID_4120322936662925;6;microbial interactions;yeast communities (rej);0.581;0;sem match válido;Qwen3-1.7B-QLoRA
ID_4120322936662925;7;mycelium morphology;structures of hemileia (rej);0.520;0;sem match válido;Qwen3-1.7B-QLoRA
ID_4120322936662925;8;penicillium italicum;penicillium digitatum;0.877;3;match válido;Qwen3-1.7B-QLoRA
ID_4120322936662925;9;penicillum italicum;penicillium digitatum (rej);0.835;0;sem match válido;Qwen3-1.7B-QLoRA
ID_4120322936662925;10;penicillum italicum and p. digitatum;penicillium digitatum (rej);0.831;0;sem match válido;Qwen3-1.7B-QLoRA
ID_4120322936662925;11;predatory yeasts;yeast;0.825;2;match válido;Qwen3-1.7B-QLoRA
ID_4120322936662925;12;root canals;structures of hemileia (rej);0.468;0;sem match válido;Qwen3-1.7B-QLoRA
ID_4120322936662925;13;schistosoma mansoni;schistosoma mansoni;1.000;2;match válido;Qwen3-1.7B-QLoRA
ID_4120322936662925;14;schistosoma mansoni sporocysts;schistosoma mansoni (rej);0.982;0;sem match válido;Qwen3-1.7B-QLoRA
ID_4120322936662925;15;schistosomiasis mansoni;schistosoma mansoni (rej);0.943;0;sem match válido;Qwen3-1.7B-QLoRA
ID_4120322936662925;16;schistosoma mansoni sporocysts recognition;schistosoma mansoni (rej);0.863;0;sem match válido;Qwen3-1.7B-QLoRA
ID_4120322936662925;17;species identification;trichosporon montevideense cloa (rej);0.393;0;sem match válido;Qwen3-1.7B-QLoRA
ID_4120322936662925;18;yeast communities;yeast communities;1.000;2;match válido;Qwen3-1.7B-QLoRA
ID_4120322936662925;19;yeasts in baccharis;yeast (rej);0.778;0;sem match válido;Qwen3-1.7B-QLoRA
ID_4120322936662925;20;yeasts from the dorsum;yeast (rej);0.776;0;sem match válido;Qwen3-1.7B-QLoRA
ID_4125254830545309;1;astrocytes;astrocyte;0.961;1;match válido;Qwen3-1.7B-QLoRA
ID_4125254830545309;2;brain;sciatic nerve (rej);0.378;0;sem match válido;Qwen3-1.7B-QLoRA
ID_4125254830545309;3;central nervous system;sciatic nerve (rej);0.565;0;sem match válido;Qwen3-1.7B-QLoRA
ID_4125254830545309;4;development;development;1.000;1;match válido;Qwen3-1.7B-QLoRA
ID_4125254830545309;5;developing brain;development (rej);0.499;0;sem match válido;Qwen3-1.7B-QLoRA
ID_4125254830545309;6;glioblastoma;tumor (rej);0.617;0;sem match válido;Qwen3-1.7B-QLoRA
ID_4125254830545309;7;glioblastoma cell;microglial cells (rej);0.631;0;sem match válido;Qwen3-1.7B-QLoRA
ID_4125254830545309;8;glioblastoma cells;microglial cells (rej);0.657;0;sem match válido;Qwen3-1.7B-QLoRA
ID_4125254830545309;9;glioblastoma multiforme;tumor (rej);0.612;0;sem match válido;Qwen3-1.7B-QLoRA
ID_4125254830545309;10;human glioblastoma;tumor (rej);0.592;0;sem match válido;Qwen3-1.7B-QLoRA
ID_4125254830545309;11;interactions between astrocytes;astrocyte (rej);0.857;0;sem match válido;Qwen3-1.7B-QLoRA
ID_4125254830545309;12;microglia;microglia;1.000;3;match válido;Qwen3-1.7B-QLoRA
ID_4125254830545309;13;neuron-glia crosstalk;sciatic nerve (rej);0.406;0;sem match válido;Qwen3-1.7B-QLoRA
ID_4125254830545309;14;prion protein;prion protein;1.000;2;match válido;Qwen3-1.7B-QLoRA
ID_4125254830545309;15;secretion of factors;pore forming cytotoxic proteins (rej);0.384;0;sem match válido;Qwen3-1.7B-QLoRA
ID_4125254830545309;16;stress-inducible protein;stress-inducible protein-1 (rej);0.954;0;sem match válido;Qwen3-1.7B-QLoRA
ID_4125254830545309;17;stress-inducible protein-1;stress-inducible protein-1;1.000;2;match válido;Qwen3-1.7B-QLoRA
ID_4125254830545309;18;stress-inducible protein-1 regulates;stress-inducible protein-1 (rej);0.970;0;sem match válido;Qwen3-1.7B-QLoRA
ID_4125254830545309;19;synaptic plasticity;sciatic nerve (rej);0.435;0;sem match válido;Qwen3-1.7B-QLoRA
ID_4125254830545309;20;thrombin receptor;pro-inflammatory cytokine expressions (rej);0.419;0;sem match válido;Qwen3-1.7B-QLoRA
ID_4165114386602896;1;climate policy;climate policy;1.000;3;match válido;Qwen3-1.7B-QLoRA
ID_4165114386602896;2;domestic aspects;domestic aspects influence;0.876;3;match válido;Qwen3-1.7B-QLoRA
ID_4165114386602896;3;energy security;política de energia (rej);0.820;0;sem match válido;Qwen3-1.7B-QLoRA
ID_4165114386602896;4;globalization;global discussions (rej);0.677;0;sem match válido;Qwen3-1.7B-QLoRA
ID_4165114386602896;5;governance and diplomacy;política externa (rej);0.668;0;sem match válido;Qwen3-1.7B-QLoRA
ID_4165114386602896;6;international energy market;política de energia (rej);0.744;0;sem match válido;Qwen3-1.7B-QLoRA
ID_4165114386602896;7;nationalism;identidade subcontinental (rej);0.669;0;sem match válido;Qwen3-1.7B-QLoRA
ID_4165114386602896;8;politique climatique;climate policy (rej);0.984;0;sem match válido;Qwen3-1.7B-QLoRA
ID_4165114386602896;9;political strategy;reformulação da estratégia (rej);0.702;0;sem match válido;Qwen3-1.7B-QLoRA
ID_4165114386602896;10;política energética;política de energia;0.996;3;match válido;Qwen3-1.7B-QLoRA
ID_4165114386602896;11;regime internacional;política externa (rej);0.668;0;sem match válido;Qwen3-1.7B-QLoRA
ID_4165114386602896;12;reliability and energy;política de energia (rej);0.638;0;sem match válido;Qwen3-1.7B-QLoRA
ID_4165114386602896;13;solidarity;estados unidos (rej);0.421;0;sem match válido;Qwen3-1.7B-QLoRA
ID_4165114386602896;14;solidarity politics;estados unidos (rej);0.460;0;sem match válido;Qwen3-1.7B-QLoRA
ID_4165114386602896;15;solidarity policies;estados unidos (rej);0.467;0;sem match válido;Qwen3-1.7B-QLoRA
ID_4165114386602896;16;transformação energética;política de energia (rej);0.725;0;sem match válido;Qwen3-1.7B-QLoRA
ID_4165114386602896;17;united states;united states;1.000;3;match válido;Qwen3-1.7B-QLoRA
ID_4165114386602896;18;university education;estados unidos (rej);0.309;0;sem match válido;Qwen3-1.7B-QLoRA
ID_4165114386602896;19;us climate policy;climate policy (rej);0.907;0;sem match válido;Qwen3-1.7B-QLoRA
ID_4165114386602896;20;usa;estados unidos;0.772;3;match válido;Qwen3-1.7B-QLoRA
ID_4210289862552350;1;biocompatible superparamagnetic nanospheres;biomaterial (rej);0.543;0;sem match válido;Qwen3-1.7B-QLoRA
ID_4210289862552350;2;ceramic composites;ceramic composites;1.000;3;match válido;Qwen3-1.7B-QLoRA
ID_4210289862552350;3;composites derived from polysiloxane;preceramic polymers (rej);0.723;0;sem match válido;Qwen3-1.7B-QLoRA
ID_4210289862552350;4;determinação das propriedades;propriedades mecânicas (rej);0.627;0;sem match válido;Qwen3-1.7B-QLoRA
ID_4210289862552350;5;microstructural characterization;structural modifications (rej);0.530;0;sem match válido;Qwen3-1.7B-QLoRA
ID_4210289862552350;6;polymers and ceramics;ceramic composites (rej);0.853;0;sem match válido;Qwen3-1.7B-QLoRA
ID_4210289862552350;7;polymer sintering aid;preceramic polymers (rej);0.717;0;sem match válido;Qwen3-1.7B-QLoRA
ID_4210289862552350;8;polymer precursor;preceramic polymers;0.842;2;match válido;Qwen3-1.7B-QLoRA
ID_4210289862552350;9;superconductivity;thermal conductivity (rej);0.457;0;sem match válido;Qwen3-1.7B-QLoRA
ID_4210289862552350;10;superconducting ceramic composites;ceramic composites (rej);0.736;0;sem match válido;Qwen3-1.7B-QLoRA
ID_4210289862552350;11;superconducting composites;composite (rej);0.667;0;sem match válido;Qwen3-1.7B-QLoRA
ID_4210289862552350;12;supercritical fluid;liquid phase sintering (rej);0.606;0;sem match válido;Qwen3-1.7B-QLoRA
ID_4210289862552350;13;supercritical fluid synthesis;liquid phase sintering (rej);0.605;0;sem match válido;Qwen3-1.7B-QLoRA
ID_4210289862552350;14;síntese e caracterização;composite (rej);0.517;0;sem match válido;Qwen3-1.7B-QLoRA
ID_4210289862552350;15;superparamagnetic nanospheres for;biomaterial (rej);0.390;0;sem match válido;Qwen3-1.7B-QLoRA
ID_4210289862552350;16;vapour phase synthesis;liquid phase sintering (rej);0.589;0;sem match válido;Qwen3-1.7B-QLoRA
ID_4210289862552350;17;ceramic composites derived;ceramic composite;0.958;2;match válido;Qwen3-1.7B-QLoRA
ID_4210289862552350;18;composite material;composite;0.938;2;match válido;Qwen3-1.7B-QLoRA
ID_4210289862552350;19;ferrites;sic (rej);0.650;0;sem match válido;Qwen3-1.7B-QLoRA
ID_4210289862552350;20;hybrid ferrites;biomaterial (rej);0.435;0;sem match válido;Qwen3-1.7B-QLoRA
ID_4408599021040004;1;blood pressure;hypertension (rej);0.788;0;sem match válido;Qwen3-1.7B-QLoRA
ID_4408599021040004;2;circulating renin–angiotensin system;angiotensin ii;0.778;3;match válido;Qwen3-1.7B-QLoRA
ID_4408599021040004;3;disease progression;inflammation (rej);0.538;0;sem match válido;Qwen3-1.7B-QLoRA
ID_4408599021040004;4;factor v leiden;von willebrand factor (rej);0.552;0;sem match válido;Qwen3-1.7B-QLoRA
ID_4408599021040004;5;hemodialysis vascular access thrombosis;hemodialysis;0.830;2;match válido;Qwen3-1.7B-QLoRA
ID_4408599021040004;6;hypertension;hypertension;1.000;3;match válido;Qwen3-1.7B-QLoRA
ID_4408599021040004;7;neuroglucopenia;reflux nephropathy (rej);0.600;0;sem match válido;Qwen3-1.7B-QLoRA
ID_4408599021040004;8;renin–angiotensin system;renina-angiotensina na hipertensão;0.838;3;match válido;Qwen3-1.7B-QLoRA
ID_4408599021040004;9;scientific performance;scientific production (rej);0.732;0;sem match válido;Qwen3-1.7B-QLoRA
ID_4408599021040004;10;síndrome de bartter;reflux nephropathy (rej);0.414;0;sem match válido;Qwen3-1.7B-QLoRA
ID_4408599021040004;11;von willebrand factor;von willebrand factor;1.000;1;match válido;Qwen3-1.7B-QLoRA
ID_4408599021040004;12;von willebrand factor and factor;von willebrand factor (rej);0.964;0;sem match válido;Qwen3-1.7B-QLoRA
ID_4408599021040004;13;vWF plasma levels;von willebrand factor (rej);0.370;0;sem match válido;Qwen3-1.7B-QLoRA
ID_4408599021040004;14;vitamin d;health sciences (rej);0.384;0;sem match válido;Qwen3-1.7B-QLoRA
ID_4408599021040004;15;vitamin d deficiency;health sciences (rej);0.364;0;sem match válido;Qwen3-1.7B-QLoRA
ID_4408599021040004;16;vitamin d supplementation;health sciences (rej);0.377;0;sem match válido;Qwen3-1.7B-QLoRA
ID_4408599021040004;17;β-adrenergic receptor;renina-angiotensina na hipertensão (rej);0.440;0;sem match válido;Qwen3-1.7B-QLoRA
ID_4408599021040004;18;carotid intima-media thickness;angiotensin ii (rej);0.448;0;sem match válido;Qwen3-1.7B-QLoRA
ID_4408599021040004;19;cholesterol;hypertension (rej);0.618;0;sem match válido;Qwen3-1.7B-QLoRA
ID_4408599021040004;20;diabetes mellitus;hypertension (rej);0.612;0;sem match válido;Qwen3-1.7B-QLoRA
ID_4550717883781091;1;black yeasts;black yeasts;1.000;3;match válido;Qwen3-1.7B-QLoRA
ID_4550717883781091;2;chaetothyrialean black yeasts;yeast-like fungi involved;0.759;2;match válido;Qwen3-1.7B-QLoRA
ID_4550717883781091;3;chaetothyriales from hydrocarbon contaminated;species of chaetothyriales (rej);0.584;0;sem match válido;Qwen3-1.7B-QLoRA
ID_4550717883781091;4;cladophialophora elegans;species of chaetothyriales (rej);0.711;0;sem match válido;Qwen3-1.7B-QLoRA
ID_4550717883781091;5;fusarium solani isolates;fusarium solani;0.955;2;match válido;Qwen3-1.7B-QLoRA
ID_4550717883781091;6;isolated dematiaceous fungi;fungal isolation (rej);0.746;0;sem match válido;Qwen3-1.7B-QLoRA
ID_4550717883781091;7;leaf-cutting ants;soil fungi (rej);0.420;0;sem match válido;Qwen3-1.7B-QLoRA
ID_4550717883781091;8;leaf-cutting ants: an unexpected;soil fungi (rej);0.427;0;sem match válido;Qwen3-1.7B-QLoRA
ID_4550717883781091;9;low-cost carbon sources;environmental isolation (rej);0.319;0;sem match válido;Qwen3-1.7B-QLoRA
ID_4550717883781091;10;molecular diversity;phylogeny (rej);0.596;0;sem match válido;Qwen3-1.7B-QLoRA
ID_4550717883781091;11;oil flotation;oil flotation isolation (rej);0.881;0;sem match válido;Qwen3-1.7B-QLoRA
ID_4550717883781091;12;oil flotation isolation;oil flotation isolation;1.000;3;match válido;Qwen3-1.7B-QLoRA
ID_4550717883781091;13;polyethylene-graft-glycidyl methacrylate compatibilizer;polyethylene-graft-glycidyl methacrylate;0.915;2;match válido;Qwen3-1.7B-QLoRA
ID_4550717883781091;14;rapd evaluation;rapd;0.791;1;match válido;Qwen3-1.7B-QLoRA
ID_4550717883781091;15;selective isolation;selective techniques;0.794;2;match válido;Qwen3-1.7B-QLoRA
ID_4550717883781091;16;species of phialophora;phialophora species;0.994;3;match válido;Qwen3-1.7B-QLoRA
ID_4550717883781091;17;susceptibility of environmental isolates;environmental isolation;0.783;3;match válido;Qwen3-1.7B-QLoRA
ID_4550717883781091;18;taxonomic aspects;taxonomy;0.930;3;match válido;Qwen3-1.7B-QLoRA
ID_4550717883781091;19;tree bark;solo cultivado (rej);0.437;0;sem match válido;Qwen3-1.7B-QLoRA
ID_4550717883781091;20;white rot fungi;soil fungi (rej);0.734;0;sem match válido;Qwen3-1.7B-QLoRA
ID_4679830870331445;1;amorphous fe–b;amorphous fe–b;1.000;2;match válido;Qwen3-1.7B-QLoRA
ID_4679830870331445;2;borohydride;chemical reduction (rej);0.499;0;sem match válido;Qwen3-1.7B-QLoRA
ID_4679830870331445;3;chemical reduction;chemical reduction;1.000;3;match válido;Qwen3-1.7B-QLoRA
ID_4679830870331445;4;diffuse reflectance spectroscopy;raman spectroscopy (rej);0.649;0;sem match válido;Qwen3-1.7B-QLoRA
ID_4679830870331445;5;diffuse reflection;x-ray diffraction (rej);0.568;0;sem match válido;Qwen3-1.7B-QLoRA
ID_4679830870331445;6;ferro-ferric compounds;amorphous fe–b alloys (rej);0.630;0;sem match válido;Qwen3-1.7B-QLoRA
ID_4679830870331445;7;iron bearing phases;iron ores (rej);0.719;0;sem match válido;Qwen3-1.7B-QLoRA
ID_4679830870331445;8;iron bearing phases in a peat-derived;iron ores (rej);0.654;0;sem match válido;Qwen3-1.7B-QLoRA
ID_4679830870331445;9;iron oxide nanoparticles;nano-sized iron-oxide;0.917;3;match válido;Qwen3-1.7B-QLoRA
ID_4679830870331445;10;iron oxides;iron oxides;1.000;3;match válido;Qwen3-1.7B-QLoRA
ID_4679830870331445;11;iron-rich coal;iron ores;0.812;3;match válido;Qwen3-1.7B-QLoRA
ID_4679830870331445;12;magnetic nanoparticles;magnetite (rej);0.695;0;sem match válido;Qwen3-1.7B-QLoRA
ID_4679830870331445;13;mineralogical characterization;sulphate mineral ettringite (rej);0.736;0;sem match válido;Qwen3-1.7B-QLoRA
ID_4679830870331445;14;natural radioactivity;iron oxides (rej);0.464;0;sem match válido;Qwen3-1.7B-QLoRA
ID_4679830870331445;15;oxinate;topaz (rej);0.528;0;sem match válido;Qwen3-1.7B-QLoRA
ID_4679830870331445;16;peat-derived duricrust;pegmatite (rej);0.495;0;sem match válido;Qwen3-1.7B-QLoRA
ID_4679830870331445;17;peak shape;high specific surface (rej);0.627;0;sem match válido;Qwen3-1.7B-QLoRA
ID_4679830870331445;18;production of amorphous;amorphous fe–b (rej);0.664;0;sem match válido;Qwen3-1.7B-QLoRA
ID_4679830870331445;19;reflectance;specularite (rej);0.470;0;sem match válido;Qwen3-1.7B-QLoRA
ID_4679830870331445;20;refractive index;optical microscopy (rej);0.582;0;sem match válido;Qwen3-1.7B-QLoRA
ID_4735276653354808;1;agroecology;agroecology;1.000;2;match válido;Qwen3-1.7B-QLoRA
ID_4735276653354808;2;biomassa microbiana;agroecology (rej);0.463;0;sem match válido;Qwen3-1.7B-QLoRA
ID_4735276653354808;3;carbon;carbono e nitrogênio;0.781;2;match válido;Qwen3-1.7B-QLoRA
ID_4735276653354808;4;carbon sequestration;organic carbon (rej);0.706;0;sem match válido;Qwen3-1.7B-QLoRA
ID_4735276653354808;5;green manure;uso do solo (rej);0.623;0;sem match válido;Qwen3-1.7B-QLoRA
ID_4735276653354808;6;organic matter;organic matter;1.000;3;match válido;Qwen3-1.7B-QLoRA
ID_4735276653354808;7;soil;uso do solo;0.832;2;match válido;Qwen3-1.7B-QLoRA
ID_4735276653354808;8;soil carbon balance;soil organic carbon;0.849;3;match válido;Qwen3-1.7B-QLoRA
ID_4735276653354808;9;soil organic matter;soil organic matter;1.000;3;match válido;Qwen3-1.7B-QLoRA
ID_4735276653354808;10;soil quality;soil quality;1.000;2;match válido;Qwen3-1.7B-QLoRA
ID_4735276653354808;11;soil water retention;qualidade do solo (rej);0.683;0;sem match válido;Qwen3-1.7B-QLoRA
ID_4735276653354808;12;solus;silvopasture;0.884;1;match válido;Qwen3-1.7B-QLoRA
ID_4735276653354808;13;substrate enrichment;adubação orgânica (rej);0.537;0;sem match válido;Qwen3-1.7B-QLoRA
ID_4735276653354808;14;total carbon;organic carbon (rej);0.760;0;sem match válido;Qwen3-1.7B-QLoRA
ID_4735276653354808;15;total nitrogen;carbon and nitrogen;0.764;2;match válido;Qwen3-1.7B-QLoRA
ID_4735276653354808;16;total organic carbon;organic carbon;0.943;3;match válido;Qwen3-1.7B-QLoRA
ID_4735276653354808;17;total organic matter;light organic matter;0.775;1;match válido;Qwen3-1.7B-QLoRA
ID_4735276653354808;18;vegetation dynamics;sistemas agroflorestais (rej);0.666;0;sem match válido;Qwen3-1.7B-QLoRA
ID_4735276653354808;19;vermicomposting;adubação orgânica (rej);0.526;0;sem match válido;Qwen3-1.7B-QLoRA
ID_4735276653354808;20;waste management;sustainability (rej);0.595;0;sem match válido;Qwen3-1.7B-QLoRA
ID_4765080870408661;1;healthcare information systems;multilevel healthcare information;0.857;3;match válido;Qwen3-1.7B-QLoRA
ID_4765080870408661;2;multilevel modeling;modelos multinível (rej);0.850;0;sem match válido;Qwen3-1.7B-QLoRA
ID_4765080870408661;3;modelagem multinível;modelos multinível;0.961;3;match válido;Qwen3-1.7B-QLoRA
ID_4765080870408661;4;openehr;openehr;1.000;3;match válido;Qwen3-1.7B-QLoRA
ID_4765080870408661;5;openehr archetypes;openehr (rej);0.802;0;sem match válido;Qwen3-1.7B-QLoRA
ID_4765080870408661;6;public hospital information system;multilevel healthcare information (rej);0.708;0;sem match válido;Qwen3-1.7B-QLoRA
ID_4765080870408661;7;public hospital information system and outpatient;multilevel healthcare information (rej);0.668;0;sem match válido;Qwen3-1.7B-QLoRA
ID_4765080870408661;8;representing data;sistemas de informação (rej);0.549;0;sem match válido;Qwen3-1.7B-QLoRA
ID_4765080870408661;9;representing data about brazilian;modelos multinível (rej);0.395;0;sem match válido;Qwen3-1.7B-QLoRA
ID_4765080870408661;10;semántica em saúde;modeling of healthcare (rej);0.559;0;sem match válido;Qwen3-1.7B-QLoRA
ID_4765080870408661;11;sistemas de informação;sistemas de informação;1.000;3;match válido;Qwen3-1.7B-QLoRA
ID_4765080870408661;12;sistemas de informação em saúde;multilevel healthcare information (rej);0.820;0;sem match válido;Qwen3-1.7B-QLoRA
ID_4765080870408661;13;sistemas de informação em saúde pública;multilevel healthcare information (rej);0.736;0;sem match válido;Qwen3-1.7B-QLoRA
ID_4765080870408661;14;sistemas de informação públicos;sistemas de informação (rej);0.814;0;sem match válido;Qwen3-1.7B-QLoRA
ID_4765080870408661;15;sistemas de informação técnicos;sistemas de informação (rej);0.915;0;sem match válido;Qwen3-1.7B-QLoRA
ID_4765080870408661;16;social determinants;social determinants;1.000;3;match válido;Qwen3-1.7B-QLoRA
ID_4765080870408661;17;social determinants of child;social determinants (rej);0.778;0;sem match válido;Qwen3-1.7B-QLoRA
ID_4765080870408661;18;socioeconomic and healthcare;socioeconomic and healthcare;1.000;1;match válido;Qwen3-1.7B-QLoRA
ID_4765080870408661;19;tuberculosis;tuberculosis;1.000;2;match válido;Qwen3-1.7B-QLoRA
ID_4765080870408661;20;tuberculosis control program;tuberculosis (rej);0.835;0;sem match válido;Qwen3-1.7B-QLoRA
ID_4804205224697296;1;citrus sudden death;citrus sudden death;1.000;3;match válido;Qwen3-1.7B-QLoRA
ID_4804205224697296;2;diapora citri;phyllosticta citricarpa (rej);0.748;0;sem match válido;Qwen3-1.7B-QLoRA
ID_4804205224697296;3;diapora citri psyllid;phyllosticta citricarpa (rej);0.704;0;sem match válido;Qwen3-1.7B-QLoRA
ID_4804205224697296;4;diapora citri psyllid vector;phyllosticta citricarpa (rej);0.551;0;sem match válido;Qwen3-1.7B-QLoRA
ID_4804205224697296;5;diapora citri psyllid vectors;phyllosticta citricarpa (rej);0.493;0;sem match válido;Qwen3-1.7B-QLoRA
ID_4804205224697296;6;greening;greening;1.000;3;match válido;Qwen3-1.7B-QLoRA
ID_4804205224697296;7;human papilloma virus;citrus leprosis virus (rej);0.474;0;sem match válido;Qwen3-1.7B-QLoRA
ID_4804205224697296;8;psyllid;phyllosticta citricarpa (rej);0.424;0;sem match válido;Qwen3-1.7B-QLoRA
ID_4804205224697296;9;sweet orange;sweet orange;1.000;3;match válido;Qwen3-1.7B-QLoRA
ID_4804205224697296;10;sweet orange tree;sweet orange (rej);0.871;0;sem match válido;Qwen3-1.7B-QLoRA
ID_4804205224697296;11;sweet orange trees;sweet orange (rej);0.883;0;sem match válido;Qwen3-1.7B-QLoRA
ID_4804205224697296;12;sweet orange yld and qual;sweet orange (rej);0.898;0;sem match válido;Qwen3-1.7B-QLoRA
ID_4804205224697296;13;sweet oranges;sweet orange (rej);0.974;0;sem match válido;Qwen3-1.7B-QLoRA
ID_4804205224697296;14;sweet oranges and mandarins;sweet orange (rej);0.868;0;sem match válido;Qwen3-1.7B-QLoRA
ID_4804205224697296;15;sweet oranges cultivated;citrus;0.815;3;match válido;Qwen3-1.7B-QLoRA
ID_4804205224697296;16;transmission cycle;transpiration (rej);0.499;0;sem match válido;Qwen3-1.7B-QLoRA
ID_4804205224697296;17;transmitting agents;transpiration (rej);0.439;0;sem match válido;Qwen3-1.7B-QLoRA
ID_4804205224697296;18;transmission cycle and dynamics;transpiration (rej);0.424;0;sem match válido;Qwen3-1.7B-QLoRA
ID_4804205224697296;19;transmitting agents and insects;spray coverage (rej);0.416;0;sem match válido;Qwen3-1.7B-QLoRA
ID_4804205224697296;20;yellow shoot disease;disease (rej);0.582;0;sem match válido;Qwen3-1.7B-QLoRA
ID_4830050448543240;1;density-functional theory;density functionals;0.918;3;match válido;Qwen3-1.7B-QLoRA
ID_4830050448543240;2;dipole oscillator strengths;dynamic dipole polarizability (rej);0.595;0;sem match válido;Qwen3-1.7B-QLoRA
ID_4830050448543240;3;dispersion coefficient;multipole dispersion (rej);0.754;0;sem match válido;Qwen3-1.7B-QLoRA
ID_4830050448543240;4;electron correlation;interacting many-electron (rej);0.657;0;sem match válido;Qwen3-1.7B-QLoRA
ID_4830050448543240;5;high-order multipole dispersion;multipole dispersion;0.934;3;match válido;Qwen3-1.7B-QLoRA
ID_4830050448543240;6;local density approximations;local-density approximation;0.956;3;match válido;Qwen3-1.7B-QLoRA
ID_4830050448543240;7;long-range van der waals density;waals density functional (rej);0.771;0;sem match válido;Qwen3-1.7B-QLoRA
ID_4830050448543240;8;multipole dispersion interactions;multipole dispersion (rej);0.928;0;sem match válido;Qwen3-1.7B-QLoRA
ID_4830050448543240;9;non-local density functional;specific nonlocal density;0.885;1;match válido;Qwen3-1.7B-QLoRA
ID_4830050448543240;10;noble gasses;electron gas (rej);0.594;0;sem match válido;Qwen3-1.7B-QLoRA
ID_4830050448543240;11;one-dimensional hubbard model;one-dimensional hubbard;0.906;3;match válido;Qwen3-1.7B-QLoRA
ID_4830050448543240;12;one-dimensional quantum systems;one-dimensional hubbard (rej);0.675;0;sem match válido;Qwen3-1.7B-QLoRA
ID_4830050448543240;13;polarizability;dynamic dipole polarizability;0.817;3;match válido;Qwen3-1.7B-QLoRA
ID_4830050448543240;14;van der waals density functional;waals density functional;0.814;3;match válido;Qwen3-1.7B-QLoRA
ID_4830050448543240;15;van der waals forces;van der waals;0.927;3;match válido;Qwen3-1.7B-QLoRA
ID_4830050448543240;16;van der waals forces and interactions;van der waals (rej);0.707;0;sem match válido;Qwen3-1.7B-QLoRA
ID_4830050448543240;17;van der waals density;van der waals (rej);0.837;0;sem match válido;Qwen3-1.7B-QLoRA
ID_4830050448543240;18;van der waals force;van der waals (rej);0.925;0;sem match válido;Qwen3-1.7B-QLoRA
ID_4830050448543240;19;van der waals intermolecular forces;van der waals (rej);0.649;0;sem match válido;Qwen3-1.7B-QLoRA
ID_4830050448543240;20;van der waals interaction;van der waals (rej);0.864;0;sem match válido;Qwen3-1.7B-QLoRA
ID_4854372533657671;1;critical behavior;stochastic behavior (rej);0.505;0;sem match válido;Qwen3-1.7B-QLoRA
ID_4854372533657671;2;dynamical models;precursory dynamics (rej);0.638;0;sem match válido;Qwen3-1.7B-QLoRA
ID_4854372533657671;3;earthquake models;physics of earthquakes;0.829;3;match válido;Qwen3-1.7B-QLoRA
ID_4854372533657671;4;evolution;evolution;1.000;3;match válido;Qwen3-1.7B-QLoRA
ID_4854372533657671;5;evolutionary models;evolution (rej);0.804;0;sem match válido;Qwen3-1.7B-QLoRA
ID_4854372533657671;6;evolutionary models, monte carlo;evolution (rej);0.716;0;sem match válido;Qwen3-1.7B-QLoRA
ID_4854372533657671;7;geodynamics;physics of earthquakes (rej);0.518;0;sem match válido;Qwen3-1.7B-QLoRA
ID_4854372533657671;8;modelos de dinâmica;precursory dynamics;0.751;3;match válido;Qwen3-1.7B-QLoRA
ID_4854372533657671;9;monte-carlo simulations;monte-carlo simulations;1.000;3;match válido;Qwen3-1.7B-QLoRA
ID_4854372533657671;10;natural fault systems;earthquake faults (rej);0.732;0;sem match válido;Qwen3-1.7B-QLoRA
ID_4854372533657671;11;natural earthquake systems;earthquake faults;0.815;2;match válido;Qwen3-1.7B-QLoRA
ID_4854372533657671;12;natural threshold systems;threshold models;0.753;3;match válido;Qwen3-1.7B-QLoRA
ID_4854372533657671;13;nuclear matter properties;nuclear matter;0.923;3;match válido;Qwen3-1.7B-QLoRA
ID_4854372533657671;14;population dynamics;population dynamics;1.000;3;match válido;Qwen3-1.7B-QLoRA
ID_4854372533657671;15;population dynamics model;population dynamics (rej);0.956;0;sem match válido;Qwen3-1.7B-QLoRA
ID_4854372533657671;16;reliativistic nuclear matter;nuclear matter (rej);0.856;0;sem match válido;Qwen3-1.7B-QLoRA
ID_4854372533657671;17;relativistic nuclear matter models;nuclear matter (rej);0.750;0;sem match válido;Qwen3-1.7B-QLoRA
ID_4854372533657671;18;self-organized systems;phase coexistence (rej);0.451;0;sem match válido;Qwen3-1.7B-QLoRA
ID_4854372533657671;19;self-organisation;phase coexistence (rej);0.361;0;sem match válido;Qwen3-1.7B-QLoRA
ID_4854372533657671;20;simulation;computer simulations;0.942;3;match válido;Qwen3-1.7B-QLoRA
ID_4928616387172275;1;amazonian birds;amazonia (rej);0.711;0;sem match válido;Qwen3-1.7B-QLoRA
ID_4928616387172275;2;amazonian biogeography;biogeography;0.769;3;match válido;Qwen3-1.7B-QLoRA
ID_4928616387172275;3;amazonian birds diversity;patterns in amazonia (rej);0.678;0;sem match válido;Qwen3-1.7B-QLoRA
ID_4928616387172275;4;amazonian birds phylogeny;patterns in amazonia (rej);0.656;0;sem match válido;Qwen3-1.7B-QLoRA
ID_4928616387172275;5;amazonia;amazonia;1.000;3;match válido;Qwen3-1.7B-QLoRA
ID_4928616387172275;6;brazilian amazon;amazonia (rej);0.882;0;sem match válido;Qwen3-1.7B-QLoRA
ID_4928616387172275;7;divergence time estimation;patterns of diversification (rej);0.456;0;sem match válido;Qwen3-1.7B-QLoRA
ID_4928616387172275;8;divergence times;patterns of diversification (rej);0.578;0;sem match válido;Qwen3-1.7B-QLoRA
ID_4928616387172275;9;divergence times estimates;patterns of diversification (rej);0.491;0;sem match válido;Qwen3-1.7B-QLoRA
ID_4928616387172275;10;divergence-time estimation;patterns of diversification (rej);0.475;0;sem match válido;Qwen3-1.7B-QLoRA
ID_4928616387172275;11;divergence-time estimates;patterns of diversification (rej);0.497;0;sem match válido;Qwen3-1.7B-QLoRA
ID_4928616387172275;12;divergence-time estimation method;patterns of diversification (rej);0.434;0;sem match válido;Qwen3-1.7B-QLoRA
ID_4928616387172275;13;historical biogeography;historical biogeography;1.000;3;match válido;Qwen3-1.7B-QLoRA
ID_4928616387172275;14;phylogenetic trees;species tree;0.909;2;match válido;Qwen3-1.7B-QLoRA
ID_4928616387172275;15;phylogenetic relationships;taxonomic arrangement;0.774;3;match válido;Qwen3-1.7B-QLoRA
ID_4928616387172275;16;phylogenetic relationship;molecular phylogeny;0.797;3;match válido;Qwen3-1.7B-QLoRA
ID_4928616387172275;17;phylogenetic relationship analysis;taxonomic arrangement (rej);0.748;0;sem match válido;Qwen3-1.7B-QLoRA
ID_4928616387172275;18;phylogenetic relationships among birds;neotropical parrot (rej);0.674;0;sem match válido;Qwen3-1.7B-QLoRA
ID_4928616387172275;19;phylogenetic relationships among psittacines;biological species (rej);0.656;0;sem match válido;Qwen3-1.7B-QLoRA
ID_4928616387172275;20;phylogenetic relationships in birds;neotropical parrot (rej);0.660;0;sem match válido;Qwen3-1.7B-QLoRA
ID_5006741787749124;1;brain;central nervous system (rej);0.540;0;sem match válido;Qwen3-1.7B-QLoRA
ID_5006741787749124;2;dopamine;neuropsychiatric disorders (rej);0.510;0;sem match válido;Qwen3-1.7B-QLoRA
ID_5006741787749124;3;dopamine d2 receptor;neuronal calcium sensor 1 (rej);0.432;0;sem match válido;Qwen3-1.7B-QLoRA
ID_5006741787749124;4;dopamine signaling;signaling pathway (rej);0.505;0;sem match válido;Qwen3-1.7B-QLoRA
ID_5006741787749124;5;dopaminergic signaling;signaling pathway (rej);0.522;0;sem match válido;Qwen3-1.7B-QLoRA
ID_5006741787749124;6;dopamine signaling pathway;signaling pathway (rej);0.580;0;sem match válido;Qwen3-1.7B-QLoRA
ID_5006741787749124;7;epilepsy;neuropsychiatric disorders (rej);0.668;0;sem match válido;Qwen3-1.7B-QLoRA
ID_5006741787749124;8;neurobiology;neuropsychiatric disorders (rej);0.530;0;sem match válido;Qwen3-1.7B-QLoRA
ID_5006741787749124;9;preliminary studies;ncs-1 (rej);0.382;0;sem match válido;Qwen3-1.7B-QLoRA
ID_5006741787749124;10;schizophrenia;schizophrenia;1.000;2;match válido;Qwen3-1.7B-QLoRA
ID_5006741787749124;11;schizophrenia and bipolar;bipolar disorder;0.867;1;match válido;Qwen3-1.7B-QLoRA
ID_5006741787749124;12;schizophrenia and cocaine;schizophrenia (rej);0.834;0;sem match válido;Qwen3-1.7B-QLoRA
ID_5006741787749124;13;schizophrenia and cocaine addiction;schizophrenia (rej);0.797;0;sem match válido;Qwen3-1.7B-QLoRA
ID_5006741787749124;14;schizophrenia and cocaine withdrawal;schizophrenia (rej);0.783;0;sem match válido;Qwen3-1.7B-QLoRA
ID_5006741787749124;15;schizophrenia and ethanol;schizophrenia (rej);0.774;0;sem match válido;Qwen3-1.7B-QLoRA
ID_5006741787749124;16;schizophrenia and nicotine;schizophrenia (rej);0.755;0;sem match válido;Qwen3-1.7B-QLoRA
ID_5006741787749124;17;schizophrenia and stimulants;schizophrenia (rej);0.838;0;sem match válido;Qwen3-1.7B-QLoRA
ID_5006741787749124;18;schizophrenia and valproic acid;schizophrenia (rej);0.768;0;sem match válido;Qwen3-1.7B-QLoRA
ID_5006741787749124;19;schizophrenia and valproic acid treatment;schizophrenia (rej);0.727;0;sem match válido;Qwen3-1.7B-QLoRA
ID_5006741787749124;20;schizophrenia and valproic acid-treated;schizophrenia (rej);0.729;0;sem match válido;Qwen3-1.7B-QLoRA
ID_5065411466998527;1;amazonian biodiversity;leishmania amazonensis promastigotes (rej);0.565;0;sem match válido;Qwen3-1.7B-QLoRA
ID_5065411466998527;2;biological implications;potential biotechnology (rej);0.557;0;sem match válido;Qwen3-1.7B-QLoRA
ID_5065411466998527;3;combretum leprosum;combretum leprosum;1.000;3;match válido;Qwen3-1.7B-QLoRA
ID_5065411466998527;4;cutaneous leishmaniasis;leishmaniasis (rej);0.737;0;sem match válido;Qwen3-1.7B-QLoRA
ID_5065411466998527;5;development of new drugs;potential biotechnology (rej);0.630;0;sem match válido;Qwen3-1.7B-QLoRA
ID_5065411466998527;6;leishmania amazonensis;leishmania amazonensis;1.000;3;match válido;Qwen3-1.7B-QLoRA
ID_5065411466998527;7;leishmania guyanensis;leishmania amazonensis promastigotes;0.821;3;match válido;Qwen3-1.7B-QLoRA
ID_5065411466998527;8;malaria;malaria;1.000;1;match válido;Qwen3-1.7B-QLoRA
ID_5065411466998527;9;methanolic extract;methanolic extracts (rej);0.989;0;sem match válido;Qwen3-1.7B-QLoRA
ID_5065411466998527;10;methanolic extracts;methanolic extracts;1.000;1;match válido;Qwen3-1.7B-QLoRA
ID_5065411466998527;11;nanobiotechnology approach;nanobiotechnology application;0.983;3;match válido;Qwen3-1.7B-QLoRA
ID_5065411466998527;12;nutrient deprivation;plant extracts (rej);0.318;0;sem match válido;Qwen3-1.7B-QLoRA
ID_5065411466998527;13;protective immunity;resistance and susceptibility (rej);0.621;0;sem match válido;Qwen3-1.7B-QLoRA
ID_5065411466998527;14;purification and characterization;alkaloidal fractions (rej);0.431;0;sem match válido;Qwen3-1.7B-QLoRA
ID_5065411466998527;15;rapid elimination;activity on promastigotes (rej);0.354;0;sem match válido;Qwen3-1.7B-QLoRA
ID_5065411466998527;16;resistance;resistance and susceptibility;0.829;3;match válido;Qwen3-1.7B-QLoRA
ID_5065411466998527;17;serpent venom;leishmaniasis (rej);0.562;0;sem match válido;Qwen3-1.7B-QLoRA
ID_5065411466998527;18;synthetic derivatives;synthetic derivatives;1.000;1;match válido;Qwen3-1.7B-QLoRA
ID_5065411466998527;19;trypanosomiasis treatment;malaria (rej);0.438;0;sem match válido;Qwen3-1.7B-QLoRA
ID_5065411466998527;20;vaccine;vaccine’s formulation;0.921;2;match válido;Qwen3-1.7B-QLoRA
ID_5105401635003548;1;brazil;northeast brazil (rej);0.843;0;sem match válido;Qwen3-1.7B-QLoRA
ID_5105401635003548;2;brazilian archaeology;áreas arqueológicas (rej);0.690;0;sem match válido;Qwen3-1.7B-QLoRA
ID_5105401635003548;3;brazilian history;northeast brazil (rej);0.735;0;sem match válido;Qwen3-1.7B-QLoRA
ID_5105401635003548;4;cultural heritage management;áreas arqueológicas (rej);0.566;0;sem match válido;Qwen3-1.7B-QLoRA
ID_5105401635003548;5;educação patrimonial;studio degli insediamenti (rej);0.448;0;sem match válido;Qwen3-1.7B-QLoRA
ID_5105401635003548;6;historical archaeological research;áreas arqueológicas;0.886;3;match válido;Qwen3-1.7B-QLoRA
ID_5105401635003548;7;patrimônio histórico;rupestres da tradição (rej);0.721;0;sem match válido;Qwen3-1.7B-QLoRA
ID_5105401635003548;8;patrimônio pré-colonial;umani pre coloniali (rej);0.818;0;sem match válido;Qwen3-1.7B-QLoRA
ID_5105401635003548;9;pre-colonial brazilian history;umani pre coloniali (rej);0.672;0;sem match válido;Qwen3-1.7B-QLoRA
ID_5105401635003548;10;pre-colonial indigenous societies;umani pre coloniali;0.844;2;match válido;Qwen3-1.7B-QLoRA
ID_5105401635003548;11;public policy;studio degli insediamenti (rej);0.340;0;sem match válido;Qwen3-1.7B-QLoRA
ID_5105401635003548;12;regional non-dipole field contribution;global geomagnetic field (rej);0.485;0;sem match válido;Qwen3-1.7B-QLoRA
ID_5105401635003548;13;southeastern brazil;northeast brazil;0.904;2;match válido;Qwen3-1.7B-QLoRA
ID_5105401635003548;14;south atlantic magnetic anomaly;global geomagnetic field (rej);0.585;0;sem match válido;Qwen3-1.7B-QLoRA
ID_5105401635003548;15;south atlantic magnetic anomalies;global geomagnetic field (rej);0.596;0;sem match válido;Qwen3-1.7B-QLoRA
ID_5105401635003548;16;southwest atlantic magnetic anomalies;global geomagnetic field (rej);0.589;0;sem match válido;Qwen3-1.7B-QLoRA
ID_5105401635003548;17;southern africa;indígena (rej);0.420;0;sem match válido;Qwen3-1.7B-QLoRA
ID_5105401635003548;18;southern hemisphere;sítios dunares (rej);0.482;0;sem match válido;Qwen3-1.7B-QLoRA
ID_5105401635003548;19;southern hemisphere magnetic anomalies;global geomagnetic field (rej);0.647;0;sem match válido;Qwen3-1.7B-QLoRA
ID_5105401635003548;20;southeastern amazon;northeast brazil (rej);0.580;0;sem match válido;Qwen3-1.7B-QLoRA
ID_5118629875846648;1;association rules;association rules;1.000;3;match válido;Qwen3-1.7B-QLoRA
ID_5118629875846648;2;cbir;medical images (rej);0.325;0;sem match válido;Qwen3-1.7B-QLoRA
ID_5118629875846648;3;content-based image retrieval;content-based image retrieval;1.000;3;match válido;Qwen3-1.7B-QLoRA
ID_5118629875846648;4;medical imaging;medical images;0.789;3;match válido;Qwen3-1.7B-QLoRA
ID_5118629875846648;5;neighboring queries;similarity queries (rej);0.632;0;sem match válido;Qwen3-1.7B-QLoRA
ID_5118629875846648;6;performance gap;fast feature selection (rej);0.348;0;sem match válido;Qwen3-1.7B-QLoRA
ID_5118629875846648;7;query processing;query processing;1.000;3;match válido;Qwen3-1.7B-QLoRA
ID_5118629875846648;8;relevance feedback;similarity queries (rej);0.481;0;sem match válido;Qwen3-1.7B-QLoRA
ID_5118629875846648;9;retrieval;similarity search (rej);0.511;0;sem match válido;Qwen3-1.7B-QLoRA
ID_5118629875846648;10;retrieval models;data mining (rej);0.600;0;sem match válido;Qwen3-1.7B-QLoRA
ID_5118629875846648;11;retrieval performance;query processing (rej);0.622;0;sem match válido;Qwen3-1.7B-QLoRA
ID_5118629875846648;12;retrieval strategies;data mining (rej);0.543;0;sem match válido;Qwen3-1.7B-QLoRA
ID_5118629875846648;13;semantic gaps;xml grammar (rej);0.509;0;sem match válido;Qwen3-1.7B-QLoRA
ID_5118629875846648;14;spatial relations;spatial-perceptual design (rej);0.660;0;sem match válido;Qwen3-1.7B-QLoRA
ID_5118629875846648;15;support vector machines;feature vectors (rej);0.540;0;sem match válido;Qwen3-1.7B-QLoRA
ID_5118629875846648;16;university library;multimedia databases (rej);0.418;0;sem match válido;Qwen3-1.7B-QLoRA
ID_5118629875846648;17;university libraries;multimedia databases (rej);0.428;0;sem match válido;Qwen3-1.7B-QLoRA
ID_5118629875846648;18;unstructured data;data mining (rej);0.547;0;sem match válido;Qwen3-1.7B-QLoRA
ID_5118629875846648;19;visualisation;spatial-perceptual design (rej);0.607;0;sem match válido;Qwen3-1.7B-QLoRA
ID_5118629875846648;20;visualization;spatial-perceptual design (rej);0.585;0;sem match válido;Qwen3-1.7B-QLoRA
ID_5183458350445779;1;cell biology;dismutase from schistosoma (rej);0.512;0;sem match válido;Qwen3-1.7B-QLoRA
ID_5183458350445779;2;expression;heterologous expression (rej);0.595;0;sem match válido;Qwen3-1.7B-QLoRA
ID_5183458350445779;3;immobilization;thermal unfolding (rej);0.414;0;sem match válido;Qwen3-1.7B-QLoRA
ID_5183458350445779;4;immobilization of rs100a12;rp24-3m (rej);0.571;0;sem match válido;Qwen3-1.7B-QLoRA
ID_5183458350445779;5;protein;protein;1.000;3;match válido;Qwen3-1.7B-QLoRA
ID_5183458350445779;6;protein immobilization biosensors;protein (rej);0.557;0;sem match válido;Qwen3-1.7B-QLoRA
ID_5183458350445779;7;protein immobilization;protein (rej);0.684;0;sem match válido;Qwen3-1.7B-QLoRA
ID_5183458350445779;8;protein immobilization in layer-by-layer;protein (rej);0.624;0;sem match válido;Qwen3-1.7B-QLoRA
ID_5183458350445779;9;septin;human septin;0.822;3;match válido;Qwen3-1.7B-QLoRA
ID_5183458350445779;10;septin 3;human septin (rej);0.775;0;sem match válido;Qwen3-1.7B-QLoRA
ID_5183458350445779;11;septin 3 gtpase;human septin (rej);0.656;0;sem match válido;Qwen3-1.7B-QLoRA
ID_5183458350445779;12;septin 3 gtpase domain;septin c-terminal domain;0.759;3;match válido;Qwen3-1.7B-QLoRA
ID_5183458350445779;13;septin gtpase domain;gtpase domain;0.801;3;match válido;Qwen3-1.7B-QLoRA
ID_5183458350445779;14;septin filaments;human septin (rej);0.609;0;sem match válido;Qwen3-1.7B-QLoRA
ID_5183458350445779;15;septin filaments assembly;septin c-terminal domain (rej);0.525;0;sem match válido;Qwen3-1.7B-QLoRA
ID_5183458350445779;16;septin filaments forming;human septin (rej);0.591;0;sem match válido;Qwen3-1.7B-QLoRA
ID_5183458350445779;17;septin filaments forming proteins;human septin (rej);0.588;0;sem match válido;Qwen3-1.7B-QLoRA
ID_5183458350445779;18;septin group;human septin (rej);0.763;0;sem match válido;Qwen3-1.7B-QLoRA
ID_5183458350445779;19;septin group proteins;human septin (rej);0.715;0;sem match válido;Qwen3-1.7B-QLoRA
ID_5183458350445779;20;septin group proteins and;human septin (rej);0.705;0;sem match válido;Qwen3-1.7B-QLoRA
ID_5187181156228197;1;geochronology;geochronology;1.000;3;match válido;Qwen3-1.7B-QLoRA
ID_5187181156228197;2;magmatic arc;magmatic arc;1.000;2;match válido;Qwen3-1.7B-QLoRA
ID_5187181156228197;3;neoproterozoic;neoproterozoic;1.000;3;match válido;Qwen3-1.7B-QLoRA
ID_5187181156228197;4;northwest brazilian shield;southern brasilia (rej);0.737;0;sem match válido;Qwen3-1.7B-QLoRA
ID_5187181156228197;5;northwest brazilian shield–central amazonian province;southern brasilia (rej);0.696;0;sem match válido;Qwen3-1.7B-QLoRA
ID_5187181156228197;6;post-collisional granites;sedimentary;0.762;1;match válido;Qwen3-1.7B-QLoRA
ID_5187181156228197;7;south atlantic conjugate margins;neoproterozoic passive margin (rej);0.572;0;sem match válido;Qwen3-1.7B-QLoRA
ID_5187181156228197;8;south atlantic conjugate margins during gondwana;western gondwana (rej);0.726;0;sem match válido;Qwen3-1.7B-QLoRA
ID_5187181156228197;9;south atlantic conjugate margins during gondwana breakup;western gondwana (rej);0.670;0;sem match válido;Qwen3-1.7B-QLoRA
ID_5187181156228197;10;structural framework;structural data;0.806;2;match válido;Qwen3-1.7B-QLoRA
ID_5187181156228197;11;subduction;oblique subduction;0.920;1;match válido;Qwen3-1.7B-QLoRA
ID_5187181156228197;12;supergroup structure;subduction complex (rej);0.520;0;sem match válido;Qwen3-1.7B-QLoRA
ID_5187181156228197;13;sudetes;serrinha (rej);0.661;0;sem match válido;Qwen3-1.7B-QLoRA
ID_5187181156228197;14;the rio negro magmatic arc;magmatic arc (rej);0.779;0;sem match válido;Qwen3-1.7B-QLoRA
ID_5187181156228197;15;western gondwana;western gondwana;1.000;3;match válido;Qwen3-1.7B-QLoRA
ID_5187181156228197;16;western gondwana amalga;west gondwana;0.885;3;match válido;Qwen3-1.7B-QLoRA
ID_5187181156228197;17;western gondwana assembly;gondwana amalgamation;0.794;3;match válido;Qwen3-1.7B-QLoRA
ID_5187181156228197;18;western gondwana breakup;western gondwana (rej);0.846;0;sem match válido;Qwen3-1.7B-QLoRA
ID_5187181156228197;19;western gondwana reconstruction;western gondwana (rej);0.882;0;sem match válido;Qwen3-1.7B-QLoRA
ID_5187181156228197;20;western gondwana scarp;western gondwana (rej);0.831;0;sem match válido;Qwen3-1.7B-QLoRA
ID_5265254209364825;1;analog arrays;field programmable analog (rej);0.552;0;sem match válido;Qwen3-1.7B-QLoRA
ID_5265254209364825;2;built-in self-test;built-in self-test;1.000;3;match válido;Qwen3-1.7B-QLoRA
ID_5265254209364825;3;field programmable analog;field programmable analog;1.000;3;match válido;Qwen3-1.7B-QLoRA
ID_5265254209364825;4;fault injection;fault diagnosis (rej);0.706;0;sem match válido;Qwen3-1.7B-QLoRA
ID_5265254209364825;5;mixed-signal flash-based fpga;fpga (rej);0.495;0;sem match válido;Qwen3-1.7B-QLoRA
ID_5265254209364825;6;microcontroller;sistemas eletrônicos (rej);0.564;0;sem match válido;Qwen3-1.7B-QLoRA
ID_5265254209364825;7;radiation effects;radiation effects;1.000;3;match válido;Qwen3-1.7B-QLoRA
ID_5265254209364825;8;recomputing-based correction;reliability (rej);0.317;0;sem match válido;Qwen3-1.7B-QLoRA
ID_5265254209364825;9;single-event upset effects;radiation effects (rej);0.368;0;sem match válido;Qwen3-1.7B-QLoRA
ID_5265254209364825;10;self-checking scheme;built-in self-test (rej);0.719;0;sem match válido;Qwen3-1.7B-QLoRA
ID_5265254209364825;11;self-checking schemes;built-in self-test (rej);0.701;0;sem match válido;Qwen3-1.7B-QLoRA
ID_5265254209364825;12;self-testing mask programmable;built-in self-test (rej);0.670;0;sem match válido;Qwen3-1.7B-QLoRA
ID_5265254209364825;13;test;test;1.000;3;match válido;Qwen3-1.7B-QLoRA
ID_5265254209364825;14;test sequences;testing;0.813;3;match válido;Qwen3-1.7B-QLoRA
ID_5265254209364825;15;test sequence;test (rej);0.828;0;sem match válido;Qwen3-1.7B-QLoRA
ID_5265254209364825;16;testing field programmable;built-in self-test (rej);0.696;0;sem match válido;Qwen3-1.7B-QLoRA
ID_5265254209364825;17;transient faults;fault diagnosis (rej);0.680;0;sem match válido;Qwen3-1.7B-QLoRA
ID_5265254209364825;18;transient response analysis;oscillation test strategy (rej);0.430;0;sem match válido;Qwen3-1.7B-QLoRA
ID_5265254209364825;19;transient response analysis method;oscillation test strategy (rej);0.446;0;sem match válido;Qwen3-1.7B-QLoRA
ID_5265254209364825;20;transistor–transistor logics;integrated circuit design (rej);0.584;0;sem match válido;Qwen3-1.7B-QLoRA
ID_5317385915649516;1;animal nutrition;bovinos alimentados;0.772;3;match válido;Qwen3-1.7B-QLoRA
ID_5317385915649516;2;body weight;kg (rej);0.625;0;sem match válido;Qwen3-1.7B-QLoRA
ID_5317385915649516;3;carcasses and meat;bovinos alimentados (rej);0.614;0;sem match válido;Qwen3-1.7B-QLoRA
ID_5317385915649516;4;capim-marandu;marandu grass (rej);0.587;0;sem match válido;Qwen3-1.7B-QLoRA
ID_5317385915649516;5;capim-pennisetum;pennisetum (rej);0.603;0;sem match válido;Qwen3-1.7B-QLoRA
ID_5317385915649516;6;capim-pennisetum purpureum;marandu grass (rej);0.543;0;sem match válido;Qwen3-1.7B-QLoRA
ID_5317385915649516;7;cellular wall;cellulase (rej);0.587;0;sem match válido;Qwen3-1.7B-QLoRA
ID_5317385915649516;8;concentrated feeds;intake (rej);0.583;0;sem match válido;Qwen3-1.7B-QLoRA
ID_5317385915649516;9;crossbred beef heifers;bovinos alimentados (rej);0.734;0;sem match válido;Qwen3-1.7B-QLoRA
ID_5317385915649516;10;dietary energy;nutritional value;0.753;3;match válido;Qwen3-1.7B-QLoRA
ID_5317385915649516;11;forage digestion;digestibility;0.816;3;match válido;Qwen3-1.7B-QLoRA
ID_5317385915649516;12;heifers feeding;bovinos alimentados (rej);0.752;0;sem match válido;Qwen3-1.7B-QLoRA
ID_5317385915649516;13;herbage;marandu grass (rej);0.706;0;sem match válido;Qwen3-1.7B-QLoRA
ID_5317385915649516;14;livestock;bovinos alimentados (rej);0.770;0;sem match válido;Qwen3-1.7B-QLoRA
ID_5317385915649516;15;livestock production system;bovinos alimentados (rej);0.627;0;sem match válido;Qwen3-1.7B-QLoRA
ID_5317385915649516;16;meat quality;bovinos alimentados (rej);0.559;0;sem match válido;Qwen3-1.7B-QLoRA
ID_5317385915649516;17;metabolizable energy;consumo e digestibilidade (rej);0.606;0;sem match válido;Qwen3-1.7B-QLoRA
ID_5317385915649516;18;performance and meat;bovinos alimentados (rej);0.534;0;sem match válido;Qwen3-1.7B-QLoRA
ID_5317385915649516;19;protein and energy;protein sources;0.801;3;match válido;Qwen3-1.7B-QLoRA
ID_5317385915649516;20;production;eficiência de síntese (rej);0.550;0;sem match válido;Qwen3-1.7B-QLoRA
ID_5368167403557640;1;finite element method;finite element method;1.000;3;match válido;Qwen3-1.7B-QLoRA
ID_5368167403557640;2;finite element space;finite elements (rej);0.833;0;sem match válido;Qwen3-1.7B-QLoRA
ID_5368167403557640;3;finite element spaces;finite elements (rej);0.810;0;sem match válido;Qwen3-1.7B-QLoRA
ID_5368167403557640;4;meshless shapes;unstructured mesh generation;0.750;2;match válido;Qwen3-1.7B-QLoRA
ID_5368167403557640;5;moving-least-squares surfaces;tracking with moving-least-squares (rej);0.719;0;sem match válido;Qwen3-1.7B-QLoRA
ID_5368167403557640;6;numerical stability;reynolds equation (rej);0.539;0;sem match válido;Qwen3-1.7B-QLoRA
ID_5368167403557640;7;projection method;shape sensitivity analysis (rej);0.385;0;sem match válido;Qwen3-1.7B-QLoRA
ID_5368167403557640;8;stability analysis;surface tension (rej);0.423;0;sem match válido;Qwen3-1.7B-QLoRA
ID_5368167403557640;9;surface tension;surface tension;1.000;3;match válido;Qwen3-1.7B-QLoRA
ID_5368167403557640;10;two-phase flows;two-phase flow;0.981;3;match válido;Qwen3-1.7B-QLoRA
ID_5368167403557640;11;finite element;finite elements;0.968;3;match válido;Qwen3-1.7B-QLoRA
ID_5368167403557640;12;interpolation;partitioned analysis (rej);0.524;0;sem match válido;Qwen3-1.7B-QLoRA
ID_5368167403557640;13;interpolation order;partitioned analysis (rej);0.529;0;sem match válido;Qwen3-1.7B-QLoRA
ID_5368167403557640;14;low-reynolds-number flows;secondary flows (rej);0.608;0;sem match válido;Qwen3-1.7B-QLoRA
ID_5368167403557640;15;multiphase flows;two-phase flow (rej);0.794;0;sem match válido;Qwen3-1.7B-QLoRA
ID_5368167403557640;16;numerical experiments;experimental measurements;0.813;1;match válido;Qwen3-1.7B-QLoRA
ID_5368167403557640;17;numerical stability analysis;reynolds equation (rej);0.491;0;sem match válido;Qwen3-1.7B-QLoRA
ID_5368167403557640;18;numerical simulation;reynolds equation (rej);0.480;0;sem match válido;Qwen3-1.7B-QLoRA
ID_5368167403557640;19;projection method for low-reynolds-number;tracking with moving-least-squares (rej);0.378;0;sem match válido;Qwen3-1.7B-QLoRA
ID_5368167403557640;20;second-order sensitivity analysis;shape sensitivity analysis (rej);0.579;0;sem match válido;Qwen3-1.7B-QLoRA
ID_5424781102486268;1;atomic force;atomic force microscopy;0.807;3;match válido;Qwen3-1.7B-QLoRA
ID_5424781102486268;2;cell surface;cell;0.798;3;match válido;Qwen3-1.7B-QLoRA
ID_5424781102486268;3;dmsa-coated magnetic;magnetic fluids (rej);0.689;0;sem match válido;Qwen3-1.7B-QLoRA
ID_5424781102486268;4;dmsa-coated magnitite;magnetite-based magnetic fluid (rej);0.501;0;sem match válido;Qwen3-1.7B-QLoRA
ID_5424781102486268;5;dmsa-coated magnitite nanoparticle;magnetite-based magnetic fluid (rej);0.442;0;sem match válido;Qwen3-1.7B-QLoRA
ID_5424781102486268;6;dmsa-coated magnetite;magnetite-based magnetic fluid (rej);0.754;0;sem match válido;Qwen3-1.7B-QLoRA
ID_5424781102486268;7;dmsa-coated magnetite nanoparticles;magnetite-based magnetic fluid (rej);0.675;0;sem match válido;Qwen3-1.7B-QLoRA
ID_5424781102486268;8;dmsa-coated magnetic nanoparticles;magnetite-based magnetic fluid (rej);0.594;0;sem match válido;Qwen3-1.7B-QLoRA
ID_5424781102486268;9;dmsa-coated magnetic fluid;magnetic fluids;0.821;3;match válido;Qwen3-1.7B-QLoRA
ID_5424781102486268;10;double-coated magnetite-based;magnetite-based magnetic fluid;0.775;2;match válido;Qwen3-1.7B-QLoRA
ID_5424781102486268;11;electron microscopy;transmission electron microscopy;0.877;2;match válido;Qwen3-1.7B-QLoRA
ID_5424781102486268;12;immunohistochemistry;antimicrobial peptides (rej);0.555;0;sem match válido;Qwen3-1.7B-QLoRA
ID_5424781102486268;13;laser and photosensitizer;atomic force microscopy (rej);0.408;0;sem match válido;Qwen3-1.7B-QLoRA
ID_5424781102486268;14;low-level laser;atomic force microscopy (rej);0.393;0;sem match válido;Qwen3-1.7B-QLoRA
ID_5424781102486268;15;low-level lasers;atomic force microscopy (rej);0.388;0;sem match válido;Qwen3-1.7B-QLoRA
ID_5424781102486268;16;morphometry;characterization (rej);0.476;0;sem match válido;Qwen3-1.7B-QLoRA
ID_5424781102486268;17;nanoparticles immersion;atomic force microscopy (rej);0.357;0;sem match válido;Qwen3-1.7B-QLoRA
ID_5424781102486268;18;nanostruture;transmission electron microscopy (rej);0.434;0;sem match válido;Qwen3-1.7B-QLoRA
ID_5424781102486268;19;neurotransmitter release;skin secretion (rej);0.405;0;sem match válido;Qwen3-1.7B-QLoRA
ID_5424781102486268;20;photoinitiator;transmission electron microscopy (rej);0.476;0;sem match válido;Qwen3-1.7B-QLoRA
ID_5465930712415985;1;brazilian flora;vegetation types (rej);0.710;0;sem match válido;Qwen3-1.7B-QLoRA
ID_5465930712415985;2;brazilian flora and fauna;tropical forest (rej);0.709;0;sem match válido;Qwen3-1.7B-QLoRA
ID_5465930712415985;3;brazilian flora studies;vegetation types (rej);0.700;0;sem match válido;Qwen3-1.7B-QLoRA
ID_5465930712415985;4;brazilian leguminosae mimosoideae;studies in leguminosae (rej);0.736;0;sem match válido;Qwen3-1.7B-QLoRA
ID_5465930712415985;5;brazilian leguminosae-mimosoideae;studies in leguminosae;0.799;3;match válido;Qwen3-1.7B-QLoRA
ID_5465930712415985;6;brazilian leguminosae-mimosoideae genera;studies in leguminosae (rej);0.785;0;sem match válido;Qwen3-1.7B-QLoRA
ID_5465930712415985;7;brazilian leguminosae-mimosoideae genera and species;studies in leguminosae (rej);0.727;0;sem match válido;Qwen3-1.7B-QLoRA
ID_5465930712415985;8;brazilian leguminosae-mimosoideae genera and species list;studies in leguminosae (rej);0.698;0;sem match válido;Qwen3-1.7B-QLoRA
ID_5465930712415985;9;brazilian leguminosae-mimosoideae genera and species names;studies in leguminosae (rej);0.677;0;sem match válido;Qwen3-1.7B-QLoRA
ID_5465930712415985;10;brazilian leguminosae-mimosoideae genera and species review;studies in leguminosae (rej);0.736;0;sem match válido;Qwen3-1.7B-QLoRA
ID_5465930712415985;11;brazilian leguminosae-mimosoideae genera and species tree;studies in leguminosae (rej);0.702;0;sem match válido;Qwen3-1.7B-QLoRA
ID_5465930712415985;12;brazilian leguminosae-mimosoideae genera and species trees;studies in leguminosae (rej);0.698;0;sem match válido;Qwen3-1.7B-QLoRA
ID_5465930712415985;13;brazilian leguminosae-mimosoideae genera and species taxonomy;studies in leguminosae (rej);0.697;0;sem match válido;Qwen3-1.7B-QLoRA
ID_5465930712415985;14;conservation;list highlights conservation (rej);0.729;0;sem match válido;Qwen3-1.7B-QLoRA
ID_5465930712415985;15;endangered species;taxonomy (rej);0.558;0;sem match válido;Qwen3-1.7B-QLoRA
ID_5465930712415985;16;florística e estrutura;florística e estrutura;1.000;2;match válido;Qwen3-1.7B-QLoRA
ID_5465930712415985;17;leguminosae;leguminosae;1.000;3;match válido;Qwen3-1.7B-QLoRA
ID_5465930712415985;18;mata atlântica;ombrófila densa atlântica;0.757;3;match válido;Qwen3-1.7B-QLoRA
ID_5465930712415985;19;new species;taxonomy (rej);0.660;0;sem match válido;Qwen3-1.7B-QLoRA
ID_5465930712415985;20;parque nacional;parque nacional;1.000;2;match válido;Qwen3-1.7B-QLoRA
ID_5554472337681978;1;biomarkers;molecular markers (rej);0.715;0;sem match válido;Qwen3-1.7B-QLoRA
ID_5554472337681978;2;domestic sewage;sewage;0.895;2;match válido;Qwen3-1.7B-QLoRA
ID_5554472337681978;3;fecal steroids;faecal sterols (rej);0.838;0;sem match válido;Qwen3-1.7B-QLoRA
ID_5554472337681978;4;fecal sterols;faecal sterols;0.885;3;match válido;Qwen3-1.7B-QLoRA
ID_5554472337681978;5;mangrove sediments;sedimentos superficiais (rej);0.673;0;sem match válido;Qwen3-1.7B-QLoRA
ID_5554472337681978;6;molecular markers;molecular markers;1.000;3;match válido;Qwen3-1.7B-QLoRA
ID_5554472337681978;7;organic matter;organic matter;1.000;3;match válido;Qwen3-1.7B-QLoRA
ID_5554472337681978;8;polycyclic aromatic hydrocarbons;particulate organic matter (rej);0.523;0;sem match válido;Qwen3-1.7B-QLoRA
ID_5554472337681978;9;sediment cores;sedimentos superficiais;0.890;2;match válido;Qwen3-1.7B-QLoRA
ID_5554472337681978;10;sewage contamination;sewage contamination;1.000;3;match válido;Qwen3-1.7B-QLoRA
ID_5554472337681978;11;source and distribution;sewage (rej);0.320;0;sem match válido;Qwen3-1.7B-QLoRA
ID_5554472337681978;12;total organic carbon;organic carbon;0.943;3;match válido;Qwen3-1.7B-QLoRA
ID_5554472337681978;13;urban rivers;sewage (rej);0.522;0;sem match válido;Qwen3-1.7B-QLoRA
ID_5554472337681978;14;urbanization processes;upwelling region (rej);0.349;0;sem match válido;Qwen3-1.7B-QLoRA
ID_5554472337681978;15;urbanization processes using mangrove;sewage (rej);0.344;0;sem match válido;Qwen3-1.7B-QLoRA
ID_5554472337681978;16;urban rivers as conveyers;sewage (rej);0.489;0;sem match válido;Qwen3-1.7B-QLoRA
ID_5554472337681978;17;urbanization processes on benthic;upwelling region (rej);0.425;0;sem match válido;Qwen3-1.7B-QLoRA
ID_5554472337681978;18;urbanization processes using mangrove forest;sewage (rej);0.281;0;sem match válido;Qwen3-1.7B-QLoRA
ID_5554472337681978;19;urban rivers as conveyors;sewage (rej);0.506;0;sem match válido;Qwen3-1.7B-QLoRA
ID_5554472337681978;20;urban rivers as conveyors of hydrocarbons;sewage (rej);0.518;0;sem match válido;Qwen3-1.7B-QLoRA
ID_5717546460597615;1;antarctic glaciers;rock glacier;0.835;3;match válido;Qwen3-1.7B-QLoRA
ID_5717546460597615;2;bathymetric maps;topography and bathymetry;0.828;3;match válido;Qwen3-1.7B-QLoRA
ID_5717546460597615;3;geomorphology;glacial geomorphology;0.775;3;match válido;Qwen3-1.7B-QLoRA
ID_5717546460597615;4;geolandsat image classification;glacial geomorphology (rej);0.559;0;sem match válido;Qwen3-1.7B-QLoRA
ID_5717546460597615;5;geomorphological mapping;glacial geomorphology (rej);0.709;0;sem match válido;Qwen3-1.7B-QLoRA
ID_5717546460597615;6;glacial lake sedimentation;glacial geomorphology (rej);0.726;0;sem match válido;Qwen3-1.7B-QLoRA
ID_5717546460597615;7;ground penetrating radar;reflectors of sub-bottom (rej);0.511;0;sem match válido;Qwen3-1.7B-QLoRA
ID_5717546460597615;8;image processing;results from texture (rej);0.476;0;sem match válido;Qwen3-1.7B-QLoRA
ID_5717546460597615;9;mudanças ambientais;mudanças ambientais;1.000;3;match válido;Qwen3-1.7B-QLoRA
ID_5717546460597615;10;periglacial features;periglacial features;1.000;3;match válido;Qwen3-1.7B-QLoRA
ID_5717546460597615;11;polar early career scientists;predominant temperate glacial (rej);0.427;0;sem match válido;Qwen3-1.7B-QLoRA
ID_5717546460597615;12;reconstrução da evolução;evolução do ambiente (rej);0.738;0;sem match válido;Qwen3-1.7B-QLoRA
ID_5717546460597615;13;sediment dynamics;sedimentar e investigação;0.812;2;match válido;Qwen3-1.7B-QLoRA
ID_5717546460597615;14;sedimentary systems;manto sedimentario;0.853;3;match válido;Qwen3-1.7B-QLoRA
ID_5717546460597615;15;submarine canyons;submarina e fácies (rej);0.730;0;sem match válido;Qwen3-1.7B-QLoRA
ID_5717546460597615;16;submarine canyon;submarina e fácies (rej);0.722;0;sem match válido;Qwen3-1.7B-QLoRA
ID_5717546460597615;17;submarine canyon formation;morfologia submarina (rej);0.714;0;sem match válido;Qwen3-1.7B-QLoRA
ID_5717546460597615;18;submarine canyon migration;submarina e fácies (rej);0.603;0;sem match válido;Qwen3-1.7B-QLoRA
ID_5717546460597615;19;tectonic activity;manto sedimentario (rej);0.637;0;sem match válido;Qwen3-1.7B-QLoRA
ID_5717546460597615;20;terra incognita;ellsworth mountains (rej);0.552;0;sem match válido;Qwen3-1.7B-QLoRA
ID_5832250655889116;1;bone marrow mononuclear cells;bone marrow mononuclear;0.969;3;match válido;Qwen3-1.7B-QLoRA
ID_5832250655889116;2;brain;brain-derived neurotrophic factor (rej);0.745;0;sem match válido;Qwen3-1.7B-QLoRA
ID_5832250655889116;3;central nervous system;central nervous system;1.000;3;match válido;Qwen3-1.7B-QLoRA
ID_5832250655889116;4;developing rat;adult rat superior;0.753;3;match válido;Qwen3-1.7B-QLoRA
ID_5832250655889116;5;dorsal horn;superior colliculus (rej);0.451;0;sem match válido;Qwen3-1.7B-QLoRA
ID_5832250655889116;6;ganglioside 9-o-acetyl gd3;9-o-acetyl gd3 gangliosides;0.969;3;match válido;Qwen3-1.7B-QLoRA
ID_5832250655889116;7;hippocampal ca1 layer;subventricular zone neurons (rej);0.627;0;sem match válido;Qwen3-1.7B-QLoRA
ID_5832250655889116;8;hippocampus;subventricular zone neurons (rej);0.609;0;sem match válido;Qwen3-1.7B-QLoRA
ID_5832250655889116;9;hypoxic-ischemic brain damage;brain-derived neurotrophic factor (rej);0.651;0;sem match válido;Qwen3-1.7B-QLoRA
ID_5832250655889116;10;optic nerve crush;sciatic nerve (rej);0.651;0;sem match válido;Qwen3-1.7B-QLoRA
ID_5832250655889116;11;peripheral nerve regeneration;sciatic nerve transection;0.763;2;match válido;Qwen3-1.7B-QLoRA
ID_5832250655889116;12;rat superior colliculus;rat superior colliculus;1.000;2;match válido;Qwen3-1.7B-QLoRA
ID_5832250655889116;13;schwann cell;labeled cells (rej);0.615;0;sem match válido;Qwen3-1.7B-QLoRA
ID_5832250655889116;14;schwann cells;labeled cells (rej);0.673;0;sem match válido;Qwen3-1.7B-QLoRA
ID_5832250655889116;15;superior colliculus;superior colliculus;1.000;3;match válido;Qwen3-1.7B-QLoRA
ID_5832250655889116;16;superior colliculus surface;superior colliculus (rej);0.911;0;sem match válido;Qwen3-1.7B-QLoRA
ID_5832250655889116;17;superior colliculus superficial layers;superior colliculus (rej);0.830;0;sem match válido;Qwen3-1.7B-QLoRA
ID_5832250655889116;18;superior colliculus superficially;superior colliculus (rej);0.944;0;sem match válido;Qwen3-1.7B-QLoRA
ID_5832250655889116;19;superior colliculus superficially layers;superior colliculus (rej);0.823;0;sem match válido;Qwen3-1.7B-QLoRA
ID_5832250655889116;20;transplantation;marrow mononuclear cells (rej);0.534;0;sem match válido;Qwen3-1.7B-QLoRA
ID_5832558504922244;1;aluminia;porous alumina scaffolds (rej);0.617;0;sem match válido;Qwen3-1.7B-QLoRA
ID_5832558504922244;2;bioactive coating;resin composite (rej);0.527;0;sem match válido;Qwen3-1.7B-QLoRA
ID_5832558504922244;3;ceramic spheres;ceramic spheres;1.000;3;match válido;Qwen3-1.7B-QLoRA
ID_5832558504922244;4;casting;wear (rej);0.386;0;sem match válido;Qwen3-1.7B-QLoRA
ID_5832558504922244;5;circular rings;porous radial bearings (rej);0.598;0;sem match válido;Qwen3-1.7B-QLoRA
ID_5832558504922244;6;composite;resin composite;0.808;2;match válido;Qwen3-1.7B-QLoRA
ID_5832558504922244;7;composites development;resin composite (rej);0.753;0;sem match válido;Qwen3-1.7B-QLoRA
ID_5832558504922244;8;compression;resultant bearing load (rej);0.468;0;sem match válido;Qwen3-1.7B-QLoRA
ID_5832558504922244;9;compression tests;resultant bearing load (rej);0.424;0;sem match válido;Qwen3-1.7B-QLoRA
ID_5832558504922244;10;compressão mecânica;aerostatic porous bearing (rej);0.566;0;sem match válido;Qwen3-1.7B-QLoRA
ID_5832558504922244;11;deformation;shape (rej);0.689;0;sem match válido;Qwen3-1.7B-QLoRA
ID_5832558504922244;12;experimental and numerical;numerical analysis (rej);0.709;0;sem match válido;Qwen3-1.7B-QLoRA
ID_5832558504922244;13;finite element simulation;mathematical model (rej);0.601;0;sem match válido;Qwen3-1.7B-QLoRA
ID_5832558504922244;14;highly porous;porous ceramic materials;0.801;3;match válido;Qwen3-1.7B-QLoRA
ID_5832558504922244;15;hydroxyapatite;prensagem isostática utilizando (rej);0.416;0;sem match válido;Qwen3-1.7B-QLoRA
ID_5832558504922244;16;hydroxyapatite coatings;resin composite (rej);0.544;0;sem match válido;Qwen3-1.7B-QLoRA
ID_5832558504922244;17;isostatic pressing;prensagem isostática utilizando (rej);0.660;0;sem match válido;Qwen3-1.7B-QLoRA
ID_5832558504922244;18;low pressure injection;prensagem isostática utilizando (rej);0.504;0;sem match válido;Qwen3-1.7B-QLoRA
ID_5832558504922244;19;mechanical behavior;máquina de ensaio (rej);0.605;0;sem match válido;Qwen3-1.7B-QLoRA
ID_5832558504922244;20;microfiltration;prensagem isostática utilizando (rej);0.585;0;sem match válido;Qwen3-1.7B-QLoRA
ID_5871402136758674;1;cosmic background radiation;cosmic microwave background (rej);0.821;0;sem match válido;Qwen3-1.7B-QLoRA
ID_5871402136758674;2;cosmic microwave background;cosmic microwave background;1.000;3;match válido;Qwen3-1.7B-QLoRA
ID_5871402136758674;3;cosmic microwave background maps;cosmic microwave background (rej);0.921;0;sem match válido;Qwen3-1.7B-QLoRA
ID_5871402136758674;4;cosmic microwave background power;cosmic microwave background (rej);0.924;0;sem match válido;Qwen3-1.7B-QLoRA
ID_5871402136758674;5;cosmic microwave background power spectra;cosmic microwave background (rej);0.915;0;sem match válido;Qwen3-1.7B-QLoRA
ID_5871402136758674;6;cosmic microwaves background;cosmic microwave background (rej);0.995;0;sem match válido;Qwen3-1.7B-QLoRA
ID_5871402136758674;7;cosmic microwave background anisotropy;cosmic microwave background (rej);0.909;0;sem match válido;Qwen3-1.7B-QLoRA
ID_5871402136758674;8;cosmic ray anisotropy;background emission anisotropy (rej);0.665;0;sem match válido;Qwen3-1.7B-QLoRA
ID_5871402136758674;9;cosmic ray propagation;cosmic microwave background (rej);0.626;0;sem match válido;Qwen3-1.7B-QLoRA
ID_5871402136758674;10;galaxy;cosmology: observations (rej);0.568;0;sem match válido;Qwen3-1.7B-QLoRA
ID_5871402136758674;11;galaxy emission;cosmic microwave background (rej);0.615;0;sem match válido;Qwen3-1.7B-QLoRA
ID_5871402136758674;12;galaxies: structure;large-scale structure of universe (rej);0.739;0;sem match válido;Qwen3-1.7B-QLoRA
ID_5871402136758674;13;large scale structures;large-scale structure of universe (rej);0.561;0;sem match válido;Qwen3-1.7B-QLoRA
ID_5871402136758674;14;microwave background anisotropy;microwave bachkground anisotropy;0.903;3;match válido;Qwen3-1.7B-QLoRA
ID_5871402136758674;15;optical design;optical design;1.000;1;match válido;Qwen3-1.7B-QLoRA
ID_5871402136758674;16;planck satellite mission;planck blackbody (rej);0.490;0;sem match válido;Qwen3-1.7B-QLoRA
ID_5871402136758674;17;radio astronomy;cosmic microwave background (rej);0.568;0;sem match válido;Qwen3-1.7B-QLoRA
ID_5871402136758674;18;radiation belts;cosmic microwave background (rej);0.509;0;sem match válido;Qwen3-1.7B-QLoRA
ID_5871402136758674;19;relativistic particles;licenciandos em física (rej);0.460;0;sem match válido;Qwen3-1.7B-QLoRA
ID_5871402136758674;20;spectral energy distribution;anisotropy power spectrum (rej);0.604;0;sem match válido;Qwen3-1.7B-QLoRA
ID_5898801580033554;1;biclique;cycle transversals (rej);0.491;0;sem match válido;Qwen3-1.7B-QLoRA
ID_5898801580033554;2;biclique editing;helly hypergraphs (rej);0.372;0;sem match válido;Qwen3-1.7B-QLoRA
ID_5898801580033554;3;bicluster editing;cycle transversals (rej);0.487;0;sem match válido;Qwen3-1.7B-QLoRA
ID_5898801580033554;4;cluster editing;clique-helly graphs (rej);0.500;0;sem match válido;Qwen3-1.7B-QLoRA
ID_5898801580033554;5;clique;clique graph (rej);0.728;0;sem match válido;Qwen3-1.7B-QLoRA
ID_5898801580033554;6;clique closure;clique graph (rej);0.643;0;sem match válido;Qwen3-1.7B-QLoRA
ID_5898801580033554;7;clique closure problem;clique graph (rej);0.635;0;sem match válido;Qwen3-1.7B-QLoRA
ID_5898801580033554;8;computational complexity;computational complexity;1.000;3;match válido;Qwen3-1.7B-QLoRA
ID_5898801580033554;9;distributed systems;project management (rej);0.357;0;sem match válido;Qwen3-1.7B-QLoRA
ID_5898801580033554;10;distributed systems design;project management (rej);0.431;0;sem match válido;Qwen3-1.7B-QLoRA
ID_5898801580033554;11;distribuição paralela;particionamento de grafos (rej);0.531;0;sem match válido;Qwen3-1.7B-QLoRA
ID_5898801580033554;12;edge reversal;clique-inverse graph (rej);0.504;0;sem match válido;Qwen3-1.7B-QLoRA
ID_5898801580033554;13;heavy-load;packing r-cliques (rej);0.489;0;sem match válido;Qwen3-1.7B-QLoRA
ID_5898801580033554;14;heurísticas para problemas;combinatorial problems (rej);0.588;0;sem match válido;Qwen3-1.7B-QLoRA
ID_5898801580033554;15;independent sets;independent sets;1.000;3;match válido;Qwen3-1.7B-QLoRA
ID_5898801580033554;16;linear-time algorithm;polynomial time algorithm;0.872;3;match válido;Qwen3-1.7B-QLoRA
ID_5898801580033554;17;mobile devices;wireless sensor (rej);0.561;0;sem match válido;Qwen3-1.7B-QLoRA
ID_5898801580033554;18;modular decomposition;computational complexity (rej);0.391;0;sem match válido;Qwen3-1.7B-QLoRA
ID_5898801580033554;19;node management;project management (rej);0.510;0;sem match válido;Qwen3-1.7B-QLoRA
ID_5898801580033554;20;optimization theory;combinatorial problems (rej);0.498;0;sem match válido;Qwen3-1.7B-QLoRA
ID_5936682335701497;1;automatic document classification;automatic document classification;1.000;3;match válido;Qwen3-1.7B-QLoRA
ID_5936682335701497;2;clonal selection;genetic programming (rej);0.610;0;sem match válido;Qwen3-1.7B-QLoRA
ID_5936682335701497;3;evolutionary algorithm;genetic algorithms;0.826;3;match válido;Qwen3-1.7B-QLoRA
ID_5936682335701497;4;genetic programming;genetic programming;1.000;3;match válido;Qwen3-1.7B-QLoRA
ID_5936682335701497;5;multi-objective optimization;automated algorithm design (rej);0.598;0;sem match válido;Qwen3-1.7B-QLoRA
ID_5936682335701497;6;multimodal data fusion;data mining (rej);0.514;0;sem match válido;Qwen3-1.7B-QLoRA
ID_5936682335701497;7;multiobjective optimization;automated algorithm design (rej);0.613;0;sem match válido;Qwen3-1.7B-QLoRA
ID_5936682335701497;8;multi-view classification;multi-view approach (rej);0.796;0;sem match válido;Qwen3-1.7B-QLoRA
ID_5936682335701497;9;multi-view learning;multi-view approach (rej);0.793;0;sem match válido;Qwen3-1.7B-QLoRA
ID_5936682335701497;10;multi-view learning approach;multi-view approach;0.820;3;match válido;Qwen3-1.7B-QLoRA
ID_5936682335701497;11;multi-view learning method;multi-view approach (rej);0.786;0;sem match válido;Qwen3-1.7B-QLoRA
ID_5936682335701497;12;semi-supervised genetic programming;grammar-based genetic programming;0.790;3;match válido;Qwen3-1.7B-QLoRA
ID_5936682335701497;13;semi-supervised learning;meta-learning (rej);0.665;0;sem match válido;Qwen3-1.7B-QLoRA
ID_5936682335701497;14;sparse positional data;spatial analyses (rej);0.522;0;sem match válido;Qwen3-1.7B-QLoRA
ID_5936682335701497;15;supervised machine learning;meta-learning (rej);0.638;0;sem match válido;Qwen3-1.7B-QLoRA
ID_5936682335701497;16;support vector machines;automated algorithm design (rej);0.356;0;sem match válido;Qwen3-1.7B-QLoRA
ID_5936682335701497;17;support vector regression;classification model (rej);0.420;0;sem match válido;Qwen3-1.7B-QLoRA
ID_5936682335701497;18;uncovering the location;spatial analyses (rej);0.552;0;sem match válido;Qwen3-1.7B-QLoRA
ID_5936682335701497;19;unsupervised machine learning;meta-learning (rej);0.627;0;sem match válido;Qwen3-1.7B-QLoRA
ID_5936682335701497;20;unsupervised machine learning algorithms;automated algorithm design (rej);0.614;0;sem match válido;Qwen3-1.7B-QLoRA
ID_5957855817378897;1;consensus protocols;robust adaptive consensus (rej);0.677;0;sem match válido;Qwen3-1.7B-QLoRA
ID_5957855817378897;2;distributed systems;distributed systems;1.000;3;match válido;Qwen3-1.7B-QLoRA
ID_5957855817378897;3;fault tolerance;fault tolerance;1.000;2;match válido;Qwen3-1.7B-QLoRA
ID_5957855817378897;4;peer-to-peer grids;peer-to-peer grids;1.000;3;match válido;Qwen3-1.7B-QLoRA
ID_5957855817378897;5;peer-to-peer grid;peer-to-peer grids (rej);0.965;0;sem match válido;Qwen3-1.7B-QLoRA
ID_5957855817378897;6;software testing;software fault tolerance (rej);0.587;0;sem match válido;Qwen3-1.7B-QLoRA
ID_5957855817378897;7;adaptive consensus;robust adaptive consensus;0.921;3;match válido;Qwen3-1.7B-QLoRA
ID_5957855817378897;8;adaptative consensus protocols;robust adaptive consensus (rej);0.847;0;sem match válido;Qwen3-1.7B-QLoRA
ID_5957855817378897;9;computational grid;grid computing;0.894;3;match válido;Qwen3-1.7B-QLoRA
ID_5957855817378897;10;fail-silent node;software-implemented fail-silent node;0.909;3;match válido;Qwen3-1.7B-QLoRA
ID_5957855817378897;11;failure detection oracle;software fault tolerance (rej);0.517;0;sem match válido;Qwen3-1.7B-QLoRA
ID_5957855817378897;12;human aspects;volunteers engagement (rej);0.316;0;sem match válido;Qwen3-1.7B-QLoRA
ID_5957855817378897;13;nodewiz;software-implemented fail-silent nodes (rej);0.581;0;sem match válido;Qwen3-1.7B-QLoRA
ID_5957855817378897;14;performance analysis;traffic analysis (rej);0.565;0;sem match válido;Qwen3-1.7B-QLoRA
ID_5957855817378897;15;priority inversion;processing (rej);0.454;0;sem match válido;Qwen3-1.7B-QLoRA
ID_5957855817378897;16;resource demand;resource allocation (rej);0.696;0;sem match válido;Qwen3-1.7B-QLoRA
ID_5957855817378897;17;reliable distributed systems;distributed systems (rej);0.889;0;sem match válido;Qwen3-1.7B-QLoRA
ID_5957855817378897;18;relative autonomy;relative autonomous accounting (rej);0.611;0;sem match válido;Qwen3-1.7B-QLoRA
ID_5957855817378897;19;remote execution;task replication (rej);0.473;0;sem match válido;Qwen3-1.7B-QLoRA
ID_5957855817378897;20;remote execution environment;software-implemented fail-silent node (rej);0.443;0;sem match válido;Qwen3-1.7B-QLoRA
ID_6029111646602279;1;desonide;protection (rej);0.440;0;sem match válido;Qwen3-1.7B-QLoRA
ID_6029111646602279;2;drug release;vitro drug release;0.823;1;match válido;Qwen3-1.7B-QLoRA
ID_6029111646602279;3;drug release profile;vitro drug release (rej);0.794;0;sem match válido;Qwen3-1.7B-QLoRA
ID_6029111646602279;4;hydrogels;replacing original liquid (rej);0.517;0;sem match válido;Qwen3-1.7B-QLoRA
ID_6029111646602279;5;lipid-core nanocapsules;lipid-core nanocapsules;1.000;3;match válido;Qwen3-1.7B-QLoRA
ID_6029111646602279;6;microencapsulation;polysorbate-coated polymeric nanocapsules (rej);0.588;0;sem match válido;Qwen3-1.7B-QLoRA
ID_6029111646602279;7;nanocapsules;polysorbate-coated polymeric nanocapsules (rej);0.825;0;sem match válido;Qwen3-1.7B-QLoRA
ID_6029111646602279;8;nanoemulsions;polysorbate-coated polymeric nanocapsules (rej);0.696;0;sem match válido;Qwen3-1.7B-QLoRA
ID_6029111646602279;9;nanocapsule;nanostructured systems;0.800;3;match válido;Qwen3-1.7B-QLoRA
ID_6029111646602279;10;photostability;photostability;1.000;3;match válido;Qwen3-1.7B-QLoRA
ID_6029111646602279;11;polymers;polysorbate-coated polymeric nanocapsules (rej);0.693;0;sem match válido;Qwen3-1.7B-QLoRA
ID_6029111646602279;12;polymer blends;polysorbate-coated polymeric nanocapsules (rej);0.646;0;sem match válido;Qwen3-1.7B-QLoRA
ID_6029111646602279;13;polymer nanocapsules;polysorbate-coated polymeric nanocapsules;0.938;2;match válido;Qwen3-1.7B-QLoRA
ID_6029111646602279;14;pullulan and eudragit;risedronate-loaded eudragit s100 (rej);0.529;0;sem match válido;Qwen3-1.7B-QLoRA
ID_6029111646602279;15;pullulan/pullulan blends;spray-dried powders (rej);0.447;0;sem match válido;Qwen3-1.7B-QLoRA
ID_6029111646602279;16;pullulan–eudragit® s100;risedronate-loaded eudragit s100;0.778;1;match válido;Qwen3-1.7B-QLoRA
ID_6029111646602279;17;pullulan–eudragit® s100 microparticles;risedronate-loaded eudragit s100 (rej);0.651;0;sem match válido;Qwen3-1.7B-QLoRA
ID_6029111646602279;18;sprayed powders;spray-dried powders (rej);0.955;0;sem match válido;Qwen3-1.7B-QLoRA
ID_6029111646602279;19;spray-dried powders;spray-dried powders;1.000;3;match válido;Qwen3-1.7B-QLoRA
ID_6029111646602279;20;spray-dried powder;spray-dried powder;1.000;3;match válido;Qwen3-1.7B-QLoRA
ID_6046165866539973;1;amyloid precursor protein;secreted human amyloid;0.841;1;match válido;Qwen3-1.7B-QLoRA
ID_6046165866539973;2;axon guidance;sympathetic neurons (rej);0.329;0;sem match válido;Qwen3-1.7B-QLoRA
ID_6046165866539973;3;brain-derived neurotrophic factor;sympathetic neuronal survival (rej);0.646;0;sem match válido;Qwen3-1.7B-QLoRA
ID_6046165866539973;4;bone marrow-derived fibroblast growth factor-2;nerve growth factor (rej);0.460;0;sem match válido;Qwen3-1.7B-QLoRA
ID_6046165866539973;5;cell proliferation;müller cells (rej);0.606;0;sem match válido;Qwen3-1.7B-QLoRA
ID_6046165866539973;6;cellular differentiation;müller cells (rej);0.577;0;sem match válido;Qwen3-1.7B-QLoRA
ID_6046165866539973;7;chemokine receptors;excitatory amino acids (rej);0.411;0;sem match válido;Qwen3-1.7B-QLoRA
ID_6046165866539973;8;chemical compound;excitatory amino acids (rej);0.532;0;sem match válido;Qwen3-1.7B-QLoRA
ID_6046165866539973;9;chicken;gaba (rej);0.228;0;sem match válido;Qwen3-1.7B-QLoRA
ID_6046165866539973;10;dopamine;sympathetic neurons (rej);0.448;0;sem match válido;Qwen3-1.7B-QLoRA
ID_6046165866539973;11;embryo retina;retina;0.794;2;match válido;Qwen3-1.7B-QLoRA
ID_6046165866539973;12;gangliosídeo 9-o–ácido acetil;excitatory amino acids (rej);0.502;0;sem match válido;Qwen3-1.7B-QLoRA
ID_6046165866539973;13;human sapp;gaba (rej);0.400;0;sem match válido;Qwen3-1.7B-QLoRA
ID_6046165866539973;14;human sapp-binding;plasticidade sináptica (rej);0.430;0;sem match válido;Qwen3-1.7B-QLoRA
ID_6046165866539973;15;immature cell populations;müller cells (rej);0.513;0;sem match válido;Qwen3-1.7B-QLoRA
ID_6046165866539973;16;neuroinflammation;sympathetic neuronal survival (rej);0.579;0;sem match válido;Qwen3-1.7B-QLoRA
ID_6046165866539973;17;neuron-glia interaction;sympathetic neurons (rej);0.650;0;sem match válido;Qwen3-1.7B-QLoRA
ID_6046165866539973;18;olfactory ensheathing glia-conditioned;müller glia (rej);0.618;0;sem match válido;Qwen3-1.7B-QLoRA
ID_6046165866539973;19;peripheral nervous system;sympathetic neurons (rej);0.625;0;sem match válido;Qwen3-1.7B-QLoRA
ID_6046165866539973;20;purinergic receptors;sympathetic neurons (rej);0.441;0;sem match válido;Qwen3-1.7B-QLoRA
ID_6072951820735063;1;adverse drug reactions;suspected adverse reactions;0.866;2;match válido;Qwen3-1.7B-QLoRA
ID_6072951820735063;2;adverse reactions;reações adversas causadas;0.982;2;match válido;Qwen3-1.7B-QLoRA
ID_6072951820735063;3;drug allergy;pharmacoepidemiology (rej);0.582;0;sem match válido;Qwen3-1.7B-QLoRA
ID_6072951820735063;4;drug safety;pharmacovigilance (rej);0.754;0;sem match válido;Qwen3-1.7B-QLoRA
ID_6072951820735063;5;health care services;pharmacovigilance centre (rej);0.562;0;sem match válido;Qwen3-1.7B-QLoRA
ID_6072951820735063;6;medication error;medicamentos prescritos (rej);0.715;0;sem match válido;Qwen3-1.7B-QLoRA
ID_6072951820735063;7;medication errors;medicamentos prescritos (rej);0.724;0;sem match válido;Qwen3-1.7B-QLoRA
ID_6072951820735063;8;medication misuse;uso de medicamentos;0.873;2;match válido;Qwen3-1.7B-QLoRA
ID_6072951820735063;9;medication safety;adequação dos medicamentos;0.802;2;match válido;Qwen3-1.7B-QLoRA
ID_6072951820735063;10;medication safety program;pharmacovigilance (rej);0.782;0;sem match válido;Qwen3-1.7B-QLoRA
ID_6072951820735063;11;medication utilization review;medication use;0.931;3;match válido;Qwen3-1.7B-QLoRA
ID_6072951820735063;12;pharmacovigilance;pharmacovigilance;1.000;2;match válido;Qwen3-1.7B-QLoRA
ID_6072951820735063;13;prescrição inadequada;adequação dos medicamentos (rej);0.742;0;sem match válido;Qwen3-1.7B-QLoRA
ID_6072951820735063;14;reactions caused by drugs;adverse reaction;0.754;2;match válido;Qwen3-1.7B-QLoRA
ID_6072951820735063;15;safety programme;report possible risks (rej);0.592;0;sem match válido;Qwen3-1.7B-QLoRA
ID_6072951820735063;16;safety program;report possible risks (rej);0.544;0;sem match válido;Qwen3-1.7B-QLoRA
ID_6072951820735063;17;service delivery;rede pública (rej);0.326;0;sem match válido;Qwen3-1.7B-QLoRA
ID_6072951820735063;18;service quality;grau de satisfação (rej);0.361;0;sem match válido;Qwen3-1.7B-QLoRA
ID_6072951820735063;19;social determinants;epidemiological factors (rej);0.478;0;sem match válido;Qwen3-1.7B-QLoRA
ID_6072951820735063;20;social determinants of health;epidemiological factors (rej);0.671;0;sem match válido;Qwen3-1.7B-QLoRA
ID_6171517695707255;1;dna binding;protein–dna complex (rej);0.569;0;sem match válido;Qwen3-1.7B-QLoRA
ID_6171517695707255;2;dna sequences;pilz (rej);0.487;0;sem match válido;Qwen3-1.7B-QLoRA
ID_6171517695707255;3;dna sequencing;protein–dna recognition (rej);0.709;0;sem match válido;Qwen3-1.7B-QLoRA
ID_6171517695707255;4;g protein-coupled receptor;protein–dna recognition (rej);0.513;0;sem match válido;Qwen3-1.7B-QLoRA
ID_6171517695707255;5;heterogeneous structure;crystal structure (rej);0.527;0;sem match válido;Qwen3-1.7B-QLoRA
ID_6171517695707255;6;hydrogen/deuterium exchange;crystal structure (rej);0.255;0;sem match válido;Qwen3-1.7B-QLoRA
ID_6171517695707255;7;lacr headpiece;coiled-coil (rej);0.443;0;sem match válido;Qwen3-1.7B-QLoRA
ID_6171517695707255;8;lac repressor;pilz (rej);0.337;0;sem match válido;Qwen3-1.7B-QLoRA
ID_6171517695707255;9;molecular biology;protein–dna complex (rej);0.688;0;sem match válido;Qwen3-1.7B-QLoRA
ID_6171517695707255;10;molecular modeling;protein–dna complex (rej);0.549;0;sem match válido;Qwen3-1.7B-QLoRA
ID_6171517695707255;11;mutant lac headpiece;coiled-coil (rej);0.366;0;sem match válido;Qwen3-1.7B-QLoRA
ID_6171517695707255;12;nuclear magnetic resonance;coiled-coil (rej);0.287;0;sem match válido;Qwen3-1.7B-QLoRA
ID_6171517695707255;13;nuclear magnetic resonance spectroscopy;protein–dna complex (rej);0.230;0;sem match válido;Qwen3-1.7B-QLoRA
ID_6171517695707255;14;protein–dna complex;protein–dna complex;1.000;2;match válido;Qwen3-1.7B-QLoRA
ID_6171517695707255;15;proteomics;tropomyosin (rej);0.527;0;sem match válido;Qwen3-1.7B-QLoRA
ID_6171517695707255;16;resonância magnética;coiled-coil (rej);0.355;0;sem match válido;Qwen3-1.7B-QLoRA
ID_6171517695707255;17;small molecules;protein–dna complex (rej);0.441;0;sem match válido;Qwen3-1.7B-QLoRA
ID_6171517695707255;18;structure prediction;crystal structure (rej);0.430;0;sem match válido;Qwen3-1.7B-QLoRA
ID_6171517695707255;19;type iv secretion;type iv pilus (rej);0.689;0;sem match válido;Qwen3-1.7B-QLoRA
ID_6171517695707255;20;transcription initiation;protein–dna recognition (rej);0.513;0;sem match válido;Qwen3-1.7B-QLoRA
ID_6175285839739641;1;bone marrow extracellular;stem cell (rej);0.634;0;sem match válido;Qwen3-1.7B-QLoRA
ID_6175285839739641;2;cell adhesion;cell viability (rej);0.588;0;sem match válido;Qwen3-1.7B-QLoRA
ID_6175285839739641;3;cell adhesion molecule;extracellular matrix protein (rej);0.568;0;sem match válido;Qwen3-1.7B-QLoRA
ID_6175285839739641;4;cell proliferation;cell differentiation;0.840;3;match válido;Qwen3-1.7B-QLoRA
ID_6175285839739641;5;cellular proliferation;cell differentiation (rej);0.828;0;sem match válido;Qwen3-1.7B-QLoRA
ID_6175285839739641;6;fibronectin;glial cells (rej);0.422;0;sem match válido;Qwen3-1.7B-QLoRA
ID_6175285839739641;7;glycosaminoglycans;glial cells (rej);0.550;0;sem match válido;Qwen3-1.7B-QLoRA
ID_6175285839739641;8;neural crest progenitors;neural crest progenitors;1.000;3;match válido;Qwen3-1.7B-QLoRA
ID_6175285839739641;9;proliferation of c6;c6 glioma cell (rej);0.686;0;sem match válido;Qwen3-1.7B-QLoRA
ID_6175285839739641;10;proteoglycan;astroglial cells (rej);0.457;0;sem match válido;Qwen3-1.7B-QLoRA
ID_6175285839739641;11;protein malnutrition;extracellular matrix protein (rej);0.468;0;sem match válido;Qwen3-1.7B-QLoRA
ID_6175285839739641;12;rat brain;brain;0.824;1;match válido;Qwen3-1.7B-QLoRA
ID_6175285839739641;13;rat neocortex;neuron (rej);0.526;0;sem match válido;Qwen3-1.7B-QLoRA
ID_6175285839739641;14;smooth muscle cell;smooth muscle;0.865;1;match válido;Qwen3-1.7B-QLoRA
ID_6175285839739641;15;smooth muscle cell potential;smooth muscle (rej);0.823;0;sem match válido;Qwen3-1.7B-QLoRA
ID_6175285839739641;16;smooth muscle cell potentiality;smooth muscle (rej);0.820;0;sem match válido;Qwen3-1.7B-QLoRA
ID_6175285839739641;17;thyroid hormone;thyroid hormone;1.000;2;match válido;Qwen3-1.7B-QLoRA
ID_6175285839739641;18;extracellular matrix;extracellular matrix;1.000;3;match válido;Qwen3-1.7B-QLoRA
ID_6175285839739641;19;hypothyroidism;hypothyroidism;1.000;2;match válido;Qwen3-1.7B-QLoRA
ID_6175285839739641;20;neural crest;neural crest;1.000;3;match válido;Qwen3-1.7B-QLoRA
ID_6201224121456969;1;animal production;reprodutiva de vacas (rej);0.742;0;sem match válido;Qwen3-1.7B-QLoRA
ID_6201224121456969;2;breeding seasons;reprodutivo de ovinos (rej);0.574;0;sem match válido;Qwen3-1.7B-QLoRA
ID_6201224121456969;3;caprinos naturais;supranumerárias em caprinos (rej);0.710;0;sem match válido;Qwen3-1.7B-QLoRA
ID_6201224121456969;4;caprinos nambis;supranumerárias em caprinos (rej);0.660;0;sem match válido;Qwen3-1.7B-QLoRA
ID_6201224121456969;5;caprinos não racionados;saanen dairy (rej);0.598;0;sem match válido;Qwen3-1.7B-QLoRA
ID_6201224121456969;6;caprinos sem raça definida;supranumerárias em caprinos (rej);0.708;0;sem match válido;Qwen3-1.7B-QLoRA
ID_6201224121456969;7;carcasses of sheep;sheep;0.766;3;match válido;Qwen3-1.7B-QLoRA
ID_6201224121456969;8;cattle productivity;reprodutiva de vacas (rej);0.745;0;sem match válido;Qwen3-1.7B-QLoRA
ID_6201224121456969;9;consumo de soja;saanen dairy (rej);0.623;0;sem match válido;Qwen3-1.7B-QLoRA
ID_6201224121456969;10;consumo energético;valores energéticos;0.834;1;match válido;Qwen3-1.7B-QLoRA
ID_6201224121456969;11;dietary management;weight gain (rej);0.454;0;sem match válido;Qwen3-1.7B-QLoRA
ID_6201224121456969;12;dairy cattle;saanen dairy goats;0.817;2;match válido;Qwen3-1.7B-QLoRA
ID_6201224121456969;13;domestication process;scénario du peuplement (rej);0.562;0;sem match válido;Qwen3-1.7B-QLoRA
ID_6201224121456969;14;economic value;productive performance (rej);0.479;0;sem match válido;Qwen3-1.7B-QLoRA
ID_6201224121456969;15;feeding regimes;saanen dairy (rej);0.510;0;sem match válido;Qwen3-1.7B-QLoRA
ID_6201224121456969;16;gestational age;paternity exclusion (rej);0.429;0;sem match válido;Qwen3-1.7B-QLoRA
ID_6201224121456969;17;herd;animais silvestres;0.752;3;match válido;Qwen3-1.7B-QLoRA
ID_6201224121456969;18;herd growth rates;goat populations (rej);0.696;0;sem match válido;Qwen3-1.7B-QLoRA
ID_6201224121456969;19;heterozygosity;polymorphism (rej);0.730;0;sem match válido;Qwen3-1.7B-QLoRA
ID_6201224121456969;20;high yield;productive performance (rej);0.488;0;sem match válido;Qwen3-1.7B-QLoRA
ID_6217509029802638;1;finite state machine;finite state machines;0.983;2;match válido;Qwen3-1.7B-QLoRA
ID_6217509029802638;2;model-based testing;model based testing;0.994;3;match válido;Qwen3-1.7B-QLoRA
ID_6217509029802638;3;model checking;model checking;1.000;2;match válido;Qwen3-1.7B-QLoRA
ID_6217509029802638;4;software verification and validation;verification and validation;0.814;3;match válido;Qwen3-1.7B-QLoRA
ID_6217509029802638;5;statechart modeling;finite state machines (rej);0.524;0;sem match válido;Qwen3-1.7B-QLoRA
ID_6217509029802638;6;test information management;testing methodology (rej);0.711;0;sem match válido;Qwen3-1.7B-QLoRA
ID_6217509029802638;7;telecommand verification;verification (rej);0.677;0;sem match válido;Qwen3-1.7B-QLoRA
ID_6217509029802638;8;testing methodologie;testing methodology;0.997;3;match válido;Qwen3-1.7B-QLoRA
ID_6217509029802638;9;automated test case generation;specification-based test case generation;0.847;3;match válido;Qwen3-1.7B-QLoRA
ID_6217509029802638;10;communication protocol testing;communication protocols;0.843;2;match válido;Qwen3-1.7B-QLoRA
ID_6217509029802638;11;finite state machine (fsms);finite state machines (rej);0.793;0;sem match válido;Qwen3-1.7B-QLoRA
ID_6217509029802638;12;independent software verification;verification (rej);0.697;0;sem match válido;Qwen3-1.7B-QLoRA
ID_6217509029802638;13;operational satellite simulator;space applications software (rej);0.558;0;sem match válido;Qwen3-1.7B-QLoRA
ID_6217509029802638;14;satellite attitude and orbit;space application (rej);0.436;0;sem match válido;Qwen3-1.7B-QLoRA
ID_6217509029802638;15;space applications software services;space applications software;0.949;2;match válido;Qwen3-1.7B-QLoRA
ID_6217509029802638;16;space applications software validation;space applications software (rej);0.814;0;sem match válido;Qwen3-1.7B-QLoRA
ID_6217509029802638;17;space systems;space application (rej);0.754;0;sem match válido;Qwen3-1.7B-QLoRA
ID_6217509029802638;18;space software development;space application;0.763;3;match válido;Qwen3-1.7B-QLoRA
ID_6217509029802638;19;state-model approach;finite state machines (rej);0.585;0;sem match válido;Qwen3-1.7B-QLoRA
ID_6217509029802638;20;state-model approach for refinement;finite state machines (rej);0.539;0;sem match válido;Qwen3-1.7B-QLoRA
ID_6284168579617066;1;density functional theory;density functional theory;1.000;3;match válido;Qwen3-1.7B-QLoRA
ID_6284168579617066;2;photoluminescence;photoluminescence;1.000;3;match válido;Qwen3-1.7B-QLoRA
ID_6284168579617066;3;photoluminescence emission;photoluminescence (rej);0.967;0;sem match válido;Qwen3-1.7B-QLoRA
ID_6284168579617066;4;photoluminescence emission profiles;photoluminescence (rej);0.917;0;sem match válido;Qwen3-1.7B-QLoRA
ID_6284168579617066;5;photoluminescence intensity;photoluminescence (rej);0.958;0;sem match válido;Qwen3-1.7B-QLoRA
ID_6284168579617066;6;photoluminescence properties;photoluminescence (rej);0.972;0;sem match válido;Qwen3-1.7B-QLoRA
ID_6284168579617066;7;photoluminescence properties of cd;photoluminescence (rej);0.834;0;sem match válido;Qwen3-1.7B-QLoRA
ID_6284168579617066;8;photoluminescence properties of zn;photoluminescence (rej);0.780;0;sem match válido;Qwen3-1.7B-QLoRA
ID_6284168579617066;9;photoluminescence properties of znse;photoluminescence (rej);0.772;0;sem match válido;Qwen3-1.7B-QLoRA
ID_6284168579617066;10;photoluminescence properties of zinc;photoluminescence (rej);0.738;0;sem match válido;Qwen3-1.7B-QLoRA
ID_6284168579617066;11;photoluminescence properties of zinc sulfide;zinc sulfide;0.831;3;match válido;Qwen3-1.7B-QLoRA
ID_6284168579617066;12;photoluminescence properties of zinc sulfides;zinc sulfide (rej);0.828;0;sem match válido;Qwen3-1.7B-QLoRA
ID_6284168579617066;13;photoluminescence properties of zinc-sulfide;zinc sulfide (rej);0.777;0;sem match válido;Qwen3-1.7B-QLoRA
ID_6284168579617066;14;photoluminescence properties of zinc-sulfide heterostructures;zinc sulfide (rej);0.707;0;sem match válido;Qwen3-1.7B-QLoRA
ID_6284168579617066;15;photoluminescence properties of zinc–sulfide;zinc sulfide (rej);0.776;0;sem match válido;Qwen3-1.7B-QLoRA
ID_6284168579617066;16;photoluminescence properties of zincblende;photoluminescence (rej);0.792;0;sem match válido;Qwen3-1.7B-QLoRA
ID_6284168579617066;17;photoluminescence properties of zincblende vs wurtzite;photoluminescence (rej);0.710;0;sem match válido;Qwen3-1.7B-QLoRA
ID_6284168579617066;18;;;;;;Qwen3-1.7B-QLoRA
ID_6284168579617066;19;;;;;;Qwen3-1.7B-QLoRA
ID_6284168579617066;20;;;;;;Qwen3-1.7B-QLoRA
ID_6286838179330044;1;bacterial community structure;bacterial communities;0.952;3;match válido;Qwen3-1.7B-QLoRA
ID_6286838179330044;2;bacterial diversity;bacterial diversity;1.000;3;match válido;Qwen3-1.7B-QLoRA
ID_6286838179330044;3;bacterial diversity in rhizosphere;bacterial diversity (rej);0.771;0;sem match válido;Qwen3-1.7B-QLoRA
ID_6286838179330044;4;bacterial diversity in tree;bacterial diversity (rej);0.772;0;sem match válido;Qwen3-1.7B-QLoRA
ID_6286838179330044;5;bacteria and archaea;bacterial communities (rej);0.720;0;sem match válido;Qwen3-1.7B-QLoRA
ID_6286838179330044;6;bacteria in rhizosphere;rhizosphere soil;0.776;2;match válido;Qwen3-1.7B-QLoRA
ID_6286838179330044;7;bacteria isolate;bacterial communities (rej);0.819;0;sem match válido;Qwen3-1.7B-QLoRA
ID_6286838179330044;8;bacteria isolate from rhizosphere;rhizosphere soil (rej);0.730;0;sem match válido;Qwen3-1.7B-QLoRA
ID_6286838179330044;9;bacteria isolation;bacterial communities (rej);0.780;0;sem match válido;Qwen3-1.7B-QLoRA
ID_6286838179330044;10;bacterial isolates;bacterial communities (rej);0.826;0;sem match válido;Qwen3-1.7B-QLoRA
ID_6286838179330044;11;bacterial populations;bacterial communities (rej);0.909;0;sem match válido;Qwen3-1.7B-QLoRA
ID_6286838179330044;12;bacterial response;bacterial communities (rej);0.752;0;sem match válido;Qwen3-1.7B-QLoRA
ID_6286838179330044;13;bacterial species;microbial diversity;0.856;3;match válido;Qwen3-1.7B-QLoRA
ID_6286838179330044;14;brazilian mangrove sediment;indicators in mangrove;0.766;2;match válido;Qwen3-1.7B-QLoRA
ID_6286838179330044;15;brazilian mangrove sediment microcosms;indicators in mangrove (rej);0.749;0;sem match válido;Qwen3-1.7B-QLoRA
ID_6286838179330044;16;brazilian mangrove sediment–oil contamination;indicators in mangrove (rej);0.713;0;sem match válido;Qwen3-1.7B-QLoRA
ID_6286838179330044;17;brazilians mangrove;indicators in mangrove (rej);0.766;0;sem match válido;Qwen3-1.7B-QLoRA
ID_6286838179330044;18;brazilian mangrove sites;indicators in mangrove (rej);0.757;0;sem match válido;Qwen3-1.7B-QLoRA
ID_6286838179330044;19;communities in high;upwelling systems (rej);0.380;0;sem match válido;Qwen3-1.7B-QLoRA
ID_6286838179330044;20;diesel-polluted soil;soil (rej);0.615;0;sem match válido;Qwen3-1.7B-QLoRA
ID_6306096928606380;1;am her binaries;herbig-haro objects (rej);0.327;0;sem match válido;Qwen3-1.7B-QLoRA
ID_6306096928606380;2;amher binaries;herbig-haro objects (rej);0.421;0;sem match válido;Qwen3-1.7B-QLoRA
ID_6306096928606380;3;astrophysics: methods;stars: formation (rej);0.676;0;sem match válido;Qwen3-1.7B-QLoRA
ID_6306096928606380;4;optical polarimetry;optical polarimetry;1.000;3;match válido;Qwen3-1.7B-QLoRA
ID_6306096928606380;5;polarimetry;polarization;0.890;3;match válido;Qwen3-1.7B-QLoRA
ID_6306096928606380;6;protostellar jets;protostellar jets;1.000;2;match válido;Qwen3-1.7B-QLoRA
ID_6306096928606380;7;star formation;stars: formation;0.967;3;match válido;Qwen3-1.7B-QLoRA
ID_6306096928606380;8;stars: magnetic fields;interstellar magnetic field;0.843;3;match válido;Qwen3-1.7B-QLoRA
ID_6306096928606380;9;stars: early-type;young stellar object;0.781;3;match válido;Qwen3-1.7B-QLoRA
ID_6306096928606380;10;stars: fundamental parameters;stars: formation (rej);0.827;0;sem match válido;Qwen3-1.7B-QLoRA
ID_6306096928606380;11;stars: individual: hh135–hh136;stars: formation (rej);0.729;0;sem match válido;Qwen3-1.7B-QLoRA
ID_6306096928606380;12;spectroscopic properties;infrared photometry (rej);0.621;0;sem match válido;Qwen3-1.7B-QLoRA
ID_6306096928606380;13;spectroscopic studies;infrared photometry (rej);0.645;0;sem match válido;Qwen3-1.7B-QLoRA
ID_6306096928606380;14;stars: late-type;stars: formation (rej);0.823;0;sem match válido;Qwen3-1.7B-QLoRA
ID_6306096928606380;15;stars: mass-loss;stars: formation (rej);0.729;0;sem match válido;Qwen3-1.7B-QLoRA
ID_6306096928606380;16;stars: sechum;stars: formation (rej);0.716;0;sem match válido;Qwen3-1.7B-QLoRA
ID_6306096928606380;17;stars: structures;stars: formation (rej);0.911;0;sem match válido;Qwen3-1.7B-QLoRA
ID_6306096928606380;18;stars: white dwarfs;stars: formation (rej);0.736;0;sem match válido;Qwen3-1.7B-QLoRA
ID_6306096928606380;19;supernova remnants;protostellar jets (rej);0.639;0;sem match válido;Qwen3-1.7B-QLoRA
ID_6306096928606380;20;supernovas: general;stars: formation (rej);0.624;0;sem match válido;Qwen3-1.7B-QLoRA
ID_6309609498284949;1;astrocytes;astrocyte;0.961;2;match válido;Qwen3-1.7B-QLoRA
ID_6309609498284949;2;astrocytes infected;rat astrocytes;0.775;2;match válido;Qwen3-1.7B-QLoRA
ID_6309609498284949;3;brain of dogs;neural cells (rej);0.623;0;sem match válido;Qwen3-1.7B-QLoRA
ID_6309609498284949;4;bradyzoite-containing tissue;neospora (rej);0.509;0;sem match válido;Qwen3-1.7B-QLoRA
ID_6309609498284949;5;central nervous system;neural cells (rej);0.597;0;sem match válido;Qwen3-1.7B-QLoRA
ID_6309609498284949;6;dog;dog;1.000;2;match válido;Qwen3-1.7B-QLoRA
ID_6309609498284949;7;dogs;dog (rej);0.922;0;sem match válido;Qwen3-1.7B-QLoRA
ID_6309609498284949;8;glial cells;glial cells;1.000;2;match válido;Qwen3-1.7B-QLoRA
ID_6309609498284949;9;glial cell;rat gliocytes;0.832;2;match válido;Qwen3-1.7B-QLoRA
ID_6309609498284949;10;glial cell cultures;glial cells (rej);0.938;0;sem match válido;Qwen3-1.7B-QLoRA
ID_6309609498284949;11;glial cell cultures infected;glial cells (rej);0.835;0;sem match válido;Qwen3-1.7B-QLoRA
ID_6309609498284949;12;glial cell cultures infected with neospora;glial cells (rej);0.760;0;sem match válido;Qwen3-1.7B-QLoRA
ID_6309609498284949;13;glial cell primary;primary glial cell;0.996;2;match válido;Qwen3-1.7B-QLoRA
ID_6309609498284949;14;glial cells infected;glial cells (rej);0.870;0;sem match válido;Qwen3-1.7B-QLoRA
ID_6309609498284949;15;immunocompetent cells;immune response;0.768;3;match válido;Qwen3-1.7B-QLoRA
ID_6309609498284949;16;neospora caninum;neospora: neospora caninum;0.979;3;match válido;Qwen3-1.7B-QLoRA
ID_6309609498284949;17;neospora caninum antibodies;anticorpos anti-neospora caninum;0.959;2;match válido;Qwen3-1.7B-QLoRA
ID_6309609498284949;18;neospora caninum infection;anticorpos anti-neospora caninum (rej);0.741;0;sem match válido;Qwen3-1.7B-QLoRA
ID_6309609498284949;19;neospora caninum infections;anticorpos anti-neospora caninum (rej);0.736;0;sem match válido;Qwen3-1.7B-QLoRA
ID_6309609498284949;20;neospora caninum isolate;neospora: neospora caninum (rej);0.952;0;sem match válido;Qwen3-1.7B-QLoRA
ID_6372649810646310;1;antimicrobial activity;antinociceptive activities (rej);0.599;0;sem match válido;Qwen3-1.7B-QLoRA
ID_6372649810646310;2;essential oils;essential oil;0.967;3;match válido;Qwen3-1.7B-QLoRA
ID_6372649810646310;3;gas chromatography–mass spectrometry;gas chromatography-mass;0.958;3;match válido;Qwen3-1.7B-QLoRA
ID_6372649810646310;4;gc-ms;gc-ms-sim;0.898;3;match válido;Qwen3-1.7B-QLoRA
ID_6372649810646310;5;plant-derived natural products;indole alkaloids (rej);0.566;0;sem match válido;Qwen3-1.7B-QLoRA
ID_6372649810646310;6;phytochemistry;chemical (rej);0.642;0;sem match válido;Qwen3-1.7B-QLoRA
ID_6372649810646310;7;plant-derived natural products: chemistry and pharmacology;indole alkaloids (rej);0.626;0;sem match válido;Qwen3-1.7B-QLoRA
ID_6372649810646310;8;plant-derived natural products: chemistry and pharmacology.;indole alkaloids (rej);0.639;0;sem match válido;Qwen3-1.7B-QLoRA
ID_6372649810646310;9;plant-derived natural products: chemistry;chemical composition (rej);0.619;0;sem match válido;Qwen3-1.7B-QLoRA
ID_6372649810646310;10;phytomedicine;indole alkaloids (rej);0.502;0;sem match válido;Qwen3-1.7B-QLoRA
ID_6372649810646310;11;qualitative studies;quantitative determination (rej);0.649;0;sem match válido;Qwen3-1.7B-QLoRA
ID_6372649810646310;12;secondary metabolites;volatile compounds (rej);0.502;0;sem match válido;Qwen3-1.7B-QLoRA
ID_6372649810646310;13;seasonal variation;copaifera multijuga (rej);0.376;0;sem match válido;Qwen3-1.7B-QLoRA
ID_6372649810646310;14;seaweed dictyota menstrualis;ruellia menthoides (nees) hiern (rej);0.646;0;sem match válido;Qwen3-1.7B-QLoRA
ID_6372649810646310;15;sesquiterpene alkaloids;indole alkaloid;0.814;2;match válido;Qwen3-1.7B-QLoRA
ID_6372649810646310;16;thin-layer chromatography;thin-layer chromatography assay;0.959;2;match válido;Qwen3-1.7B-QLoRA
ID_6372649810646310;17;volatile compounds;volatile compounds;1.000;3;match válido;Qwen3-1.7B-QLoRA
ID_6372649810646310;18;volatile precursors;volatile compounds (rej);0.809;0;sem match válido;Qwen3-1.7B-QLoRA
ID_6372649810646310;19;volatile compounds from plants;volatile compounds (rej);0.830;0;sem match válido;Qwen3-1.7B-QLoRA
ID_6372649810646310;20;volatile compounds from plants: chemistry;volatile compounds (rej);0.834;0;sem match válido;Qwen3-1.7B-QLoRA
ID_6377288674588197;1;binuclear iron complex;iron complexes (rej);0.819;0;sem match válido;Qwen3-1.7B-QLoRA
ID_6377288674588197;2;crystal structure;crystal structure;1.000;2;match válido;Qwen3-1.7B-QLoRA
ID_6377288674588197;3;dinuclear iron complex;iron complexes;0.882;2;match válido;Qwen3-1.7B-QLoRA
ID_6377288674588197;4;electron paramagnetic resonance;magnetic properties (rej);0.589;0;sem match válido;Qwen3-1.7B-QLoRA
ID_6377288674588197;5;electronic spectra;infrared and mössbauer (rej);0.584;0;sem match válido;Qwen3-1.7B-QLoRA
ID_6377288674588197;6;fe iii complexes;complex (rej);0.651;0;sem match válido;Qwen3-1.7B-QLoRA
ID_6377288674588197;7;magnetic properties;magnetic properties;1.000;2;match válido;Qwen3-1.7B-QLoRA
ID_6377288674588197;8;mononuclear fe iii complexes;unsymmetric ligand (rej);0.553;0;sem match válido;Qwen3-1.7B-QLoRA
ID_6377288674588197;9;non-heme diiron enzyme;biomimetic catalyst (rej);0.541;0;sem match válido;Qwen3-1.7B-QLoRA
ID_6377288674588197;10;purified iron pentacarbonyl;iron (rej);0.565;0;sem match válido;Qwen3-1.7B-QLoRA
ID_6377288674588197;11;synthesis;synthesis;1.000;2;match válido;Qwen3-1.7B-QLoRA
ID_6377288674588197;12;tetranuclear iron (iii);tetranuclear iron complex;0.941;3;match válido;Qwen3-1.7B-QLoRA
ID_6377288674588197;13;unstable iron(iii) complex;iron complexes (rej);0.863;0;sem match válido;Qwen3-1.7B-QLoRA
ID_6377288674588197;14;unsymmetrical dinucleating ligand;unsymmetric ligand (rej);0.872;0;sem match válido;Qwen3-1.7B-QLoRA
ID_6377288674588197;15;unsymmetrical dinucleating ligands;unsymmetric ligand (rej);0.867;0;sem match válido;Qwen3-1.7B-QLoRA
ID_6377288674588197;16;unsymmetrical ligand;unsymmetric ligand;0.996;2;match válido;Qwen3-1.7B-QLoRA
ID_6377288674588197;17;unsymmetrical tetra-iron;tetranuclear iron complex (rej);0.849;0;sem match válido;Qwen3-1.7B-QLoRA
ID_6377288674588197;18;unsymmetrical tetraphenylporphyrin;tetrataenite;0.767;3;match válido;Qwen3-1.7B-QLoRA
ID_6377288674588197;19;unsymmetrical tetraphenylporphyrin complex;tetrataenite (rej);0.743;0;sem match válido;Qwen3-1.7B-QLoRA
ID_6377288674588197;20;unsymmetrical tetraphenylporphyrin complexes;tetrataenite (rej);0.745;0;sem match válido;Qwen3-1.7B-QLoRA
ID_6473783273255196;1;administração de conflitos;conflits et techniques (rej);0.727;0;sem match válido;Qwen3-1.7B-QLoRA
ID_6473783273255196;2;administración de conflictos;conflits et techniques (rej);0.737;0;sem match válido;Qwen3-1.7B-QLoRA
ID_6473783273255196;3;conflictos e políticas;conflits et techniques (rej);0.678;0;sem match válido;Qwen3-1.7B-QLoRA
ID_6473783273255196;4;conflitos sociais;mudanças sociais dirigidas (rej);0.670;0;sem match válido;Qwen3-1.7B-QLoRA
ID_6473783273255196;5;direito civil;las instituciones judiciales (rej);0.606;0;sem match válido;Qwen3-1.7B-QLoRA
ID_6473783273255196;6;direitos humanos;las instituciones judiciales (rej);0.445;0;sem match válido;Qwen3-1.7B-QLoRA
ID_6473783273255196;7;espécie de conflitos;conflits et techniques;0.784;2;match válido;Qwen3-1.7B-QLoRA
ID_6473783273255196;8;estratégias de administração;formas de administrar;0.783;2;match válido;Qwen3-1.7B-QLoRA
ID_6473783273255196;9;estudos sociológicos;mudanças sociais dirigidas (rej);0.641;0;sem match válido;Qwen3-1.7B-QLoRA
ID_6473783273255196;10;formas de administração;processos de administração;0.918;2;match válido;Qwen3-1.7B-QLoRA
ID_6473783273255196;11;informalidade nos processos;informalidade nos processos;1.000;2;match válido;Qwen3-1.7B-QLoRA
ID_6473783273255196;12;mobilidade urbana;representações sobre mobilidade (rej);0.782;0;sem match válido;Qwen3-1.7B-QLoRA
ID_6473783273255196;13;política pública;públicos e representações (rej);0.736;0;sem match válido;Qwen3-1.7B-QLoRA
ID_6473783273255196;14;produção de verdades;construcción de verdad;0.808;3;match válido;Qwen3-1.7B-QLoRA
ID_6473783273255196;15;reforma judicial;las instituciones judiciales;0.842;2;match válido;Qwen3-1.7B-QLoRA
ID_6473783273255196;16;representação sobre mobilidade;representações sobre mobilidade;0.986;3;match válido;Qwen3-1.7B-QLoRA
ID_6473783273255196;17;segurança pública;paradoxos na segurança;0.768;3;match válido;Qwen3-1.7B-QLoRA
ID_6473783273255196;18;sistemas de transporte;transportes e investigações;0.801;2;match válido;Qwen3-1.7B-QLoRA
ID_6473783273255196;19;transportes públicos;transportes públicos;1.000;3;match válido;Qwen3-1.7B-QLoRA
ID_6473783273255196;20;travessias e movimentações;representações sobre mobilidade (rej);0.802;0;sem match válido;Qwen3-1.7B-QLoRA
ID_6499108085922209;1;diagnostic reasoning;diagnosis (rej);0.651;0;sem match válido;Qwen3-1.7B-QLoRA
ID_6499108085922209;2;expert systems;expert systems;1.000;1;match válido;Qwen3-1.7B-QLoRA
ID_6499108085922209;3;machine learning;artificial intelligence (rej);0.694;0;sem match válido;Qwen3-1.7B-QLoRA
ID_6499108085922209;4;medical image processing;medical image processing;1.000;3;match válido;Qwen3-1.7B-QLoRA
ID_6499108085922209;5;pattern classification;image classification (rej);0.661;0;sem match válido;Qwen3-1.7B-QLoRA
ID_6499108085922209;6;pattern recognition;anomaly detection (rej);0.568;0;sem match válido;Qwen3-1.7B-QLoRA
ID_6499108085922209;7;retinal disease;diagnosis (rej);0.405;0;sem match válido;Qwen3-1.7B-QLoRA
ID_6499108085922209;8;schizophrenia;schizophrenia;1.000;1;match válido;Qwen3-1.7B-QLoRA
ID_6499108085922209;9;schizophrenia diagnosis;schizophrenia (rej);0.920;0;sem match válido;Qwen3-1.7B-QLoRA
ID_6499108085922209;10;schizophrenia spectrum;schizophrenia (rej);0.932;0;sem match válido;Qwen3-1.7B-QLoRA
ID_6499108085922209;11;vision and pattern;image classification (rej);0.492;0;sem match válido;Qwen3-1.7B-QLoRA
ID_6499108085922209;12;diagnosis;diagnosis;1.000;2;match válido;Qwen3-1.7B-QLoRA
ID_6499108085922209;13;human-computer interaction;computer science (rej);0.520;0;sem match válido;Qwen3-1.7B-QLoRA
ID_6499108085922209;14;knowledge discovery;computer science research (rej);0.379;0;sem match válido;Qwen3-1.7B-QLoRA
ID_6499108085922209;15;learning theory;temporal reasoning (rej);0.417;0;sem match válido;Qwen3-1.7B-QLoRA
ID_6499108085922209;16;neural networks;artificial intelligence (rej);0.649;0;sem match válido;Qwen3-1.7B-QLoRA
ID_6499108085922209;17;natural language processing;visual dictionaries (rej);0.485;0;sem match válido;Qwen3-1.7B-QLoRA
ID_6499108085922209;18;optical coherence tomography;medical image processing (rej);0.493;0;sem match válido;Qwen3-1.7B-QLoRA
ID_6499108085922209;19;pattern classification problems;image classification (rej);0.582;0;sem match válido;Qwen3-1.7B-QLoRA
ID_6499108085922209;20;pattern recognition problems;anomaly detection (rej);0.602;0;sem match válido;Qwen3-1.7B-QLoRA
ID_6532338737692493;1;circuit design;logic circuits;0.781;1;match válido;Qwen3-1.7B-QLoRA
ID_6532338737692493;2;fault tolerance;fault tolerance;1.000;3;match válido;Qwen3-1.7B-QLoRA
ID_6532338737692493;3;fpga;flash-based fpga (rej);0.566;0;sem match válido;Qwen3-1.7B-QLoRA
ID_6532338737692493;4;hardware-software co-design;software-based techniques (rej);0.595;0;sem match válido;Qwen3-1.7B-QLoRA
ID_6532338737692493;5;microcontroller;microprocessor chips;0.779;1;match válido;Qwen3-1.7B-QLoRA
ID_6532338737692493;6;redundant system;redundancy in data-flow (rej);0.564;0;sem match válido;Qwen3-1.7B-QLoRA
ID_6532338737692493;7;reliability engineering;reliability;0.857;3;match válido;Qwen3-1.7B-QLoRA
ID_6532338737692493;8;single event transient;transient analysis (rej);0.723;0;sem match válido;Qwen3-1.7B-QLoRA
ID_6532338737692493;9;software-based fault detection;software-based fault tolerant;0.823;3;match válido;Qwen3-1.7B-QLoRA
ID_6532338737692493;10;transient faults;transient faults;1.000;3;match válido;Qwen3-1.7B-QLoRA
ID_6532338737692493;11;vlsi design;software-based techniques (rej);0.424;0;sem match válido;Qwen3-1.7B-QLoRA
ID_6532338737692493;12;vlsi design methodology;software-based techniques (rej);0.537;0;sem match válido;Qwen3-1.7B-QLoRA
ID_6532338737692493;13;application-specific instruction-set;software-based techniques (rej);0.558;0;sem match válido;Qwen3-1.7B-QLoRA
ID_6532338737692493;14;embedded systems;software-based techniques (rej);0.481;0;sem match válido;Qwen3-1.7B-QLoRA
ID_6532338737692493;15;highly scalable parallelism;sequential logic (rej);0.539;0;sem match válido;Qwen3-1.7B-QLoRA
ID_6532338737692493;16;instruction set;set (rej);0.651;0;sem match válido;Qwen3-1.7B-QLoRA
ID_6532338737692493;17;multiplier;sequential logic (rej);0.424;0;sem match válido;Qwen3-1.7B-QLoRA
ID_6532338737692493;18;parallel computing;sequential logic (rej);0.503;0;sem match válido;Qwen3-1.7B-QLoRA
ID_6532338737692493;19;reconfigurable hardware;reconfigurable routers (rej);0.693;0;sem match válido;Qwen3-1.7B-QLoRA
ID_6532338737692493;20;reconfigurable systems;reconfigurable routers (rej);0.603;0;sem match válido;Qwen3-1.7B-QLoRA
ID_6535298436643783;1;chemical synthesis;synthesis (rej);0.880;0;sem match válido;Qwen3-1.7B-QLoRA
ID_6535298436643783;2;diene;solvolysis (rej);0.530;0;sem match válido;Qwen3-1.7B-QLoRA
ID_6535298436643783;3;ester;allylic azide (rej);0.537;0;sem match válido;Qwen3-1.7B-QLoRA
ID_6535298436643783;4;homogeneous catalysis;triethylamine-catalyzed transesterification (rej);0.602;0;sem match válido;Qwen3-1.7B-QLoRA
ID_6535298436643783;5;heterogeneous catalysis;triethylamine-catalyzed transesterification (rej);0.599;0;sem match válido;Qwen3-1.7B-QLoRA
ID_6535298436643783;6;nucleosides;8-naphthalic acid monoesters (rej);0.559;0;sem match válido;Qwen3-1.7B-QLoRA
ID_6535298436643783;7;preparation of diones;preparation of morita-baylis-hillman (rej);0.566;0;sem match válido;Qwen3-1.7B-QLoRA
ID_6535298436643783;8;simple esterification;structural elucidation (rej);0.573;0;sem match válido;Qwen3-1.7B-QLoRA
ID_6535298436643783;9;synthesis;synthesis;1.000;3;match válido;Qwen3-1.7B-QLoRA
ID_6535298436643783;10;trypanosoma cruzi;solvolysis (rej);0.353;0;sem match válido;Qwen3-1.7B-QLoRA
ID_6535298436643783;11;β-hydroxy esters;resolutions of α-methylene-β-hydroxy (rej);0.755;0;sem match válido;Qwen3-1.7B-QLoRA
ID_6535298436643783;12;α-methylene-β-hydroxy esters;resolutions of α-methylene-β-hydroxy;0.884;1;match válido;Qwen3-1.7B-QLoRA
ID_6535298436643783;13;alkyl monoesters;8-naphthalic acid monoesters (rej);0.747;0;sem match válido;Qwen3-1.7B-QLoRA
ID_6535298436643783;14;carbohydrates;sugar lactones (rej);0.598;0;sem match válido;Qwen3-1.7B-QLoRA
ID_6535298436643783;15;carbonyl compounds;química orgânica (rej);0.642;0;sem match válido;Qwen3-1.7B-QLoRA
ID_6535298436643783;16;cis-β-keto ester;-sigmatropic shift (rej);0.511;0;sem match válido;Qwen3-1.7B-QLoRA
ID_6535298436643783;17;cyanogen;allylic thiocyanates (rej);0.468;0;sem match válido;Qwen3-1.7B-QLoRA
ID_6535298436643783;18;dien;tandem (rej);0.475;0;sem match válido;Qwen3-1.7B-QLoRA
ID_6535298436643783;19;glyceraldehyde-3-phosphate;triethylamine-catalyzed transesterification (rej);0.543;0;sem match válido;Qwen3-1.7B-QLoRA
ID_6535298436643783;20;kinetics;reaction mechanisms (rej);0.485;0;sem match válido;Qwen3-1.7B-QLoRA
ID_6555511233950866;1;brachiaria brizantha;zebu e caracu (rej);0.437;0;sem match válido;Qwen3-1.7B-QLoRA
ID_6555511233950866;2;chemical composition;fontes de amônia (rej);0.591;0;sem match válido;Qwen3-1.7B-QLoRA
ID_6555511233950866;3;forage mass;forages presented similar (rej);0.638;0;sem match válido;Qwen3-1.7B-QLoRA
ID_6555511233950866;4;grazing intensity;sorghum sudan grass (rej);0.482;0;sem match válido;Qwen3-1.7B-QLoRA
ID_6555511233950866;5;nitrogen;nitrogen and carbohydrate (rej);0.683;0;sem match válido;Qwen3-1.7B-QLoRA
ID_6555511233950866;6;pasture;sorghum sudan grass (rej);0.683;0;sem match válido;Qwen3-1.7B-QLoRA
ID_6555511233950866;7;pasture management;sorghum sudan grass (rej);0.514;0;sem match válido;Qwen3-1.7B-QLoRA
ID_6555511233950866;8;pasture productivity;sorghum sudan grass (rej);0.549;0;sem match válido;Qwen3-1.7B-QLoRA
ID_6555511233950866;9;plantain;cultivars were evaluated (rej);0.651;0;sem match válido;Qwen3-1.7B-QLoRA
ID_6555511233950866;10;plantain pastures;sorghum sudan grass (rej);0.740;0;sem match válido;Qwen3-1.7B-QLoRA
ID_6555511233950866;11;production of maize;corn meal (rej);0.618;0;sem match válido;Qwen3-1.7B-QLoRA
ID_6555511233950866;12;supplementação da dieta;digestibility (rej);0.602;0;sem match válido;Qwen3-1.7B-QLoRA
ID_6555511233950866;13;structural characteristics;silage (rej);0.430;0;sem match válido;Qwen3-1.7B-QLoRA
ID_6555511233950866;14;tropical pasture;sorghum sudan grass (rej);0.604;0;sem match válido;Qwen3-1.7B-QLoRA
ID_6555511233950866;15;tropical pastures;sorghum sudan grass (rej);0.586;0;sem match válido;Qwen3-1.7B-QLoRA
ID_6555511233950866;16;animal performance;zebu e caracu (rej);0.384;0;sem match válido;Qwen3-1.7B-QLoRA
ID_6555511233950866;17;cowpea;pasto de capim-tifton (rej);0.517;0;sem match válido;Qwen3-1.7B-QLoRA
ID_6555511233950866;18;dry matter;zebu e caracu (rej);0.440;0;sem match válido;Qwen3-1.7B-QLoRA
ID_6555511233950866;19;grass;sorghum sudan grass (rej);0.703;0;sem match válido;Qwen3-1.7B-QLoRA
ID_6555511233950866;20;interactions between species;progênie dos rebanhos (rej);0.448;0;sem match válido;Qwen3-1.7B-QLoRA
ID_6723353746838236;1;maternal morbidities;prenatal care (rej);0.715;0;sem match válido;Qwen3-1.7B-QLoRA
ID_6723353746838236;2;pregnancy;pregnancy;1.000;2;match válido;Qwen3-1.7B-QLoRA
ID_6723353746838236;3;severe maternal morbidity;pregnant women (rej);0.646;0;sem match válido;Qwen3-1.7B-QLoRA
ID_6723353746838236;4;severe maternal morbilidades;pregnant women (rej);0.676;0;sem match válido;Qwen3-1.7B-QLoRA
ID_6723353746838236;5;severe maternal outcomes;prenatal care (rej);0.702;0;sem match válido;Qwen3-1.7B-QLoRA
ID_6723353746838236;6;severe maternal morbidity assessment;prenatal care (rej);0.627;0;sem match válido;Qwen3-1.7B-QLoRA
ID_6723353746838236;7;severe maternal morbidity indices;pregnant women (rej);0.619;0;sem match válido;Qwen3-1.7B-QLoRA
ID_6723353746838236;8;severe maternal morbidity model;prenatal care (rej);0.618;0;sem match válido;Qwen3-1.7B-QLoRA
ID_6723353746838236;9;severe maternal morbidity scores;pregnant women (rej);0.580;0;sem match válido;Qwen3-1.7B-QLoRA
ID_6723353746838236;10;severe maternal morbidities;pregnant women (rej);0.655;0;sem match válido;Qwen3-1.7B-QLoRA
ID_6723353746838236;11;severe maternal outcomes monitoring;prenatal care (rej);0.713;0;sem match válido;Qwen3-1.7B-QLoRA
ID_6723353746838236;12;severe maternal outcomes statistics;prenatal care (rej);0.662;0;sem match válido;Qwen3-1.7B-QLoRA
ID_6723353746838236;13;surveillance of severe maternal;prenatal care (rej);0.663;0;sem match válido;Qwen3-1.7B-QLoRA
ID_6723353746838236;14;treatment of condyloma;tratamento do condiloma;0.881;2;match válido;Qwen3-1.7B-QLoRA
ID_6723353746838236;15;maternal death;prenatal care (rej);0.612;0;sem match válido;Qwen3-1.7B-QLoRA
ID_6723353746838236;16;maternal mortality;prenatal care (rej);0.691;0;sem match válido;Qwen3-1.7B-QLoRA
ID_6723353746838236;17;neonatal mortality;infant toxicity (rej);0.706;0;sem match válido;Qwen3-1.7B-QLoRA
ID_6723353746838236;18;perineal lacerations;squamous intraepithelial lesions (rej);0.645;0;sem match válido;Qwen3-1.7B-QLoRA
ID_6723353746838236;19;photodynamic therapy;photodynamic therapy;1.000;2;match válido;Qwen3-1.7B-QLoRA
ID_6723353746838236;20;photodiagnosis;photodiagnosis;1.000;1;match válido;Qwen3-1.7B-QLoRA
ID_6751513272539561;1;cost–effectiveness;cost utility;0.775;3;match válido;Qwen3-1.7B-QLoRA
ID_6751513272539561;2;health economics;sustentabilidade da previdência (rej);0.514;0;sem match válido;Qwen3-1.7B-QLoRA
ID_6751513272539561;3;health services financing;sustentabilidade da previdência (rej);0.416;0;sem match válido;Qwen3-1.7B-QLoRA
ID_6751513272539561;4;influência do estudo;empirical analysis (rej);0.622;0;sem match válido;Qwen3-1.7B-QLoRA
ID_6751513272539561;5;law & economics;monetary policies (rej);0.552;0;sem match válido;Qwen3-1.7B-QLoRA
ID_6751513272539561;6;medicamentos no brasil;seguro-desemprego no brasil (rej);0.449;0;sem match válido;Qwen3-1.7B-QLoRA
ID_6751513272539561;7;moral hazard;presumed consent law (rej);0.522;0;sem match válido;Qwen3-1.7B-QLoRA
ID_6751513272539561;8;public sector;institutional architecture (rej);0.534;0;sem match válido;Qwen3-1.7B-QLoRA
ID_6751513272539561;9;saúde no brasil;seguro-desemprego no brasil (rej);0.583;0;sem match válido;Qwen3-1.7B-QLoRA
ID_6751513272539561;10;sistema público;institutional architecture (rej);0.609;0;sem match válido;Qwen3-1.7B-QLoRA
ID_6751513272539561;11;teoria da informação;methodology (rej);0.466;0;sem match válido;Qwen3-1.7B-QLoRA
ID_6751513272539561;12;work productivity;productivity;0.939;2;match válido;Qwen3-1.7B-QLoRA
ID_6751513272539561;13;abundância de pacientes;doença de fabry (rej);0.480;0;sem match válido;Qwen3-1.7B-QLoRA
ID_6751513272539561;14;comparação de custos;cost utility (rej);0.750;0;sem match válido;Qwen3-1.7B-QLoRA
ID_6751513272539561;15;estudos de custo–efetividade;cost utility (rej);0.747;0;sem match válido;Qwen3-1.7B-QLoRA
ID_6751513272539561;16;farmaceutical cost–effectiveness;cost utility (rej);0.507;0;sem match válido;Qwen3-1.7B-QLoRA
ID_6751513272539561;17;health technology assessments;methodology (rej);0.419;0;sem match válido;Qwen3-1.7B-QLoRA
ID_6751513272539561;18;medical economics;monetary policies (rej);0.454;0;sem match válido;Qwen3-1.7B-QLoRA
ID_6751513272539561;19;prevalence rates;empirical analysis (rej);0.481;0;sem match válido;Qwen3-1.7B-QLoRA
ID_6751513272539561;20;risk adjustment;sustentabilidade da previdência (rej);0.506;0;sem match válido;Qwen3-1.7B-QLoRA
ID_6785547194105600;1;carinae;eta carinae (rej);0.728;0;sem match válido;Qwen3-1.7B-QLoRA
ID_6785547194105600;2;carinae stars;stars: formation (rej);0.704;0;sem match válido;Qwen3-1.7B-QLoRA
ID_6785547194105600;3;gamma carinae pulsars;homunculus nebula (rej);0.504;0;sem match válido;Qwen3-1.7B-QLoRA
ID_6785547194105600;4;galactic hii regions;homunculus nebula (rej);0.616;0;sem match válido;Qwen3-1.7B-QLoRA
ID_6785547194105600;5;massive young stars;massive stars;0.909;3;match válido;Qwen3-1.7B-QLoRA
ID_6785547194105600;6;near-infrared integral field;near-infrared integral field;1.000;2;match válido;Qwen3-1.7B-QLoRA
ID_6785547194105600;7;neutron stars;stars: mass loss (rej);0.700;0;sem match válido;Qwen3-1.7B-QLoRA
ID_6785547194105600;8;optical spectra;integral field spectroscopy (rej);0.642;0;sem match válido;Qwen3-1.7B-QLoRA
ID_6785547194105600;9;radio continuum;infrared: stars (rej);0.470;0;sem match válido;Qwen3-1.7B-QLoRA
ID_6785547194105600;10;radio continuum emission;infrared: stars (rej);0.539;0;sem match válido;Qwen3-1.7B-QLoRA
ID_6785547194105600;11;spectral energy distribution;infrared: stars (rej);0.520;0;sem match válido;Qwen3-1.7B-QLoRA
ID_6785547194105600;12;stars: fundamental parameters;stars: fundamental parameters;1.000;2;match válido;Qwen3-1.7B-QLoRA
ID_6785547194105600;13;stars: individual: ag carinae;stars: individual (rej);0.755;0;sem match válido;Qwen3-1.7B-QLoRA
ID_6785547194105600;14;stars: fundamental parameters: classification;stars: individual;0.778;2;match válido;Qwen3-1.7B-QLoRA
ID_6785547194105600;15;stars: fundamental parameters: evolution;stars: formation;0.818;3;match válido;Qwen3-1.7B-QLoRA
ID_6785547194105600;16;stars: horizontal branch;stars: formation (rej);0.695;0;sem match válido;Qwen3-1.7B-QLoRA
ID_6785547194105600;17;stars: horizontal branch: general;stars: fundamental parameters (rej);0.679;0;sem match válido;Qwen3-1.7B-QLoRA
ID_6785547194105600;18;stars: horizontal branch: instability;stars: fundamental parameters (rej);0.659;0;sem match válido;Qwen3-1.7B-QLoRA
ID_6785547194105600;19;stars: luminous blue variables;luminous blue variables;0.836;3;match válido;Qwen3-1.7B-QLoRA
ID_6785547194105600;20;stars: planetary rings;stars: rotation;0.761;2;match válido;Qwen3-1.7B-QLoRA
ID_6799776599317117;1;artificial neural network;neural network simulation;0.875;3;match válido;Qwen3-1.7B-QLoRA
ID_6799776599317117;2;computational intelligence;neural network simulation (rej);0.581;0;sem match válido;Qwen3-1.7B-QLoRA
ID_6799776599317117;3;evolutionary algorithm;genetic algorithm (rej);0.831;0;sem match válido;Qwen3-1.7B-QLoRA
ID_6799776599317117;4;evolutionary design;genetic algorithm (rej);0.610;0;sem match válido;Qwen3-1.7B-QLoRA
ID_6799776599317117;5;genetic algorithm;genetic algorithm;1.000;3;match válido;Qwen3-1.7B-QLoRA
ID_6799776599317117;6;neural network;neural nets;0.906;2;match válido;Qwen3-1.7B-QLoRA
ID_6799776599317117;7;parallel evolution;genetic algorithm (rej);0.467;0;sem match válido;Qwen3-1.7B-QLoRA
ID_6799776599317117;8;quantum-dot cellular automata;quantum-dot cellular automata;1.000;3;match válido;Qwen3-1.7B-QLoRA
ID_6799776599317117;9;self-assembling quantum dots;semiconductor quantum dots;0.834;3;match válido;Qwen3-1.7B-QLoRA
ID_6799776599317117;10;synthetic neural network;neural network simulation (rej);0.848;0;sem match válido;Qwen3-1.7B-QLoRA
ID_6799776599317117;11;cellular automata;cellular automata;1.000;1;match válido;Qwen3-1.7B-QLoRA
ID_6799776599317117;12;computational models;simulation;0.773;1;match válido;Qwen3-1.7B-QLoRA
ID_6799776599317117;13;computational models for nanomaterials;nanoscale technology;0.794;2;match válido;Qwen3-1.7B-QLoRA
ID_6799776599317117;14;design;multilayer oled architecture (rej);0.475;0;sem match válido;Qwen3-1.7B-QLoRA
ID_6799776599317117;15;growth parameters;optimization (rej);0.308;0;sem match válido;Qwen3-1.7B-QLoRA
ID_6799776599317117;16;optimal control;optimization (rej);0.680;0;sem match válido;Qwen3-1.7B-QLoRA
ID_6799776599317117;17;optimization;optimization;1.000;2;match válido;Qwen3-1.7B-QLoRA
ID_6799776599317117;18;optimization by genetic algorithm;genetic algorithm (rej);0.874;0;sem match válido;Qwen3-1.7B-QLoRA
ID_6799776599317117;19;optimization of basis functions;optimization (rej);0.697;0;sem match válido;Qwen3-1.7B-QLoRA
ID_6799776599317117;20;quantum dot;quantum dots;0.933;2;match válido;Qwen3-1.7B-QLoRA
ID_6911356765220023;1;exact nonequilibrium work generating;kinetic equations (rej);0.593;0;sem match válido;Qwen3-1.7B-QLoRA
ID_6911356765220023;2;granular clusters;clustering;0.769;3;match válido;Qwen3-1.7B-QLoRA
ID_6911356765220023;3;granular gases;granular gas;0.938;3;match válido;Qwen3-1.7B-QLoRA
ID_6911356765220023;4;nonlinear couplings;vortex-line chains (rej);0.552;0;sem match válido;Qwen3-1.7B-QLoRA
ID_6911356765220023;5;nonlinear couplings and fluctuations;kinetic equations (rej);0.566;0;sem match válido;Qwen3-1.7B-QLoRA
ID_6911356765220023;6;nonequilibrium work generating function;kinetic equations (rej);0.508;0;sem match válido;Qwen3-1.7B-QLoRA
ID_6911356765220023;7;renormalization group;multifractality (rej);0.534;0;sem match válido;Qwen3-1.7B-QLoRA
ID_6911356765220023;8;stochastic equations;stochastic processes (theory);0.806;2;match válido;Qwen3-1.7B-QLoRA
ID_6911356765220023;9;thermodynamics;thermal conductance (rej);0.668;0;sem match válido;Qwen3-1.7B-QLoRA
ID_6911356765220023;10;vortex-line-lattice torque;vortex-line chains;0.764;2;match válido;Qwen3-1.7B-QLoRA
ID_6911356765220023;11;brownian dynamics;brownian particle;0.774;3;match válido;Qwen3-1.7B-QLoRA
ID_6911356765220023;12;dynamical pattern formation;pattern formation;0.867;1;match válido;Qwen3-1.7B-QLoRA
ID_6911356765220023;13;energy dissipation;thermal conductance (rej);0.506;0;sem match válido;Qwen3-1.7B-QLoRA
ID_6911356765220023;14;first-principle approach;ising model (rej);0.493;0;sem match válido;Qwen3-1.7B-QLoRA
ID_6911356765220023;15;heterogeneous poisson noise;noise (rej);0.661;0;sem match válido;Qwen3-1.7B-QLoRA
ID_6911356765220023;16;large deviation theory;rigorous results in statistical mechanics (rej);0.475;0;sem match válido;Qwen3-1.7B-QLoRA
ID_6911356765220023;17;large deviations;critical exponents (rej);0.442;0;sem match válido;Qwen3-1.7B-QLoRA
ID_6911356765220023;18;low dimensional system;smooth granular systems (rej);0.566;0;sem match válido;Qwen3-1.7B-QLoRA
ID_6911356765220023;19;mechanical systems;rigorous results in statistical mechanics (rej);0.453;0;sem match válido;Qwen3-1.7B-QLoRA
ID_6911356765220023;20;model for a granular;smooth granular systems;0.761;3;match válido;Qwen3-1.7B-QLoRA
ID_7014991384513854;1;complex networks;social networks (rej);0.623;0;sem match válido;Qwen3-1.7B-QLoRA
ID_7014991384513854;2;social network;social network;1.000;3;match válido;Qwen3-1.7B-QLoRA
ID_7014991384513854;3;social network analysis;social networking (online);0.824;3;match válido;Qwen3-1.7B-QLoRA
ID_7014991384513854;4;social networks;social networks;1.000;3;match válido;Qwen3-1.7B-QLoRA
ID_7014991384513854;5;online social networks;online social networks;1.000;3;match válido;Qwen3-1.7B-QLoRA
ID_7014991384513854;6;online video sharing;online video sharing;1.000;3;match válido;Qwen3-1.7B-QLoRA
ID_7014991384513854;7;policies for online;web-based services (rej);0.580;0;sem match válido;Qwen3-1.7B-QLoRA
ID_7014991384513854;8;spatio-temporal locality;redes sociais geolocalizadas (rej);0.516;0;sem match válido;Qwen3-1.7B-QLoRA
ID_7014991384513854;9;workload characterization;user behavior (rej);0.347;0;sem match válido;Qwen3-1.7B-QLoRA
ID_7014991384513854;10;active learning;user behavior (rej);0.382;0;sem match válido;Qwen3-1.7B-QLoRA
ID_7014991384513854;11;characterizing interactions;video interactions (rej);0.562;0;sem match válido;Qwen3-1.7B-QLoRA
ID_7014991384513854;12;detection of spammers;video spammers detection;0.853;2;match válido;Qwen3-1.7B-QLoRA
ID_7014991384513854;13;inferring who-is-who;twitter (rej);0.340;0;sem match válido;Qwen3-1.7B-QLoRA
ID_7014991384513854;14;location-based social networks;redes sociais geolocalizadas;0.942;2;match válido;Qwen3-1.7B-QLoRA
ID_7014991384513854;15;multi-view approach;user navigation profile (rej);0.389;0;sem match válido;Qwen3-1.7B-QLoRA
ID_7014991384513854;16;practical detection;measurement (rej);0.527;0;sem match válido;Qwen3-1.7B-QLoRA
ID_7014991384513854;17;redes sociais;social media;0.945;3;match válido;Qwen3-1.7B-QLoRA
ID_7014991384513854;18;redes sociais de distribuição;social networks (rej);0.865;0;sem match válido;Qwen3-1.7B-QLoRA
ID_7014991384513854;19;real-time monitoring;twitter (rej);0.444;0;sem match válido;Qwen3-1.7B-QLoRA
ID_7014991384513854;20;response rate;measurement (rej);0.419;0;sem match válido;Qwen3-1.7B-QLoRA
ID_7026313596468626;1;branch and bound;branch and bound;1.000;1;match válido;Qwen3-1.7B-QLoRA
ID_7026313596468626;2;combinatorial optimization;disjunctive combinatorial branch (rej);0.535;0;sem match válido;Qwen3-1.7B-QLoRA
ID_7026313596468626;3;combinatorial branch;disjunctive combinatorial branch (rej);0.854;0;sem match válido;Qwen3-1.7B-QLoRA
ID_7026313596468626;4;capacity expansion;capacity expansion;1.000;2;match válido;Qwen3-1.7B-QLoRA
ID_7026313596468626;5;capacity planning;network capacity design (rej);0.787;0;sem match válido;Qwen3-1.7B-QLoRA
ID_7026313596468626;6;design of backbone;network design (rej);0.550;0;sem match válido;Qwen3-1.7B-QLoRA
ID_7026313596468626;7;disjunctive combinatorial branch;disjunctive combinatorial branch;1.000;1;match válido;Qwen3-1.7B-QLoRA
ID_7026313596468626;8;integer programming;stochastic integer programming;0.751;3;match válido;Qwen3-1.7B-QLoRA
ID_7026313596468626;9;lagrangean dual;lagrangian heuristic (rej);0.617;0;sem match válido;Qwen3-1.7B-QLoRA
ID_7026313596468626;10;maximum weight forest;maximum weight forest;1.000;2;match válido;Qwen3-1.7B-QLoRA
ID_7026313596468626;11;network dimensioning;network capacity design;0.834;3;match válido;Qwen3-1.7B-QLoRA
ID_7026313596468626;12;network design;network design;1.000;2;match válido;Qwen3-1.7B-QLoRA
ID_7026313596468626;13;optimization;compact formulation (rej);0.496;0;sem match válido;Qwen3-1.7B-QLoRA
ID_7026313596468626;14;polynomial formulation;polynomial formulation;1.000;2;match válido;Qwen3-1.7B-QLoRA
ID_7026313596468626;15;programação inteira;subgradient tree algorithm (rej);0.432;0;sem match válido;Qwen3-1.7B-QLoRA
ID_7026313596468626;16;restricted robust shortest;minimum spanning tree (rej);0.605;0;sem match válido;Qwen3-1.7B-QLoRA
ID_7026313596468626;17;robust shortest paths;minimum spanning tree (rej);0.554;0;sem match válido;Qwen3-1.7B-QLoRA
ID_7026313596468626;18;spanning tree algorithms;subgradient tree algorithm (rej);0.815;0;sem match válido;Qwen3-1.7B-QLoRA
ID_7026313596468626;19;subgradient tree algorithm;subgradient tree algorithm;1.000;1;match válido;Qwen3-1.7B-QLoRA
ID_7026313596468626;20;telecommunication networks;telecommunications network capacity;0.841;3;match válido;Qwen3-1.7B-QLoRA
ID_7034773971317045;1;animal tissue;biological samples (rej);0.499;0;sem match válido;Qwen3-1.7B-QLoRA
ID_7034773971317045;2;biological matrices;biological samples (rej);0.508;0;sem match válido;Qwen3-1.7B-QLoRA
ID_7034773971317045;3;diluted nitric acid;sample preparation (rej);0.347;0;sem match válido;Qwen3-1.7B-QLoRA
ID_7034773971317045;4;diluted nitric acid solutions;sample preparation (rej);0.384;0;sem match válido;Qwen3-1.7B-QLoRA
ID_7034773971317045;5;direct injection-din;flow injection (rej);0.717;0;sem match válido;Qwen3-1.7B-QLoRA
ID_7034773971317045;6;inductive coupled plasma;inductively coupled plasma;0.992;3;match válido;Qwen3-1.7B-QLoRA
ID_7034773971317045;7;inductively coupled plasma optical;inductively coupled plasma (rej);0.872;0;sem match válido;Qwen3-1.7B-QLoRA
ID_7034773971317045;8;microwave-assisted digestion;microwave-assisted digestion;1.000;3;match válido;Qwen3-1.7B-QLoRA
ID_7034773971317045;9;microwave-assisted wet digestion;microwave-assisted digestion (rej);0.934;0;sem match válido;Qwen3-1.7B-QLoRA
ID_7034773971317045;10;nitric acid;determinação espectrofotométrica (rej);0.319;0;sem match válido;Qwen3-1.7B-QLoRA
ID_7034773971317045;11;nitric acid and hydrogen;residual carbon content (rej);0.377;0;sem match válido;Qwen3-1.7B-QLoRA
ID_7034773971317045;12;nitric acid concentration;determinação espectrofotométrica (rej);0.344;0;sem match válido;Qwen3-1.7B-QLoRA
ID_7034773971317045;13;organic samples;biological samples (rej);0.689;0;sem match válido;Qwen3-1.7B-QLoRA
ID_7034773971317045;14;partial digestion;microwave-assisted digestion (rej);0.670;0;sem match válido;Qwen3-1.7B-QLoRA
ID_7034773971317045;15;potentiometric determination;determinação espectrofotométrica (rej);0.652;0;sem match válido;Qwen3-1.7B-QLoRA
ID_7034773971317045;16;pressurized system;electrothermal atomic absorption (rej);0.403;0;sem match válido;Qwen3-1.7B-QLoRA
ID_7034773971317045;17;residual carbon content;residual carbon content;1.000;2;match válido;Qwen3-1.7B-QLoRA
ID_7034773971317045;18;sequential injection system;flow injection system;0.781;3;match válido;Qwen3-1.7B-QLoRA
ID_7034773971317045;19;sequential injection systems;flow injection system (rej);0.767;0;sem match válido;Qwen3-1.7B-QLoRA
ID_7034773971317045;20;sequencing;quechers method (rej);0.404;0;sem match válido;Qwen3-1.7B-QLoRA
ID_7053039409324203;1;apocynaceae;subfamily apocynoideae (rej);0.808;0;sem match válido;Qwen3-1.7B-QLoRA
ID_7053039409324203;2;apocynoideae;subfamily apocynoideae;0.913;1;match válido;Qwen3-1.7B-QLoRA
ID_7053039409324203;3;character evolution;morphological differences (rej);0.475;0;sem match válido;Qwen3-1.7B-QLoRA
ID_7053039409324203;4;characteristics of seed;plant biodiversity (rej);0.484;0;sem match válido;Qwen3-1.7B-QLoRA
ID_7053039409324203;5;floral morphology;rauvolfioideae (rej);0.657;0;sem match válido;Qwen3-1.7B-QLoRA
ID_7053039409324203;6;flower anatomy;rauvolfioideae (rej);0.599;0;sem match válido;Qwen3-1.7B-QLoRA
ID_7053039409324203;7;flower morphology;rauvolfioideae (rej);0.616;0;sem match válido;Qwen3-1.7B-QLoRA
ID_7053039409324203;8;morphology and anatomy;anatomy (rej);0.840;0;sem match válido;Qwen3-1.7B-QLoRA
ID_7053039409324203;9;morphology and anatómia;anatomy (rej);0.863;0;sem match válido;Qwen3-1.7B-QLoRA
ID_7053039409324203;10;morphological and molecular;morphological differences (rej);0.675;0;sem match válido;Qwen3-1.7B-QLoRA
ID_7053039409324203;11;morfologia e anatomia;anatomy;0.892;3;match válido;Qwen3-1.7B-QLoRA
ID_7053039409324203;12;new combination;list (rej);0.519;0;sem match válido;Qwen3-1.7B-QLoRA
ID_7053039409324203;13;palindromous characters;rauvolfioideae (rej);0.431;0;sem match válido;Qwen3-1.7B-QLoRA
ID_7053039409324203;14;phylogeny;phylogeny and biogeography;0.890;1;match válido;Qwen3-1.7B-QLoRA
ID_7053039409324203;15;phylogenetic systematics;phylogeny and biogeography (rej);0.843;0;sem match válido;Qwen3-1.7B-QLoRA
ID_7053039409324203;16;plant breeding;plant biodiversity (rej);0.643;0;sem match válido;Qwen3-1.7B-QLoRA
ID_7053039409324203;17;polygalaceae;rauvolfioideae (rej);0.644;0;sem match válido;Qwen3-1.7B-QLoRA
ID_7053039409324203;18;seed anatomy;serra da canastra (rej);0.517;0;sem match válido;Qwen3-1.7B-QLoRA
ID_7053039409324203;19;seeds and embryos;wasp pollination (rej);0.386;0;sem match válido;Qwen3-1.7B-QLoRA
ID_7053039409324203;20;species of apocynaceae;subfamily apocynoideae (rej);0.804;0;sem match válido;Qwen3-1.7B-QLoRA
ID_7057449448661416;1;clientelismo;patron-client relations (rej);0.716;0;sem match válido;Qwen3-1.7B-QLoRA
ID_7057449448661416;2;corruption;patron-client relations (rej);0.392;0;sem match válido;Qwen3-1.7B-QLoRA
ID_7057449448661416;3;economic stagnation;reestruturação econômica (rej);0.506;0;sem match válido;Qwen3-1.7B-QLoRA
ID_7057449448661416;4;estudos urbanos;cidade contemporânea;0.823;3;match válido;Qwen3-1.7B-QLoRA
ID_7057449448661416;5;financiamento habitacional;housing policy;0.845;3;match válido;Qwen3-1.7B-QLoRA
ID_7057449448661416;6;housing;housing provision system;0.814;3;match válido;Qwen3-1.7B-QLoRA
ID_7057449448661416;7;housing finance;brazilian housing finance;0.823;3;match válido;Qwen3-1.7B-QLoRA
ID_7057449448661416;8;housing-linked interest rate mechanism;housing policy (rej);0.704;0;sem match válido;Qwen3-1.7B-QLoRA
ID_7057449448661416;9;international trade;reestruturação econômica (rej);0.373;0;sem match válido;Qwen3-1.7B-QLoRA
ID_7057449448661416;10;military housing;housing provision system (rej);0.603;0;sem match válido;Qwen3-1.7B-QLoRA
ID_7057449448661416;11;não residente em bairro;cidade contemporânea (rej);0.552;0;sem match válido;Qwen3-1.7B-QLoRA
ID_7057449448661416;12;non-resident residents;social housing policy (rej);0.496;0;sem match válido;Qwen3-1.7B-QLoRA
ID_7057449448661416;13;pobreza urbana;urbanização e constituição (rej);0.663;0;sem match válido;Qwen3-1.7B-QLoRA
ID_7057449448661416;14;reformulação da política;contexto da reestruturação (rej);0.638;0;sem match válido;Qwen3-1.7B-QLoRA
ID_7057449448661416;15;social housing policy;social housing policy;1.000;3;match válido;Qwen3-1.7B-QLoRA
ID_7057449448661416;16;spatial equity;urbanização e constituição (rej);0.593;0;sem match válido;Qwen3-1.7B-QLoRA
ID_7057449448661416;17;trabaho e emprego;reestruturação econômica (rej);0.381;0;sem match válido;Qwen3-1.7B-QLoRA
ID_7057449448661416;18;workforce development;reestruturação econômica (rej);0.372;0;sem match válido;Qwen3-1.7B-QLoRA
ID_7057449448661416;19;brazilian foreign debt;brazilian housing finance (rej);0.637;0;sem match válido;Qwen3-1.7B-QLoRA
ID_7057449448661416;20;debt and economic;reestruturação econômica (rej);0.562;0;sem match válido;Qwen3-1.7B-QLoRA
ID_7088639503480810;1;base excision repair;base excision repair;1.000;3;match válido;Qwen3-1.7B-QLoRA
ID_7088639503480810;2;mitochondrial dna damage;mitochondrial dna damage;1.000;3;match válido;Qwen3-1.7B-QLoRA
ID_7088639503480810;3;mitochondrial dna repair;mitochondrial repair;0.944;3;match válido;Qwen3-1.7B-QLoRA
ID_7088639503480810;4;mitochondrial genome;mammalian mitochondria;0.829;2;match válido;Qwen3-1.7B-QLoRA
ID_7088639503480810;5;mitochondrial oxidative stress;mitochondrial oxidative damage;0.913;3;match válido;Qwen3-1.7B-QLoRA
ID_7088639503480810;6;mitochondrial oxidative stress and dna;mitochondrial function;0.833;2;match válido;Qwen3-1.7B-QLoRA
ID_7088639503480810;7;molecular mechanisms;mitochondrial function (rej);0.686;0;sem match válido;Qwen3-1.7B-QLoRA
ID_7088639503480810;8;oxidative DNA damage;oxidative dna damage;0.960;3;match válido;Qwen3-1.7B-QLoRA
ID_7088639503480810;9;oxidative DNA damage and repair;oxidative dna damage (rej);0.939;0;sem match válido;Qwen3-1.7B-QLoRA
ID_7088639503480810;10;oxidative stress;oxidative stress;1.000;3;match válido;Qwen3-1.7B-QLoRA
ID_7088639503480810;11;repair of oxidative;oxidative damage;0.862;3;match válido;Qwen3-1.7B-QLoRA
ID_7088639503480810;12;reactive oxygen species;reactive oxygen species;1.000;3;match válido;Qwen3-1.7B-QLoRA
ID_7088639503480810;13;recombination protein rad52;nucleotide excision repair (rej);0.518;0;sem match válido;Qwen3-1.7B-QLoRA
ID_7088639503480810;14;rad52 catalytic activity;ros, reactive oxygen species (rej);0.532;0;sem match válido;Qwen3-1.7B-QLoRA
ID_7088639503480810;15;rad52 catalytic activity and repair;ros, reactive oxygen species (rej);0.486;0;sem match válido;Qwen3-1.7B-QLoRA
ID_7088639503480810;16;respiratory chain inhibitors;respiration (rej);0.594;0;sem match válido;Qwen3-1.7B-QLoRA
ID_7088639503480810;17;sp-bcr repair;dna repair (rej);0.613;0;sem match válido;Qwen3-1.7B-QLoRA
ID_7088639503480810;18;single-strand breakage;singlet oxygen (rej);0.416;0;sem match válido;Qwen3-1.7B-QLoRA
ID_7088639503480810;19;small interfering rna;dna repair (rej);0.477;0;sem match válido;Qwen3-1.7B-QLoRA
ID_7088639503480810;20;substrate-transporter;mitochondrial permeability transition (rej);0.476;0;sem match válido;Qwen3-1.7B-QLoRA
ID_7090419604571199;1;budding efficiency;produção de mudas (rej);0.450;0;sem match válido;Qwen3-1.7B-QLoRA
ID_7090419604571199;2;citrus;citrus;1.000;3;match válido;Qwen3-1.7B-QLoRA
ID_7090419604571199;3;citrus rootstock;citrus (rej);0.877;0;sem match válido;Qwen3-1.7B-QLoRA
ID_7090419604571199;4;greenhouse;cultivar (rej);0.734;0;sem match válido;Qwen3-1.7B-QLoRA
ID_7090419604571199;5;lucuma;fragaria x ananassa duch. (rej);0.595;0;sem match válido;Qwen3-1.7B-QLoRA
ID_7090419604571199;6;micropropagation;sugarcane micropropagation (rej);0.664;0;sem match válido;Qwen3-1.7B-QLoRA
ID_7090419604571199;7;multiplication;propagation (rej);0.416;0;sem match válido;Qwen3-1.7B-QLoRA
ID_7090419604571199;8;mulch film;produção de mudas (rej);0.342;0;sem match válido;Qwen3-1.7B-QLoRA
ID_7090419604571199;9;núcleo de sombreado;cruzamento dialélico (rej);0.524;0;sem match válido;Qwen3-1.7B-QLoRA
ID_7090419604571199;10;nutrição mineral;fertilizantes fosfatados fluidos (rej);0.489;0;sem match válido;Qwen3-1.7B-QLoRA
ID_7090419604571199;11;plant regeneration;cultivar (rej);0.729;0;sem match válido;Qwen3-1.7B-QLoRA
ID_7090419604571199;12;production;produção massal;0.802;1;match válido;Qwen3-1.7B-QLoRA
ID_7090419604571199;13;produção de mudas;produção de mudas;1.000;2;match válido;Qwen3-1.7B-QLoRA
ID_7090419604571199;14;proteção solar;light source (rej);0.456;0;sem match válido;Qwen3-1.7B-QLoRA
ID_7090419604571199;15;rootstocks;cultivar (rej);0.677;0;sem match válido;Qwen3-1.7B-QLoRA
ID_7090419604571199;16;semente de pomar;citrus (rej);0.746;0;sem match válido;Qwen3-1.7B-QLoRA
ID_7090419604571199;17;shoot elongation;propagation (rej);0.409;0;sem match válido;Qwen3-1.7B-QLoRA
ID_7090419604571199;18;shoots per explant;produção de mudas (rej);0.618;0;sem match válido;Qwen3-1.7B-QLoRA
ID_7090419604571199;19;stool;'camarosa' (rej);0.386;0;sem match válido;Qwen3-1.7B-QLoRA
ID_7090419604571199;20;tecidos vegetais;tissue culture (rej);0.722;0;sem match válido;Qwen3-1.7B-QLoRA
ID_7216933992248038;1;autoimmune disease;autoimmune disease;1.000;3;match válido;Qwen3-1.7B-QLoRA
ID_7216933992248038;2;autoimmunity;autoimmunity;1.000;3;match válido;Qwen3-1.7B-QLoRA
ID_7216933992248038;3;cardiac myosin;heart tissue (rej);0.649;0;sem match válido;Qwen3-1.7B-QLoRA
ID_7216933992248038;4;chronic severe aortic regurgitation;rheumatic heart disease (rej);0.637;0;sem match válido;Qwen3-1.7B-QLoRA
ID_7216933992248038;5;molecular mimicry;molecular mimicry;1.000;3;match válido;Qwen3-1.7B-QLoRA
ID_7216933992248038;6;obsessive-compulsive disorder;obsessive-compulsive disorder;1.000;2;match válido;Qwen3-1.7B-QLoRA
ID_7216933992248038;7;pathogenesis and perspective;susceptibilidade genética àfebre (rej);0.606;0;sem match válido;Qwen3-1.7B-QLoRA
ID_7216933992248038;8;rhb2;rhd;0.815;3;match válido;Qwen3-1.7B-QLoRA
ID_7216933992248038;9;rhb2 gene;rhd (rej);0.640;0;sem match válido;Qwen3-1.7B-QLoRA
ID_7216933992248038;10;rheumatic fever;rheumatic fever;1.000;3;match válido;Qwen3-1.7B-QLoRA
ID_7216933992248038;11;rheumatic heart disease;rheumatic heart disease;1.000;3;match válido;Qwen3-1.7B-QLoRA
ID_7216933992248038;12;t cell clones;cell clones;0.820;3;match válido;Qwen3-1.7B-QLoRA
ID_7216933992248038;13;t cell degeneracy;peripheral t cells (rej);0.761;0;sem match válido;Qwen3-1.7B-QLoRA
ID_7216933992248038;14;t cell infiltration;peripheral t cells;0.820;3;match válido;Qwen3-1.7B-QLoRA
ID_7216933992248038;15;t cell response;t cell receptor;0.857;3;match válido;Qwen3-1.7B-QLoRA
ID_7216933992248038;16;tecta gene;molecular genetics (rej);0.508;0;sem match válido;Qwen3-1.7B-QLoRA
ID_7216933992248038;17;tecta missense mutations;molecular genetics (rej);0.503;0;sem match válido;Qwen3-1.7B-QLoRA
ID_7216933992248038;18;visceral leishmaniasis;sore throat (rej);0.465;0;sem match válido;Qwen3-1.7B-QLoRA
ID_7216933992248038;19;cross-reactive heart-infiltrating t cell;heart-infiltrating t cell (rej);0.968;0;sem match válido;Qwen3-1.7B-QLoRA
ID_7216933992248038;20;heart-infiltrating t cell;heart-infiltrating t cell;1.000;3;match válido;Qwen3-1.7B-QLoRA
ID_7233767393471644;1;carbohydrate expression;cytodifferentiation stages (rej);0.338;0;sem match válido;Qwen3-1.7B-QLoRA
ID_7233767393471644;2;cytokines and chemokines;cytodifferentiation stages (rej);0.666;0;sem match válido;Qwen3-1.7B-QLoRA
ID_7233767393471644;3;cytotoxic effects;cytodifferentiation stages (rej);0.605;0;sem match válido;Qwen3-1.7B-QLoRA
ID_7233767393471644;4;glycomics;cytodifferentiation stages (rej);0.459;0;sem match válido;Qwen3-1.7B-QLoRA
ID_7233767393471644;5;immunohistochemistry;immunohistochemistry;1.000;2;match válido;Qwen3-1.7B-QLoRA
ID_7233767393471644;6;immune disorders;inflammation (rej);0.738;0;sem match válido;Qwen3-1.7B-QLoRA
ID_7233767393471644;7;immune system;immunohistochemistry (rej);0.726;0;sem match válido;Qwen3-1.7B-QLoRA
ID_7233767393471644;8;lipid metabolism;lectin histochemistry (rej);0.397;0;sem match válido;Qwen3-1.7B-QLoRA
ID_7233767393471644;9;macrophage migration;cytodifferentiation stages (rej);0.515;0;sem match válido;Qwen3-1.7B-QLoRA
ID_7233767393471644;10;microarray;sialylation (rej);0.319;0;sem match válido;Qwen3-1.7B-QLoRA
ID_7233767393471644;11;mineral extracellular matrix;immunohistochemistry (rej);0.420;0;sem match válido;Qwen3-1.7B-QLoRA
ID_7233767393471644;12;monoclonal antibody;immunohistochemistry (rej);0.624;0;sem match válido;Qwen3-1.7B-QLoRA
ID_7233767393471644;13;natural products;sialic acid (rej);0.305;0;sem match válido;Qwen3-1.7B-QLoRA
ID_7233767393471644;14;neutrophils;lectin histochemistry (rej);0.421;0;sem match válido;Qwen3-1.7B-QLoRA
ID_7233767393471644;15;pathogens and antigens;immunohistochemistry (rej);0.690;0;sem match válido;Qwen3-1.7B-QLoRA
ID_7233767393471644;16;patagonian sea hare;parotid gland mucoepidermoid (rej);0.254;0;sem match válido;Qwen3-1.7B-QLoRA
ID_7233767393471644;17;protein digestion;parotid gland mucoepidermoid (rej);0.341;0;sem match válido;Qwen3-1.7B-QLoRA
ID_7233767393471644;18;prostate cancer;prostate cancer investigation;0.918;1;match válido;Qwen3-1.7B-QLoRA
ID_7233767393471644;19;prostatitis;prostatic carcinoma (rej);0.727;0;sem match válido;Qwen3-1.7B-QLoRA
ID_7233767393471644;20;prostate-specific antigen;prostate cancer investigation (rej);0.710;0;sem match válido;Qwen3-1.7B-QLoRA
ID_7249500407405478;1;blend;polymer blends (rej);0.655;0;sem match válido;Qwen3-1.7B-QLoRA
ID_7249500407405478;2;compatibilization;reactive compatibilization;0.830;3;match válido;Qwen3-1.7B-QLoRA
ID_7249500407405478;3;compatibilizer;reactive compatibilization (rej);0.769;0;sem match válido;Qwen3-1.7B-QLoRA
ID_7249500407405478;4;composites;polymer (rej);0.673;0;sem match válido;Qwen3-1.7B-QLoRA
ID_7249500407405478;5;compositional polymers;polymer blends;0.857;3;match válido;Qwen3-1.7B-QLoRA
ID_7249500407405478;6;compostos de polímero;polymer;0.952;3;match válido;Qwen3-1.7B-QLoRA
ID_7249500407405478;7;cristais cristalinos;argilas organofílicas (rej);0.499;0;sem match válido;Qwen3-1.7B-QLoRA
ID_7249500407405478;8;crystallinity;melt intercalation (rej);0.542;0;sem match válido;Qwen3-1.7B-QLoRA
ID_7249500407405478;9;drop retraction;reactive extrusion (rej);0.475;0;sem match válido;Qwen3-1.7B-QLoRA
ID_7249500407405478;10;filler-polymer interactions;polymer blends (rej);0.771;0;sem match válido;Qwen3-1.7B-QLoRA
ID_7249500407405478;11;formação de estruturas;morphology (rej);0.624;0;sem match válido;Qwen3-1.7B-QLoRA
ID_7249500407405478;12;morphology;morphology;1.000;3;match válido;Qwen3-1.7B-QLoRA
ID_7249500407405478;13;molecular weight;low molecular weight;0.885;2;match válido;Qwen3-1.7B-QLoRA
ID_7249500407405478;14;nanocomposite;nanocompósitos;0.936;3;match válido;Qwen3-1.7B-QLoRA
ID_7249500407405478;15;não compatibilizado;reactive compatibilization (rej);0.661;0;sem match válido;Qwen3-1.7B-QLoRA
ID_7249500407405478;16;non-compatibilized pbt/san;reactive compatibilization (rej);0.500;0;sem match válido;Qwen3-1.7B-QLoRA
ID_7249500407405478;17;poliéster;polyethylene;0.906;2;match válido;Qwen3-1.7B-QLoRA
ID_7249500407405478;18;polietileno reciclado;polyamide;0.753;1;match válido;Qwen3-1.7B-QLoRA
ID_7249500407405478;19;propriedade mecânica;propriedades mecânicas;0.924;3;match válido;Qwen3-1.7B-QLoRA
ID_7249500407405478;20;recycling;polymer (rej);0.394;0;sem match válido;Qwen3-1.7B-QLoRA
ID_7254844415865063;1;copolymer beads;porous copolymers network (rej);0.697;0;sem match válido;Qwen3-1.7B-QLoRA
ID_7254844415865063;2;copolymers network;porous copolymers network (rej);0.860;0;sem match válido;Qwen3-1.7B-QLoRA
ID_7254844415865063;3;cross-linked resin;resíduo de polietileno (rej);0.626;0;sem match válido;Qwen3-1.7B-QLoRA
ID_7254844415865063;4;divinylbenzene;catalysis (rej);0.518;0;sem match válido;Qwen3-1.7B-QLoRA
ID_7254844415865063;5;ionic exchange;remoção de íons (rej);0.688;0;sem match válido;Qwen3-1.7B-QLoRA
ID_7254844415865063;6;metal ion exchange;remoção de íons (rej);0.683;0;sem match válido;Qwen3-1.7B-QLoRA
ID_7254844415865063;7;porous copolymer;porous copolymers network;0.908;3;match válido;Qwen3-1.7B-QLoRA
ID_7254844415865063;8;porous polymer;porous structure;0.791;1;match válido;Qwen3-1.7B-QLoRA
ID_7254844415865063;9;porous polymer beads;porous copolymers network (rej);0.726;0;sem match válido;Qwen3-1.7B-QLoRA
ID_7254844415865063;10;polycarbonate beads;polyethylene (rej);0.748;0;sem match válido;Qwen3-1.7B-QLoRA
ID_7254844415865063;11;quenching rate constants;tratamento de efluentes (rej);0.395;0;sem match válido;Qwen3-1.7B-QLoRA
ID_7254844415865063;12;reactivity;chemical modification (rej);0.503;0;sem match válido;Qwen3-1.7B-QLoRA
ID_7254844415865063;13;reaction kinetics;catalysis (rej);0.494;0;sem match válido;Qwen3-1.7B-QLoRA
ID_7254844415865063;14;remobilization;tratamento de efluentes (rej);0.309;0;sem match válido;Qwen3-1.7B-QLoRA
ID_7254844415865063;15;resin;resíduo de polietileno;0.760;3;match válido;Qwen3-1.7B-QLoRA
ID_7254844415865063;16;sorption;sorption;1.000;3;match válido;Qwen3-1.7B-QLoRA
ID_7254844415865063;17;synthesis;chemical modification (rej);0.631;0;sem match válido;Qwen3-1.7B-QLoRA
ID_7254844415865063;18;sulfonated resin;resíduo de polietileno (rej);0.741;0;sem match válido;Qwen3-1.7B-QLoRA
ID_7254844415865063;19;surface area;surface layer;0.799;3;match válido;Qwen3-1.7B-QLoRA
ID_7254844415865063;20;water removal;tratamento de água;0.843;3;match válido;Qwen3-1.7B-QLoRA
ID_7269889225548975;1;gravitational collapse;gravitational collapse;1.000;3;match válido;Qwen3-1.7B-QLoRA
ID_7269889225548975;2;interacting vacuum energy;interacting vacuum energy;1.000;3;match válido;Qwen3-1.7B-QLoRA
ID_7269889225548975;3;open system kaluza-klein;singularity (rej);0.305;0;sem match válido;Qwen3-1.7B-QLoRA
ID_7269889225548975;4;quasi-normal modes;renormalization group (rej);0.452;0;sem match válido;Qwen3-1.7B-QLoRA
ID_7269889225548975;5;structure formation;construção das figuras (rej);0.635;0;sem match válido;Qwen3-1.7B-QLoRA
ID_7269889225548975;6;tensorial perturbations;tensorial perturbations;1.000;2;match válido;Qwen3-1.7B-QLoRA
ID_7269889225548975;7;vacuum energy;vacuum energy density;0.912;3;match válido;Qwen3-1.7B-QLoRA
ID_7269889225548975;8;black holes;dark matter (rej);0.641;0;sem match válido;Qwen3-1.7B-QLoRA
ID_7269889225548975;9;cosmology;cosmological particle production (rej);0.736;0;sem match válido;Qwen3-1.7B-QLoRA
ID_7269889225548975;10;dark energy;dark energy;1.000;3;match válido;Qwen3-1.7B-QLoRA
ID_7269889225548975;11;dark interaction model;dark interaction;0.924;3;match válido;Qwen3-1.7B-QLoRA
ID_7269889225548975;12;dark matter;dark matter;1.000;2;match válido;Qwen3-1.7B-QLoRA
ID_7269889225548975;13;einstein's field equations;friedmann type model (rej);0.476;0;sem match válido;Qwen3-1.7B-QLoRA
ID_7269889225548975;14;general relativity;dark matter (rej);0.564;0;sem match válido;Qwen3-1.7B-QLoRA
ID_7269889225548975;15;influence of an interacting;processo cognitivo (rej);0.502;0;sem match válido;Qwen3-1.7B-QLoRA
ID_7269889225548975;16;interacting dark components;dark interaction (rej);0.870;0;sem match válido;Qwen3-1.7B-QLoRA
ID_7269889225548975;17;integração numérica;renormalization group (rej);0.414;0;sem match válido;Qwen3-1.7B-QLoRA
ID_7269889225548975;18;particle production;particle production;1.000;3;match válido;Qwen3-1.7B-QLoRA
ID_7269889225548975;19;perturbative equations;tensorial perturbations (rej);0.574;0;sem match válido;Qwen3-1.7B-QLoRA
ID_7269889225548975;20;planetary motion;gravitational collapse (rej);0.494;0;sem match válido;Qwen3-1.7B-QLoRA
ID_7299082066704598;1;amazonian forest;amazonian forest;1.000;3;match válido;Qwen3-1.7B-QLoRA
ID_7299082066704598;2;amazonian rain forest;tropical rain forest;0.846;3;match válido;Qwen3-1.7B-QLoRA
ID_7299082066704598;3;amazonian tree communities;amazonian forest (rej);0.876;0;sem match válido;Qwen3-1.7B-QLoRA
ID_7299082066704598;4;central amazon;amazon;0.900;2;match válido;Qwen3-1.7B-QLoRA
ID_7299082066704598;5;conservation;reforestation (rej);0.614;0;sem match válido;Qwen3-1.7B-QLoRA
ID_7299082066704598;6;experimental forest fragments;secondary forest (rej);0.676;0;sem match válido;Qwen3-1.7B-QLoRA
ID_7299082066704598;7;edge effects;edge effects;1.000;3;match válido;Qwen3-1.7B-QLoRA
ID_7299082066704598;8;fragments of amazonian;amazon (rej);0.804;0;sem match válido;Qwen3-1.7B-QLoRA
ID_7299082066704598;9;fragmentation;species in fragments (rej);0.615;0;sem match válido;Qwen3-1.7B-QLoRA
ID_7299082066704598;10;fragmentation effect;disturbance (rej);0.530;0;sem match válido;Qwen3-1.7B-QLoRA
ID_7299082066704598;11;fragmentation effects;edge effects (rej);0.541;0;sem match válido;Qwen3-1.7B-QLoRA
ID_7299082066704598;12;fragmentation process;species in fragments (rej);0.539;0;sem match válido;Qwen3-1.7B-QLoRA
ID_7299082066704598;13;forest fragments;secondary forests (rej);0.741;0;sem match válido;Qwen3-1.7B-QLoRA
ID_7299082066704598;14;forest tree saplings;mature forests;0.781;3;match válido;Qwen3-1.7B-QLoRA
ID_7299082066704598;15;forest tree saplings with greater;mature forests (rej);0.754;0;sem match válido;Qwen3-1.7B-QLoRA
ID_7299082066704598;16;germination;seed germination;0.922;3;match válido;Qwen3-1.7B-QLoRA
ID_7299082066704598;17;germination of selected;seeds and seedlings;0.762;3;match válido;Qwen3-1.7B-QLoRA
ID_7299082066704598;18;microclimate;moisture and microclimate;0.815;3;match válido;Qwen3-1.7B-QLoRA
ID_7299082066704598;19;morphological traits;morfologia externa (rej);0.652;0;sem match válido;Qwen3-1.7B-QLoRA
ID_7299082066704598;20;plant communities;vegetation structure (rej);0.690;0;sem match válido;Qwen3-1.7B-QLoRA
ID_7305428791149745;1;crystal structure;crystal structure;1.000;3;match válido;Qwen3-1.7B-QLoRA
ID_7305428791149745;2;dna polymerase;protein (rej);0.421;0;sem match válido;Qwen3-1.7B-QLoRA
ID_7305428791149745;3;expression and crystallization;crystal structure (rej);0.771;0;sem match válido;Qwen3-1.7B-QLoRA
ID_7305428791149745;4;glycogen phosphorylase;protein (rej);0.465;0;sem match válido;Qwen3-1.7B-QLoRA
ID_7305428791149745;5;human cathepsin;protein (rej);0.281;0;sem match válido;Qwen3-1.7B-QLoRA
ID_7305428791149745;6;intracellular trafficking;protein (rej);0.258;0;sem match válido;Qwen3-1.7B-QLoRA
ID_7305428791149745;7;leishmania braziliensis;siras, single isomorphous replacement with anomalous scattering (rej);0.223;0;sem match válido;Qwen3-1.7B-QLoRA
ID_7305428791149745;8;molecular dynamics simulations;thermodynamic properties (rej);0.502;0;sem match válido;Qwen3-1.7B-QLoRA
ID_7305428791149745;9;purification;quick cryo-soaking (rej);0.377;0;sem match válido;Qwen3-1.7B-QLoRA
ID_7305428791149745;10;reciprocal transfection;multiple isomorphous replacement with anomalous scattering (rej);0.411;0;sem match válido;Qwen3-1.7B-QLoRA
ID_7305428791149745;11;reciprocal transfection protocol;multiple isomorphous replacement with anomalous scattering (rej);0.341;0;sem match válido;Qwen3-1.7B-QLoRA
ID_7305428791149745;12;snake venom;quick cryo-soaking (rej);0.193;0;sem match válido;Qwen3-1.7B-QLoRA
ID_7305428791149745;13;structure and kinetics;structural basis (rej);0.611;0;sem match válido;Qwen3-1.7B-QLoRA
ID_7305428791149745;14;structural characterization;structural basis;0.885;3;match válido;Qwen3-1.7B-QLoRA
ID_7305428791149745;15;trypanosoma cruzi;putida g7 involved (rej);0.295;0;sem match válido;Qwen3-1.7B-QLoRA
ID_7305428791149745;16;x-ray crystallography;x-ray structure;0.770;3;match válido;Qwen3-1.7B-QLoRA
ID_7305428791149745;17;x-ray diffraction;x-ray diffraction;1.000;3;match válido;Qwen3-1.7B-QLoRA
ID_7305428791149745;18;xanthomonas axonopodis pv;x-ray structure (rej);0.387;0;sem match válido;Qwen3-1.7B-QLoRA
ID_7305428791149745;19;xanthomonas axonopodis pv citri yaeq;x-ray structure (rej);0.346;0;sem match válido;Qwen3-1.7B-QLoRA
ID_7305428791149745;20;yeast cell cycle;protein (rej);0.293;0;sem match válido;Qwen3-1.7B-QLoRA
ID_7312223977002681;1;ferroelectricity;ferroelectric phase transition;0.842;2;match válido;Qwen3-1.7B-QLoRA
ID_7312223977002681;2;high-temperature raman;temperature (rej);0.692;0;sem match válido;Qwen3-1.7B-QLoRA
ID_7312223977002681;3;kdp;kdp;1.000;2;match válido;Qwen3-1.7B-QLoRA
ID_7312223977002681;4;kdp crystals;pure kdp (rej);0.652;0;sem match válido;Qwen3-1.7B-QLoRA
ID_7312223977002681;5;kdp:ni;kdp (rej);0.917;0;sem match válido;Qwen3-1.7B-QLoRA
ID_7312223977002681;6;phase transition;phase transition;1.000;3;match válido;Qwen3-1.7B-QLoRA
ID_7312223977002681;7;piezoelectric coefficient;dielectric properties (rej);0.634;0;sem match válido;Qwen3-1.7B-QLoRA
ID_7312223977002681;8;pure kdp;pure kdp;1.000;2;match válido;Qwen3-1.7B-QLoRA
ID_7312223977002681;9;raman;raman spectra (rej);0.679;0;sem match válido;Qwen3-1.7B-QLoRA
ID_7312223977002681;10;raman and x-ray;raman spectra (rej);0.653;0;sem match válido;Qwen3-1.7B-QLoRA
ID_7312223977002681;11;raman scattering;raman spectra (rej);0.716;0;sem match válido;Qwen3-1.7B-QLoRA
ID_7312223977002681;12;raman spectra;raman spectra;1.000;3;match válido;Qwen3-1.7B-QLoRA
ID_7312223977002681;13;thermal diffusivity;thermal diffusivity;1.000;3;match válido;Qwen3-1.7B-QLoRA
ID_7312223977002681;14;thermal lens;thermal lens;1.000;3;match válido;Qwen3-1.7B-QLoRA
ID_7312223977002681;15;thermal lens spectrometry;thermal lens (rej);0.875;0;sem match válido;Qwen3-1.7B-QLoRA
ID_7312223977002681;16;thermal lens spectrometry: optimizing amplitude;thermal lens (rej);0.811;0;sem match válido;Qwen3-1.7B-QLoRA
ID_7312223977002681;17;transient time;phase transitions (rej);0.525;0;sem match válido;Qwen3-1.7B-QLoRA
ID_7312223977002681;18;vegetable oils;vegetable oils;1.000;3;match válido;Qwen3-1.7B-QLoRA
ID_7312223977002681;19;optical properties;thermal lens (rej);0.563;0;sem match válido;Qwen3-1.7B-QLoRA
ID_7312223977002681;20;pressure sensing;pressure sensing;1.000;1;match válido;Qwen3-1.7B-QLoRA
ID_7430030311775522;1;brazilian metropolises;urban infrastructure (rej);0.576;0;sem match válido;Qwen3-1.7B-QLoRA
ID_7430030311775522;2;census;municipality (rej);0.488;0;sem match válido;Qwen3-1.7B-QLoRA
ID_7430030311775522;3;city planning;urban policies (rej);0.790;0;sem match válido;Qwen3-1.7B-QLoRA
ID_7430030311775522;4;demographic census;urban sociology (rej);0.440;0;sem match válido;Qwen3-1.7B-QLoRA
ID_7430030311775522;5;infrastructure investments;urban infrastructure (rej);0.759;0;sem match válido;Qwen3-1.7B-QLoRA
ID_7430030311775522;6;poverty;urban poverty (rej);0.843;0;sem match válido;Qwen3-1.7B-QLoRA
ID_7430030311775522;7;pobreza;urban poverty (rej);0.848;0;sem match válido;Qwen3-1.7B-QLoRA
ID_7430030311775522;8;social segregation;social structure (rej);0.655;0;sem match válido;Qwen3-1.7B-QLoRA
ID_7430030311775522;9;urban development;urban infrastructure;0.814;2;match válido;Qwen3-1.7B-QLoRA
ID_7430030311775522;10;urban poverty;urban poverty;1.000;3;match válido;Qwen3-1.7B-QLoRA
ID_7430030311775522;11;urban planning;urban policies;0.818;3;match válido;Qwen3-1.7B-QLoRA
ID_7430030311775522;12;urbanization;urbanization;1.000;1;match válido;Qwen3-1.7B-QLoRA
ID_7430030311775522;13;urbanization process;infra-estrutura urbana;0.781;2;match válido;Qwen3-1.7B-QLoRA
ID_7430030311775522;14;urbanisation;urban history;0.773;3;match válido;Qwen3-1.7B-QLoRA
ID_7430030311775522;15;urbanización;urban sociology;0.835;3;match válido;Qwen3-1.7B-QLoRA
ID_7430030311775522;16;urbanização;políticas urbanas;0.835;3;match válido;Qwen3-1.7B-QLoRA
ID_7430030311775522;17;economic growth;economic sociology (rej);0.543;0;sem match válido;Qwen3-1.7B-QLoRA
ID_7430030311775522;18;favelas;urban poverty (rej);0.478;0;sem match válido;Qwen3-1.7B-QLoRA
ID_7430030311775522;19;metropolitan area;municipalization;0.750;2;match válido;Qwen3-1.7B-QLoRA
ID_7430030311775522;20;municipality;municipality;1.000;2;match válido;Qwen3-1.7B-QLoRA
ID_7456235597127456;1;deep level transient;stoichiometric layer (rej);0.408;0;sem match válido;Qwen3-1.7B-QLoRA
ID_7456235597127456;2;defect trapping;electrical activation (rej);0.408;0;sem match válido;Qwen3-1.7B-QLoRA
ID_7456235597127456;3;field-effect transistors;electrical characteristics (rej);0.504;0;sem match válido;Qwen3-1.7B-QLoRA
ID_7456235597127456;4;high frequency capacitance–voltage;voltage-mode quaternary cmos design (rej);0.680;0;sem match válido;Qwen3-1.7B-QLoRA
ID_7456235597127456;5;heterojunction bipolar;stress (rej);0.303;0;sem match válido;Qwen3-1.7B-QLoRA
ID_7456235597127456;6;ion implantation;silicon (rej);0.400;0;sem match válido;Qwen3-1.7B-QLoRA
ID_7456235597127456;7;low temperature plasma;room temperature (rej);0.561;0;sem match válido;Qwen3-1.7B-QLoRA
ID_7456235597127456;8;metal–oxide semiconductor;silicon carbide (rej);0.629;0;sem match válido;Qwen3-1.7B-QLoRA
ID_7456235597127456;9;photoluminescence;photoluminescence;1.000;2;match válido;Qwen3-1.7B-QLoRA
ID_7456235597127456;10;p-type heterojunction bipolar;stoichiometric layer (rej);0.242;0;sem match válido;Qwen3-1.7B-QLoRA
ID_7456235597127456;11;p-type silicon;silicon (rej);0.785;0;sem match válido;Qwen3-1.7B-QLoRA
ID_7456235597127456;12;plasma immersion ion;condensed matter: structural, mechanical & thermal  (rej);0.293;0;sem match válido;Qwen3-1.7B-QLoRA
ID_7456235597127456;13;quaternary lookup table;tem (rej);0.398;0;sem match válido;Qwen3-1.7B-QLoRA
ID_7456235597127456;14;silicon-on-insulator;silicon;0.822;3;match válido;Qwen3-1.7B-QLoRA
ID_7456235597127456;15;solid-state laser;photoluminescence (rej);0.398;0;sem match válido;Qwen3-1.7B-QLoRA
ID_7456235597127456;16;surface passivation;n-type gaas layers (rej);0.497;0;sem match válido;Qwen3-1.7B-QLoRA
ID_7456235597127456;17;thin-film sensors;position sensitive detector (rej);0.532;0;sem match válido;Qwen3-1.7B-QLoRA
ID_7456235597127456;18;transistor;reconfigurable circuits (rej);0.562;0;sem match válido;Qwen3-1.7B-QLoRA
ID_7456235597127456;19;tunneling;n-type gaas layers (rej);0.352;0;sem match válido;Qwen3-1.7B-QLoRA
ID_7456235597127456;20;two-terminal amplifier;voltage-mode quaternary cmos design (rej);0.522;0;sem match válido;Qwen3-1.7B-QLoRA
ID_7464190101117707;1;dengue;dengue;1.000;3;match válido;Qwen3-1.7B-QLoRA
ID_7464190101117707;2;fusion peptide;virus fusion peptide (rej);0.832;0;sem match válido;Qwen3-1.7B-QLoRA
ID_7464190101117707;3;fusion peptides;virus fusion peptide (rej);0.823;0;sem match válido;Qwen3-1.7B-QLoRA
ID_7464190101117707;4;high mobility group box;high mobility group;0.841;2;match válido;Qwen3-1.7B-QLoRA
ID_7464190101117707;5;human liver proteins;protein (rej);0.584;0;sem match válido;Qwen3-1.7B-QLoRA
ID_7464190101117707;6;membrane fusion;membrane fusion;1.000;1;match válido;Qwen3-1.7B-QLoRA
ID_7464190101117707;7;mycobacterial adhesin;virus capsid protein (rej);0.409;0;sem match válido;Qwen3-1.7B-QLoRA
ID_7464190101117707;8;non-structural 3 protein;protein misfolding (rej);0.730;0;sem match válido;Qwen3-1.7B-QLoRA
ID_7464190101117707;9;ns1 protein;protein–dna interaction (rej);0.601;0;sem match válido;Qwen3-1.7B-QLoRA
ID_7464190101117707;10;recombinant denv2 ns1;protein–dna interaction (rej);0.530;0;sem match válido;Qwen3-1.7B-QLoRA
ID_7464190101117707;11;recombinant denv2 ns1 protein;protein–dna interaction (rej);0.626;0;sem match válido;Qwen3-1.7B-QLoRA
ID_7464190101117707;12;structure;structural characterization;0.841;3;match válido;Qwen3-1.7B-QLoRA
ID_7464190101117707;13;virus maturation;virus maturation targets (rej);0.921;0;sem match válido;Qwen3-1.7B-QLoRA
ID_7464190101117707;14;virus maturation targets;virus maturation targets;1.000;1;match válido;Qwen3-1.7B-QLoRA
ID_7464190101117707;15;virus maturation targets the capsid;virus capsid protein;0.816;2;match válido;Qwen3-1.7B-QLoRA
ID_7464190101117707;16;viral envelope;virus fusion (rej);0.620;0;sem match válido;Qwen3-1.7B-QLoRA
ID_7464190101117707;17;viral envelope protein;virus capsid protein (rej);0.762;0;sem match válido;Qwen3-1.7B-QLoRA
ID_7464190101117707;18;viral fusion;virus fusion;0.929;1;match válido;Qwen3-1.7B-QLoRA
ID_7464190101117707;19;viral fusion peptides;virus fusion peptide (rej);0.948;0;sem match válido;Qwen3-1.7B-QLoRA
ID_7464190101117707;20;viral fusion peptide;virus fusion peptide;0.953;2;match válido;Qwen3-1.7B-QLoRA
ID_7471111924336519;1;data center fault tolerant;core network (rej);0.510;0;sem match válido;Qwen3-1.7B-QLoRA
ID_7471111924336519;2;network performance;network performance evaluation;0.930;3;match válido;Qwen3-1.7B-QLoRA
ID_7471111924336519;3;openflow;availability (rej);0.375;0;sem match válido;Qwen3-1.7B-QLoRA
ID_7471111924336519;4;performance evaluation;performability (rej);0.760;0;sem match válido;Qwen3-1.7B-QLoRA
ID_7471111924336519;5;quality of service;performance and availability (rej);0.641;0;sem match válido;Qwen3-1.7B-QLoRA
ID_7471111924336519;6;service availability;performance and availability;0.785;3;match válido;Qwen3-1.7B-QLoRA
ID_7471111924336519;7;software defined network;core network (rej);0.639;0;sem match válido;Qwen3-1.7B-QLoRA
ID_7471111924336519;8;web service availability;performance and availability (rej);0.694;0;sem match válido;Qwen3-1.7B-QLoRA
ID_7471111924336519;9;web services;web clusters (rej);0.609;0;sem match válido;Qwen3-1.7B-QLoRA
ID_7471111924336519;10;análise de desempenho;performability;0.782;3;match válido;Qwen3-1.7B-QLoRA
ID_7471111924336519;11;balancing charge;traffic models (rej);0.275;0;sem match válido;Qwen3-1.7B-QLoRA
ID_7471111924336519;12;balanced load distribution;traffic models (rej);0.408;0;sem match válido;Qwen3-1.7B-QLoRA
ID_7471111924336519;13;centralized control;connection admission control (rej);0.393;0;sem match válido;Qwen3-1.7B-QLoRA
ID_7471111924336519;14;charge balancing;traffic models (rej);0.273;0;sem match válido;Qwen3-1.7B-QLoRA
ID_7471111924336519;15;fault tolerance;unavailability (rej);0.353;0;sem match válido;Qwen3-1.7B-QLoRA
ID_7471111924336519;16;high-speed networks;network performance evaluation (rej);0.744;0;sem match válido;Qwen3-1.7B-QLoRA
ID_7471111924336519;17;mobile social networks;core network (rej);0.425;0;sem match válido;Qwen3-1.7B-QLoRA
ID_7471111924336519;18;multimedia networks;network performance evaluation (rej);0.569;0;sem match válido;Qwen3-1.7B-QLoRA
ID_7471111924336519;19;networked multimedia;network performance evaluation (rej);0.558;0;sem match válido;Qwen3-1.7B-QLoRA
ID_7471111924336519;20;performance measurement;performability (rej);0.762;0;sem match válido;Qwen3-1.7B-QLoRA
ID_7506578377321090;1;citrus;citrus;1.000;2;match válido;Qwen3-1.7B-QLoRA
ID_7506578377321090;2;cyclopia;poncirus trifoliata (rej);0.559;0;sem match válido;Qwen3-1.7B-QLoRA
ID_7506578377321090;3;embryogenesis;somatic embryo induction;0.816;3;match válido;Qwen3-1.7B-QLoRA
ID_7506578377321090;4;emergence rate;propagation (rej);0.459;0;sem match válido;Qwen3-1.7B-QLoRA
ID_7506578377321090;5;germoplasm banks;semeadura na formação (rej);0.499;0;sem match válido;Qwen3-1.7B-QLoRA
ID_7506578377321090;6;hybrid plants;cultivares de morangueiro (rej);0.679;0;sem match válido;Qwen3-1.7B-QLoRA
ID_7506578377321090;7;micropropagation;micropropagation;1.000;3;match válido;Qwen3-1.7B-QLoRA
ID_7506578377321090;8;plant breeders’ unions;plant production (rej);0.589;0;sem match válido;Qwen3-1.7B-QLoRA
ID_7506578377321090;9;perennial grassland;cultivares de morangueiro (rej);0.663;0;sem match válido;Qwen3-1.7B-QLoRA
ID_7506578377321090;10;prolificity;propagation (rej);0.532;0;sem match válido;Qwen3-1.7B-QLoRA
ID_7506578377321090;11;sclerotium rolleiflavum;semeadura na formação (rej);0.484;0;sem match válido;Qwen3-1.7B-QLoRA
ID_7506578377321090;12;sclerotium scitamineum;semeadura na formação (rej);0.430;0;sem match válido;Qwen3-1.7B-QLoRA
ID_7506578377321090;13;seedling emergence;semeadura na formação (rej);0.749;0;sem match válido;Qwen3-1.7B-QLoRA
ID_7506578377321090;14;seedling growth;semeadura na formação;0.753;1;match válido;Qwen3-1.7B-QLoRA
ID_7506578377321090;15;seeds germination;semeadura na formação (rej);0.745;0;sem match válido;Qwen3-1.7B-QLoRA
ID_7506578377321090;16;tuber yield;yield (rej);0.657;0;sem match válido;Qwen3-1.7B-QLoRA
ID_7506578377321090;17;vigor;propagation (rej);0.474;0;sem match válido;Qwen3-1.7B-QLoRA
ID_7506578377321090;18;wild potato;cultivares de morangueiro (rej);0.666;0;sem match válido;Qwen3-1.7B-QLoRA
ID_7506578377321090;19;wild potato genetic resources;cultivares de morangueiro (rej);0.564;0;sem match válido;Qwen3-1.7B-QLoRA
ID_7506578377321090;20;wild potatoes;cultivares de morangueiro (rej);0.667;0;sem match válido;Qwen3-1.7B-QLoRA
ID_7527179767450432;1;caraíba bean;tropical maize (rej);0.665;0;sem match válido;Qwen3-1.7B-QLoRA
ID_7527179767450432;2;common bean;tropical maize (rej);0.605;0;sem match válido;Qwen3-1.7B-QLoRA
ID_7527179767450432;3;eucalyptus;sugarcane (rej);0.537;0;sem match válido;Qwen3-1.7B-QLoRA
ID_7527179767450432;4;genetic architecture;genetic map (rej);0.765;0;sem match válido;Qwen3-1.7B-QLoRA
ID_7527179767450432;5;molecular genetic maps;genetic map;0.894;3;match válido;Qwen3-1.7B-QLoRA
ID_7527179767450432;6;multiple interval mapping;molecular mapping (rej);0.500;0;sem match válido;Qwen3-1.7B-QLoRA
ID_7527179767450432;7;phaseolus vulgaris;phaseolus vulgaris;1.000;1;match válido;Qwen3-1.7B-QLoRA
ID_7527179767450432;8;phenotype observation;genetic similarity (rej);0.559;0;sem match válido;Qwen3-1.7B-QLoRA
ID_7527179767450432;9;phosphate uptake;tissue culture effects (rej);0.261;0;sem match válido;Qwen3-1.7B-QLoRA
ID_7527179767450432;10;pod tip shape;polyploid (rej);0.372;0;sem match válido;Qwen3-1.7B-QLoRA
ID_7527179767450432;11;pod tip shapes;polyploid (rej);0.369;0;sem match válido;Qwen3-1.7B-QLoRA
ID_7527179767450432;12;poplar trees;sunki mandarincitrus (rej);0.535;0;sem match válido;Qwen3-1.7B-QLoRA
ID_7527179767450432;13;population structure;population structure;1.000;2;match válido;Qwen3-1.7B-QLoRA
ID_7527179767450432;14;reciprocal crosses;heterosis (rej);0.518;0;sem match válido;Qwen3-1.7B-QLoRA
ID_7527179767450432;15;rust resistance;leaf spot resistance (rej);0.563;0;sem match válido;Qwen3-1.7B-QLoRA
ID_7527179767450432;16;rust resistance qtl;leaf spot resistance (rej);0.474;0;sem match válido;Qwen3-1.7B-QLoRA
ID_7527179767450432;17;seed size;tropical maize germplasm (rej);0.494;0;sem match válido;Qwen3-1.7B-QLoRA
ID_7527179767450432;18;seedling vigour;tropical maize germplasm (rej);0.614;0;sem match válido;Qwen3-1.7B-QLoRA
ID_7527179767450432;19;simultaneous maximum-likelihood;segregation pattern estimation (rej);0.423;0;sem match válido;Qwen3-1.7B-QLoRA
ID_7527179767450432;20;simultaneous maximum-likelihood estimation;segregation pattern estimation (rej);0.481;0;sem match válido;Qwen3-1.7B-QLoRA
ID_7532334620264577;1;acute renal failure;chronic kidney failure (rej);0.914;0;sem match válido;Qwen3-1.7B-QLoRA
ID_7532334620264577;2;bothrops moojeni venom;venom;0.859;2;match válido;Qwen3-1.7B-QLoRA
ID_7532334620264577;3;chronic renal failure;chronic kidney failure;0.969;3;match válido;Qwen3-1.7B-QLoRA
ID_7532334620264577;4;differential diagnosis;tratamento farmacológico (rej);0.382;0;sem match válido;Qwen3-1.7B-QLoRA
ID_7532334620264577;5;diabetes mellitus;perfil lipídico (rej);0.471;0;sem match válido;Qwen3-1.7B-QLoRA
ID_7532334620264577;6;disease progression;chronic kidney failure (rej);0.410;0;sem match válido;Qwen3-1.7B-QLoRA
ID_7532334620264577;7;endocrine system;renal biological activity (rej);0.455;0;sem match válido;Qwen3-1.7B-QLoRA
ID_7532334620264577;8;honeybee sting;picadas de abelhas;0.846;2;match válido;Qwen3-1.7B-QLoRA
ID_7532334620264577;9;hyperglycemia;perfil lipídico (rej);0.525;0;sem match válido;Qwen3-1.7B-QLoRA
ID_7532334620264577;10;hypoglycemic coma;nephrotoxicity (rej);0.428;0;sem match válido;Qwen3-1.7B-QLoRA
ID_7532334620264577;11;insulin deficiency;chronic kidney failure (rej);0.443;0;sem match válido;Qwen3-1.7B-QLoRA
ID_7532334620264577;12;insulinomas;perfil lipídico (rej);0.501;0;sem match válido;Qwen3-1.7B-QLoRA
ID_7532334620264577;13;neutropenia;nephrotoxicity;0.824;3;match válido;Qwen3-1.7B-QLoRA
ID_7532334620264577;14;renal diseases;renal effects;0.831;3;match válido;Qwen3-1.7B-QLoRA
ID_7532334620264577;15;renal function;renal activity;0.947;2;match válido;Qwen3-1.7B-QLoRA
ID_7532334620264577;16;renal graft rejection;isolated kidney;0.757;3;match válido;Qwen3-1.7B-QLoRA
ID_7532334620264577;17;snake venom;snake venom c-type (rej);0.747;0;sem match válido;Qwen3-1.7B-QLoRA
ID_7532334620264577;18;tissue culture;perfused rat kidneys (rej);0.487;0;sem match válido;Qwen3-1.7B-QLoRA
ID_7532334620264577;19;type 1 diabetes;perfil lipídico (rej);0.415;0;sem match válido;Qwen3-1.7B-QLoRA
ID_7532334620264577;20;vitamin b12 deficiency;nephrotoxicity (rej);0.318;0;sem match válido;Qwen3-1.7B-QLoRA
ID_7572366766177648;1;biosensor;biosensor;1.000;3;match válido;Qwen3-1.7B-QLoRA
ID_7572366766177648;2;electrochemical;electrochemical properties;0.944;3;match válido;Qwen3-1.7B-QLoRA
ID_7572366766177648;3;electrochemical sensor;electrochemical sensor;1.000;3;match válido;Qwen3-1.7B-QLoRA
ID_7572366766177648;4;electrochemical sensors;electrochemical detection;0.882;3;match válido;Qwen3-1.7B-QLoRA
ID_7572366766177648;5;electrochemical study;electrochemical study;1.000;3;match válido;Qwen3-1.7B-QLoRA
ID_7572366766177648;6;electrolyte;electrocatalysis;0.824;3;match válido;Qwen3-1.7B-QLoRA
ID_7572366766177648;7;glassy carbon electrode;carbon paste electrode (rej);0.804;0;sem match válido;Qwen3-1.7B-QLoRA
ID_7572366766177648;8;graphene;carbon paste electrode (rej);0.413;0;sem match válido;Qwen3-1.7B-QLoRA
ID_7572366766177648;9;l-glutathione;poly-l-lysine (rej);0.600;0;sem match válido;Qwen3-1.7B-QLoRA
ID_7572366766177648;10;modified electrode;modified electrode;1.000;3;match válido;Qwen3-1.7B-QLoRA
ID_7572366766177648;11;organotin;phenolic compounds (rej);0.443;0;sem match válido;Qwen3-1.7B-QLoRA
ID_7572366766177648;12;supramolecular complex;surface plasmon resonance (rej);0.446;0;sem match válido;Qwen3-1.7B-QLoRA
ID_7572366766177648;13;surface plasmon resonance;surface plasmon resonance;1.000;3;match válido;Qwen3-1.7B-QLoRA
ID_7572366766177648;14;surface plasmon resonance sensor;surface plasmon resonance (rej);0.863;0;sem match válido;Qwen3-1.7B-QLoRA
ID_7572366766177648;15;surface plasmon resonance sensor chip;surface plasmon resonance (rej);0.787;0;sem match válido;Qwen3-1.7B-QLoRA
ID_7572366766177648;16;titanium oxide;oxide grafted (rej);0.674;0;sem match válido;Qwen3-1.7B-QLoRA
ID_7572366766177648;17;voltammetric sensor;voltammetric sensor;1.000;3;match válido;Qwen3-1.7B-QLoRA
ID_7572366766177648;18;biomimetics;biosensor (rej);0.724;0;sem match válido;Qwen3-1.7B-QLoRA
ID_7572366766177648;19;carbon paste electrode;carbon paste electrode;1.000;3;match válido;Qwen3-1.7B-QLoRA
ID_7572366766177648;20;dissolved oxygen;electrocatalytic oxidation (rej);0.520;0;sem match válido;Qwen3-1.7B-QLoRA
ID_7594033934995220;1;asteraceae;taxons da flora (rej);0.658;0;sem match válido;Qwen3-1.7B-QLoRA
ID_7594033934995220;2;florística preliminar;florística em trechos;0.863;1;match válido;Qwen3-1.7B-QLoRA
ID_7594033934995220;3;florestas tropicais;árvores frutíferas (rej);0.653;0;sem match válido;Qwen3-1.7B-QLoRA
ID_7594033934995220;4;geographic distribution;áreas do sertão (rej);0.541;0;sem match válido;Qwen3-1.7B-QLoRA
ID_7594033934995220;5;herbarium;taxons da flora (rej);0.691;0;sem match válido;Qwen3-1.7B-QLoRA
ID_7594033934995220;6;invertebrates;listas das espécies (rej);0.594;0;sem match válido;Qwen3-1.7B-QLoRA
ID_7594033934995220;7;medicina popular;plantas medicinais utilizadas (rej);0.718;0;sem match válido;Qwen3-1.7B-QLoRA
ID_7594033934995220;8;medicina tradicional;plantas medicinais utilizadas (rej);0.669;0;sem match válido;Qwen3-1.7B-QLoRA
ID_7594033934995220;9;plantas medicinais;plantas medicinais utilizadas;0.972;2;match válido;Qwen3-1.7B-QLoRA
ID_7594033934995220;10;taxonomic revision;listas das espécies (rej);0.683;0;sem match válido;Qwen3-1.7B-QLoRA
ID_7594033934995220;11;técnicas de herbarização;sertão de pernambuco (rej);0.670;0;sem match válido;Qwen3-1.7B-QLoRA
ID_7594033934995220;12;vegetação arbórea;vegetação e flora;0.917;3;match válido;Qwen3-1.7B-QLoRA
ID_7594033934995220;13;vegetation composition;vegetação e flora (rej);0.870;0;sem match válido;Qwen3-1.7B-QLoRA
ID_7594033934995220;14;vegetação florestal;flora do nordeste;0.750;3;match válido;Qwen3-1.7B-QLoRA
ID_7594033934995220;15;vegetação tropical;vegetação e flora (rej);0.803;0;sem match válido;Qwen3-1.7B-QLoRA
ID_7594033934995220;16;biogeography;etnobotânica de plantas (rej);0.606;0;sem match válido;Qwen3-1.7B-QLoRA
ID_7594033934995220;17;botanical gardens;vegetação e flora (rej);0.840;0;sem match válido;Qwen3-1.7B-QLoRA
ID_7594033934995220;18;brazilian amazon;herbário ipa (rej);0.350;0;sem match válido;Qwen3-1.7B-QLoRA
ID_7594033934995220;19;brazilian flora;taxons da flora;0.753;3;match válido;Qwen3-1.7B-QLoRA
ID_7594033934995220;20;conservation;reserva ecológica;0.815;2;match válido;Qwen3-1.7B-QLoRA
ID_7606805059403041;1;cooperative negotiation;requisitos em projetos (rej);0.346;0;sem match válido;Qwen3-1.7B-QLoRA
ID_7606805059403041;2;defensive programming;security concept (rej);0.573;0;sem match válido;Qwen3-1.7B-QLoRA
ID_7606805059403041;3;software safety;safety-critical software;0.945;3;match válido;Qwen3-1.7B-QLoRA
ID_7606805059403041;4;unmanned aerial vehicles;unmanned aerial;0.909;3;match válido;Qwen3-1.7B-QLoRA
ID_7606805059403041;5;unmanned aerial vehicle;unmanned aerial (rej);0.908;0;sem match válido;Qwen3-1.7B-QLoRA
ID_7606805059403041;6;vans;atm (rej);0.565;0;sem match válido;Qwen3-1.7B-QLoRA
ID_7606805059403041;7;aircraft safety;safety analysis (rej);0.749;0;sem match válido;Qwen3-1.7B-QLoRA
ID_7606805059403041;8;critical applications;safety-critical applications (rej);0.646;0;sem match válido;Qwen3-1.7B-QLoRA
ID_7606805059403041;9;global atm;atm (rej);0.565;0;sem match válido;Qwen3-1.7B-QLoRA
ID_7606805059403041;10;human factors engineering;requisitos em projetos (rej);0.483;0;sem match válido;Qwen3-1.7B-QLoRA
ID_7606805059403041;11;risk analysis;análise de risco;0.984;3;match válido;Qwen3-1.7B-QLoRA
ID_7606805059403041;12;security;security;1.000;2;match válido;Qwen3-1.7B-QLoRA
ID_7606805059403041;13;software engineering;software development;0.870;1;match válido;Qwen3-1.7B-QLoRA
ID_7606805059403041;14;software safety requirements;software safety requirements;1.000;2;match válido;Qwen3-1.7B-QLoRA
ID_7606805059403041;15;subway mesh;transporte metro (rej);0.687;0;sem match válido;Qwen3-1.7B-QLoRA
ID_7606805059403041;16;training programs;program verification (rej);0.369;0;sem match válido;Qwen3-1.7B-QLoRA
ID_7606805059403041;17;traffic management;controle de transporte (rej);0.701;0;sem match válido;Qwen3-1.7B-QLoRA
ID_7606805059403041;18;transporte público;transporte metro;0.906;3;match válido;Qwen3-1.7B-QLoRA
ID_7606805059403041;19;técnicas de análise;proposed methodology (rej);0.730;0;sem match válido;Qwen3-1.7B-QLoRA
ID_7606805059403041;20;unmanned aircraft systems;unmanned aerial (rej);0.841;0;sem match válido;Qwen3-1.7B-QLoRA
ID_7721483148298785;1;brazilian semi-arid region;semiarid region (rej);0.607;0;sem match válido;Qwen3-1.7B-QLoRA
ID_7721483148298785;2;brazilian semi-arid regions;semiarid region (rej);0.607;0;sem match válido;Qwen3-1.7B-QLoRA
ID_7721483148298785;3;climate change impacts;hydrological model (rej);0.358;0;sem match válido;Qwen3-1.7B-QLoRA
ID_7721483148298785;4;climate models;hydrological model (rej);0.577;0;sem match válido;Qwen3-1.7B-QLoRA
ID_7721483148298785;5;climate sensitivity;hydrological model (rej);0.380;0;sem match válido;Qwen3-1.7B-QLoRA
ID_7721483148298785;6;drought response;hydrological model (rej);0.517;0;sem match válido;Qwen3-1.7B-QLoRA
ID_7721483148298785;7;evaporation;hydrological model (rej);0.522;0;sem match válido;Qwen3-1.7B-QLoRA
ID_7721483148298785;8;evapotranspiration;hydrological model (rej);0.445;0;sem match válido;Qwen3-1.7B-QLoRA
ID_7721483148298785;9;flash flood forecasting;hydrological modelling (rej);0.560;0;sem match válido;Qwen3-1.7B-QLoRA
ID_7721483148298785;10;hydrological modeling;hydrological modelling;0.998;3;match válido;Qwen3-1.7B-QLoRA
ID_7721483148298785;11;land cover classification;semiarid region (rej);0.422;0;sem match válido;Qwen3-1.7B-QLoRA
ID_7721483148298785;12;modelagem hidrológica;hydrological model;0.942;3;match válido;Qwen3-1.7B-QLoRA
ID_7721483148298785;13;rainfall-runoff models;hydrological modelling (rej);0.736;0;sem match válido;Qwen3-1.7B-QLoRA
ID_7721483148298785;14;regional climate model;hydrological model (rej);0.562;0;sem match válido;Qwen3-1.7B-QLoRA
ID_7721483148298785;15;semi-arid regions;semiarid region;0.794;3;match válido;Qwen3-1.7B-QLoRA
ID_7721483148298785;16;simulation of flash floods;hydrological modelling (rej);0.657;0;sem match válido;Qwen3-1.7B-QLoRA
ID_7721483148298785;17;surface runoff;hydrological model (rej);0.663;0;sem match válido;Qwen3-1.7B-QLoRA
ID_7721483148298785;18;transposição do rio;river basins (rej);0.740;0;sem match válido;Qwen3-1.7B-QLoRA
ID_7721483148298785;19;water balance;hydrological model (rej);0.611;0;sem match válido;Qwen3-1.7B-QLoRA
ID_7721483148298785;20;water resource management;hydrological model (rej);0.644;0;sem match válido;Qwen3-1.7B-QLoRA
ID_7740917144757410;1;celestial mechanics;orbital perturbations (rej);0.697;0;sem match válido;Qwen3-1.7B-QLoRA
ID_7740917144757410;2;earth;environmental and earth science ;0.765;2;match válido;Qwen3-1.7B-QLoRA
ID_7740917144757410;3;geopotential coefficient;geopotential coefficients;0.981;3;match válido;Qwen3-1.7B-QLoRA
ID_7740917144757410;4;gravity gradient;gravity gradient;1.000;3;match válido;Qwen3-1.7B-QLoRA
ID_7740917144757410;5;lunar artificial satellites;lunar artificial satellite;0.979;3;match válido;Qwen3-1.7B-QLoRA
ID_7740917144757410;6;planetary satellites;planetary satellites;1.000;3;match válido;Qwen3-1.7B-QLoRA
ID_7740917144757410;7;rotational motion;rotational motion;1.000;2;match válido;Qwen3-1.7B-QLoRA
ID_7740917144757410;8;satellite orbit;orbitais de satélites;0.950;1;match válido;Qwen3-1.7B-QLoRA
ID_7740917144757410;9;semi-analytical approach;numerical study (rej);0.633;0;sem match válido;Qwen3-1.7B-QLoRA
ID_7740917144757410;10;semianalytical method;numerical study (rej);0.533;0;sem match válido;Qwen3-1.7B-QLoRA
ID_7740917144757410;11;single and double averaged;numerical study (rej);0.380;0;sem match válido;Qwen3-1.7B-QLoRA
ID_7740917144757410;12;stable motion;rotational motion (rej);0.710;0;sem match válido;Qwen3-1.7B-QLoRA
ID_7740917144757410;13;terrestrial artificial satellites;artificial satellite;0.925;3;match válido;Qwen3-1.7B-QLoRA
ID_7740917144757410;14;third-body perturbation;third-body perturbation;1.000;3;match válido;Qwen3-1.7B-QLoRA
ID_7740917144757410;15;orbital motion;orbital motion;1.000;3;match válido;Qwen3-1.7B-QLoRA
ID_7740917144757410;16;perturbations due to geopotential;geopotential coefficients (rej);0.793;0;sem match válido;Qwen3-1.7B-QLoRA
ID_7740917144757410;17;seculent perturbations;perturbation caused;0.784;3;match válido;Qwen3-1.7B-QLoRA
ID_7740917144757410;18;sigma-point kalman filter;unscented kalman filter (rej);0.707;0;sem match válido;Qwen3-1.7B-QLoRA
ID_7740917144757410;19;sigma-point kalman filters;unscented kalman filter (rej);0.716;0;sem match válido;Qwen3-1.7B-QLoRA
ID_7740917144757410;20;sigma-point kalmann filter;unscented kalman filter (rej);0.610;0;sem match válido;Qwen3-1.7B-QLoRA
ID_7881527576747420;1;brain;terminações nervosas sensitivas (rej);0.521;0;sem match válido;Qwen3-1.7B-QLoRA
ID_7881527576747420;2;cell;epithelial cell (rej);0.571;0;sem match válido;Qwen3-1.7B-QLoRA
ID_7881527576747420;3;cells of denticle;tooth (rej);0.653;0;sem match válido;Qwen3-1.7B-QLoRA
ID_7881527576747420;4;connective tissue;connective tissue;1.000;3;match válido;Qwen3-1.7B-QLoRA
ID_7881527576747420;5;corona dentisum;dendritic trees (rej);0.672;0;sem match válido;Qwen3-1.7B-QLoRA
ID_7881527576747420;6;corona dentisum enamel;dendritic trees (rej);0.524;0;sem match válido;Qwen3-1.7B-QLoRA
ID_7881527576747420;7;corona dentisum enamel matrix;dendritic trees (rej);0.513;0;sem match válido;Qwen3-1.7B-QLoRA
ID_7881527576747420;8;coronating denticle;tooth (rej);0.767;0;sem match válido;Qwen3-1.7B-QLoRA
ID_7881527576747420;9;dental plaque;tooth (rej);0.758;0;sem match válido;Qwen3-1.7B-QLoRA
ID_7881527576747420;10;dental plaque formation;tooth (rej);0.708;0;sem match válido;Qwen3-1.7B-QLoRA
ID_7881527576747420;11;dental pulp;tooth;0.781;2;match válido;Qwen3-1.7B-QLoRA
ID_7881527576747420;12;dental pulp chamber;tooth (rej);0.721;0;sem match válido;Qwen3-1.7B-QLoRA
ID_7881527576747420;13;development;enriched environment (rej);0.449;0;sem match válido;Qwen3-1.7B-QLoRA
ID_7881527576747420;14;diabetes mellitus;epithelial cell (rej);0.317;0;sem match válido;Qwen3-1.7B-QLoRA
ID_7881527576747420;15;electron microscope;transmission electron microscopy;0.862;3;match válido;Qwen3-1.7B-QLoRA
ID_7881527576747420;16;electron microscope image;scanning electron microscopy (rej);0.942;0;sem match válido;Qwen3-1.7B-QLoRA
ID_7881527576747420;17;electron microscopy;scanning electron microscopy;0.955;3;match válido;Qwen3-1.7B-QLoRA
ID_7881527576747420;18;high-resolution scanning electron;scanninga electron microscopic;0.920;1;match válido;Qwen3-1.7B-QLoRA
ID_7881527576747420;19;microscopic study;scanning electron microscopy (rej);0.674;0;sem match válido;Qwen3-1.7B-QLoRA
ID_7881527576747420;20;morphometric study;scanning electron microscopy (rej);0.406;0;sem match válido;Qwen3-1.7B-QLoRA
ID_7927416076958362;1;open clusters;open clusters;1.000;3;match válido;Qwen3-1.7B-QLoRA
ID_7927416076958362;2;open clusters and associations;openclusters and associations: general;0.862;3;match válido;Qwen3-1.7B-QLoRA
ID_7927416076958362;3;open clusters and associations: general;open clusters and associations: general;1.000;3;match válido;Qwen3-1.7B-QLoRA
ID_7927416076958362;4;galaxy: structure;galaxy: structure;1.000;3;match válido;Qwen3-1.7B-QLoRA
ID_7927416076958362;5;galaxies: kinematics and dynamics;galaxy: structure (rej);0.749;0;sem match válido;Qwen3-1.7B-QLoRA
ID_7927416076958362;6;stars: hertzsprung–russell diagrams;young stellar associations (rej);0.666;0;sem match válido;Qwen3-1.7B-QLoRA
ID_7927416076958362;7;stars: fundamental parameters;young stellar associations (rej);0.702;0;sem match válido;Qwen3-1.7B-QLoRA
ID_7927416076958362;8;stars: horizontal-branch;young stellar associations (rej);0.672;0;sem match válido;Qwen3-1.7B-QLoRA
ID_7927416076958362;9;stars: kinematics;young stellar associations (rej);0.589;0;sem match válido;Qwen3-1.7B-QLoRA
ID_7927416076958362;10;stars: oscillations;young stellar associations (rej);0.669;0;sem match válido;Qwen3-1.7B-QLoRA
ID_7927416076958362;11;stars: stellar evolution;young stellar associations (rej);0.769;0;sem match válido;Qwen3-1.7B-QLoRA
ID_7927416076958362;12;stars: variables;young stellar associations (rej);0.628;0;sem match válido;Qwen3-1.7B-QLoRA
ID_7927416076958362;13;stars: white dwarfs;young stellar associations (rej);0.640;0;sem match válido;Qwen3-1.7B-QLoRA
ID_7927416076958362;14;star formation;young stellar associations (rej);0.727;0;sem match válido;Qwen3-1.7B-QLoRA
ID_7927416076958362;15;spectroscopy;photometry (rej);0.567;0;sem match válido;Qwen3-1.7B-QLoRA
ID_7927416076958362;16;spiral arms;spiral structure;0.838;3;match válido;Qwen3-1.7B-QLoRA
ID_7927416076958362;17;supernovae: individual;young stellar associations (rej);0.579;0;sem match válido;Qwen3-1.7B-QLoRA
ID_7927416076958362;18;unresolved binaries;unknown open clusters (rej);0.469;0;sem match válido;Qwen3-1.7B-QLoRA
ID_7927416076958362;19;young stellar associations;young stellar associations;1.000;2;match válido;Qwen3-1.7B-QLoRA
ID_7927416076958362;20;young stars;young stellar associations (rej);0.733;0;sem match válido;Qwen3-1.7B-QLoRA
ID_7927685281122435;1;acoustic wave equation;wave equation method;0.798;3;match válido;Qwen3-1.7B-QLoRA
ID_7927685281122435;2;acoustic wave modeling;wave equation (rej);0.668;0;sem match válido;Qwen3-1.7B-QLoRA
ID_7927685281122435;3;acoustic wave propagation;wave equation (rej);0.628;0;sem match válido;Qwen3-1.7B-QLoRA
ID_7927685281122435;4;analytical continuation;pré-empilhamento em profundidade (rej);0.511;0;sem match válido;Qwen3-1.7B-QLoRA
ID_7927685281122435;5;beam simulation;slant-stack (rej);0.467;0;sem match válido;Qwen3-1.7B-QLoRA
ID_7927685281122435;6;depth migration;depth migration;1.000;2;match válido;Qwen3-1.7B-QLoRA
ID_7927685281122435;7;earthquake;pré-empilhamento em profundidade (rej);0.368;0;sem match válido;Qwen3-1.7B-QLoRA
ID_7927685281122435;8;elastic wave equation;wave equation;0.829;2;match válido;Qwen3-1.7B-QLoRA
ID_7927685281122435;9;fast fourier transform;rapid expansion method (rej);0.536;0;sem match válido;Qwen3-1.7B-QLoRA
ID_7927685281122435;10;finite difference;recursive spatial derivative (rej);0.431;0;sem match válido;Qwen3-1.7B-QLoRA
ID_7927685281122435;11;finite difference methods;integral methods (rej);0.524;0;sem match válido;Qwen3-1.7B-QLoRA
ID_7927685281122435;12;imageamento sismico;pré-empilhamento em profundidade (rej);0.450;0;sem match válido;Qwen3-1.7B-QLoRA
ID_7927685281122435;13;inverse problems;recursive spatial derivative (rej);0.481;0;sem match válido;Qwen3-1.7B-QLoRA
ID_7927685281122435;14;isotropic medium;tilted transversely isotropic (rej);0.698;0;sem match válido;Qwen3-1.7B-QLoRA
ID_7927685281122435;15;least squares imaging;stabilized least-squares imaging;0.890;3;match válido;Qwen3-1.7B-QLoRA
ID_7927685281122435;16;linearized earth structure;tilted transversely isotropic (rej);0.506;0;sem match válido;Qwen3-1.7B-QLoRA
ID_7927685281122435;17;migrated seismic data;depth migration (rej);0.519;0;sem match válido;Qwen3-1.7B-QLoRA
ID_7927685281122435;18;numerical wave simulations;wave equation (rej);0.774;0;sem match válido;Qwen3-1.7B-QLoRA
ID_7927685281122435;19;one-way wave equation;one-way wave equation;1.000;2;match válido;Qwen3-1.7B-QLoRA
ID_7927685281122435;20;pure p-wave equation;tti pure p-wave;0.821;3;match válido;Qwen3-1.7B-QLoRA
ID_7930540518087267;1;broiler chicken;broiler chicks (rej);0.780;0;sem match válido;Qwen3-1.7B-QLoRA
ID_7930540518087267;2;broiler chickens;broiler chicks;0.865;3;match válido;Qwen3-1.7B-QLoRA
ID_7930540518087267;3;compostagem de resíduos;composição química (rej);0.393;0;sem match válido;Qwen3-1.7B-QLoRA
ID_7930540518087267;4;coconut residue;composição química (rej);0.391;0;sem match válido;Qwen3-1.7B-QLoRA
ID_7930540518087267;5;corn and soybean;rações para frangos (rej);0.506;0;sem match válido;Qwen3-1.7B-QLoRA
ID_7930540518087267;6;digestibility coefficient;digestibility;0.938;2;match válido;Qwen3-1.7B-QLoRA
ID_7930540518087267;7;dissolved oxygen;composição química (rej);0.444;0;sem match válido;Qwen3-1.7B-QLoRA
ID_7930540518087267;8;frangos de corte;frangos de corte;1.000;2;match válido;Qwen3-1.7B-QLoRA
ID_7930540518087267;9;galinhas poedeiras;poultry;0.906;2;match válido;Qwen3-1.7B-QLoRA
ID_7930540518087267;10;glutenous wheat bran;rações para frangos (rej);0.506;0;sem match válido;Qwen3-1.7B-QLoRA
ID_7930540518087267;11;industrial processing;composição química (rej);0.372;0;sem match válido;Qwen3-1.7B-QLoRA
ID_7930540518087267;12;industrially processed residues;composição química (rej);0.588;0;sem match válido;Qwen3-1.7B-QLoRA
ID_7930540518087267;13;lactobacillus fermentans;ácido l-glutâmico (rej);0.342;0;sem match válido;Qwen3-1.7B-QLoRA
ID_7930540518087267;14;metabolic activity;níveis nutricionais (rej);0.582;0;sem match válido;Qwen3-1.7B-QLoRA
ID_7930540518087267;15;metabolism;nutrition (rej);0.601;0;sem match válido;Qwen3-1.7B-QLoRA
ID_7930540518087267;16;nitrogen excretion;digestibility (rej);0.399;0;sem match válido;Qwen3-1.7B-QLoRA
ID_7930540518087267;17;organic matter;composição química (rej);0.632;0;sem match válido;Qwen3-1.7B-QLoRA
ID_7930540518087267;18;poultry feedstuffs;poultry (rej);0.825;0;sem match válido;Qwen3-1.7B-QLoRA
ID_7930540518087267;19;proteínas de árvores;ideal protein (rej);0.548;0;sem match válido;Qwen3-1.7B-QLoRA
ID_7930540518087267;20;ratios calcium:available phosphorus;níveis nutricionais (rej);0.496;0;sem match válido;Qwen3-1.7B-QLoRA
ID_7967486980814458;1;bipolar disorder;bipolar disorder;1.000;3;match válido;Qwen3-1.7B-QLoRA
ID_7967486980814458;2;brain-derived neurotrophic factor;serum brain-derived neurotrophic;0.847;2;match válido;Qwen3-1.7B-QLoRA
ID_7967486980814458;3;biological rhythms interview;rhythm score (rej);0.659;0;sem match válido;Qwen3-1.7B-QLoRA
ID_7967486980814458;4;brazilian outpatients;analyzing patients (rej);0.500;0;sem match válido;Qwen3-1.7B-QLoRA
ID_7967486980814458;5;brazilian version;sz merits (rej);0.328;0;sem match válido;Qwen3-1.7B-QLoRA
ID_7967486980814458;6;cognitive performance;cognitive impairment (rej);0.687;0;sem match válido;Qwen3-1.7B-QLoRA
ID_7967486980814458;7;functional assessment short test;short functioning (rej);0.652;0;sem match válido;Qwen3-1.7B-QLoRA
ID_7967486980814458;8;global assessment;validation (rej);0.380;0;sem match válido;Qwen3-1.7B-QLoRA
ID_7967486980814458;9;health organization’s quality;analyzing patients (rej);0.465;0;sem match válido;Qwen3-1.7B-QLoRA
ID_7967486980814458;10;healthy subjects;drug-free subjects (rej);0.526;0;sem match válido;Qwen3-1.7B-QLoRA
ID_7967486980814458;11;mental health professionals;schizophrenia (rej);0.611;0;sem match válido;Qwen3-1.7B-QLoRA
ID_7967486980814458;12;neurocysticercosis;neurocysticercosis;1.000;2;match válido;Qwen3-1.7B-QLoRA
ID_7967486980814458;13;neuroticism;schizophrenia (rej);0.637;0;sem match válido;Qwen3-1.7B-QLoRA
ID_7967486980814458;14;neurotransmitter receptors;neurotrophic signaling systems;0.775;2;match válido;Qwen3-1.7B-QLoRA
ID_7967486980814458;15;nitric oxide synthase;serum neurotrophin-3 (rej);0.378;0;sem match válido;Qwen3-1.7B-QLoRA
ID_7967486980814458;16;nitrous oxide;serum neurotrophin-3 (rej);0.370;0;sem match válido;Qwen3-1.7B-QLoRA
ID_7967486980814458;17;obesity;tryptophan diet (rej);0.388;0;sem match válido;Qwen3-1.7B-QLoRA
ID_7967486980814458;18;schizophrenia;schizophrenia;1.000;1;match válido;Qwen3-1.7B-QLoRA
ID_7967486980814458;19;sleep disturbances;sleep disturbance;0.992;3;match válido;Qwen3-1.7B-QLoRA
ID_7967486980814458;20;stress markers;oxidative stress markers;0.753;3;match válido;Qwen3-1.7B-QLoRA
ID_8047078292358267;1;bacterial infection;allelopathy (rej);0.358;0;sem match válido;Qwen3-1.7B-QLoRA
ID_8047078292358267;2;essential oils;naftoquinonas do caule (rej);0.549;0;sem match válido;Qwen3-1.7B-QLoRA
ID_8047078292358267;3;herbal medicines;coumarins and alkaloids (rej);0.613;0;sem match válido;Qwen3-1.7B-QLoRA
ID_8047078292358267;4;herbal medicine;coumarins and alkaloids (rej);0.580;0;sem match válido;Qwen3-1.7B-QLoRA
ID_8047078292358267;5;herbal remedies;coumarins and alkaloids (rej);0.606;0;sem match válido;Qwen3-1.7B-QLoRA
ID_8047078292358267;6;leaf extraction;leaves of derris (rej);0.638;0;sem match válido;Qwen3-1.7B-QLoRA
ID_8047078292358267;7;plant extract;plant callus culture (rej);0.627;0;sem match válido;Qwen3-1.7B-QLoRA
ID_8047078292358267;8;plant species;wild plant roots (rej);0.802;0;sem match válido;Qwen3-1.7B-QLoRA
ID_8047078292358267;9;proteobacteria;protolimonoid. (rej);0.395;0;sem match válido;Qwen3-1.7B-QLoRA
ID_8047078292358267;10;root extracts;wild plant roots (rej);0.638;0;sem match válido;Qwen3-1.7B-QLoRA
ID_8047078292358267;11;solanum tuberosum;brosimum acutifolium (rej);0.624;0;sem match válido;Qwen3-1.7B-QLoRA
ID_8047078292358267;12;solanum tuberosum cv.;brosimum acutifolium (rej);0.660;0;sem match válido;Qwen3-1.7B-QLoRA
ID_8047078292358267;13;soybean;leguminosae (rej);0.569;0;sem match válido;Qwen3-1.7B-QLoRA
ID_8047078292358267;14;stomata;timbó (rej);0.511;0;sem match válido;Qwen3-1.7B-QLoRA
ID_8047078292358267;15;tissue culture;callus tissue culture;0.771;1;match válido;Qwen3-1.7B-QLoRA
ID_8047078292358267;16;wild-growing plants;wild plant roots;0.906;3;match válido;Qwen3-1.7B-QLoRA
ID_8047078292358267;17;β-saxicoline alkaloids;coumarins and alkaloids;0.792;3;match válido;Qwen3-1.7B-QLoRA
ID_8047078292358267;18;α-aminoadipic acid;dehydrorotenoid (rej);0.550;0;sem match válido;Qwen3-1.7B-QLoRA
ID_8047078292358267;19;chemical constitution;chemical substances (rej);0.742;0;sem match válido;Qwen3-1.7B-QLoRA
ID_8047078292358267;20;crystal structure;crystal structure;1.000;1;match válido;Qwen3-1.7B-QLoRA
ID_8049184468038869;1;cardiovascular autonomic dysfunction;cardiovascular autonomic dysfunction;1.000;3;match válido;Qwen3-1.7B-QLoRA
ID_8049184468038869;2;endocarditis;venous endothelial function (rej);0.703;0;sem match válido;Qwen3-1.7B-QLoRA
ID_8049184468038869;3;heart failure;heart failure;1.000;3;match válido;Qwen3-1.7B-QLoRA
ID_8049184468038869;4;infarcted rats;rat (rej);0.641;0;sem match válido;Qwen3-1.7B-QLoRA
ID_8049184468038869;5;infarcted rats with heart;heart failure (rej);0.673;0;sem match válido;Qwen3-1.7B-QLoRA
ID_8049184468038869;6;myocardial infarction;myocardial infarction;1.000;3;match válido;Qwen3-1.7B-QLoRA
ID_8049184468038869;7;renal diseases;renal hypertension;0.799;2;match válido;Qwen3-1.7B-QLoRA
ID_8049184468038869;8;studies involving different;acute effect (rej);0.404;0;sem match válido;Qwen3-1.7B-QLoRA
ID_8049184468038869;9;sympathetic dysfunction;parasympathetic dysfunction (rej);0.683;0;sem match válido;Qwen3-1.7B-QLoRA
ID_8049184468038869;10;venous vascular reactivity;venous endothelial function;0.759;3;match válido;Qwen3-1.7B-QLoRA
ID_8049184468038869;11;vocal cord;sympatheting nerve activity (rej);0.379;0;sem match válido;Qwen3-1.7B-QLoRA
ID_8049184468038869;12;vitamin d;diabetes mellitus (rej);0.414;0;sem match válido;Qwen3-1.7B-QLoRA
ID_8049184468038869;13;vocal cord papilloma virus;parasympathetic dysfunction (rej);0.333;0;sem match válido;Qwen3-1.7B-QLoRA
ID_8049184468038869;14;vocal fold;autonomic nervous system (rej);0.311;0;sem match válido;Qwen3-1.7B-QLoRA
ID_8049184468038869;15;vocal fold cancer;renal sympatheting nerve (rej);0.286;0;sem match válido;Qwen3-1.7B-QLoRA
ID_8049184468038869;16;vocal fold cancer patient;parasympathetic dysfunction (rej);0.329;0;sem match válido;Qwen3-1.7B-QLoRA
ID_8049184468038869;17;vocal fold cancer patients;parasympathetic dysfunction (rej);0.317;0;sem match válido;Qwen3-1.7B-QLoRA
ID_8049184468038869;18;vocal fold lesions;parasympathetic dysfunction (rej);0.426;0;sem match válido;Qwen3-1.7B-QLoRA
ID_8049184468038869;19;vocal fold papilloma virus;parasympathetic dysfunction (rej);0.355;0;sem match válido;Qwen3-1.7B-QLoRA
ID_8049184468038869;20;vocal fold papillomatosis;parasympathetic dysfunction (rej);0.462;0;sem match válido;Qwen3-1.7B-QLoRA
ID_8192385731123737;1;agitation during lipoplex;lipofection (rej);0.697;0;sem match válido;Qwen3-1.7B-QLoRA
ID_8192385731123737;2;argonaute2;pluronic f-127 (rej);0.361;0;sem match válido;Qwen3-1.7B-QLoRA
ID_8192385731123737;3;biodegradable polymers;nanoprecipitation (rej);0.434;0;sem match válido;Qwen3-1.7B-QLoRA
ID_8192385731123737;4;gene silencing;gene knockdown effect (rej);0.718;0;sem match válido;Qwen3-1.7B-QLoRA
ID_8192385731123737;5;ionotropic glutamate receptor agonists;naproxen sodium suspensions (rej);0.379;0;sem match válido;Qwen3-1.7B-QLoRA
ID_8192385731123737;6;liposomes;cationic liposome;0.948;2;match válido;Qwen3-1.7B-QLoRA
ID_8192385731123737;7;plga nanoparticles;plga nanoparticles;1.000;2;match válido;Qwen3-1.7B-QLoRA
ID_8192385731123737;8;protein kinase;insulin-loaded pluronic f-127 (rej);0.429;0;sem match válido;Qwen3-1.7B-QLoRA
ID_8192385731123737;9;small interfering rna;small interfering rna (sirna);0.940;3;match válido;Qwen3-1.7B-QLoRA
ID_8192385731123737;10;small interfering rnas;small interfering rnas;1.000;2;match válido;Qwen3-1.7B-QLoRA
ID_8192385731123737;11;siRNA;sirna-based cancer therapy (rej);0.608;0;sem match válido;Qwen3-1.7B-QLoRA
ID_8192385731123737;12;siRNA-lipoplex formation;sirna-lipoplex preparation procedure;0.792;3;match válido;Qwen3-1.7B-QLoRA
ID_8192385731123737;13;siRNA-polymerase chain reaction;sirna-lipoplex preparation procedure (rej);0.672;0;sem match válido;Qwen3-1.7B-QLoRA
ID_8192385731123737;14;transdermal delivery;transdermal delivery;1.000;3;match válido;Qwen3-1.7B-QLoRA
ID_8192385731123737;15;vortex mixing;permeation and accumulation (rej);0.380;0;sem match válido;Qwen3-1.7B-QLoRA
ID_8192385731123737;16;vortex speed;pluronic f-127 (rej);0.311;0;sem match válido;Qwen3-1.7B-QLoRA
ID_8192385731123737;17;vortex speed and time;pluronic f-127 (rej);0.235;0;sem match válido;Qwen3-1.7B-QLoRA
ID_8192385731123737;18;vortex-speed and time;pluronic f-127 (rej);0.224;0;sem match válido;Qwen3-1.7B-QLoRA
ID_8192385731123737;19;cationic liposomes;cationic liposomes;1.000;3;match válido;Qwen3-1.7B-QLoRA
ID_8192385731123737;20;liposomalization;lipofection;0.865;1;match válido;Qwen3-1.7B-QLoRA
ID_8209219651894646;1;betalains;física e química (rej);0.417;0;sem match válido;Qwen3-1.7B-QLoRA
ID_8209219651894646;2;betalins;color (rej);0.412;0;sem match válido;Qwen3-1.7B-QLoRA
ID_8209219651894646;3;citrus aurantium;qualidade de alface (rej);0.571;0;sem match válido;Qwen3-1.7B-QLoRA
ID_8209219651894646;4;citrus limon;qualidade de alface (rej);0.412;0;sem match válido;Qwen3-1.7B-QLoRA
ID_8209219651894646;5;dioscorea villosa;utilizando-se o extravasamento (rej);0.366;0;sem match válido;Qwen3-1.7B-QLoRA
ID_8209219651894646;6;fruits ripening;qualidade de alface (rej);0.458;0;sem match válido;Qwen3-1.7B-QLoRA
ID_8209219651894646;7;honeydew melons;qualidade de alface (rej);0.457;0;sem match válido;Qwen3-1.7B-QLoRA
ID_8209219651894646;8;juvenile citrus;qualidade de alface (rej);0.478;0;sem match válido;Qwen3-1.7B-QLoRA
ID_8209219651894646;9;juvenile citrus fruits;qualidade de alface (rej);0.450;0;sem match válido;Qwen3-1.7B-QLoRA
ID_8209219651894646;10;juvenile citrus fruit;qualidade de alface (rej);0.436;0;sem match válido;Qwen3-1.7B-QLoRA
ID_8209219651894646;11;mature citrus fruits;qualidade de alface (rej);0.486;0;sem match válido;Qwen3-1.7B-QLoRA
ID_8209219651894646;12;orange juice;vitamin c (rej);0.384;0;sem match válido;Qwen3-1.7B-QLoRA
ID_8209219651894646;13;pericarp;stimulating ppo (rej);0.406;0;sem match válido;Qwen3-1.7B-QLoRA
ID_8209219651894646;14;polysaccharide lyase;física e química (rej);0.306;0;sem match válido;Qwen3-1.7B-QLoRA
ID_8209219651894646;15;pomace waste;utilizando-se o extravasamento (rej);0.408;0;sem match válido;Qwen3-1.7B-QLoRA
ID_8209219651894646;16;prune juice;qualidade de alface (rej);0.439;0;sem match válido;Qwen3-1.7B-QLoRA
ID_8209219651894646;17;pulp;ozone (rej);0.358;0;sem match válido;Qwen3-1.7B-QLoRA
ID_8209219651894646;18;red pepper;qualidade de alface (rej);0.486;0;sem match válido;Qwen3-1.7B-QLoRA
ID_8209219651894646;19;ripening;qualidade de alface (rej);0.484;0;sem match válido;Qwen3-1.7B-QLoRA
ID_8209219651894646;20;ripe mango;qualidade de alface (rej);0.395;0;sem match válido;Qwen3-1.7B-QLoRA
ID_8237569228020224;1;bacterial class i prs proteins;phosphopentomutases in archaeobacteria (rej);0.637;0;sem match válido;Qwen3-1.7B-QLoRA
ID_8237569228020224;2;class ii prs;vitro segmentation induction (rej);0.237;0;sem match válido;Qwen3-1.7B-QLoRA
ID_8237569228020224;3;complete genome sequences;transcriptomic analysis (rej);0.523;0;sem match válido;Qwen3-1.7B-QLoRA
ID_8237569228020224;4;expression and purification;enzyme activity (rej);0.491;0;sem match válido;Qwen3-1.7B-QLoRA
ID_8237569228020224;5;kinetic mechanism;kinetic mechanism;1.000;2;match válido;Qwen3-1.7B-QLoRA
ID_8237569228020224;6;mycobacterium tuberculosis;mycoplasma hyopneumoniae (rej);0.617;0;sem match válido;Qwen3-1.7B-QLoRA
ID_8237569228020224;7;rna hairpin;transcriptomic analysis (rej);0.333;0;sem match válido;Qwen3-1.7B-QLoRA
ID_8237569228020224;8;single-molecule mechanics;kinetic mechanism (rej);0.539;0;sem match válido;Qwen3-1.7B-QLoRA
ID_8237569228020224;9;single-molecule mechanics of dna;molecular target (rej);0.601;0;sem match válido;Qwen3-1.7B-QLoRA
ID_8237569228020224;10;structural and functional;kinetic mechanism (rej);0.416;0;sem match válido;Qwen3-1.7B-QLoRA
ID_8237569228020224;11;thermodynamics;kinetic mechanism (rej);0.564;0;sem match válido;Qwen3-1.7B-QLoRA
ID_8237569228020224;12;wild-type phosporibosylpyrophosphate;phosphopentomutases in archaeobacteria (rej);0.698;0;sem match válido;Qwen3-1.7B-QLoRA
ID_8237569228020224;13;wild-type phosporibosylpyrophosphate synthase;reversible phosphorolysis (rej);0.716;0;sem match válido;Qwen3-1.7B-QLoRA
ID_8237569228020224;14;wild-type prs;proliferative activity (rej);0.300;0;sem match válido;Qwen3-1.7B-QLoRA
ID_8237569228020224;15;wild-type prs enzyme;enzyme activity (rej);0.655;0;sem match válido;Qwen3-1.7B-QLoRA
ID_8237569228020224;16;wild-type prs enzyme activity;enzyme activity (rej);0.739;0;sem match válido;Qwen3-1.7B-QLoRA
ID_8237569228020224;17;wild-type prs enzyme activity measurements;enzyme activity (rej);0.730;0;sem match válido;Qwen3-1.7B-QLoRA
ID_8237569228020224;18;wild-type prs enzyme activity measurements were;enzyme activity (rej);0.703;0;sem match válido;Qwen3-1.7B-QLoRA
ID_8237569228020224;19;wild-type prs enzyme activity measurements were carried;enzyme activity (rej);0.654;0;sem match válido;Qwen3-1.7B-QLoRA
ID_8237569228020224;20;;;;;;Qwen3-1.7B-QLoRA
ID_8241999499678979;1;carbon sequestration;carbon (rej);0.805;0;sem match válido;Qwen3-1.7B-QLoRA
ID_8241999499678979;2;carbon stock;carbono;0.851;3;match válido;Qwen3-1.7B-QLoRA
ID_8241999499678979;3;co2 emissions;carbon (rej);0.757;0;sem match válido;Qwen3-1.7B-QLoRA
ID_8241999499678979;4;climate change;carbon cycle (rej);0.629;0;sem match válido;Qwen3-1.7B-QLoRA
ID_8241999499678979;5;climate change impact;carbon cycle (rej);0.604;0;sem match válido;Qwen3-1.7B-QLoRA
ID_8241999499678979;6;climate change projections;carbon cycle (rej);0.556;0;sem match válido;Qwen3-1.7B-QLoRA
ID_8241999499678979;7;climate change response;carbon cycle (rej);0.590;0;sem match válido;Qwen3-1.7B-QLoRA
ID_8241999499678979;8;contribution of carbon;carbon;0.873;3;match válido;Qwen3-1.7B-QLoRA
ID_8241999499678979;9;carbon dioxide emissions;carbon (rej);0.766;0;sem match válido;Qwen3-1.7B-QLoRA
ID_8241999499678979;10;carbon storage;carbon (rej);0.804;0;sem match válido;Qwen3-1.7B-QLoRA
ID_8241999499678979;11;carbon sequestration potential;carbon (rej);0.762;0;sem match válido;Qwen3-1.7B-QLoRA
ID_8241999499678979;12;carbon sequestration strategies;carbon (rej);0.753;0;sem match válido;Qwen3-1.7B-QLoRA
ID_8241999499678979;13;carbon sink;carbon (rej);0.782;0;sem match válido;Qwen3-1.7B-QLoRA
ID_8241999499678979;14;carbon sinks;carbon (rej);0.747;0;sem match válido;Qwen3-1.7B-QLoRA
ID_8241999499678979;15;carbon stock estimates;carbon (rej);0.748;0;sem match válido;Qwen3-1.7B-QLoRA
ID_8241999499678979;16;carbon transfer;carbon (rej);0.826;0;sem match válido;Qwen3-1.7B-QLoRA
ID_8241999499678979;17;carbon transfer mechanisms;carbon dynamics;0.810;3;match válido;Qwen3-1.7B-QLoRA
ID_8241999499678979;18;carbon transfer models;carbon dynamics (rej);0.762;0;sem match válido;Qwen3-1.7B-QLoRA
ID_8241999499678979;19;carbon transfer potential;carbon (rej);0.765;0;sem match válido;Qwen3-1.7B-QLoRA
ID_8241999499678979;20;carbon transfer rate;carbon (rej);0.759;0;sem match válido;Qwen3-1.7B-QLoRA
ID_8391627429679768;1;coral reefs;coral reefs;1.000;3;match válido;Qwen3-1.7B-QLoRA
ID_8391627429679768;2;coral reefs in brazil;reef coral mussismilia;0.808;3;match válido;Qwen3-1.7B-QLoRA
ID_8391627429679768;3;coral reef;coral reef;1.000;3;match válido;Qwen3-1.7B-QLoRA
ID_8391627429679768;4;coral reef communities;reef corals;0.907;3;match válido;Qwen3-1.7B-QLoRA
ID_8391627429679768;5;coral reef monitoring;stony corals;0.758;3;match válido;Qwen3-1.7B-QLoRA
ID_8391627429679768;6;coral species composition;coral species;0.948;3;match válido;Qwen3-1.7B-QLoRA
ID_8391627429679768;7;cystine;atol (rej);0.367;0;sem match válido;Qwen3-1.7B-QLoRA
ID_8391627429679768;8;density banding pattern;trace elements determination (rej);0.405;0;sem match válido;Qwen3-1.7B-QLoRA
ID_8391627429679768;9;density banding pattern of mussismilia;reef coral mussismilia (rej);0.507;0;sem match válido;Qwen3-1.7B-QLoRA
ID_8391627429679768;10;distribution;systematics (rej);0.473;0;sem match válido;Qwen3-1.7B-QLoRA
ID_8391627429679768;11;eastern bahian coral reefs;recifes em franja;0.879;3;match válido;Qwen3-1.7B-QLoRA
ID_8391627429679768;12;epizoanthus gabrielis;abrolhos (rej);0.516;0;sem match válido;Qwen3-1.7B-QLoRA
ID_8391627429679768;13;epizoanthus gabrielis corallimorph;coral species (rej);0.710;0;sem match válido;Qwen3-1.7B-QLoRA
ID_8391627429679768;14;extreme heat;temperature anomaly (rej);0.667;0;sem match válido;Qwen3-1.7B-QLoRA
ID_8391627429679768;15;fish migration;south western atlantic (rej);0.448;0;sem match válido;Qwen3-1.7B-QLoRA
ID_8391627429679768;16;human impacts;understanding changing processes (rej);0.408;0;sem match válido;Qwen3-1.7B-QLoRA
ID_8391627429679768;17;mass mortality;white plague (rej);0.432;0;sem match válido;Qwen3-1.7B-QLoRA
ID_8391627429679768;18;marine life;recifes em franja (rej);0.699;0;sem match válido;Qwen3-1.7B-QLoRA
ID_8391627429679768;19;mussismilia braziliensis;reef coral mussismilia (rej);0.591;0;sem match válido;Qwen3-1.7B-QLoRA
ID_8391627429679768;20;north atlantic coral reef;recifes de corais;0.912;3;match válido;Qwen3-1.7B-QLoRA
ID_8457699943400994;1;anatomical features;estudo de coorte (rej);0.543;0;sem match válido;Qwen3-1.7B-QLoRA
ID_8457699943400994;2;body mass index;body mass index;1.000;3;match válido;Qwen3-1.7B-QLoRA
ID_8457699943400994;3;central obesity;body mass index (rej);0.615;0;sem match válido;Qwen3-1.7B-QLoRA
ID_8457699943400994;4;central obesity measured;body mass index (rej);0.667;0;sem match válido;Qwen3-1.7B-QLoRA
ID_8457699943400994;5;climacteric women;post-menopausal women (rej);0.680;0;sem match válido;Qwen3-1.7B-QLoRA
ID_8457699943400994;6;diabetes mellitus;mulheres hipertensas (rej);0.565;0;sem match válido;Qwen3-1.7B-QLoRA
ID_8457699943400994;7;diagnóstico etiológico;estudo de coorte (rej);0.642;0;sem match válido;Qwen3-1.7B-QLoRA
ID_8457699943400994;8;ejaculation;ovarian volume (rej);0.523;0;sem match válido;Qwen3-1.7B-QLoRA
ID_8457699943400994;9;ejaculation force;ovarian volume (rej);0.459;0;sem match válido;Qwen3-1.7B-QLoRA
ID_8457699943400994;10;ejaculation speed;ovarian volume (rej);0.480;0;sem match válido;Qwen3-1.7B-QLoRA
ID_8457699943400994;11;ejaculation time;ovarian volume (rej);0.490;0;sem match válido;Qwen3-1.7B-QLoRA
ID_8457699943400994;12;epidemiology;estudo de coorte (rej);0.549;0;sem match válido;Qwen3-1.7B-QLoRA
ID_8457699943400994;13;hirsutism;estudo de coorte (rej);0.622;0;sem match válido;Qwen3-1.7B-QLoRA
ID_8457699943400994;14;human papilloma virus;infecções por chlamydia (rej);0.414;0;sem match válido;Qwen3-1.7B-QLoRA
ID_8457699943400994;15;obstetrics and gynecology;post-menopausal women (rej);0.557;0;sem match válido;Qwen3-1.7B-QLoRA
ID_8457699943400994;16;premenopausal women;post-menopausal women;0.918;3;match válido;Qwen3-1.7B-QLoRA
ID_8457699943400994;17;pregnancy;menopausal status (rej);0.487;0;sem match válido;Qwen3-1.7B-QLoRA
ID_8457699943400994;18;premenopause;postmenopausal;0.859;1;match válido;Qwen3-1.7B-QLoRA
ID_8457699943400994;19;sexual dysfunction;menopausal status (rej);0.520;0;sem match válido;Qwen3-1.7B-QLoRA
ID_8457699943400994;20;sexual performance;infecções por chlamydia (rej);0.320;0;sem match válido;Qwen3-1.7B-QLoRA
ID_8479803539567479;1;dna fragmentation;dna fragmentation;1.000;1;match válido;Qwen3-1.7B-QLoRA
ID_8479803539567479;2;fertility;infertility (rej);0.759;0;sem match válido;Qwen3-1.7B-QLoRA
ID_8479803539567479;3;mitochondrial activity;mitochondria/metabolism;0.916;1;match válido;Qwen3-1.7B-QLoRA
ID_8479803539567479;4;proteomics;proteomics;1.000;2;match válido;Qwen3-1.7B-QLoRA
ID_8479803539567479;5;seminal plasma;seminal plasma;1.000;3;match válido;Qwen3-1.7B-QLoRA
ID_8479803539567479;6;sperm DNA integrity;sperm dna integrity;0.929;3;match válido;Qwen3-1.7B-QLoRA
ID_8479803539567479;7;sperm function;aspects of sperm;0.944;1;match válido;Qwen3-1.7B-QLoRA
ID_8479803539567479;8;sperm mitochondrial activity;sperm nuclear dna;0.773;3;match válido;Qwen3-1.7B-QLoRA
ID_8479803539567479;9;sperm nuclear dna fragmentation;sperm dna fragmentation;0.925;3;match válido;Qwen3-1.7B-QLoRA
ID_8479803539567479;10;testosterone;testicular volume (rej);0.604;0;sem match válido;Qwen3-1.7B-QLoRA
ID_8479803539567479;11;varicocele;varicocele correction;0.775;3;match válido;Qwen3-1.7B-QLoRA
ID_8479803539567479;12;varicocele and infertility;infertility;0.821;3;match válido;Qwen3-1.7B-QLoRA
ID_8479803539567479;13;varicocelectomy;varicocele correction (rej);0.763;0;sem match válido;Qwen3-1.7B-QLoRA
ID_8479803539567479;14;women with preeclampsia;infertility (rej);0.547;0;sem match válido;Qwen3-1.7B-QLoRA
ID_8479803539567479;15;embryo transfer;sperm dna fragmentation (rej);0.603;0;sem match válido;Qwen3-1.7B-QLoRA
ID_8479803539567479;16;endometriosis;infertility (rej);0.566;0;sem match válido;Qwen3-1.7B-QLoRA
ID_8479803539567479;17;lipid profile;lipidomics (rej);0.911;0;sem match válido;Qwen3-1.7B-QLoRA
ID_8479803539567479;18;lipid profiles;lipidomics;0.918;2;match válido;Qwen3-1.7B-QLoRA
ID_8479803539567479;19;lymphocytopathic abnormalities;follicular fluid (rej);0.417;0;sem match válido;Qwen3-1.7B-QLoRA
ID_8479803539567479;20;matrix-assisted laser desorption/ionization mass spectrometry;deoxyribonucleic acid fragmentation (rej);0.320;0;sem match válido;Qwen3-1.7B-QLoRA
ID_8496716957724133;1;asteroseismology;seismological studies (rej);0.362;0;sem match válido;Qwen3-1.7B-QLoRA
ID_8496716957724133;2;crystallization;dense matter (rej);0.419;0;sem match válido;Qwen3-1.7B-QLoRA
ID_8496716957724133;3;evolutionary models;theoretical evolutionary models;0.968;3;match válido;Qwen3-1.7B-QLoRA
ID_8496716957724133;4;global modeling;theoretical models (rej);0.614;0;sem match válido;Qwen3-1.7B-QLoRA
ID_8496716957724133;5;hydrogen atmosphere;atmosphere white dwarf (rej);0.581;0;sem match válido;Qwen3-1.7B-QLoRA
ID_8496716957724133;6;luminosity function;light curve (rej);0.506;0;sem match válido;Qwen3-1.7B-QLoRA
ID_8496716957724133;7;multichromatic isochrone fits;light curve (rej);0.386;0;sem match válido;Qwen3-1.7B-QLoRA
ID_8496716957724133;8;non-radial g-mode pulsations;nonradial g-mode pulsations;0.975;3;match válido;Qwen3-1.7B-QLoRA
ID_8496716957724133;9;whole earth telescope;stars: imaging (rej);0.576;0;sem match válido;Qwen3-1.7B-QLoRA
ID_8496716957724133;10;white dwarf;white dwarf;1.000;3;match válido;Qwen3-1.7B-QLoRA
ID_8496716957724133;11;whole earth telescope observations;stars: imaging (rej);0.615;0;sem match válido;Qwen3-1.7B-QLoRA
ID_8496716957724133;12;whole earth telescope observations of bpm;stars: imaging (rej);0.565;0;sem match válido;Qwen3-1.7B-QLoRA
ID_8496716957724133;13;whole earth telescope observations of gd;stars: imaging (rej);0.611;0;sem match válido;Qwen3-1.7B-QLoRA
ID_8496716957724133;14;whole earth telescope observations of pd;stars: imaging (rej);0.595;0;sem match válido;Qwen3-1.7B-QLoRA
ID_8496716957724133;15;whole earth telescope observations of pg;stars: imaging (rej);0.622;0;sem match válido;Qwen3-1.7B-QLoRA
ID_8496716957724133;16;whole earth telescope observations of sdss j132350.28;stars: imaging (rej);0.630;0;sem match válido;Qwen3-1.7B-QLoRA
ID_8496716957724133;17;whole earth telescope observations of zg;stars: imaging (rej);0.582;0;sem match válido;Qwen3-1.7B-QLoRA
ID_8496716957724133;18;;;;;;Qwen3-1.7B-QLoRA
ID_8496716957724133;19;;;;;;Qwen3-1.7B-QLoRA
ID_8496716957724133;20;;;;;;Qwen3-1.7B-QLoRA
ID_8586805521593519;1;amazon craton;amazon craton;1.000;3;match válido;Qwen3-1.7B-QLoRA
ID_8586805521593519;2;amazonian craton;amazon craton (rej);0.972;0;sem match válido;Qwen3-1.7B-QLoRA
ID_8586805521593519;3;amazonian cratonic blocks;amazon craton (rej);0.806;0;sem match válido;Qwen3-1.7B-QLoRA
ID_8586805521593519;4;amazonian crust;amazon craton (rej);0.700;0;sem match válido;Qwen3-1.7B-QLoRA
ID_8586805521593519;5;basaltic magma chamber;neoproterozoic magmatism (rej);0.753;0;sem match válido;Qwen3-1.7B-QLoRA
ID_8586805521593519;6;biotic response;neoproterozoic (rej);0.329;0;sem match válido;Qwen3-1.7B-QLoRA
ID_8586805521593519;7;continental margin;subcontinental lithosphere (rej);0.540;0;sem match válido;Qwen3-1.7B-QLoRA
ID_8586805521593519;8;continental margins;subcontinental lithosphere (rej);0.597;0;sem match válido;Qwen3-1.7B-QLoRA
ID_8586805521593519;9;deep burial;basalt (rej);0.453;0;sem match válido;Qwen3-1.7B-QLoRA
ID_8586805521593519;10;detrital zircon;zircon studies (rej);0.850;0;sem match válido;Qwen3-1.7B-QLoRA
ID_8586805521593519;11;detailed study;tapajós (rej);0.417;0;sem match válido;Qwen3-1.7B-QLoRA
ID_8586805521593519;12;early permian coal;basalt (rej);0.577;0;sem match válido;Qwen3-1.7B-QLoRA
ID_8586805521593519;13;felsic magmatism;neoproterozoic magmatism;0.800;3;match válido;Qwen3-1.7B-QLoRA
ID_8586805521593519;14;gossan;tapajós (rej);0.577;0;sem match válido;Qwen3-1.7B-QLoRA
ID_8586805521593519;15;igneous zircon;zircon studies;0.880;3;match válido;Qwen3-1.7B-QLoRA
ID_8586805521593519;16;lithosphere;subcontinental lithosphere;0.829;1;match válido;Qwen3-1.7B-QLoRA
ID_8586805521593519;17;magmatic provenance;lava stratigraphy (rej);0.737;0;sem match válido;Qwen3-1.7B-QLoRA
ID_8586805521593519;18;magnetite–feldspar zoning;zircon studies (rej);0.516;0;sem match válido;Qwen3-1.7B-QLoRA
ID_8586805521593519;19;mesoproterozoic;neoproterozoic (rej);0.662;0;sem match válido;Qwen3-1.7B-QLoRA
ID_8586805521593519;20;minerals and ores;basalt (rej);0.613;0;sem match válido;Qwen3-1.7B-QLoRA
ID_8647270006257055;1;land cover mapping;land cover mapping;1.000;3;match válido;Qwen3-1.7B-QLoRA
ID_8647270006257055;2;optical vegetation indices;vegetation indices;0.797;2;match válido;Qwen3-1.7B-QLoRA
ID_8647270006257055;3;satellite imagery;remote sensing (rej);0.575;0;sem match válido;Qwen3-1.7B-QLoRA
ID_8647270006257055;4;sensoriamento remoto;sensoriamento remoto;1.000;3;match válido;Qwen3-1.7B-QLoRA
ID_8647270006257055;5;spectral vegetation index;vegetation index;0.856;3;match válido;Qwen3-1.7B-QLoRA
ID_8647270006257055;6;surface roughness;surface roughness effects;0.950;1;match válido;Qwen3-1.7B-QLoRA
ID_8647270006257055;7;terrain ruggedness;land cover (rej);0.598;0;sem match válido;Qwen3-1.7B-QLoRA
ID_8647270006257055;8;tropical savanna region;brazilian savanna (rej);0.793;0;sem match válido;Qwen3-1.7B-QLoRA
ID_8647270006257055;9;urbanization;spatial and temporal (rej);0.502;0;sem match válido;Qwen3-1.7B-QLoRA
ID_8647270006257055;10;Brazilian savanna;brazilian savanna;0.990;3;match válido;Qwen3-1.7B-QLoRA
ID_8647270006257055;11;cattle ranching;cultivated pastures (rej);0.578;0;sem match válido;Qwen3-1.7B-QLoRA
ID_8647270006257055;12;cobertura vegetal;cultivated pastures (rej);0.588;0;sem match válido;Qwen3-1.7B-QLoRA
ID_8647270006257055;13;large-scale biosphere–atmosphere experiment;cerrado biome (rej);0.500;0;sem match válido;Qwen3-1.7B-QLoRA
ID_8647270006257055;14;remote sensing;remote sensing;1.000;3;match válido;Qwen3-1.7B-QLoRA
ID_8647270006257055;15;south america;brazilian cerrado (rej);0.680;0;sem match válido;Qwen3-1.7B-QLoRA
ID_8647270006257055;16;terra firme forests;cobertura da terra (rej);0.684;0;sem match válido;Qwen3-1.7B-QLoRA
ID_8647270006257055;17;tropical rain forest;tropical forest mapping;0.813;2;match válido;Qwen3-1.7B-QLoRA
ID_8647270006257055;18;urbanization rate;land use (rej);0.506;0;sem match válido;Qwen3-1.7B-QLoRA
ID_8647270006257055;19;urbanização do bioma;land use (rej);0.598;0;sem match válido;Qwen3-1.7B-QLoRA
ID_8647270006257055;20;wet season;seasonality (rej);0.614;0;sem match válido;Qwen3-1.7B-QLoRA
ID_8659496864305621;1;biosensor;potentiometric sensor (rej);0.624;0;sem match válido;Qwen3-1.7B-QLoRA
ID_8659496864305621;2;electrochemical flow cell;electrochromic properties (rej);0.710;0;sem match válido;Qwen3-1.7B-QLoRA
ID_8659496864305621;3;flow cell;xylella fastidiosa recombinant (rej);0.360;0;sem match válido;Qwen3-1.7B-QLoRA
ID_8659496864305621;4;high-throughput metagenomic profiling;potential protein biomarker (rej);0.512;0;sem match válido;Qwen3-1.7B-QLoRA
ID_8659496864305621;5;ion-selective electrodes;electrochemical detection (rej);0.585;0;sem match válido;Qwen3-1.7B-QLoRA
ID_8659496864305621;6;mass spectrometry;protein film voltammetry (rej);0.577;0;sem match válido;Qwen3-1.7B-QLoRA
ID_8659496864305621;7;microfluidics;quartz microbalance (rej);0.562;0;sem match válido;Qwen3-1.7B-QLoRA
ID_8659496864305621;8;microfluidic immunoassays;protein film voltammetry (rej);0.414;0;sem match válido;Qwen3-1.7B-QLoRA
ID_8659496864305621;9;microfluidic systems;quartz microbalance (rej);0.552;0;sem match válido;Qwen3-1.7B-QLoRA
ID_8659496864305621;10;multi-channel microfluidic devices;portable microcontrolled turbidimeter (rej);0.640;0;sem match válido;Qwen3-1.7B-QLoRA
ID_8659496864305621;11;multiplexed detection;trace analysis (rej);0.383;0;sem match válido;Qwen3-1.7B-QLoRA
ID_8659496864305621;12;nanocomposite electrode;carbon nanotubes (rej);0.616;0;sem match válido;Qwen3-1.7B-QLoRA
ID_8659496864305621;13;natural water;sol-gel (rej);0.322;0;sem match válido;Qwen3-1.7B-QLoRA
ID_8659496864305621;14;polycyclic aromatic hydrocarbon;conducting polymer (rej);0.486;0;sem match válido;Qwen3-1.7B-QLoRA
ID_8659496864305621;15;potentiometric biosensors;potentiometric sensor;0.825;2;match válido;Qwen3-1.7B-QLoRA
ID_8659496864305621;16;quartz crystal microbalance;quartz crystal microbalance;1.000;3;match válido;Qwen3-1.7B-QLoRA
ID_8659496864305621;17;quantitative determination;relative standard deviation (rej);0.496;0;sem match válido;Qwen3-1.7B-QLoRA
ID_8659496864305621;18;real-time monitoring;potentiometric sensor (rej);0.472;0;sem match válido;Qwen3-1.7B-QLoRA
ID_8659496864305621;19;recombinant cysteine peptidase;recombinant protein (rej);0.625;0;sem match válido;Qwen3-1.7B-QLoRA
ID_8659496864305621;20;recombinant cysteine peptidase cpx;recombinant protein (rej);0.540;0;sem match válido;Qwen3-1.7B-QLoRA
ID_8696858608013659;1;atmospheric boundary layer;atmospheric boundary layer;1.000;3;match válido;Qwen3-1.7B-QLoRA
ID_8696858608013659;2;atmospheric boundary layer adjustment;atmospheric boundary layer (rej);0.911;0;sem match válido;Qwen3-1.7B-QLoRA
ID_8696858608013659;3;atmospheric boundary layer modification;atmospheric boundary layer (rej);0.907;0;sem match válido;Qwen3-1.7B-QLoRA
ID_8696858608013659;4;atmospheric boundary layer physics;atmospheric boundary layer (rej);0.936;0;sem match válido;Qwen3-1.7B-QLoRA
ID_8696858608013659;5;atmospheric boundary layer structure;atmospheric boundary layer (rej);0.972;0;sem match válido;Qwen3-1.7B-QLoRA
ID_8696858608013659;6;atmospheric boundary layer theory;atmospheric boundary layer (rej);0.955;0;sem match válido;Qwen3-1.7B-QLoRA
ID_8696858608013659;7;atmospheric boundary layer turbulence;turbulence;0.887;3;match válido;Qwen3-1.7B-QLoRA
ID_8696858608013659;8;atmospheric circulation;atmospheric boundary layer (rej);0.748;0;sem match válido;Qwen3-1.7B-QLoRA
ID_8696858608013659;9;atmospheric convection;atmospheric boundary layer (rej);0.773;0;sem match válido;Qwen3-1.7B-QLoRA
ID_8696858608013659;10;atmospheric convection boundary layer;atmospheric boundary layer (rej);0.923;0;sem match válido;Qwen3-1.7B-QLoRA
ID_8696858608013659;11;atmospheric convection boundary layer growth;atmospheric boundary layer (rej);0.832;0;sem match válido;Qwen3-1.7B-QLoRA
ID_8696858608013659;12;atmospheric convection boundary layer physics;atmospheric boundary layer (rej);0.867;0;sem match válido;Qwen3-1.7B-QLoRA
ID_8696858608013659;13;atmospheric convection boundary layer statistics;atmospheric boundary layer (rej);0.864;0;sem match válido;Qwen3-1.7B-QLoRA
ID_8696858608013659;14;atmospheric convection boundary layer turbulence;turbulence intensity parameters;0.841;2;match válido;Qwen3-1.7B-QLoRA
ID_8696858608013659;15;atmospheric convection boundary layer vertical profiles;atmospheric boundary layer (rej);0.861;0;sem match válido;Qwen3-1.7B-QLoRA
ID_8696858608013659;16;atmospheric convection boundary layer evolution;atmospheric boundary layer (rej);0.840;0;sem match válido;Qwen3-1.7B-QLoRA
ID_8696858608013659;17;boundary layer;convective boundary layer;0.903;2;match válido;Qwen3-1.7B-QLoRA
ID_8696858608013659;18;boundary layer closure;stable boundary layer;0.760;3;match válido;Qwen3-1.7B-QLoRA
ID_8696858608013659;19;boundary layer mixing;convective boundary layer (rej);0.757;0;sem match válido;Qwen3-1.7B-QLoRA
ID_8696858608013659;20;boundary layer mixing coefficients;convective boundary layer (rej);0.722;0;sem match válido;Qwen3-1.7B-QLoRA
ID_8703127071027272;1;first-principles calculations;first-principles calculations;1.000;3;match válido;Qwen3-1.7B-QLoRA
ID_8703127071027272;2;field emission;fermi level (rej);0.426;0;sem match válido;Qwen3-1.7B-QLoRA
ID_8703127071027272;3;first-principles study;first-principles;0.936;3;match válido;Qwen3-1.7B-QLoRA
ID_8703127071027272;4;interfacial oxygen vacancies;oxygen vacancies;0.907;3;match válido;Qwen3-1.7B-QLoRA
ID_8703127071027272;5;interface;interface;1.000;3;match válido;Qwen3-1.7B-QLoRA
ID_8703127071027272;6;interface chemistry;interface (rej);0.721;0;sem match válido;Qwen3-1.7B-QLoRA
ID_8703127071027272;7;interface energy levels;interface (rej);0.594;0;sem match válido;Qwen3-1.7B-QLoRA
ID_8703127071027272;8;interface properties;interface states;0.812;3;match válido;Qwen3-1.7B-QLoRA
ID_8703127071027272;9;interface passivation;interface (rej);0.796;0;sem match válido;Qwen3-1.7B-QLoRA
ID_8703127071027272;10;interfacial passivation;interfacial bonding (rej);0.706;0;sem match válido;Qwen3-1.7B-QLoRA
ID_8703127071027272;11;interfacial oxygen;oxygen vacancies (rej);0.665;0;sem match válido;Qwen3-1.7B-QLoRA
ID_8703127071027272;12;interface transfer;interface (rej);0.792;0;sem match válido;Qwen3-1.7B-QLoRA
ID_8703127071027272;13;local density approximations;density functional (rej);0.713;0;sem match válido;Qwen3-1.7B-QLoRA
ID_8703127071027272;14;metal gate;gate dielectric (rej);0.669;0;sem match válido;Qwen3-1.7B-QLoRA
ID_8703127071027272;15;metal gate stacks;gate stack regions (rej);0.715;0;sem match válido;Qwen3-1.7B-QLoRA
ID_8703127071027272;16;metal–oxide–semiconductor field-effect;metal oxide interface (rej);0.692;0;sem match válido;Qwen3-1.7B-QLoRA
ID_8703127071027272;17;metal–oxide–semiconductor field-effect transistor;metal oxide interface (rej);0.610;0;sem match válido;Qwen3-1.7B-QLoRA
ID_8703127071027272;18;metallo-doped silicon;silicon;0.785;2;match válido;Qwen3-1.7B-QLoRA
ID_8703127071027272;19;metal–oxide–semiconductor junctions;metal oxide interface;0.760;3;match válido;Qwen3-1.7B-QLoRA
ID_8703127071027272;20;metal–oxide–semiconductor transistors;semiconductor-insulator boundaries (rej);0.630;0;sem match válido;Qwen3-1.7B-QLoRA
ID_8884890472193474;1;decoherence;entanglement (rej);0.562;0;sem match válido;Qwen3-1.7B-QLoRA
ID_8884890472193474;2;dissipative dynamics;quantum discord dynamics (rej);0.691;0;sem match válido;Qwen3-1.7B-QLoRA
ID_8884890472193474;3;entanglement;entanglement;1.000;3;match válido;Qwen3-1.7B-QLoRA
ID_8884890472193474;4;entanglement irreversibility;entanglement (rej);0.837;0;sem match válido;Qwen3-1.7B-QLoRA
ID_8884890472193474;5;exact dynamics;mathematical physics  (rej);0.646;0;sem match válido;Qwen3-1.7B-QLoRA
ID_8884890472193474;6;information flow;entanglement (rej);0.323;0;sem match válido;Qwen3-1.7B-QLoRA
ID_8884890472193474;7;local quantum coherence;multipartite quantum correlations (rej);0.700;0;sem match válido;Qwen3-1.7B-QLoRA
ID_8884890472193474;8;quantum algorithm; quantum statistical methods;0.799;1;match válido;Qwen3-1.7B-QLoRA
ID_8884890472193474;9;quantum algorithm complexity;quantum computation (rej);0.803;0;sem match válido;Qwen3-1.7B-QLoRA
ID_8884890472193474;10;quantum algorithm design;quantum computation (rej);0.822;0;sem match válido;Qwen3-1.7B-QLoRA
ID_8884890472193474;11;quantum algorithm efficiency;quantum computation (rej);0.759;0;sem match válido;Qwen3-1.7B-QLoRA
ID_8884890472193474;12;quantum computation;quantum computation;1.000;3;match válido;Qwen3-1.7B-QLoRA
ID_8884890472193474;13;quantum computation complexity;quantum logic operations;0.757;2;match válido;Qwen3-1.7B-QLoRA
ID_8884890472193474;14;quantum defect;quantum discord;0.754;3;match válido;Qwen3-1.7B-QLoRA
ID_8884890472193474;15;quantum entanglement;two-qubit entanglement;0.793;2;match válido;Qwen3-1.7B-QLoRA
ID_8884890472193474;16;quantum information;quantum computation (rej);0.807;0;sem match válido;Qwen3-1.7B-QLoRA
ID_8884890472193474;17;quantum information theory;quantum computation (rej);0.741;0;sem match válido;Qwen3-1.7B-QLoRA
ID_8884890472193474;18;quantum measurement;measurement-based quantum computation;0.932;3;match válido;Qwen3-1.7B-QLoRA
ID_8884890472193474;19;quantum measurement theory;measurement-based quantum computation (rej);0.915;0;sem match válido;Qwen3-1.7B-QLoRA
ID_8884890472193474;20;quantum mechanical;quantum systems;0.813;1;match válido;Qwen3-1.7B-QLoRA
ID_8970751075617926;1;acquired immunodeficiency;acute myeloid leukemia (rej);0.501;0;sem match válido;Qwen3-1.7B-QLoRA
ID_8970751075617926;2;acute lymphoblastic leukemia;acute lymphoblastic leukemia;1.000;3;match válido;Qwen3-1.7B-QLoRA
ID_8970751075617926;3;acute myeloid leukemia;acute myeloid leukemia;1.000;3;match válido;Qwen3-1.7B-QLoRA
ID_8970751075617926;4;acute promyelocytic leukemia;chronic myeloid leukemia;0.777;3;match válido;Qwen3-1.7B-QLoRA
ID_8970751075617926;5;childhood b-cell progenitor acute;embryonic development (rej);0.590;0;sem match válido;Qwen3-1.7B-QLoRA
ID_8970751075617926;6;chromosome abnormalities;embryogenesis (rej);0.526;0;sem match válido;Qwen3-1.7B-QLoRA
ID_8970751075617926;7;hematological cancer;colorectal cancer (rej);0.728;0;sem match válido;Qwen3-1.7B-QLoRA
ID_8970751075617926;8;heterogeneous karyotype;xenopus laevis (rej);0.404;0;sem match válido;Qwen3-1.7B-QLoRA
ID_8970751075617926;9;karyotype;xenopus laevis (rej);0.478;0;sem match válido;Qwen3-1.7B-QLoRA
ID_8970751075617926;10;molecular cytogenetics;molecular cytogenetic studies;0.974;3;match válido;Qwen3-1.7B-QLoRA
ID_8970751075617926;11;neuroblastoma;tumor node metastasis classification (rej);0.514;0;sem match válido;Qwen3-1.7B-QLoRA
ID_8970751075617926;12;progenitor acute lymphoblastic;acute lymphoblastic leukemia (rej);0.709;0;sem match válido;Qwen3-1.7B-QLoRA
ID_8970751075617926;13;"t(8;13)";tert (rej);0.584;0;sem match válido;Qwen3-1.7B-QLoRA
ID_8970751075617926;14;"t(11;14)";tert (rej);0.614;0;sem match válido;Qwen3-1.7B-QLoRA
ID_8970751075617926;15;"t(12;21)(p13;q22)";tert (rej);0.531;0;sem match válido;Qwen3-1.7B-QLoRA
ID_8970751075617926;16;translocations involving ml;transposable element (rej);0.563;0;sem match válido;Qwen3-1.7B-QLoRA
ID_8970751075617926;17;tumor necrosis factor;reporting recommendations for tumor marker prognostic studies (rej);0.604;0;sem match válido;Qwen3-1.7B-QLoRA
ID_8970751075617926;18;unusual t-cell;tert (rej);0.529;0;sem match válido;Qwen3-1.7B-QLoRA
ID_8970751075617926;19;viral infection;acute myeloid leukemia (rej);0.226;0;sem match válido;Qwen3-1.7B-QLoRA
ID_8970751075617926;20;virus-induced neurodegeneration;molecular cytogenetic studies (rej);0.348;0;sem match válido;Qwen3-1.7B-QLoRA
ID_9092587237114334;1;contact maps;residue contacts (rej);0.536;0;sem match válido;Qwen3-1.7B-QLoRA
ID_9092587237114334;2;protein structure similarity;protein structure similarity;1.000;3;match válido;Qwen3-1.7B-QLoRA
ID_9092587237114334;3;protein structure similarity analysis;protein structure similarity (rej);0.963;0;sem match válido;Qwen3-1.7B-QLoRA
ID_9092587237114334;4;proteins as documents;protein structural (rej);0.843;0;sem match válido;Qwen3-1.7B-QLoRA
ID_9092587237114334;5;structural signature vectors;structural classification (rej);0.640;0;sem match válido;Qwen3-1.7B-QLoRA
ID_9092587237114334;6;structural signatures;structural classification (rej);0.697;0;sem match válido;Qwen3-1.7B-QLoRA
ID_9092587237114334;7;structural signatures for identifying;structural classification (rej);0.678;0;sem match válido;Qwen3-1.7B-QLoRA
ID_9092587237114334;8;structural signatures for identifying globins;protein structure similarity (rej);0.483;0;sem match válido;Qwen3-1.7B-QLoRA
ID_9092587237114334;9;structural signatures of proteins;protein structural;0.899;1;match válido;Qwen3-1.7B-QLoRA
ID_9092587237114334;10;using linear algebra;voronoi diagrams (rej);0.426;0;sem match válido;Qwen3-1.7B-QLoRA
ID_9092587237114334;11;visualizing mutations;voronoi diagrams (rej);0.553;0;sem match válido;Qwen3-1.7B-QLoRA
ID_9092587237114334;12;web searches;web services (rej);0.575;0;sem match válido;Qwen3-1.7B-QLoRA
ID_9092587237114334;13;anomalous diffraction;residue contacts (rej);0.400;0;sem match válido;Qwen3-1.7B-QLoRA
ID_9092587237114334;14;constrained clustering;associative classification algorithms (rej);0.440;0;sem match válido;Qwen3-1.7B-QLoRA
ID_9092587237114334;15;energy networks;internet (rej);0.425;0;sem match válido;Qwen3-1.7B-QLoRA
ID_9092587237114334;16;energy networks of proteins;protein structural (rej);0.742;0;sem match válido;Qwen3-1.7B-QLoRA
ID_9092587237114334;17;finding protein–protein interaction;protein structural (rej);0.833;0;sem match válido;Qwen3-1.7B-QLoRA
ID_9092587237114334;18;global optimization;supervised solutions (rej);0.434;0;sem match válido;Qwen3-1.7B-QLoRA
ID_9092587237114334;19;image-matching approach;associative classification algorithms (rej);0.470;0;sem match válido;Qwen3-1.7B-QLoRA
ID_9092587237114334;20;linear algebra;voronoi diagrams (rej);0.451;0;sem match válido;Qwen3-1.7B-QLoRA
ID_9273702863744424;1;amazon rainforest;tropical deforestation (rej);0.695;0;sem match válido;Qwen3-1.7B-QLoRA
ID_9273702863744424;2;amazonian rainforest;tropical deforestation (rej);0.727;0;sem match válido;Qwen3-1.7B-QLoRA
ID_9273702863744424;3;amazonian trees;tropical deforestation (rej);0.636;0;sem match válido;Qwen3-1.7B-QLoRA
ID_9273702863744424;4;atmospheric transport;atmospheric modeling;0.757;3;match válido;Qwen3-1.7B-QLoRA
ID_9273702863744424;5;biomass burning;biomass burning;1.000;3;match válido;Qwen3-1.7B-QLoRA
ID_9273702863744424;6;case study;numerical modeling (rej);0.385;0;sem match válido;Qwen3-1.7B-QLoRA
ID_9273702863744424;7;coupled aerosol and tracer;biomass burning aerosols (rej);0.666;0;sem match válido;Qwen3-1.7B-QLoRA
ID_9273702863744424;8;cumulus clouds;haze layers (rej);0.687;0;sem match válido;Qwen3-1.7B-QLoRA
ID_9273702863744424;9;dry season;wet season (rej);0.727;0;sem match válido;Qwen3-1.7B-QLoRA
ID_9273702863744424;10;global warming;mudanças climáticas;0.902;3;match válido;Qwen3-1.7B-QLoRA
ID_9273702863744424;11;humid forest area;umidade do solo (rej);0.642;0;sem match válido;Qwen3-1.7B-QLoRA
ID_9273702863744424;12;meteorological parameters;seasonal forecasts;0.802;3;match válido;Qwen3-1.7B-QLoRA
ID_9273702863744424;13;mesoscale adjustment;numerical modeling (rej);0.443;0;sem match válido;Qwen3-1.7B-QLoRA
ID_9273702863744424;14;monsoons and rainfall;south america monsoon;0.811;3;match válido;Qwen3-1.7B-QLoRA
ID_9273702863744424;15;model intercomparison;numerical modeling (rej);0.586;0;sem match válido;Qwen3-1.7B-QLoRA
ID_9273702863744424;16;numerical modeling;numerical modeling;1.000;3;match válido;Qwen3-1.7B-QLoRA
ID_9273702863744424;17;pacific storm surge;south america monsoon (rej);0.409;0;sem match válido;Qwen3-1.7B-QLoRA
ID_9273702863744424;18;rainfall intensity;rainy season;0.758;3;match válido;Qwen3-1.7B-QLoRA
ID_9273702863744424;19;south america;south american low-level;0.807;2;match válido;Qwen3-1.7B-QLoRA
ID_9273702863744424;20;south-western atlantic;south american low-level (rej);0.429;0;sem match válido;Qwen3-1.7B-QLoRA
ID_9274817658247444;1;affine arithmetic;triangulations with affine (rej);0.728;0;sem match válido;Qwen3-1.7B-QLoRA
ID_9274817658247444;2;affinity graph;similarity graph;0.783;1;match válido;Qwen3-1.7B-QLoRA
ID_9274817658247444;3;affinity graph partition;similarity graph (rej);0.667;0;sem match válido;Qwen3-1.7B-QLoRA
ID_9274817658247444;4;adaptive mesh;triangle mesh (rej);0.714;0;sem match válido;Qwen3-1.7B-QLoRA
ID_9274817658247444;5;adaptive mesh algorithms;triangle mesh (rej);0.604;0;sem match válido;Qwen3-1.7B-QLoRA
ID_9274817658247444;6;adaptive mesh generation;triangle mesh (rej);0.655;0;sem match válido;Qwen3-1.7B-QLoRA
ID_9274817658247444;7;adaptive meshing;triangle mesh (rej);0.654;0;sem match válido;Qwen3-1.7B-QLoRA
ID_9274817658247444;8;affinity graph partitioning;similarity graph (rej);0.658;0;sem match válido;Qwen3-1.7B-QLoRA
ID_9274817658247444;9;class-specific metrics;class-specific metrics;1.000;2;match válido;Qwen3-1.7B-QLoRA
ID_9274817658247444;10;computer graphics;physically-based animation (rej);0.623;0;sem match válido;Qwen3-1.7B-QLoRA
ID_9274817658247444;11;curve sensitivity;approximating implicit curves (rej);0.628;0;sem match válido;Qwen3-1.7B-QLoRA
ID_9274817658247444;12;discretization method;optimization procedure (rej);0.518;0;sem match válido;Qwen3-1.7B-QLoRA
ID_9274817658247444;13;image segmentation;spectral image segmentation;0.847;2;match válido;Qwen3-1.7B-QLoRA
ID_9274817658247444;14;meshless helmholtz–hodge decomposition;meshless helmholtz-hodge decomposition;0.998;3;match válido;Qwen3-1.7B-QLoRA
ID_9274817658247444;15;multidimensional data projection;polygonal approximation (rej);0.510;0;sem match válido;Qwen3-1.7B-QLoRA
ID_9274817658247444;16;non-Newtonian fluid;multiphase fluids (rej);0.647;0;sem match válido;Qwen3-1.7B-QLoRA
ID_9274817658247444;17;point-based surfaces;point-based surface;0.984;3;match válido;Qwen3-1.7B-QLoRA
ID_9274817658247444;18;smoothed particle hydrodynamics;smoothed particle hydrodynamics;1.000;3;match válido;Qwen3-1.7B-QLoRA
ID_9274817658247444;19;surface denoising;surface triangulations (rej);0.538;0;sem match válido;Qwen3-1.7B-QLoRA
ID_9274817658247444;20;viscoelasticity;viscoplastic fluid;0.805;3;match válido;Qwen3-1.7B-QLoRA
ID_9350794843721516;1;adsorption;adsorption;1.000;3;match válido;Qwen3-1.7B-QLoRA
ID_9350794843721516;2;bioavailability;organic matter (rej);0.368;0;sem match válido;Qwen3-1.7B-QLoRA
ID_9350794843721516;3;brazilian soils;main soil constituents (rej);0.606;0;sem match válido;Qwen3-1.7B-QLoRA
ID_9350794843721516;4;clay;clay;1.000;3;match válido;Qwen3-1.7B-QLoRA
ID_9350794843721516;5;dissolution procedure;selective dissolution;0.763;3;match válido;Qwen3-1.7B-QLoRA
ID_9350794843721516;6;magnetite;mineralogy (rej);0.491;0;sem match válido;Qwen3-1.7B-QLoRA
ID_9350794843721516;7;maximum phosphorus adsorption capacity;adsorption (rej);0.578;0;sem match válido;Qwen3-1.7B-QLoRA
ID_9350794843721516;8;soil organic matter;soil physico-chemical;0.817;3;match válido;Qwen3-1.7B-QLoRA
ID_9350794843721516;9;specific surface area;specific surface;0.909;2;match válido;Qwen3-1.7B-QLoRA
ID_9350794843721516;10;surface area;specific surface (rej);0.846;0;sem match válido;Qwen3-1.7B-QLoRA
ID_9350794843721516;11;toposequência de solos;argila de solos;0.820;1;match válido;Qwen3-1.7B-QLoRA
ID_9350794843721516;12;university federal;contribuição dos constituintes (rej);0.343;0;sem match válido;Qwen3-1.7B-QLoRA
ID_9350794843721516;13;adsorption capacities;adsorption (rej);0.908;0;sem match válido;Qwen3-1.7B-QLoRA
ID_9350794843721516;14;binding energy;effective cation exchange (rej);0.413;0;sem match válido;Qwen3-1.7B-QLoRA
ID_9350794843721516;15;biodegradation;organic matter (rej);0.459;0;sem match válido;Qwen3-1.7B-QLoRA
ID_9350794843721516;16;compostos orgânicos;natural organic compounds;0.916;2;match válido;Qwen3-1.7B-QLoRA
ID_9350794843721516;17;dissolution;selective dissolution (rej);0.760;0;sem match válido;Qwen3-1.7B-QLoRA
ID_9350794843721516;18;evaporation;adsorption (rej);0.463;0;sem match válido;Qwen3-1.7B-QLoRA
ID_9350794843721516;19;fixed phytate;argila de solos (rej);0.520;0;sem match válido;Qwen3-1.7B-QLoRA
ID_9350794843721516;20;lignite formica;functionalized formic lignin;0.774;3;match válido;Qwen3-1.7B-QLoRA
ID_9430398566741698;1;brazilian information service;petroleum industry (rej);0.206;0;sem match válido;Qwen3-1.7B-QLoRA
ID_9430398566741698;2;errors in metabolism;organic acidemias (rej);0.505;0;sem match válido;Qwen3-1.7B-QLoRA
ID_9430398566741698;3;metabolic diseases;organic acidemias (rej);0.565;0;sem match válido;Qwen3-1.7B-QLoRA
ID_9430398566741698;4;mitochondrial encephalopathy;severe hydrocephalus (rej);0.574;0;sem match válido;Qwen3-1.7B-QLoRA
ID_9430398566741698;5;organic acidemia;organic acidurias;0.841;3;match válido;Qwen3-1.7B-QLoRA
ID_9430398566741698;6;organics acidemias;organic acidemias;0.989;3;match válido;Qwen3-1.7B-QLoRA
ID_9430398566741698;7;organspecific acidosis;organic acidemias (rej);0.774;0;sem match válido;Qwen3-1.7B-QLoRA
ID_9430398566741698;8;preliminary report;prenatal diagnosis (rej);0.366;0;sem match válido;Qwen3-1.7B-QLoRA
ID_9430398566741698;9;prenatal diagnosis;prenatal diagnosis;1.000;3;match válido;Qwen3-1.7B-QLoRA
ID_9430398566741698;10;prognóstico pré-natal;pregnancy outcome;0.796;2;match válido;Qwen3-1.7B-QLoRA
ID_9430398566741698;11;prognóstico pré-natais;prenatal diagnosis (rej);0.725;0;sem match válido;Qwen3-1.7B-QLoRA
ID_9430398566741698;12;serviço de informações;petroleum industry (rej);0.283;0;sem match válido;Qwen3-1.7B-QLoRA
ID_9430398566741698;13;teratogenic agents;teratogenic agents;1.000;3;match válido;Qwen3-1.7B-QLoRA
ID_9430398566741698;14;tiroid dysfunction;thalidomide syndrome (rej);0.449;0;sem match válido;Qwen3-1.7B-QLoRA
ID_9430398566741698;15;tiroid function test;teratógeno (rej);0.396;0;sem match válido;Qwen3-1.7B-QLoRA
ID_9430398566741698;16;tiroid hormone secretion;misoprostol exposure (rej);0.403;0;sem match válido;Qwen3-1.7B-QLoRA
ID_9430398566741698;17;tiroid hormones;teratógeno (rej);0.440;0;sem match válido;Qwen3-1.7B-QLoRA
ID_9430398566741698;18;tiroid hormone secretion rate;misoprostol exposure (rej);0.373;0;sem match válido;Qwen3-1.7B-QLoRA
ID_9430398566741698;19;tiroid-stimulating hormone;teratogenic agents (rej);0.393;0;sem match válido;Qwen3-1.7B-QLoRA
ID_9430398566741698;20;thyroid dysfunction;teratogenicity (rej);0.443;0;sem match válido;Qwen3-1.7B-QLoRA
ID_9542837933586912;1;quantum dot;quantum point contact (rej);0.692;0;sem match válido;Qwen3-1.7B-QLoRA
ID_9542837933586912;2;quantum interference;quantum interference patterns;0.954;3;match válido;Qwen3-1.7B-QLoRA
ID_9542837933586912;3;scanning gate imaging;scanning gate imaging;1.000;3;match válido;Qwen3-1.7B-QLoRA
ID_9542837933586912;4;scanning gate microscopy;scanning gate microscopy;1.000;3;match válido;Qwen3-1.7B-QLoRA
ID_9542837933586912;5;semiconductor nanocrystal;semicondutor (rej);0.702;0;sem match válido;Qwen3-1.7B-QLoRA
ID_9542837933586912;6;semiconductor nanocrystals;semicondutor (rej);0.698;0;sem match válido;Qwen3-1.7B-QLoRA
ID_9542837933586912;7;silica aerogels;high purity silica;0.788;1;match válido;Qwen3-1.7B-QLoRA
ID_9542837933586912;8;silica aerogels for optoelectronic;high purity silica (rej);0.659;0;sem match válido;Qwen3-1.7B-QLoRA
ID_9542837933586912;9;silica aerogel;high purity silica (rej);0.750;0;sem match válido;Qwen3-1.7B-QLoRA
ID_9542837933586912;10;thin film;semicondutor (rej);0.353;0;sem match válido;Qwen3-1.7B-QLoRA
ID_9542837933586912;11;thin-film transistors;semicondutor (rej);0.639;0;sem match válido;Qwen3-1.7B-QLoRA
ID_9542837933586912;12;unusual electronic;semicondutor (rej);0.670;0;sem match válido;Qwen3-1.7B-QLoRA
ID_9542837933586912;13;unusual optical properties;directed photoluminescent emission (rej);0.645;0;sem match válido;Qwen3-1.7B-QLoRA
ID_9542837933586912;14;wurtzite phase;quantum fluctuations (rej);0.474;0;sem match válido;Qwen3-1.7B-QLoRA
ID_9542837933586912;15;bismuth oxide;chemical characterizations (rej);0.512;0;sem match válido;Qwen3-1.7B-QLoRA
ID_9542837933586912;16;doping;chemical characterizations (rej);0.329;0;sem match válido;Qwen3-1.7B-QLoRA
ID_9542837933586912;17;electrochemical;chemical characterizations (rej);0.532;0;sem match válido;Qwen3-1.7B-QLoRA
ID_9542837933586912;18;electrical conductivity;impurity potentials (rej);0.516;0;sem match válido;Qwen3-1.7B-QLoRA
ID_9542837933586912;19;electrodes for solid-state;semicondutor (rej);0.543;0;sem match válido;Qwen3-1.7B-QLoRA
ID_9542837933586912;20;ferrites;fracton states (rej);0.438;0;sem match válido;Qwen3-1.7B-QLoRA
ID_9763437636509266;1;experimental model;animal model (rej);0.627;0;sem match válido;Qwen3-1.7B-QLoRA
ID_9763437636509266;2;pain;sympathetic skin response (rej);0.422;0;sem match válido;Qwen3-1.7B-QLoRA
ID_9763437636509266;3;pelvic floor muscle;transvaginal electrical stimulation (rej);0.488;0;sem match válido;Qwen3-1.7B-QLoRA
ID_9763437636509266;4;pelvic floor muscle training;transvaginal electrical stimulation (rej);0.438;0;sem match válido;Qwen3-1.7B-QLoRA
ID_9763437636509266;5;pelvic floor muscle trainer;transvaginal electrical stimulation (rej);0.388;0;sem match válido;Qwen3-1.7B-QLoRA
ID_9763437636509266;6;pelvic floor muscle training program;transvaginal electrical stimulation (rej);0.403;0;sem match válido;Qwen3-1.7B-QLoRA
ID_9763437636509266;7;polymethylmethacrylate;polymethylmethacrylate;1.000;1;match válido;Qwen3-1.7B-QLoRA
ID_9763437636509266;8;porcine model;animal model;0.793;2;match válido;Qwen3-1.7B-QLoRA
ID_9763437636509266;9;quantitative sensory testing;electrical stimulation (rej);0.403;0;sem match válido;Qwen3-1.7B-QLoRA
ID_9763437636509266;10;real-time measurement;pressure monitoring (rej);0.501;0;sem match válido;Qwen3-1.7B-QLoRA
ID_9763437636509266;11;real-time measurement of maximal;pressure monitoring (rej);0.383;0;sem match válido;Qwen3-1.7B-QLoRA
ID_9763437636509266;12;small fiber neuropathies;cystic fibrosis (rej);0.428;0;sem match válido;Qwen3-1.7B-QLoRA
ID_9763437636509266;13;sleep deprivation;sleep restriction;0.853;1;match válido;Qwen3-1.7B-QLoRA
ID_9763437636509266;14;sleep deprivation effects;work-induced sleep;0.814;1;match válido;Qwen3-1.7B-QLoRA
ID_9763437636509266;15;sleeping and waking;work-induced sleep (rej);0.725;0;sem match válido;Qwen3-1.7B-QLoRA
ID_9763437636509266;16;sound intensity;processador de sons (rej);0.579;0;sem match válido;Qwen3-1.7B-QLoRA
ID_9763437636509266;17;treatment of urinary;female urinary incontinence (rej);0.777;0;sem match válido;Qwen3-1.7B-QLoRA
ID_9763437636509266;18;urinary incontinence;female urinary incontinence;0.946;3;match válido;Qwen3-1.7B-QLoRA
ID_9763437636509266;19;urinary incontinence treatment;female urinary incontinence (rej);0.869;0;sem match válido;Qwen3-1.7B-QLoRA
ID_9763437636509266;20;urinary incontinence training;female urinary incontinence (rej);0.814;0;sem match válido;Qwen3-1.7B-QLoRA
ID_9836776931160228;1;black-box testing;testing tool (rej);0.659;0;sem match válido;Qwen3-1.7B-QLoRA
ID_9836776931160228;2;finite state machine;finite state machine;1.000;3;match válido;Qwen3-1.7B-QLoRA
ID_9836776931160228;3;finite state machine models;finite state machines;0.903;3;match válido;Qwen3-1.7B-QLoRA
ID_9836776931160228;4;model partitions;finite state machines (rej);0.392;0;sem match válido;Qwen3-1.7B-QLoRA
ID_9836776931160228;5;model checking;verification and testing (rej);0.657;0;sem match válido;Qwen3-1.7B-QLoRA
ID_9836776931160228;6;mutant operators;mutation testing (rej);0.544;0;sem match válido;Qwen3-1.7B-QLoRA
ID_9836776931160228;7;mutant testing;mutation testing (rej);0.893;0;sem match válido;Qwen3-1.7B-QLoRA
ID_9836776931160228;8;mutation testing;mutation testing;1.000;2;match válido;Qwen3-1.7B-QLoRA
ID_9836776931160228;9;reduction ratio;conformance testing (rej);0.331;0;sem match válido;Qwen3-1.7B-QLoRA
ID_9836776931160228;10;testing automated software;software testing;0.901;3;match válido;Qwen3-1.7B-QLoRA
ID_9836776931160228;11;testing criteria;test analysis;0.885;2;match válido;Qwen3-1.7B-QLoRA
ID_9836776931160228;12;test coverage;test generation.;0.776;3;match válido;Qwen3-1.7B-QLoRA
ID_9836776931160228;13;test generation;test generation;1.000;3;match válido;Qwen3-1.7B-QLoRA
ID_9836776931160228;14;test suite characteristics;testing tool;0.771;2;match válido;Qwen3-1.7B-QLoRA
ID_9836776931160228;15;test suite minimisation;testing tool (rej);0.673;0;sem match válido;Qwen3-1.7B-QLoRA
ID_9836776931160228;16;test suite length;test analysis (rej);0.626;0;sem match válido;Qwen3-1.7B-QLoRA
ID_9836776931160228;17;web service composition;fault domain (rej);0.280;0;sem match válido;Qwen3-1.7B-QLoRA
ID_9836776931160228;18;white-box testing;testing tool (rej);0.662;0;sem match válido;Qwen3-1.7B-QLoRA
ID_9836776931160228;19;extended finite state;finite state machine (rej);0.653;0;sem match válido;Qwen3-1.7B-QLoRA
ID_9836776931160228;20;model-based testing;test analysis (rej);0.767;0;sem match válido;Qwen3-1.7B-QLoRA
ID_9848311210578810;1;agfilament;rietveld refinement (rej);0.645;0;sem match válido;Qwen3-1.7B-QLoRA
ID_9848311210578810;2;agfilaments;rietveld refinement (rej);0.590;0;sem match válido;Qwen3-1.7B-QLoRA
ID_9848311210578810;3;photoluminescence properties;photoluminescent properties;0.986;3;match válido;Qwen3-1.7B-QLoRA
ID_9848311210578810;4;photoluminescence properties of ag;photoluminescent behavior;0.783;3;match válido;Qwen3-1.7B-QLoRA
ID_9848311210578810;5;photoluminescence properties of ag2wo4;photoluminescent properties (rej);0.734;0;sem match válido;Qwen3-1.7B-QLoRA
ID_9848311210578810;6;photoluminescence properties of mnwo4;photoluminescence;0.810;3;match válido;Qwen3-1.7B-QLoRA
ID_9848311210578810;7;pl properties;structureal properties (rej);0.617;0;sem match válido;Qwen3-1.7B-QLoRA
ID_9848311210578810;8;rare-earth oxides;tin oxide (rej);0.636;0;sem match válido;Qwen3-1.7B-QLoRA
ID_9848311210578810;9;rare-earth oxides: optical properties;optical properties (rej);0.658;0;sem match válido;Qwen3-1.7B-QLoRA
ID_9848311210578810;10;structural refinement;structureal properties (rej);0.680;0;sem match válido;Qwen3-1.7B-QLoRA
ID_9848311210578810;11;structural refinement and pl;structureal properties (rej);0.707;0;sem match válido;Qwen3-1.7B-QLoRA
ID_9848311210578810;12;synthesis and characterization;synthesis and characterization;1.000;3;match válido;Qwen3-1.7B-QLoRA
ID_9848311210578810;13;synthesis and characterization of mno2;chemical synthesis (rej);0.670;0;sem match válido;Qwen3-1.7B-QLoRA
ID_9848311210578810;14;synthesis and characterization of zn;b. chemical synthesis (rej);0.584;0;sem match válido;Qwen3-1.7B-QLoRA
ID_9848311210578810;15;wurtzite-type zno;rietveld refinement (rej);0.560;0;sem match válido;Qwen3-1.7B-QLoRA
ID_9848311210578810;16;wurtzite-type zno crystals;crystal structure (rej);0.619;0;sem match válido;Qwen3-1.7B-QLoRA
ID_9848311210578810;17;wurtzite-type znmo2;luminescence (rej);0.454;0;sem match válido;Qwen3-1.7B-QLoRA
ID_9848311210578810;18;x-ray diffraction;x-ray diffraction;1.000;2;match válido;Qwen3-1.7B-QLoRA
ID_9848311210578810;19;x-ray diffraction pattern;characterized by x-ray;0.761;2;match válido;Qwen3-1.7B-QLoRA
ID_9848311210578810;20;x-ray powder diffraction;x-ray diffraction (rej);0.907;0;sem match válido;Qwen3-1.7B-QLoRA
ID_9856332816841794;1;anatomy;morphology (rej);0.710;0;sem match válido;Qwen3-1.7B-QLoRA
ID_9856332816841794;2;blood flow;posterior vena cava (rej);0.582;0;sem match válido;Qwen3-1.7B-QLoRA
ID_9856332816841794;3;diaphragm;posterior vena cava (rej);0.582;0;sem match válido;Qwen3-1.7B-QLoRA
ID_9856332816841794;4;diaphragmatic motility;posterior vena cava (rej);0.536;0;sem match válido;Qwen3-1.7B-QLoRA
ID_9856332816841794;5;exercise;respiration (rej);0.382;0;sem match válido;Qwen3-1.7B-QLoRA
ID_9856332816841794;6;functional morphology;functional morphology;1.000;3;match válido;Qwen3-1.7B-QLoRA
ID_9856332816841794;7;lung;lung morphology;0.880;3;match válido;Qwen3-1.7B-QLoRA
ID_9856332816841794;8;physiological responses;metabolic response;0.769;3;match válido;Qwen3-1.7B-QLoRA
ID_9856332816841794;9;post-hepatic septum;post-hepatic septum;1.000;3;match válido;Qwen3-1.7B-QLoRA
ID_9856332816841794;10;reproduction;pterygoplichthys (rej);0.424;0;sem match válido;Qwen3-1.7B-QLoRA
ID_9856332816841794;11;south american lungfish;lung morphology (rej);0.541;0;sem match válido;Qwen3-1.7B-QLoRA
ID_9856332816841794;12;treatment with g-csf;responses to hypoxia (rej);0.305;0;sem match válido;Qwen3-1.7B-QLoRA
ID_9856332816841794;13;treatment with granulocyte-colony;pleurohepatic cavity (rej);0.385;0;sem match válido;Qwen3-1.7B-QLoRA
ID_9856332816841794;14;ventilation;ventilation;1.000;3;match válido;Qwen3-1.7B-QLoRA
ID_9856332816841794;15;vocalization;respiration (rej);0.399;0;sem match válido;Qwen3-1.7B-QLoRA
ID_9856332816841794;16;water balance;water balance;1.000;3;match válido;Qwen3-1.7B-QLoRA
ID_9856332816841794;17;air-breathing;respiration;0.853;3;match válido;Qwen3-1.7B-QLoRA
ID_9856332816841794;18;anuran amphibians;tegu lizard (tupinambis merianae) (rej);0.637;0;sem match válido;Qwen3-1.7B-QLoRA
ID_9856332816841794;19;autonomic regulation;ventilatory control (rej);0.431;0;sem match válido;Qwen3-1.7B-QLoRA
ID_9856332816841794;20;chronic chagasic cardiomyopathy;ventricular haemodynamics (rej);0.544;0;sem match válido;Qwen3-1.7B-QLoRA
