Autor;nDCG@10;nDCG@20;Precision@5;Precision@10;Precision@20;Recall@5;Recall@10;Recall@20;MAP@10;Coverage@10;Diversity@10;MAP@20;Coverage@20;Diversity@20;Match_Valido@10;Match_Valido@20;Modelo
ID_9350794843721516;0.1501;0.1969;0.2000;0.2000;0.3000;0.0333;0.0667;0.2000;0.0157;0.2295;0.6263;4;8;0.0599;0.2459;0.5456;Qwen 2.5-1.5B
ID_8752453650114092;0.3687;0.3138;0.4000;0.2000;0.1500;0.1000;0.1000;0.1500;0.0833;0.0976;0.6815;3;4;0.0927;0.1010;0.6735;Qwen 2.5-1.5B
ID_3935055744673018;0.1218;0.0786;0.0000;0.3000;0.1500;0.0000;0.0714;0.0714;0.0154;0.1057;0.7499;3;3;0.0154;0.1057;0.7499;Qwen 2.5-1.5B
ID_1345781867765758;0.5234;0.4257;1.0000;0.5000;0.2500;0.2632;0.2632;0.2632;0.2632;0.8038;0.7267;7;7;0.2632;0.8038;0.7701;Qwen 2.5-1.5B
ID_7710344461864924;0.0000;0.0670;0.0000;0.0000;0.1500;0.0000;0.0000;0.0600;0.0000;0.1123;0.7481;0;3;0.0076;0.1335;0.6908;Qwen 2.5-1.5B
ID_1840336983035010;0.2411;0.2331;0.4000;0.4000;0.3000;0.0769;0.1538;0.2308;0.0607;0.2823;0.6788;4;6;0.0947;0.3871;0.7343;Qwen 2.5-1.5B
ID_3051627641386529;0.6269;0.5781;0.6000;0.5000;0.3000;0.2500;0.4167;0.5000;0.3000;0.3176;0.5507;5;6;0.3455;0.3374;0.6956;Qwen 2.5-1.5B
ID_0218004426204544;0.0694;0.0844;0.0000;0.1000;0.1000;0.0000;0.0278;0.0556;0.0035;0.0301;0.7907;1;2;0.0085;0.1329;0.7638;Qwen 2.5-1.5B
ID_2774467864626548;0.4930;0.3570;0.6000;0.3000;0.1500;0.1429;0.1429;0.1429;0.1429;0.4280;0.7345;5;6;0.1429;0.4493;0.7400;Qwen 2.5-1.5B
ID_0807993828734491;0.5072;0.3901;0.8000;0.5000;0.4000;0.1250;0.1562;0.2500;0.1109;0.5120;0.6358;5;8;0.1494;0.5266;0.6884;Qwen 2.5-1.5B
ID_9335253053250984;0.3953;0.3597;0.4000;0.5000;0.4000;0.0714;0.1786;0.2857;0.0793;0.6735;0.6588;5;8;0.1261;0.7116;0.6374;Qwen 2.5-1.5B
ID_0232075212409214;0.0284;0.0198;0.0000;0.1000;0.0500;0.0000;0.0476;0.0476;0.0053;0.0253;0.7628;1;1;0.0053;0.0413;0.7687;Qwen 2.5-1.5B
ID_5393628668007180;0.1001;0.1124;0.4000;0.2000;0.1500;0.1000;0.1000;0.1500;0.0500;0.2658;0.6496;2;3;0.0594;0.2810;0.6943;Qwen 2.5-1.5B
ID_4290808161139329;0.0000;0.0000;0.0000;0.0000;0.0000;0.0000;0.0000;0.0000;0.0000;0.0149;0.7794;0;0;0.0000;0.0212;0.7662;Qwen 2.5-1.5B
ID_3296934538404596;0.1420;0.2009;0.0000;0.2000;0.2000;0.0000;0.0952;0.1905;0.0175;0.2601;0.4045;2;4;0.0410;0.2653;0.3337;Qwen 2.5-1.5B
ID_6231675319360093;0.2152;0.2152;0.0000;0.2000;0.1000;0.0000;0.4000;0.4000;0.0730;0.5577;0.6554;2;2;0.0730;0.5769;0.6758;Qwen 2.5-1.5B
ID_6284168579617066;0.3024;0.2348;0.4000;0.3000;0.2000;0.0870;0.1304;0.1739;0.0609;0.3786;0.6106;3;4;0.0767;0.3932;0.6180;Qwen 2.5-1.5B
ID_9848311210578810;0.4151;0.3430;0.4000;0.4000;0.3000;0.0435;0.0870;0.1304;0.0580;0.2159;0.6394;4;6;0.0765;0.2374;0.6429;Qwen 2.5-1.5B
ID_5768000922241088;0.5147;0.4563;0.4000;0.3000;0.2000;0.1176;0.1765;0.2353;0.1176;0.2433;0.7254;3;7;0.1357;0.3240;0.7303;Qwen 2.5-1.5B
ID_2647529909397336;0.0784;0.0701;0.0000;0.1000;0.0500;0.0000;0.0385;0.0385;0.0064;0.0578;0.7212;1;2;0.0064;0.1550;0.7561;Qwen 2.5-1.5B
ID_1779931169656381;0.0595;0.0384;0.2000;0.1000;0.0500;0.0303;0.0303;0.0303;0.0152;0.0776;0.7568;1;1;0.0152;0.0866;0.7037;Qwen 2.5-1.5B
ID_1036046601275319;0.0000;0.0765;0.0000;0.0000;0.1000;0.0000;0.0000;0.0667;0.0000;0.0996;0.5656;0;3;0.0057;0.2258;0.6773;Qwen 2.5-1.5B
ID_3929176117729138;0.3381;0.2904;0.6000;0.3000;0.1500;0.2143;0.2143;0.2143;0.1262;0.0680;0.7431;3;3;0.1262;0.1688;0.7408;Qwen 2.5-1.5B
ID_2123038879875164;0.2044;0.1703;0.4000;0.2000;0.1500;0.0526;0.0526;0.0789;0.0439;0.3773;0.7359;2;3;0.0504;0.4442;0.7199;Qwen 2.5-1.5B
ID_3964840204818021;0.3432;0.2539;0.6000;0.4000;0.2500;0.0714;0.0952;0.1190;0.0774;0.5987;0.6863;4;5;0.0833;0.5987;0.7296;Qwen 2.5-1.5B
ID_9867636928092492;0.2668;0.2061;0.4000;0.3000;0.1500;0.0714;0.1071;0.1071;0.0893;0.4928;0.7602;3;5;0.0893;0.5158;0.7531;Qwen 2.5-1.5B
ID_0144465590218939;0.1944;0.1549;0.4000;0.2000;0.1000;0.1000;0.1000;0.1000;0.0325;0.2091;0.6508;2;2;0.0325;0.2091;0.6358;Qwen 2.5-1.5B
ID_0932900035896817;0.2201;0.2123;0.2000;0.1000;0.1500;0.0476;0.0476;0.1429;0.0476;0.0863;0.7137;1;3;0.0604;0.1680;0.6936;Qwen 2.5-1.5B
ID_0041995572099705;0.5568;0.4566;0.6000;0.5000;0.3000;0.1000;0.1667;0.2000;0.1057;0.3243;0.6471;6;7;0.1182;0.3430;0.7367;Qwen 2.5-1.5B
ID_0061106995455595;0.1585;0.1215;0.2000;0.2000;0.1000;0.0385;0.0769;0.0769;0.0187;0.0613;0.7417;2;2;0.0187;0.0822;0.7266;Qwen 2.5-1.5B
ID_0128404227626176;0.1070;0.0690;0.0000;0.2000;0.1000;0.0000;0.0351;0.0351;0.0079;0.2632;0.5810;2;2;0.0079;0.2814;0.4664;Qwen 2.5-1.5B
ID_0161925591909696;0.3317;0.3272;0.4000;0.4000;0.3500;0.0625;0.1250;0.2188;0.0538;0.2303;0.7664;4;7;0.0911;0.3511;0.7260;Qwen 2.5-1.5B
ID_0174325304693036;0.1573;0.1432;0.2000;0.3000;0.2500;0.0208;0.0625;0.1042;0.0226;0.1255;0.7500;3;5;0.0354;0.1309;0.6847;Qwen 2.5-1.5B
ID_0189095897739979;0.7721;0.7097;0.8000;0.7000;0.6500;0.1176;0.2059;0.3824;0.1824;0.1310;0.6400;7;13;0.3012;0.1984;0.6565;Qwen 2.5-1.5B
ID_0229339143607870;0.5542;0.3576;0.8000;0.5000;0.2500;0.1143;0.1429;0.1429;0.1193;0.3025;0.6098;5;5;0.1193;0.3193;0.6659;Qwen 2.5-1.5B
ID_0278717765065500;0.0981;0.0997;0.0000;0.1000;0.1000;0.0000;0.0455;0.0909;0.0076;0.1679;0.7785;1;2;0.0146;0.1832;0.7557;Qwen 2.5-1.5B
ID_0482551013400931;0.6132;0.3957;0.8000;0.6000;0.3000;0.0784;0.1176;0.1176;0.0962;0.3457;0.5030;6;6;0.0962;0.3457;0.5030;Qwen 2.5-1.5B
ID_0486569206159968;0.0000;0.0000;0.0000;0.0000;0.0000;0.0000;0.0000;0.0000;0.0000;0.0083;0.7072;0;0;0.0000;0.0083;0.6241;Qwen 2.5-1.5B
ID_0509655225224036;0.1031;0.0835;0.0000;0.2000;0.1000;0.0000;0.0909;0.0909;0.0179;0.0769;0.7186;2;2;0.0179;0.1154;0.7092;Qwen 2.5-1.5B
ID_0516941410000104;0.1678;0.1948;0.0000;0.2000;0.1500;0.0000;0.1250;0.1875;0.0260;0.3600;0.6859;4;6;0.0417;0.4800;0.6174;Qwen 2.5-1.5B
ID_0530966378411625;0.0419;0.0687;0.0000;0.1000;0.1500;0.0000;0.0400;0.1200;0.0044;0.2346;0.6698;2;4;0.0161;0.2840;0.6902;Qwen 2.5-1.5B
ID_0535860239259102;0.1689;0.2142;0.0000;0.3000;0.2500;0.0000;0.1304;0.2174;0.0301;0.2617;0.8077;4;7;0.0604;0.3551;0.6919;Qwen 2.5-1.5B
ID_0578253829444920;0.2704;0.1930;0.6000;0.4000;0.2000;0.1200;0.1600;0.1600;0.1400;0.2509;0.6677;4;4;0.1400;0.2945;0.6623;Qwen 2.5-1.5B
ID_0676101131499422;0.5556;0.4527;0.6000;0.3000;0.1500;0.1765;0.1765;0.1765;0.1765;0.6450;0.3166;3;3;0.1765;0.6450;0.3166;Qwen 2.5-1.5B
ID_0766735065718186;0.3580;0.2804;0.4000;0.3000;0.2500;0.0455;0.0682;0.1136;0.0568;0.2475;0.6168;3;5;0.0708;0.3053;0.7042;Qwen 2.5-1.5B
ID_0848413770343284;0.0157;0.0101;0.0000;0.0000;0.0000;0.0000;0.0000;0.0000;0.0000;0.0041;0.7842;1;1;0.0000;0.0041;0.7979;Qwen 2.5-1.5B
ID_0973550817356564;0.2766;0.2480;0.4000;0.5000;0.3500;0.0541;0.1351;0.1892;0.0721;0.5189;0.6289;5;8;0.0963;0.5591;0.6771;Qwen 2.5-1.5B
ID_0976385386657517;0.2036;0.2948;0.2000;0.4000;0.4000;0.0357;0.1429;0.2857;0.0440;0.1302;0.4658;4;8;0.1088;0.2840;0.4465;Qwen 2.5-1.5B
ID_1041565102315246;0.6348;0.4608;0.8000;0.5000;0.3500;0.1481;0.1852;0.2593;0.1639;0.5273;0.5864;6;8;0.1970;0.7030;0.5903;Qwen 2.5-1.5B
ID_1077091269921532;0.0284;0.0299;0.0000;0.1000;0.0500;0.0000;0.0345;0.0345;0.0038;0.0197;0.8231;1;2;0.0038;0.1207;0.7597;Qwen 2.5-1.5B
ID_1264299192805866;0.0742;0.0922;0.2000;0.2000;0.1500;0.0345;0.0690;0.1034;0.0201;0.1022;0.7913;2;3;0.0281;0.1136;0.7510;Qwen 2.5-1.5B
ID_1305553577433058;0.0734;0.0626;0.0000;0.1000;0.1000;0.0000;0.0192;0.0385;0.0027;0.0541;0.6030;1;2;0.0053;0.0707;0.6192;Qwen 2.5-1.5B
ID_1325667605623244;0.3152;0.3202;0.4000;0.3000;0.3500;0.0444;0.0667;0.1556;0.0333;0.2308;0.6325;3;7;0.0629;0.2552;0.6139;Qwen 2.5-1.5B
ID_1351748125964309;0.2476;0.1850;0.2000;0.2000;0.1000;0.0400;0.0800;0.0800;0.0333;0.2290;0.5742;2;2;0.0333;0.2570;0.5485;Qwen 2.5-1.5B
ID_1409367562944345;0.0000;0.0818;0.0000;0.0000;0.1000;0.0000;0.0000;0.1333;0.0000;0.0770;0.6590;0;2;0.0115;0.1878;0.6812;Qwen 2.5-1.5B
ID_1443260585180322;0.6844;0.5824;0.6000;0.6000;0.5000;0.0714;0.1429;0.2381;0.1186;0.3565;0.6570;6;10;0.1703;0.3927;0.6825;Qwen 2.5-1.5B
ID_1569228929685657;0.0851;0.0549;0.2000;0.1000;0.0500;0.0400;0.0400;0.0400;0.0080;0.1137;0.6178;1;1;0.0080;0.1137;0.5706;Qwen 2.5-1.5B
ID_1572504650930605;0.1505;0.2143;0.0000;0.2000;0.2000;0.0000;0.1053;0.2105;0.0180;0.1353;0.6112;3;7;0.0384;0.1444;0.6667;Qwen 2.5-1.5B
ID_1588571859201066;0.4473;0.3606;0.4000;0.4000;0.3000;0.0455;0.0909;0.1364;0.0523;0.5826;0.6026;4;6;0.0694;0.5826;0.7222;Qwen 2.5-1.5B
ID_1608166528142462;0.1518;0.1746;0.0000;0.2000;0.1500;0.0000;0.1429;0.2143;0.0323;0.1474;0.7247;2;3;0.0457;0.3165;0.7166;Qwen 2.5-1.5B
ID_1608252203113404;0.0000;0.1504;0.0000;0.0000;0.2500;0.0000;0.0000;0.1042;0.0000;0.0046;0.6048;0;5;0.0171;0.1304;0.7029;Qwen 2.5-1.5B
ID_1608392890165390;0.0000;0.0000;0.0000;0.0000;0.0000;0.0000;0.0000;0.0000;0.0000;0.0065;0.8179;0;0;0.0000;0.0065;0.7663;Qwen 2.5-1.5B
ID_1682621160901140;0.0784;0.0506;0.0000;0.1000;0.0500;0.0000;0.0227;0.0227;0.0038;0.1300;0.7762;1;1;0.0038;0.1450;0.7934;Qwen 2.5-1.5B
ID_1684574356606924;0.4537;0.3461;0.6000;0.3000;0.1500;0.1875;0.1875;0.1875;0.1719;0.0845;0.6179;3;3;0.1719;0.0923;0.6772;Qwen 2.5-1.5B
ID_1727283700680766;0.1975;0.2162;0.6000;0.3000;0.2000;0.1765;0.1765;0.2353;0.1529;0.2564;0.6109;3;4;0.1725;0.3462;0.6630;Qwen 2.5-1.5B
ID_1827829018668226;0.5145;0.3836;0.8000;0.5000;0.3000;0.1333;0.1667;0.2000;0.1461;0.4015;0.6348;5;6;0.1615;0.4380;0.5846;Qwen 2.5-1.5B
ID_1878688743763378;0.3322;0.2970;0.4000;0.4000;0.3000;0.0741;0.1481;0.2222;0.0578;0.6436;0.5012;4;7;0.0932;0.6535;0.5624;Qwen 2.5-1.5B
ID_1885766127325722;0.0000;0.0070;0.0000;0.0000;0.0000;0.0000;0.0000;0.0000;0.0000;0.0335;0.7460;0;1;0.0000;0.2440;0.7590;Qwen 2.5-1.5B
ID_1973878827354750;0.3524;0.3006;0.6000;0.3000;0.2000;0.0857;0.0857;0.1143;0.0648;0.2064;0.6516;3;5;0.0708;0.2462;0.7279;Qwen 2.5-1.5B
ID_1988378870316115;0.0321;0.0256;0.0000;0.1000;0.0500;0.0000;0.0476;0.0476;0.0060;0.1290;0.7379;1;1;0.0060;0.2258;0.7695;Qwen 2.5-1.5B
ID_2129963760543898;0.7058;0.5090;0.8000;0.6000;0.3500;0.1600;0.2400;0.2800;0.2173;0.2554;0.7059;6;8;0.2407;0.2862;0.6698;Qwen 2.5-1.5B
ID_2145668168587564;0.1795;0.2125;0.4000;0.2000;0.2000;0.0690;0.0690;0.1379;0.0483;0.5443;0.6691;2;5;0.0675;0.5949;0.6842;Qwen 2.5-1.5B
ID_2209576799096027;0.0438;0.1114;0.0000;0.1000;0.1000;0.0000;0.0769;0.1538;0.0096;0.1884;0.6777;2;5;0.0214;0.5274;0.5758;Qwen 2.5-1.5B
ID_2220699289355930;0.4203;0.3246;0.6000;0.3000;0.1500;0.1250;0.1250;0.1250;0.1146;0.4018;0.7426;4;4;0.1146;0.4018;0.7054;Qwen 2.5-1.5B
ID_2275032719586397;0.3524;0.2515;0.6000;0.3000;0.1500;0.1111;0.1111;0.1111;0.0840;0.0851;0.5796;3;3;0.0840;0.0851;0.5604;Qwen 2.5-1.5B
ID_2324159515825927;0.2985;0.3346;0.2000;0.2000;0.3000;0.0250;0.0500;0.1500;0.0333;0.2000;0.6450;2;6;0.0621;0.3348;0.6576;Qwen 2.5-1.5B
ID_2482060270236527;0.1495;0.1456;0.2000;0.2000;0.1500;0.0500;0.1000;0.1500;0.0393;0.2014;0.6467;3;5;0.0487;0.3381;0.6869;Qwen 2.5-1.5B
ID_2554853704952225;0.0000;0.0859;0.0000;0.0000;0.1500;0.0000;0.0000;0.0682;0.0000;0.0200;0.8228;0;3;0.0080;0.3133;0.8197;Qwen 2.5-1.5B
ID_2627414712422817;0.0789;0.0686;0.0000;0.1000;0.0500;0.0000;0.0357;0.0357;0.0045;0.1347;0.6863;2;4;0.0045;0.1813;0.7236;Qwen 2.5-1.5B
ID_2636111337875377;0.5173;0.4001;0.4000;0.4000;0.3000;0.0800;0.1600;0.2400;0.1200;0.2687;0.5996;5;7;0.1437;0.2954;0.6920;Qwen 2.5-1.5B
ID_2653769170795641;0.2337;0.1927;0.4000;0.2000;0.1500;0.0769;0.0769;0.1154;0.0385;0.2120;0.5809;2;3;0.0467;0.2446;0.6787;Qwen 2.5-1.5B
ID_2791913950833163;0.0000;0.0000;0.0000;0.0000;0.0000;0.0000;0.0000;0.0000;0.0000;0.0032;0.7250;0;0;0.0000;0.0225;0.6878;Qwen 2.5-1.5B
ID_2850235880560929;0.2771;0.2537;0.2000;0.3000;0.2500;0.0385;0.1154;0.1923;0.0596;0.4398;0.6777;3;5;0.0884;0.5542;0.7130;Qwen 2.5-1.5B
ID_2851798514812201;0.5834;0.3911;0.8000;0.5000;0.2500;0.1739;0.2174;0.2174;0.1709;0.4487;0.6296;5;5;0.1709;0.4628;0.7184;Qwen 2.5-1.5B
ID_3085057149388157;0.1389;0.0896;0.2000;0.1000;0.0500;0.0227;0.0227;0.0227;0.0114;0.0310;0.6150;1;1;0.0114;0.0310;0.5634;Qwen 2.5-1.5B
ID_3091742095568302;0.3052;0.2347;0.4000;0.2000;0.1500;0.0625;0.0625;0.0938;0.0437;0.0379;0.5790;2;3;0.0500;0.0448;0.6507;Qwen 2.5-1.5B
ID_3125269649173653;0.3590;0.2317;0.4000;0.2000;0.1000;0.0714;0.0714;0.0714;0.0714;0.1436;0.6404;2;2;0.0714;0.1436;0.6372;Qwen 2.5-1.5B
ID_3150074537946167;0.2887;0.2724;0.2000;0.3000;0.1500;0.1250;0.3750;0.3750;0.1138;0.5227;0.6947;4;6;0.1138;0.5568;0.7197;Qwen 2.5-1.5B
ID_3150103492877008;0.3923;0.3879;0.4000;0.3000;0.2500;0.0870;0.1304;0.2174;0.0888;0.0884;0.7017;6;9;0.1139;0.1020;0.6644;Qwen 2.5-1.5B
ID_3222014752923501;0.3623;0.2697;0.6000;0.3000;0.1500;0.1364;0.1364;0.1364;0.1030;0.1771;0.7215;4;5;0.1030;0.1956;0.7507;Qwen 2.5-1.5B
ID_3325984959083987;0.6165;0.7826;0.6000;0.5000;0.5500;0.2000;0.3333;0.7333;0.2751;0.7716;0.5799;5;13;0.5019;0.8249;0.5547;Qwen 2.5-1.5B
ID_3340828165410597;0.0000;0.0000;0.0000;0.0000;0.0000;0.0000;0.0000;0.0000;0.0000;0.0372;0.8081;0;0;0.0000;0.1516;0.7308;Qwen 2.5-1.5B
ID_3347815035685882;0.4372;0.4676;0.6000;0.5000;0.3500;0.1667;0.2778;0.3889;0.1590;0.4498;0.7147;5;9;0.2089;0.5141;0.7116;Qwen 2.5-1.5B
ID_3387018530825694;0.0000;0.0000;0.0000;0.0000;0.0000;0.0000;0.0000;0.0000;0.0000;0.0103;0.7010;0;0;0.0000;0.0103;0.7362;Qwen 2.5-1.5B
ID_3427260889880733;0.4702;0.4500;0.8000;0.4000;0.2500;0.3077;0.3077;0.3846;0.2090;0.3533;0.5442;6;7;0.2330;0.4293;0.5508;Qwen 2.5-1.5B
ID_3445472713137548;0.1065;0.2258;0.2000;0.1000;0.1500;0.1000;0.1000;0.3000;0.0200;0.1236;0.7638;1;3;0.0493;0.3006;0.7409;Qwen 2.5-1.5B
ID_3729715298008025;0.4763;0.3810;0.6000;0.5000;0.3500;0.1034;0.1724;0.2414;0.1299;0.3535;0.5999;7;9;0.1630;0.3721;0.5851;Qwen 2.5-1.5B
ID_3738807633557034;0.3643;0.3391;0.4000;0.5000;0.3500;0.0952;0.2381;0.3333;0.1659;0.6916;0.6820;5;8;0.2154;0.7477;0.6625;Qwen 2.5-1.5B
ID_3837157956819433;0.6122;0.4711;0.8000;0.5000;0.3500;0.1538;0.1923;0.2692;0.1640;0.4775;0.5053;5;7;0.2042;0.5195;0.5614;Qwen 2.5-1.5B
ID_3870300970951275;0.6483;0.5147;0.8000;0.6000;0.4500;0.1212;0.1818;0.2727;0.1595;0.5439;0.5233;6;11;0.2089;0.5789;0.5533;Qwen 2.5-1.5B
ID_3919711591553904;0.7385;0.6598;0.6000;0.8000;0.6500;0.0714;0.1905;0.3095;0.1597;0.4967;0.5243;8;13;0.2538;0.5154;0.6436;Qwen 2.5-1.5B
ID_3971396576832634;0.1098;0.0988;0.0000;0.2000;0.1500;0.0000;0.0800;0.1200;0.0181;0.4348;0.7683;2;3;0.0281;0.4831;0.7896;Qwen 2.5-1.5B
ID_3977660018939385;0.0948;0.1667;0.2000;0.1000;0.2000;0.0312;0.0312;0.1250;0.0078;0.0952;0.7425;1;4;0.0254;0.1571;0.7154;Qwen 2.5-1.5B
ID_4061301060228632;0.0000;0.0000;0.0000;0.0000;0.0000;0.0000;0.0000;0.0000;0.0000;0.0106;0.6785;0;0;0.0000;0.0106;0.7225;Qwen 2.5-1.5B
ID_4139866243228811;0.1619;0.2882;0.2000;0.2000;0.3500;0.0303;0.0606;0.2121;0.0128;0.3173;0.6232;3;8;0.0661;0.3526;0.6171;Qwen 2.5-1.5B
ID_4149038575526706;0.1635;0.1797;0.2000;0.2000;0.2000;0.0278;0.0556;0.1111;0.0148;0.1716;0.8009;2;5;0.0303;0.2724;0.7575;Qwen 2.5-1.5B
ID_4186411197580812;0.1396;0.0901;0.0000;0.2000;0.1000;0.0000;0.0541;0.0541;0.0099;0.3638;0.7723;2;2;0.0099;0.3638;0.7723;Qwen 2.5-1.5B
ID_4296348942225215;0.1372;0.3899;0.0000;0.1000;0.1000;0.0000;0.5000;1.0000;0.0625;0.0548;0.6636;1;6;0.1250;0.3425;0.7101;Qwen 2.5-1.5B
ID_4482652690766445;0.9266;0.6691;1.0000;0.9000;0.5500;0.0962;0.1731;0.2115;0.1666;0.3163;0.5895;9;11;0.1936;0.3188;0.5260;Qwen 2.5-1.5B
ID_4585253466628293;0.0000;0.0000;0.0000;0.0000;0.0000;0.0000;0.0000;0.0000;0.0000;0.0642;0.5927;0;0;0.0000;0.0642;0.7663;Qwen 2.5-1.5B
ID_4621534549550979;0.0851;0.0549;0.2000;0.1000;0.0500;0.0270;0.0270;0.0270;0.0054;0.0187;0.4596;1;1;0.0054;0.0187;0.3790;Qwen 2.5-1.5B
ID_4639530865431823;0.0906;0.2032;0.0000;0.1000;0.2500;0.0000;0.0303;0.1515;0.0051;0.1697;0.7544;2;6;0.0332;0.4182;0.7984;Qwen 2.5-1.5B
ID_4656875806985353;0.0000;0.0000;0.0000;0.0000;0.0000;0.0000;0.0000;0.0000;0.0000;0.0345;0.6707;0;0;0.0000;0.0345;0.7099;Qwen 2.5-1.5B
ID_4702999283260777;0.2313;0.1959;0.2000;0.3000;0.2500;0.0244;0.0732;0.1220;0.0387;0.2304;0.7536;3;5;0.0502;0.2458;0.7005;Qwen 2.5-1.5B
ID_4703015447173949;0.4785;0.5149;0.6000;0.3000;0.3500;0.1154;0.1154;0.2692;0.1154;0.5479;0.6768;4;8;0.1744;0.5890;0.6215;Qwen 2.5-1.5B
ID_4720283421615359;0.4441;0.3578;0.6000;0.3000;0.3000;0.0652;0.0652;0.1304;0.0565;0.1632;0.7542;3;7;0.0772;0.1908;0.7175;Qwen 2.5-1.5B
ID_4739118307577897;0.4714;0.3042;0.6000;0.4000;0.2000;0.0750;0.1000;0.1000;0.0750;0.4800;0.4363;4;4;0.0750;0.4800;0.4181;Qwen 2.5-1.5B
ID_4751064542106755;0.4471;0.3873;0.8000;0.4000;0.2500;0.2500;0.2500;0.3125;0.2010;0.2000;0.7675;4;5;0.2219;0.2533;0.7528;Qwen 2.5-1.5B
ID_4765080870408661;0.2863;0.2576;0.2000;0.2000;0.2000;0.0270;0.0541;0.1081;0.0330;0.0189;0.7965;2;4;0.0465;0.0377;0.8067;Qwen 2.5-1.5B
ID_4824419385318370;0.3558;0.3351;0.2000;0.3000;0.3000;0.0303;0.0909;0.1818;0.0480;0.2135;0.6678;3;6;0.0766;0.2323;0.6410;Qwen 2.5-1.5B
ID_4940933921005830;0.4441;0.4349;0.6000;0.3000;0.3500;0.0811;0.0811;0.1892;0.0703;0.6154;0.6294;3;7;0.1140;0.7056;0.5653;Qwen 2.5-1.5B
ID_5012323059073352;0.4095;0.4089;0.4000;0.4000;0.4000;0.0625;0.1250;0.2500;0.0854;0.4835;0.6588;4;9;0.1352;0.4945;0.6739;Qwen 2.5-1.5B
ID_5349740107277233;0.2202;0.2806;0.4000;0.3000;0.3000;0.0741;0.1111;0.2222;0.0426;0.2368;0.7277;4;9;0.0786;0.2368;0.7460;Qwen 2.5-1.5B
ID_5379515759830546;0.0000;0.0000;0.0000;0.0000;0.0000;0.0000;0.0000;0.0000;0.0000;0.0040;0.6892;0;0;0.0000;0.0040;0.6658;Qwen 2.5-1.5B
ID_5465930712415985;0.0000;0.0000;0.0000;0.0000;0.0000;0.0000;0.0000;0.0000;0.0000;0.0000;0.3393;0;0;0.0000;0.0000;0.2870;Qwen 2.5-1.5B
ID_5486280310533660;0.7750;0.5782;0.8000;0.8000;0.5000;0.1053;0.2105;0.2632;0.1820;0.4520;0.4944;8;10;0.2254;0.4804;0.6418;Qwen 2.5-1.5B
ID_5605590098640584;0.3751;0.2713;0.8000;0.4000;0.2500;0.1333;0.1333;0.1667;0.1333;0.6019;0.6389;4;7;0.1426;0.6777;0.5784;Qwen 2.5-1.5B
ID_5719239270509869;0.2369;0.1529;0.2000;0.3000;0.1500;0.0179;0.0536;0.0536;0.0172;0.2365;0.6786;3;3;0.0172;0.2365;0.6786;Qwen 2.5-1.5B
ID_5759795720652106;0.2663;0.2968;0.4000;0.4000;0.3000;0.0690;0.1379;0.2069;0.1034;0.2486;0.6721;5;7;0.1364;0.3107;0.6733;Qwen 2.5-1.5B
ID_5822763057370791;0.4632;0.4486;0.6000;0.3000;0.3000;0.1200;0.1200;0.2400;0.1100;0.5055;0.6612;4;7;0.1517;0.5495;0.6497;Qwen 2.5-1.5B
ID_5871402136758674;0.0336;0.0263;0.0000;0.1000;0.0500;0.0000;0.0435;0.0435;0.0048;0.3636;0.7253;1;1;0.0048;0.5636;0.7014;Qwen 2.5-1.5B
ID_5877415967509579;0.0000;0.0000;0.0000;0.0000;0.0000;0.0000;0.0000;0.0000;0.0000;0.0219;0.6778;0;0;0.0000;0.0292;0.7582;Qwen 2.5-1.5B
ID_5942068988379022;0.2184;0.1755;0.6000;0.3000;0.1500;0.1000;0.1000;0.1000;0.1000;0.1640;0.5232;4;4;0.1000;0.2017;0.5371;Qwen 2.5-1.5B
ID_6009627088282581;0.0978;0.0882;0.0000;0.1000;0.1000;0.0000;0.0345;0.0690;0.0057;0.3269;0.6087;3;5;0.0098;0.4615;0.6629;Qwen 2.5-1.5B
ID_6072065135325168;0.0951;0.1010;0.2000;0.1000;0.1000;0.0303;0.0303;0.0606;0.0061;0.0625;0.8211;2;3;0.0116;0.0804;0.7388;Qwen 2.5-1.5B
ID_6170215694392885;0.1550;0.1877;0.0000;0.2000;0.2500;0.0000;0.0606;0.1515;0.0119;0.0601;0.7537;3;7;0.0327;0.0862;0.7545;Qwen 2.5-1.5B
ID_6249814039461102;0.1299;0.1972;0.0000;0.2000;0.2500;0.0000;0.0800;0.2000;0.0124;0.4743;0.8144;2;5;0.0465;0.5441;0.7227;Qwen 2.5-1.5B
ID_6266684004174408;0.1057;0.1011;0.0000;0.2000;0.1500;0.0000;0.0588;0.0882;0.0108;0.2420;0.7258;2;3;0.0154;0.3965;0.7666;Qwen 2.5-1.5B
ID_6286838179330044;0.4441;0.3774;0.6000;0.3000;0.2000;0.1111;0.1111;0.1481;0.0963;0.2149;0.6395;3;4;0.1045;0.2149;0.6438;Qwen 2.5-1.5B
ID_6328263723211152;0.0000;0.0000;0.0000;0.0000;0.0000;0.0000;0.0000;0.0000;0.0000;0.0870;0.7011;0;0;0.0000;0.0870;0.7011;Qwen 2.5-1.5B
ID_6378129193246016;0.6422;0.4528;0.8000;0.5000;0.3000;0.0930;0.1163;0.1395;0.1124;0.2119;0.6284;5;6;0.1240;0.2356;0.6095;Qwen 2.5-1.5B
ID_6425044612146340;0.3839;0.3048;0.8000;0.5000;0.2500;0.1250;0.1562;0.1562;0.1383;0.1416;0.6813;5;6;0.1383;0.2694;0.6654;Qwen 2.5-1.5B
ID_6509414402989975;0.0000;0.0073;0.0000;0.0000;0.0000;0.0000;0.0000;0.0000;0.0000;0.0732;0.8036;0;1;0.0000;0.1789;0.7686;Qwen 2.5-1.5B
ID_6564076531735310;0.0000;0.0000;0.0000;0.0000;0.0000;0.0000;0.0000;0.0000;0.0000;0.0055;0.6754;0;0;0.0000;0.0055;0.7000;Qwen 2.5-1.5B
ID_6631439861070680;0.0000;0.0000;0.0000;0.0000;0.0000;0.0000;0.0000;0.0000;0.0000;0.0101;0.6538;0;0;0.0000;0.0101;0.6604;Qwen 2.5-1.5B
ID_6785547194105600;0.1884;0.2015;0.2000;0.2000;0.2000;0.0455;0.0909;0.1818;0.0303;0.6603;0.3616;2;4;0.0484;0.7033;0.4150;Qwen 2.5-1.5B
ID_6806722604010480;0.5326;0.3602;0.6000;0.4000;0.2500;0.0566;0.0755;0.0943;0.0642;0.3951;0.6228;4;5;0.0720;0.5229;0.6686;Qwen 2.5-1.5B
ID_6912702802413733;0.0000;0.0000;0.0000;0.0000;0.0000;0.0000;0.0000;0.0000;0.0000;0.0045;0.7932;0;0;0.0000;0.0045;0.7442;Qwen 2.5-1.5B
ID_6928187292584643;0.2992;0.2786;0.2000;0.4000;0.2500;0.0588;0.2353;0.2941;0.0796;0.2053;0.5998;4;5;0.0943;0.2450;0.6267;Qwen 2.5-1.5B
ID_7027792126979693;0.3907;0.3475;0.4000;0.4000;0.2500;0.0952;0.1905;0.2381;0.0918;0.3160;0.6057;5;6;0.1051;0.3934;0.6137;Qwen 2.5-1.5B
ID_7233450359051249;0.1488;0.2454;0.2000;0.2000;0.3000;0.0222;0.0444;0.1333;0.0089;0.3261;0.7917;2;6;0.0387;0.3533;0.7608;Qwen 2.5-1.5B
ID_7282243679498643;0.0000;0.0000;0.0000;0.0000;0.0000;0.0000;0.0000;0.0000;0.0000;0.0063;0.6885;0;0;0.0000;0.0126;0.6505;Qwen 2.5-1.5B
ID_7385883792624886;0.5737;0.4671;0.8000;0.5000;0.4500;0.1333;0.1667;0.3000;0.1239;0.6531;0.6719;5;9;0.1841;0.7347;0.6478;Qwen 2.5-1.5B
ID_7436135069574190;0.2973;0.1918;0.4000;0.3000;0.1500;0.0465;0.0698;0.0698;0.0302;0.1351;0.6925;3;3;0.0302;0.1903;0.7410;Qwen 2.5-1.5B
ID_7527179767450432;0.0000;0.0000;0.0000;0.0000;0.0000;0.0000;0.0000;0.0000;0.0000;0.0275;0.5718;0;0;0.0000;0.0421;0.6916;Qwen 2.5-1.5B
ID_7551488096449640;0.4585;0.3804;0.6000;0.4000;0.3500;0.1200;0.1600;0.2800;0.1233;0.0872;0.6408;4;7;0.1647;0.1544;0.6974;Qwen 2.5-1.5B
ID_7581282834093314;0.0000;0.0000;0.0000;0.0000;0.0000;0.0000;0.0000;0.0000;0.0000;0.0054;0.6191;0;0;0.0000;0.0054;0.5978;Qwen 2.5-1.5B
ID_7645565922415708;0.0495;0.1028;0.0000;0.1000;0.1000;0.0000;0.0455;0.0909;0.0051;0.1003;0.7838;2;4;0.0126;0.2111;0.7607;Qwen 2.5-1.5B
ID_7669967284860729;0.4288;0.3569;0.8000;0.4000;0.3500;0.1333;0.1333;0.2333;0.0906;0.6667;0.5706;4;7;0.1220;0.8889;0.6089;Qwen 2.5-1.5B
ID_7884742100487918;0.0000;0.0191;0.0000;0.0000;0.0500;0.0000;0.0000;0.0714;0.0000;0.0153;0.6932;0;1;0.0038;0.2404;0.7321;Qwen 2.5-1.5B
ID_7900399551528003;0.3270;0.2908;0.4000;0.2000;0.2000;0.0667;0.0667;0.1333;0.0500;0.2755;0.6863;3;6;0.0674;0.2985;0.6902;Qwen 2.5-1.5B
ID_8049184468038869;0.6938;0.5234;0.8000;0.6000;0.4000;0.0833;0.1250;0.1667;0.1079;0.1923;0.6777;6;8;0.1329;0.2597;0.6392;Qwen 2.5-1.5B
ID_8220266376719566;0.7156;0.6319;0.8000;0.6000;0.5500;0.0952;0.1429;0.2619;0.1355;0.6308;0.5785;6;11;0.1974;0.6396;0.5643;Qwen 2.5-1.5B
ID_8237569228020224;0.0480;0.1185;0.0000;0.1000;0.1500;0.0000;0.0625;0.1875;0.0069;0.1429;0.6747;2;4;0.0276;0.6429;0.7124;Qwen 2.5-1.5B
ID_8241999499678979;0.0942;0.1891;0.2000;0.1000;0.2500;0.0286;0.0286;0.1429;0.0057;0.1366;0.7949;2;7;0.0318;0.2671;0.7880;Qwen 2.5-1.5B
ID_8243102075060800;0.6457;0.4665;0.8000;0.6000;0.4000;0.0816;0.1224;0.1633;0.1031;0.3260;0.7316;6;8;0.1217;0.4357;0.7192;Qwen 2.5-1.5B
ID_8302605179522059;0.6240;0.5217;0.6000;0.7000;0.4500;0.1154;0.2692;0.3462;0.2176;0.3300;0.5508;7;11;0.2540;0.3445;0.4205;Qwen 2.5-1.5B
ID_8351785832221386;0.4039;0.3814;0.4000;0.4000;0.3500;0.0952;0.1905;0.3333;0.0998;0.5591;0.6808;5;8;0.1619;0.6037;0.6939;Qwen 2.5-1.5B
ID_8391182235603982;0.3432;0.4334;0.6000;0.3000;0.5000;0.0750;0.0750;0.2500;0.0750;0.3678;0.7165;3;10;0.1500;0.5288;0.7375;Qwen 2.5-1.5B
ID_8392547704796029;0.0398;0.1643;0.0000;0.1000;0.1500;0.0000;0.1000;0.3000;0.0167;0.1560;0.8263;1;4;0.0458;0.4014;0.7607;Qwen 2.5-1.5B
ID_8462865850328344;0.0000;0.0000;0.0000;0.0000;0.0000;0.0000;0.0000;0.0000;0.0000;0.0018;0.7413;0;0;0.0000;0.0292;0.7104;Qwen 2.5-1.5B
ID_8463458737785676;0.2973;0.1918;0.4000;0.3000;0.1500;0.0500;0.0750;0.0750;0.0325;0.1856;0.6957;3;3;0.0325;0.1939;0.6683;Qwen 2.5-1.5B
ID_8492376468047417;0.3684;0.3124;0.4000;0.2000;0.1500;0.0952;0.0952;0.1429;0.0952;0.3861;0.6338;3;4;0.1071;0.4290;0.6850;Qwen 2.5-1.5B
ID_8496716957724133;0.6906;0.4932;0.8000;0.6000;0.4000;0.1111;0.1667;0.2222;0.1456;0.4671;0.6303;6;8;0.1681;0.5433;0.6166;Qwen 2.5-1.5B
ID_8546635518344761;0.3590;0.2953;0.8000;0.4000;0.2500;0.1818;0.1818;0.2273;0.1614;0.2639;0.6998;4;5;0.1820;0.2787;0.7440;Qwen 2.5-1.5B
ID_8563794592947521;0.3335;0.2910;0.4000;0.3000;0.2500;0.0645;0.0968;0.1613;0.0645;0.4196;0.5951;3;5;0.0847;0.5313;0.6641;Qwen 2.5-1.5B
ID_8655277884027052;0.0000;0.0000;0.0000;0.0000;0.0000;0.0000;0.0000;0.0000;0.0000;0.0018;0.7470;0;0;0.0000;0.0053;0.7019;Qwen 2.5-1.5B
ID_8721994758453503;0.0850;0.1829;0.2000;0.2000;0.3000;0.0370;0.0741;0.2222;0.0180;0.2183;0.7412;2;6;0.0574;0.5397;0.7113;Qwen 2.5-1.5B
ID_8736721273068415;0.3938;0.3248;0.4000;0.3000;0.2500;0.0476;0.0714;0.1190;0.0468;0.4081;0.7262;3;5;0.0607;0.4159;0.6846;Qwen 2.5-1.5B
ID_8754335906813622;0.8184;0.7086;0.8000;0.8000;0.6500;0.1250;0.2500;0.4062;0.2302;0.2742;0.5336;9;14;0.3486;0.3306;0.6581;Qwen 2.5-1.5B
ID_8814823545159504;0.4349;0.3314;0.8000;0.6000;0.4000;0.1053;0.1579;0.2105;0.1078;0.3300;0.6655;6;8;0.1352;0.3650;0.7066;Qwen 2.5-1.5B
ID_8817420732602033;0.6533;0.4948;0.8000;0.6000;0.4000;0.0816;0.1224;0.1633;0.1099;0.4522;0.7548;6;8;0.1320;0.4696;0.7662;Qwen 2.5-1.5B
ID_8867390850809735;0.0000;0.0355;0.0000;0.0000;0.0500;0.0000;0.0000;0.0357;0.0000;0.0293;0.6803;0;1;0.0024;0.0390;0.6787;Qwen 2.5-1.5B
ID_8903183021436431;0.3054;0.3938;0.2000;0.2000;0.2500;0.0714;0.1429;0.3571;0.0857;0.1453;0.7907;3;6;0.1377;0.2616;0.7206;Qwen 2.5-1.5B
ID_9194357390613404;0.0000;0.1349;0.0000;0.0000;0.1500;0.0000;0.0000;0.1500;0.0000;0.1250;0.8543;0;3;0.0244;0.3125;0.8227;Qwen 2.5-1.5B
ID_9274887847308980;0.0000;0.1087;0.0000;0.0000;0.1000;0.0000;0.0000;0.1429;0.0000;0.0125;0.7035;0;2;0.0146;0.2000;0.7505;Qwen 2.5-1.5B
ID_9342074717900720;0.0269;0.0747;0.0000;0.0000;0.1000;0.0000;0.0000;0.0488;0.0000;0.0932;0.7186;2;5;0.0054;0.1780;0.7235;Qwen 2.5-1.5B
ID_9356303217059472;0.2502;0.1827;0.4000;0.4000;0.2000;0.0690;0.1379;0.1379;0.0670;0.3919;0.6865;5;5;0.0670;0.4111;0.6735;Qwen 2.5-1.5B
ID_9395715443254344;0.5479;0.5269;0.4000;0.6000;0.5000;0.0556;0.1667;0.2778;0.1045;0.1673;0.6379;6;10;0.1687;0.2669;0.6486;Qwen 2.5-1.5B
ID_9513562131313692;0.2835;0.2394;0.4000;0.3000;0.1500;0.1000;0.1500;0.1500;0.0964;0.7619;0.5561;3;5;0.0964;0.8095;0.6116;Qwen 2.5-1.5B
ID_9518540102256518;0.1212;0.2062;0.2000;0.1000;0.2000;0.0435;0.0435;0.1739;0.0145;0.2480;0.6683;2;5;0.0385;0.2920;0.7009;Qwen 2.5-1.5B
ID_9527193250756102;0.2593;0.2775;0.2000;0.3000;0.2500;0.0625;0.1875;0.3125;0.0573;0.6250;0.4699;4;6;0.0894;0.6813;0.4914;Qwen 2.5-1.5B
ID_9703848266137282;0.0000;0.0000;0.0000;0.0000;0.0000;0.0000;0.0000;0.0000;0.0000;0.0360;0.7816;0;0;0.0000;0.0378;0.6912;Qwen 2.5-1.5B
ID_0202840339575079;0.2557;0.3324;0.4000;0.3000;0.2500;0.1538;0.2308;0.3846;0.1442;0.4455;0.4763;3;6;0.1995;0.5644;0.5114;Qwen 2.5-1.5B
ID_0321740024191482;0.1563;0.1431;0.4000;0.2000;0.1500;0.0645;0.0645;0.0968;0.0290;0.0821;0.5896;2;3;0.0339;0.1277;0.6734;Qwen 2.5-1.5B
ID_0565062540207457;0.2634;0.2345;0.2000;0.2000;0.1500;0.0417;0.0833;0.1250;0.0521;0.3333;0.5496;3;4;0.0617;0.4077;0.5820;Qwen 2.5-1.5B
ID_2050094723109880;0.1389;0.1640;0.2000;0.1000;0.1500;0.0294;0.0294;0.0882;0.0147;0.1389;0.6602;1;3;0.0256;0.1558;0.6593;Qwen 2.5-1.5B
ID_2158196443144675;0.7592;0.5296;0.8000;0.8000;0.4500;0.0952;0.1905;0.2143;0.1775;0.6588;0.4997;8;9;0.1970;0.7157;0.6086;Qwen 2.5-1.5B
ID_2160668047976488;0.2358;0.2425;0.4000;0.3000;0.2500;0.0870;0.1304;0.2174;0.0911;0.4453;0.5247;3;5;0.1201;0.6953;0.5598;Qwen 2.5-1.5B
ID_3192797452693362;0.0000;0.0453;0.0000;0.0000;0.0500;0.0000;0.0000;0.0312;0.0000;0.0876;0.7745;0;2;0.0024;0.2500;0.6926;Qwen 2.5-1.5B
ID_4629575839285869;0.6055;0.4577;0.6000;0.5000;0.3500;0.0682;0.1136;0.1591;0.0939;0.5455;0.8063;5;7;0.1103;0.5636;0.7552;Qwen 2.5-1.5B
ID_4747666293431338;0.1068;0.1563;0.0000;0.2000;0.2000;0.0000;0.0870;0.1739;0.0169;0.1230;0.7716;2;4;0.0354;0.2044;0.7167;Qwen 2.5-1.5B
ID_6120952417164903;0.7779;0.6395;0.8000;0.7000;0.5500;0.0702;0.1228;0.1930;0.1116;0.5020;0.6003;7;11;0.1515;0.5115;0.6403;Qwen 2.5-1.5B
ID_6372649810646310;0.1098;0.1102;0.0000;0.2000;0.1500;0.0000;0.0513;0.0769;0.0116;0.1212;0.6952;2;3;0.0186;0.1717;0.6791;Qwen 2.5-1.5B
ID_6723353746838236;0.0636;0.0638;0.2000;0.1000;0.0500;0.0455;0.0455;0.0455;0.0114;0.1458;0.6662;2;4;0.0114;0.2036;0.6528;Qwen 2.5-1.5B
ID_7440413221171078;0.2830;0.2510;0.4000;0.4000;0.3000;0.0417;0.0833;0.1250;0.0359;0.5427;0.7313;4;6;0.0494;0.6985;0.7082;Qwen 2.5-1.5B
ID_7796654028353519;0.0963;0.1781;0.2000;0.3000;0.3000;0.0270;0.0811;0.1622;0.0209;0.0898;0.7715;3;7;0.0463;0.1459;0.7247;Qwen 2.5-1.5B
ID_8187863977340227;0.0000;0.0556;0.0000;0.0000;0.1000;0.0000;0.0000;0.0513;0.0000;0.2843;0.7129;0;2;0.0063;0.3676;0.6557;Qwen 2.5-1.5B
ID_8664169441117482;0.2965;0.3149;0.6000;0.4000;0.4000;0.1154;0.1538;0.3077;0.0744;0.2558;0.7151;4;8;0.1395;0.3256;0.7174;Qwen 2.5-1.5B
ID_3532765293459410;0.4478;0.3511;0.6000;0.4000;0.2500;0.0750;0.1000;0.1250;0.0830;0.4154;0.6366;4;5;0.0896;0.4865;0.6826;Qwen 2.5-1.5B
ID_0715975668333522;0.2240;0.1763;0.4000;0.2000;0.1000;0.0741;0.0741;0.0741;0.0333;0.3568;0.5155;2;2;0.0333;0.3756;0.5222;Qwen 2.5-1.5B
ID_2435447165044085;0.4336;0.3122;0.6000;0.4000;0.2500;0.0625;0.0833;0.1042;0.0576;0.0482;0.6425;4;5;0.0628;0.1009;0.7189;Qwen 2.5-1.5B
ID_4916914753471904;0.5316;0.4496;0.6000;0.3000;0.1500;0.2143;0.2143;0.2143;0.1726;0.3059;0.3878;3;3;0.1726;0.3059;0.3806;Qwen 2.5-1.5B
ID_3537062520522134;0.7668;0.5977;0.6000;0.8000;0.6000;0.0769;0.2051;0.3077;0.1489;0.2957;0.4219;9;13;0.2203;0.3139;0.3441;Qwen 2.5-1.5B
ID_3402075097829969;0.6579;0.6117;0.8000;0.6000;0.6000;0.1333;0.2000;0.4000;0.1600;0.2812;0.4425;6;12;0.2770;0.2917;0.3914;Qwen 2.5-1.5B
ID_3774796917452801;0.3030;0.2920;0.2000;0.3000;0.2000;0.0400;0.1200;0.1600;0.0328;0.3196;0.6441;5;6;0.0461;0.3299;0.5044;Qwen 2.5-1.5B
ID_7057449448661416;0.2403;0.2937;0.2000;0.2000;0.1500;0.1000;0.2000;0.3000;0.0700;0.7716;0.5017;3;4;0.0950;0.8025;0.6034;Qwen 2.5-1.5B
ID_5527724436785061;0.0678;0.1885;0.0000;0.0000;0.2500;0.0000;0.0000;0.2381;0.0000;0.2406;0.6674;4;9;0.0391;0.4866;0.7302;Qwen 2.5-1.5B
ID_7506578377321090;0.4824;0.3395;0.6000;0.6000;0.3500;0.1154;0.2308;0.2692;0.1525;0.2618;0.6090;6;7;0.1717;0.3041;0.6049;Qwen 2.5-1.5B
ID_2346700109498656;0.0000;0.0000;0.0000;0.0000;0.0000;0.0000;0.0000;0.0000;0.0000;0.1623;0.7418;0;0;0.0000;0.1623;0.7418;Qwen 2.5-1.5B
ID_3172179226768630;0.5322;0.3807;0.6000;0.5000;0.3000;0.0750;0.1250;0.1500;0.0872;0.3448;0.5130;6;7;0.0987;0.3793;0.6376;Qwen 2.5-1.5B
ID_6041333024387123;0.4435;0.3977;0.4000;0.3000;0.3000;0.0541;0.0811;0.1622;0.0656;0.4375;0.3503;4;7;0.0959;0.4716;0.3447;Qwen 2.5-1.5B
ID_9002048584203951;0.1334;0.3205;0.2000;0.2000;0.3000;0.0769;0.1538;0.4615;0.0308;0.7703;0.5904;2;6;0.1319;0.8514;0.6211;Qwen 2.5-1.5B
ID_0934428004504955;0.0000;0.0396;0.0000;0.0000;0.0500;0.0000;0.0000;0.0244;0.0000;0.2015;0.6368;0;1;0.0022;0.3080;0.6745;Qwen 2.5-1.5B
ID_2662364620923506;0.3301;0.3544;0.4000;0.2000;0.2000;0.1176;0.1176;0.2353;0.0980;0.5745;0.6209;2;4;0.1284;0.6383;0.6358;Qwen 2.5-1.5B
ID_7645303175022454;0.5630;0.5072;0.4000;0.6000;0.5000;0.0556;0.1667;0.2778;0.1062;0.6575;0.4607;6;10;0.1703;0.7244;0.4943;Qwen 2.5-1.5B
ID_4185521570721716;0.2148;0.1709;0.4000;0.2000;0.1500;0.0800;0.0800;0.1200;0.0333;0.4550;0.7017;3;4;0.0393;0.4845;0.6785;Qwen 2.5-1.5B
ID_0469666950995989;0.8548;0.5900;1.0000;0.9000;0.5000;0.1163;0.2093;0.2326;0.2093;0.5808;0.5406;9;10;0.2287;0.5883;0.5032;Qwen 2.5-1.5B
ID_2929963416385218;0.6137;0.4295;0.6000;0.5000;0.3000;0.0811;0.1351;0.1622;0.1092;0.3457;0.6231;6;7;0.1182;0.3830;0.6828;Qwen 2.5-1.5B
ID_6446047463034654;0.1409;0.1503;0.2000;0.2000;0.2000;0.0294;0.0588;0.1176;0.0143;0.0930;0.6718;4;6;0.0260;0.2420;0.6414;Qwen 2.5-1.5B
ID_3555567955507382;0.2489;0.1606;0.4000;0.2000;0.1000;0.0625;0.0625;0.0625;0.0365;0.0531;0.2641;2;2;0.0365;0.0531;0.2641;Qwen 2.5-1.5B
ID_0925726638062356;0.0943;0.0917;0.2000;0.1000;0.1500;0.0233;0.0233;0.0698;0.0233;0.0087;0.6181;1;3;0.0312;0.0427;0.6666;Qwen 2.5-1.5B
ID_8293766070107110;0.4329;0.2794;0.6000;0.4000;0.2000;0.0714;0.0952;0.0952;0.0646;0.2983;0.3986;4;4;0.0646;0.3153;0.3137;Qwen 2.5-1.5B
ID_2538869394815421;0.3566;0.3764;0.4000;0.2000;0.2000;0.1333;0.1333;0.2667;0.1111;0.2374;0.6640;2;4;0.1450;0.3094;0.6658;Qwen 2.5-1.5B
ID_7426592963217111;0.5638;0.4024;0.8000;0.4000;0.2000;0.1481;0.1481;0.1481;0.1481;0.1473;0.2997;4;4;0.1481;0.1473;0.2997;Qwen 2.5-1.5B
ID_2957078821185186;0.1610;0.1039;0.2000;0.2000;0.1000;0.0417;0.0833;0.0833;0.0197;0.1327;0.7505;2;2;0.0197;0.1549;0.6612;Qwen 2.5-1.5B
ID_5183458350445779;0.4886;0.3487;0.6000;0.4000;0.2000;0.1034;0.1379;0.1379;0.0979;0.1847;0.7211;4;4;0.0979;0.1989;0.7432;Qwen 2.5-1.5B
ID_7216933992248038;0.7722;0.5153;0.8000;0.7000;0.4000;0.1000;0.1750;0.2000;0.1567;0.3372;0.7655;7;8;0.1749;0.3372;0.7901;Qwen 2.5-1.5B
ID_7495729402863374;0.0472;0.0834;0.2000;0.1000;0.1500;0.0250;0.0250;0.0750;0.0083;0.1639;0.7436;1;3;0.0169;0.2295;0.7345;Qwen 2.5-1.5B
ID_9157872297410868;0.1860;0.1358;0.4000;0.2000;0.1000;0.0833;0.0833;0.0833;0.0486;0.0221;0.3496;2;2;0.0486;0.0221;0.3496;Qwen 2.5-1.5B
ID_8807333466702951;0.1473;0.2860;0.4000;0.3000;0.3500;0.0714;0.1071;0.2500;0.0369;0.4805;0.6566;3;7;0.0917;0.5326;0.6778;Qwen 2.5-1.5B
ID_9836776931160228;0.3922;0.3283;0.6000;0.5000;0.3000;0.1667;0.2778;0.3333;0.1568;0.2906;0.6257;5;6;0.1743;0.3248;0.7078;Qwen 2.5-1.5B
ID_7082447037374118;0.3531;0.3507;0.4000;0.6000;0.4000;0.0556;0.1667;0.2222;0.0869;0.4800;0.6799;7;10;0.1124;0.6686;0.6931;Qwen 2.5-1.5B
ID_9140990601961322;0.0721;0.1896;0.2000;0.2000;0.3000;0.0333;0.0667;0.2000;0.0179;0.1781;0.7095;2;6;0.0569;0.2466;0.6940;Qwen 2.5-1.5B
ID_4068903193779093;0.0000;0.1095;0.0000;0.0000;0.1500;0.0000;0.0000;0.1875;0.0000;0.0678;0.6575;0;3;0.0238;0.1017;0.6814;Qwen 2.5-1.5B
ID_8528934713225115;0.1696;0.1094;0.4000;0.2000;0.1000;0.0526;0.0526;0.0526;0.0307;0.2478;0.2958;2;2;0.0307;0.2478;0.2958;Qwen 2.5-1.5B
ID_1686212165863890;0.3779;0.3191;0.8000;0.4000;0.3000;0.1250;0.1250;0.1875;0.1250;0.2169;0.6355;5;7;0.1504;0.2462;0.6720;Qwen 2.5-1.5B
ID_2391615767440759;0.6325;0.5725;0.8000;0.5000;0.4500;0.2000;0.2500;0.4500;0.2317;0.2778;0.4085;5;9;0.3260;0.2963;0.3507;Qwen 2.5-1.5B
ID_6201224121456969;0.4303;0.3498;0.8000;0.6000;0.4000;0.0889;0.1333;0.1778;0.0860;0.5468;0.7255;6;8;0.1091;0.6034;0.7548;Qwen 2.5-1.5B
ID_0251394799200508;0.6547;0.4622;0.8000;0.6000;0.3500;0.1429;0.2143;0.2500;0.1685;0.1570;0.5748;6;7;0.1912;0.1570;0.6525;Qwen 2.5-1.5B
ID_0373061112091020;0.4819;0.3876;0.6000;0.5000;0.3500;0.0769;0.1282;0.1795;0.0784;0.2116;0.6812;5;8;0.1014;0.2457;0.7271;Qwen 2.5-1.5B
ID_8479803539567479;0.3664;0.3123;0.2000;0.3000;0.2000;0.0435;0.1304;0.1739;0.0710;0.3372;0.7745;6;7;0.0868;0.3487;0.7367;Qwen 2.5-1.5B
ID_7729955482153416;0.0663;0.0824;0.0000;0.1000;0.1000;0.0000;0.0323;0.0645;0.0036;0.0601;0.7853;1;2;0.0094;0.1802;0.7960;Qwen 2.5-1.5B
ID_5305326747268396;0.0336;0.0221;0.0000;0.1000;0.0500;0.0000;0.0286;0.0286;0.0048;0.0275;0.7392;1;1;0.0048;0.0275;0.6578;Qwen 2.5-1.5B
ID_0845421586641237;0.1447;0.0934;0.4000;0.2000;0.1000;0.0800;0.0800;0.0800;0.0360;0.0927;0.7158;2;2;0.0360;0.1028;0.7151;Qwen 2.5-1.5B
ID_1324132789176127;0.3863;0.2928;0.8000;0.5000;0.3000;0.1053;0.1316;0.1579;0.1164;0.2907;0.7127;5;7;0.1296;0.3140;0.7362;Qwen 2.5-1.5B
ID_3790201696145434;0.1950;0.1838;0.2000;0.3000;0.2000;0.0385;0.1154;0.1538;0.0610;0.1774;0.7911;3;4;0.0691;0.2264;0.7683;Qwen 2.5-1.5B
ID_4299344810509965;0.5658;0.4951;1.0000;0.6000;0.4500;0.1613;0.1935;0.2903;0.1828;0.1141;0.6518;6;9;0.2411;0.1242;0.6944;Qwen 2.5-1.5B
ID_4897726772361601;0.5265;0.4303;0.8000;0.6000;0.3500;0.1250;0.1875;0.2188;0.1281;0.3723;0.5440;6;8;0.1479;0.3804;0.5604;Qwen 2.5-1.5B
ID_5840732667923853;0.0126;0.0204;0.0000;0.0000;0.0000;0.0000;0.0000;0.0000;0.0000;0.0806;0.7413;1;2;0.0000;0.0905;0.7851;Qwen 2.5-1.5B
ID_6216261423282706;0.5271;0.5209;0.6000;0.4000;0.4500;0.0698;0.0930;0.2093;0.0772;0.2691;0.6637;4;10;0.1286;0.4202;0.6528;Qwen 2.5-1.5B
ID_7181616799746888;0.1473;0.0969;0.6000;0.3000;0.1500;0.1154;0.1154;0.1154;0.0737;0.2058;0.7368;3;3;0.0737;0.2383;0.7501;Qwen 2.5-1.5B
ID_7572366766177648;0.5384;0.4332;0.6000;0.4000;0.3500;0.0667;0.0889;0.1556;0.0778;0.2232;0.6602;4;7;0.1028;0.2789;0.6228;Qwen 2.5-1.5B
ID_8006865596138564;0.0000;0.1598;0.0000;0.0000;0.2000;0.0000;0.0000;0.1538;0.0000;0.1196;0.6594;0;4;0.0232;0.2412;0.6879;Qwen 2.5-1.5B
ID_8318944131166018;0.3005;0.2852;0.2000;0.4000;0.3000;0.0435;0.1739;0.2609;0.0592;0.4852;0.7514;4;6;0.0964;0.5207;0.6998;Qwen 2.5-1.5B
ID_8730904907286096;0.2201;0.1670;0.2000;0.1000;0.1000;0.0400;0.0400;0.0800;0.0400;0.0757;0.6887;1;2;0.0457;0.0940;0.7133;Qwen 2.5-1.5B
ID_8892459126928726;0.3843;0.4449;0.4000;0.3000;0.4500;0.0333;0.0500;0.1500;0.0312;0.1160;0.7207;3;9;0.0758;0.2471;0.6681;Qwen 2.5-1.5B
ID_8971623116160175;0.5813;0.3752;0.8000;0.7000;0.3500;0.0784;0.1373;0.1373;0.1001;0.2361;0.5478;7;7;0.1001;0.2361;0.6395;Qwen 2.5-1.5B
ID_8336765967978370;0.1258;0.1208;0.2000;0.2000;0.1500;0.0323;0.0645;0.0968;0.0233;0.1770;0.6174;2;3;0.0321;0.1770;0.5799;Qwen 2.5-1.5B
ID_5680428710939826;0.3282;0.2343;0.2000;0.2000;0.1000;0.0312;0.0625;0.0625;0.0417;0.2087;0.2846;4;4;0.0417;0.2261;0.3013;Qwen 2.5-1.5B
ID_4692364565124711;0.5609;0.3620;0.6000;0.4000;0.2000;0.0938;0.1250;0.1250;0.1146;0.3561;0.7289;5;5;0.1146;0.3561;0.7145;Qwen 2.5-1.5B
ID_1717412318563908;0.0000;0.0189;0.0000;0.0000;0.0500;0.0000;0.0000;0.0294;0.0000;0.0181;0.6906;0;1;0.0017;0.0453;0.7213;Qwen 2.5-1.5B
ID_7254844415865063;0.0000;0.0329;0.0000;0.0000;0.0500;0.0000;0.0000;0.0312;0.0000;0.0960;0.5951;0;1;0.0016;0.2254;0.6516;Qwen 2.5-1.5B
ID_7797886762703247;0.2773;0.2701;0.4000;0.3000;0.2000;0.0741;0.1111;0.1481;0.0926;0.2393;0.6348;4;8;0.1004;0.3436;0.6715;Qwen 2.5-1.5B
ID_2835093153489923;0.4562;0.3330;0.4000;0.4000;0.2000;0.0909;0.1818;0.1818;0.1167;0.3971;0.6867;6;6;0.1167;0.4080;0.7193;Qwen 2.5-1.5B
ID_0426611082211389;0.5101;0.3292;0.8000;0.4000;0.2000;0.1212;0.1212;0.1212;0.0975;0.0537;0.5407;4;4;0.0975;0.0578;0.4741;Qwen 2.5-1.5B
ID_9071551767043294;0.5334;0.4493;0.4000;0.6000;0.5000;0.0488;0.1463;0.2439;0.0874;0.0990;0.7178;6;10;0.1437;0.2079;0.7059;Qwen 2.5-1.5B
ID_3412816427200150;0.4690;0.3027;0.6000;0.3000;0.1500;0.0652;0.0652;0.0652;0.0652;0.1244;0.7161;3;3;0.0652;0.1345;0.6977;Qwen 2.5-1.5B
ID_1510655084439926;0.3196;0.2433;0.2000;0.1000;0.0500;0.0500;0.0500;0.0500;0.0500;0.2006;0.5975;2;2;0.0500;0.2675;0.6028;Qwen 2.5-1.5B
ID_2918420759847932;0.2796;0.2413;0.4000;0.2000;0.1500;0.0952;0.0952;0.1429;0.0952;0.3452;0.6771;2;3;0.1028;0.3968;0.6371;Qwen 2.5-1.5B
ID_2941335797138677;0.2201;0.1948;0.2000;0.1000;0.0500;0.0769;0.0769;0.0769;0.0769;0.0655;0.6759;1;1;0.0769;0.0835;0.6810;Qwen 2.5-1.5B
ID_3107924103069456;0.1986;0.1282;0.4000;0.3000;0.1500;0.0444;0.0667;0.0667;0.0400;0.1218;0.7579;3;3;0.0400;0.1490;0.7339;Qwen 2.5-1.5B
ID_3828820650816481;0.3149;0.2247;0.4000;0.2000;0.1000;0.0800;0.0800;0.0800;0.0600;0.0327;0.5550;2;2;0.0600;0.0327;0.5550;Qwen 2.5-1.5B
ID_5598322661148873;0.3810;0.3033;0.2000;0.3000;0.2500;0.0312;0.0938;0.1562;0.0476;0.0639;0.6473;5;8;0.0664;0.1065;0.6734;Qwen 2.5-1.5B
ID_6491144323495041;0.2083;0.2069;0.4000;0.3000;0.2500;0.0588;0.0882;0.1471;0.0567;0.0714;0.7440;3;5;0.0752;0.0857;0.7274;Qwen 2.5-1.5B
ID_7233767393471644;0.0843;0.1818;0.0000;0.1000;0.1500;0.0000;0.0909;0.2727;0.0091;0.0647;0.6883;2;5;0.0373;0.0647;0.7105;Qwen 2.5-1.5B
ID_0589484713269268;0.4904;0.3165;0.4000;0.5000;0.2500;0.0667;0.1667;0.1667;0.1185;0.3374;0.6986;5;5;0.1185;0.3468;0.6940;Qwen 2.5-1.5B
ID_2689400605282903;0.0000;0.0507;0.0000;0.0000;0.1000;0.0000;0.0000;0.1250;0.0000;0.0824;0.6480;0;2;0.0148;0.1236;0.6992;Qwen 2.5-1.5B
ID_2815105916715425;0.4441;0.2866;0.6000;0.3000;0.1500;0.0698;0.0698;0.0698;0.0605;0.3320;0.6250;3;3;0.0605;0.3320;0.6250;Qwen 2.5-1.5B
ID_8059432725797514;0.0293;0.0646;0.0000;0.0000;0.0500;0.0000;0.0000;0.0625;0.0000;0.0498;0.7616;2;3;0.0052;0.1838;0.7650;Qwen 2.5-1.5B
ID_6593457386037361;0.0000;0.0390;0.0000;0.0000;0.0500;0.0000;0.0000;0.0500;0.0000;0.0499;0.6825;0;1;0.0026;0.0631;0.6771;Qwen 2.5-1.5B
ID_2153506219894492;0.0000;0.0155;0.0000;0.0000;0.0500;0.0000;0.0000;0.0370;0.0000;0.1320;0.5408;0;1;0.0022;0.1542;0.6023;Qwen 2.5-1.5B
ID_8472079174657098;0.0000;0.0000;0.0000;0.0000;0.0000;0.0000;0.0000;0.0000;0.0000;0.1280;0.6838;0;0;0.0000;0.1570;0.7161;Qwen 2.5-1.5B
ID_1623651835700843;0.3120;0.3021;0.4000;0.3000;0.3000;0.0400;0.0600;0.1200;0.0300;0.2902;0.7105;3;6;0.0466;0.3167;0.6737;Qwen 2.5-1.5B
ID_5373038582397407;0.4597;0.4204;0.4000;0.4000;0.3000;0.0870;0.1739;0.2609;0.1008;0.3547;0.5601;5;7;0.1267;0.3939;0.5426;Qwen 2.5-1.5B
ID_7275057980870698;0.0724;0.1104;0.0000;0.1000;0.1000;0.0000;0.0526;0.1053;0.0088;0.1866;0.6414;4;6;0.0150;0.2042;0.7176;Qwen 2.5-1.5B
ID_8218059267505950;0.3173;0.2497;0.8000;0.4000;0.2000;0.1000;0.1000;0.1000;0.0679;0.1178;0.4160;4;4;0.0679;0.1178;0.4540;Qwen 2.5-1.5B
ID_2018317447324228;0.2430;0.2514;0.4000;0.3000;0.2000;0.1000;0.1500;0.2000;0.0554;0.0350;0.7045;3;5;0.0721;0.0699;0.7705;Qwen 2.5-1.5B
ID_0138378882454566;0.5571;0.5827;0.6000;0.4000;0.3000;0.2500;0.3333;0.5000;0.2444;0.4675;0.6134;4;7;0.2999;0.8117;0.6607;Qwen 2.5-1.5B
ID_0247863649039393;0.5017;0.4041;0.4000;0.4000;0.3000;0.0741;0.1481;0.2222;0.1085;0.0945;0.4019;4;6;0.1438;0.2835;0.5547;Qwen 2.5-1.5B
ID_1511271976880714;0.0122;0.0098;0.0000;0.0000;0.0000;0.0000;0.0000;0.0000;0.0000;0.0667;0.7525;1;1;0.0000;0.0667;0.6876;Qwen 2.5-1.5B
ID_2170299963939072;0.0559;0.0651;0.2000;0.1000;0.1000;0.0500;0.0500;0.1000;0.0167;0.1955;0.6752;1;2;0.0229;0.2849;0.6893;Qwen 2.5-1.5B
ID_3496070172209437;0.4603;0.4050;0.6000;0.5000;0.4000;0.0968;0.1613;0.2581;0.1041;0.2651;0.7168;6;9;0.1503;0.3163;0.7321;Qwen 2.5-1.5B
ID_4038930548278283;0.4531;0.3652;0.4000;0.4000;0.3000;0.0500;0.1000;0.1500;0.0600;0.2194;0.2535;4;6;0.0796;0.2278;0.2441;Qwen 2.5-1.5B
ID_4844986337654168;0.2248;0.2198;0.2000;0.3000;0.2500;0.0286;0.0857;0.1429;0.0234;0.0694;0.6865;3;5;0.0431;0.2679;0.6315;Qwen 2.5-1.5B
ID_7024780289532391;0.3944;0.2754;0.2000;0.5000;0.2500;0.0476;0.2381;0.2381;0.0883;0.1174;0.7229;7;7;0.0883;0.1194;0.7464;Qwen 2.5-1.5B
ID_7109489698613515;0.6332;0.5353;1.0000;0.6000;0.5000;0.1471;0.1765;0.2941;0.1647;0.1967;0.6706;6;10;0.2362;0.2947;0.6517;Qwen 2.5-1.5B
ID_7151870174700608;0.2121;0.1638;0.4000;0.2000;0.1000;0.1000;0.1000;0.1000;0.0583;0.0771;0.6121;2;2;0.0583;0.0771;0.6121;Qwen 2.5-1.5B
ID_7864739127485412;0.0482;0.0419;0.0000;0.1000;0.0500;0.0000;0.0833;0.0833;0.0139;0.1000;0.7269;1;1;0.0139;0.3400;0.7409;Qwen 2.5-1.5B
ID_7998391975397420;0.2566;0.3472;0.4000;0.2000;0.3500;0.0455;0.0455;0.1591;0.0318;0.0520;0.7003;2;7;0.0706;0.0811;0.6849;Qwen 2.5-1.5B
ID_8415872554112911;0.6664;0.4444;0.8000;0.7000;0.4000;0.0833;0.1458;0.1667;0.1267;0.3882;0.6945;7;8;0.1360;0.5197;0.6864;Qwen 2.5-1.5B
ID_9978219072711522;0.3301;0.2356;0.4000;0.2000;0.1000;0.0667;0.0667;0.0667;0.0556;0.0884;0.7401;2;2;0.0556;0.1272;0.7300;Qwen 2.5-1.5B
ID_4010781324120944;0.5366;0.3581;0.4000;0.5000;0.2500;0.0769;0.1923;0.1923;0.1190;0.0403;0.6607;5;6;0.1190;0.0419;0.7452;Qwen 2.5-1.5B
ID_1029892667445223;0.1424;0.2151;0.2000;0.3000;0.3000;0.0333;0.1000;0.2000;0.0322;0.3217;0.7298;4;8;0.0669;0.3580;0.7103;Qwen 2.5-1.5B
ID_1906784092048967;0.2609;0.2429;0.4000;0.3000;0.2500;0.0870;0.1304;0.2174;0.0565;0.1946;0.7145;3;5;0.0825;0.2137;0.6669;Qwen 2.5-1.5B
ID_1468516584214940;0.0407;0.1137;0.0000;0.1000;0.1000;0.0000;0.1111;0.2222;0.0159;0.0953;0.7142;1;2;0.0317;0.1086;0.7354;Qwen 2.5-1.5B
ID_0890857354198687;0.2332;0.2057;0.4000;0.2000;0.1500;0.0645;0.0645;0.0968;0.0645;0.1746;0.6461;2;3;0.0710;0.2063;0.5888;Qwen 2.5-1.5B
ID_4928616387172275;0.3536;0.4139;0.6000;0.4000;0.4500;0.0857;0.1143;0.2571;0.0524;0.1698;0.6388;4;9;0.1265;0.3774;0.6476;Qwen 2.5-1.5B
ID_1008924786363328;0.2879;0.2341;0.4000;0.2000;0.2000;0.0488;0.0488;0.0976;0.0407;0.3398;0.6924;4;6;0.0506;0.3981;0.7247;Qwen 2.5-1.5B
ID_1049734269570870;0.0352;0.1226;0.0000;0.1000;0.2000;0.0000;0.0556;0.2222;0.0069;0.5940;0.6567;1;4;0.0377;0.6767;0.5966;Qwen 2.5-1.5B
ID_1055919327809289;0.3263;0.2747;0.4000;0.3000;0.2000;0.0909;0.1364;0.1818;0.1045;0.6276;0.6932;5;7;0.1185;0.6837;0.6967;Qwen 2.5-1.5B
ID_1065092574463217;0.1001;0.2271;0.0000;0.2000;0.3000;0.0000;0.0800;0.2400;0.0147;0.2568;0.6621;5;10;0.0629;0.4730;0.6446;Qwen 2.5-1.5B
ID_2011798051420211;0.3745;0.3113;0.6000;0.5000;0.3500;0.0638;0.1064;0.1489;0.0683;0.6033;0.4323;5;7;0.0855;0.6446;0.5498;Qwen 2.5-1.5B
ID_4842733764531027;0.4073;0.3210;0.8000;0.4000;0.2500;0.1667;0.1667;0.2083;0.1340;0.2323;0.6302;4;6;0.1501;0.2727;0.7195;Qwen 2.5-1.5B
ID_5379986303796142;0.1576;0.1302;0.2000;0.2000;0.1000;0.0667;0.1333;0.1333;0.0300;0.3406;0.6906;4;4;0.0300;0.4060;0.7253;Qwen 2.5-1.5B
ID_5527372479338852;0.0121;0.0359;0.0000;0.0000;0.0500;0.0000;0.0000;0.0417;0.0000;0.1339;0.6800;1;3;0.0026;0.2720;0.6386;Qwen 2.5-1.5B
ID_5554472337681978;0.0000;0.0000;0.0000;0.0000;0.0000;0.0000;0.0000;0.0000;0.0000;0.0385;0.6247;0;0;0.0000;0.0385;0.6247;Qwen 2.5-1.5B
ID_6055327284413923;0.1637;0.1730;0.4000;0.3000;0.3000;0.0571;0.0857;0.1714;0.0332;0.7143;0.5041;3;6;0.0607;0.7453;0.5605;Qwen 2.5-1.5B
ID_7605544176812022;0.7514;0.6224;1.0000;0.7000;0.3500;0.2941;0.4118;0.4118;0.3903;0.2174;0.4740;8;8;0.3903;0.2174;0.4740;Qwen 2.5-1.5B
ID_7606805059403041;0.7273;0.5445;1.0000;0.8000;0.5000;0.1163;0.1860;0.2326;0.1752;0.2845;0.1721;8;10;0.2097;0.2845;0.1670;Qwen 2.5-1.5B
ID_8391627429679768;0.7020;0.5975;0.8000;0.6000;0.5000;0.1143;0.1714;0.2857;0.1538;0.6000;0.5707;6;10;0.2209;0.6034;0.5445;Qwen 2.5-1.5B
ID_8948444880792780;0.6489;0.4188;1.0000;0.5000;0.2500;0.1515;0.1515;0.1515;0.1515;0.2891;0.5812;5;5;0.1515;0.2944;0.6294;Qwen 2.5-1.5B
ID_3979449149442968;0.4658;0.3917;0.4000;0.4000;0.2000;0.1333;0.2667;0.2667;0.1657;0.3291;0.6853;4;4;0.1657;0.3354;0.7232;Qwen 2.5-1.5B
ID_6046165866539973;0.0492;0.0384;0.0000;0.1000;0.0500;0.0000;0.0625;0.0625;0.0063;0.2176;0.6792;1;1;0.0063;0.2176;0.6839;Qwen 2.5-1.5B
ID_9450460842293932;0.4323;0.3124;0.4000;0.3000;0.2000;0.0625;0.0938;0.1250;0.0759;0.3450;0.6636;3;4;0.0828;0.4347;0.6662;Qwen 2.5-1.5B
ID_0422319714962244;0.4124;0.2662;0.6000;0.4000;0.2000;0.0938;0.1250;0.1250;0.0760;0.2143;0.7164;4;4;0.0760;0.2192;0.7213;Qwen 2.5-1.5B
ID_3718352314610417;0.3667;0.2740;0.4000;0.4000;0.2500;0.0488;0.0976;0.1220;0.0433;0.3936;0.6297;4;5;0.0527;0.4531;0.6873;Qwen 2.5-1.5B
ID_4357242053529029;0.5430;0.3888;0.6000;0.4000;0.2500;0.1304;0.1739;0.2174;0.1370;0.5076;0.5883;6;7;0.1551;0.5229;0.6983;Qwen 2.5-1.5B
ID_8647270006257055;0.3689;0.2997;0.4000;0.3000;0.2500;0.0741;0.1111;0.1852;0.0630;0.1155;0.6142;3;5;0.0862;0.1588;0.6350;Qwen 2.5-1.5B
ID_7420544439193388;0.0772;0.1633;0.0000;0.1000;0.2500;0.0000;0.0345;0.1724;0.0034;0.1339;0.6268;2;7;0.0329;0.3162;0.7173;Qwen 2.5-1.5B
ID_7119886675051877;0.0681;0.1010;0.2000;0.1000;0.1000;0.0833;0.0833;0.1667;0.0208;0.0890;0.7220;2;5;0.0292;0.2651;0.6963;Qwen 2.5-1.5B
ID_6996216192141104;0.0663;0.0898;0.0000;0.1000;0.1000;0.0000;0.0455;0.0909;0.0051;0.0548;0.6327;1;2;0.0107;0.2158;0.6580;Qwen 2.5-1.5B
ID_6327043382765149;0.0897;0.0733;0.0000;0.0000;0.0000;0.0000;0.0000;0.0000;0.0000;0.1807;0.7045;1;1;0.0000;0.2269;0.7177;Qwen 2.5-1.5B
ID_3516498227896709;0.3024;0.2671;0.4000;0.3000;0.2500;0.0625;0.0938;0.1562;0.0437;0.1056;0.7704;3;5;0.0629;0.1833;0.7041;Qwen 2.5-1.5B
ID_0223997495223283;0.5965;0.4619;0.4000;0.6000;0.4000;0.0526;0.1579;0.2105;0.0981;0.5219;0.7382;6;8;0.1310;0.5421;0.7326;Qwen 2.5-1.5B
ID_0291695624884565;0.5424;0.3500;0.6000;0.4000;0.2000;0.0612;0.0816;0.0816;0.0729;0.2124;0.4941;4;4;0.0729;0.2158;0.4819;Qwen 2.5-1.5B
ID_6198328194771800;0.3977;0.4364;0.8000;0.5000;0.4000;0.1905;0.2381;0.3810;0.2074;0.6786;0.6197;5;8;0.2743;0.7321;0.6552;Qwen 2.5-1.5B
ID_1612969183171944;0.2278;0.2168;0.4000;0.2000;0.1500;0.1176;0.1176;0.1765;0.0588;0.1170;0.6551;3;5;0.0699;0.1962;0.6755;Qwen 2.5-1.5B
ID_1132672107627968;0.4925;0.4379;0.8000;0.5000;0.4500;0.1290;0.1613;0.2903;0.1038;0.4370;0.7050;5;9;0.1626;0.4790;0.6849;Qwen 2.5-1.5B
ID_2887736963561252;0.5345;0.3774;0.8000;0.5000;0.3500;0.1212;0.1515;0.2121;0.1465;0.3025;0.6246;5;7;0.1779;0.3613;0.7002;Qwen 2.5-1.5B
ID_8590492866942091;0.0734;0.0837;0.0000;0.1000;0.1000;0.0000;0.0400;0.0800;0.0057;0.0884;0.6985;1;2;0.0114;0.1941;0.7529;Qwen 2.5-1.5B
ID_4936589226816960;0.0000;0.0000;0.0000;0.0000;0.0000;0.0000;0.0000;0.0000;0.0000;0.0730;0.6787;0;0;0.0000;0.0955;0.6768;Qwen 2.5-1.5B
ID_0433763336350310;0.7850;0.5462;0.8000;0.7000;0.4000;0.1379;0.2414;0.2759;0.2264;0.2138;0.7563;7;8;0.2515;0.2382;0.7252;Qwen 2.5-1.5B
ID_2325513222088331;0.0000;0.0176;0.0000;0.0000;0.0500;0.0000;0.0000;0.0476;0.0000;0.0856;0.6096;0;1;0.0032;0.1544;0.6477;Qwen 2.5-1.5B
ID_5571899755175457;0.0000;0.0709;0.0000;0.0000;0.1000;0.0000;0.0000;0.0769;0.0000;0.0086;0.7330;0;2;0.0063;0.6466;0.7962;Qwen 2.5-1.5B
ID_6870958743124961;0.3815;0.3668;0.2000;0.3000;0.3000;0.0256;0.0769;0.1538;0.0438;0.2261;0.7438;4;9;0.0715;0.2951;0.7035;Qwen 2.5-1.5B
ID_4719266902582313;0.3274;0.2681;0.4000;0.3000;0.1500;0.1053;0.1579;0.1579;0.0811;0.2532;0.7259;4;4;0.0811;0.2833;0.7205;Qwen 2.5-1.5B
ID_3256932358053453;0.4728;0.4211;0.8000;0.5000;0.2500;0.3333;0.4167;0.4167;0.3929;0.4233;0.6456;7;8;0.3929;0.4375;0.6697;Qwen 2.5-1.5B
ID_8488895049659124;0.5714;0.4956;0.4000;0.4000;0.2500;0.1000;0.2000;0.2500;0.1536;0.3598;0.4700;5;6;0.1683;0.3598;0.5360;Qwen 2.5-1.5B
ID_7967486980814458;0.5793;0.4223;0.6000;0.5000;0.3500;0.0625;0.1042;0.1458;0.0861;0.5503;0.6782;6;8;0.1015;0.5638;0.7291;Qwen 2.5-1.5B
ID_1422895308009825;0.5469;0.4696;1.0000;0.6000;0.5000;0.1163;0.1395;0.2326;0.1362;0.2306;0.7109;6;10;0.1838;0.3433;0.7417;Qwen 2.5-1.5B
ID_5349557509612483;0.2026;0.2646;0.4000;0.2000;0.2000;0.0714;0.0714;0.1429;0.0357;0.0624;0.7595;2;4;0.0556;0.1039;0.7195;Qwen 2.5-1.5B
ID_2935371042756080;0.3319;0.3037;0.4000;0.4000;0.3500;0.0500;0.1000;0.1750;0.0607;0.4130;0.6133;4;7;0.0943;0.4300;0.6135;Qwen 2.5-1.5B
ID_9973065319516772;0.2240;0.2142;0.4000;0.3000;0.2500;0.0667;0.1000;0.1667;0.0421;0.5154;0.6697;3;5;0.0607;0.6231;0.6808;Qwen 2.5-1.5B
ID_1694260923221276;0.2837;0.2996;0.2000;0.2000;0.3000;0.0303;0.0606;0.1818;0.0364;0.1365;0.6414;2;6;0.0667;0.2349;0.6843;Qwen 2.5-1.5B
ID_5366157471959981;0.0298;0.0204;0.0000;0.1000;0.0500;0.0000;0.0312;0.0312;0.0039;0.1762;0.6509;1;1;0.0039;0.2452;0.6647;Qwen 2.5-1.5B
ID_8886217002903392;0.1299;0.1563;0.0000;0.2000;0.2000;0.0000;0.0645;0.1290;0.0100;0.2414;0.5599;2;4;0.0256;0.3199;0.6360;Qwen 2.5-1.5B
ID_9273702863744424;0.3470;0.3656;0.4000;0.5000;0.4500;0.0526;0.1316;0.2368;0.0617;0.1067;0.6759;5;9;0.1129;0.2442;0.6828;Qwen 2.5-1.5B
ID_0345959348124698;0.1696;0.1334;0.4000;0.2000;0.1000;0.0909;0.0909;0.0909;0.0530;0.3557;0.6146;2;2;0.0530;0.3579;0.6397;Qwen 2.5-1.5B
ID_7363908432737523;0.0000;0.0000;0.0000;0.0000;0.0000;0.0000;0.0000;0.0000;0.0000;0.0636;0.6968;0;0;0.0000;0.0636;0.7024;Qwen 2.5-1.5B
ID_4408599021040004;0.4926;0.4502;0.6000;0.4000;0.3500;0.1200;0.1600;0.2800;0.1278;0.2760;0.6717;5;8;0.1669;0.4499;0.6981;Qwen 2.5-1.5B
ID_0639583185408398;0.7087;0.5481;0.6000;0.7000;0.5000;0.0909;0.2121;0.3030;0.1742;0.5352;0.5938;7;10;0.2359;0.5898;0.6532;Qwen 2.5-1.5B
ID_5420932551635217;0.3432;0.3309;0.6000;0.3000;0.3000;0.0909;0.0909;0.1818;0.0909;0.3268;0.4159;3;6;0.1180;0.3595;0.4315;Qwen 2.5-1.5B
ID_5547874183666459;0.0943;0.0723;0.2000;0.1000;0.0500;0.0455;0.0455;0.0455;0.0455;0.1960;0.6507;1;1;0.0455;0.2138;0.6462;Qwen 2.5-1.5B
ID_2014918752636286;0.2240;0.2944;0.4000;0.2000;0.3000;0.0833;0.0833;0.2500;0.0375;0.1944;0.8008;2;6;0.0943;0.2353;0.7619;Qwen 2.5-1.5B
ID_4568109140874315;0.3873;0.3196;0.4000;0.3000;0.2500;0.0426;0.0638;0.1064;0.0496;0.1563;0.6663;3;5;0.0616;0.2099;0.7261;Qwen 2.5-1.5B
ID_8298199857246323;0.4736;0.3823;0.8000;0.4000;0.2500;0.2000;0.2000;0.2500;0.1608;0.2177;0.6266;5;6;0.1733;0.2313;0.6861;Qwen 2.5-1.5B
ID_0970789513843822;0.4598;0.4071;0.4000;0.4000;0.3500;0.0556;0.1111;0.1944;0.0813;0.6070;0.6413;4;7;0.1176;0.6561;0.6856;Qwen 2.5-1.5B
ID_3059638279617376;0.5304;0.4334;0.4000;0.3000;0.2000;0.1053;0.1579;0.2105;0.1250;0.2136;0.6307;4;5;0.1382;0.3107;0.6263;Qwen 2.5-1.5B
ID_5317385915649516;0.1200;0.0774;0.2000;0.1000;0.0500;0.0192;0.0192;0.0192;0.0064;0.1541;0.4013;2;2;0.0064;0.1553;0.3653;Qwen 2.5-1.5B
ID_6410871756552953;0.1387;0.1929;0.2000;0.2000;0.2500;0.0625;0.1250;0.3125;0.0451;0.4703;0.5049;2;5;0.0897;0.5685;0.5963;Qwen 2.5-1.5B
ID_7943088143954973;0.0000;0.1357;0.0000;0.0000;0.1000;0.0000;0.0000;0.1667;0.0000;0.0747;0.5266;0;3;0.0134;0.3320;0.6699;Qwen 2.5-1.5B
ID_9032973705204320;0.0000;0.0395;0.0000;0.0000;0.0500;0.0000;0.0000;0.0435;0.0000;0.1129;0.7864;0;2;0.0026;0.1720;0.7667;Qwen 2.5-1.5B
ID_5588269274851789;0.0235;0.0167;0.0000;0.0000;0.0000;0.0000;0.0000;0.0000;0.0000;0.3534;0.6728;2;2;0.0000;0.3815;0.6572;Qwen 2.5-1.5B
ID_9217526978424330;0.0000;0.0000;0.0000;0.0000;0.0000;0.0000;0.0000;0.0000;0.0000;0.0796;0.6228;0;0;0.0000;0.1338;0.6543;Qwen 2.5-1.5B
ID_3794477872946546;0.2985;0.2310;0.2000;0.2000;0.1500;0.0385;0.0769;0.1154;0.0513;0.3163;0.4801;2;3;0.0609;0.3333;0.4244;Qwen 2.5-1.5B
ID_2768799008412205;0.1480;0.1719;0.2000;0.1000;0.1500;0.0303;0.0303;0.0909;0.0152;0.1558;0.6188;2;5;0.0253;0.1688;0.6513;Qwen 2.5-1.5B
ID_8219997657167540;0.0663;0.0428;0.0000;0.1000;0.0500;0.0000;0.0286;0.0286;0.0032;0.5691;0.5857;1;1;0.0032;0.5798;0.5594;Qwen 2.5-1.5B
ID_7836545332605210;0.2455;0.3020;0.4000;0.5000;0.4000;0.0833;0.2083;0.3333;0.1054;0.6808;0.5989;5;8;0.1567;0.7818;0.6094;Qwen 2.5-1.5B
ID_8835491732653277;0.2607;0.2370;0.2000;0.1000;0.0500;0.0769;0.0769;0.0769;0.0769;0.1892;0.7958;1;1;0.0769;0.2012;0.7583;Qwen 2.5-1.5B
ID_6207084434110255;0.4842;0.4195;0.6000;0.5000;0.3500;0.1200;0.2000;0.2800;0.1652;0.1330;0.6514;5;7;0.1960;0.2018;0.6519;Qwen 2.5-1.5B
ID_8209219651894646;0.0716;0.0781;0.0000;0.1000;0.0500;0.0000;0.1000;0.1000;0.0111;0.3333;0.7765;1;2;0.0111;0.3905;0.7671;Qwen 2.5-1.5B
ID_3641356939660511;0.1829;0.1592;0.0000;0.3000;0.2000;0.0000;0.1200;0.1600;0.0301;0.4338;0.6563;4;6;0.0390;0.5298;0.7023;Qwen 2.5-1.5B
ID_3355141192938134;0.4706;0.4004;0.6000;0.5000;0.3000;0.1429;0.2381;0.2857;0.1420;0.8047;0.7566;5;6;0.1578;0.8516;0.7040;Qwen 2.5-1.5B
ID_9264997837722900;0.4656;0.3368;0.4000;0.5000;0.3000;0.0465;0.1163;0.1395;0.0736;0.8770;0.6488;5;6;0.0836;0.8890;0.6295;Qwen 2.5-1.5B
ID_5618495903090773;0.3432;0.2579;0.4000;0.3000;0.2000;0.0488;0.0732;0.0976;0.0561;0.3739;0.5760;3;4;0.0631;0.3739;0.6085;Qwen 2.5-1.5B
ID_0916805360400109;0.1438;0.1329;0.4000;0.2000;0.1000;0.1250;0.1250;0.1250;0.0625;0.2928;0.7001;2;4;0.0625;0.4215;0.7431;Qwen 2.5-1.5B
ID_9497366266156796;0.3904;0.3906;0.4000;0.3000;0.3500;0.0741;0.1111;0.2593;0.0899;0.1166;0.3109;3;7;0.1396;0.1393;0.2472;Qwen 2.5-1.5B
ID_6999749984515755;0.3751;0.3289;0.6000;0.4000;0.3000;0.0682;0.0909;0.1364;0.0565;0.2972;0.5285;4;6;0.0705;0.3121;0.6666;Qwen 2.5-1.5B
ID_2554509868510718;0.2806;0.2914;0.4000;0.4000;0.3500;0.0465;0.0930;0.1628;0.0344;0.1079;0.7125;4;7;0.0647;0.1906;0.7665;Qwen 2.5-1.5B
ID_2377601975207604;0.0784;0.0873;0.0000;0.1000;0.1000;0.0000;0.0385;0.0769;0.0064;0.2391;0.6803;1;2;0.0107;0.4239;0.6940;Qwen 2.5-1.5B
ID_7331062615542814;0.4697;0.4013;0.4000;0.5000;0.3000;0.0741;0.1852;0.2222;0.1246;0.1950;0.7903;5;7;0.1431;0.2510;0.7670;Qwen 2.5-1.5B
ID_0384816069731675;0.4509;0.3613;0.6000;0.5000;0.3500;0.0938;0.1562;0.2188;0.1187;0.2933;0.7268;5;7;0.1448;0.4808;0.7304;Qwen 2.5-1.5B
ID_7860759306517929;0.5638;0.3848;0.8000;0.4000;0.2500;0.1026;0.1026;0.1282;0.1026;0.3874;0.6263;4;5;0.1090;0.4482;0.6808;Qwen 2.5-1.5B
ID_5268607684223281;0.3301;0.2213;0.4000;0.2000;0.1000;0.0556;0.0556;0.0556;0.0463;0.1271;0.6583;2;2;0.0463;0.1439;0.6388;Qwen 2.5-1.5B
ID_9523087479617594;0.0000;0.0293;0.0000;0.0000;0.0500;0.0000;0.0000;0.1111;0.0000;0.1456;0.7141;0;1;0.0065;0.2089;0.6661;Qwen 2.5-1.5B
ID_4568229398778798;0.3301;0.2861;0.4000;0.2000;0.2000;0.0588;0.0588;0.1176;0.0490;0.3268;0.5699;2;4;0.0636;0.3463;0.4536;Qwen 2.5-1.5B
ID_2370717228259133;0.5021;0.5635;0.8000;0.5000;0.5000;0.1818;0.2273;0.4545;0.1955;0.1973;0.6723;5;10;0.3221;0.2411;0.6770;Qwen 2.5-1.5B
ID_5500701970351238;0.1396;0.1151;0.0000;0.2000;0.1000;0.0000;0.1667;0.1667;0.0304;0.1099;0.6589;2;2;0.0304;0.2042;0.7029;Qwen 2.5-1.5B
ID_0293321489114247;0.0408;0.0320;0.0000;0.1000;0.0500;0.0000;0.0588;0.0588;0.0065;0.3083;0.6263;1;1;0.0065;0.3308;0.6257;Qwen 2.5-1.5B
ID_4996734160632011;0.3514;0.3322;0.6000;0.3000;0.2500;0.1304;0.1304;0.2174;0.0913;0.2633;0.6798;3;5;0.1130;0.4735;0.7219;Qwen 2.5-1.5B
ID_4394162331037750;0.3958;0.3951;0.4000;0.3000;0.2500;0.1053;0.1579;0.2632;0.0912;0.6962;0.6564;4;7;0.1206;0.7538;0.6414;Qwen 2.5-1.5B
ID_3658669547742426;0.0000;0.0364;0.0000;0.0000;0.0500;0.0000;0.0000;0.0256;0.0000;0.0129;0.7979;0;1;0.0018;0.1455;0.7192;Qwen 2.5-1.5B
ID_9002682113889454;0.1821;0.2036;0.6000;0.3000;0.3000;0.0811;0.0811;0.1622;0.0653;0.2590;0.6835;3;6;0.0905;0.2975;0.7037;Qwen 2.5-1.5B
ID_1324552190537148;0.0883;0.0682;0.0000;0.1000;0.0500;0.0000;0.0526;0.0526;0.0058;0.0597;0.6586;1;1;0.0058;0.0634;0.7419;Qwen 2.5-1.5B
ID_6188875235262429;0.1065;0.0886;0.2000;0.1000;0.0500;0.0667;0.0667;0.0667;0.0133;0.5014;0.6576;1;1;0.0133;0.5393;0.6565;Qwen 2.5-1.5B
ID_2745679186354681;0.4559;0.2942;0.8000;0.4000;0.2000;0.0870;0.0870;0.0870;0.0699;0.1326;0.2370;4;4;0.0699;0.1345;0.2657;Qwen 2.5-1.5B
ID_0762445046640965;0.2201;0.2523;0.2000;0.1000;0.2000;0.0244;0.0244;0.0976;0.0244;0.2047;0.6716;1;4;0.0402;0.3378;0.6712;Qwen 2.5-1.5B
ID_5873636553295704;0.4127;0.3818;0.6000;0.4000;0.3500;0.1111;0.1481;0.2593;0.1296;0.2523;0.6744;4;7;0.1765;0.3191;0.6717;Qwen 2.5-1.5B
ID_6465314260773099;0.3824;0.3239;0.6000;0.5000;0.3500;0.0968;0.1613;0.2258;0.1094;0.1881;0.8068;5;8;0.1334;0.2401;0.7946;Qwen 2.5-1.5B
ID_8892860312621183;0.2048;0.2047;0.4000;0.2000;0.2000;0.0588;0.0588;0.1176;0.0245;0.1802;0.7188;2;4;0.0387;0.2162;0.7054;Qwen 2.5-1.5B
ID_4626372929936792;0.2059;0.2180;0.4000;0.2000;0.1500;0.2000;0.2000;0.3000;0.0900;0.4286;0.7148;3;4;0.1087;0.5286;0.6960;Qwen 2.5-1.5B
ID_9325751411452030;0.3934;0.2539;0.4000;0.3000;0.1500;0.0426;0.0638;0.0638;0.0399;0.2776;0.6391;4;4;0.0399;0.2914;0.6710;Qwen 2.5-1.5B
ID_4470985193764980;0.5624;0.4961;1.0000;0.7000;0.5500;0.1111;0.1556;0.2444;0.1433;0.5830;0.6616;7;11;0.2004;0.6766;0.6504;Qwen 2.5-1.5B
ID_6377288674588197;0.3351;0.2355;1.0000;0.7000;0.4000;0.0862;0.1207;0.1379;0.1112;0.1987;0.6780;7;8;0.1198;0.2212;0.6852;Qwen 2.5-1.5B
ID_7615891473051775;0.0000;0.0000;0.0000;0.0000;0.0000;0.0000;0.0000;0.0000;0.0000;0.0945;0.6333;0;0;0.0000;0.0995;0.6331;Qwen 2.5-1.5B
ID_8238856071147246;0.1374;0.1374;0.2000;0.1000;0.0500;0.1429;0.1429;0.1429;0.0476;0.0811;0.6830;1;1;0.0476;0.1216;0.6447;Qwen 2.5-1.5B
ID_9404945858555096;0.3600;0.3194;0.2000;0.5000;0.2500;0.0769;0.3846;0.3846;0.2082;0.4286;0.6221;6;6;0.2082;0.4412;0.6880;Qwen 2.5-1.5B
ID_1670622312616696;0.2208;0.2474;0.4000;0.2000;0.2000;0.1053;0.1053;0.2105;0.0877;0.1696;0.5833;2;4;0.1122;0.2000;0.5642;Qwen 2.5-1.5B
ID_4581537476491370;0.0122;0.0281;0.0000;0.0000;0.0500;0.0000;0.0000;0.0417;0.0000;0.1795;0.7361;1;3;0.0025;0.3904;0.7694;Qwen 2.5-1.5B
ID_8231471391500358;0.3596;0.2321;0.4000;0.4000;0.2000;0.0444;0.0889;0.0889;0.0533;0.1932;0.6293;4;4;0.0533;0.2216;0.6716;Qwen 2.5-1.5B
ID_8582867831317500;0.4690;0.4459;0.6000;0.3000;0.3500;0.0732;0.0732;0.1707;0.0732;0.1334;0.6254;3;7;0.1088;0.2124;0.6966;Qwen 2.5-1.5B
ID_2762761928704612;0.3347;0.3212;0.4000;0.2000;0.2500;0.0385;0.0385;0.0962;0.0288;0.0929;0.7409;3;6;0.0434;0.3854;0.7449;Qwen 2.5-1.5B
ID_3794241680729178;0.4663;0.4596;0.4000;0.4000;0.4000;0.0800;0.1600;0.3200;0.0928;0.1290;0.6332;5;9;0.1708;0.2074;0.6600;Qwen 2.5-1.5B
ID_5472512244993546;0.1027;0.2146;0.2000;0.2000;0.2500;0.0294;0.0588;0.1471;0.0124;0.0806;0.7827;2;6;0.0343;0.1169;0.7593;Qwen 2.5-1.5B
ID_1325247019367288;0.3590;0.2905;0.4000;0.2000;0.1000;0.0952;0.0952;0.0952;0.0952;0.2096;0.5847;2;2;0.0952;0.2141;0.5743;Qwen 2.5-1.5B
ID_0447165000513961;0.0808;0.0604;0.2000;0.2000;0.1000;0.0345;0.0690;0.0690;0.0230;0.2000;0.4878;2;2;0.0230;0.2080;0.4850;Qwen 2.5-1.5B
ID_5168806776816009;0.1248;0.2322;0.0000;0.2000;0.3500;0.0000;0.0465;0.1628;0.0076;0.2815;0.6848;3;8;0.0411;0.3271;0.6942;Qwen 2.5-1.5B
ID_1930698807457777;0.5080;0.5084;0.4000;0.3000;0.2000;0.1667;0.2500;0.3333;0.1528;0.1538;0.6669;6;7;0.1784;0.1538;0.6446;Qwen 2.5-1.5B
ID_9479420856670926;0.2590;0.2286;0.2000;0.1000;0.0500;0.1111;0.1111;0.1111;0.0556;0.1261;0.6615;1;1;0.0556;0.1701;0.6862;Qwen 2.5-1.5B
ID_3386857761295187;0.3421;0.3077;0.4000;0.3000;0.2000;0.1111;0.1667;0.2222;0.1000;0.4229;0.6219;3;5;0.1111;0.4833;0.6863;Qwen 2.5-1.5B
ID_5582765254731004;0.1732;0.1622;0.2000;0.2000;0.2000;0.0222;0.0444;0.0889;0.0130;0.4798;0.6675;2;4;0.0230;0.5719;0.7037;Qwen 2.5-1.5B
ID_9529870514669368;0.8107;0.6652;1.0000;0.6000;0.3000;0.2778;0.3333;0.3333;0.3194;0.2808;0.5941;6;7;0.3194;0.2962;0.6330;Qwen 2.5-1.5B
ID_3319303431365448;0.4690;0.3027;0.6000;0.3000;0.1500;0.0811;0.0811;0.0811;0.0811;0.2071;0.0289;3;3;0.0811;0.2071;0.0289;Qwen 2.5-1.5B
ID_7552747227876113;0.3140;0.2524;0.4000;0.2000;0.1000;0.0800;0.0800;0.0800;0.0560;0.3419;0.7377;5;5;0.0560;0.3533;0.7233;Qwen 2.5-1.5B
ID_9430398566741698;0.1389;0.1769;0.2000;0.1000;0.2000;0.0333;0.0333;0.1333;0.0167;0.1967;0.6884;1;4;0.0352;0.3561;0.7146;Qwen 2.5-1.5B
ID_6682919653508224;0.5539;0.4267;0.6000;0.5000;0.3500;0.1250;0.2083;0.2917;0.1659;0.7517;0.7438;5;7;0.1991;0.7793;0.7460;Qwen 2.5-1.5B
ID_8886634592087842;0.4087;0.2802;0.4000;0.3000;0.2000;0.0769;0.1154;0.1538;0.0785;0.3892;0.7406;4;5;0.0913;0.4042;0.7471;Qwen 2.5-1.5B
ID_2364470149264554;0.3191;0.2957;0.2000;0.4000;0.3000;0.0357;0.1429;0.2143;0.0753;0.4683;0.6482;4;6;0.1058;0.4746;0.6367;Qwen 2.5-1.5B
ID_4762940910820774;0.1538;0.2503;0.4000;0.2000;0.3500;0.0667;0.0667;0.2333;0.0667;0.5412;0.7710;2;7;0.1226;0.7423;0.7345;Qwen 2.5-1.5B
ID_1050709055776428;0.6429;0.4674;1.0000;0.6000;0.4000;0.1562;0.1875;0.2500;0.1830;0.3312;0.6666;6;8;0.2196;0.3563;0.6430;Qwen 2.5-1.5B
ID_6472062816736936;0.7066;0.5560;0.8000;0.6000;0.4500;0.0816;0.1224;0.1837;0.1115;0.6594;0.6125;6;9;0.1382;0.7275;0.6092;Qwen 2.5-1.5B
ID_6418711808050575;0.1301;0.2189;0.2000;0.2000;0.3000;0.0417;0.0833;0.2500;0.0202;0.3165;0.7349;3;8;0.0721;0.4604;0.7278;Qwen 2.5-1.5B
ID_7541486051032916;0.0982;0.1209;0.2000;0.1000;0.1000;0.0370;0.0370;0.0741;0.0074;0.3991;0.6463;4;5;0.0136;0.5151;0.6662;Qwen 2.5-1.5B
ID_4602221579308599;0.2999;0.1935;0.4000;0.3000;0.1500;0.0690;0.1034;0.1034;0.0460;0.1105;0.6545;3;3;0.0460;0.1105;0.6832;Qwen 2.5-1.5B
ID_5936682335701497;0.3149;0.2440;0.4000;0.2000;0.1000;0.1053;0.1053;0.1053;0.0789;0.1932;0.7097;2;2;0.0789;0.2159;0.7359;Qwen 2.5-1.5B
ID_7279612728721005;0.1299;0.2495;0.0000;0.2000;0.2500;0.0000;0.1053;0.2632;0.0164;0.5398;0.6228;2;5;0.0634;0.6726;0.6595;Qwen 2.5-1.5B
ID_0204571709680830;0.0314;0.0866;0.0000;0.1000;0.1500;0.0000;0.0303;0.0909;0.0043;0.2247;0.7322;1;3;0.0125;0.3546;0.7429;Qwen 2.5-1.5B
ID_8423282472108016;0.2614;0.2071;0.4000;0.3000;0.2000;0.0588;0.0882;0.1176;0.0314;0.1655;0.6119;3;4;0.0412;0.1952;0.6674;Qwen 2.5-1.5B
ID_7698857382467031;0.1550;0.2427;0.2000;0.1000;0.2000;0.0769;0.0769;0.3077;0.0256;0.1422;0.7295;3;6;0.0703;0.1600;0.7475;Qwen 2.5-1.5B
ID_8819255631696337;0.4381;0.3448;0.6000;0.4000;0.2000;0.1429;0.1905;0.1905;0.1510;0.1586;0.7493;5;5;0.1510;0.2690;0.7261;Qwen 2.5-1.5B
ID_7999725101052805;0.4467;0.3578;0.8000;0.4000;0.2000;0.1600;0.1600;0.1600;0.1600;0.3938;0.6811;4;5;0.1600;0.3938;0.6838;Qwen 2.5-1.5B
ID_7754712826522774;0.2640;0.2248;0.2000;0.2000;0.1000;0.0667;0.1333;0.1333;0.0467;0.3924;0.6502;4;4;0.0467;0.3993;0.6776;Qwen 2.5-1.5B
ID_7316338454902623;0.5056;0.4235;0.6000;0.4000;0.2000;0.1875;0.2500;0.2500;0.1823;0.1695;0.6120;5;6;0.1823;0.2008;0.6563;Qwen 2.5-1.5B
ID_2543067198319684;0.3301;0.2601;0.4000;0.2000;0.1500;0.0909;0.0909;0.1364;0.0758;0.2020;0.6145;2;3;0.0826;0.2993;0.4832;Qwen 2.5-1.5B
ID_7532334620264577;0.1993;0.1311;0.4000;0.3000;0.1500;0.0714;0.1071;0.1071;0.0551;0.2842;0.6504;3;3;0.0551;0.2975;0.6772;Qwen 2.5-1.5B
ID_2248201275641475;0.1308;0.0955;0.4000;0.2000;0.1000;0.0606;0.0606;0.0606;0.0424;0.0235;0.6140;2;2;0.0424;0.0353;0.6925;Qwen 2.5-1.5B
ID_6601047915062407;0.2644;0.2325;0.2000;0.3000;0.2000;0.0476;0.1429;0.1905;0.0433;0.1653;0.6833;4;5;0.0606;0.2782;0.6926;Qwen 2.5-1.5B
ID_6310868104861653;0.3824;0.3640;0.6000;0.4000;0.3500;0.0833;0.1111;0.1944;0.0556;0.2268;0.5257;4;8;0.0890;0.3048;0.5354;Qwen 2.5-1.5B
ID_6555511233950866;0.1376;0.1302;0.2000;0.2000;0.1000;0.0625;0.1250;0.1250;0.0250;0.2691;0.5053;3;5;0.0250;0.3353;0.4572;Qwen 2.5-1.5B
ID_1357061371579771;0.1329;0.0891;0.2000;0.2000;0.1000;0.0312;0.0625;0.0625;0.0246;0.0544;0.6736;2;2;0.0246;0.0760;0.6910;Qwen 2.5-1.5B
ID_8800482045346370;0.4106;0.3381;0.6000;0.4000;0.2000;0.1667;0.2222;0.2222;0.1713;0.1455;0.6108;4;4;0.1713;0.1636;0.5903;Qwen 2.5-1.5B
ID_2694197910478313;0.0694;0.1264;0.0000;0.1000;0.2000;0.0000;0.0294;0.1176;0.0037;0.1909;0.7387;1;4;0.0182;0.2230;0.7293;Qwen 2.5-1.5B
ID_5428410587250830;0.7116;0.4679;0.8000;0.6000;0.3000;0.2000;0.3000;0.3000;0.2792;0.0896;0.6616;6;6;0.2792;0.1045;0.6903;Qwen 2.5-1.5B
ID_5839835671483987;0.1212;0.1581;0.2000;0.1000;0.1500;0.0500;0.0500;0.1500;0.0167;0.2571;0.6738;2;4;0.0323;0.3756;0.6773;Qwen 2.5-1.5B
ID_5911570002355863;0.2985;0.1926;0.2000;0.2000;0.1000;0.0233;0.0465;0.0465;0.0310;0.3438;0.3812;2;2;0.0310;0.3438;0.3416;Qwen 2.5-1.5B
ID_6535298436643783;0.0785;0.0686;0.0000;0.1000;0.0500;0.0000;0.0385;0.0385;0.0043;0.0846;0.6959;1;2;0.0043;0.1077;0.6668;Qwen 2.5-1.5B
ID_0228970585981305;0.1312;0.1507;0.2000;0.2000;0.1500;0.0500;0.1000;0.1500;0.0292;0.4511;0.5171;3;4;0.0392;0.5000;0.5167;Qwen 2.5-1.5B
ID_6786625245467484;0.2683;0.2981;0.2000;0.2000;0.2500;0.0476;0.0952;0.2381;0.0582;0.3860;0.7918;3;6;0.0958;0.4743;0.7849;Qwen 2.5-1.5B
ID_0577007377836185;0.5885;0.3854;0.8000;0.5000;0.2500;0.1053;0.1316;0.1316;0.1066;0.2553;0.7061;5;6;0.1066;0.3191;0.6891;Qwen 2.5-1.5B
ID_0668341723493631;0.1665;0.1587;0.4000;0.4000;0.3000;0.0357;0.0714;0.1071;0.0364;0.5636;0.7321;4;6;0.0495;0.5818;0.6929;Qwen 2.5-1.5B
ID_2280062846829854;0.7564;0.6315;0.6000;0.7000;0.5500;0.1034;0.2414;0.3793;0.2037;0.3825;0.6889;7;11;0.2921;0.4789;0.7333;Qwen 2.5-1.5B
ID_0382135664206404;0.2903;0.2640;0.4000;0.4000;0.3000;0.0690;0.1379;0.2069;0.0588;0.4208;0.6082;4;7;0.0870;0.4257;0.6809;Qwen 2.5-1.5B
ID_1635197498453054;0.3135;0.3437;0.2000;0.3000;0.3500;0.0312;0.0938;0.2188;0.0484;0.2775;0.6212;3;7;0.0941;0.3379;0.6339;Qwen 2.5-1.5B
ID_2691497637313274;0.1182;0.1340;0.2000;0.3000;0.2500;0.0204;0.0612;0.1020;0.0222;0.1818;0.7117;3;6;0.0352;0.1818;0.6255;Qwen 2.5-1.5B
ID_3192535148881095;0.5028;0.5528;0.6000;0.4000;0.4500;0.1304;0.1739;0.3913;0.1275;0.6700;0.5168;5;10;0.2286;0.7094;0.6075;Qwen 2.5-1.5B
ID_6233411996499255;0.3074;0.2328;0.6000;0.4000;0.3000;0.0714;0.0952;0.1429;0.0813;0.7353;0.6567;4;6;0.0980;0.7559;0.6498;Qwen 2.5-1.5B
ID_8921922898103482;0.0734;0.0536;0.0000;0.1000;0.0500;0.0000;0.0323;0.0323;0.0046;0.0807;0.6658;1;1;0.0046;0.1059;0.6734;Qwen 2.5-1.5B
ID_8302650734477213;0.4272;0.2917;0.4000;0.5000;0.3000;0.0769;0.1923;0.2308;0.0874;0.4771;0.6158;5;6;0.1052;0.5725;0.5611;Qwen 2.5-1.5B
ID_3306508070151070;0.1100;0.0866;0.2000;0.1000;0.0500;0.0400;0.0400;0.0400;0.0133;0.5604;0.6157;1;1;0.0133;0.5861;0.5790;Qwen 2.5-1.5B
ID_8901320181295016;0.3052;0.2954;0.4000;0.2000;0.2000;0.0769;0.0769;0.1538;0.0538;0.5462;0.7382;2;4;0.0708;0.5896;0.7161;Qwen 2.5-1.5B
ID_9787209999258590;0.3652;0.3676;0.6000;0.4000;0.3000;0.1579;0.2105;0.3158;0.1719;0.3563;0.7175;4;6;0.2164;0.4717;0.7333;Qwen 2.5-1.5B
ID_6806598641626508;0.2844;0.3893;0.4000;0.5000;0.5000;0.0741;0.1852;0.3704;0.0920;0.3608;0.4940;7;12;0.1819;0.4233;0.5607;Qwen 2.5-1.5B
ID_7690248628577122;0.4441;0.3548;0.6000;0.3000;0.2500;0.0909;0.0909;0.1515;0.0788;0.2825;0.6627;3;5;0.0948;0.3234;0.6684;Qwen 2.5-1.5B
ID_4361220072322558;0.2723;0.3019;0.6000;0.4000;0.4000;0.0938;0.1250;0.2500;0.0887;0.2327;0.6732;4;9;0.1385;0.3376;0.6938;Qwen 2.5-1.5B
ID_7106998317216646;0.3991;0.2984;0.6000;0.4000;0.2000;0.1304;0.1739;0.1739;0.1058;0.0844;0.7725;5;5;0.1058;0.1117;0.7639;Qwen 2.5-1.5B
ID_4175509016219914;0.1793;0.2163;0.0000;0.3000;0.3500;0.0000;0.0938;0.2188;0.0259;0.1557;0.7155;3;7;0.0675;0.2862;0.7140;Qwen 2.5-1.5B
ID_4210289862552350;0.0784;0.1379;0.0000;0.1000;0.2000;0.0000;0.0333;0.1333;0.0056;0.1241;0.6417;1;4;0.0229;0.2631;0.6149;Qwen 2.5-1.5B
ID_6167112361623319;0.3430;0.2961;0.4000;0.4000;0.3000;0.0606;0.1212;0.1818;0.0931;0.3263;0.7050;4;6;0.1101;0.4632;0.7120;Qwen 2.5-1.5B
ID_0863139085649116;0.3943;0.3647;0.2000;0.2000;0.1000;0.0909;0.1818;0.1818;0.1136;0.3056;0.4957;2;4;0.1136;0.5023;0.5961;Qwen 2.5-1.5B
ID_0412902005436369;0.3079;0.2302;0.6000;0.3000;0.1500;0.1071;0.1071;0.1071;0.0863;0.4125;0.6045;3;3;0.0863;0.4333;0.6187;Qwen 2.5-1.5B
ID_0564459901385144;0.0648;0.0611;0.0000;0.1000;0.1000;0.0000;0.0370;0.0741;0.0053;0.4295;0.6609;3;4;0.0120;0.5148;0.6479;Qwen 2.5-1.5B
ID_3888832724995864;0.1538;0.2578;0.4000;0.2000;0.3500;0.0714;0.0714;0.2500;0.0714;0.0413;0.7457;2;7;0.1268;0.6159;0.7131;Qwen 2.5-1.5B
ID_6408169127073219;0.0663;0.0521;0.0000;0.1000;0.0500;0.0000;0.0400;0.0400;0.0044;0.1429;0.6188;1;1;0.0044;0.1872;0.6513;Qwen 2.5-1.5B
ID_2097340857065853;0.4152;0.3220;0.4000;0.5000;0.3500;0.0741;0.1852;0.2593;0.0999;0.2811;0.6698;5;8;0.1276;0.3405;0.7093;Qwen 2.5-1.5B
ID_2559066882962466;0.0599;0.1886;0.0000;0.0000;0.1000;0.0000;0.0000;0.2857;0.0000;0.2494;0.5761;2;5;0.0243;0.3139;0.7023;Qwen 2.5-1.5B
ID_3720190068644174;0.2259;0.2843;0.2000;0.4000;0.4000;0.0357;0.1429;0.2857;0.0504;0.3527;0.5779;7;11;0.1113;0.4548;0.5989;Qwen 2.5-1.5B
ID_1870389730408675;0.5667;0.3822;0.6000;0.5000;0.3000;0.0909;0.1515;0.1818;0.1251;0.1048;0.5770;5;6;0.1402;0.1492;0.5052;Qwen 2.5-1.5B
ID_2888737036015916;0.6162;0.5249;0.8000;0.6000;0.3000;0.2500;0.3750;0.3750;0.3396;0.1907;0.6848;6;7;0.3396;0.2076;0.6859;Qwen 2.5-1.5B
ID_5633763429024541;0.2083;0.3180;0.0000;0.3000;0.4000;0.0000;0.0769;0.2051;0.0177;0.3106;0.6972;3;8;0.0726;0.3540;0.6454;Qwen 2.5-1.5B
ID_8047078292358267;0.0000;0.0000;0.0000;0.0000;0.0000;0.0000;0.0000;0.0000;0.0000;0.0203;0.1511;0;0;0.0000;0.0203;0.1511;Qwen 2.5-1.5B
ID_2934031372127516;0.3680;0.2570;0.4000;0.2000;0.1000;0.0769;0.0769;0.0769;0.0769;0.3395;0.7377;3;3;0.0769;0.3500;0.7417;Qwen 2.5-1.5B
ID_0961955935523938;0.2048;0.1322;0.4000;0.2000;0.1000;0.0541;0.0541;0.0541;0.0225;0.0647;0.6125;2;2;0.0225;0.0647;0.6272;Qwen 2.5-1.5B
ID_1747170505344631;0.6321;0.4079;0.8000;0.7000;0.3500;0.0690;0.1207;0.1207;0.0827;0.3815;0.6172;7;7;0.0827;0.3815;0.5991;Qwen 2.5-1.5B
ID_4961539278604455;0.2851;0.2756;0.4000;0.4000;0.4500;0.0417;0.0833;0.1875;0.0479;0.4233;0.6151;4;9;0.0885;0.4367;0.6697;Qwen 2.5-1.5B
ID_0162059400153020;0.3785;0.3526;0.4000;0.3000;0.3000;0.0426;0.0638;0.1277;0.0383;0.3385;0.5872;3;6;0.0600;0.5084;0.6399;Qwen 2.5-1.5B
ID_3613722593784448;0.0851;0.0818;0.2000;0.1000;0.0500;0.0769;0.0769;0.0769;0.0154;0.0226;0.6574;1;2;0.0154;0.0346;0.7054;Qwen 2.5-1.5B
ID_0094007714707651;0.5541;0.3949;0.8000;0.4000;0.2500;0.1053;0.1053;0.1316;0.1000;0.5921;0.5569;4;5;0.1101;0.5921;0.3903;Qwen 2.5-1.5B
ID_6501120313475077;0.3836;0.3202;0.4000;0.3000;0.2000;0.1053;0.1579;0.2105;0.1000;0.1250;0.6941;3;6;0.1140;0.1775;0.6876;Qwen 2.5-1.5B
ID_5373491670322208;0.0663;0.0918;0.0000;0.1000;0.1500;0.0000;0.0263;0.0789;0.0029;0.4811;0.6748;1;3;0.0106;0.5265;0.6642;Qwen 2.5-1.5B
ID_4041211770858318;0.0163;0.0131;0.0000;0.0000;0.0000;0.0000;0.0000;0.0000;0.0000;0.3212;0.5422;1;1;0.0000;0.4482;0.7021;Qwen 2.5-1.5B
ID_8696858608013659;0.2796;0.3170;0.4000;0.2000;0.3000;0.0645;0.0645;0.1935;0.0645;0.2120;0.7190;2;6;0.1042;0.2544;0.7089;Qwen 2.5-1.5B
ID_2137955582623291;0.1389;0.0896;0.2000;0.1000;0.0500;0.0250;0.0250;0.0250;0.0125;0.2329;0.6242;1;1;0.0125;0.3106;0.6269;Qwen 2.5-1.5B
ID_2538824540800669;0.5387;0.5081;0.6000;0.4000;0.3000;0.1579;0.2105;0.3158;0.1842;0.2941;0.6778;4;6;0.2267;0.3431;0.7051;Qwen 2.5-1.5B
ID_7686768230673663;0.2454;0.2225;0.4000;0.2000;0.1500;0.0513;0.0513;0.0769;0.0513;0.1032;0.6726;3;4;0.0577;0.1904;0.6991;Qwen 2.5-1.5B
ID_8884890472193474;0.3012;0.4044;0.4000;0.3000;0.3000;0.1667;0.2500;0.5000;0.0861;0.4000;0.7195;4;8;0.1719;0.4286;0.7004;Qwen 2.5-1.5B
ID_0996374647319169;0.2819;0.3723;0.4000;0.2000;0.2500;0.1538;0.1538;0.3846;0.1538;0.3675;0.6381;4;8;0.2077;0.4209;0.6502;Qwen 2.5-1.5B
ID_4393307698703691;0.2779;0.3366;0.2000;0.2000;0.2500;0.0526;0.1053;0.2632;0.0632;0.2800;0.5290;3;6;0.1000;0.5067;0.5888;Qwen 2.5-1.5B
ID_4735276653354808;0.3388;0.3549;0.4000;0.5000;0.3500;0.1111;0.2778;0.3889;0.1602;0.4281;0.6211;5;8;0.2123;0.4652;0.5859;Qwen 2.5-1.5B
ID_8858800699425352;0.5713;0.6525;0.8000;0.7000;0.6500;0.1379;0.2414;0.4483;0.2135;0.4534;0.6823;7;15;0.3638;0.6472;0.6381;Qwen 2.5-1.5B
ID_8393091904397047;0.2064;0.2616;0.0000;0.3000;0.3000;0.0000;0.1500;0.3000;0.0346;0.6809;0.7005;3;6;0.0862;0.8404;0.6618;Qwen 2.5-1.5B
ID_0654750186618555;0.5745;0.4112;1.0000;0.6000;0.3500;0.1786;0.2143;0.2500;0.2024;0.5923;0.6086;6;7;0.2155;0.6094;0.6786;Qwen 2.5-1.5B
ID_7821202163306775;0.2702;0.2467;0.2000;0.2000;0.2000;0.0526;0.1053;0.2105;0.0643;0.1589;0.6535;4;6;0.0898;0.2243;0.6693;Qwen 2.5-1.5B
ID_1966638146185479;0.5200;0.3541;0.6000;0.4000;0.2000;0.1034;0.1379;0.1379;0.1102;0.5141;0.6924;4;5;0.1102;0.5141;0.6271;Qwen 2.5-1.5B
ID_9670001528699130;0.5948;0.4486;1.0000;0.5000;0.3500;0.1786;0.1786;0.2500;0.1786;0.4259;0.7061;5;7;0.2060;0.5483;0.6689;Qwen 2.5-1.5B
ID_6751513272539561;0.0920;0.0934;0.0000;0.2000;0.1500;0.0000;0.0741;0.1111;0.0115;0.1399;0.8185;2;3;0.0181;0.3257;0.8005;Qwen 2.5-1.5B
ID_2529689139869418;0.1584;0.1872;0.2000;0.2000;0.2500;0.0227;0.0455;0.1136;0.0102;0.1839;0.6448;2;5;0.0275;0.3174;0.6972;Qwen 2.5-1.5B
ID_3413970389346369;0.2162;0.1978;0.2000;0.2000;0.1500;0.0588;0.1176;0.1765;0.0784;0.3376;0.6365;3;4;0.0945;0.3885;0.6640;Qwen 2.5-1.5B
ID_4655532473617635;0.5919;0.4389;0.6000;0.5000;0.3500;0.1200;0.2000;0.2800;0.1557;0.3236;0.5821;5;8;0.1916;0.3508;0.5860;Qwen 2.5-1.5B
ID_8401671962644482;0.0612;0.0446;0.0000;0.1000;0.0500;0.0000;0.0303;0.0303;0.0038;0.1748;0.7901;2;3;0.0038;0.2124;0.7648;Qwen 2.5-1.5B
ID_0398100561592326;0.5942;0.4571;0.6000;0.6000;0.4000;0.0588;0.1176;0.1569;0.0858;0.4068;0.6322;6;8;0.1075;0.4845;0.6201;Qwen 2.5-1.5B
ID_8333591932027056;0.1795;0.3188;0.2000;0.2000;0.4000;0.0312;0.0625;0.2500;0.0182;0.6087;0.7398;2;8;0.0759;0.6770;0.6754;Qwen 2.5-1.5B
ID_2194175558834284;0.3500;0.3841;0.2000;0.3000;0.3500;0.0345;0.1034;0.2414;0.0525;0.2164;0.7197;3;7;0.1037;0.2222;0.5690;Qwen 2.5-1.5B
ID_3769826743537934;0.4924;0.4028;0.6000;0.6000;0.4000;0.0857;0.1714;0.2286;0.1114;0.3111;0.6602;6;10;0.1456;0.4111;0.7136;Qwen 2.5-1.5B
ID_3989136572460030;0.3392;0.2700;0.6000;0.3000;0.1500;0.1579;0.1579;0.1579;0.1447;0.3640;0.2135;4;4;0.1447;0.3640;0.2077;Qwen 2.5-1.5B
ID_0883514984489904;0.1246;0.1011;0.2000;0.2000;0.1000;0.0667;0.1333;0.1333;0.0467;0.3372;0.6019;2;2;0.0467;0.3372;0.6201;Qwen 2.5-1.5B
ID_5783141369706484;0.3589;0.4397;1.0000;0.5000;0.4500;0.1613;0.1613;0.2903;0.1613;0.4748;0.6516;5;9;0.2181;0.4973;0.7154;Qwen 2.5-1.5B
ID_4724455372300363;0.0000;0.0000;0.0000;0.0000;0.0000;0.0000;0.0000;0.0000;0.0000;0.0581;0.1139;0;0;0.0000;0.0632;0.1099;Qwen 2.5-1.5B
ID_4351583784137968;0.3252;0.3298;0.2000;0.3000;0.2500;0.0385;0.1154;0.1923;0.0417;0.2351;0.4130;3;6;0.0623;0.3506;0.5283;Qwen 2.5-1.5B
ID_3595605534544460;0.4627;0.3684;0.6000;0.6000;0.4000;0.0732;0.1463;0.1951;0.0914;0.1368;0.5423;6;8;0.1144;0.1526;0.5733;Qwen 2.5-1.5B
ID_7445996639798624;0.3266;0.3262;0.4000;0.4000;0.4000;0.0526;0.1053;0.2105;0.0730;0.4197;0.7205;4;9;0.1199;0.4558;0.7121;Qwen 2.5-1.5B
ID_8897713171950671;0.2249;0.1848;0.4000;0.3000;0.2000;0.0606;0.0909;0.1212;0.0336;0.0785;0.6336;3;4;0.0446;0.0885;0.6732;Qwen 2.5-1.5B
ID_3350273914280971;0.5309;0.5075;0.4000;0.2000;0.1500;0.2857;0.2857;0.4286;0.2143;0.1061;0.7782;5;6;0.2532;0.1288;0.7415;Qwen 2.5-1.5B
ID_5994153651109853;0.0679;0.0547;0.2000;0.1000;0.0500;0.0556;0.0556;0.0556;0.0111;0.1319;0.7327;2;2;0.0111;0.1538;0.7278;Qwen 2.5-1.5B
ID_4643189791834470;0.2527;0.2875;0.4000;0.3000;0.3500;0.0455;0.0682;0.1591;0.0409;0.1798;0.6851;3;7;0.0758;0.2022;0.6790;Qwen 2.5-1.5B
ID_0574180390413250;0.6282;0.5866;0.6000;0.6000;0.5500;0.0577;0.1154;0.2115;0.0905;0.0726;0.7358;6;11;0.1506;0.0787;0.7323;Qwen 2.5-1.5B
ID_9242177701163550;0.2457;0.1663;0.2000;0.3000;0.1500;0.0526;0.1579;0.1579;0.0482;0.0600;0.7551;3;3;0.0482;0.3800;0.7265;Qwen 2.5-1.5B
ID_3429432950576137;0.1450;0.1631;0.2000;0.3000;0.2500;0.0233;0.0698;0.1163;0.0190;0.0640;0.7556;3;5;0.0321;0.1040;0.7956;Qwen 2.5-1.5B
ID_7523068114278574;0.3725;0.2961;0.4000;0.2000;0.2500;0.0645;0.0645;0.1613;0.0645;0.2720;0.7066;3;6;0.0885;0.2747;0.6855;Qwen 2.5-1.5B
ID_0588546982625730;0.3558;0.4105;0.2000;0.3000;0.4000;0.0238;0.0714;0.1905;0.0377;0.4599;0.5941;3;8;0.0862;0.5116;0.6345;Qwen 2.5-1.5B
ID_2030746662248842;0.4822;0.4300;0.6000;0.5000;0.4000;0.0833;0.1389;0.2222;0.1035;0.4835;0.7207;6;9;0.1407;0.4961;0.6704;Qwen 2.5-1.5B
ID_2248844091470333;0.0943;0.0645;0.2000;0.1000;0.0500;0.0312;0.0312;0.0312;0.0312;0.3496;0.6330;1;1;0.0312;0.4071;0.7255;Qwen 2.5-1.5B
ID_3752951275341381;0.5537;0.4247;0.4000;0.6000;0.4000;0.0541;0.1622;0.2162;0.0999;0.3662;0.5917;6;8;0.1278;0.3991;0.5905;Qwen 2.5-1.5B
ID_9859511150127352;0.4885;0.3526;0.6000;0.4000;0.2500;0.0968;0.1290;0.1613;0.0909;0.5876;0.6337;4;5;0.1033;0.6311;0.7041;Qwen 2.5-1.5B
ID_0967035318418472;0.1860;0.2238;0.4000;0.2000;0.2500;0.0455;0.0455;0.1136;0.0265;0.1346;0.6093;2;5;0.0431;0.2799;0.6793;Qwen 2.5-1.5B
ID_4767998352165705;0.4983;0.3975;0.6000;0.6000;0.4000;0.0667;0.1333;0.1778;0.0723;0.1284;0.6301;6;8;0.0992;0.1835;0.6939;Qwen 2.5-1.5B
ID_8045962313218352;0.2717;0.2620;0.2000;0.2000;0.1500;0.0500;0.1000;0.1500;0.0643;0.3264;0.7300;2;3;0.0731;0.4097;0.7226;Qwen 2.5-1.5B
ID_0164449213607380;0.5696;0.4556;1.0000;0.5000;0.3000;0.2273;0.2273;0.2727;0.2273;0.3758;0.6603;5;8;0.2483;0.3893;0.6837;Qwen 2.5-1.5B
ID_2680905746363331;0.5856;0.5388;0.6000;0.3000;0.1500;0.7500;0.7500;0.7500;0.5667;0.3133;0.7160;3;5;0.5667;0.3494;0.7164;Qwen 2.5-1.5B
ID_7305428791149745;0.2900;0.1983;0.6000;0.3000;0.1500;0.1500;0.1500;0.1500;0.0717;0.2303;0.6407;3;3;0.0717;0.2303;0.6407;Qwen 2.5-1.5B
ID_7464190101117707;0.4679;0.3718;0.4000;0.3000;0.1500;0.1111;0.1667;0.1667;0.1164;0.3750;0.7012;5;5;0.1164;0.3850;0.7213;Qwen 2.5-1.5B
ID_4713778521629486;0.1418;0.1394;0.2000;0.1000;0.0500;0.0769;0.0769;0.0769;0.0256;0.0492;0.6948;2;4;0.0256;0.0574;0.7433;Qwen 2.5-1.5B
ID_6841118121493906;0.2975;0.2066;0.2000;0.2000;0.1500;0.0312;0.0625;0.0938;0.0382;0.0739;0.5266;3;4;0.0437;0.2379;0.6642;Qwen 2.5-1.5B
ID_7881527576747420;0.3757;0.3990;0.4000;0.4000;0.4000;0.0606;0.1212;0.2424;0.0576;0.3299;0.8321;4;8;0.1158;0.4670;0.7811;Qwen 2.5-1.5B
ID_8080838290715777;0.6589;0.5856;0.8000;0.6000;0.5500;0.1026;0.1538;0.2821;0.1363;0.5223;0.5750;6;11;0.2166;0.5491;0.6026;Qwen 2.5-1.5B
ID_4678263012118887;0.0394;0.1158;0.2000;0.1000;0.1500;0.0556;0.0556;0.1667;0.0111;0.3333;0.7733;1;5;0.0289;0.5333;0.7806;Qwen 2.5-1.5B
ID_1528177121436914;0.1793;0.2110;0.2000;0.3000;0.2500;0.0345;0.1034;0.1724;0.0297;0.2533;0.6948;3;5;0.0537;0.3712;0.6835;Qwen 2.5-1.5B
ID_8455588138553589;0.1855;0.1630;0.4000;0.3000;0.2000;0.0870;0.1304;0.1739;0.0525;0.4523;0.6303;3;4;0.0650;0.4573;0.6249;Qwen 2.5-1.5B
ID_8280035478871760;0.2808;0.2206;0.4000;0.2000;0.1500;0.0541;0.0541;0.0811;0.0450;0.0411;0.7399;3;5;0.0501;0.0665;0.7172;Qwen 2.5-1.5B
ID_8655706520516310;0.8243;0.6060;0.8000;0.9000;0.5500;0.1081;0.2432;0.2973;0.2258;0.2025;0.6661;9;12;0.2595;0.2278;0.6585;Qwen 2.5-1.5B
ID_9362702262041806;0.4738;0.3106;0.6000;0.4000;0.2000;0.0909;0.1212;0.1212;0.0990;0.4545;0.6498;4;5;0.0990;0.4672;0.7034;Qwen 2.5-1.5B
ID_4341858493092611;0.2336;0.1536;0.2000;0.1000;0.0500;0.0400;0.0400;0.0400;0.0400;0.2987;0.7024;2;2;0.0400;0.2987;0.7141;Qwen 2.5-1.5B
ID_0353944603330456;0.3881;0.3377;0.6000;0.6000;0.4500;0.0517;0.1034;0.1552;0.0616;0.9431;0.6523;6;9;0.0909;0.9431;0.6859;Qwen 2.5-1.5B
ID_1263334983122560;0.1510;0.1653;0.2000;0.1000;0.1000;0.0476;0.0476;0.0952;0.0238;0.3902;0.6984;2;4;0.0306;0.4878;0.6639;Qwen 2.5-1.5B
ID_6319604227674654;0.2895;0.2780;0.2000;0.2000;0.2500;0.0303;0.0606;0.1515;0.0379;0.0927;0.5831;2;5;0.0656;0.0927;0.4322;Qwen 2.5-1.5B
ID_6815299644750648;0.2248;0.3090;0.0000;0.1000;0.1000;0.0000;0.2000;0.4000;0.0286;0.5378;0.7042;4;8;0.0486;0.6705;0.7245;Qwen 2.5-1.5B
ID_7276765928582051;0.2201;0.1420;0.2000;0.1000;0.0500;0.0333;0.0333;0.0333;0.0333;0.0304;0.6850;1;1;0.0333;0.0927;0.6391;Qwen 2.5-1.5B
ID_0654596992211296;0.2833;0.2516;0.2000;0.4000;0.3000;0.0345;0.1379;0.2069;0.0531;0.1341;0.7239;4;6;0.0760;0.2402;0.7045;Qwen 2.5-1.5B
ID_0852938701434556;0.1311;0.1118;0.2000;0.1000;0.0500;0.0769;0.0769;0.0769;0.0256;0.0963;0.7230;3;3;0.0256;0.1037;0.7091;Qwen 2.5-1.5B
ID_9482625774233084;0.0739;0.2559;0.0000;0.1000;0.2000;0.0000;0.1250;0.5000;0.0156;0.5811;0.7301;3;8;0.0927;0.6622;0.7472;Qwen 2.5-1.5B
ID_0055080134892269;0.0000;0.0000;0.0000;0.0000;0.0000;0.0000;0.0000;0.0000;0.0000;0.0980;0.7152;0;0;0.0000;0.2859;0.7096;Qwen 2.5-1.5B
ID_4006510528939253;0.0000;0.0000;0.0000;0.0000;0.0000;0.0000;0.0000;0.0000;0.0000;0.0156;0.6991;0;0;0.0000;0.0156;0.6841;Qwen 2.5-1.5B
ID_8922470135347131;0.0105;0.0077;0.0000;0.0000;0.0000;0.0000;0.0000;0.0000;0.0000;0.0044;0.6353;1;1;0.0000;0.0044;0.6607;Qwen 2.5-1.5B
ID_4280649883963631;0.3917;0.3206;0.4000;0.4000;0.3000;0.0714;0.1429;0.2143;0.0748;0.0987;0.7019;4;6;0.0974;0.1250;0.6989;Qwen 2.5-1.5B
ID_7315358137176715;0.3024;0.2161;0.2000;0.5000;0.3000;0.0208;0.1042;0.1250;0.0471;0.6223;0.5892;5;6;0.0585;0.6330;0.6614;Qwen 2.5-1.5B
ID_0473342349140026;0.3606;0.3433;0.4000;0.5000;0.3500;0.0741;0.1852;0.2593;0.0909;0.3452;0.7015;5;7;0.1185;0.3909;0.7479;Qwen 2.5-1.5B
ID_5557224649687028;0.3775;0.2436;0.2000;0.3000;0.1500;0.0435;0.1304;0.1304;0.0688;0.2596;0.7548;5;5;0.0688;0.2885;0.6911;Qwen 2.5-1.5B
ID_4643608666899616;0.5481;0.3702;0.6000;0.6000;0.3500;0.0698;0.1395;0.1628;0.0866;0.4803;0.7181;6;7;0.1002;0.5394;0.7379;Qwen 2.5-1.5B
ID_6499108085922209;0.0379;0.0800;0.2000;0.1000;0.1000;0.0500;0.0500;0.1000;0.0100;0.0752;0.7557;1;2;0.0183;0.1416;0.7438;Qwen 2.5-1.5B
ID_6212006974231025;0.4526;0.3969;0.4000;0.5000;0.4000;0.0513;0.1282;0.2051;0.0608;0.2553;0.6942;6;9;0.0945;0.2766;0.7175;Qwen 2.5-1.5B
ID_8079423496391852;0.4937;0.3186;0.6000;0.5000;0.2500;0.0698;0.1163;0.1163;0.0789;0.2121;0.6518;5;5;0.0789;0.2494;0.6193;Qwen 2.5-1.5B
ID_2725348719800518;0.1389;0.0950;0.2000;0.1000;0.0500;0.0370;0.0370;0.0370;0.0185;0.0421;0.6459;1;1;0.0185;0.0550;0.6868;Qwen 2.5-1.5B
ID_0720020819590155;0.1099;0.1752;0.2000;0.2000;0.3000;0.0286;0.0571;0.1714;0.0139;0.5946;0.5879;2;6;0.0502;0.6081;0.4136;Qwen 2.5-1.5B
ID_4755946475264985;0.4690;0.3027;0.6000;0.3000;0.1500;0.0938;0.0938;0.0938;0.0938;0.3517;0.2047;3;3;0.0938;0.3517;0.2047;Qwen 2.5-1.5B
ID_9361477493709726;0.0943;0.0763;0.2000;0.1000;0.0500;0.0323;0.0323;0.0323;0.0323;0.0224;0.6387;1;1;0.0323;0.0314;0.6953;Qwen 2.5-1.5B
ID_5424781102486268;0.1100;0.1065;0.2000;0.1000;0.1000;0.0294;0.0294;0.0588;0.0098;0.0732;0.6889;1;2;0.0137;0.1830;0.7313;Qwen 2.5-1.5B
ID_5760422122697584;0.0943;0.0632;0.2000;0.1000;0.0500;0.0256;0.0256;0.0256;0.0256;0.0428;0.5849;1;1;0.0256;0.0517;0.6443;Qwen 2.5-1.5B
ID_2034064321016097;0.5975;0.5406;0.8000;0.5000;0.3000;0.2667;0.3333;0.4000;0.3089;0.1813;0.6076;5;7;0.3453;0.2779;0.6784;Qwen 2.5-1.5B
ID_8486464868891415;0.5414;0.4529;0.6000;0.6000;0.4000;0.1250;0.2500;0.3333;0.2034;0.2313;0.6863;6;8;0.2438;0.4062;0.6763;Qwen 2.5-1.5B
ID_3668865753002430;0.2339;0.2799;0.2000;0.2000;0.2000;0.1250;0.2500;0.5000;0.0563;0.3689;0.6610;5;7;0.1090;0.4878;0.6495;Qwen 2.5-1.5B
ID_0277415539607307;0.6332;0.5018;0.6000;0.6000;0.4500;0.0909;0.1818;0.2727;0.1285;0.3027;0.6618;6;10;0.1793;0.3640;0.6304;Qwen 2.5-1.5B
ID_7259294879683133;0.4100;0.3168;0.6000;0.4000;0.3000;0.0667;0.0889;0.1333;0.0525;0.1679;0.7692;4;6;0.0693;0.2964;0.7394;Qwen 2.5-1.5B
ID_7272998564858059;0.3011;0.3449;0.4000;0.5000;0.4000;0.0690;0.1724;0.2759;0.1030;0.0227;0.7292;5;8;0.1514;0.1364;0.7303;Qwen 2.5-1.5B
ID_7090419604571199;0.0784;0.1411;0.2000;0.1000;0.1000;0.0769;0.0769;0.1538;0.0385;0.1293;0.5411;2;5;0.0513;0.1640;0.5848;Qwen 2.5-1.5B
ID_6066310198344526;0.0000;0.0232;0.0000;0.0000;0.0500;0.0000;0.0000;0.0556;0.0000;0.2286;0.5310;0;1;0.0051;0.2625;0.4729;Qwen 2.5-1.5B
ID_3971663510252293;0.2489;0.1876;0.4000;0.2000;0.1000;0.1111;0.1111;0.1111;0.0648;0.1980;0.6332;2;2;0.0648;0.2257;0.6103;Qwen 2.5-1.5B
ID_1050516524103988;0.4690;0.3506;0.6000;0.3000;0.1500;0.1364;0.1364;0.1364;0.1364;0.4537;0.2637;3;3;0.1364;0.4537;0.2637;Qwen 2.5-1.5B
ID_0585283327853481;0.4902;0.4379;0.8000;0.4000;0.3000;0.1250;0.1250;0.1875;0.1109;0.0857;0.6970;4;6;0.1333;0.0901;0.7130;Qwen 2.5-1.5B
ID_1409610093547012;0.3737;0.3703;0.6000;0.4000;0.3000;0.1304;0.1739;0.2609;0.1486;0.5023;0.6848;5;8;0.1830;0.5023;0.5951;Qwen 2.5-1.5B
ID_3033400086575581;0.3369;0.2661;0.2000;0.2000;0.1000;0.0357;0.0714;0.0714;0.0476;0.3169;0.6736;2;2;0.0476;0.3169;0.7059;Qwen 2.5-1.5B
ID_2714004273523549;0.5384;0.4629;0.6000;0.4000;0.3500;0.0612;0.0816;0.1429;0.0714;0.2025;0.7020;4;8;0.0981;0.2629;0.6752;Qwen 2.5-1.5B
ID_3274735424220270;0.4688;0.4798;0.6000;0.4000;0.4500;0.1000;0.1333;0.3000;0.1057;0.2965;0.6726;4;10;0.1777;0.3722;0.6609;Qwen 2.5-1.5B
ID_5832250655889116;0.3580;0.2787;0.4000;0.3000;0.2000;0.0667;0.1000;0.1333;0.0833;0.1074;0.5350;3;5;0.0936;0.1879;0.6605;Qwen 2.5-1.5B
ID_0280121582234738;0.3695;0.3145;0.4000;0.6000;0.4000;0.0571;0.1714;0.2286;0.0822;0.3888;0.5972;6;8;0.1167;0.4168;0.6447;Qwen 2.5-1.5B
ID_7248774319455970;0.1112;0.0913;0.2000;0.1000;0.0500;0.2000;0.2000;0.2000;0.0400;0.2473;0.4579;1;1;0.0400;0.2827;0.5369;Qwen 2.5-1.5B
ID_1241656328850074;0.2367;0.3702;0.0000;0.2000;0.1500;0.0000;0.4000;0.6000;0.0694;0.2245;0.5302;4;6;0.1010;0.2551;0.6787;Qwen 2.5-1.5B
ID_7441669258580942;0.2837;0.2139;0.2000;0.2000;0.1500;0.0357;0.0714;0.1071;0.0429;0.3468;0.7103;2;3;0.0492;0.3670;0.7114;Qwen 2.5-1.5B
ID_0477045906733254;0.2363;0.1819;0.6000;0.3000;0.2000;0.0882;0.0882;0.1176;0.0711;0.3455;0.6517;3;4;0.0795;0.3528;0.6829;Qwen 2.5-1.5B
ID_7740917144757410;0.9371;0.7486;1.0000;0.9000;0.6500;0.1190;0.2143;0.3095;0.2063;0.6655;0.4970;10;14;0.2812;0.6908;0.6615;Qwen 2.5-1.5B
ID_5898801580033554;0.2935;0.2058;0.2000;0.2000;0.1500;0.0250;0.0500;0.0750;0.0321;0.2347;0.6303;2;3;0.0384;0.2708;0.6656;Qwen 2.5-1.5B
ID_0034894070455412;0.7156;0.4618;0.8000;0.6000;0.3000;0.1026;0.1538;0.1538;0.1459;0.4906;0.5567;6;6;0.1459;0.4906;0.5567;Qwen 2.5-1.5B
ID_5846645200230520;0.0784;0.1250;0.0000;0.1000;0.1500;0.0000;0.0256;0.0769;0.0043;0.0374;0.7042;1;3;0.0137;0.0726;0.6898;Qwen 2.5-1.5B
ID_0599337060580753;0.3535;0.2430;0.4000;0.3000;0.2000;0.0488;0.0732;0.0976;0.0423;0.2081;0.6835;4;5;0.0484;0.4865;0.6830;Qwen 2.5-1.5B
ID_8860487726074063;0.5488;0.4253;0.8000;0.4000;0.3500;0.1212;0.1212;0.2121;0.1076;0.5755;0.6740;5;9;0.1457;0.6132;0.6577;Qwen 2.5-1.5B
ID_4894706050600687;0.0884;0.0926;0.2000;0.1000;0.1000;0.0588;0.0588;0.1176;0.0118;0.2137;0.4829;1;2;0.0180;0.2393;0.5961;Qwen 2.5-1.5B
ID_4273689617987878;0.2637;0.2967;0.4000;0.2000;0.2500;0.0741;0.0741;0.1852;0.0333;0.3698;0.6171;6;10;0.0609;0.4309;0.6644;Qwen 2.5-1.5B
ID_4016576596215504;0.0000;0.0355;0.0000;0.0000;0.0500;0.0000;0.0000;0.0263;0.0000;0.0048;0.6806;0;1;0.0018;0.0813;0.7284;Qwen 2.5-1.5B
ID_1450381701086387;0.4069;0.3960;0.4000;0.4000;0.4000;0.0606;0.1212;0.2424;0.0677;0.5652;0.6745;4;8;0.1248;0.5870;0.7582;Qwen 2.5-1.5B
ID_3569531507114017;0.2122;0.1704;0.2000;0.2000;0.1500;0.0294;0.0588;0.0882;0.0231;0.3557;0.6818;2;3;0.0280;0.4175;0.6581;Qwen 2.5-1.5B
ID_7707689065994575;0.1284;0.0984;0.2000;0.2000;0.1000;0.0500;0.1000;0.1000;0.0292;0.2266;0.4037;2;2;0.0292;0.2266;0.4037;Qwen 2.5-1.5B
ID_7069264281185562;0.4690;0.3027;0.6000;0.3000;0.1500;0.0833;0.0833;0.0833;0.0833;0.1066;0.6585;3;3;0.0833;0.1510;0.7417;Qwen 2.5-1.5B
ID_8413008847105670;0.7631;0.4925;0.8000;0.7000;0.3500;0.1176;0.2059;0.2059;0.1762;0.1744;0.7478;7;7;0.1762;0.1744;0.7297;Qwen 2.5-1.5B
ID_4326514220673393;0.1606;0.1036;0.2000;0.2000;0.1000;0.0263;0.0526;0.0526;0.0322;0.1487;0.7385;2;2;0.0322;0.1615;0.7569;Qwen 2.5-1.5B
ID_6703037457253125;0.1100;0.0710;0.2000;0.1000;0.0500;0.0417;0.0417;0.0417;0.0139;0.0833;0.6491;1;1;0.0139;0.0911;0.6018;Qwen 2.5-1.5B
ID_2538126257160174;0.0694;0.0494;0.0000;0.1000;0.0500;0.0000;0.0270;0.0270;0.0034;0.0914;0.6633;1;2;0.0034;0.1667;0.6922;Qwen 2.5-1.5B
ID_2444779633081185;0.0283;0.1921;0.0000;0.1000;0.2500;0.0000;0.0625;0.3125;0.0063;0.0829;0.6885;1;6;0.0605;0.3564;0.6963;Qwen 2.5-1.5B
ID_2685286492991791;0.3662;0.3865;0.6000;0.5000;0.4000;0.1111;0.1852;0.2963;0.1051;0.3692;0.6427;5;11;0.1536;0.4182;0.6490;Qwen 2.5-1.5B
ID_0408002839687344;0.0000;0.1013;0.0000;0.0000;0.1500;0.0000;0.0000;0.1250;0.0000;0.0392;0.6738;0;4;0.0147;0.4510;0.6689;Qwen 2.5-1.5B
ID_3259216014182020;0.5107;0.3915;0.4000;0.4000;0.2000;0.1000;0.2000;0.2000;0.1536;0.5455;0.5547;4;4;0.1536;0.5795;0.6295;Qwen 2.5-1.5B
ID_5187181156228197;0.3191;0.2764;0.6000;0.4000;0.3000;0.1034;0.1379;0.2069;0.1030;0.3818;0.5756;5;7;0.1275;0.4929;0.5961;Qwen 2.5-1.5B
ID_6282229671610460;0.4402;0.3285;0.6000;0.4000;0.2500;0.0938;0.1250;0.1562;0.0911;0.4503;0.6066;4;5;0.1042;0.4545;0.5797;Qwen 2.5-1.5B
ID_1805029396938951;0.6232;0.4708;0.6000;0.5000;0.4000;0.0833;0.1389;0.2222;0.1157;0.7345;0.6057;6;9;0.1585;0.8136;0.5728;Qwen 2.5-1.5B
ID_4090655224279803;0.4058;0.3003;0.6000;0.5000;0.3000;0.0938;0.1562;0.1875;0.0830;0.3488;0.2528;5;6;0.0986;0.3488;0.2382;Qwen 2.5-1.5B
ID_2375722997534058;0.3847;0.3256;0.4000;0.4000;0.2500;0.0556;0.1111;0.1389;0.0678;0.3609;0.5808;6;7;0.0805;0.3884;0.5433;Qwen 2.5-1.5B
ID_1525717947689076;0.4318;0.3494;0.4000;0.5000;0.3500;0.0769;0.1923;0.2692;0.0810;0.1163;0.6208;7;9;0.1137;0.1977;0.6755;Qwen 2.5-1.5B
ID_6899498686139516;0.3473;0.2824;0.2000;0.1000;0.0500;0.0714;0.0714;0.0714;0.0714;0.1714;0.2918;1;1;0.0714;0.1714;0.3189;Qwen 2.5-1.5B
ID_5882662534904226;0.0314;0.0211;0.0000;0.1000;0.0500;0.0000;0.0270;0.0270;0.0039;0.2167;0.5569;1;1;0.0039;0.2661;0.6720;Qwen 2.5-1.5B
ID_2427045424896409;0.5427;0.4650;1.0000;0.6000;0.4500;0.1064;0.1277;0.1915;0.1191;0.3860;0.6713;6;10;0.1553;0.4444;0.7096;Qwen 2.5-1.5B
ID_7430030311775522;0.6801;0.4852;0.8000;0.6000;0.3500;0.1333;0.2000;0.2333;0.1764;0.4050;0.6441;8;9;0.1943;0.4504;0.6800;Qwen 2.5-1.5B
ID_8783964270386788;0.5654;0.5598;0.4000;0.4000;0.2000;0.2000;0.4000;0.4000;0.2900;0.6479;0.6573;4;4;0.2900;0.6907;0.6328;Qwen 2.5-1.5B
ID_0422858064703713;0.2025;0.1635;0.2000;0.2000;0.1500;0.0286;0.0571;0.0857;0.0200;0.3299;0.5877;2;3;0.0245;0.3439;0.6377;Qwen 2.5-1.5B
ID_1234565160573730;0.1831;0.1615;0.2000;0.2000;0.1000;0.0833;0.1667;0.1667;0.0375;0.3636;0.6116;2;2;0.0375;0.5511;0.6100;Qwen 2.5-1.5B
ID_4804205224697296;0.2985;0.2663;0.2000;0.2000;0.2000;0.0238;0.0476;0.0952;0.0317;0.5603;0.6030;2;4;0.0438;0.6092;0.6724;Qwen 2.5-1.5B
ID_3996404760945509;0.3120;0.3583;0.4000;0.3000;0.4500;0.0645;0.0968;0.2903;0.0484;0.3991;0.6544;3;9;0.1308;0.5183;0.6466;Qwen 2.5-1.5B
ID_0904596179326111;0.1006;0.2387;0.0000;0.2000;0.4000;0.0000;0.0377;0.1509;0.0065;0.1813;0.7349;2;8;0.0489;0.3450;0.7020;Qwen 2.5-1.5B
ID_2302429651674634;0.2255;0.1812;0.2000;0.2000;0.1000;0.0476;0.0952;0.0952;0.0397;0.3169;0.6851;2;2;0.0397;0.3645;0.6512;Qwen 2.5-1.5B
ID_0089739298242263;0.0000;0.0172;0.0000;0.0000;0.0500;0.0000;0.0000;0.0500;0.0000;0.2621;0.6881;0;1;0.0026;0.3266;0.6720;Qwen 2.5-1.5B
ID_8340344332209795;0.4449;0.4601;0.4000;0.4000;0.5000;0.0588;0.1176;0.2941;0.0669;0.7318;0.6590;4;10;0.1550;0.8212;0.6482;Qwen 2.5-1.5B
ID_4234180673609380;0.2964;0.2473;0.6000;0.4000;0.2000;0.2000;0.2667;0.2667;0.1659;0.1957;0.6308;5;6;0.1659;0.1957;0.6189;Qwen 2.5-1.5B
ID_8472308116821427;0.3433;0.2731;0.4000;0.3000;0.1500;0.1250;0.1875;0.1875;0.1146;0.3019;0.6622;3;3;0.1146;0.3019;0.6970;Qwen 2.5-1.5B
ID_4994942901309005;0.1967;0.1996;0.6000;0.3000;0.2500;0.0857;0.0857;0.1429;0.0690;0.0275;0.6087;3;5;0.0888;0.0667;0.5770;Qwen 2.5-1.5B
ID_9082260061201946;0.0000;0.0323;0.0000;0.0000;0.0500;0.0000;0.0000;0.0238;0.0000;0.0709;0.1816;0;1;0.0012;0.0709;0.1485;Qwen 2.5-1.5B
ID_0442161398765567;0.6097;0.5824;0.6000;0.4000;0.3500;0.1304;0.1739;0.3043;0.1379;0.4034;0.6340;7;12;0.1866;0.4286;0.6448;Qwen 2.5-1.5B
ID_7168284647925847;0.4405;0.3947;0.4000;0.3000;0.3500;0.0645;0.0968;0.2258;0.0766;0.1960;0.6154;4;9;0.1287;0.2312;0.6778;Qwen 2.5-1.5B
ID_0774104601063155;0.5004;0.4200;0.6000;0.4000;0.2500;0.1304;0.1739;0.2174;0.1553;0.3235;0.3252;4;5;0.1750;0.3309;0.2847;Qwen 2.5-1.5B
ID_6972046707805449;0.2048;0.1651;0.4000;0.2000;0.1500;0.0645;0.0645;0.0968;0.0269;0.1433;0.7356;2;3;0.0320;0.1945;0.7324;Qwen 2.5-1.5B
ID_4109929118508186;0.3536;0.4152;0.2000;0.2000;0.2500;0.0714;0.1429;0.3571;0.0952;0.2955;0.6133;2;6;0.1520;0.3561;0.7282;Qwen 2.5-1.5B
ID_2828124381670231;0.3188;0.2296;0.6000;0.3000;0.1500;0.1667;0.1667;0.1667;0.0889;0.3379;0.7103;3;3;0.0889;0.3515;0.7489;Qwen 2.5-1.5B
ID_0516263904806475;0.4986;0.3218;0.4000;0.4000;0.2000;0.0476;0.0952;0.0952;0.0684;0.4636;0.6210;4;4;0.0684;0.4864;0.6720;Qwen 2.5-1.5B
ID_0932673194762377;0.3778;0.2438;0.4000;0.4000;0.2000;0.0400;0.0800;0.0800;0.0589;0.2422;0.6912;4;4;0.0589;0.3069;0.6849;Qwen 2.5-1.5B
ID_8852973471847843;0.2366;0.2563;0.2000;0.3000;0.2500;0.0588;0.1765;0.2941;0.0658;0.3561;0.7038;3;6;0.1038;0.4394;0.7225;Qwen 2.5-1.5B
ID_3981568451860330;0.2201;0.1420;0.2000;0.1000;0.0500;0.0213;0.0213;0.0213;0.0213;0.2709;0.7338;1;1;0.0213;0.2832;0.7224;Qwen 2.5-1.5B
ID_8671745801940831;0.3005;0.3348;0.2000;0.4000;0.3500;0.0385;0.1538;0.2692;0.0524;0.2828;0.6952;4;8;0.1016;0.3737;0.7105;Qwen 2.5-1.5B
ID_1836274062343953;0.7820;0.5381;1.0000;0.7000;0.4000;0.1852;0.2593;0.2963;0.2389;0.8462;0.6502;7;8;0.2553;0.8846;0.6684;Qwen 2.5-1.5B
ID_7320090199496500;0.3341;0.2988;0.6000;0.3000;0.2000;0.1579;0.1579;0.2105;0.0930;0.4194;0.6055;3;4;0.1121;0.4839;0.6749;Qwen 2.5-1.5B
ID_5262142272147984;0.2083;0.2241;0.4000;0.3000;0.3000;0.0500;0.0750;0.1500;0.0246;0.3005;0.6389;3;7;0.0476;0.3695;0.6390;Qwen 2.5-1.5B
ID_1734032782594771;0.2225;0.1806;0.4000;0.3000;0.2000;0.0714;0.1071;0.1429;0.0369;0.4100;0.5065;3;5;0.0453;0.4519;0.6559;Qwen 2.5-1.5B
ID_2531761427648020;0.0000;0.0663;0.0000;0.0000;0.1000;0.0000;0.0000;0.0952;0.0000;0.3750;0.7118;0;2;0.0113;0.4534;0.7187;Qwen 2.5-1.5B
ID_4608001746330875;0.2424;0.3403;0.2000;0.2000;0.2500;0.0909;0.1818;0.4545;0.0530;0.3647;0.7179;3;7;0.1406;0.4471;0.7504;Qwen 2.5-1.5B
ID_7818012155694188;0.2294;0.2294;0.2000;0.1000;0.0500;0.5000;0.5000;0.5000;0.1000;0.1409;0.8089;1;1;0.1000;0.1463;0.7767;Qwen 2.5-1.5B
ID_0822799877686090;0.2201;0.1831;0.2000;0.1000;0.0500;0.0556;0.0556;0.0556;0.0556;0.3095;0.6073;1;2;0.0556;0.3350;0.6362;Qwen 2.5-1.5B
ID_6248532093883975;0.4906;0.4067;0.6000;0.4000;0.3000;0.1364;0.1818;0.2727;0.1232;0.4161;0.6823;5;10;0.1510;0.4276;0.6606;Qwen 2.5-1.5B
ID_1248448556190472;0.0588;0.0660;0.0000;0.1000;0.0500;0.0000;0.0667;0.0667;0.0074;0.0798;0.7277;2;4;0.0074;0.1054;0.7305;Qwen 2.5-1.5B
ID_3874886795138290;0.4886;0.3517;0.6000;0.4000;0.2500;0.0857;0.1143;0.1429;0.0811;0.0714;0.6128;4;5;0.0913;0.1190;0.6713;Qwen 2.5-1.5B
ID_4120322936662925;0.2110;0.2469;0.4000;0.4000;0.4000;0.0741;0.1481;0.2963;0.0640;0.3178;0.7104;4;8;0.1239;0.3925;0.7068;Qwen 2.5-1.5B
ID_0004405929946327;0.2332;0.2281;0.4000;0.4000;0.3000;0.0606;0.1212;0.1818;0.0504;0.3509;0.6134;4;6;0.0674;0.3982;0.5436;Qwen 2.5-1.5B
ID_3120810650181134;0.3538;0.2733;0.4000;0.4000;0.2500;0.0513;0.1026;0.1282;0.0590;0.1698;0.6649;4;5;0.0670;0.1733;0.4749;Qwen 2.5-1.5B
ID_4415912100389601;0.4333;0.3239;0.4000;0.4000;0.2000;0.0741;0.1481;0.1481;0.0961;0.2958;0.7312;4;4;0.0961;0.3292;0.7316;Qwen 2.5-1.5B
ID_2947188782090542;0.4249;0.2931;0.6000;0.3000;0.2000;0.0789;0.0789;0.1053;0.0636;0.2975;0.7568;3;5;0.0691;0.3924;0.6978;Qwen 2.5-1.5B
ID_5949636124796250;0.4073;0.3353;0.4000;0.3000;0.2500;0.0488;0.0732;0.1220;0.0470;0.4459;0.5485;5;7;0.0623;0.4801;0.5921;Qwen 2.5-1.5B
ID_7249500407405478;0.5780;0.4557;0.8000;0.7000;0.4500;0.1176;0.2059;0.2647;0.1704;0.4554;0.5783;7;10;0.2032;0.4777;0.5523;Qwen 2.5-1.5B
ID_9542837933586912;0.3771;0.3259;0.4000;0.4000;0.2000;0.1429;0.2857;0.2857;0.1776;0.4630;0.6166;5;5;0.1776;0.4815;0.5689;Qwen 2.5-1.5B
ID_5667657258894864;0.1703;0.1454;0.2000;0.1000;0.1000;0.0286;0.0286;0.0571;0.0143;0.2302;0.6970;2;3;0.0181;0.3135;0.6783;Qwen 2.5-1.5B
ID_3603011798628583;0.4748;0.4212;0.4000;0.4000;0.3000;0.1111;0.2222;0.3333;0.1451;0.2918;0.6662;4;6;0.1820;0.3310;0.6767;Qwen 2.5-1.5B
ID_2471578430392531;0.2515;0.2281;0.0000;0.1000;0.0500;0.0000;0.1250;0.1250;0.0179;0.2979;0.6270;4;5;0.0179;0.3191;0.7085;Qwen 2.5-1.5B
ID_6155202940087696;0.6243;0.4455;0.8000;0.6000;0.3000;0.1000;0.1500;0.1500;0.1256;0.2347;0.6473;6;6;0.1256;0.3163;0.6996;Qwen 2.5-1.5B
ID_5065411466998527;0.4499;0.3558;0.2000;0.4000;0.3000;0.0400;0.1600;0.2400;0.0861;0.3250;0.6303;5;7;0.1165;0.3375;0.7296;Qwen 2.5-1.5B
ID_0581412073128121;0.1166;0.0998;0.2000;0.1000;0.1000;0.0263;0.0263;0.0526;0.0053;0.0388;0.7201;2;3;0.0100;0.0655;0.6963;Qwen 2.5-1.5B
ID_4550717883781091;0.5271;0.4709;0.6000;0.4000;0.3500;0.1071;0.1429;0.2500;0.1186;0.3832;0.5720;4;7;0.1620;0.4551;0.4391;Qwen 2.5-1.5B
ID_5175443246146343;0.2173;0.2098;0.2000;0.2000;0.2000;0.0333;0.0667;0.1333;0.0278;0.1870;0.6775;2;4;0.0423;0.5481;0.6978;Qwen 2.5-1.5B
ID_4735402469304632;0.2619;0.2793;0.4000;0.3000;0.2500;0.0800;0.1200;0.2000;0.0493;0.4043;0.7384;3;5;0.0752;0.5532;0.7232;Qwen 2.5-1.5B
ID_4073088744952858;0.4634;0.3835;0.6000;0.5000;0.2500;0.2000;0.3333;0.3333;0.1881;0.0634;0.7909;5;5;0.1881;0.0775;0.7629;Qwen 2.5-1.5B
ID_8904044191613796;0.3629;0.3017;0.6000;0.4000;0.3000;0.0833;0.1111;0.1667;0.0691;0.2291;0.6094;4;6;0.0865;0.3184;0.6608;Qwen 2.5-1.5B
ID_6738987664840341;0.0000;0.0141;0.0000;0.0000;0.0500;0.0000;0.0000;0.0278;0.0000;0.1608;0.7241;0;1;0.0015;0.2448;0.6818;Qwen 2.5-1.5B
ID_5945879465310813;0.2917;0.3496;0.8000;0.5000;0.4500;0.2000;0.2500;0.4500;0.2278;0.2741;0.6632;5;11;0.3144;0.5174;0.6074;Qwen 2.5-1.5B
ID_1508105634503621;0.2373;0.2469;0.4000;0.4000;0.3000;0.0392;0.0784;0.1176;0.0362;0.1322;0.7241;4;6;0.0510;0.1968;0.7101;Qwen 2.5-1.5B
ID_1218389465274602;0.0959;0.1086;0.0000;0.1000;0.1000;0.0000;0.0833;0.1667;0.0139;0.0964;0.6822;4;5;0.0227;0.4819;0.6482;Qwen 2.5-1.5B
ID_5170293352882261;0.5493;0.4196;0.6000;0.6000;0.3500;0.1304;0.2609;0.3043;0.1778;0.4268;0.6155;6;7;0.2031;0.5063;0.6895;Qwen 2.5-1.5B
ID_8306415631811067;0.4720;0.4122;0.6000;0.5000;0.4000;0.0789;0.1316;0.2105;0.1087;0.1921;0.6732;5;8;0.1463;0.3344;0.6176;Qwen 2.5-1.5B
ID_7285303481051362;0.2150;0.2941;0.2000;0.3000;0.3500;0.0357;0.1071;0.2500;0.0258;0.1715;0.7263;3;7;0.0856;0.2218;0.6960;Qwen 2.5-1.5B
ID_2864595160355410;0.2122;0.2532;0.2000;0.2000;0.2500;0.0526;0.1053;0.2632;0.0414;0.3063;0.7016;2;5;0.0813;0.3125;0.6920;Qwen 2.5-1.5B
ID_4993204839198672;0.2533;0.1927;0.4000;0.3000;0.2500;0.0455;0.0682;0.1136;0.0245;0.2821;0.7419;3;5;0.0365;0.2821;0.6967;Qwen 2.5-1.5B
ID_1183078302328411;0.1436;0.1267;0.2000;0.1000;0.0500;0.0833;0.0833;0.0833;0.0278;0.0880;0.6453;2;2;0.0278;0.1560;0.6897;Qwen 2.5-1.5B
ID_2644217574349073;0.3044;0.3753;0.4000;0.6000;0.5500;0.0465;0.1395;0.2558;0.0937;0.5492;0.5841;6;11;0.1632;0.6553;0.6890;Qwen 2.5-1.5B
ID_1872968283445344;0.3538;0.3127;0.2000;0.4000;0.2000;0.0714;0.2857;0.2857;0.1417;0.3529;0.6114;5;5;0.1417;0.4412;0.6450;Qwen 2.5-1.5B
ID_7569445393485879;0.4238;0.3108;0.6000;0.4000;0.2500;0.0667;0.0889;0.1111;0.0677;0.4296;0.6255;4;5;0.0762;0.4930;0.6205;Qwen 2.5-1.5B
ID_1361522424662664;0.5619;0.3626;0.6000;0.5000;0.2500;0.0811;0.1351;0.1351;0.1092;0.2606;0.6803;5;5;0.1092;0.3592;0.6870;Qwen 2.5-1.5B
ID_3589012014320121;0.1747;0.1467;0.0000;0.2000;0.1000;0.0000;0.1250;0.1250;0.0228;0.3721;0.6872;4;4;0.0228;0.4012;0.6984;Qwen 2.5-1.5B
ID_0821562324429813;0.6083;0.5601;0.8000;0.6000;0.5500;0.1667;0.2500;0.4583;0.2094;0.5115;0.6331;7;12;0.3129;0.6336;0.6541;Qwen 2.5-1.5B
ID_5377746284077362;0.5801;0.4598;0.4000;0.5000;0.3500;0.0833;0.2083;0.2917;0.1540;0.3829;0.6747;5;7;0.1992;0.4312;0.6450;Qwen 2.5-1.5B
ID_2562652838103607;0.1895;0.2292;0.2000;0.3000;0.2500;0.0312;0.0938;0.1562;0.0276;0.2611;0.7477;3;7;0.0441;0.4483;0.7307;Qwen 2.5-1.5B
ID_2951269593210008;0.3141;0.3396;0.4000;0.4000;0.2500;0.1429;0.2857;0.3571;0.1599;0.6024;0.5832;4;6;0.1923;0.6265;0.6118;Qwen 2.5-1.5B
ID_0990344839864230;0.0398;0.2265;0.0000;0.1000;0.2500;0.0000;0.0714;0.3571;0.0119;0.1237;0.7101;1;5;0.0771;0.3602;0.7180;Qwen 2.5-1.5B
ID_8509299951934973;0.0000;0.0000;0.0000;0.0000;0.0000;0.0000;0.0000;0.0000;0.0000;0.0000;0.5921;0;0;0.0000;0.0000;0.6440;Qwen 2.5-1.5B
ID_1829406809818626;0.4166;0.2858;0.4000;0.4000;0.2500;0.0500;0.1000;0.1250;0.0707;0.4693;0.3777;4;5;0.0821;0.4990;0.3179;Qwen 2.5-1.5B
ID_1896514405880465;0.0470;0.1092;0.2000;0.1000;0.1500;0.0625;0.0625;0.1875;0.0125;0.2222;0.7621;2;5;0.0308;0.3796;0.7335;Qwen 2.5-1.5B
ID_4692980070480625;0.4690;0.4794;0.6000;0.3000;0.4000;0.0833;0.0833;0.2222;0.0833;0.3525;0.7120;3;8;0.1323;0.4307;0.6848;Qwen 2.5-1.5B
ID_5990729462575602;0.5014;0.4904;1.0000;0.6000;0.4500;0.2500;0.3000;0.4500;0.3000;0.3241;0.6040;6;9;0.3904;0.3704;0.5637;Qwen 2.5-1.5B
ID_4999509031047259;0.1357;0.0876;0.0000;0.2000;0.1000;0.0000;0.0588;0.0588;0.0102;0.6977;0.6988;2;2;0.0102;0.6977;0.7359;Qwen 2.5-1.5B
ID_8031266925341697;0.2367;0.2347;0.4000;0.3000;0.2500;0.0870;0.1304;0.2174;0.0428;0.8352;0.6256;6;8;0.0693;0.8352;0.6147;Qwen 2.5-1.5B
ID_3730620853566536;0.3996;0.3421;0.6000;0.3000;0.2000;0.1154;0.1154;0.1538;0.1058;0.3839;0.7342;3;4;0.1154;0.3929;0.7016;Qwen 2.5-1.5B
ID_0472856771871140;0.4320;0.3596;0.2000;0.4000;0.2000;0.0588;0.2353;0.2353;0.0946;0.3422;0.5063;7;8;0.0946;0.3511;0.6413;Qwen 2.5-1.5B
ID_8278472628252508;0.4596;0.3376;0.4000;0.4000;0.2500;0.0833;0.1667;0.2083;0.1179;0.3430;0.6929;4;5;0.1309;0.3543;0.7658;Qwen 2.5-1.5B
ID_2323085679807602;0.2727;0.3114;0.0000;0.4000;0.4000;0.0000;0.1143;0.2286;0.0322;0.5752;0.5983;4;8;0.0744;0.6307;0.5803;Qwen 2.5-1.5B
ID_6775629541151867;0.0636;0.1797;0.0000;0.1000;0.1500;0.0000;0.1000;0.3000;0.0100;0.7400;0.6603;1;3;0.0513;0.9300;0.6024;Qwen 2.5-1.5B
ID_6474240798904132;0.5174;0.4096;0.6000;0.4000;0.3000;0.0811;0.1081;0.1622;0.0851;0.2705;0.6462;4;6;0.1089;0.4444;0.7347;Qwen 2.5-1.5B
ID_6142558410927273;0.2964;0.3194;0.4000;0.2000;0.1500;0.1250;0.1250;0.1875;0.1250;0.3614;0.7415;3;6;0.1367;0.3687;0.7166;Qwen 2.5-1.5B
ID_5916017746341882;0.4000;0.3609;0.6000;0.3000;0.3000;0.0882;0.0882;0.1765;0.0618;0.3488;0.6791;3;6;0.0876;0.3972;0.6766;Qwen 2.5-1.5B
ID_8970751075617926;0.3590;0.2677;0.4000;0.2000;0.1000;0.1111;0.1111;0.1111;0.1111;0.1805;0.6814;2;2;0.1111;0.1976;0.5532;Qwen 2.5-1.5B
ID_0370020634398898;0.3620;0.2584;0.6000;0.3000;0.1500;0.1364;0.1364;0.1364;0.1098;0.5700;0.7590;3;3;0.1098;0.6050;0.7405;Qwen 2.5-1.5B
ID_5456839333813472;0.5108;0.3771;0.6000;0.5000;0.3000;0.1111;0.1852;0.2222;0.1389;0.2034;0.7512;5;6;0.1512;0.3305;0.7606;Qwen 2.5-1.5B
ID_3787147041050694;0.1930;0.2430;0.2000;0.3000;0.2500;0.0625;0.1875;0.3125;0.0755;0.1882;0.5513;4;7;0.1120;0.2294;0.6177;Qwen 2.5-1.5B
ID_1051299337471169;0.4094;0.4151;0.6000;0.4000;0.3500;0.1500;0.2000;0.3500;0.1500;0.4007;0.6487;6;9;0.2111;0.4468;0.6302;Qwen 2.5-1.5B
ID_8355947667910941;0.4794;0.3490;0.8000;0.6000;0.3500;0.1143;0.1714;0.2000;0.1106;0.6786;0.4039;6;7;0.1288;0.6786;0.3461;Qwen 2.5-1.5B
ID_0524125552949586;0.2429;0.3126;0.4000;0.3000;0.3500;0.0667;0.1000;0.2333;0.0532;0.2413;0.5780;3;7;0.0987;0.6434;0.6198;Qwen 2.5-1.5B
ID_5415710300902388;0.4736;0.3249;0.6000;0.5000;0.3000;0.0698;0.1163;0.1395;0.0665;0.4912;0.6594;5;7;0.0747;0.5263;0.6651;Qwen 2.5-1.5B
ID_1339618330655263;0.2438;0.2772;0.4000;0.4000;0.5000;0.0444;0.0889;0.2222;0.0422;0.7778;0.5918;4;11;0.1129;0.7963;0.6370;Qwen 2.5-1.5B
ID_1162362624079364;0.6443;0.6126;0.6000;0.6000;0.4000;0.1667;0.3333;0.4444;0.2712;0.2857;0.6327;7;11;0.3436;0.3036;0.6863;Qwen 2.5-1.5B
ID_3457219624656691;0.8109;0.5588;0.6000;0.8000;0.4500;0.0732;0.1951;0.2195;0.1539;0.2050;0.7336;9;10;0.1685;0.2143;0.7331;Qwen 2.5-1.5B
ID_9089204821424223;0.3785;0.3118;0.4000;0.3000;0.2500;0.0488;0.0732;0.1220;0.0439;0.2348;0.7152;3;5;0.0564;0.2955;0.7305;Qwen 2.5-1.5B
ID_4933620329566048;0.1809;0.2169;0.4000;0.2000;0.1500;0.1667;0.1667;0.2500;0.1389;0.0662;0.5439;3;4;0.1528;0.1080;0.6897;Qwen 2.5-1.5B
ID_7529510499149375;0.5019;0.3952;0.4000;0.5000;0.3500;0.0392;0.0980;0.1373;0.0621;0.1812;0.6760;5;7;0.0791;0.2031;0.6575;Qwen 2.5-1.5B
ID_6089287551555329;0.2616;0.1827;0.4000;0.3000;0.1500;0.0417;0.0625;0.0625;0.0486;0.2000;0.5292;3;3;0.0486;0.2048;0.6042;Qwen 2.5-1.5B
ID_6731029375224939;0.0406;0.0784;0.2000;0.1000;0.1500;0.0238;0.0238;0.0714;0.0060;0.2401;0.3941;1;3;0.0141;0.2586;0.4294;Qwen 2.5-1.5B
ID_2086707959173246;0.2850;0.2184;0.2000;0.4000;0.2000;0.0357;0.1429;0.1429;0.0557;0.4266;0.5835;5;5;0.0557;0.4336;0.5702;Qwen 2.5-1.5B
ID_9469987954896496;0.6422;0.5702;0.8000;0.5000;0.5000;0.1026;0.1282;0.2564;0.1239;0.4688;0.6764;5;10;0.1883;0.5529;0.6390;Qwen 2.5-1.5B
ID_7728389320504879;0.0999;0.1407;0.0000;0.2000;0.2000;0.0000;0.0741;0.1481;0.0144;0.5447;0.6629;2;4;0.0335;0.5976;0.6505;Qwen 2.5-1.5B
ID_8855936483074666;0.3866;0.3493;0.6000;0.4000;0.3000;0.1154;0.1538;0.2308;0.1092;0.4596;0.6556;5;7;0.1320;0.5839;0.6810;Qwen 2.5-1.5B
ID_7927416076958362;0.3315;0.3479;0.4000;0.4000;0.3500;0.0952;0.1905;0.3333;0.0866;0.6559;0.6085;4;7;0.1559;0.7204;0.6675;Qwen 2.5-1.5B
ID_3713459809920718;0.0000;0.0000;0.0000;0.0000;0.0000;0.0000;0.0000;0.0000;0.0000;0.0882;0.7498;0;0;0.0000;0.1176;0.6943;Qwen 2.5-1.5B
ID_8705409187799501;0.1620;0.2336;0.2000;0.1000;0.1000;0.2500;0.2500;0.5000;0.1250;0.6190;0.6099;1;2;0.1705;0.6190;0.6138;Qwen 2.5-1.5B
ID_2726230162746149;0.2060;0.1540;0.6000;0.3000;0.1500;0.1200;0.1200;0.1200;0.0707;0.1299;0.6966;3;3;0.0707;0.1348;0.7316;Qwen 2.5-1.5B
ID_4150524692179865;0.1473;0.1612;0.2000;0.2000;0.1500;0.0909;0.1818;0.2727;0.0364;0.1871;0.6876;3;4;0.0545;0.2381;0.7215;Qwen 2.5-1.5B
ID_3897283209013869;0.4445;0.4054;0.8000;0.4000;0.2500;0.1667;0.1667;0.2083;0.1583;0.3196;0.7029;4;5;0.1744;0.3196;0.6235;Qwen 2.5-1.5B
ID_6460447408144781;0.3964;0.3306;0.4000;0.3000;0.3000;0.0500;0.0750;0.1500;0.0500;0.4086;0.6524;3;7;0.0762;0.4714;0.6725;Qwen 2.5-1.5B
ID_6446612054631446;0.6222;0.4371;0.6000;0.8000;0.4500;0.1000;0.2667;0.3000;0.1825;0.4912;0.7192;8;9;0.2025;0.5219;0.7387;Qwen 2.5-1.5B
ID_2289579163604428;0.4441;0.2866;0.6000;0.3000;0.1500;0.0909;0.0909;0.0909;0.0788;0.4169;0.6481;3;3;0.0788;0.4647;0.6551;Qwen 2.5-1.5B
ID_2339346345530509;0.5432;0.3506;0.6000;0.6000;0.3000;0.0882;0.1765;0.1765;0.1166;0.2938;0.7067;7;7;0.1166;0.2938;0.7035;Qwen 2.5-1.5B
ID_6171517695707255;0.0868;0.1838;0.2000;0.1000;0.1500;0.1000;0.1000;0.3000;0.0250;0.1724;0.7046;2;4;0.0604;0.1954;0.7386;Qwen 2.5-1.5B
ID_6455990478032543;0.5993;0.4097;0.8000;0.5000;0.2500;0.2222;0.2778;0.2778;0.2134;0.2320;0.6772;6;6;0.2134;0.2382;0.6596;Qwen 2.5-1.5B
ID_9763437636509266;0.2574;0.1917;0.2000;0.3000;0.1500;0.0625;0.1875;0.1875;0.0569;0.1123;0.7639;4;4;0.0569;0.1176;0.7267;Qwen 2.5-1.5B
ID_0007332204631197;0.4230;0.3414;0.4000;0.4000;0.3000;0.0667;0.1333;0.2000;0.0833;0.3206;0.6338;4;6;0.1050;0.3301;0.6879;Qwen 2.5-1.5B
ID_1124100372440117;0.4747;0.4049;0.8000;0.9000;0.5000;0.1600;0.3600;0.4000;0.3342;0.1130;0.6980;9;10;0.3675;0.1391;0.7021;Qwen 2.5-1.5B
ID_6217509029802638;0.5364;0.5591;0.6000;0.6000;0.4500;0.1579;0.3158;0.4737;0.2315;0.3977;0.7171;7;10;0.3365;0.6591;0.6564;Qwen 2.5-1.5B
ID_7471111924336519;0.2759;0.3406;0.4000;0.2000;0.1500;0.2857;0.2857;0.4286;0.1190;0.1837;0.6316;2;3;0.1548;0.2245;0.6526;Qwen 2.5-1.5B
ID_8602960801642916;0.3440;0.3339;0.6000;0.3000;0.2500;0.1875;0.1875;0.3125;0.1104;0.4440;0.6350;4;6;0.1399;0.4896;0.6736;Qwen 2.5-1.5B
ID_6492048904483467;0.4528;0.3385;0.6000;0.6000;0.3000;0.0968;0.1935;0.1935;0.1467;0.3876;0.5234;6;6;0.1467;0.3971;0.4631;Qwen 2.5-1.5B
ID_7454736736043931;0.1772;0.1472;0.2000;0.3000;0.2000;0.0256;0.0769;0.1026;0.0185;0.3603;0.6071;3;4;0.0239;0.3824;0.6888;Qwen 2.5-1.5B
ID_4031565135568125;0.0694;0.2212;0.0000;0.1000;0.2000;0.0000;0.0714;0.2857;0.0089;0.7449;0.6015;1;5;0.0588;0.7959;0.6440;Qwen 2.5-1.5B
ID_6505039023842313;0.2684;0.3662;0.2000;0.2000;0.2500;0.0833;0.1667;0.4167;0.1019;0.2421;0.7156;2;5;0.1673;0.5579;0.7172;Qwen 2.5-1.5B
ID_1387531666012807;0.7661;0.5299;0.8000;0.8000;0.4500;0.1379;0.2759;0.3103;0.2506;0.1575;0.7306;8;9;0.2713;0.2126;0.7360;Qwen 2.5-1.5B
ID_0544144585124313;0.2201;0.1420;0.2000;0.1000;0.0500;0.0222;0.0222;0.0222;0.0222;0.4796;0.3844;1;1;0.0222;0.4796;0.3500;Qwen 2.5-1.5B
ID_3302216368941503;0.5518;0.3726;0.4000;0.5000;0.3000;0.0455;0.1136;0.1364;0.0726;0.1367;0.6590;6;7;0.0840;0.1526;0.6978;Qwen 2.5-1.5B
ID_3767979348338740;0.1920;0.1239;0.4000;0.4000;0.2000;0.0426;0.0851;0.0851;0.0366;0.1749;0.6102;4;4;0.0366;0.1844;0.7178;Qwen 2.5-1.5B
ID_3165995344927892;0.7370;0.5878;0.8000;0.7000;0.5500;0.1538;0.2692;0.4231;0.2488;0.4588;0.7498;7;12;0.3342;0.5265;0.6138;Qwen 2.5-1.5B
ID_8352745170435172;0.3812;0.3153;0.4000;0.6000;0.4500;0.0444;0.1333;0.2000;0.0747;0.4069;0.7798;7;10;0.1157;0.4141;0.7540;Qwen 2.5-1.5B
ID_3792275882221002;0.2579;0.2317;0.4000;0.3000;0.2000;0.0952;0.1429;0.1905;0.0714;0.0109;0.6813;3;5;0.0873;0.1196;0.6920;Qwen 2.5-1.5B
ID_0308213196926774;0.2687;0.3567;0.2000;0.3000;0.4000;0.0233;0.0698;0.1860;0.0238;0.1609;0.5878;3;8;0.0731;0.2452;0.6504;Qwen 2.5-1.5B
ID_4407403389440011;0.1959;0.1969;0.2000;0.2000;0.1500;0.0769;0.1538;0.2308;0.0374;0.5736;0.6617;5;6;0.0583;0.5853;0.6893;Qwen 2.5-1.5B
ID_6478091924064864;0.3996;0.2926;0.4000;0.3000;0.2000;0.0465;0.0698;0.0930;0.0475;0.2024;0.7255;3;4;0.0533;0.2843;0.7099;Qwen 2.5-1.5B
ID_7866377101423210;0.5510;0.4219;0.6000;0.5000;0.3500;0.0882;0.1471;0.2059;0.0977;0.6436;0.7167;5;7;0.1184;0.6832;0.7075;Qwen 2.5-1.5B
ID_4933326132948063;0.0866;0.1401;0.0000;0.1000;0.1500;0.0000;0.0625;0.1875;0.0104;0.2185;0.7160;2;6;0.0353;0.3277;0.7273;Qwen 2.5-1.5B
ID_0471595469074043;0.2201;0.1420;0.2000;0.1000;0.0500;0.0345;0.0345;0.0345;0.0345;0.3431;0.5686;1;1;0.0345;0.4020;0.7353;Qwen 2.5-1.5B
ID_6696857617864852;0.1057;0.0922;0.0000;0.2000;0.1500;0.0000;0.0800;0.1200;0.0147;0.1670;0.6088;2;3;0.0256;0.2126;0.6180;Qwen 2.5-1.5B
ID_9364148865735922;0.3945;0.2598;0.2000;0.3000;0.1500;0.0333;0.1000;0.1000;0.0587;0.5315;0.6546;5;6;0.0587;0.5425;0.6904;Qwen 2.5-1.5B
ID_0653707912025034;0.3982;0.4485;0.4000;0.5000;0.4000;0.1176;0.2941;0.4706;0.1755;0.3895;0.7184;5;8;0.2620;0.5053;0.6930;Qwen 2.5-1.5B
ID_2364016372924935;0.3406;0.2198;0.6000;0.4000;0.2000;0.0811;0.1081;0.1081;0.0613;0.3202;0.6917;4;4;0.0613;0.3399;0.7074;Qwen 2.5-1.5B
ID_2523040704958733;0.1891;0.1381;0.4000;0.2000;0.1000;0.0870;0.0870;0.0870;0.0652;0.1400;0.7056;2;2;0.0652;0.1707;0.6916;Qwen 2.5-1.5B
ID_5860088594236271;0.5033;0.3772;0.6000;0.4000;0.3000;0.0698;0.0930;0.1395;0.0717;0.1850;0.6233;4;6;0.0906;0.2486;0.6843;Qwen 2.5-1.5B
ID_4768528057390837;0.1018;0.0657;0.0000;0.2000;0.1000;0.0000;0.0500;0.0500;0.0091;0.0512;0.7812;2;2;0.0091;0.1811;0.7610;Qwen 2.5-1.5B
ID_1571839544168040;0.3922;0.3851;0.6000;0.6000;0.4000;0.1429;0.2857;0.3810;0.1975;0.4643;0.6457;6;8;0.2532;0.4643;0.5990;Qwen 2.5-1.5B
ID_6225394638610694;0.0000;0.0000;0.0000;0.0000;0.0000;0.0000;0.0000;0.0000;0.0000;0.3133;0.6865;0;0;0.0000;0.3133;0.7518;Qwen 2.5-1.5B
ID_6532338737692493;0.7812;0.5496;0.8000;0.7000;0.3500;0.2000;0.3500;0.3500;0.3134;0.1258;0.6492;8;11;0.3134;0.1623;0.7214;Qwen 2.5-1.5B
ID_5265254209364825;0.4383;0.3915;0.4000;0.4000;0.3500;0.0606;0.1212;0.2121;0.0808;0.0694;0.7541;4;7;0.1188;0.3266;0.7587;Qwen 2.5-1.5B
ID_6374279398246756;0.5281;0.4326;0.6000;0.5000;0.4000;0.0882;0.1471;0.2353;0.1168;0.1915;0.7363;6;9;0.1600;0.2128;0.7251;Qwen 2.5-1.5B
ID_6801014238742352;0.4444;0.3465;0.8000;0.5000;0.3000;0.1429;0.1786;0.2143;0.1268;0.0806;0.7560;5;6;0.1387;0.1774;0.7646;Qwen 2.5-1.5B
ID_9385929088657818;0.4035;0.4513;0.4000;0.3000;0.4000;0.0952;0.1429;0.3810;0.0998;0.2778;0.7012;3;8;0.1879;0.3056;0.6832;Qwen 2.5-1.5B
ID_2509301929350826;0.4243;0.3172;0.6000;0.4000;0.2000;0.1034;0.1379;0.1379;0.0954;0.3200;0.4779;4;4;0.0954;0.3200;0.4779;Qwen 2.5-1.5B
ID_7966465975599953;0.3128;0.2019;0.2000;0.4000;0.2000;0.0323;0.1290;0.1290;0.0470;0.1195;0.6256;4;4;0.0470;0.1254;0.6412;Qwen 2.5-1.5B
ID_9157226124301186;0.1389;0.1064;0.2000;0.1000;0.0500;0.0500;0.0500;0.0500;0.0250;0.0381;0.5735;1;1;0.0250;0.1463;0.6556;Qwen 2.5-1.5B
ID_9171504422944800;0.3114;0.2849;0.4000;0.2000;0.1000;0.1818;0.1818;0.1818;0.1061;0.5069;0.6721;2;2;0.1061;0.5346;0.6498;Qwen 2.5-1.5B
ID_9092018794878372;0.0000;0.0000;0.0000;0.0000;0.0000;0.0000;0.0000;0.0000;0.0000;0.4227;0.7164;0;0;0.0000;0.5567;0.7102;Qwen 2.5-1.5B
ID_5162043375426666;0.5965;0.3850;0.4000;0.6000;0.3000;0.0435;0.1304;0.1304;0.0810;0.3028;0.6410;6;6;0.0810;0.4648;0.5243;Qwen 2.5-1.5B
ID_1980789059908737;0.6872;0.6264;0.8000;0.6000;0.5500;0.0755;0.1132;0.2075;0.0948;0.7707;0.6906;6;11;0.1553;0.7962;0.6578;Qwen 2.5-1.5B
ID_7708469164258322;0.6003;0.4797;1.0000;0.5000;0.3000;0.1613;0.1613;0.1935;0.1613;0.2556;0.6191;5;6;0.1774;0.2825;0.6369;Qwen 2.5-1.5B
ID_4095512091254454;0.5183;0.4764;0.6000;0.5000;0.3000;0.1765;0.2941;0.3529;0.2577;0.8543;0.5520;5;6;0.2763;0.9196;0.5183;Qwen 2.5-1.5B
ID_7359896733836304;0.1347;0.1007;0.2000;0.2000;0.1000;0.0476;0.0952;0.0952;0.0278;0.4164;0.7130;3;3;0.0278;0.4164;0.7032;Qwen 2.5-1.5B
ID_3553837998751021;0.0000;0.0000;0.0000;0.0000;0.0000;0.0000;0.0000;0.0000;0.0000;0.0510;0.1168;0;0;0.0000;0.0510;0.1168;Qwen 2.5-1.5B
ID_0037573905724394;0.6204;0.4428;0.8000;0.5000;0.2500;0.1333;0.1667;0.1667;0.1452;0.3471;0.5921;5;5;0.1452;0.3490;0.6179;Qwen 2.5-1.5B
ID_3452982259415951;0.0437;0.1492;0.0000;0.0000;0.1000;0.0000;0.0000;0.4000;0.0000;0.2687;0.6109;1;4;0.0367;0.4030;0.6458;Qwen 2.5-1.5B
ID_1262866723506084;0.4117;0.3718;0.6000;0.3000;0.3500;0.1000;0.1000;0.2333;0.0917;0.2868;0.6648;4;10;0.1371;0.3897;0.6672;Qwen 2.5-1.5B
ID_2555147881487724;0.3309;0.2135;0.4000;0.4000;0.2000;0.0588;0.1176;0.1176;0.0457;0.5221;0.6629;4;4;0.0457;0.6106;0.6714;Qwen 2.5-1.5B
ID_4679830870331445;0.4985;0.3503;0.6000;0.5000;0.3000;0.1111;0.1852;0.2222;0.1441;0.4298;0.7106;5;6;0.1600;0.4421;0.6619;Qwen 2.5-1.5B
ID_7853140708995178;0.0305;0.0771;0.0000;0.0000;0.0500;0.0000;0.0000;0.1429;0.0000;0.1930;0.6320;2;5;0.0119;0.2632;0.6475;Qwen 2.5-1.5B
ID_1976344298387988;0.4690;0.3983;0.6000;0.3000;0.2000;0.1304;0.1304;0.1739;0.1304;0.0524;0.6996;3;4;0.1413;0.0734;0.6918;Qwen 2.5-1.5B
ID_1668340601837069;0.3234;0.2679;0.6000;0.4000;0.3000;0.1071;0.1429;0.2143;0.1101;0.1169;0.5911;4;6;0.1428;0.1532;0.6158;Qwen 2.5-1.5B
ID_0419443097971251;0.0000;0.0000;0.0000;0.0000;0.0000;0.0000;0.0000;0.0000;0.0000;0.4764;0.6480;0;0;0.0000;0.6178;0.6055;Qwen 2.5-1.5B
ID_0128689067297674;0.3843;0.2853;0.4000;0.3000;0.2000;0.0417;0.0625;0.0833;0.0391;0.0848;0.6384;3;4;0.0455;0.0954;0.7186;Qwen 2.5-1.5B
ID_4259402010746015;0.2895;0.1980;0.2000;0.2000;0.1000;0.0476;0.0952;0.0952;0.0595;0.2973;0.4672;2;2;0.0595;0.2973;0.6425;Qwen 2.5-1.5B
ID_9279262545449206;0.1428;0.1726;0.0000;0.2000;0.2500;0.0000;0.0556;0.1389;0.0109;0.3190;0.5707;2;5;0.0293;0.4397;0.5988;Qwen 2.5-1.5B
ID_2876196606157039;0.7075;0.5999;0.8000;0.6000;0.3000;0.2353;0.3529;0.3529;0.3097;0.3913;0.7350;6;8;0.3097;0.3992;0.7244;Qwen 2.5-1.5B
ID_6638697951841821;0.3590;0.3073;0.4000;0.2000;0.2000;0.0870;0.0870;0.1739;0.0870;0.3810;0.2043;2;4;0.1112;0.3895;0.2219;Qwen 2.5-1.5B
ID_0574758575822571;0.3955;0.3580;0.8000;0.5000;0.4000;0.1212;0.1515;0.2424;0.1013;0.5425;0.5666;5;8;0.1388;0.5849;0.7021;Qwen 2.5-1.5B
ID_5330038705900274;0.4823;0.4140;0.6000;0.3000;0.1500;0.2143;0.2143;0.2143;0.1726;0.6224;0.6788;3;3;0.1726;0.6327;0.6493;Qwen 2.5-1.5B
ID_8547934593183920;0.3565;0.3326;0.6000;0.5000;0.3500;0.1111;0.1852;0.2593;0.1189;0.7041;0.6220;5;7;0.1499;0.7574;0.6032;Qwen 2.5-1.5B
ID_1364246301366731;0.0931;0.1240;0.2000;0.2000;0.1500;0.0588;0.1176;0.1765;0.0490;0.2953;0.5565;2;3;0.0600;0.5515;0.6110;Qwen 2.5-1.5B
ID_1128395832959780;0.3686;0.3785;0.6000;0.4000;0.5000;0.0882;0.1176;0.2941;0.0858;0.2096;0.6764;4;10;0.1715;0.4124;0.6553;Qwen 2.5-1.5B
ID_5118629875846648;0.5680;0.4446;0.4000;0.5000;0.3500;0.0741;0.1852;0.2593;0.1290;0.2545;0.7288;5;7;0.1708;0.2803;0.7505;Qwen 2.5-1.5B
ID_0484982277336205;0.7968;0.5497;1.0000;0.7000;0.4000;0.1190;0.1667;0.1905;0.1637;0.3466;0.7527;7;8;0.1764;0.5487;0.7712;Qwen 2.5-1.5B
ID_2602949498335989;0.3861;0.2640;0.6000;0.4000;0.2000;0.0938;0.1250;0.1250;0.0865;0.3819;0.6891;5;5;0.0865;0.3963;0.7201;Qwen 2.5-1.5B
ID_5923720330718235;0.3752;0.4163;0.2000;0.3000;0.3500;0.0370;0.1111;0.2593;0.0617;0.3274;0.6325;4;8;0.1156;0.3363;0.5764;Qwen 2.5-1.5B
ID_2861424806494103;0.4000;0.2582;0.6000;0.3000;0.1500;0.0882;0.0882;0.0882;0.0618;0.4678;0.6876;3;3;0.0618;0.5029;0.7009;Qwen 2.5-1.5B
ID_4671203889895341;0.0000;0.0000;0.0000;0.0000;0.0000;0.0000;0.0000;0.0000;0.0000;0.0196;0.3879;0;0;0.0000;0.0196;0.3976;Qwen 2.5-1.5B
ID_4043924606392112;0.1803;0.1437;0.0000;0.4000;0.2000;0.0000;0.1481;0.1481;0.0417;0.2833;0.6588;5;5;0.0417;0.2867;0.6324;Qwen 2.5-1.5B
ID_9170893104155674;0.0000;0.0341;0.0000;0.0000;0.0500;0.0000;0.0000;0.0370;0.0000;0.0316;0.6138;0;1;0.0022;0.1105;0.6049;Qwen 2.5-1.5B
ID_3991335284097878;0.2465;0.2567;0.2000;0.3000;0.2000;0.0714;0.2143;0.2857;0.0649;0.5472;0.6462;4;5;0.0869;0.6415;0.5731;Qwen 2.5-1.5B
ID_1802668440782138;0.6332;0.6508;0.8000;0.5000;0.5500;0.1905;0.2381;0.5238;0.2202;0.6216;0.4007;5;11;0.3796;0.7500;0.5611;Qwen 2.5-1.5B
ID_0211323355347168;0.1636;0.2011;0.2000;0.2000;0.2500;0.0333;0.0667;0.1667;0.0278;0.2325;0.6394;4;9;0.0519;0.3377;0.7594;Qwen 2.5-1.5B
ID_5635972225700254;0.5329;0.4378;0.4000;0.5000;0.4000;0.0800;0.2000;0.3200;0.1251;0.2897;0.5897;5;9;0.1691;0.4953;0.5957;Qwen 2.5-1.5B
ID_1616204547689304;0.1047;0.1104;0.2000;0.1000;0.1000;0.0526;0.0526;0.1053;0.0132;0.4085;0.7102;2;4;0.0193;0.5214;0.7278;Qwen 2.5-1.5B
ID_0560039556461253;0.4475;0.4243;0.8000;0.5000;0.4500;0.0800;0.1000;0.1800;0.0900;0.2662;0.7667;5;9;0.1242;0.4320;0.7189;Qwen 2.5-1.5B
ID_3455204481678421;0.7027;0.5113;0.8000;0.7000;0.4000;0.1053;0.1842;0.2105;0.1584;0.5888;0.5775;7;9;0.1701;0.5971;0.6618;Qwen 2.5-1.5B
ID_8938461112152405;0.3680;0.3779;0.4000;0.2000;0.3000;0.0800;0.0800;0.2400;0.0800;0.4095;0.6748;3;7;0.1254;0.4353;0.5602;Qwen 2.5-1.5B
ID_5552833362200954;0.3503;0.2500;0.2000;0.4000;0.2000;0.0400;0.1600;0.1600;0.0643;0.2584;0.5300;4;4;0.0643;0.2921;0.5443;Qwen 2.5-1.5B
ID_0914668307033301;0.4504;0.4039;0.2000;0.4000;0.2000;0.0714;0.2857;0.2857;0.1544;0.5755;0.7859;4;5;0.1544;0.5891;0.7747;Qwen 2.5-1.5B
ID_1990435630619505;0.3529;0.3290;0.4000;0.2000;0.1500;0.1000;0.1000;0.1500;0.1000;0.4405;0.6153;5;6;0.1107;0.4762;0.6407;Qwen 2.5-1.5B
ID_4962820320879891;0.1770;0.2909;0.2000;0.3000;0.4000;0.0222;0.0667;0.1778;0.0190;0.3245;0.7024;3;8;0.0617;0.4075;0.6981;Qwen 2.5-1.5B
ID_0084300900034108;0.3590;0.2939;0.4000;0.2000;0.1000;0.1053;0.1053;0.1053;0.1053;0.1776;0.7585;2;2;0.1053;0.2336;0.7540;Qwen 2.5-1.5B
ID_1888879974374014;0.7412;0.5559;0.6000;0.7000;0.4500;0.0882;0.2059;0.2647;0.1664;0.3316;0.7624;7;10;0.2022;0.3564;0.7283;Qwen 2.5-1.5B
ID_3061734732654188;0.2410;0.3049;0.0000;0.4000;0.4000;0.0000;0.1667;0.3333;0.0494;0.1739;0.7182;5;9;0.1229;0.3261;0.7010;Qwen 2.5-1.5B
ID_3594651355252245;0.3440;0.3034;0.4000;0.3000;0.2000;0.0952;0.1429;0.1905;0.0918;0.1061;0.6249;4;5;0.1024;0.1973;0.6614;Qwen 2.5-1.5B
ID_8739431159426389;0.0948;0.1700;0.2000;0.1000;0.2000;0.0286;0.0286;0.1143;0.0071;0.0433;0.7073;1;4;0.0245;0.1038;0.6891;Qwen 2.5-1.5B
ID_7050638697696950;0.0000;0.0000;0.0000;0.0000;0.0000;0.0000;0.0000;0.0000;0.0000;0.0063;0.6307;0;0;0.0000;0.0063;0.6048;Qwen 2.5-1.5B
ID_3781815204303241;0.2854;0.2593;0.6000;0.3000;0.2000;0.1111;0.1111;0.1481;0.0654;0.3120;0.6877;3;4;0.0789;0.3386;0.7347;Qwen 2.5-1.5B
ID_3394181280355442;0.1105;0.1179;0.4000;0.2000;0.1500;0.1429;0.1429;0.2143;0.0464;0.1437;0.6804;3;4;0.0598;0.1796;0.6982;Qwen 2.5-1.5B
ID_7927685281122435;0.2565;0.2968;0.6000;0.4000;0.3500;0.1111;0.1481;0.2593;0.0858;0.4141;0.7167;4;7;0.1344;0.6172;0.7079;Qwen 2.5-1.5B
ID_3900177177421722;0.3689;0.2819;0.4000;0.2000;0.1000;0.1000;0.1000;0.1000;0.1000;0.8417;0.6584;3;4;0.1000;0.8458;0.7195;Qwen 2.5-1.5B
ID_0915732258069388;0.7201;0.5858;0.6000;0.6000;0.3500;0.1579;0.3158;0.3684;0.2446;0.2331;0.6175;6;7;0.2651;0.2627;0.6241;Qwen 2.5-1.5B
ID_6341248082936350;0.3301;0.2131;0.4000;0.2000;0.1000;0.0488;0.0488;0.0488;0.0407;0.3529;0.6369;2;2;0.0407;0.4412;0.6990;Qwen 2.5-1.5B
ID_8634866589762862;0.0606;0.1421;0.0000;0.1000;0.2000;0.0000;0.0526;0.2105;0.0088;0.2830;0.7110;1;4;0.0477;0.3779;0.6930;Qwen 2.5-1.5B
ID_8992951405803858;0.1420;0.1314;0.0000;0.2000;0.1500;0.0000;0.1000;0.1500;0.0183;0.2308;0.6714;2;3;0.0258;0.2829;0.6696;Qwen 2.5-1.5B
ID_8555278845050226;0.1373;0.1282;0.2000;0.2000;0.1500;0.0263;0.0526;0.0789;0.0140;0.2126;0.7442;2;3;0.0212;0.2835;0.7195;Qwen 2.5-1.5B
ID_6420054948441113;0.0634;0.0907;0.0000;0.2000;0.2000;0.0000;0.0476;0.0952;0.0099;0.4000;0.6001;2;4;0.0214;0.4976;0.4900;Qwen 2.5-1.5B
ID_3784957422020764;0.5389;0.3947;0.8000;0.4000;0.2500;0.1176;0.1176;0.1471;0.1044;0.3416;0.5682;4;5;0.1178;0.3986;0.5712;Qwen 2.5-1.5B
ID_2747150211073176;0.0000;0.0000;0.0000;0.0000;0.0000;0.0000;0.0000;0.0000;0.0000;0.0000;0.5780;0;0;0.0000;0.0000;0.5780;Qwen 2.5-1.5B
ID_6646435354431954;0.2259;0.2939;0.4000;0.2000;0.1500;0.1818;0.1818;0.2727;0.1061;0.2288;0.6135;2;4;0.1221;0.2549;0.6643;Qwen 2.5-1.5B
ID_2121686219033754;0.5321;0.3583;0.6000;0.4000;0.2500;0.0882;0.1176;0.1471;0.1005;0.1461;0.8004;4;5;0.1097;0.2247;0.7978;Qwen 2.5-1.5B
ID_0517841867884236;0.5077;0.3941;0.6000;0.4000;0.3000;0.0625;0.0833;0.1250;0.0625;0.5890;0.6514;4;6;0.0749;0.7120;0.6982;Qwen 2.5-1.5B
ID_6562497517787376;0.4671;0.3584;0.4000;0.4000;0.3000;0.0556;0.1111;0.1667;0.0693;0.3103;0.6778;4;7;0.0896;0.3229;0.7409;Qwen 2.5-1.5B
ID_2253678905578777;0.3508;0.2753;0.4000;0.4000;0.2500;0.0526;0.1053;0.1316;0.0789;0.5208;0.5631;5;6;0.0909;0.5208;0.4654;Qwen 2.5-1.5B
ID_8884263402852992;0.2160;0.2852;0.2000;0.3000;0.2000;0.1111;0.3333;0.4444;0.1021;0.8462;0.6232;3;6;0.1299;0.8615;0.6542;Qwen 2.5-1.5B
ID_3669511350633933;0.3594;0.3015;0.6000;0.5000;0.3500;0.1071;0.1786;0.2500;0.1067;0.1212;0.6626;5;7;0.1399;0.1939;0.6652;Qwen 2.5-1.5B
ID_1046967561370777;0.0851;0.1808;0.2000;0.1000;0.1000;0.0909;0.0909;0.1818;0.0303;0.4189;0.5815;1;2;0.0443;0.5676;0.6399;Qwen 2.5-1.5B
ID_0095550072802463;0.2015;0.1923;0.2000;0.3000;0.2000;0.0625;0.1875;0.2500;0.0708;0.1774;0.7646;3;4;0.0840;0.2742;0.7293;Qwen 2.5-1.5B
ID_2658762200370578;0.3547;0.3152;0.2000;0.3000;0.2000;0.0625;0.1875;0.2500;0.0729;0.1618;0.5222;3;4;0.0908;0.2081;0.6345;Qwen 2.5-1.5B
ID_0700137809969252;0.2740;0.2143;0.2000;0.3000;0.1500;0.0476;0.1429;0.1429;0.0437;0.2614;0.7787;5;5;0.0437;0.2801;0.7752;Qwen 2.5-1.5B
ID_2713375538068664;0.0113;0.0750;0.0000;0.0000;0.0500;0.0000;0.0000;0.0769;0.0000;0.2304;0.6673;1;3;0.0070;0.4304;0.6494;Qwen 2.5-1.5B
ID_3867942762661182;0.5055;0.3635;0.8000;0.4000;0.2500;0.1176;0.1176;0.1471;0.1118;0.3036;0.7196;4;5;0.1231;0.4643;0.7335;Qwen 2.5-1.5B
ID_4548734294382889;0.3402;0.3065;0.4000;0.5000;0.4000;0.0500;0.1250;0.2000;0.0615;0.3995;0.7274;5;8;0.0949;0.4874;0.7217;Qwen 2.5-1.5B
ID_7930540518087267;0.2932;0.3463;0.4000;0.4000;0.4000;0.0870;0.1739;0.3478;0.0772;0.4064;0.6375;5;9;0.1576;0.4809;0.6649;Qwen 2.5-1.5B
ID_3852736184581900;0.4000;0.4376;0.6000;0.3000;0.4000;0.1071;0.1071;0.2857;0.0750;0.4444;0.6914;3;8;0.1464;0.4938;0.6007;Qwen 2.5-1.5B
ID_7591029585871788;0.3838;0.4493;0.4000;0.5000;0.4500;0.1333;0.3333;0.6000;0.1687;0.4667;0.6027;6;10;0.2860;0.5556;0.6896;Qwen 2.5-1.5B
ID_4028993334703256;0.5390;0.4450;0.8000;0.7000;0.4000;0.0976;0.1707;0.1951;0.1559;0.6057;0.6877;7;8;0.1736;0.6237;0.7106;Qwen 2.5-1.5B
ID_8906707362461289;0.3473;0.3473;0.4000;0.2000;0.1000;0.3333;0.3333;0.3333;0.1667;0.1875;0.7491;2;2;0.1667;0.4062;0.7631;Qwen 2.5-1.5B
ID_7913302545613108;0.4284;0.3429;0.4000;0.3000;0.1500;0.1250;0.1875;0.1875;0.1484;0.2746;0.7149;3;3;0.1484;0.3380;0.5962;Qwen 2.5-1.5B
ID_2329499237357364;0.3611;0.3229;0.2000;0.2000;0.1500;0.0667;0.1333;0.2000;0.0857;0.0852;0.6307;2;3;0.1024;0.1080;0.7143;Qwen 2.5-1.5B
ID_0717367953543712;0.1491;0.2046;0.0000;0.2000;0.1500;0.0000;0.2222;0.3333;0.0437;0.5541;0.6060;2;3;0.0740;0.5676;0.6051;Qwen 2.5-1.5B
ID_6019754377229990;0.3319;0.2142;0.4000;0.3000;0.1500;0.0571;0.0857;0.0857;0.0440;0.4301;0.3535;4;4;0.0440;0.4328;0.4886;Qwen 2.5-1.5B
ID_1601050225496140;0.1098;0.2269;0.0000;0.2000;0.3500;0.0000;0.0667;0.2333;0.0151;0.1684;0.6612;2;7;0.0661;0.7579;0.6769;Qwen 2.5-1.5B
ID_5957855817378897;0.4361;0.3683;0.6000;0.4000;0.3000;0.1000;0.1333;0.2000;0.0922;0.1411;0.7204;4;6;0.1162;0.1909;0.6990;Qwen 2.5-1.5B
ID_1349279406406034;0.0714;0.2124;0.2000;0.1000;0.2000;0.0556;0.0556;0.2222;0.0185;0.3750;0.6039;2;5;0.0464;0.4500;0.6691;Qwen 2.5-1.5B
ID_1290711673273506;0.4546;0.4230;0.4000;0.4000;0.2500;0.0870;0.1739;0.2174;0.1062;0.5397;0.6913;5;8;0.1197;0.5714;0.7152;Qwen 2.5-1.5B
ID_2402401592333107;0.1946;0.2539;0.2000;0.2000;0.2000;0.0625;0.1250;0.2500;0.0387;0.0486;0.6418;3;6;0.0710;0.3405;0.6882;Qwen 2.5-1.5B
ID_0036129846822289;0.6776;0.6062;0.8000;0.7000;0.6000;0.1429;0.2500;0.4286;0.2149;0.4476;0.5844;7;12;0.3160;0.5238;0.5455;Qwen 2.5-1.5B
ID_7937368027614414;0.0690;0.1966;0.2000;0.1000;0.2500;0.0345;0.0345;0.1724;0.0172;0.2852;0.6261;2;8;0.0514;0.4502;0.5892;Qwen 2.5-1.5B
ID_9065501029560884;0.2985;0.2416;0.2000;0.2000;0.1000;0.0417;0.0833;0.0833;0.0556;0.0809;0.7230;2;2;0.0556;0.1149;0.7712;Qwen 2.5-1.5B
ID_6886593430683676;0.2934;0.3273;0.2000;0.3000;0.3000;0.0455;0.1364;0.2727;0.0530;0.1220;0.5777;4;9;0.1014;0.1707;0.6361;Qwen 2.5-1.5B
ID_9362686215096702;0.2350;0.2225;0.2000;0.3000;0.3000;0.0222;0.0667;0.1333;0.0190;0.1791;0.6999;4;7;0.0445;0.3152;0.7239;Qwen 2.5-1.5B
ID_3746397954560718;0.0739;0.0704;0.0000;0.1000;0.0500;0.0000;0.0769;0.0769;0.0096;0.1064;0.7042;2;3;0.0096;0.2766;0.7161;Qwen 2.5-1.5B
ID_7561487411080800;0.6898;0.5199;0.8000;0.6000;0.4000;0.0976;0.1463;0.1951;0.1242;0.5448;0.7122;6;8;0.1524;0.5509;0.7570;Qwen 2.5-1.5B
ID_9080862012369372;0.0681;0.1092;0.0000;0.0000;0.0500;0.0000;0.0000;0.1111;0.0000;0.3778;0.7151;2;4;0.0101;0.4278;0.6847;Qwen 2.5-1.5B
ID_2938011667744143;0.3309;0.2135;0.4000;0.4000;0.2000;0.0426;0.0851;0.0851;0.0330;0.4167;0.5953;4;4;0.0330;0.5093;0.6537;Qwen 2.5-1.5B
ID_1455327138239823;0.5654;0.3649;0.4000;0.5000;0.2500;0.0690;0.1724;0.1724;0.1182;0.3387;0.6054;5;5;0.1182;0.4032;0.4857;Qwen 2.5-1.5B
ID_4787380927153288;0.3313;0.3143;0.4000;0.3000;0.3500;0.0455;0.0682;0.1591;0.0303;0.3060;0.6765;4;8;0.0621;0.4921;0.6847;Qwen 2.5-1.5B
ID_4470314114687099;0.3843;0.3561;0.4000;0.3000;0.3000;0.0625;0.0938;0.1875;0.0586;0.3213;0.6601;3;6;0.0904;0.4129;0.6256;Qwen 2.5-1.5B
ID_4594174520904857;0.2051;0.1916;0.2000;0.2000;0.2500;0.0323;0.0645;0.1613;0.0233;0.0523;0.6678;2;6;0.0513;0.1895;0.7738;Qwen 2.5-1.5B
ID_1537768249023926;0.4323;0.3005;0.4000;0.3000;0.2000;0.0833;0.1250;0.1667;0.1012;0.0843;0.6862;3;5;0.1140;0.1432;0.7141;Qwen 2.5-1.5B
ID_5006741787749124;0.2316;0.2538;0.4000;0.2000;0.1500;0.1818;0.1818;0.2727;0.1515;0.1064;0.7023;3;5;0.1742;0.1631;0.7454;Qwen 2.5-1.5B
ID_7199755730477708;0.0000;0.0000;0.0000;0.0000;0.0000;0.0000;0.0000;0.0000;0.0000;0.1030;0.7063;0;0;0.0000;0.1330;0.7520;Qwen 2.5-1.5B
ID_5969636750048659;0.0990;0.1599;0.0000;0.1000;0.1000;0.0000;0.0769;0.1538;0.0128;0.3085;0.6969;4;8;0.0238;0.3471;0.7268;Qwen 2.5-1.5B
ID_4670907354729674;0.4568;0.4568;0.6000;0.4000;0.2000;0.3333;0.4444;0.4444;0.3241;0.1667;0.6207;4;4;0.3241;0.2833;0.7288;Qwen 2.5-1.5B
ID_2878770983264825;0.1385;0.1329;0.2000;0.2000;0.1500;0.0400;0.0800;0.1200;0.0489;0.2344;0.7041;2;3;0.0598;0.2917;0.7147;Qwen 2.5-1.5B
ID_6712204853062196;0.5186;0.4688;0.8000;0.5000;0.4000;0.1379;0.1724;0.2759;0.1416;0.5096;0.6837;5;9;0.1843;0.5385;0.6646;Qwen 2.5-1.5B
ID_6644811083291335;0.3996;0.3535;0.6000;0.3000;0.2500;0.1200;0.1200;0.2000;0.1100;0.8080;0.6134;3;5;0.1318;0.8333;0.5934;Qwen 2.5-1.5B
ID_9092587237114334;0.4153;0.2680;0.6000;0.3000;0.1500;0.0909;0.0909;0.0909;0.0687;0.2007;0.6843;3;3;0.0687;0.2192;0.7726;Qwen 2.5-1.5B
ID_3551809247862378;0.1606;0.2843;0.2000;0.1000;0.2000;0.1250;0.1250;0.5000;0.0312;0.3934;0.6825;2;5;0.1237;0.4426;0.7389;Qwen 2.5-1.5B
ID_5061261000226463;0.0496;0.1804;0.0000;0.1000;0.2500;0.0000;0.0455;0.2273;0.0065;0.1218;0.6660;1;5;0.0496;0.3540;0.6601;Qwen 2.5-1.5B
ID_8643734175886873;0.1688;0.2301;0.4000;0.3000;0.3000;0.0714;0.1071;0.2143;0.0702;0.5875;0.6457;3;6;0.1058;0.6250;0.6737;Qwen 2.5-1.5B
ID_8797735093080763;0.4274;0.3131;0.6000;0.5000;0.3000;0.1154;0.1923;0.2308;0.1128;0.1935;0.7849;5;6;0.1306;0.4032;0.8170;Qwen 2.5-1.5B
ID_2302314954133011;0.3016;0.2873;0.4000;0.2000;0.1500;0.0870;0.0870;0.1304;0.0725;0.3158;0.6123;2;3;0.0812;0.3333;0.6960;Qwen 2.5-1.5B
ID_7396818382676736;0.5784;0.5055;0.6000;0.6000;0.4500;0.0882;0.1765;0.2647;0.1313;0.3324;0.6414;7;11;0.1808;0.6569;0.6922;Qwen 2.5-1.5B
ID_2382469130424035;0.5722;0.5547;0.8000;0.7000;0.6500;0.0976;0.1707;0.3171;0.1551;0.6954;0.3130;8;15;0.2497;0.7351;0.3929;Qwen 2.5-1.5B
ID_0751166458904189;0.6462;0.5056;0.8000;0.6000;0.4500;0.0976;0.1463;0.2195;0.1209;0.3929;0.6825;6;10;0.1547;0.3929;0.7208;Qwen 2.5-1.5B
ID_1433102143096276;0.5113;0.4846;0.6000;0.4000;0.2000;0.2727;0.3636;0.3636;0.2429;0.7927;0.7834;4;5;0.2429;0.8171;0.7504;Qwen 2.5-1.5B
ID_5370050614825156;0.1895;0.1619;0.2000;0.2000;0.1500;0.0286;0.0571;0.0857;0.0357;0.1884;0.6515;4;5;0.0435;0.2536;0.6790;Qwen 2.5-1.5B
ID_6293663565260182;0.3996;0.4043;0.4000;0.3000;0.2500;0.1176;0.1765;0.2941;0.1201;0.2628;0.6557;3;5;0.1553;0.3066;0.6667;Qwen 2.5-1.5B
ID_0611351138131709;0.7076;0.7609;1.0000;0.8000;0.7000;0.1923;0.3077;0.5385;0.2818;0.6069;0.6196;8;14;0.4619;0.6276;0.6408;Qwen 2.5-1.5B
ID_7583826391876379;0.3231;0.2884;0.2000;0.3000;0.2500;0.0385;0.1154;0.1923;0.0657;0.5263;0.6333;3;5;0.0834;0.6842;0.6859;Qwen 2.5-1.5B
ID_0059762188104357;0.5159;0.4462;0.6000;0.5000;0.4000;0.1200;0.2000;0.3200;0.1335;0.7097;0.5286;5;9;0.1922;0.8710;0.5362;Qwen 2.5-1.5B
ID_6052239712915301;0.1470;0.1427;0.2000;0.2000;0.2000;0.0294;0.0588;0.1176;0.0212;0.3097;0.6195;4;6;0.0358;0.3178;0.7188;Qwen 2.5-1.5B
ID_6200337581440834;0.2673;0.2567;0.4000;0.2000;0.2000;0.0606;0.0606;0.1212;0.0505;0.4844;0.6821;2;4;0.0629;0.6172;0.6739;Qwen 2.5-1.5B
ID_6405951782839858;0.1317;0.1187;0.0000;0.0000;0.0000;0.0000;0.0000;0.0000;0.0000;0.1429;0.6795;5;6;0.0000;0.3469;0.7704;Qwen 2.5-1.5B
ID_7456235597127456;0.1601;0.1831;0.4000;0.2000;0.1500;0.1250;0.1250;0.1875;0.0625;0.1894;0.7557;2;3;0.0729;0.2674;0.6924;Qwen 2.5-1.5B
ID_7254377052595883;0.6903;0.6480;1.0000;0.8000;0.5500;0.2381;0.3810;0.5238;0.3629;0.5671;0.5577;8;12;0.4612;0.5915;0.6284;Qwen 2.5-1.5B
ID_8273262094488441;0.2916;0.2605;0.4000;0.6000;0.3500;0.0588;0.1765;0.2059;0.0879;0.3922;0.7257;6;8;0.1000;0.6569;0.7260;Qwen 2.5-1.5B
ID_7525404075009709;0.4441;0.3360;0.6000;0.3000;0.2500;0.0882;0.0882;0.1471;0.0765;0.7321;0.6821;3;5;0.0937;0.7589;0.6628;Qwen 2.5-1.5B
ID_2659526671827929;0.4603;0.2971;0.8000;0.5000;0.2500;0.0800;0.1000;0.1000;0.0686;0.3514;0.7171;5;5;0.0686;0.3543;0.7339;Qwen 2.5-1.5B
ID_5436929276473133;0.3052;0.3399;0.4000;0.2000;0.3000;0.0426;0.0426;0.1277;0.0298;0.8760;0.6113;2;6;0.0549;0.9070;0.5824;Qwen 2.5-1.5B
ID_2019624495480547;0.4895;0.5028;1.0000;0.7000;0.5500;0.1250;0.1750;0.2750;0.1694;0.3272;0.6415;7;11;0.2426;0.3519;0.5713;Qwen 2.5-1.5B
ID_0101573130155769;0.4494;0.3819;0.6000;0.5000;0.3500;0.1304;0.2174;0.3043;0.1341;0.8333;0.5902;5;7;0.1831;0.8846;0.6287;Qwen 2.5-1.5B
ID_1759328747578795;0.2399;0.1809;0.2000;0.3000;0.1500;0.0588;0.1765;0.1765;0.0503;0.1229;0.7795;3;3;0.0503;0.1695;0.7635;Qwen 2.5-1.5B
ID_3376750892363066;0.3270;0.2237;0.6000;0.4000;0.2000;0.1034;0.1379;0.1379;0.0814;0.2980;0.7059;5;5;0.0814;0.3131;0.7194;Qwen 2.5-1.5B
ID_3832957669189657;0.4099;0.3704;0.4000;0.5000;0.4000;0.0588;0.1471;0.2353;0.0752;0.3683;0.5803;5;8;0.1151;0.4721;0.5606;Qwen 2.5-1.5B
ID_6985916875607463;0.0273;0.1379;0.0000;0.1000;0.2000;0.0000;0.0400;0.1600;0.0040;0.2724;0.5031;1;4;0.0302;0.3301;0.6176;Qwen 2.5-1.5B
ID_0271756813168869;0.0000;0.0000;0.0000;0.0000;0.0000;0.0000;0.0000;0.0000;0.0000;0.0000;0.6683;0;0;0.0000;0.0000;0.6675;Qwen 2.5-1.5B
ID_2515147908021339;0.6173;0.3984;0.8000;0.5000;0.2500;0.0816;0.1020;0.1020;0.0895;0.4949;0.6861;5;5;0.0895;0.4949;0.7502;Qwen 2.5-1.5B
ID_4463851260628939;0.2913;0.2640;0.4000;0.4000;0.3000;0.0606;0.1212;0.1818;0.0554;0.1912;0.5837;4;6;0.0822;0.2451;0.4998;Qwen 2.5-1.5B
ID_1103843322667635;0.4531;0.3984;0.4000;0.4000;0.3500;0.0606;0.1212;0.2121;0.0727;0.4351;0.6490;4;7;0.1079;0.5496;0.6484;Qwen 2.5-1.5B
ID_0351531509597193;0.3220;0.3160;0.4000;0.4000;0.3500;0.0556;0.1111;0.1944;0.0431;0.2044;0.6781;4;7;0.0773;0.2701;0.6662;Qwen 2.5-1.5B
ID_1602277501575415;0.2150;0.1535;0.2000;0.2000;0.1000;0.0333;0.0667;0.0667;0.0241;0.1790;0.7454;3;3;0.0241;0.2716;0.7434;Qwen 2.5-1.5B
ID_1519722333222743;0.3334;0.2882;0.4000;0.6000;0.3500;0.0870;0.2609;0.3043;0.1310;0.2553;0.6397;6;7;0.1489;0.2926;0.6738;Qwen 2.5-1.5B
ID_0198281726965444;0.2240;0.1599;0.4000;0.2000;0.1000;0.0909;0.0909;0.0909;0.0409;0.1564;0.6873;2;2;0.0409;0.1728;0.6585;Qwen 2.5-1.5B
ID_2397508258376320;0.4085;0.3422;0.4000;0.3000;0.2000;0.1250;0.1875;0.2500;0.1354;0.9125;0.6447;3;4;0.1581;0.9250;0.6271;Qwen 2.5-1.5B
ID_3243382843704500;0.2292;0.2476;0.2000;0.1000;0.1500;0.0455;0.0455;0.1364;0.0455;0.2571;0.6451;2;4;0.0635;0.3143;0.5992;Qwen 2.5-1.5B
ID_7908961016619339;0.3786;0.3557;0.4000;0.3000;0.3000;0.0909;0.1364;0.2727;0.0831;0.2714;0.6318;3;7;0.1201;0.3714;0.6515;Qwen 2.5-1.5B
ID_0612547523125517;0.3895;0.4014;0.2000;0.4000;0.4000;0.0333;0.1333;0.2667;0.0702;0.2379;0.6912;4;8;0.1366;0.4241;0.7164;Qwen 2.5-1.5B
ID_7483948147827075;0.5384;0.4123;0.6000;0.4000;0.2500;0.1111;0.1481;0.1852;0.1296;0.3616;0.5781;4;5;0.1465;0.4371;0.6325;Qwen 2.5-1.5B
ID_3663976246405654;0.4129;0.4618;0.6000;0.4000;0.4000;0.1667;0.2222;0.4444;0.1167;0.4409;0.6704;4;9;0.2173;0.5318;0.6711;Qwen 2.5-1.5B
ID_6175285839739641;0.4397;0.4434;0.4000;0.4000;0.4000;0.0870;0.1739;0.3478;0.1081;0.3571;0.6230;5;9;0.1918;0.4617;0.6552;Qwen 2.5-1.5B
ID_4746511137641620;0.4537;0.2928;0.6000;0.3000;0.1500;0.0750;0.0750;0.0750;0.0688;0.1257;0.7094;3;3;0.0688;0.1361;0.7067;Qwen 2.5-1.5B
ID_2247991541439424;0.1944;0.2185;0.4000;0.3000;0.2500;0.0541;0.0811;0.1351;0.0459;0.2500;0.6749;3;6;0.0653;0.3278;0.7121;Qwen 2.5-1.5B
ID_2169077750473763;0.1172;0.1485;0.0000;0.2000;0.2000;0.0000;0.0741;0.1481;0.0154;0.1912;0.5785;3;6;0.0334;0.2206;0.6914;Qwen 2.5-1.5B
ID_0737720586420784;0.4194;0.4649;0.2000;0.4000;0.5000;0.0192;0.0769;0.1923;0.0381;0.1721;0.5763;4;10;0.0966;0.2623;0.6324;Qwen 2.5-1.5B
ID_1666847480524681;0.4533;0.4150;0.6000;0.4000;0.4000;0.0698;0.0930;0.1860;0.0791;0.8108;0.6837;4;8;0.1204;0.9459;0.6702;Qwen 2.5-1.5B
ID_0143397497562314;0.4690;0.3027;0.6000;0.3000;0.1500;0.0769;0.0769;0.0769;0.0769;0.5066;0.7388;3;3;0.0769;0.5066;0.6779;Qwen 2.5-1.5B
ID_5733639342016958;0.0000;0.0000;0.0000;0.0000;0.0000;0.0000;0.0000;0.0000;0.0000;0.1535;0.6336;0;0;0.0000;0.1535;0.5833;Qwen 2.5-1.5B
ID_6911356765220023;0.3364;0.3123;0.4000;0.3000;0.3000;0.0588;0.0882;0.1765;0.0490;0.1618;0.6843;4;8;0.0782;0.3162;0.6766;Qwen 2.5-1.5B
ID_1254836315844697;0.0805;0.0641;0.2000;0.1000;0.0500;0.0526;0.0526;0.0526;0.0175;0.1621;0.5638;3;3;0.0175;0.1621;0.5638;Qwen 2.5-1.5B
ID_3590884268165249;0.6061;0.3911;0.8000;0.6000;0.3000;0.1000;0.1500;0.1500;0.1179;0.1786;0.6417;6;6;0.1179;0.1939;0.6737;Qwen 2.5-1.5B
ID_1383177933306046;0.0978;0.1679;0.0000;0.2000;0.2500;0.0000;0.0588;0.1471;0.0102;0.2149;0.7408;2;5;0.0321;0.6364;0.6780;Qwen 2.5-1.5B
ID_8400994037688251;0.0488;0.1087;0.0000;0.0000;0.0500;0.0000;0.0000;0.1250;0.0000;0.2019;0.7514;3;4;0.0096;0.3365;0.7520;Qwen 2.5-1.5B
ID_7421096523152034;0.0000;0.0000;0.0000;0.0000;0.0000;0.0000;0.0000;0.0000;0.0000;0.1053;0.6408;0;0;0.0000;0.1184;0.6515;Qwen 2.5-1.5B
ID_3524890504250775;0.0897;0.1504;0.0000;0.0000;0.1000;0.0000;0.0000;0.1250;0.0000;0.5034;0.7068;5;7;0.0110;0.5054;0.5538;Qwen 2.5-1.5B
ID_2762547320425528;0.4061;0.3783;0.6000;0.3000;0.2500;0.1500;0.1500;0.2500;0.1500;0.2204;0.6667;3;5;0.1749;0.3805;0.7134;Qwen 2.5-1.5B
ID_6900410067408108;0.4512;0.4405;0.4000;0.5000;0.4000;0.0741;0.1852;0.2963;0.0889;0.6895;0.6180;6;9;0.1410;0.7460;0.6536;Qwen 2.5-1.5B
ID_3675336131283739;0.3811;0.3674;0.4000;0.3000;0.3000;0.0833;0.1250;0.2500;0.0764;0.2018;0.7106;3;6;0.1188;0.2287;0.6761;Qwen 2.5-1.5B
ID_5136341885052869;0.0000;0.0887;0.0000;0.0000;0.1500;0.0000;0.0000;0.0968;0.0000;0.1716;0.7320;0;3;0.0106;0.2157;0.7371;Qwen 2.5-1.5B
ID_4892401475655718;0.0102;0.0094;0.0000;0.0000;0.0000;0.0000;0.0000;0.0000;0.0000;0.2165;0.4405;1;1;0.0000;0.2165;0.4405;Qwen 2.5-1.5B
ID_1780902767520967;0.4409;0.4253;0.4000;0.4000;0.3000;0.0714;0.1429;0.2143;0.0793;0.3273;0.5808;4;7;0.1134;0.5636;0.6298;Qwen 2.5-1.5B
ID_1106609472179988;0.6882;0.6266;0.8000;0.8000;0.5500;0.1053;0.2105;0.2895;0.1766;0.5645;0.6802;8;11;0.2336;0.7097;0.7000;Qwen 2.5-1.5B
ID_7594033934995220;0.2247;0.1722;0.4000;0.2000;0.1000;0.0870;0.0870;0.0870;0.0362;0.8857;0.4104;3;3;0.0362;0.8857;0.3845;Qwen 2.5-1.5B
ID_2293023062054998;0.3368;0.2352;0.4000;0.3000;0.1500;0.0952;0.1429;0.1429;0.0794;0.4214;0.3147;4;4;0.0794;0.4214;0.2705;Qwen 2.5-1.5B
ID_3059520185406581;0.6168;0.5394;0.6000;0.5000;0.4500;0.0968;0.1613;0.2903;0.1384;0.3896;0.6230;5;9;0.1989;0.4312;0.6343;Qwen 2.5-1.5B
ID_7969404470516307;0.2463;0.2522;0.2000;0.1000;0.2000;0.0250;0.0250;0.1000;0.0250;0.3007;0.6897;3;6;0.0425;0.3987;0.6948;Qwen 2.5-1.5B
ID_3477269475651042;0.5375;0.5154;0.6000;0.6000;0.6500;0.0833;0.1667;0.3611;0.1291;0.8007;0.5941;6;13;0.2624;0.8007;0.6361;Qwen 2.5-1.5B
ID_0023950321397451;0.5689;0.4403;0.6000;0.5000;0.3500;0.0750;0.1250;0.1750;0.1056;0.3849;0.6153;5;7;0.1290;0.5124;0.6334;Qwen 2.5-1.5B
ID_3939504645911140;0.2673;0.1866;0.4000;0.2000;0.1000;0.0714;0.0714;0.0714;0.0595;0.3579;0.6493;2;2;0.0595;0.3579;0.6935;Qwen 2.5-1.5B
ID_4300201078050323;0.3100;0.2744;0.4000;0.4000;0.3000;0.0526;0.1053;0.1579;0.0675;0.6026;0.7744;4;6;0.0874;0.6239;0.7703;Qwen 2.5-1.5B
ID_2069437408328707;0.5605;0.5737;0.4000;0.6000;0.3500;0.1538;0.4615;0.5385;0.3305;0.2997;0.5325;6;7;0.3664;0.3103;0.6118;Qwen 2.5-1.5B
ID_5653559772140199;0.4780;0.3411;0.6000;0.4000;0.2000;0.1000;0.1333;0.1333;0.1139;0.2867;0.6101;4;4;0.1139;0.3133;0.6755;Qwen 2.5-1.5B
ID_4051248293039990;0.1513;0.1417;0.2000;0.2000;0.1000;0.1111;0.2222;0.2222;0.0926;0.3021;0.6315;2;2;0.0926;0.3021;0.6424;Qwen 2.5-1.5B
ID_5599017990318989;0.4986;0.3905;0.4000;0.4000;0.3000;0.0571;0.1143;0.1714;0.0821;0.1396;0.6278;4;6;0.1009;0.1794;0.6446;Qwen 2.5-1.5B
ID_5391801774050611;0.4690;0.5030;0.6000;0.4000;0.3500;0.1200;0.1600;0.2800;0.1300;0.7241;0.6063;4;8;0.1748;0.7471;0.6798;Qwen 2.5-1.5B
ID_5379077061489077;0.1828;0.2117;0.2000;0.3000;0.2500;0.0270;0.0811;0.1351;0.0221;0.3216;0.5592;3;5;0.0424;0.3689;0.5336;Qwen 2.5-1.5B
ID_5113998301069032;0.0314;0.0553;0.0000;0.0000;0.1000;0.0000;0.0000;0.0690;0.0000;0.0985;0.6912;1;3;0.0084;0.1591;0.7792;Qwen 2.5-1.5B
ID_8948217221748469;0.3996;0.4042;0.6000;0.3000;0.3500;0.1034;0.1034;0.2414;0.0948;0.0357;0.7488;3;7;0.1450;0.1786;0.8326;Qwen 2.5-1.5B
ID_5450087410078221;0.4266;0.5000;0.6000;0.3000;0.2500;0.2500;0.2500;0.4167;0.2292;0.1513;0.6851;3;5;0.2808;0.2039;0.6049;Qwen 2.5-1.5B
ID_5832558504922244;0.3367;0.2173;0.4000;0.3000;0.1500;0.0500;0.0750;0.0750;0.0510;0.5209;0.6370;3;3;0.0510;0.5466;0.6481;Qwen 2.5-1.5B
ID_5194381227316437;0.1100;0.1207;0.2000;0.1000;0.1500;0.0294;0.0294;0.0882;0.0098;0.3719;0.6794;1;3;0.0192;0.4380;0.6964;Qwen 2.5-1.5B
ID_5662858299034942;0.1703;0.1099;0.2000;0.1000;0.0500;0.0333;0.0333;0.0333;0.0167;0.2835;0.6478;2;2;0.0167;0.2895;0.6296;Qwen 2.5-1.5B
ID_0333795175458545;0.3273;0.3090;0.4000;0.3000;0.2500;0.0606;0.0909;0.1515;0.0505;0.3107;0.7413;3;5;0.0665;0.3835;0.7080;Qwen 2.5-1.5B
ID_0063745071964255;0.7382;0.5885;0.8000;0.7000;0.5500;0.1538;0.2692;0.4231;0.2131;0.6628;0.6096;7;11;0.3096;0.8023;0.6286;Qwen 2.5-1.5B
ID_4542759243110371;0.0851;0.0670;0.2000;0.1000;0.0500;0.0500;0.0500;0.0500;0.0100;0.5241;0.7003;1;1;0.0100;0.5294;0.7383;Qwen 2.5-1.5B
ID_1680065573338339;0.0000;0.0165;0.0000;0.0000;0.0500;0.0000;0.0000;0.0357;0.0000;0.0586;0.7146;0;1;0.0030;0.0586;0.7245;Qwen 2.5-1.5B
ID_2784703187800324;0.0972;0.1570;0.0000;0.2000;0.2000;0.0000;0.0741;0.1481;0.0136;0.3649;0.6293;2;4;0.0320;0.4595;0.5501;Qwen 2.5-1.5B
ID_3563923906851611;0.3392;0.3287;0.2000;0.2000;0.2000;0.0526;0.1053;0.2105;0.0643;0.4386;0.6931;4;8;0.0911;0.4737;0.7280;Qwen 2.5-1.5B
ID_3527197809276361;0.4666;0.4103;0.4000;0.4000;0.3500;0.0364;0.0727;0.1273;0.0468;0.1629;0.6169;4;7;0.0698;0.1946;0.6901;Qwen 2.5-1.5B
ID_6261175351521953;0.0866;0.1728;0.4000;0.2000;0.2500;0.0870;0.0870;0.2174;0.0283;0.1111;0.6705;3;6;0.0628;0.1746;0.7268;Qwen 2.5-1.5B
ID_0455487141833418;0.0785;0.0629;0.0000;0.1000;0.0500;0.0000;0.0526;0.0526;0.0066;0.1314;0.6054;2;3;0.0066;0.2514;0.6362;Qwen 2.5-1.5B
ID_2002515486942024;0.0000;0.1420;0.0000;0.0000;0.2000;0.0000;0.0000;0.1026;0.0000;0.0291;0.7934;0;4;0.0162;0.1550;0.7573;Qwen 2.5-1.5B
ID_4627360041573918;0.3858;0.3408;0.4000;0.4000;0.3500;0.0606;0.1212;0.2121;0.0727;0.4511;0.6043;4;7;0.1137;0.4962;0.6695;Qwen 2.5-1.5B
ID_0649912135067700;0.2233;0.2739;0.4000;0.3000;0.3000;0.0455;0.0682;0.1364;0.0540;0.1328;0.7575;3;6;0.0721;0.2033;0.7388;Qwen 2.5-1.5B
ID_8599181647215929;0.5206;0.4122;0.4000;0.5000;0.4000;0.0714;0.1786;0.2857;0.1061;0.3846;0.7068;5;8;0.1530;0.6462;0.7273;Qwen 2.5-1.5B
ID_7026313596468626;0.3051;0.4128;0.4000;0.3000;0.3500;0.1176;0.1765;0.4118;0.1353;0.3684;0.6904;4;10;0.2194;0.4737;0.7165;Qwen 2.5-1.5B
ID_4256595317953538;0.0706;0.0911;0.0000;0.2000;0.2500;0.0000;0.0488;0.1220;0.0079;0.3602;0.6577;3;6;0.0268;0.4247;0.6800;Qwen 2.5-1.5B
ID_8614762185596299;0.0099;0.0068;0.0000;0.0000;0.0000;0.0000;0.0000;0.0000;0.0000;0.0187;0.6586;1;1;0.0000;0.1402;0.6909;Qwen 2.5-1.5B
ID_8280978457776741;0.1166;0.0814;0.2000;0.2000;0.1000;0.0417;0.0833;0.0833;0.0202;0.2049;0.6638;2;2;0.0202;0.2213;0.6891;Qwen 2.5-1.5B
ID_3493325384040150;0.4585;0.3102;0.6000;0.4000;0.2500;0.0938;0.1250;0.1562;0.0964;0.5641;0.6503;4;5;0.1050;0.6667;0.6824;Qwen 2.5-1.5B
ID_2363575151206774;0.5839;0.4263;0.8000;0.5000;0.2500;0.1481;0.1852;0.1852;0.1639;0.3425;0.7257;5;5;0.1639;0.4384;0.7364;Qwen 2.5-1.5B
ID_0370224663642100;0.6587;0.5160;0.8000;0.7000;0.5000;0.0889;0.1556;0.2222;0.1278;0.2527;0.7823;8;11;0.1765;0.3077;0.8232;Qwen 2.5-1.5B
ID_2833240474723324;0.5181;0.4078;0.6000;0.4000;0.2500;0.1579;0.2105;0.2632;0.1573;0.4779;0.7294;5;6;0.1704;0.4779;0.6879;Qwen 2.5-1.5B
ID_7035545485084138;0.2647;0.3234;0.4000;0.3000;0.4000;0.0667;0.1000;0.2667;0.0389;0.2143;0.5592;4;9;0.1104;0.2381;0.6845;Qwen 2.5-1.5B
ID_8659496864305621;0.0838;0.1584;0.0000;0.1000;0.1500;0.0000;0.0625;0.1875;0.0089;0.0664;0.7317;2;4;0.0313;0.2370;0.7085;Qwen 2.5-1.5B
ID_1994317879078816;0.0673;0.0602;0.0000;0.0000;0.0000;0.0000;0.0000;0.0000;0.0000;0.2759;0.6536;4;5;0.0000;0.3017;0.6738;Qwen 2.5-1.5B
ID_7031429231827290;0.4609;0.3795;0.6000;0.3000;0.1500;0.1667;0.1667;0.1667;0.1444;0.2057;0.5576;3;3;0.1444;0.2457;0.6680;Qwen 2.5-1.5B
ID_2935052598064187;0.4226;0.2727;0.4000;0.3000;0.1500;0.0500;0.0750;0.0750;0.0575;0.2299;0.5577;3;3;0.0575;0.2299;0.6218;Qwen 2.5-1.5B
ID_7754410281265624;0.1042;0.1464;0.0000;0.1000;0.1500;0.0000;0.0833;0.2500;0.0119;0.3973;0.5860;2;4;0.0450;0.5342;0.6155;Qwen 2.5-1.5B
ID_0182863293347169;0.3063;0.3080;0.2000;0.4000;0.3500;0.0370;0.1481;0.2593;0.0541;0.5145;0.6207;4;7;0.1027;0.6594;0.6125;Qwen 2.5-1.5B
ID_6885901755516721;0.6844;0.5444;0.6000;0.6000;0.3500;0.1304;0.2609;0.3043;0.2166;0.3938;0.6659;6;7;0.2442;0.4767;0.7398;Qwen 2.5-1.5B
ID_4609096963207702;0.1040;0.0894;0.2000;0.2000;0.1000;0.0357;0.0714;0.0714;0.0250;0.3903;0.6750;3;4;0.0250;0.3941;0.6880;Qwen 2.5-1.5B
ID_4285855851606713;0.4293;0.3533;0.4000;0.3000;0.1500;0.1333;0.2000;0.2000;0.1063;0.2537;0.6249;3;3;0.1063;0.2836;0.6770;Qwen 2.5-1.5B
ID_7346780267959997;0.3755;0.3199;0.4000;0.3000;0.2000;0.1176;0.1765;0.2353;0.1373;0.3621;0.5453;3;4;0.1511;0.4023;0.6042;Qwen 2.5-1.5B
ID_4501155453484456;0.3183;0.3504;0.2000;0.2000;0.3000;0.0217;0.0435;0.1304;0.0290;0.0815;0.6709;3;7;0.0557;0.1073;0.6512;Qwen 2.5-1.5B
ID_2529945687863385;0.6175;0.5284;0.8000;0.6000;0.4500;0.1333;0.2000;0.3000;0.1742;0.3379;0.7521;6;9;0.2327;0.3927;0.7412;Qwen 2.5-1.5B
ID_6812635845529585;0.2481;0.3220;0.2000;0.4000;0.4500;0.0256;0.1026;0.2308;0.0303;0.3312;0.5865;4;9;0.0954;0.5110;0.6119;Qwen 2.5-1.5B
ID_8626964624628522;0.3719;0.2400;0.2000;0.3000;0.1500;0.0333;0.1000;0.1000;0.0587;0.6348;0.6779;3;3;0.0587;0.6396;0.6540;Qwen 2.5-1.5B
ID_1123376648713853;0.3897;0.3943;0.6000;0.3000;0.3000;0.1111;0.1111;0.2222;0.1111;0.2373;0.6870;3;7;0.1430;0.2655;0.6344;Qwen 2.5-1.5B
ID_7304216246785522;0.3367;0.2303;0.4000;0.3000;0.1500;0.0513;0.0769;0.0769;0.0469;0.3673;0.7262;3;3;0.0469;0.3776;0.6916;Qwen 2.5-1.5B
ID_7011592935958198;0.6203;0.5342;0.8000;0.7000;0.4500;0.1600;0.2800;0.3600;0.2587;0.3281;0.6592;8;10;0.3056;0.3750;0.6859;Qwen 2.5-1.5B
ID_6044001261072009;0.5907;0.5981;0.6000;0.5000;0.4000;0.1200;0.2000;0.3200;0.1529;0.4074;0.6476;5;10;0.2057;0.6543;0.7197;Qwen 2.5-1.5B
ID_5885575084085406;0.3590;0.3060;0.4000;0.2000;0.2000;0.0870;0.0870;0.1739;0.0870;0.2200;0.6387;2;4;0.1057;0.2600;0.6541;Qwen 2.5-1.5B
ID_5996993884846655;0.0140;0.1509;0.0000;0.0000;0.1500;0.0000;0.0000;0.2500;0.0000;0.2249;0.6811;1;4;0.0282;0.4615;0.6842;Qwen 2.5-1.5B
ID_3451466269572749;0.2026;0.2970;0.4000;0.3000;0.3000;0.0690;0.1034;0.2069;0.0414;0.3741;0.6678;3;6;0.0744;0.4173;0.6028;Qwen 2.5-1.5B
ID_1450994881555781;0.4040;0.3682;0.4000;0.4000;0.2500;0.0769;0.1538;0.1923;0.0812;0.1990;0.7808;5;7;0.0940;0.2092;0.7491;Qwen 2.5-1.5B
ID_4675204840701752;0.4226;0.3502;0.4000;0.3000;0.2500;0.0426;0.0638;0.1064;0.0489;0.5277;0.5815;3;6;0.0619;0.5617;0.6846;Qwen 2.5-1.5B
ID_9106641700554750;0.2317;0.2232;0.4000;0.4000;0.3000;0.0488;0.0976;0.1463;0.0419;0.8800;0.5609;4;6;0.0618;0.9200;0.5922;Qwen 2.5-1.5B
ID_0350919410439022;0.5055;0.4020;0.8000;0.5000;0.3000;0.1538;0.1923;0.2308;0.1606;0.2000;0.6812;5;7;0.1783;0.2400;0.7046;Qwen 2.5-1.5B
ID_5978913916143327;0.4723;0.3586;0.6000;0.5000;0.3500;0.0811;0.1351;0.1892;0.0928;0.6146;0.5809;5;7;0.1209;0.6562;0.7405;Qwen 2.5-1.5B
ID_3733846364293441;0.3680;0.3139;0.4000;0.2000;0.1500;0.1000;0.1000;0.1500;0.1000;0.2254;0.6704;3;4;0.1083;0.3419;0.6527;Qwen 2.5-1.5B
ID_4679068868095356;0.1138;0.1688;0.2000;0.2000;0.2000;0.0556;0.1111;0.2222;0.0437;0.1429;0.6070;2;4;0.0699;0.2190;0.6382;Qwen 2.5-1.5B
ID_5493283201428571;0.4266;0.3270;0.6000;0.5000;0.2500;0.1429;0.2381;0.2381;0.2011;0.4185;0.6186;5;5;0.2011;0.4345;0.6561;Qwen 2.5-1.5B
ID_7605473235519650;0.3341;0.2784;0.6000;0.3000;0.2000;0.1111;0.1111;0.1481;0.0654;0.3526;0.6927;3;7;0.0728;0.4679;0.6884;Qwen 2.5-1.5B
ID_1190700200800606;0.4261;0.4258;0.4000;0.4000;0.4500;0.0556;0.1111;0.2500;0.0691;0.2427;0.6651;4;9;0.1257;0.3495;0.6451;Qwen 2.5-1.5B
ID_5572050278838550;0.3679;0.4154;0.2000;0.3000;0.4000;0.0270;0.0811;0.2162;0.0462;0.5733;0.6190;3;8;0.0995;0.7400;0.6256;Qwen 2.5-1.5B
ID_8586805521593519;0.4204;0.3195;0.6000;0.4000;0.2500;0.0769;0.1026;0.1282;0.0605;0.5239;0.5602;5;8;0.0704;0.5757;0.5826;Qwen 2.5-1.5B
ID_2044247985726091;0.1744;0.1596;0.2000;0.2000;0.1000;0.1000;0.2000;0.2000;0.0533;0.0688;0.7497;3;3;0.0533;0.0719;0.7455;Qwen 2.5-1.5B
ID_6072951820735063;0.2272;0.2414;0.2000;0.3000;0.3000;0.0345;0.1034;0.2069;0.0608;0.5725;0.5784;3;6;0.0927;0.5942;0.5670;Qwen 2.5-1.5B
ID_8827447995496589;0.3470;0.3630;0.4000;0.4000;0.4000;0.0800;0.1600;0.3200;0.0829;0.1379;0.6708;5;9;0.1439;0.3448;0.7255;Qwen 2.5-1.5B
ID_5750110298304964;0.3272;0.3116;0.4000;0.4000;0.2500;0.1429;0.2857;0.3571;0.1268;0.3148;0.7023;4;5;0.1565;0.3148;0.7336;Qwen 2.5-1.5B
ID_2116015069218871;0.5712;0.4346;0.6000;0.5000;0.3000;0.0909;0.1515;0.1818;0.1279;0.2367;0.6650;7;8;0.1409;0.2544;0.6524;Qwen 2.5-1.5B
ID_1834035455867904;0.5552;0.5479;0.6000;0.5000;0.3500;0.1875;0.3125;0.4375;0.2423;0.3750;0.5544;5;7;0.2947;0.4167;0.6164;Qwen 2.5-1.5B
ID_9578832375902806;0.3460;0.2826;0.4000;0.5000;0.3000;0.0769;0.1923;0.2308;0.1088;0.4317;0.7066;5;6;0.1298;0.4405;0.6855;Qwen 2.5-1.5B
ID_4854372533657671;0.3500;0.3345;0.2000;0.3000;0.3000;0.0213;0.0638;0.1277;0.0324;0.1450;0.6809;3;6;0.0546;0.4122;0.6944;Qwen 2.5-1.5B
ID_1278004515460973;0.3877;0.3473;0.4000;0.2000;0.1000;0.1538;0.1538;0.1538;0.1538;0.2809;0.6794;2;2;0.1538;0.3149;0.7122;Qwen 2.5-1.5B
ID_4212950768814450;0.0379;0.0888;0.0000;0.0000;0.0500;0.0000;0.0000;0.0476;0.0000;0.5754;0.6479;2;4;0.0028;0.7095;0.6257;Qwen 2.5-1.5B
ID_3859775879893716;0.2624;0.3844;0.4000;0.3000;0.2500;0.2000;0.3000;0.5000;0.1542;0.3617;0.6728;4;6;0.2138;0.3883;0.6018;Qwen 2.5-1.5B
ID_0731606611183670;0.1100;0.1094;0.2000;0.1000;0.1000;0.0323;0.0323;0.0645;0.0108;0.5811;0.6293;1;2;0.0154;0.6351;0.6265;Qwen 2.5-1.5B
ID_5076790300436750;0.2727;0.3569;0.4000;0.3000;0.3000;0.1333;0.2000;0.4000;0.0822;0.1713;0.6449;3;6;0.1456;0.2430;0.6312;Qwen 2.5-1.5B
ID_7909389621807467;0.4139;0.3710;0.6000;0.5000;0.3500;0.1111;0.1852;0.2593;0.1354;0.1461;0.7112;5;7;0.1739;0.2247;0.7080;Qwen 2.5-1.5B
ID_1896106488323757;0.2734;0.3568;0.2000;0.3000;0.2500;0.0769;0.2308;0.3846;0.0603;0.6063;0.5245;6;13;0.1015;0.6220;0.5197;Qwen 2.5-1.5B
ID_5606850513813191;0.2488;0.2630;0.2000;0.1000;0.0500;0.2000;0.2000;0.2000;0.1000;0.2566;0.6522;2;3;0.1000;0.3684;0.6978;Qwen 2.5-1.5B
ID_8192385731123737;0.2567;0.2104;0.2000;0.3000;0.2000;0.0435;0.1304;0.1739;0.0493;0.3250;0.7657;4;5;0.0627;0.3250;0.7258;Qwen 2.5-1.5B
ID_3090998656907702;0.3529;0.2976;0.2000;0.4000;0.3000;0.0323;0.1290;0.1935;0.0533;0.2000;0.7635;4;6;0.0756;0.2000;0.6600;Qwen 2.5-1.5B
ID_1708237858198821;0.2090;0.1923;0.0000;0.3000;0.2500;0.0000;0.1071;0.1786;0.0259;0.3525;0.7062;3;5;0.0483;0.4676;0.6150;Qwen 2.5-1.5B
ID_7783163368484914;0.6229;0.5802;1.0000;0.5000;0.3000;0.3125;0.3125;0.3750;0.3125;0.6279;0.6941;5;6;0.3466;0.6744;0.6922;Qwen 2.5-1.5B
ID_0621002533579104;0.2911;0.2732;0.6000;0.4000;0.3000;0.0714;0.0952;0.1429;0.0810;0.3712;0.4722;4;6;0.1013;0.4148;0.5982;Qwen 2.5-1.5B
ID_1971734589534354;0.2358;0.1522;0.2000;0.4000;0.2000;0.0385;0.1538;0.1538;0.0455;0.2311;0.7376;4;4;0.0455;0.2642;0.7397;Qwen 2.5-1.5B
ID_7890165105970581;0.0095;0.0063;0.0000;0.0000;0.0000;0.0000;0.0000;0.0000;0.0000;0.0032;0.5227;1;1;0.0000;0.0032;0.5545;Qwen 2.5-1.5B
ID_7107963864874501;0.6134;0.5412;0.6000;0.6000;0.5000;0.0882;0.1765;0.2941;0.1296;0.6143;0.6912;6;10;0.1995;0.6413;0.6977;Qwen 2.5-1.5B
ID_9904579095302578;0.0000;0.1105;0.0000;0.0000;0.1000;0.0000;0.0000;0.2222;0.0000;0.0676;0.6889;0;3;0.0224;0.0946;0.7218;Qwen 2.5-1.5B
ID_6161888127051479;0.2736;0.2440;0.4000;0.3000;0.2000;0.0870;0.1304;0.1739;0.0536;0.2265;0.6674;3;4;0.0639;0.5029;0.6800;Qwen 2.5-1.5B
ID_1066462335621573;0.5638;0.5473;0.8000;0.4000;0.4500;0.1143;0.1143;0.2571;0.1143;0.5789;0.2699;4;10;0.1799;0.6491;0.4917;Qwen 2.5-1.5B
ID_1104988511999827;0.8166;0.5998;0.8000;0.8000;0.5000;0.1818;0.3636;0.4545;0.3051;0.6106;0.4600;8;10;0.3668;0.6637;0.5225;Qwen 2.5-1.5B
ID_8056741558903379;0.5599;0.3614;0.6000;0.5000;0.2500;0.1111;0.1852;0.1852;0.1292;0.6678;0.6130;5;5;0.1292;0.7192;0.7256;Qwen 2.5-1.5B
ID_0145887238250184;0.3621;0.3863;0.2000;0.3000;0.3000;0.0435;0.1304;0.2609;0.0710;0.2593;0.6610;3;6;0.1149;0.2778;0.6234;Qwen 2.5-1.5B
ID_2854771102810220;0.3843;0.3626;0.4000;0.4000;0.3000;0.1053;0.2105;0.3158;0.1351;0.5043;0.5912;5;7;0.1766;0.5983;0.6499;Qwen 2.5-1.5B
ID_6963964477157013;0.4336;0.4143;0.6000;0.5000;0.3500;0.1200;0.2000;0.2800;0.1689;0.4203;0.5601;5;7;0.2054;0.4348;0.6232;Qwen 2.5-1.5B
ID_3950127945486168;0.5127;0.6241;0.4000;0.6000;0.5500;0.1053;0.3158;0.5789;0.1962;0.4231;0.6734;8;13;0.3508;0.4231;0.6556;Qwen 2.5-1.5B
ID_2046981671187343;0.3690;0.3500;0.6000;0.4000;0.2500;0.2308;0.3077;0.3846;0.1744;0.6765;0.7252;5;7;0.2039;0.7059;0.7353;Qwen 2.5-1.5B
ID_2270654658839508;0.2489;0.1606;0.4000;0.2000;0.1000;0.0357;0.0357;0.0357;0.0208;0.0904;0.7968;2;2;0.0208;0.0904;0.7531;Qwen 2.5-1.5B
ID_0061972656195816;0.2833;0.2157;0.2000;0.4000;0.2000;0.0417;0.1667;0.1667;0.0564;0.1345;0.6489;4;4;0.0564;0.1345;0.6349;Qwen 2.5-1.5B
ID_0883967020061181;0.3090;0.2657;0.4000;0.3000;0.2500;0.0667;0.1000;0.1667;0.0767;0.1959;0.7447;4;6;0.0928;0.3108;0.7315;Qwen 2.5-1.5B
ID_1133302125160725;0.2201;0.1595;0.2000;0.1000;0.0500;0.0526;0.0526;0.0526;0.0526;0.1444;0.0000;1;1;0.0526;0.1444;0.0000;Qwen 2.5-1.5B
ID_1914271225987860;0.6243;0.5785;0.4000;0.6000;0.3500;0.1429;0.4286;0.5000;0.2831;0.5075;0.5538;7;8;0.3109;0.5226;0.6036;Qwen 2.5-1.5B
ID_5717546460597615;0.5984;0.4387;0.6000;0.5000;0.3500;0.0714;0.1190;0.1667;0.0946;0.5392;0.5992;5;7;0.1187;0.6267;0.6133;Qwen 2.5-1.5B
ID_7921787048065279;0.2684;0.3164;0.2000;0.3000;0.3000;0.0588;0.1765;0.3529;0.0539;0.0904;0.7487;5;8;0.1181;0.1383;0.7435;Qwen 2.5-1.5B
ID_5384883934019911;0.3668;0.2959;0.6000;0.4000;0.2500;0.0833;0.1111;0.1389;0.0992;0.1767;0.6994;4;5;0.1099;0.2186;0.7194;Qwen 2.5-1.5B
ID_8821536792042504;0.0342;0.0331;0.0000;0.0000;0.0000;0.0000;0.0000;0.0000;0.0000;0.0769;0.7244;1;1;0.0000;0.2051;0.7257;Qwen 2.5-1.5B
ID_4336175279058172;0.5104;0.4055;0.4000;0.7000;0.4000;0.0714;0.2500;0.2857;0.1326;0.3241;0.4925;8;9;0.1546;0.3483;0.4241;Qwen 2.5-1.5B
ID_7088639503480810;0.7412;0.5658;1.0000;0.8000;0.5500;0.1562;0.2500;0.3438;0.2465;0.3750;0.5000;8;11;0.3086;0.3750;0.3448;Qwen 2.5-1.5B
ID_0766190838110725;0.1342;0.1279;0.0000;0.2000;0.1000;0.0000;0.1818;0.1818;0.0333;0.2977;0.6748;3;4;0.0333;0.4000;0.6936;Qwen 2.5-1.5B
ID_5588600593216123;0.3080;0.2493;0.2000;0.2000;0.1000;0.0476;0.0952;0.0952;0.0635;0.2295;0.6339;3;3;0.0635;0.3005;0.6662;Qwen 2.5-1.5B
ID_6822739927690907;0.3456;0.3043;0.2000;0.3000;0.2000;0.0500;0.1500;0.2000;0.0817;0.6087;0.6095;4;5;0.0998;0.6739;0.5812;Qwen 2.5-1.5B
ID_4792955482152100;0.0298;0.1051;0.0000;0.1000;0.1500;0.0000;0.0263;0.0789;0.0033;0.3939;0.7009;1;3;0.0130;0.4303;0.6615;Qwen 2.5-1.5B
ID_7817033448036400;0.1737;0.1655;0.2000;0.2000;0.1500;0.0455;0.0909;0.1364;0.0242;0.5000;0.6673;2;4;0.0333;0.5147;0.6993;Qwen 2.5-1.5B
ID_8133660776746187;0.1832;0.4531;0.2000;0.1000;0.2000;0.2000;0.2000;0.8000;0.2000;0.6265;0.5950;1;4;0.3296;0.6506;0.6340;Qwen 2.5-1.5B
ID_8976306450816308;0.1039;0.1885;0.4000;0.2000;0.2500;0.0909;0.0909;0.2273;0.0455;0.0850;0.7661;2;5;0.0755;0.1111;0.7218;Qwen 2.5-1.5B
ID_3667257393072255;0.5174;0.6103;0.6000;0.4000;0.4000;0.2308;0.3077;0.6154;0.2423;0.4565;0.6414;4;8;0.3658;0.4783;0.6612;Qwen 2.5-1.5B
ID_7417258240533689;0.3994;0.3571;0.6000;0.5000;0.3500;0.1111;0.1852;0.2593;0.1351;0.5085;0.6717;5;7;0.1598;0.5254;0.6843;Qwen 2.5-1.5B
ID_4027612512091565;0.6715;0.6191;0.6000;0.4000;0.2000;0.5000;0.6667;0.6667;0.4519;0.2609;0.6543;6;7;0.4519;0.3333;0.6887;Qwen 2.5-1.5B
ID_5577871519448957;0.0527;0.0731;0.0000;0.1000;0.0500;0.0000;0.1250;0.1250;0.0179;0.4400;0.6182;1;3;0.0179;0.5200;0.5787;Qwen 2.5-1.5B
ID_3174964298120701;0.3052;0.3204;0.4000;0.2000;0.2000;0.1333;0.1333;0.2667;0.0933;0.3493;0.6013;2;4;0.1244;0.3886;0.6518;Qwen 2.5-1.5B
ID_1508456345535914;0.3983;0.3940;0.4000;0.3000;0.3000;0.0833;0.1250;0.2500;0.0750;0.7583;0.6098;4;8;0.1187;0.7750;0.6051;Qwen 2.5-1.5B
ID_1606080164385644;0.4029;0.3339;0.8000;0.6000;0.4000;0.0976;0.1463;0.1951;0.1100;0.6706;0.6324;6;8;0.1372;0.7176;0.6254;Qwen 2.5-1.5B
ID_7556393484185237;0.0920;0.1828;0.2000;0.1000;0.1500;0.0625;0.0625;0.1875;0.0125;0.6058;0.6512;1;3;0.0364;0.6779;0.6529;Qwen 2.5-1.5B
ID_7705487128433052;0.5232;0.4235;0.6000;0.4000;0.2000;0.1304;0.1739;0.1739;0.1413;0.4762;0.1501;4;4;0.1413;0.4762;0.1461;Qwen 2.5-1.5B
ID_5215677939309020;0.3860;0.3587;0.6000;0.5000;0.4000;0.1200;0.2000;0.3200;0.0996;0.5462;0.5714;5;8;0.1488;0.5846;0.6350;Qwen 2.5-1.5B
ID_3632313056549978;0.2128;0.2062;0.2000;0.2000;0.1500;0.0526;0.1053;0.1579;0.0677;0.0500;0.6596;3;6;0.0808;0.0667;0.6984;Qwen 2.5-1.5B
ID_1113234690255161;0.2278;0.1854;0.2000;0.3000;0.2000;0.0357;0.1071;0.1429;0.0286;0.2366;0.8039;3;4;0.0405;0.3602;0.7434;Qwen 2.5-1.5B
ID_3583817683372046;0.3015;0.2891;0.0000;0.4000;0.2500;0.0000;0.2000;0.2500;0.0593;0.2407;0.6425;5;7;0.0785;0.4630;0.6752;Qwen 2.5-1.5B
ID_7216344229807186;0.0838;0.0750;0.2000;0.1000;0.0500;0.0556;0.0556;0.0556;0.0278;0.1068;0.6231;2;3;0.0278;0.1246;0.6365;Qwen 2.5-1.5B
ID_7873530684119035;0.6332;0.5230;0.8000;0.7000;0.5000;0.0889;0.1556;0.2222;0.1222;0.5181;0.5586;7;10;0.1709;0.5766;0.5692;Qwen 2.5-1.5B
ID_3849610589103935;0.0000;0.0000;0.0000;0.0000;0.0000;0.0000;0.0000;0.0000;0.0000;0.4615;0.5967;0;0;0.0000;0.4615;0.6792;Qwen 2.5-1.5B
ID_2426330204919814;0.6079;0.4800;0.8000;0.6000;0.4500;0.1026;0.1538;0.2308;0.1156;0.6078;0.7346;6;9;0.1568;0.6275;0.7212;Qwen 2.5-1.5B
ID_6807553800607803;0.5183;0.5059;0.8000;0.7000;0.4500;0.1905;0.3333;0.4286;0.2948;0.4403;0.7185;8;11;0.3595;0.5896;0.7402;Qwen 2.5-1.5B
ID_9896747816468168;0.6035;0.5545;0.8000;0.7000;0.6000;0.1212;0.2121;0.3636;0.1843;0.2336;0.7364;7;12;0.2799;0.3738;0.7177;Qwen 2.5-1.5B
ID_8703127071027272;0.5174;0.3887;0.6000;0.4000;0.3000;0.0698;0.0930;0.1395;0.0733;0.1299;0.7324;4;6;0.0931;0.2208;0.7124;Qwen 2.5-1.5B
ID_5984945942545807;0.6994;0.5540;1.0000;0.8000;0.4500;0.2381;0.3810;0.4286;0.3697;0.3663;0.6069;8;9;0.4054;0.4257;0.6556;Qwen 2.5-1.5B
ID_6384773144352915;0.3644;0.3404;0.4000;0.3000;0.2000;0.1111;0.1667;0.2222;0.0815;0.1429;0.6576;4;5;0.0926;0.1429;0.6679;Qwen 2.5-1.5B
ID_2924634223083790;0.0814;0.0654;0.0000;0.1000;0.0500;0.0000;0.0323;0.0323;0.0054;0.0918;0.6138;1;1;0.0054;0.1122;0.6692;Qwen 2.5-1.5B
ID_6309609498284949;0.4308;0.4718;0.8000;0.5000;0.4000;0.1600;0.2000;0.3200;0.1886;0.6649;0.7037;5;10;0.2444;0.6859;0.7268;Qwen 2.5-1.5B
ID_1154078371182103;0.5275;0.4519;0.6000;0.6000;0.4500;0.0811;0.1622;0.2432;0.1124;0.1807;0.6607;6;9;0.1612;0.2651;0.7121;Qwen 2.5-1.5B
ID_1619120304203132;0.1212;0.1098;0.0000;0.1000;0.0500;0.0000;0.5000;0.5000;0.0625;0.1852;0.6424;1;1;0.0625;0.3796;0.6579;Qwen 2.5-1.5B
ID_8106459529828166;0.3569;0.3337;0.2000;0.4000;0.4000;0.0250;0.1000;0.2000;0.0427;0.2085;0.7110;4;8;0.0858;0.3521;0.7507;Qwen 2.5-1.5B
ID_5858842244938381;0.2487;0.2419;0.4000;0.3000;0.2000;0.0909;0.1364;0.1818;0.0604;0.1809;0.6660;3;4;0.0695;0.2412;0.6665;Qwen 2.5-1.5B
ID_2931270888717344;0.5107;0.5052;0.4000;0.4000;0.4500;0.0541;0.1081;0.2432;0.0830;0.2706;0.6800;4;9;0.1418;0.3412;0.6653;Qwen 2.5-1.5B
ID_5034796789305260;0.2332;0.2546;0.0000;0.1000;0.1000;0.0000;0.1667;0.3333;0.0238;0.1406;0.7611;4;6;0.0446;0.3281;0.7606;Qwen 2.5-1.5B
ID_7034773971317045;0.0157;0.0676;0.0000;0.0000;0.1000;0.0000;0.0000;0.0833;0.0000;0.0444;0.7616;1;3;0.0079;0.2127;0.7419;Qwen 2.5-1.5B
ID_0831151849844477;0.2595;0.1775;0.2000;0.2000;0.1000;0.0294;0.0588;0.0588;0.0353;0.1197;0.6746;3;3;0.0353;0.1197;0.7350;Qwen 2.5-1.5B
ID_3223135002950210;0.6811;0.4792;0.8000;0.7000;0.4000;0.1053;0.1842;0.2105;0.1601;0.3803;0.6685;7;8;0.1792;0.3991;0.6899;Qwen 2.5-1.5B
ID_8516223928904348;0.1309;0.1629;0.0000;0.1000;0.1500;0.0000;0.0714;0.2143;0.0079;0.2981;0.6045;3;5;0.0324;0.3317;0.6624;Qwen 2.5-1.5B
ID_9308646552353762;0.2910;0.2622;0.4000;0.5000;0.3500;0.0526;0.1316;0.1842;0.0581;0.2486;0.7356;5;7;0.0794;0.3721;0.7620;Qwen 2.5-1.5B
ID_1729487902904332;0.0952;0.0952;0.0000;0.0000;0.0000;0.0000;0.0000;0.0000;0.0000;0.3060;0.5715;2;2;0.0000;0.4179;0.6167;Qwen 2.5-1.5B
ID_8492267499258500;0.6429;0.5986;0.6000;0.7000;0.6000;0.1034;0.2414;0.4138;0.1700;0.2333;0.5627;7;13;0.2841;0.5000;0.6030;Qwen 2.5-1.5B
ID_4671775690334406;0.0000;0.0000;0.0000;0.0000;0.0000;0.0000;0.0000;0.0000;0.0000;0.0000;0.5098;0;0;0.0000;0.0741;0.5175;Qwen 2.5-1.5B
ID_2065104260659969;0.7066;0.5044;0.8000;0.6000;0.4000;0.1250;0.1875;0.2500;0.1708;0.2683;0.6334;6;8;0.1975;0.4878;0.6841;Qwen 2.5-1.5B
ID_0378897709136226;0.1100;0.0866;0.2000;0.1000;0.1000;0.0345;0.0345;0.0690;0.0115;0.1684;0.6180;1;2;0.0164;0.1684;0.6786;Qwen 2.5-1.5B
ID_3446817929796674;0.2905;0.3347;0.2000;0.3000;0.3000;0.0476;0.1429;0.2857;0.0500;0.1597;0.6774;3;7;0.1015;0.2941;0.6623;Qwen 2.5-1.5B
ID_8265116967095452;0.0636;0.1164;0.0000;0.1000;0.1000;0.0000;0.0667;0.1333;0.0067;0.2517;0.7592;1;4;0.0178;0.2738;0.7843;Qwen 2.5-1.5B
ID_1224532648969159;0.2832;0.2512;0.4000;0.3000;0.2500;0.0526;0.0789;0.1316;0.0351;0.6475;0.7642;3;5;0.0490;0.6896;0.7654;Qwen 2.5-1.5B
ID_3638659317775453;0.6966;0.6151;0.8000;0.7000;0.5500;0.1250;0.2188;0.3438;0.1682;0.6901;0.4397;8;12;0.2529;0.6901;0.6418;Qwen 2.5-1.5B
ID_0263742679377591;0.0796;0.1086;0.0000;0.1000;0.1000;0.0000;0.1000;0.2000;0.0100;0.1789;0.5394;1;2;0.0243;0.2211;0.5934;Qwen 2.5-1.5B
ID_0539134068708725;0.1893;0.1319;0.2000;0.2000;0.1000;0.0455;0.0909;0.0909;0.0205;0.7619;0.4103;7;8;0.0205;0.7798;0.4359;Qwen 2.5-1.5B
ID_7328854929044759;0.2673;0.2800;0.4000;0.2000;0.2000;0.1053;0.1053;0.2105;0.0877;0.3250;0.5987;2;4;0.1132;0.3417;0.6331;Qwen 2.5-1.5B
ID_8457699943400994;0.4978;0.4532;0.4000;0.4000;0.3000;0.1250;0.2500;0.3750;0.1667;0.1545;0.6429;5;7;0.2195;0.3476;0.6835;Qwen 2.5-1.5B
ID_4830182825385638;0.0902;0.0964;0.2000;0.1000;0.1000;0.0526;0.0526;0.1053;0.0132;0.2172;0.6103;2;3;0.0227;0.2980;0.6626;Qwen 2.5-1.5B
ID_1616454163444935;0.2973;0.3614;0.6000;0.3000;0.3500;0.1071;0.1071;0.2500;0.0631;0.6172;0.6398;5;9;0.1118;0.7109;0.6256;Qwen 2.5-1.5B
ID_6473783273255196;0.1284;0.1751;0.2000;0.2000;0.2500;0.0312;0.0625;0.1562;0.0182;0.7321;0.5912;2;5;0.0429;0.8214;0.6423;Qwen 2.5-1.5B
ID_1343302903420183;0.5511;0.4703;0.8000;0.6000;0.4000;0.1600;0.2400;0.3200;0.1993;0.1332;0.5993;6;8;0.2369;0.2136;0.6699;Qwen 2.5-1.5B
ID_3309342336039521;0.2201;0.3049;0.2000;0.1000;0.2500;0.0286;0.0286;0.1429;0.0286;0.2568;0.7271;1;5;0.0538;0.2973;0.6652;Qwen 2.5-1.5B
ID_6885920219067791;0.1920;0.2676;0.2000;0.3000;0.3500;0.0370;0.1111;0.2593;0.0327;0.2228;0.6635;3;7;0.0875;0.2970;0.6813;Qwen 2.5-1.5B
ID_6150944383255830;0.6011;0.5153;0.6000;0.4000;0.2000;0.2000;0.2667;0.2667;0.2267;0.2937;0.6331;4;5;0.2267;0.3492;0.6675;Qwen 2.5-1.5B
ID_5105401635003548;0.3088;0.2644;0.4000;0.2000;0.1500;0.0870;0.0870;0.1304;0.0652;0.4885;0.7299;2;3;0.0753;0.5420;0.7226;Qwen 2.5-1.5B
ID_2679480309784746;0.2042;0.2464;0.4000;0.3000;0.3000;0.0690;0.1034;0.2069;0.0397;0.4082;0.6638;3;6;0.0739;0.5510;0.6606;Qwen 2.5-1.5B
ID_5558354805733623;0.3529;0.3628;0.2000;0.4000;0.4000;0.0294;0.1176;0.2353;0.0486;0.2047;0.6493;4;8;0.0915;0.2543;0.6919;Qwen 2.5-1.5B
ID_9274817658247444;0.2999;0.2874;0.4000;0.3000;0.2500;0.0800;0.1200;0.2000;0.0533;0.1400;0.7007;3;6;0.0727;0.1600;0.7044;Qwen 2.5-1.5B
ID_4924315260445096;0.4648;0.4348;0.4000;0.4000;0.2500;0.1429;0.2857;0.3571;0.1837;0.4750;0.6686;5;9;0.2092;0.6250;0.6916;Qwen 2.5-1.5B
ID_2513765362378596;0.0000;0.0000;0.0000;0.0000;0.0000;0.0000;0.0000;0.0000;0.0000;0.1154;0.3638;0;0;0.0000;0.1154;0.3638;Qwen 2.5-1.5B
ID_7435229418765108;0.3445;0.2899;0.4000;0.4000;0.3000;0.0488;0.0976;0.1463;0.0416;0.1591;0.5102;4;6;0.0569;0.1705;0.4758;Qwen 2.5-1.5B
ID_5240388600131197;0.1806;0.1798;0.2000;0.2000;0.1500;0.0714;0.1429;0.2143;0.0516;0.7756;0.6046;2;3;0.0650;0.8324;0.6010;Qwen 2.5-1.5B
ID_0203267762283972;0.5048;0.4763;0.8000;0.4000;0.4000;0.1290;0.1290;0.2581;0.1226;0.1985;0.6228;4;8;0.1676;0.2353;0.5971;Qwen 2.5-1.5B
ID_4215849919453600;0.4637;0.2992;0.6000;0.3000;0.1500;0.0698;0.0698;0.0698;0.0640;0.0731;0.6400;4;4;0.0640;0.1152;0.6531;Qwen 2.5-1.5B
ID_3205712027513800;0.5294;0.3790;0.4000;0.5000;0.3000;0.0357;0.0893;0.1071;0.0533;0.4842;0.6800;5;6;0.0616;0.5380;0.6807;Qwen 2.5-1.5B
ID_4344790398205987;0.4748;0.4086;0.8000;0.4000;0.4500;0.1026;0.1026;0.2308;0.0974;0.0739;0.6711;4;9;0.1555;0.3695;0.7057;Qwen 2.5-1.5B
ID_1976491943464607;0.7180;0.5052;0.8000;0.8000;0.4500;0.0976;0.1951;0.2195;0.1698;0.7241;0.7092;8;10;0.1855;0.7414;0.6886;Qwen 2.5-1.5B
ID_3497095259123139;0.4690;0.3534;0.6000;0.3000;0.2500;0.0811;0.0811;0.1351;0.0811;0.1809;0.5258;3;5;0.0963;0.2195;0.6251;Qwen 2.5-1.5B
ID_3664073315037262;0.5628;0.4919;0.8000;0.5000;0.3500;0.2000;0.2500;0.3500;0.2317;0.3727;0.6156;5;7;0.2836;0.3887;0.6545;Qwen 2.5-1.5B
ID_6799776599317117;0.2620;0.3599;0.2000;0.2000;0.3000;0.0500;0.1000;0.3000;0.0611;0.3462;0.7017;3;8;0.1183;0.3846;0.7151;Qwen 2.5-1.5B
ID_3470407274471561;0.1662;0.1600;0.4000;0.2000;0.1500;0.0870;0.0870;0.1304;0.0870;0.6091;0.5650;2;4;0.0963;0.7000;0.6029;Qwen 2.5-1.5B
ID_8600906973888297;0.2607;0.2038;0.2000;0.1000;0.0500;0.0263;0.0263;0.0263;0.0263;0.1135;0.6403;1;1;0.0263;0.1135;0.6403;Qwen 2.5-1.5B
ID_8918399592544099;0.4624;0.4757;0.6000;0.3000;0.3500;0.1364;0.1364;0.3182;0.1098;0.4455;0.6844;5;9;0.1731;0.5091;0.7239;Qwen 2.5-1.5B
ID_4937676152604286;0.1159;0.1607;0.4000;0.2000;0.2500;0.0541;0.0541;0.1351;0.0270;0.1400;0.7050;3;7;0.0449;0.1900;0.6839;Qwen 2.5-1.5B
ID_2961250776014138;0.3999;0.3694;0.6000;0.5000;0.2500;0.2308;0.3846;0.3846;0.2427;0.4457;0.5022;5;5;0.2427;0.4864;0.6171;Qwen 2.5-1.5B
ID_3332983150165256;0.5389;0.5953;0.8000;0.4000;0.5500;0.1290;0.1290;0.3548;0.1145;0.7183;0.5403;4;11;0.2283;0.7606;0.5115;Qwen 2.5-1.5B
ID_4698230094310892;0.0391;0.0422;0.0000;0.1000;0.0500;0.0000;0.0714;0.0714;0.0071;0.3358;0.6498;1;2;0.0071;0.5547;0.6321;Qwen 2.5-1.5B
ID_1530363715825171;0.0406;0.0329;0.2000;0.1000;0.0500;0.0370;0.0370;0.0370;0.0093;0.4351;0.7233;1;1;0.0093;0.4351;0.6448;Qwen 2.5-1.5B
ID_4589542599288419;0.3952;0.4481;0.6000;0.5000;0.4500;0.1364;0.2273;0.4091;0.1347;0.2131;0.6581;5;9;0.2315;0.3299;0.6855;Qwen 2.5-1.5B
ID_6029111646602279;0.2628;0.2612;0.4000;0.3000;0.3000;0.0741;0.1111;0.2222;0.0529;0.1338;0.6811;4;7;0.0966;0.1529;0.6973;Qwen 2.5-1.5B
ID_0600862973859542;0.5721;0.5816;0.6000;0.5000;0.5000;0.1429;0.2381;0.4762;0.1998;0.2941;0.6247;5;10;0.3169;0.3529;0.6422;Qwen 2.5-1.5B
ID_4125254830545309;0.1354;0.1505;0.0000;0.1000;0.1000;0.0000;0.1250;0.2500;0.0156;0.4118;0.7545;2;3;0.0288;0.4171;0.6910;Qwen 2.5-1.5B
ID_6998917765406696;0.6275;0.4961;0.8000;0.5000;0.4000;0.1333;0.1667;0.2667;0.1505;0.2238;0.6055;5;8;0.1900;0.3636;0.7104;Qwen 2.5-1.5B
ID_0004473428354479;0.3206;0.3068;0.4000;0.4000;0.4000;0.0571;0.1143;0.2286;0.0678;0.4600;0.6293;4;8;0.1178;0.5133;0.6785;Qwen 2.5-1.5B
ID_7181547335252993;0.7771;0.5795;1.0000;0.9000;0.5500;0.1111;0.2000;0.2444;0.1953;0.2881;0.6991;9;11;0.2359;0.3051;0.6900;Qwen 2.5-1.5B
ID_2798283991743817;0.2932;0.2968;0.2000;0.1000;0.0500;0.1000;0.1000;0.1000;0.1000;0.5088;0.7047;1;2;0.1000;0.5263;0.7411;Qwen 2.5-1.5B
ID_0947912377089491;0.3862;0.3696;0.4000;0.3000;0.3000;0.0800;0.1200;0.2400;0.0920;0.8750;0.6818;3;7;0.1303;0.8750;0.6702;Qwen 2.5-1.5B
ID_8735458741337698;0.2622;0.3417;0.2000;0.2000;0.1500;0.1429;0.2857;0.4286;0.1837;0.2692;0.7752;2;3;0.2105;0.4038;0.7815;Qwen 2.5-1.5B
ID_6450292906586525;0.0000;0.1157;0.0000;0.0000;0.2000;0.0000;0.0000;0.1429;0.0000;0.0695;0.7449;0;4;0.0217;0.1660;0.7232;Qwen 2.5-1.5B
ID_7003614933284367;0.4729;0.3772;0.4000;0.4000;0.3000;0.0714;0.1429;0.2143;0.0927;0.1528;0.6468;4;6;0.1196;0.5833;0.6533;Qwen 2.5-1.5B
ID_0830926768091773;0.6912;0.5880;0.8000;0.7000;0.5500;0.0930;0.1628;0.2558;0.1452;0.8667;0.6137;7;11;0.2031;0.9556;0.6045;Qwen 2.5-1.5B
ID_6413207883357197;0.0000;0.0000;0.0000;0.0000;0.0000;0.0000;0.0000;0.0000;0.0000;0.0483;0.6352;0;0;0.0000;0.0483;0.5828;Qwen 2.5-1.5B
ID_1329671245559098;0.2013;0.1618;0.2000;0.4000;0.2000;0.0476;0.1905;0.1905;0.0839;0.6400;0.2686;4;4;0.0839;0.6400;0.2686;Qwen 2.5-1.5B
ID_3012908001422868;0.6484;0.5266;1.0000;0.5000;0.2500;0.2632;0.2632;0.2632;0.2632;0.4044;0.6697;5;5;0.2632;0.4632;0.7323;Qwen 2.5-1.5B
ID_3753627053150603;0.4690;0.4075;0.6000;0.3000;0.3000;0.1364;0.1364;0.2727;0.1364;0.3810;0.6411;3;6;0.1785;0.4476;0.6422;Qwen 2.5-1.5B
ID_2883241764449950;0.1098;0.1289;0.0000;0.1000;0.1000;0.0000;0.0625;0.1250;0.0104;0.1033;0.7431;2;3;0.0187;0.2935;0.7233;Qwen 2.5-1.5B
ID_2110280056340736;0.4619;0.3958;0.4000;0.3000;0.2000;0.1111;0.1667;0.2222;0.1111;0.2534;0.5246;5;8;0.1259;0.2986;0.5945;Qwen 2.5-1.5B
ID_1361624597372651;0.8124;0.7053;1.0000;0.8000;0.6500;0.1389;0.2222;0.3611;0.2105;0.6022;0.7190;8;13;0.3164;0.6129;0.7206;Qwen 2.5-1.5B
ID_1722453671104980;0.0000;0.0000;0.0000;0.0000;0.0000;0.0000;0.0000;0.0000;0.0000;0.0000;0.6319;0;0;0.0000;0.0000;0.6567;Qwen 2.5-1.5B
ID_4758706187939581;0.4467;0.3855;0.6000;0.4000;0.2000;0.2143;0.2857;0.2857;0.2175;0.5976;0.6493;5;5;0.2175;0.6098;0.6002;Qwen 2.5-1.5B
ID_7938521661726069;0.2137;0.2763;0.4000;0.4000;0.4000;0.0465;0.0930;0.1860;0.0668;0.6037;0.6651;4;8;0.1069;0.6223;0.6985;Qwen 2.5-1.5B
ID_7565192274317470;0.5263;0.5148;0.4000;0.3000;0.2000;0.2222;0.3333;0.4444;0.2698;0.2378;0.6727;6;8;0.3040;0.3566;0.6855;Qwen 2.5-1.5B
ID_1326529185989327;0.5745;0.4660;0.6000;0.5000;0.3000;0.1154;0.1923;0.2308;0.1538;0.4907;0.5684;6;8;0.1692;0.5000;0.6840;Qwen 2.5-1.5B
ID_4991370267086347;0.2953;0.2766;0.4000;0.2000;0.2000;0.0667;0.0667;0.1333;0.0667;0.3986;0.6415;3;5;0.0853;0.5811;0.6680;Qwen 2.5-1.5B
ID_7161963144100182;0.4789;0.3743;0.2000;0.5000;0.4000;0.0286;0.1429;0.2286;0.0773;0.3086;0.6272;6;9;0.1149;0.3657;0.6628;Qwen 2.5-1.5B
ID_0492925975883915;0.2652;0.2252;0.6000;0.3000;0.1500;0.2143;0.2143;0.2143;0.1143;0.0845;0.6376;4;5;0.1143;0.1866;0.6671;Qwen 2.5-1.5B
ID_4054756781423727;0.2874;0.4177;0.6000;0.3000;0.3000;0.2308;0.2308;0.4615;0.1103;0.7000;0.6784;5;8;0.1767;0.7200;0.6362;Qwen 2.5-1.5B
ID_7489482613903725;0.1506;0.1969;0.0000;0.2000;0.1500;0.0000;0.2500;0.3750;0.0406;0.3415;0.6801;5;8;0.0747;0.4634;0.7188;Qwen 2.5-1.5B
ID_5828464492633734;0.3675;0.3045;0.4000;0.3000;0.1500;0.1111;0.1667;0.1667;0.1389;0.4692;0.6788;4;4;0.1389;0.5615;0.6434;Qwen 2.5-1.5B
ID_1153835367118420;0.0583;0.0515;0.2000;0.1000;0.0500;0.0769;0.0769;0.0769;0.0192;0.1220;0.6583;1;1;0.0192;0.1220;0.6535;Qwen 2.5-1.5B
ID_5968839321163534;0.4285;0.3376;1.0000;0.6000;0.4000;0.1282;0.1538;0.2051;0.1538;0.4691;0.6993;7;10;0.1859;0.5556;0.7047;Qwen 2.5-1.5B
ID_4985544206160545;0.2086;0.1889;0.6000;0.3000;0.2000;0.1304;0.1304;0.1739;0.1304;0.4188;0.6647;3;4;0.1449;0.4188;0.6639;Qwen 2.5-1.5B
ID_7721483148298785;0.1930;0.1819;0.0000;0.3000;0.1500;0.0000;0.2500;0.2500;0.0539;0.6234;0.3555;3;3;0.0539;0.6753;0.5412;Qwen 2.5-1.5B
ID_1078442022852928;0.1389;0.1607;0.2000;0.1000;0.1000;0.0909;0.0909;0.1818;0.0227;0.1846;0.6888;2;4;0.0357;0.3385;0.6793;Qwen 2.5-1.5B
ID_0151036146060526;0.0298;0.0949;0.0000;0.1000;0.1500;0.0000;0.0222;0.0667;0.0028;0.3947;0.3044;1;3;0.0116;0.3947;0.2669;Qwen 2.5-1.5B
ID_2483185411923070;0.3926;0.3514;0.4000;0.3000;0.2500;0.0526;0.0789;0.1316;0.0658;0.4231;0.6724;3;5;0.0816;0.4359;0.7080;Qwen 2.5-1.5B
ID_3182841849332242;0.1341;0.1250;0.2000;0.3000;0.2000;0.0370;0.1111;0.1481;0.0286;0.3243;0.7030;3;5;0.0360;0.3446;0.7156;Qwen 2.5-1.5B
ID_6572298923055649;0.1205;0.1972;0.2000;0.2000;0.2500;0.0312;0.0625;0.1562;0.0193;0.4048;0.6768;2;5;0.0479;0.4603;0.7033;Qwen 2.5-1.5B
ID_6710074203174471;0.0966;0.0917;0.2000;0.2000;0.1000;0.0833;0.1667;0.1667;0.0694;0.0826;0.6556;2;2;0.0694;0.1284;0.7331;Qwen 2.5-1.5B
ID_7358557068732556;0.6325;0.4688;0.8000;0.5000;0.3500;0.1429;0.1786;0.2500;0.1655;0.6044;0.6132;5;7;0.2000;0.6154;0.6695;Qwen 2.5-1.5B
ID_1405345303844318;0.3996;0.4158;0.4000;0.3000;0.2500;0.0833;0.1250;0.2083;0.0851;0.3224;0.6786;3;5;0.1128;0.4342;0.6894;Qwen 2.5-1.5B
ID_3795357176730340;0.3951;0.4340;0.4000;0.5000;0.3500;0.1429;0.3571;0.5000;0.1893;0.7015;0.6972;5;7;0.2423;0.7761;0.6905;Qwen 2.5-1.5B
ID_8102993969523532;0.5261;0.4730;0.6000;0.4000;0.3000;0.1500;0.2000;0.3000;0.1833;0.4437;0.7165;6;9;0.2272;0.5312;0.7147;Qwen 2.5-1.5B
ID_4287647692016596;0.4718;0.4885;0.4000;0.3000;0.2500;0.2500;0.3750;0.6250;0.2286;0.6400;0.6831;3;5;0.3183;0.7600;0.6697;Qwen 2.5-1.5B
ID_0717133384261187;0.2768;0.2658;0.4000;0.2000;0.1000;0.1818;0.1818;0.1818;0.0909;0.1553;0.4934;2;2;0.0909;0.2981;0.6389;Qwen 2.5-1.5B
ID_2770300692287670;0.0000;0.0628;0.0000;0.0000;0.1500;0.0000;0.0000;0.0938;0.0000;0.0219;0.6303;0;3;0.0103;0.1460;0.7463;Qwen 2.5-1.5B
ID_6780184620648314;0.3950;0.4146;0.4000;0.2000;0.2000;0.1667;0.1667;0.3333;0.1389;0.7225;0.6330;3;5;0.1812;0.7528;0.6720;Qwen 2.5-1.5B
ID_0232526330657129;0.3513;0.3441;0.4000;0.3000;0.1500;0.1538;0.2308;0.2308;0.0949;0.2703;0.6312;5;10;0.0949;0.2793;0.6728;Qwen 2.5-1.5B
ID_4872607031009070;0.5391;0.4651;0.6000;0.7000;0.4000;0.1667;0.3889;0.4444;0.2505;0.2833;0.5915;7;8;0.2847;0.3000;0.6155;Qwen 2.5-1.5B
ID_4836603877351111;0.0486;0.0414;0.2000;0.1000;0.0500;0.0714;0.0714;0.0714;0.0143;0.2857;0.2773;1;1;0.0143;0.2857;0.2773;Qwen 2.5-1.5B
ID_6804862188196445;0.2003;0.3157;0.2000;0.2000;0.2000;0.0909;0.1818;0.3636;0.0530;0.5207;0.6070;4;6;0.1081;0.5207;0.6365;Qwen 2.5-1.5B
ID_4961446471613279;0.5989;0.4752;0.6000;0.5000;0.2500;0.1667;0.2778;0.2778;0.2191;0.4783;0.6437;5;6;0.2191;0.5652;0.6633;Qwen 2.5-1.5B
ID_3163271519013006;0.0315;0.0434;0.0000;0.0000;0.0000;0.0000;0.0000;0.0000;0.0000;0.2589;0.5631;1;2;0.0000;0.3858;0.6397;Qwen 2.5-1.5B
ID_3438388225100072;0.3860;0.3558;0.6000;0.5000;0.4000;0.0750;0.1250;0.2000;0.0664;0.1862;0.7325;5;8;0.1010;0.2500;0.7326;Qwen 2.5-1.5B
ID_7340569532034401;0.4539;0.4324;0.6000;0.3000;0.2500;0.1250;0.1250;0.2083;0.1083;0.5111;0.6710;5;7;0.1360;0.6444;0.7067;Qwen 2.5-1.5B
ID_5073614861573842;0.4253;0.3085;0.4000;0.5000;0.3500;0.0455;0.1136;0.1591;0.0651;0.5294;0.6680;5;8;0.0820;0.5686;0.6674;Qwen 2.5-1.5B
ID_4750838304742762;0.1863;0.1599;0.2000;0.3000;0.2000;0.0278;0.0833;0.1111;0.0423;0.2082;0.6740;3;4;0.0524;0.2330;0.7021;Qwen 2.5-1.5B
ID_5620115591039018;0.3590;0.3706;0.4000;0.2000;0.2000;0.0741;0.0741;0.1481;0.0741;0.1414;0.7143;2;6;0.0939;0.1937;0.7140;Qwen 2.5-1.5B
ID_7634526007103037;0.2863;0.2824;0.2000;0.2000;0.2000;0.0588;0.1176;0.2353;0.0719;0.1810;0.7068;2;4;0.0953;0.3143;0.6900;Qwen 2.5-1.5B
ID_7312223977002681;0.2379;0.1535;0.6000;0.4000;0.2000;0.0857;0.1143;0.1143;0.0738;0.2023;0.6486;5;5;0.0738;0.2225;0.5075;Qwen 2.5-1.5B
ID_7027246712839262;0.0000;0.0101;0.0000;0.0000;0.0000;0.0000;0.0000;0.0000;0.0000;0.6500;0.6307;0;1;0.0000;0.6500;0.6461;Qwen 2.5-1.5B
ID_4313266994385427;0.7870;0.7259;0.8000;0.8000;0.7500;0.0833;0.1667;0.3125;0.1450;0.3091;0.6736;8;16;0.2626;0.4364;0.7178;Qwen 2.5-1.5B
ID_3661952638867868;0.0105;0.0759;0.0000;0.0000;0.1000;0.0000;0.0000;0.0606;0.0000;0.1479;0.7438;1;3;0.0049;0.1972;0.7291;Qwen 2.5-1.5B
ID_3362937671462104;0.1001;0.1023;0.4000;0.2000;0.1500;0.0800;0.0800;0.1200;0.0400;0.0833;0.6864;2;3;0.0509;0.5357;0.7221;Qwen 2.5-1.5B
ID_3066548138105145;0.2260;0.2741;0.2000;0.4000;0.4000;0.0333;0.1333;0.2667;0.0485;0.6023;0.6326;5;9;0.1106;0.6364;0.6349;Qwen 2.5-1.5B
ID_9707648221123932;0.0000;0.0760;0.0000;0.0000;0.1000;0.0000;0.0000;0.0465;0.0000;0.0298;0.7405;0;2;0.0054;0.0497;0.7272;Qwen 2.5-1.5B
ID_0983518713985469;0.0000;0.0000;0.0000;0.0000;0.0000;0.0000;0.0000;0.0000;0.0000;0.1228;0.6811;0;0;0.0000;0.1316;0.6879;Qwen 2.5-1.5B
ID_1741102469161036;0.1073;0.0981;0.0000;0.1000;0.0500;0.0000;0.1000;0.1000;0.0167;0.2581;0.6365;2;2;0.0167;0.2581;0.6425;Qwen 2.5-1.5B
ID_7686288360297015;0.5958;0.3845;1.0000;0.7000;0.3500;0.1471;0.2059;0.2059;0.1971;0.3226;0.4936;8;8;0.1971;0.3710;0.6595;Qwen 2.5-1.5B
ID_1177407730126204;0.2430;0.2470;0.2000;0.5000;0.3500;0.0333;0.1667;0.2333;0.0654;0.2025;0.6916;5;7;0.0952;0.3067;0.6878;Qwen 2.5-1.5B
ID_6654943686635661;0.7089;0.5015;0.8000;0.7000;0.4000;0.1600;0.2800;0.3200;0.2397;0.3563;0.6134;7;10;0.2574;0.3678;0.5990;Qwen 2.5-1.5B
ID_3935638786776109;0.0991;0.0823;0.0000;0.1000;0.0500;0.0000;0.0526;0.0526;0.0075;0.4493;0.7327;3;4;0.0075;0.6087;0.6738;Qwen 2.5-1.5B
ID_1000622852662099;0.0406;0.0387;0.2000;0.1000;0.0500;0.0345;0.0345;0.0345;0.0086;0.2074;0.5659;1;2;0.0086;0.2926;0.5973;Qwen 2.5-1.5B
ID_4319412527458142;0.1638;0.2901;0.2000;0.3000;0.2500;0.1000;0.3000;0.5000;0.0819;0.3103;0.6611;3;5;0.1363;0.3793;0.6774;Qwen 2.5-1.5B
ID_5814379117254232;0.2935;0.1894;0.2000;0.2000;0.1000;0.0312;0.0625;0.0625;0.0402;0.2660;0.6546;2;2;0.0402;0.2692;0.5143;Qwen 2.5-1.5B
ID_4204411370971869;0.3737;0.5163;0.6000;0.5000;0.6500;0.1034;0.1724;0.4483;0.1511;0.5926;0.5729;5;13;0.3076;0.7222;0.4629;Qwen 2.5-1.5B
ID_1258429277577053;0.5075;0.4322;0.6000;0.5000;0.4000;0.1250;0.2083;0.3333;0.1582;0.1988;0.6564;5;8;0.2154;0.2281;0.6954;Qwen 2.5-1.5B
ID_6898659315585888;0.0694;0.1301;0.0000;0.1000;0.1500;0.0000;0.0667;0.2000;0.0083;0.0400;0.6630;1;3;0.0371;0.0960;0.6712;Qwen 2.5-1.5B
ID_7038719270161251;0.2792;0.2857;0.6000;0.3000;0.2500;0.2000;0.2000;0.3333;0.1833;0.1273;0.7377;3;5;0.2166;0.3091;0.7418;Qwen 2.5-1.5B
ID_7170508510503648;0.2247;0.2781;0.4000;0.2000;0.2500;0.1250;0.1250;0.3125;0.0521;0.6351;0.6709;3;7;0.1016;0.6757;0.7015;Qwen 2.5-1.5B
ID_6813736989856243;0.0496;0.0362;0.0000;0.1000;0.0500;0.0000;0.0370;0.0370;0.0053;0.2460;0.7845;1;1;0.0053;0.2698;0.7397;Qwen 2.5-1.5B
ID_4353834821288043;0.1597;0.1295;0.2000;0.1000;0.0500;0.0556;0.0556;0.0556;0.0185;0.3766;0.2812;2;2;0.0185;0.3766;0.2812;Qwen 2.5-1.5B
ID_0107663107513303;0.3421;0.2718;0.4000;0.3000;0.2000;0.1053;0.1579;0.2105;0.0947;0.0476;0.6962;3;4;0.1139;0.0952;0.7384;Qwen 2.5-1.5B
ID_5111918415828587;0.1742;0.1742;0.2000;0.1000;0.0500;0.2000;0.2000;0.2000;0.0667;0.4000;0.6417;1;1;0.0667;0.6000;0.6842;Qwen 2.5-1.5B
ID_7053039409324203;0.1821;0.1839;0.2000;0.2000;0.1500;0.0455;0.0909;0.1364;0.0341;0.9062;0.5435;5;6;0.0446;0.9688;0.5874;Qwen 2.5-1.5B
ID_0170762259145267;0.1258;0.1175;0.4000;0.2000;0.1500;0.0465;0.0465;0.0698;0.0151;0.1373;0.5974;2;3;0.0201;0.1667;0.6116;Qwen 2.5-1.5B
ID_1721596116332386;0.3704;0.3465;0.2000;0.3000;0.1500;0.1250;0.3750;0.3750;0.1302;0.4435;0.7319;6;7;0.1302;0.5645;0.7100;Qwen 2.5-1.5B
ID_9936034232663152;0.3900;0.4152;0.6000;0.4000;0.3500;0.1364;0.1818;0.3182;0.1510;0.5455;0.6438;6;11;0.2036;0.6667;0.6072;Qwen 2.5-1.5B
ID_3314639624288740;0.0000;0.0192;0.0000;0.0000;0.0500;0.0000;0.0000;0.0476;0.0000;0.0906;0.7282;0;1;0.0030;0.1178;0.7042;Qwen 2.5-1.5B
ID_3211921786987598;0.2611;0.2851;0.4000;0.2000;0.1500;0.1429;0.1429;0.2143;0.0833;0.5385;0.7447;3;4;0.1028;0.6923;0.7115;Qwen 2.5-1.5B
ID_8870539749821067;0.3246;0.2471;0.4000;0.3000;0.1500;0.0909;0.1364;0.1364;0.1045;0.1535;0.6913;5;5;0.1045;0.1683;0.6327;Qwen 2.5-1.5B
ID_9856332816841794;0.2248;0.1451;0.2000;0.3000;0.1500;0.0270;0.0811;0.0811;0.0221;0.3113;0.6681;3;3;0.0221;0.3113;0.7234;Qwen 2.5-1.5B
ID_8935551668939735;0.6025;0.4252;0.8000;0.5000;0.3000;0.1026;0.1282;0.1538;0.1038;0.3636;0.6953;5;6;0.1148;0.3636;0.6978;Qwen 2.5-1.5B
ID_7014991384513854;0.4644;0.4381;0.4000;0.5000;0.4000;0.0714;0.1786;0.2857;0.1105;0.3036;0.7211;6;9;0.1625;0.3571;0.7244;Qwen 2.5-1.5B
ID_6150649178925775;0.0784;0.1340;0.0000;0.1000;0.1500;0.0000;0.0400;0.1200;0.0050;0.1044;0.7821;1;3;0.0187;0.2088;0.7617;Qwen 2.5-1.5B
ID_5681875789500232;0.4617;0.3662;0.8000;0.5000;0.3000;0.1379;0.1724;0.2069;0.1626;0.4478;0.6828;5;7;0.1755;0.4696;0.6967;Qwen 2.5-1.5B
ID_6056793173053386;0.3571;0.3746;0.2000;0.3000;0.3000;0.0357;0.1071;0.2143;0.0566;0.2009;0.5396;3;6;0.0931;0.3310;0.6601;Qwen 2.5-1.5B
ID_2127102036483236;0.4397;0.3139;0.6000;0.5000;0.3500;0.0714;0.1190;0.1667;0.0983;0.6585;0.6527;6;8;0.1182;0.6585;0.6176;Qwen 2.5-1.5B
ID_5168823546200073;0.1696;0.1745;0.4000;0.3000;0.2500;0.0690;0.1034;0.1724;0.0474;0.2260;0.7456;3;5;0.0663;0.4440;0.8056;Qwen 2.5-1.5B
ID_8606116806263977;0.3376;0.4327;0.6000;0.3000;0.3000;0.1667;0.1667;0.3333;0.1343;0.1975;0.4658;3;6;0.1980;0.3758;0.4764;Qwen 2.5-1.5B
ID_3961773765127529;0.7871;0.5625;0.8000;0.9000;0.5500;0.1333;0.3000;0.3667;0.2635;0.6727;0.7106;9;11;0.3167;0.6909;0.7299;Qwen 2.5-1.5B
ID_3559042497669898;0.3620;0.2729;0.6000;0.3000;0.1500;0.1667;0.1667;0.1667;0.1343;0.1443;0.6709;3;3;0.1343;0.1642;0.6354;Qwen 2.5-1.5B
ID_2562159376424787;0.3809;0.3304;0.6000;0.3000;0.2000;0.1579;0.1579;0.2105;0.0930;0.2000;0.7068;5;6;0.1121;0.2429;0.6955;Qwen 2.5-1.5B
ID_0226659493503879;0.0684;0.0727;0.0000;0.0000;0.0000;0.0000;0.0000;0.0000;0.0000;0.3000;0.5049;2;3;0.0000;0.5714;0.5472;Qwen 2.5-1.5B
ID_2522219947489545;0.3075;0.3564;0.4000;0.2000;0.2500;0.1053;0.1053;0.2632;0.0789;0.5395;0.6535;4;10;0.1172;0.7105;0.6411;Qwen 2.5-1.5B
ID_6233887751567079;0.2837;0.2523;0.2000;0.2000;0.2000;0.0238;0.0476;0.0952;0.0286;0.0726;0.7215;2;4;0.0387;0.1008;0.7032;Qwen 2.5-1.5B
ID_5112000100248158;0.0417;0.1472;0.0000;0.0000;0.1500;0.0000;0.0000;0.1500;0.0000;0.0988;0.7346;4;8;0.0169;0.2609;0.6758;Qwen 2.5-1.5B
ID_1009007373940269;0.0364;0.0807;0.0000;0.0000;0.0500;0.0000;0.0000;0.0333;0.0000;0.2000;0.6419;3;4;0.0024;0.6667;0.7275;Qwen 2.5-1.5B
ID_1272997735344283;0.7930;0.7599;1.0000;0.6000;0.3000;0.4545;0.5455;0.5455;0.5455;0.1538;0.6942;6;6;0.5455;0.4462;0.6131;Qwen 2.5-1.5B
ID_4216801992845696;0.5045;0.3968;0.6000;0.5000;0.3500;0.1304;0.2174;0.3043;0.1434;0.6216;0.7879;6;8;0.1795;0.6486;0.8228;Qwen 2.5-1.5B
ID_3635180022332691;0.3789;0.3643;0.6000;0.4000;0.4000;0.1000;0.1333;0.2667;0.0700;0.3333;0.7002;5;9;0.1256;0.5513;0.6771;Qwen 2.5-1.5B
ID_6604074224038905;0.0336;0.1358;0.0000;0.1000;0.2000;0.0000;0.0357;0.1429;0.0060;0.1029;0.7460;1;4;0.0253;0.4191;0.7282;Qwen 2.5-1.5B
ID_0306964533388350;0.2000;0.2986;0.2000;0.2000;0.3000;0.0500;0.1000;0.3000;0.0200;0.3333;0.6074;4;10;0.0811;0.4889;0.5875;Qwen 2.5-1.5B
ID_2382340975364628;0.0000;0.0000;0.0000;0.0000;0.0000;0.0000;0.0000;0.0000;0.0000;0.0370;0.1898;0;0;0.0000;0.0370;0.1649;Qwen 2.5-1.5B
ID_8856264804055285;0.2743;0.2749;0.4000;0.3000;0.2500;0.1250;0.1875;0.3125;0.0755;0.2586;0.5196;3;5;0.1147;0.2931;0.6007;Qwen 2.5-1.5B
ID_4895231407900749;0.2837;0.2837;0.2000;0.1000;0.0500;0.2000;0.2000;0.2000;0.0500;0.3100;0.6275;2;2;0.0500;0.3200;0.6924;Qwen 2.5-1.5B
ID_2404041740930079;0.3430;0.2395;0.6000;0.4000;0.2000;0.1429;0.1905;0.1905;0.1079;0.2930;0.6976;4;4;0.1079;0.2930;0.6976;Qwen 2.5-1.5B
ID_1085274416109765;0.0948;0.1450;0.2000;0.1000;0.1500;0.0370;0.0370;0.1111;0.0093;0.4194;0.6353;1;3;0.0224;0.4409;0.6677;Qwen 2.5-1.5B
ID_7299082066704598;0.1761;0.2595;0.2000;0.4000;0.4000;0.0250;0.1000;0.2000;0.0365;0.2644;0.7275;4;8;0.0821;0.2874;0.7150;Qwen 2.5-1.5B
ID_2985658685449858;0.6108;0.6052;0.6000;0.6000;0.5000;0.1071;0.2143;0.3571;0.1636;0.3947;0.6994;6;10;0.2451;0.4035;0.6855;Qwen 2.5-1.5B
ID_2841235947648623;0.6208;0.4709;0.6000;0.5000;0.3500;0.1034;0.1724;0.2414;0.1511;0.1295;0.6891;5;7;0.1799;0.1439;0.6764;Qwen 2.5-1.5B
ID_1177858154250011;0.5625;0.4520;0.8000;0.6000;0.3000;0.1818;0.2727;0.2727;0.2314;0.3004;0.6603;7;7;0.2314;0.3004;0.6589;Qwen 2.5-1.5B
ID_3417554957573089;0.3775;0.3694;0.4000;0.3000;0.2000;0.1333;0.2000;0.2667;0.1444;0.4667;0.7023;3;4;0.1593;0.5333;0.7060;Qwen 2.5-1.5B
ID_4367729354437118;0.5200;0.3356;0.6000;0.4000;0.2000;0.0789;0.1053;0.1053;0.0841;0.3205;0.6932;4;4;0.0841;0.3205;0.7112;Qwen 2.5-1.5B
ID_7618815981603087;0.5326;0.4101;0.6000;0.4000;0.3000;0.0909;0.1212;0.1818;0.1030;0.2406;0.6662;4;6;0.1210;0.2632;0.6337;Qwen 2.5-1.5B
ID_0756134184225958;0.3009;0.2435;0.4000;0.3000;0.1500;0.0952;0.1429;0.1429;0.1032;0.3780;0.5511;3;3;0.1032;0.3780;0.4194;Qwen 2.5-1.5B
ID_0607115205166943;0.4243;0.3495;0.6000;0.4000;0.3000;0.0612;0.0816;0.1224;0.0565;0.5903;0.5457;4;6;0.0744;0.6167;0.5373;Qwen 2.5-1.5B
ID_7050204388811935;0.1282;0.1238;0.0000;0.0000;0.0000;0.0000;0.0000;0.0000;0.0000;0.2951;0.7111;5;6;0.0000;0.3279;0.7566;Qwen 2.5-1.5B
ID_9222328149519812;0.0815;0.1776;0.0000;0.1000;0.2000;0.0000;0.0417;0.1667;0.0052;0.0784;0.6784;2;6;0.0298;0.0882;0.6837;Qwen 2.5-1.5B
ID_2413108146059860;0.5068;0.4316;0.4000;0.4000;0.4000;0.0714;0.1429;0.2857;0.1071;0.6719;0.6623;4;8;0.1769;0.6719;0.6156;Qwen 2.5-1.5B
ID_7137178343756327;0.2642;0.3385;0.2000;0.4000;0.4500;0.0500;0.2000;0.4500;0.0681;0.4831;0.7368;4;9;0.1752;0.6629;0.6487;Qwen 2.5-1.5B
ID_8716772787552224;0.1558;0.2902;0.2000;0.2000;0.2500;0.0769;0.1538;0.3846;0.0385;0.4294;0.6809;2;5;0.1126;0.4785;0.6949;Qwen 2.5-1.5B
ID_2703079636251098;0.1446;0.1927;0.2000;0.2000;0.2500;0.0588;0.1176;0.2941;0.0265;0.3047;0.6955;2;6;0.0712;0.4375;0.7195;Qwen 2.5-1.5B
ID_9093965063812492;0.6118;0.5774;0.6000;0.5000;0.5000;0.0714;0.1190;0.2381;0.0999;0.9633;0.5566;5;10;0.1670;0.9755;0.6172;Qwen 2.5-1.5B
ID_1883927036650646;0.5922;0.5537;0.6000;0.5000;0.3500;0.1579;0.2632;0.3684;0.1769;0.7667;0.5685;9;12;0.2225;0.7833;0.6438;Qwen 2.5-1.5B
ID_4254001833729264;0.3967;0.2730;0.4000;0.4000;0.2500;0.0526;0.1053;0.1316;0.0617;0.4286;0.6897;7;8;0.0737;0.5268;0.7334;Qwen 2.5-1.5B
ID_9981984419027348;0.7097;0.5360;0.6000;0.7000;0.4500;0.0750;0.1750;0.2250;0.1312;0.1304;0.7526;7;9;0.1681;0.1377;0.7483;Qwen 2.5-1.5B
ID_3267843405581248;0.4614;0.4070;0.8000;0.4000;0.3500;0.1000;0.1000;0.1750;0.0804;0.3922;0.6144;4;7;0.1121;0.5294;0.5328;Qwen 2.5-1.5B
ID_7431674954926317;0.0929;0.1429;0.2000;0.2000;0.1500;0.0714;0.1429;0.2143;0.0286;0.5417;0.6728;3;5;0.0412;0.5417;0.6591;Qwen 2.5-1.5B
ID_3166198706411520;0.4731;0.4714;0.8000;0.4000;0.3500;0.1667;0.1667;0.2917;0.1340;0.6077;0.6427;4;7;0.1932;0.6298;0.6411;Qwen 2.5-1.5B
ID_6118207071870406;0.2489;0.2810;0.4000;0.2000;0.2000;0.0800;0.0800;0.1600;0.0467;0.6219;0.6864;2;4;0.0690;0.7264;0.6603;Qwen 2.5-1.5B
ID_2401311988343812;0.4941;0.5246;0.6000;0.6000;0.5000;0.1200;0.2400;0.4000;0.1652;0.1429;0.6430;6;10;0.2564;0.1429;0.7423;Qwen 2.5-1.5B
ID_8274579818841840;0.0000;0.0765;0.0000;0.0000;0.0500;0.0000;0.0000;0.0833;0.0000;0.9333;0.4965;0;1;0.0076;0.9556;0.4000;Qwen 2.5-1.5B
ID_3886712611757992;0.1309;0.1237;0.2000;0.1000;0.0500;0.0833;0.0833;0.0833;0.0208;0.5146;0.6523;2;3;0.0208;0.5922;0.6459;Qwen 2.5-1.5B
ID_4236800519243308;0.4252;0.3914;0.4000;0.3000;0.1500;0.1667;0.2500;0.2500;0.1944;0.3475;0.6406;3;6;0.1944;0.3617;0.6397;Qwen 2.5-1.5B
ID_4073113061295309;0.0890;0.1741;0.0000;0.2000;0.2500;0.0000;0.1667;0.4167;0.0324;0.0672;0.6603;2;5;0.1032;0.2185;0.6745;Qwen 2.5-1.5B
ID_3621433615334969;0.2778;0.2284;0.4000;0.3000;0.1500;0.1176;0.1765;0.1765;0.0683;0.1017;0.7427;5;5;0.0683;0.1864;0.7778;Qwen 2.5-1.5B
ID_1043606043814998;0.3638;0.3800;0.6000;0.3000;0.2500;0.1765;0.1765;0.2941;0.1765;0.5752;0.5269;4;6;0.2224;0.6062;0.6314;Qwen 2.5-1.5B
ID_7087770133288924;0.0951;0.0842;0.0000;0.1000;0.1000;0.0000;0.0385;0.0769;0.0038;0.3200;0.6956;2;3;0.0103;0.3200;0.6141;Qwen 2.5-1.5B
ID_8201805132981288;0.5201;0.5299;0.6000;0.4000;0.2500;0.2308;0.3077;0.3846;0.2085;0.4865;0.6936;4;5;0.2326;0.6486;0.6635;Qwen 2.5-1.5B
ID_1187896035778213;0.3052;0.2668;0.4000;0.2000;0.2000;0.0370;0.0370;0.0741;0.0259;0.4368;0.7404;2;4;0.0340;0.5431;0.7538;Qwen 2.5-1.5B
ID_7040082970555770;0.5253;0.4115;0.6000;0.5000;0.3500;0.0789;0.1316;0.1842;0.0933;0.4833;0.7232;5;7;0.1173;0.5111;0.7365;Qwen 2.5-1.5B
ID_8508457798254482;0.5564;0.3591;0.4000;0.5000;0.2500;0.0488;0.1220;0.1220;0.0755;0.3442;0.6235;6;6;0.0755;0.3701;0.5961;Qwen 2.5-1.5B
ID_5625607708848040;0.4409;0.3470;0.4000;0.4000;0.2000;0.0870;0.1739;0.1739;0.0965;0.3731;0.6440;4;4;0.0965;0.4030;0.5934;Qwen 2.5-1.5B
ID_2892051287737605;0.1133;0.1098;0.0000;0.1000;0.0500;0.0000;0.0667;0.0667;0.0067;0.1146;0.8243;3;5;0.0067;0.1911;0.7569;Qwen 2.5-1.5B
ID_0422652925722673;0.3317;0.3317;0.4000;0.4000;0.2000;0.2000;0.4000;0.4000;0.1721;0.2083;0.7413;4;4;0.1721;0.2292;0.7568;Qwen 2.5-1.5B
ID_1138639549823932;0.7098;0.5765;0.8000;0.8000;0.6000;0.1000;0.2000;0.3000;0.1790;0.5870;0.6910;8;12;0.2615;0.7174;0.6640;Qwen 2.5-1.5B
ID_8032871065166582;0.1127;0.1603;0.0000;0.1000;0.1500;0.0000;0.0714;0.2143;0.0089;0.2424;0.7447;2;5;0.0327;0.3788;0.7880;Qwen 2.5-1.5B
ID_3740757562716147;0.3132;0.2781;0.0000;0.5000;0.3500;0.0000;0.1471;0.2059;0.0521;0.0345;0.6972;5;7;0.0829;0.1034;0.7246;Qwen 2.5-1.5B
ID_1661480072159875;0.5010;0.4652;0.4000;0.4000;0.4000;0.0667;0.1333;0.2667;0.0967;0.6667;0.5259;4;8;0.1532;0.7619;0.5080;Qwen 2.5-1.5B
ID_6513224203040781;0.7565;0.5785;0.8000;0.7000;0.4500;0.1481;0.2593;0.3333;0.2116;0.4643;0.5135;8;14;0.2522;0.4643;0.5746;Qwen 2.5-1.5B
ID_4750709016042276;0.5060;0.4321;0.6000;0.5000;0.4500;0.0769;0.1282;0.2308;0.1083;0.7222;0.6581;5;9;0.1603;0.7698;0.6748;Qwen 2.5-1.5B
ID_6435692548198017;0.4124;0.4306;0.6000;0.4000;0.4500;0.1154;0.1538;0.3462;0.0936;0.8028;0.6689;4;9;0.1676;0.8310;0.7177;Qwen 2.5-1.5B
ID_1142440384333196;0.0663;0.0916;0.0000;0.1000;0.1500;0.0000;0.0333;0.1000;0.0037;0.4894;0.6462;1;3;0.0143;0.6170;0.6693;Qwen 2.5-1.5B
ID_1428637808064409;0.0607;0.0491;0.2000;0.1000;0.0500;0.0303;0.0303;0.0303;0.0101;0.1145;0.6784;2;2;0.0101;0.1145;0.6774;Qwen 2.5-1.5B
ID_3714905065293466;0.6526;0.5454;0.6000;0.6000;0.5000;0.1111;0.2222;0.3704;0.1777;0.5333;0.6621;8;12;0.2604;0.5333;0.6510;Qwen 2.5-1.5B
ID_0627069259285805;0.5789;0.3736;0.8000;0.5000;0.2500;0.0870;0.1087;0.1087;0.0981;0.8796;0.5480;5;5;0.0981;0.9167;0.5935;Qwen 2.5-1.5B
ID_7112751029135541;0.2201;0.2008;0.2000;0.1000;0.1000;0.0667;0.0667;0.1333;0.0667;0.2319;0.5747;1;2;0.0762;0.3043;0.5829;Qwen 2.5-1.5B
ID_8616379159674273;0.2381;0.3090;0.4000;0.3000;0.2500;0.2222;0.3333;0.5556;0.1139;0.2564;0.7468;3;8;0.1744;0.3590;0.7463;Qwen 2.5-1.5B
ID_4413209638256157;0.2028;0.1785;0.0000;0.3000;0.1500;0.0000;0.2308;0.2308;0.0559;0.2973;0.5844;3;3;0.0559;0.7027;0.6388;Qwen 2.5-1.5B
ID_4821257969996926;0.3536;0.3458;0.6000;0.4000;0.3500;0.1071;0.1429;0.2500;0.0655;0.5429;0.3854;4;7;0.1135;0.6286;0.3652;Qwen 2.5-1.5B
ID_1324927877730882;0.1101;0.0880;0.2000;0.2000;0.1500;0.0217;0.0435;0.0652;0.0109;0.2597;0.6596;2;3;0.0168;0.3117;0.6637;Qwen 2.5-1.5B
ID_0214033967250240;0.7394;0.6010;1.0000;0.7000;0.5500;0.1471;0.2059;0.3235;0.1993;0.3218;0.7111;7;11;0.2775;0.5632;0.6871;Qwen 2.5-1.5B
ID_6531889931012965;0.3063;0.2269;0.2000;0.4000;0.3000;0.0244;0.0976;0.1463;0.0357;0.2051;0.5979;4;6;0.0514;0.2308;0.5394;Qwen 2.5-1.5B
ID_7196654947156785;0.4506;0.3688;0.4000;0.4000;0.3000;0.0465;0.0930;0.1395;0.0539;0.3590;0.6017;4;6;0.0761;0.3846;0.5401;Qwen 2.5-1.5B
ID_1750852376922258;0.3341;0.3029;0.6000;0.3000;0.2500;0.1500;0.1500;0.2500;0.0883;0.5769;0.5410;3;5;0.1173;0.6795;0.5979;Qwen 2.5-1.5B
ID_6086190357278633;0.4662;0.5174;0.4000;0.4000;0.4500;0.0952;0.1905;0.4286;0.1343;0.6970;0.6042;5;10;0.2378;0.7273;0.6657;Qwen 2.5-1.5B
ID_6306096928606380;0.4536;0.6168;0.2000;0.6000;0.5000;0.0769;0.4615;0.7692;0.2244;0.5397;0.5213;6;10;0.3956;0.7460;0.5877;Qwen 2.5-1.5B
ID_7206289057139883;0.1543;0.1154;0.4000;0.2000;0.1000;0.0625;0.0625;0.0625;0.0312;0.3750;0.4165;2;2;0.0312;0.3750;0.4165;Qwen 2.5-1.5B
ID_5381937275780405;0.3435;0.4705;0.2000;0.3000;0.2500;0.1667;0.5000;0.8333;0.1865;1.0000;0.6333;3;5;0.2674;1.0000;0.6349;Qwen 2.5-1.5B
ID_7112277465715838;0.0314;0.0238;0.0000;0.0000;0.0000;0.0000;0.0000;0.0000;0.0000;0.0000;0.6338;1;1;0.0000;0.0896;0.6704;Qwen 2.5-1.5B
ID_5014603660790632;0.5743;0.5413;0.4000;0.5000;0.5000;0.0588;0.1471;0.2941;0.1050;0.2600;0.5685;5;10;0.1737;0.3100;0.5992;Qwen 2.5-1.5B
ID_0211300683784278;0.5504;0.5220;0.6000;0.6000;0.5000;0.1111;0.2222;0.3704;0.1777;0.3303;0.5196;7;11;0.2763;0.3486;0.4933;Qwen 2.5-1.5B
ID_1479038203388369;0.1776;0.1423;0.0000;0.2000;0.1000;0.0000;0.0769;0.0769;0.0134;0.5435;0.6744;4;5;0.0134;0.6087;0.6383;Qwen 2.5-1.5B
ID_1372738121180882;0.1370;0.1578;0.0000;0.2000;0.1500;0.0000;0.1250;0.1875;0.0214;0.2628;0.6414;2;3;0.0385;0.3590;0.7000;Qwen 2.5-1.5B
ID_3417734567782570;0.2605;0.3659;0.4000;0.4000;0.4000;0.1053;0.2105;0.4211;0.1023;0.6863;0.7237;5;9;0.1962;0.7353;0.6929;Qwen 2.5-1.5B
ID_8542579855895033;0.0595;0.2094;0.2000;0.1000;0.3000;0.0312;0.0312;0.1875;0.0156;0.3077;0.7002;1;7;0.0591;0.4396;0.7026;Qwen 2.5-1.5B
ID_3770706279979377;0.2825;0.3508;0.4000;0.3000;0.3500;0.0800;0.1200;0.2800;0.0667;0.7273;0.6312;3;7;0.1212;1.0000;0.6537;Qwen 2.5-1.5B
ID_2715614477658559;0.3301;0.3575;0.4000;0.2000;0.2500;0.0714;0.0714;0.1786;0.0595;0.2840;0.6743;2;6;0.0866;0.3951;0.6585;Qwen 2.5-1.5B
ID_1644854912506311;0.0000;0.1122;0.0000;0.0000;0.1000;0.0000;0.0000;0.2222;0.0000;0.5192;0.5560;0;3;0.0191;0.5962;0.6102;Qwen 2.5-1.5B
ID_7997248190492823;0.0000;0.0000;0.0000;0.0000;0.0000;0.0000;0.0000;0.0000;0.0000;0.0347;0.5752;0;0;0.0000;0.0938;0.6585;Qwen 2.5-1.5B
ID_5390871764659439;0.4310;0.3141;0.8000;0.4000;0.2000;0.2222;0.2222;0.2222;0.2222;0.5125;0.7241;5;5;0.2222;0.5348;0.7233;Qwen 2.5-1.5B
ID_4830050448543240;0.6399;0.5280;0.6000;0.7000;0.4500;0.1429;0.3333;0.4286;0.2266;0.5000;0.7451;7;10;0.2784;0.5000;0.7019;Qwen 2.5-1.5B
ID_5368167403557640;0.3744;0.3677;0.6000;0.3000;0.3500;0.1154;0.1154;0.2692;0.1058;0.1049;0.7047;3;7;0.1685;0.1481;0.6907;Qwen 2.5-1.5B
ID_1122362218673413;0.3938;0.3741;0.4000;0.3000;0.3500;0.0526;0.0789;0.1842;0.0518;0.5075;0.5657;3;7;0.0871;0.6119;0.5570;Qwen 2.5-1.5B
ID_7269889225548975;0.3587;0.2985;0.4000;0.4000;0.2500;0.0909;0.1818;0.2273;0.1017;0.6000;0.6193;4;5;0.1131;0.7000;0.6885;Qwen 2.5-1.5B
ID_3258168964977007;0.4284;0.3367;0.8000;0.4000;0.2000;0.2353;0.2353;0.2353;0.2235;0.2105;0.7508;4;4;0.2235;0.2895;0.8152;Qwen 2.5-1.5B
ID_1425457857618919;0.2201;0.2498;0.2000;0.1000;0.2000;0.0263;0.0263;0.1053;0.0263;0.1905;0.6912;1;4;0.0422;0.3571;0.6475;Qwen 2.5-1.5B
ID_5249973626810280;0.2947;0.3094;0.4000;0.2000;0.1500;0.1250;0.1250;0.1875;0.0563;0.3286;0.5052;4;7;0.0667;0.4286;0.6033;Qwen 2.5-1.5B
ID_3341755886753117;0.5662;0.5101;0.6000;0.5000;0.3500;0.1429;0.2381;0.3333;0.1984;0.4286;0.6328;5;7;0.2442;0.4286;0.6597;Qwen 2.5-1.5B
ID_1868743035556083;0.0000;0.1264;0.0000;0.0000;0.1000;0.0000;0.0000;0.2500;0.0000;0.2807;0.6678;0;2;0.0228;0.4211;0.6421;Qwen 2.5-1.5B
ID_7730378702136765;0.2127;0.1855;0.2000;0.2000;0.1000;0.0769;0.1538;0.1538;0.0513;0.7059;0.6919;2;2;0.0513;0.7647;0.7331;Qwen 2.5-1.5B
ID_4165114386602896;0.5730;0.3768;0.4000;0.5000;0.2500;0.0800;0.2000;0.2000;0.1422;0.6800;0.6414;5;5;0.1422;0.6800;0.6393;Qwen 2.5-1.5B
ID_3064071594531422;0.6118;0.4955;0.6000;0.5000;0.4500;0.0857;0.1429;0.2571;0.1199;0.1346;0.6630;5;9;0.1726;0.2308;0.6595;Qwen 2.5-1.5B
ID_5266453653764376;0.4695;0.4971;0.6000;0.4000;0.3000;0.2000;0.2667;0.4000;0.1733;0.3866;0.6131;4;6;0.2178;0.4370;0.6212;Qwen 2.5-1.5B
ID_2327252294819099;0.5313;0.5775;0.6000;0.5000;0.3500;0.2143;0.3571;0.5000;0.2769;0.7143;0.6505;6;9;0.3409;0.7500;0.7043;Qwen 2.5-1.5B
ID_1416717596426384;0.3301;0.2131;0.4000;0.2000;0.1000;0.0714;0.0714;0.0714;0.0595;0.2545;0.6002;2;2;0.0595;0.2545;0.6002;Qwen 2.5-1.5B
ID_5104380991908142;0.6118;0.5362;0.6000;0.5000;0.4000;0.1500;0.2500;0.4000;0.2098;0.4766;0.6622;5;8;0.2682;0.5156;0.6213;Qwen 2.5-1.5B
ID_3850342002270325;0.4057;0.3017;0.6000;0.5000;0.3000;0.0968;0.1613;0.1935;0.1013;0.1475;0.5954;5;6;0.1188;0.1585;0.5773;Qwen 2.5-1.5B
ID_2506452256257692;0.1465;0.1651;0.4000;0.2000;0.1500;0.1053;0.1053;0.1579;0.0386;0.2697;0.3492;2;3;0.0491;0.4607;0.3325;Qwen 2.5-1.5B
ID_2501991149911808;0.0000;0.0905;0.0000;0.0000;0.1000;0.0000;0.0000;0.1111;0.0000;0.5577;0.6704;0;3;0.0094;0.5577;0.6261;Qwen 2.5-1.5B
ID_0681322721384641;0.2399;0.1796;0.2000;0.3000;0.1500;0.0588;0.1765;0.1765;0.0503;0.7143;0.6228;3;3;0.0503;0.7500;0.7063;Qwen 2.5-1.5B
ID_3413049864861519;0.1100;0.1684;0.2000;0.1000;0.1500;0.0500;0.0500;0.1500;0.0167;0.3636;0.7802;1;3;0.0304;0.5000;0.7660;Qwen 2.5-1.5B
ID_3497475658439763;0.6531;0.5304;0.6000;0.6000;0.4500;0.0811;0.1622;0.2432;0.1206;0.7971;0.4976;6;10;0.1604;0.8406;0.5633;Qwen 2.5-1.5B
ID_8972547506863523;0.7372;0.7388;0.8000;0.7000;0.7500;0.1176;0.2059;0.4412;0.1880;0.8257;0.5755;7;15;0.3654;0.8440;0.4704;Qwen 2.5-1.5B
ID_6349130857434487;0.2825;0.3431;0.6000;0.4000;0.3000;0.1875;0.2500;0.3750;0.1760;0.4000;0.6463;4;6;0.2232;0.8000;0.6223;Qwen 2.5-1.5B
ID_3155603065610018;0.4766;0.4077;0.4000;0.6000;0.4000;0.0741;0.2222;0.2963;0.1431;0.5294;0.6827;6;9;0.1821;0.7647;0.6727;Qwen 2.5-1.5B
ID_6004516715704075;0.3249;0.4927;0.4000;0.2000;0.2500;0.2500;0.2500;0.6250;0.2083;0.8387;0.6649;3;6;0.2993;0.9677;0.6438;Qwen 2.5-1.5B
ID_2460757456354875;0.2325;0.2810;0.2000;0.3000;0.3000;0.0435;0.1304;0.2609;0.0384;0.7222;0.5980;5;9;0.0818;0.7222;0.4581;Qwen 2.5-1.5B
ID_7741121296126010;0.4386;0.3202;0.4000;0.4000;0.2000;0.0800;0.1600;0.1600;0.0888;0.1923;0.7103;6;6;0.0888;0.3077;0.7048;Qwen 2.5-1.5B
ID_0521334155968808;0.2356;0.1761;0.4000;0.4000;0.2000;0.0833;0.1667;0.1667;0.0764;0.6071;0.6440;4;4;0.0764;0.6071;0.6621;Qwen 2.5-1.5B
ID_0447358942103110;0.2006;0.1968;0.2000;0.2000;0.1000;0.1000;0.2000;0.2000;0.1200;0.1923;0.5775;3;3;0.1200;0.2115;0.4995;Qwen 2.5-1.5B
ID_1509294900960066;0.6046;0.5266;0.8000;0.6000;0.4000;0.1429;0.2143;0.2857;0.1922;0.2000;0.6904;7;9;0.2387;0.3000;0.7227;Qwen 2.5-1.5B
